"dist","p","n","alpha","is_covered","c_estimate"
"bivt",0.005,3000,"0.05",TRUE,0.00378844031559354
"bivt",0.005,3000,"0.1",TRUE,0.00312499437155879
"bivt",0.005,3000,"0.01",TRUE,0.00584946554356928
"bivt",0.005,3000,"0.05",TRUE,0.00670102981927344
"bivt",0.005,3000,"0.1",TRUE,0.00628949388767492
"bivt",0.005,3000,"0.01",TRUE,0.00781130451087058
"bivt",0.005,3000,"0.05",TRUE,0.00408483825535135
"bivt",0.005,3000,"0.1",TRUE,0.00325125715276574
"bivt",0.005,3000,"0.01",TRUE,0.00615877070094645
"bivt",0.005,3000,"0.05",TRUE,0.00326223313280488
"bivt",0.005,3000,"0.1",TRUE,0.00278405698723112
"bivt",0.005,3000,"0.01",TRUE,0.00399411434751452
"bivt",0.005,3000,"0.05",TRUE,0.00333677790015074
"bivt",0.005,3000,"0.1",TRUE,0.00259232070137127
"bivt",0.005,3000,"0.01",TRUE,0.00389566976233395
"bivt",0.005,3000,"0.05",TRUE,0.00412357530473219
"bivt",0.005,3000,"0.1",TRUE,0.00341669684262165
"bivt",0.005,3000,"0.01",TRUE,0.0062659664638817
"bivt",0.005,3000,"0.05",TRUE,0.00702332833896652
"bivt",0.005,3000,"0.1",TRUE,0.00643921745184984
"bivt",0.005,3000,"0.01",TRUE,0.00952718197760689
"bivt",0.005,3000,"0.05",TRUE,0.00619416100359285
"bivt",0.005,3000,"0.1",TRUE,0.00576100910842363
"bivt",0.005,3000,"0.01",TRUE,0.00722465683313169
"bivt",0.005,3000,"0.05",TRUE,0.00270305907172997
"bivt",0.005,3000,"0.1",TRUE,0.00250771604938272
"bivt",0.005,3000,"0.01",TRUE,0.00419922753038075
"bivt",0.005,3000,"0.05",TRUE,0.0025879917184265
"bivt",0.005,3000,"0.1",FALSE,0.00240562546262028
"bivt",0.005,3000,"0.01",TRUE,0.00307351556516098
"bivt",0.005,3000,"0.05",TRUE,0.00294010958032726
"bivt",0.005,3000,"0.1",TRUE,0.002657629821937
"bivt",0.005,3000,"0.01",TRUE,0.00444584397097255
"bivt",0.005,3000,"0.05",FALSE,0.0021687708563464
"bivt",0.005,3000,"0.1",FALSE,0.00203659887987061
"bivt",0.005,3000,"0.01",FALSE,0.00240755375200392
"bivt",0.005,3000,"0.05",TRUE,0.0025144696370042
"bivt",0.005,3000,"0.1",TRUE,0.00237748521501383
"bivt",0.005,3000,"0.01",TRUE,0.00272575588136048
"bivt",0.005,3000,"0.05",TRUE,0.00734517215184609
"bivt",0.005,3000,"0.1",TRUE,0.00623673900720504
"bivt",0.005,3000,"0.01",TRUE,0.0110726157103255
"bivt",0.005,3000,"0.05",TRUE,0.00260141715708079
"bivt",0.005,3000,"0.1",TRUE,0.00250599725839616
"bivt",0.005,3000,"0.01",TRUE,0.00294394156631486
"bivt",0.005,3000,"0.05",TRUE,0.00431736909895826
"bivt",0.005,3000,"0.1",TRUE,0.0039760988153455
"bivt",0.005,3000,"0.01",TRUE,0.00607203739795364
"bivt",0.005,3000,"0.05",TRUE,0.00260792429177065
"bivt",0.005,3000,"0.1",TRUE,0.00241062515593703
"bivt",0.005,3000,"0.01",TRUE,0.00397258952645234
"bivt",0.005,3000,"0.05",TRUE,0.00338967730272078
"bivt",0.005,3000,"0.1",TRUE,0.00303187803187803
"bivt",0.005,3000,"0.01",TRUE,0.00400395566193729
"bivt",0.005,3000,"0.05",TRUE,0.00316613037890373
"bivt",0.005,3000,"0.1",TRUE,0.00261111426463076
"bivt",0.005,3000,"0.01",TRUE,0.0046280226773111
"bivt",0.005,3000,"0.05",FALSE,0.00224366855175806
"bivt",0.005,3000,"0.1",FALSE,0.00217031645641862
"bivt",0.005,3000,"0.01",FALSE,0.00249046282431495
"bivt",0.005,3000,"0.05",FALSE,0.00261252684482033
"bivt",0.005,3000,"0.1",FALSE,0.00246006122596919
"bivt",0.005,3000,"0.01",FALSE,0.00271844478164071
"bivt",0.005,3000,"0.05",TRUE,0.00445567962754155
"bivt",0.005,3000,"0.1",TRUE,0.00409065069517138
"bivt",0.005,3000,"0.01",TRUE,0.00535184155399899
"bivt",0.005,3000,"0.05",TRUE,0.00494612445490142
"bivt",0.005,3000,"0.1",TRUE,0.00415247782359413
"bivt",0.005,3000,"0.01",TRUE,0.00641238982739627
"bivt",0.005,3000,"0.05",TRUE,0.00795594690860797
"bivt",0.005,3000,"0.1",TRUE,0.00704575623654347
"bivt",0.005,3000,"0.01",TRUE,0.00944898968379556
"bivt",0.005,3000,"0.05",TRUE,0.00597721344054195
"bivt",0.005,3000,"0.1",TRUE,0.00539525967186302
"bivt",0.005,3000,"0.01",TRUE,0.00700988123643522
"bivt",0.005,3000,"0.05",FALSE,0.00237547946258271
"bivt",0.005,3000,"0.1",FALSE,0.00223998657769487
"bivt",0.005,3000,"0.01",FALSE,0.0026826303311236
"bivt",0.005,3000,"0.05",TRUE,0.00374842171717171
"bivt",0.005,3000,"0.1",TRUE,0.00296437337182467
"bivt",0.005,3000,"0.01",TRUE,0.00447443181818182
"bivt",0.005,3000,"0.05",TRUE,0.00470875479595397
"bivt",0.005,3000,"0.1",TRUE,0.00421227323401237
"bivt",0.005,3000,"0.01",TRUE,0.00738280852219364
"bivt",0.005,3000,"0.05",TRUE,0.00286026849123013
"bivt",0.005,3000,"0.1",TRUE,0.00274055636518398
"bivt",0.005,3000,"0.01",TRUE,0.00314869881581768
"bivt",0.005,3000,"0.05",TRUE,0.00344141433304949
"bivt",0.005,3000,"0.1",FALSE,0.00282982045277126
"bivt",0.005,3000,"0.01",TRUE,0.00421816756020281
"bivt",0.005,3000,"0.05",TRUE,0.00250925639470085
"bivt",0.005,3000,"0.1",TRUE,0.00239726027397261
"bivt",0.005,3000,"0.01",TRUE,0.00270927772050838
"bivt",0.005,3000,"0.05",TRUE,0.00834517752749702
"bivt",0.005,3000,"0.1",TRUE,0.00748441821552546
"bivt",0.005,3000,"0.01",TRUE,0.0105508179603202
"bivt",0.005,3000,"0.05",TRUE,0.00535853261262489
"bivt",0.005,3000,"0.1",TRUE,0.00496500626822916
"bivt",0.005,3000,"0.01",TRUE,0.00603410114028925
"bivt",0.005,3000,"0.05",TRUE,0.00365510109474737
"bivt",0.005,3000,"0.1",FALSE,0.00312094482498068
"bivt",0.005,3000,"0.01",TRUE,0.00497148800185186
"bivt",0.005,3000,"0.05",TRUE,0.00394370027877884
"bivt",0.005,3000,"0.1",TRUE,0.0035994764397906
"bivt",0.005,3000,"0.01",TRUE,0.00550305139256857
"bivt",0.005,3000,"0.05",FALSE,0.00252990229915728
"bivt",0.005,3000,"0.1",FALSE,0.00231219812968863
"bivt",0.005,3000,"0.01",TRUE,0.00428949312489575
"bivt",0.005,3000,"0.05",TRUE,0.00251521490161838
"bivt",0.005,3000,"0.1",TRUE,0.00238259272017454
"bivt",0.005,3000,"0.01",TRUE,0.00349763872491145
"bivt",0.005,3000,"0.05",TRUE,0.00344908219338242
"bivt",0.005,3000,"0.1",TRUE,0.0028898630552327
"bivt",0.005,3000,"0.01",TRUE,0.00440364233467684
"bivt",0.005,3000,"0.05",TRUE,0.00231639705323917
"bivt",0.005,3000,"0.1",TRUE,0.00227414058043263
"bivt",0.005,3000,"0.01",TRUE,0.00244353069061186
"bivt",0.005,3000,"0.05",TRUE,0.00273318507167019
"bivt",0.005,3000,"0.1",TRUE,0.00266606460042658
"bivt",0.005,3000,"0.01",TRUE,0.00293647888577241
"bivt",0.005,3000,"0.05",TRUE,0.00246979325442152
"bivt",0.005,3000,"0.1",TRUE,0.00239143627080615
"bivt",0.005,3000,"0.01",TRUE,0.00296790552505172
"bivt",0.005,3000,"0.05",TRUE,0.00400338399250686
"bivt",0.005,3000,"0.1",TRUE,0.00333680917622524
"bivt",0.005,3000,"0.01",TRUE,0.00512967136466075
"bivt",0.005,3000,"0.05",TRUE,0.00616449923999322
"bivt",0.005,3000,"0.1",TRUE,0.0053189064328374
"bivt",0.005,3000,"0.01",TRUE,0.00720725374105593
"bivt",0.005,3000,"0.05",TRUE,0.00457365490079829
"bivt",0.005,3000,"0.1",TRUE,0.0040604669310129
"bivt",0.005,3000,"0.01",TRUE,0.00573009838998212
"bivt",0.005,3000,"0.05",FALSE,0.00322104870564702
"bivt",0.005,3000,"0.1",FALSE,0.00254760679361812
"bivt",0.005,3000,"0.01",TRUE,0.00440101244939494
"bivt",0.005,3000,"0.05",TRUE,0.00239473279362169
"bivt",0.005,3000,"0.1",TRUE,0.00223636013109697
"bivt",0.005,3000,"0.01",TRUE,0.00289524209823351
"bivt",0.005,3000,"0.05",TRUE,0.00654947686022046
"bivt",0.005,3000,"0.1",TRUE,0.00519325908896266
"bivt",0.005,3000,"0.01",TRUE,0.00877111056066078
"bivt",0.005,3000,"0.05",TRUE,0.00425875140811165
"bivt",0.005,3000,"0.1",TRUE,0.00398129816814818
"bivt",0.005,3000,"0.01",TRUE,0.00569536771173677
"bivt",0.005,3000,"0.05",TRUE,0.00517734220044334
"bivt",0.005,3000,"0.1",TRUE,0.00474506596648223
"bivt",0.005,3000,"0.01",TRUE,0.00631287894944533
"bivt",0.005,3000,"0.05",TRUE,0.00556996237992621
"bivt",0.005,3000,"0.1",TRUE,0.00464075125573269
"bivt",0.005,3000,"0.01",TRUE,0.00829549555996505
"bivt",0.005,3000,"0.05",TRUE,0.0046428863383397
"bivt",0.005,3000,"0.1",TRUE,0.00364041414271694
"bivt",0.005,3000,"0.01",TRUE,0.00699483427468797
"bivt",0.005,3000,"0.05",TRUE,0.00427845066346989
"bivt",0.005,3000,"0.1",TRUE,0.00387213709013015
"bivt",0.005,3000,"0.01",TRUE,0.00496581845771198
"bivt",0.005,3000,"0.05",FALSE,0.00260842382816073
"bivt",0.005,3000,"0.1",FALSE,0.00228973784200684
"bivt",0.005,3000,"0.01",TRUE,0.0036766586526165
"bivt",0.005,3000,"0.05",TRUE,0.0056990932847161
"bivt",0.005,3000,"0.1",TRUE,0.00482308921272862
"bivt",0.005,3000,"0.01",TRUE,0.00721693038807053
"bivt",0.005,3000,"0.05",TRUE,0.00352042541649673
"bivt",0.005,3000,"0.1",TRUE,0.00315341023897657
"bivt",0.005,3000,"0.01",TRUE,0.00432784396185315
"bivt",0.005,3000,"0.05",TRUE,0.00380067788088955
"bivt",0.005,3000,"0.1",TRUE,0.00288474402425973
"bivt",0.005,3000,"0.01",TRUE,0.00479148803799487
"bivt",0.005,3000,"0.05",TRUE,0.00328747308381412
"bivt",0.005,3000,"0.1",TRUE,0.00307324016563148
"bivt",0.005,3000,"0.01",TRUE,0.00451878118429724
"bivt",0.005,3000,"0.05",FALSE,0.00326250776276023
"bivt",0.005,3000,"0.1",FALSE,0.00296502558945997
"bivt",0.005,3000,"0.01",FALSE,0.00459601782320134
"bivt",0.005,3000,"0.05",TRUE,0.0106195673316764
"bivt",0.005,3000,"0.1",TRUE,0.00830587908242616
"bivt",0.005,3000,"0.01",TRUE,0.0130084641697416
"bivt",0.005,3000,"0.05",TRUE,0.00681664422925793
"bivt",0.005,3000,"0.1",TRUE,0.00557963732357397
"bivt",0.005,3000,"0.01",TRUE,0.00949657705793956
"bivt",0.005,3000,"0.05",TRUE,0.00570230058333881
"bivt",0.005,3000,"0.1",TRUE,0.00458447132266875
"bivt",0.005,3000,"0.01",TRUE,0.00766773162939297
"bivt",0.005,3000,"0.05",TRUE,0.00573989816488158
"bivt",0.005,3000,"0.1",TRUE,0.00498989138686646
"bivt",0.005,3000,"0.01",TRUE,0.00760471399206114
"bivt",0.005,3000,"0.05",TRUE,0.00293727903492316
"bivt",0.005,3000,"0.1",TRUE,0.00277246718963676
"bivt",0.005,3000,"0.01",TRUE,0.00321782501119716
"bivt",0.005,3000,"0.05",TRUE,0.00653331582765428
"bivt",0.005,3000,"0.1",TRUE,0.00586685298873479
"bivt",0.005,3000,"0.01",TRUE,0.00727686717290495
"bivt",0.005,3000,"0.05",TRUE,0.00370915834833362
"bivt",0.005,3000,"0.1",TRUE,0.00320838839086251
"bivt",0.005,3000,"0.01",TRUE,0.00454380225372591
"bivt",0.005,3000,"0.05",FALSE,0.00285101613139043
"bivt",0.005,3000,"0.1",FALSE,0.00255520561187837
"bivt",0.005,3000,"0.01",TRUE,0.00370071560079436
"bivt",0.005,3000,"0.05",TRUE,0.00343227692141632
"bivt",0.005,3000,"0.1",TRUE,0.00277126605971397
"bivt",0.005,3000,"0.01",TRUE,0.00556328233657857
"bivt",0.005,3000,"0.05",TRUE,0.00671508157580577
"bivt",0.005,3000,"0.1",TRUE,0.00610911374130351
"bivt",0.005,3000,"0.01",TRUE,0.00788349908505884
"bivt",0.005,3000,"0.05",TRUE,0.00638148518431855
"bivt",0.005,3000,"0.1",TRUE,0.00563643904669737
"bivt",0.005,3000,"0.01",TRUE,0.00809545568249631
"bivt",0.005,3000,"0.05",TRUE,0.00306501331091495
"bivt",0.005,3000,"0.1",TRUE,0.00238536640483436
"bivt",0.005,3000,"0.01",TRUE,0.00416333829786915
"bivt",0.005,3000,"0.05",TRUE,0.00559124918672738
"bivt",0.005,3000,"0.1",TRUE,0.00461747984834193
"bivt",0.005,3000,"0.01",TRUE,0.00735429306857878
"bivt",0.005,3000,"0.05",TRUE,0.00302331467784124
"bivt",0.005,3000,"0.1",TRUE,0.00283656554276978
"bivt",0.005,3000,"0.01",TRUE,0.00411932436946778
"bivt",0.005,3000,"0.05",TRUE,0.00574551569506726
"bivt",0.005,3000,"0.1",TRUE,0.00444170410416743
"bivt",0.005,3000,"0.01",TRUE,0.0072555774813188
"bivt",0.005,3000,"0.05",TRUE,0.00309548008316523
"bivt",0.005,3000,"0.1",TRUE,0.00260421461782664
"bivt",0.005,3000,"0.01",TRUE,0.00391146237668085
"bivt",0.005,3000,"0.05",TRUE,0.00560616509136065
"bivt",0.005,3000,"0.1",TRUE,0.0051096303645379
"bivt",0.005,3000,"0.01",TRUE,0.00772870950120973
"bivt",0.005,3000,"0.05",TRUE,0.00306647970750502
"bivt",0.005,3000,"0.1",TRUE,0.00247128019374836
"bivt",0.005,3000,"0.01",TRUE,0.00396180098811978
"bivt",0.005,3000,"0.05",TRUE,0.0055755055755056
"bivt",0.005,3000,"0.1",TRUE,0.00508562059752246
"bivt",0.005,3000,"0.01",TRUE,0.00674559111689707
"bivt",0.005,3000,"0.05",TRUE,0.00224037762180495
"bivt",0.005,3000,"0.1",TRUE,0.00217455368176892
"bivt",0.005,3000,"0.01",TRUE,0.002769392176973
"bivt",0.005,3000,"0.05",TRUE,0.00315681634781469
"bivt",0.005,3000,"0.1",TRUE,0.00287802262915832
"bivt",0.005,3000,"0.01",TRUE,0.00479074743581245
"bivt",0.005,3000,"0.05",TRUE,0.00314495977310545
"bivt",0.005,3000,"0.1",TRUE,0.00306012997665469
"bivt",0.005,3000,"0.01",TRUE,0.00327860061500917
"bivt",0.005,3000,"0.05",TRUE,0.00633781393305011
"bivt",0.005,3000,"0.1",TRUE,0.0053848870056497
"bivt",0.005,3000,"0.01",TRUE,0.0082183361201034
"bivt",0.005,3000,"0.05",FALSE,0.00261096021870706
"bivt",0.005,3000,"0.1",FALSE,0.00236560472707739
"bivt",0.005,3000,"0.01",TRUE,0.00313473224383125
"bivt",0.005,3000,"0.05",TRUE,0.00365510109474737
"bivt",0.005,3000,"0.1",TRUE,0.00308569903592753
"bivt",0.005,3000,"0.01",TRUE,0.00605192152210953
"bivt",0.005,3000,"0.05",TRUE,0.00659824046920817
"bivt",0.005,3000,"0.1",TRUE,0.0060516406670253
"bivt",0.005,3000,"0.01",TRUE,0.00811129917803018
"bivt",0.005,3000,"0.05",TRUE,0.00254273201355362
"bivt",0.005,3000,"0.1",TRUE,0.00227432318583082
"bivt",0.005,3000,"0.01",TRUE,0.00330804866626314
"bivt",0.005,3000,"0.05",TRUE,0.00282326369282891
"bivt",0.005,3000,"0.1",FALSE,0.00247547033936448
"bivt",0.005,3000,"0.01",TRUE,0.00373762405619291
"bivt",0.005,3000,"0.05",TRUE,0.00458451604758894
"bivt",0.005,3000,"0.1",TRUE,0.00438037116941011
"bivt",0.005,3000,"0.01",TRUE,0.00645253799827933
"bivt",0.005,3000,"0.05",TRUE,0.00983258501270408
"bivt",0.005,3000,"0.1",TRUE,0.00900731284680212
"bivt",0.005,3000,"0.01",TRUE,0.0112547374592561
"bivt",0.005,3000,"0.05",TRUE,0.00638350560969706
"bivt",0.005,3000,"0.1",TRUE,0.00568736391620994
"bivt",0.005,3000,"0.01",TRUE,0.00908864623386154
"bivt",0.005,3000,"0.05",TRUE,0.00563418489516765
"bivt",0.005,3000,"0.1",TRUE,0.00464075125573269
"bivt",0.005,3000,"0.01",TRUE,0.00663447459081778
"bivt",0.005,3000,"0.05",TRUE,0.00291059314927736
"bivt",0.005,3000,"0.1",TRUE,0.00260336544150712
"bivt",0.005,3000,"0.01",TRUE,0.00383604334431611
"bivt",0.005,3000,"0.05",TRUE,0.00275695943053111
"bivt",0.005,3000,"0.1",TRUE,0.00260989686952976
"bivt",0.005,3000,"0.01",TRUE,0.00298377867831163
"bivt",0.005,3000,"0.05",TRUE,0.00494993179024421
"bivt",0.005,3000,"0.1",TRUE,0.00418099775961628
"bivt",0.005,3000,"0.01",TRUE,0.00606146410137072
"bivt",0.005,3000,"0.05",TRUE,0.00384821309061704
"bivt",0.005,3000,"0.1",TRUE,0.00370480142264375
"bivt",0.005,3000,"0.01",TRUE,0.00481624184943685
"bivt",0.005,3000,"0.05",TRUE,0.00301705020165242
"bivt",0.005,3000,"0.1",TRUE,0.00257082696294201
"bivt",0.005,3000,"0.01",TRUE,0.00381572092104295
"bivt",0.005,3000,"0.05",TRUE,0.0040718149116975
"bivt",0.005,3000,"0.1",TRUE,0.00306567353983105
"bivt",0.005,3000,"0.01",TRUE,0.00559437779110367
"bivt",0.005,3000,"0.05",TRUE,0.00505610647181631
"bivt",0.005,3000,"0.1",TRUE,0.00459491103573962
"bivt",0.005,3000,"0.01",TRUE,0.00627816174331348
"bivt",0.005,3000,"0.05",TRUE,0.00242949764607613
"bivt",0.005,3000,"0.1",TRUE,0.00220840509079466
"bivt",0.005,3000,"0.01",TRUE,0.00291515919833726
"bivt",0.005,3000,"0.05",TRUE,0.0062460873581424
"bivt",0.005,3000,"0.1",TRUE,0.00586508756675256
"bivt",0.005,3000,"0.01",TRUE,0.00768947583458922
"bivt",0.005,3000,"0.05",TRUE,0.00511975008677541
"bivt",0.005,3000,"0.1",TRUE,0.0036445678583825
"bivt",0.005,3000,"0.01",TRUE,0.0059832944227219
"bivt",0.005,3000,"0.05",FALSE,0.00328141407070353
"bivt",0.005,3000,"0.1",FALSE,0.00265276421715823
"bivt",0.005,3000,"0.01",FALSE,0.00425337722582331
"bivt",0.005,3000,"0.05",TRUE,0.0065811147652284
"bivt",0.005,3000,"0.1",TRUE,0.00574112734864301
"bivt",0.005,3000,"0.01",TRUE,0.00836812461956178
"bivt",0.005,3000,"0.05",TRUE,0.00522284122562674
"bivt",0.005,3000,"0.1",TRUE,0.00409937888198758
"bivt",0.005,3000,"0.01",TRUE,0.00656512605042019
"bivt",0.005,3000,"0.05",TRUE,0.00412894006301755
"bivt",0.005,3000,"0.1",TRUE,0.00374842171717171
"bivt",0.005,3000,"0.01",TRUE,0.00514239853940446
"bivt",0.005,3000,"0.05",TRUE,0.00254244059769147
"bivt",0.005,3000,"0.1",TRUE,0.00242841670615312
"bivt",0.005,3000,"0.01",TRUE,0.0028345187519728
"bivt",0.005,3000,"0.05",TRUE,0.00340143400138218
"bivt",0.005,3000,"0.1",TRUE,0.00292777172647984
"bivt",0.005,3000,"0.01",TRUE,0.00471031559114463
"bivt",0.005,3000,"0.05",TRUE,0.0026642697209783
"bivt",0.005,3000,"0.1",TRUE,0.00253479008106028
"bivt",0.005,3000,"0.01",TRUE,0.00362601301738672
"bivt",0.005,3000,"0.05",TRUE,0.00436323970548132
"bivt",0.005,3000,"0.1",TRUE,0.00369997165979153
"bivt",0.005,3000,"0.01",TRUE,0.00598111782826437
"bivt",0.005,3000,"0.05",FALSE,0.00273094785599105
"bivt",0.005,3000,"0.1",FALSE,0.00261735172316611
"bivt",0.005,3000,"0.01",FALSE,0.00300956238103821
"bivt",0.005,3000,"0.05",TRUE,0.00357928107582964
"bivt",0.005,3000,"0.1",TRUE,0.00262054507337528
"bivt",0.005,3000,"0.01",TRUE,0.00483886574752873
"bivt",0.005,3000,"0.05",TRUE,0.00248174388403117
"bivt",0.005,3000,"0.1",TRUE,0.00221076454982838
"bivt",0.005,3000,"0.01",TRUE,0.00343409580121907
"bivt",0.005,3000,"0.05",TRUE,0.00293642636910879
"bivt",0.005,3000,"0.1",TRUE,0.00278857321540248
"bivt",0.005,3000,"0.01",TRUE,0.00344827586206896
"bivt",0.005,3000,"0.05",TRUE,0.00299596543321661
"bivt",0.005,3000,"0.1",TRUE,0.00275588496268072
"bivt",0.005,3000,"0.01",TRUE,0.00361431124001848
"bivt",0.005,3000,"0.05",TRUE,0.00266238376422103
"bivt",0.005,3000,"0.1",TRUE,0.00253330886331609
"bivt",0.005,3000,"0.01",TRUE,0.00293963940423308
"bivt",0.005,3000,"0.05",TRUE,0.00323680397960731
"bivt",0.005,3000,"0.1",TRUE,0.00289314804399478
"bivt",0.005,3000,"0.01",TRUE,0.00445660466582141
"bivt",0.005,3000,"0.05",TRUE,0.00446109921484652
"bivt",0.005,3000,"0.1",TRUE,0.00408095078993843
"bivt",0.005,3000,"0.01",TRUE,0.00564290499258209
"bivt",0.005,3000,"0.05",TRUE,0.0027033115566569
"bivt",0.005,3000,"0.1",FALSE,0.00225228759847221
"bivt",0.005,3000,"0.01",TRUE,0.00461606199200221
"bivt",0.005,3000,"0.05",FALSE,0.00279247501469724
"bivt",0.005,3000,"0.1",FALSE,0.00249116365867635
"bivt",0.005,3000,"0.01",TRUE,0.00345260197102099
"bivt",0.005,3000,"0.05",TRUE,0.00968570537862334
"bivt",0.005,3000,"0.1",TRUE,0.00875257696517522
"bivt",0.005,3000,"0.01",TRUE,0.0122368558931579
"bivt",0.005,3000,"0.05",TRUE,0.00258389279072125
"bivt",0.005,3000,"0.1",TRUE,0.00231219812968863
"bivt",0.005,3000,"0.01",TRUE,0.00408313846450209
"bivt",0.005,3000,"0.05",TRUE,0.00255240955103344
"bivt",0.005,3000,"0.1",TRUE,0.00237887285096994
"bivt",0.005,3000,"0.01",TRUE,0.00277671134036381
"bivt",0.005,3000,"0.05",TRUE,0.00247497154440732
"bivt",0.005,3000,"0.1",TRUE,0.00236023694927805
"bivt",0.005,3000,"0.01",TRUE,0.00274469637633135
"bivt",0.005,3000,"0.05",TRUE,0.00462645329903668
"bivt",0.005,3000,"0.1",TRUE,0.00385431661077947
"bivt",0.005,3000,"0.01",TRUE,0.00604033899512506
"bivt",0.005,3000,"0.05",TRUE,0.00380505438056887
"bivt",0.005,3000,"0.1",TRUE,0.00335878257050213
"bivt",0.005,3000,"0.01",TRUE,0.00473254601787934
"bivt",0.005,3000,"0.05",FALSE,0.00395642201834862
"bivt",0.005,3000,"0.1",FALSE,0.0035301219154987
"bivt",0.005,3000,"0.01",FALSE,0.00456874361070697
"bivt",0.005,3000,"0.05",TRUE,0.00361999496348526
"bivt",0.005,3000,"0.1",TRUE,0.00330064126744625
"bivt",0.005,3000,"0.01",TRUE,0.00465228202454483
"bivt",0.005,3000,"0.05",FALSE,0.00271192315456318
"bivt",0.005,3000,"0.1",FALSE,0.00249586574385987
"bivt",0.005,3000,"0.01",TRUE,0.00312981250280068
"bivt",0.005,3000,"0.05",TRUE,0.00272638541274749
"bivt",0.005,3000,"0.1",TRUE,0.00254715655351176
"bivt",0.005,3000,"0.01",TRUE,0.00303849950641659
"bivt",0.005,3000,"0.05",TRUE,0.00279189618855312
"bivt",0.005,3000,"0.1",TRUE,0.00254535357275083
"bivt",0.005,3000,"0.01",TRUE,0.0038860103626943
"bivt",0.005,3000,"0.05",TRUE,0.00515062143930483
"bivt",0.005,3000,"0.1",TRUE,0.00458953931416694
"bivt",0.005,3000,"0.01",TRUE,0.00648541662508344
"bivt",0.005,3000,"0.05",FALSE,0.00261679434154511
"bivt",0.005,3000,"0.1",FALSE,0.00249128582288023
"bivt",0.005,3000,"0.01",TRUE,0.00365116384385472
"bivt",0.005,3000,"0.05",TRUE,0.00438094823158555
"bivt",0.005,3000,"0.1",TRUE,0.0037963329391595
"bivt",0.005,3000,"0.01",TRUE,0.00556792873051224
"bivt",0.005,3000,"0.05",TRUE,0.00241640543364681
"bivt",0.005,3000,"0.1",TRUE,0.00229549193085974
"bivt",0.005,3000,"0.01",TRUE,0.00257025359835504
"bivt",0.005,3000,"0.05",TRUE,0.00279115169519229
"bivt",0.005,3000,"0.1",TRUE,0.00243399526326298
"bivt",0.005,3000,"0.01",TRUE,0.00414595092295269
"bivt",0.005,3000,"0.05",TRUE,0.00472277739477477
"bivt",0.005,3000,"0.1",TRUE,0.00432542119456387
"bivt",0.005,3000,"0.01",TRUE,0.00661564898290779
"bivt",0.005,3000,"0.05",TRUE,0.00290627377846508
"bivt",0.005,3000,"0.1",FALSE,0.00245435536515707
"bivt",0.005,3000,"0.01",TRUE,0.00432624850595022
"bivt",0.005,3000,"0.05",TRUE,0.00254799286109023
"bivt",0.005,3000,"0.1",TRUE,0.00247055103170211
"bivt",0.005,3000,"0.01",TRUE,0.00267588118657528
"bivt",0.005,3000,"0.05",TRUE,0.00422780024478916
"bivt",0.005,3000,"0.1",TRUE,0.00333079754096676
"bivt",0.005,3000,"0.01",TRUE,0.00516802316872223
"bivt",0.005,3000,"0.05",TRUE,0.00433186231130706
"bivt",0.005,3000,"0.1",TRUE,0.00400641859198726
"bivt",0.005,3000,"0.01",TRUE,0.00555994956890813
"bivt",0.005,3000,"0.05",FALSE,0.00249264997493714
"bivt",0.005,3000,"0.1",FALSE,0.00241046831955923
"bivt",0.005,3000,"0.01",FALSE,0.00267866915494071
"bivt",0.005,3000,"0.05",TRUE,0.00615869276485601
"bivt",0.005,3000,"0.1",TRUE,0.0055444594314173
"bivt",0.005,3000,"0.01",TRUE,0.00849839077766095
"bivt",0.005,3000,"0.05",TRUE,0.00531207041086388
"bivt",0.005,3000,"0.1",TRUE,0.00463292943692087
"bivt",0.005,3000,"0.01",TRUE,0.00677273247021596
"bivt",0.005,3000,"0.05",TRUE,0.0053008524023712
"bivt",0.005,3000,"0.1",TRUE,0.00489635360093338
"bivt",0.005,3000,"0.01",TRUE,0.00606227889685327
"bivt",0.005,3000,"0.05",TRUE,0.00746227402691333
"bivt",0.005,3000,"0.1",TRUE,0.00655866252890501
"bivt",0.005,3000,"0.01",TRUE,0.00962004809573474
"bivt",0.005,3000,"0.05",TRUE,0.00434649382831184
"bivt",0.005,3000,"0.1",TRUE,0.00405108028807683
"bivt",0.005,3000,"0.01",TRUE,0.0050561064718163
"bivt",0.005,3000,"0.05",TRUE,0.00300864033504598
"bivt",0.005,3000,"0.1",TRUE,0.00287106746082382
"bivt",0.005,3000,"0.01",TRUE,0.00373736515756394
"bivt",0.005,3000,"0.05",TRUE,0.0065056443336754
"bivt",0.005,3000,"0.1",TRUE,0.00610806855200411
"bivt",0.005,3000,"0.01",TRUE,0.00853591860927876
"bivt",0.005,3000,"0.05",TRUE,0.00484693877551019
"bivt",0.005,3000,"0.1",TRUE,0.00434974569395131
"bivt",0.005,3000,"0.01",TRUE,0.00590187806656199
"bivt",0.005,3000,"0.05",TRUE,0.00262998639162101
"bivt",0.005,3000,"0.1",TRUE,0.00250612737675844
"bivt",0.005,3000,"0.01",TRUE,0.00286067690969249
"bivt",0.005,3000,"0.05",TRUE,0.00330791340454217
"bivt",0.005,3000,"0.1",TRUE,0.00284927647586118
"bivt",0.005,3000,"0.01",TRUE,0.00469417883826653
"bivt",0.005,3000,"0.05",TRUE,0.00259528731620443
"bivt",0.005,3000,"0.1",TRUE,0.00249357343416829
"bivt",0.005,3000,"0.01",TRUE,0.00286644907533113
"bivt",0.005,3000,"0.05",TRUE,0.00274764133763087
"bivt",0.005,3000,"0.1",TRUE,0.00254763529623881
"bivt",0.005,3000,"0.01",TRUE,0.00341265996550073
"bivt",0.005,3000,"0.05",TRUE,0.00328022492970948
"bivt",0.005,3000,"0.1",TRUE,0.0028971050924393
"bivt",0.005,3000,"0.01",TRUE,0.00415509648135922
"bivt",0.005,3000,"0.05",TRUE,0.00639100543545706
"bivt",0.005,3000,"0.1",TRUE,0.00562223968352886
"bivt",0.005,3000,"0.01",TRUE,0.00802446278383495
"bivt",0.005,3000,"0.05",FALSE,0.00238286528137896
"bivt",0.005,3000,"0.1",FALSE,0.00222828882697783
"bivt",0.005,3000,"0.01",TRUE,0.00314731405671064
"bivt",0.005,3000,"0.05",TRUE,0.00708909658531183
"bivt",0.005,3000,"0.1",TRUE,0.006620467627413
"bivt",0.005,3000,"0.01",TRUE,0.0105763238261509
"bivt",0.005,3000,"0.05",TRUE,0.00442311311876531
"bivt",0.005,3000,"0.1",TRUE,0.00401484357987951
"bivt",0.005,3000,"0.01",TRUE,0.00559402612120624
"bivt",0.005,3000,"0.05",TRUE,0.00637444076419429
"bivt",0.005,3000,"0.1",TRUE,0.00604143473892855
"bivt",0.005,3000,"0.01",TRUE,0.00715908582451293
"bivt",0.005,3000,"0.05",TRUE,0.00331797012620351
"bivt",0.005,3000,"0.1",TRUE,0.00303399118790306
"bivt",0.005,3000,"0.01",TRUE,0.00402114026808145
"bivt",0.005,3000,"0.05",TRUE,0.00268169877408056
"bivt",0.005,3000,"0.1",TRUE,0.00255767454606352
"bivt",0.005,3000,"0.01",TRUE,0.00326814473959422
"bivt",0.005,3000,"0.05",TRUE,0.00302331467784124
"bivt",0.005,3000,"0.1",TRUE,0.00259658944421938
"bivt",0.005,3000,"0.01",TRUE,0.0046885934219734
"bivt",0.005,3000,"0.05",TRUE,0.00255125960265767
"bivt",0.005,3000,"0.1",TRUE,0.00244823141436631
"bivt",0.005,3000,"0.01",TRUE,0.00283155000136132
"bivt",0.005,3000,"0.05",TRUE,0.00525855337849787
"bivt",0.005,3000,"0.1",TRUE,0.00439616147774395
"bivt",0.005,3000,"0.01",TRUE,0.00709802749551701
"bivt",0.005,3000,"0.05",TRUE,0.00244312480342674
"bivt",0.005,3000,"0.1",TRUE,0.00230001238940632
"bivt",0.005,3000,"0.01",TRUE,0.00272363711351876
"bivt",0.005,3000,"0.05",TRUE,0.00423110239162537
"bivt",0.005,3000,"0.1",TRUE,0.00392644861925003
"bivt",0.005,3000,"0.01",TRUE,0.00522295719955406
"bivt",0.005,3000,"0.05",TRUE,0.00321881417256103
"bivt",0.005,3000,"0.1",TRUE,0.00267146334715577
"bivt",0.005,3000,"0.01",TRUE,0.00585921151753577
"bivt",0.005,3000,"0.05",TRUE,0.00651370303215718
"bivt",0.005,3000,"0.1",TRUE,0.0053466643497788
"bivt",0.005,3000,"0.01",TRUE,0.00864670854066405
"bivt",0.005,3000,"0.05",TRUE,0.00464028308440432
"bivt",0.005,3000,"0.1",TRUE,0.00432525951557092
"bivt",0.005,3000,"0.01",TRUE,0.00594370652901567
"bivt",0.005,3000,"0.05",TRUE,0.00447556246616768
"bivt",0.005,3000,"0.1",TRUE,0.00373580394500899
"bivt",0.005,3000,"0.01",TRUE,0.00575853783141533
"bivt",0.005,3000,"0.05",TRUE,0.00378928704206825
"bivt",0.005,3000,"0.1",TRUE,0.00343368860564774
"bivt",0.005,3000,"0.01",TRUE,0.00504721892706951
"bivt",0.005,3000,"0.05",TRUE,0.00586510263929621
"bivt",0.005,3000,"0.1",TRUE,0.00538277511961724
"bivt",0.005,3000,"0.01",TRUE,0.0088760624670654
"bivt",0.005,3000,"0.05",TRUE,0.00779244521101385
"bivt",0.005,3000,"0.1",TRUE,0.00648079278963948
"bivt",0.005,3000,"0.01",TRUE,0.00943947777462713
"bivt",0.005,3000,"0.05",FALSE,0.00270387194462472
"bivt",0.005,3000,"0.1",FALSE,0.00236936252617788
"bivt",0.005,3000,"0.01",FALSE,0.00364375940709129
"bivt",0.005,3000,"0.05",TRUE,0.00372487648413048
"bivt",0.005,3000,"0.1",TRUE,0.00299138197098835
"bivt",0.005,3000,"0.01",TRUE,0.0052703632700608
"bivt",0.005,3000,"0.05",TRUE,0.00288458413234959
"bivt",0.005,3000,"0.1",TRUE,0.00244094876473199
"bivt",0.005,3000,"0.01",TRUE,0.00410581726704147
"bivt",0.005,3000,"0.05",FALSE,0.00282511899278366
"bivt",0.005,3000,"0.1",FALSE,0.00272135771010118
"bivt",0.005,3000,"0.01",FALSE,0.00308391581844497
"bivt",0.005,3000,"0.05",TRUE,0.00239444269117011
"bivt",0.005,3000,"0.1",FALSE,0.00225484331083429
"bivt",0.005,3000,"0.01",TRUE,0.00279449687364224
"bivt",0.005,3000,"0.05",TRUE,0.00595662161783251
"bivt",0.005,3000,"0.1",TRUE,0.00524109014675052
"bivt",0.005,3000,"0.01",TRUE,0.00750120709079624
"bivt",0.005,3000,"0.05",TRUE,0.00368384141100501
"bivt",0.005,3000,"0.1",TRUE,0.0031755469522896
"bivt",0.005,3000,"0.01",TRUE,0.0045730454084569
"bivt",0.005,3000,"0.05",TRUE,0.00356957933880407
"bivt",0.005,3000,"0.1",TRUE,0.00330500495806804
"bivt",0.005,3000,"0.01",TRUE,0.0048329510117698
"bivt",0.005,3000,"0.05",TRUE,0.00268212079461643
"bivt",0.005,3000,"0.1",TRUE,0.00238842916812554
"bivt",0.005,3000,"0.01",TRUE,0.00361223463258588
"bivt",0.005,3000,"0.05",TRUE,0.00460585046511327
"bivt",0.005,3000,"0.1",TRUE,0.00435919790758499
"bivt",0.005,3000,"0.01",TRUE,0.00590874161363675
"bivt",0.005,3000,"0.05",TRUE,0.00564521992831493
"bivt",0.005,3000,"0.1",TRUE,0.00450138504155124
"bivt",0.005,3000,"0.01",TRUE,0.00693315547049823
"bivt",0.005,3000,"0.05",TRUE,0.00240634755463062
"bivt",0.005,3000,"0.1",FALSE,0.00220473638195158
"bivt",0.005,3000,"0.01",TRUE,0.00300410751832754
"bivt",0.005,3000,"0.05",TRUE,0.00302305033179543
"bivt",0.005,3000,"0.1",FALSE,0.00270523733948925
"bivt",0.005,3000,"0.01",TRUE,0.0046680006055485
"bivt",0.005,3000,"0.05",TRUE,0.00339647249913956
"bivt",0.005,3000,"0.1",TRUE,0.00291087256515047
"bivt",0.005,3000,"0.01",TRUE,0.00420604341726285
"bivt",0.005,3000,"0.05",TRUE,0.00428821704253666
"bivt",0.005,3000,"0.1",FALSE,0.00356071964017991
"bivt",0.005,3000,"0.01",TRUE,0.00561145382553534
"bivt",0.005,3000,"0.05",TRUE,0.00563631022343618
"bivt",0.005,3000,"0.1",TRUE,0.00516012873822789
"bivt",0.005,3000,"0.01",TRUE,0.00762712152021592
"bivt",0.005,3000,"0.05",TRUE,0.00517708932533488
"bivt",0.005,3000,"0.1",TRUE,0.00449377784605931
"bivt",0.005,3000,"0.01",TRUE,0.00721436984687866
"bivt",0.005,3000,"0.05",FALSE,0.00322110938020958
"bivt",0.005,3000,"0.1",FALSE,0.00312423437788322
"bivt",0.005,3000,"0.01",FALSE,0.00339795378459239
"bivt",0.005,3000,"0.05",TRUE,0.00346271630891276
"bivt",0.005,3000,"0.1",TRUE,0.0029120107388406
"bivt",0.005,3000,"0.01",TRUE,0.00507554750313024
"bivt",0.005,3000,"0.05",TRUE,0.00453367875647667
"bivt",0.005,3000,"0.1",TRUE,0.00357079376364837
"bivt",0.005,3000,"0.01",TRUE,0.00596625110585483
"bivt",0.005,3000,"0.05",FALSE,0.00295451281314758
"bivt",0.005,3000,"0.1",FALSE,0.00239110236650818
"bivt",0.005,3000,"0.01",FALSE,0.00350214845267643
"bivt",0.005,3000,"0.05",TRUE,0.00250767782841292
"bivt",0.005,3000,"0.1",TRUE,0.00236525108266552
"bivt",0.005,3000,"0.01",TRUE,0.0029275266007625
"bivt",0.005,3000,"0.05",TRUE,0.0033709017895092
"bivt",0.005,3000,"0.1",TRUE,0.00259470820545711
"bivt",0.005,3000,"0.01",TRUE,0.00410219991880785
"bivt",0.005,3000,"0.05",TRUE,0.00282081499328703
"bivt",0.005,3000,"0.1",TRUE,0.00266989314379092
"bivt",0.005,3000,"0.01",TRUE,0.00296610597335924
"bivt",0.005,3000,"0.05",TRUE,0.00249056562911146
"bivt",0.005,3000,"0.1",TRUE,0.00237386984066981
"bivt",0.005,3000,"0.01",TRUE,0.00284393885531462
"bivt",0.005,3000,"0.05",TRUE,0.00670406426733747
"bivt",0.005,3000,"0.1",TRUE,0.00579898954593117
"bivt",0.005,3000,"0.01",TRUE,0.00806008197540734
"bivt",0.005,3000,"0.05",TRUE,0.00270279695891749
"bivt",0.005,3000,"0.1",TRUE,0.00264635219676966
"bivt",0.005,3000,"0.01",TRUE,0.00280836741369322
"bivt",0.005,3000,"0.05",TRUE,0.00239512547443666
"bivt",0.005,3000,"0.1",TRUE,0.00206545977517088
"bivt",0.005,3000,"0.01",TRUE,0.00344235925394079
"bivt",0.005,3000,"0.05",TRUE,0.00760857536999688
"bivt",0.005,3000,"0.1",TRUE,0.00680425185375681
"bivt",0.005,3000,"0.01",TRUE,0.0102653073426224
"bivt",0.005,3000,"0.05",TRUE,0.00383637089823634
"bivt",0.005,3000,"0.1",TRUE,0.00357259513310471
"bivt",0.005,3000,"0.01",TRUE,0.00558416242002126
"bivt",0.005,3000,"0.05",TRUE,0.00266349957826504
"bivt",0.005,3000,"0.1",TRUE,0.00244511232234731
"bivt",0.005,3000,"0.01",TRUE,0.00374582331906911
"bivt",0.005,3000,"0.05",TRUE,0.00489713430800652
"bivt",0.005,3000,"0.1",TRUE,0.00332794245578797
"bivt",0.005,3000,"0.01",TRUE,0.00993700203319344
"bivt",0.005,3000,"0.05",TRUE,0.00397803406111781
"bivt",0.005,3000,"0.1",TRUE,0.00344515316166627
"bivt",0.005,3000,"0.01",TRUE,0.00486645540968765
"bivt",0.005,3000,"0.05",TRUE,0.00368583559785716
"bivt",0.005,3000,"0.1",TRUE,0.00288877292381093
"bivt",0.005,3000,"0.01",TRUE,0.00500606955091199
"bivt",0.005,3000,"0.05",TRUE,0.00499214305769947
"bivt",0.005,3000,"0.1",TRUE,0.0046604709817145
"bivt",0.005,3000,"0.01",TRUE,0.00638121944204775
"bivt",0.005,3000,"0.05",TRUE,0.00465299567198502
"bivt",0.005,3000,"0.1",TRUE,0.00391364848672258
"bivt",0.005,3000,"0.01",TRUE,0.00519523587750828
"bivt",0.005,3000,"0.05",TRUE,0.00287629204865043
"bivt",0.005,3000,"0.1",FALSE,0.00234012837275645
"bivt",0.005,3000,"0.01",TRUE,0.00410068765377578
"bivt",0.005,3000,"0.05",TRUE,0.0053848870056497
"bivt",0.005,3000,"0.1",TRUE,0.0048634258995916
"bivt",0.005,3000,"0.01",TRUE,0.00763362485623422
"bivt",0.005,3000,"0.05",TRUE,0.00356895013383564
"bivt",0.005,3000,"0.1",TRUE,0.00276876319991758
"bivt",0.005,3000,"0.01",TRUE,0.0051591051703783
"bivt",0.005,3000,"0.05",TRUE,0.00716496763616595
"bivt",0.005,3000,"0.1",TRUE,0.0067137809187279
"bivt",0.005,3000,"0.01",TRUE,0.0088269486493248
"bivt",0.005,3000,"0.05",TRUE,0.00723052513715301
"bivt",0.005,3000,"0.1",TRUE,0.00587287368416436
"bivt",0.005,3000,"0.01",TRUE,0.00833158005470229
"bivt",0.005,3000,"0.05",TRUE,0.00472253404185134
"bivt",0.005,3000,"0.1",TRUE,0.00433112120153683
"bivt",0.005,3000,"0.01",TRUE,0.00623950130168679
"bivt",0.005,3000,"0.05",TRUE,0.00460455572375261
"bivt",0.005,3000,"0.1",TRUE,0.00398109621410591
"bivt",0.005,3000,"0.01",TRUE,0.00694463888399778
"bivt",0.005,3000,"0.05",TRUE,0.00438832474528677
"bivt",0.005,3000,"0.1",TRUE,0.0040130958427048
"bivt",0.005,3000,"0.01",TRUE,0.00585734120097184
"bivt",0.005,3000,"0.05",TRUE,0.00582126344512074
"bivt",0.005,3000,"0.1",TRUE,0.00500138927479854
"bivt",0.005,3000,"0.01",TRUE,0.00789927404718693
"bivt",0.005,3000,"0.05",TRUE,0.00628881987577642
"bivt",0.005,3000,"0.1",TRUE,0.00541531710748022
"bivt",0.005,3000,"0.01",TRUE,0.00815851382577693
"bivt",0.005,3000,"0.05",TRUE,0.00261920155683819
"bivt",0.005,3000,"0.1",TRUE,0.00248340644340517
"bivt",0.005,3000,"0.01",TRUE,0.00325441319385892
"bivt",0.005,3000,"0.05",TRUE,0.00574919151994251
"bivt",0.005,3000,"0.1",TRUE,0.00492551427102398
"bivt",0.005,3000,"0.01",TRUE,0.0072272126214035
"bivt",0.005,3000,"0.05",TRUE,0.00286560628501514
"bivt",0.005,3000,"0.1",TRUE,0.00277019482642236
"bivt",0.005,3000,"0.01",TRUE,0.00302663760496868
"bivt",0.005,3000,"0.05",TRUE,0.00308409808936361
"bivt",0.005,3000,"0.1",TRUE,0.00263070578755273
"bivt",0.005,3000,"0.01",TRUE,0.00387213709013015
"bivt",0.005,3000,"0.05",FALSE,0.0023915570322063
"bivt",0.005,3000,"0.1",FALSE,0.00228037458953258
"bivt",0.005,3000,"0.01",FALSE,0.00262462371624539
"bivt",0.005,3000,"0.05",TRUE,0.00687613408461467
"bivt",0.005,3000,"0.1",TRUE,0.00575347019489349
"bivt",0.005,3000,"0.01",TRUE,0.00856932217151342
"bivt",0.005,3000,"0.05",TRUE,0.00434447899108482
"bivt",0.005,3000,"0.1",TRUE,0.00373690652581004
"bivt",0.005,3000,"0.01",TRUE,0.00579814957011066
"bivt",0.005,3000,"0.05",TRUE,0.00387173632482875
"bivt",0.005,3000,"0.1",TRUE,0.00326615705350936
"bivt",0.005,3000,"0.01",TRUE,0.00538568450312715
"bivt",0.005,3000,"0.05",TRUE,0.00775120377130746
"bivt",0.005,3000,"0.1",TRUE,0.00718853065804891
"bivt",0.005,3000,"0.01",TRUE,0.0100619701713119
"bivt",0.005,3000,"0.05",TRUE,0.00951476237753045
"bivt",0.005,3000,"0.1",TRUE,0.00816416304863199
"bivt",0.005,3000,"0.01",TRUE,0.0112437088436095
"bivt",0.005,3000,"0.05",TRUE,0.00744016739837216
"bivt",0.005,3000,"0.1",TRUE,0.00637270893762547
"bivt",0.005,3000,"0.01",TRUE,0.00840487569834783
"bivt",0.005,3000,"0.05",TRUE,0.00347384160759855
"bivt",0.005,3000,"0.1",TRUE,0.00296049606033663
"bivt",0.005,3000,"0.01",TRUE,0.00451725043207935
"bivt",0.005,3000,"0.05",TRUE,0.00371794406761215
"bivt",0.005,3000,"0.1",TRUE,0.00341669684262165
"bivt",0.005,3000,"0.01",TRUE,0.0050875465678397
"bivt",0.005,3000,"0.05",TRUE,0.00390352004272828
"bivt",0.005,3000,"0.1",TRUE,0.00333853691710846
"bivt",0.005,3000,"0.01",TRUE,0.00503874387992059
"bivt",0.005,3000,"0.05",TRUE,0.00305101293629488
"bivt",0.005,3000,"0.1",TRUE,0.0023521272915946
"bivt",0.005,3000,"0.01",TRUE,0.00387247657596057
"bivt",0.005,3000,"0.05",FALSE,0.00269638827991231
"bivt",0.005,3000,"0.1",FALSE,0.00229173828348802
"bivt",0.005,3000,"0.01",FALSE,0.00328569194889461
"bivt",0.005,3000,"0.05",TRUE,0.00471941597227346
"bivt",0.005,3000,"0.1",TRUE,0.00416926654943559
"bivt",0.005,3000,"0.01",TRUE,0.00580817716349278
"bivt",0.005,3000,"0.05",TRUE,0.00290112093499832
"bivt",0.005,3000,"0.1",TRUE,0.00242467190840416
"bivt",0.005,3000,"0.01",TRUE,0.00465933999584006
"bivt",0.005,3000,"0.05",TRUE,0.00668517364455273
"bivt",0.005,3000,"0.1",TRUE,0.00570392904411041
"bivt",0.005,3000,"0.01",TRUE,0.00852648083060703
"bivt",0.005,3000,"0.05",TRUE,0.00716600070400316
"bivt",0.005,3000,"0.1",TRUE,0.00638240306725342
"bivt",0.005,3000,"0.01",TRUE,0.00844375472239469
"bivt",0.005,3000,"0.05",FALSE,0.00256633330980014
"bivt",0.005,3000,"0.1",FALSE,0.00250452430196484
"bivt",0.005,3000,"0.01",FALSE,0.00283772313482844
"bivt",0.005,3000,"0.05",FALSE,0.00374554102259216
"bivt",0.005,3000,"0.1",FALSE,0.00286212045793927
"bivt",0.005,3000,"0.01",TRUE,0.00480126146848551
"bivt",0.005,3000,"0.05",TRUE,0.00304594640939326
"bivt",0.005,3000,"0.1",TRUE,0.0027367634101407
"bivt",0.005,3000,"0.01",TRUE,0.00447435786185352
"bivt",0.005,3000,"0.05",TRUE,0.00279524807826695
"bivt",0.005,3000,"0.1",FALSE,0.00263172323044026
"bivt",0.005,3000,"0.01",TRUE,0.00390214945565625
"bivt",0.005,3000,"0.05",TRUE,0.00625250570963825
"bivt",0.005,3000,"0.1",TRUE,0.00493139032321419
"bivt",0.005,3000,"0.01",TRUE,0.00930523599655362
"bivt",0.005,3000,"0.05",TRUE,0.00981145449880991
"bivt",0.005,3000,"0.1",TRUE,0.00963804678340545
"bivt",0.005,3000,"0.01",TRUE,0.0114808677152777
"bivt",0.005,3000,"0.05",TRUE,0.00348362426546837
"bivt",0.005,3000,"0.1",TRUE,0.00285546822164443
"bivt",0.005,3000,"0.01",TRUE,0.00453849698695428
"bivt",0.005,3000,"0.05",TRUE,0.00655631210451605
"bivt",0.005,3000,"0.1",TRUE,0.00598104792046345
"bivt",0.005,3000,"0.01",TRUE,0.00821467493697671
"bivt",0.005,3000,"0.05",TRUE,0.00338663113479904
"bivt",0.005,3000,"0.1",TRUE,0.00309713035477538
"bivt",0.005,3000,"0.01",TRUE,0.00400256168420438
"bivt",0.005,3000,"0.05",TRUE,0.00416890801506185
"bivt",0.005,3000,"0.1",FALSE,0.00328442817472034
"bivt",0.005,3000,"0.01",TRUE,0.0053046964796098
"bivt",0.005,3000,"0.05",FALSE,0.00234609993118201
"bivt",0.005,3000,"0.1",FALSE,0.00218653483260419
"bivt",0.005,3000,"0.01",TRUE,0.00286047668642113
"bivt",0.005,3000,"0.05",TRUE,0.00615530303030305
"bivt",0.005,3000,"0.1",TRUE,0.00565929261836607
"bivt",0.005,3000,"0.01",TRUE,0.00818942867658407
"bivt",0.005,3000,"0.05",FALSE,0.00255716011292276
"bivt",0.005,3000,"0.1",FALSE,0.00234779792746114
"bivt",0.005,3000,"0.01",TRUE,0.00401871945449123
"bivt",0.005,3000,"0.05",TRUE,0.00245174901675515
"bivt",0.005,3000,"0.1",TRUE,0.00230558463834622
"bivt",0.005,3000,"0.01",TRUE,0.00320578058212906
"bivt",0.005,3000,"0.05",TRUE,0.0040827667549376
"bivt",0.005,3000,"0.1",TRUE,0.00365987665913455
"bivt",0.005,3000,"0.01",TRUE,0.00546339671515553
"bivt",0.005,3000,"0.05",TRUE,0.00523097216702892
"bivt",0.005,3000,"0.1",TRUE,0.00437340153452687
"bivt",0.005,3000,"0.01",TRUE,0.00735683999100159
"bivt",0.005,3000,"0.05",FALSE,0.00263075433665237
"bivt",0.005,3000,"0.1",FALSE,0.00256060088767498
"bivt",0.005,3000,"0.01",FALSE,0.00284866848753841
"bivt",0.005,3000,"0.05",TRUE,0.00245159523164445
"bivt",0.005,3000,"0.1",TRUE,0.00234856465331886
"bivt",0.005,3000,"0.01",TRUE,0.00297353553374961
"bivt",0.005,3000,"0.05",TRUE,0.00432247561114125
"bivt",0.005,3000,"0.1",TRUE,0.00388494159995467
"bivt",0.005,3000,"0.01",TRUE,0.00503116769675527
"bivt",0.005,3000,"0.05",TRUE,0.00414830123312809
"bivt",0.005,3000,"0.1",TRUE,0.00391718173067745
"bivt",0.005,3000,"0.01",TRUE,0.0061311886102215
"bivt",0.005,3000,"0.05",TRUE,0.00418545322479206
"bivt",0.005,3000,"0.1",TRUE,0.00331797012620351
"bivt",0.005,3000,"0.01",TRUE,0.00477826557733626
"bivt",0.005,3000,"0.05",TRUE,0.00309357450348673
"bivt",0.005,3000,"0.1",TRUE,0.00258195398589147
"bivt",0.005,3000,"0.01",TRUE,0.00457394500178888
"bivt",0.005,3000,"0.05",TRUE,0.00760373708922924
"bivt",0.005,3000,"0.1",TRUE,0.00689523380664087
"bivt",0.005,3000,"0.01",TRUE,0.00966599549448141
"bivt",0.005,3000,"0.05",TRUE,0.00613370835977823
"bivt",0.005,3000,"0.1",TRUE,0.00533593942929336
"bivt",0.005,3000,"0.01",TRUE,0.00720541960720074
"bivt",0.005,3000,"0.05",TRUE,0.00312546685432574
"bivt",0.005,3000,"0.1",TRUE,0.00285240514802083
"bivt",0.005,3000,"0.01",TRUE,0.00428971353351655
"bivt",0.005,3000,"0.05",TRUE,0.00294579732914375
"bivt",0.005,3000,"0.1",TRUE,0.0027059882289512
"bivt",0.005,3000,"0.01",TRUE,0.00326598595397038
"bivt",0.005,3000,"0.05",TRUE,0.0049967588591184
"bivt",0.005,3000,"0.1",TRUE,0.00445531414704431
"bivt",0.005,3000,"0.01",TRUE,0.00580582250221325
"bivt",0.005,3000,"0.05",TRUE,0.00272435897435897
"bivt",0.005,3000,"0.1",TRUE,0.00263477554159275
"bivt",0.005,3000,"0.01",TRUE,0.00392895536643909
"bivt",0.005,3000,"0.05",FALSE,0.00238919123632111
"bivt",0.005,3000,"0.1",FALSE,0.00225842915249841
"bivt",0.005,3000,"0.01",FALSE,0.00314155557715804
"bivt",0.005,3000,"0.05",TRUE,0.00294829890933388
"bivt",0.005,3000,"0.1",TRUE,0.00268161872257436
"bivt",0.005,3000,"0.01",TRUE,0.00408087058572497
"bivt",0.005,3000,"0.05",TRUE,0.00556273529246503
"bivt",0.005,3000,"0.1",TRUE,0.0052022445639467
"bivt",0.005,3000,"0.01",TRUE,0.00654761904761904
"bivt",0.005,3000,"0.05",TRUE,0.00258842009207355
"bivt",0.005,3000,"0.1",TRUE,0.00243597388054276
"bivt",0.005,3000,"0.01",TRUE,0.00301396216389429
"bivt",0.005,3000,"0.05",TRUE,0.00521920668058455
"bivt",0.005,3000,"0.1",TRUE,0.00445167628638097
"bivt",0.005,3000,"0.01",TRUE,0.00786598410028884
"bivt",0.005,3000,"0.05",TRUE,0.00503495863323759
"bivt",0.005,3000,"0.1",TRUE,0.00409628378378379
"bivt",0.005,3000,"0.01",TRUE,0.00628323967264888
"bivt",0.005,3000,"0.05",TRUE,0.0081754824874911
"bivt",0.005,3000,"0.1",TRUE,0.00785357097063725
"bivt",0.005,3000,"0.01",TRUE,0.00966898241177089
"bivt",0.005,3000,"0.05",TRUE,0.00534959492779149
"bivt",0.005,3000,"0.1",TRUE,0.00475539091074538
"bivt",0.005,3000,"0.01",TRUE,0.00604939033670333
"bivt",0.005,3000,"0.05",TRUE,0.00324408755737979
"bivt",0.005,3000,"0.1",TRUE,0.00314028765392778
"bivt",0.005,3000,"0.01",TRUE,0.00338539483131677
"bivt",0.005,3000,"0.05",TRUE,0.00530035335689046
"bivt",0.005,3000,"0.1",TRUE,0.00465677696345044
"bivt",0.005,3000,"0.01",TRUE,0.00596203376895927
"bivt",0.005,3000,"0.05",FALSE,0.00263070578755273
"bivt",0.005,3000,"0.1",FALSE,0.00212291153803013
"bivt",0.005,3000,"0.01",FALSE,0.00345613479775481
"bivt",0.005,3000,"0.05",TRUE,0.00453274103870855
"bivt",0.005,3000,"0.1",TRUE,0.00403104351715883
"bivt",0.005,3000,"0.01",TRUE,0.00547743257442582
"bivt",0.005,3000,"0.05",TRUE,0.00586160190492763
"bivt",0.005,3000,"0.1",TRUE,0.00501813001813
"bivt",0.005,3000,"0.01",TRUE,0.00732590155338519
"bivt",0.005,3000,"0.05",TRUE,0.00572507109061231
"bivt",0.005,3000,"0.1",TRUE,0.00471941597227346
"bivt",0.005,3000,"0.01",TRUE,0.00908001961439662
"bivt",0.005,3000,"0.05",FALSE,0.00327340990517676
"bivt",0.005,3000,"0.1",FALSE,0.0030379746835443
"bivt",0.005,3000,"0.01",FALSE,0.00394756442723076
"bivt",0.005,3000,"0.05",TRUE,0.003577531591175
"bivt",0.005,3000,"0.1",TRUE,0.00327174803282235
"bivt",0.005,3000,"0.01",TRUE,0.00562792431970485
"bivt",0.005,3000,"0.05",TRUE,0.00262010259157255
"bivt",0.005,3000,"0.1",TRUE,0.00248646607075412
"bivt",0.005,3000,"0.01",TRUE,0.00326209529086713
"bivt",0.005,3000,"0.05",FALSE,0.00256761383087984
"bivt",0.005,3000,"0.1",FALSE,0.00247966214740722
"bivt",0.005,3000,"0.01",FALSE,0.00271875996985818
"bivt",0.005,3000,"0.05",TRUE,0.00295064263281039
"bivt",0.005,3000,"0.1",TRUE,0.00264264530054312
"bivt",0.005,3000,"0.01",TRUE,0.00353570196619522
"bivt",0.005,3000,"0.05",TRUE,0.00270331155665691
"bivt",0.005,3000,"0.1",TRUE,0.00215741419161257
"bivt",0.005,3000,"0.01",TRUE,0.00439354521803991
"bivt",0.005,3000,"0.05",TRUE,0.00255710932094318
"bivt",0.005,3000,"0.1",TRUE,0.00245565630416086
"bivt",0.005,3000,"0.01",TRUE,0.00277819559220526
"bivt",0.005,3000,"0.05",TRUE,0.00280375928044323
"bivt",0.005,3000,"0.1",TRUE,0.00269467374730533
"bivt",0.005,3000,"0.01",TRUE,0.00315428558585701
"bivt",0.005,3000,"0.05",TRUE,0.00393837599907333
"bivt",0.005,3000,"0.1",TRUE,0.00339786769437268
"bivt",0.005,3000,"0.01",TRUE,0.00546039180332682
"bivt",0.005,3000,"0.05",TRUE,0.00239124778487243
"bivt",0.005,3000,"0.1",TRUE,0.00232219928692063
"bivt",0.005,3000,"0.01",TRUE,0.00263119148136814
"bivt",0.005,3000,"0.05",TRUE,0.00369997165979153
"bivt",0.005,3000,"0.1",TRUE,0.00322104870564702
"bivt",0.005,3000,"0.01",TRUE,0.00659093627672603
"bivt",0.005,3000,"0.05",FALSE,0.00327987362446116
"bivt",0.005,3000,"0.1",FALSE,0.0029299927075737
"bivt",0.005,3000,"0.01",TRUE,0.00473071324599708
"bivt",0.005,3000,"0.05",TRUE,0.00655738063585668
"bivt",0.005,3000,"0.1",TRUE,0.00543673716040538
"bivt",0.005,3000,"0.01",TRUE,0.00732962238943181
"bivt",0.005,3000,"0.05",TRUE,0.00254183965808549
"bivt",0.005,3000,"0.1",TRUE,0.00234358146315315
"bivt",0.005,3000,"0.01",TRUE,0.00324392006733634
"bivt",0.005,3000,"0.05",TRUE,0.00509417942831987
"bivt",0.005,3000,"0.1",TRUE,0.00423728813559321
"bivt",0.005,3000,"0.01",TRUE,0.00782489592908545
"bivt",0.005,3000,"0.05",TRUE,0.00606202220919935
"bivt",0.005,3000,"0.1",TRUE,0.00522131348941696
"bivt",0.005,3000,"0.01",TRUE,0.00715670908049031
"bivt",0.005,3000,"0.05",FALSE,0.00282669315099888
"bivt",0.005,3000,"0.1",FALSE,0.00254871242497488
"bivt",0.005,3000,"0.01",FALSE,0.00336670001748937
"bivt",0.005,3000,"0.05",TRUE,0.00431151856222202
"bivt",0.005,3000,"0.1",TRUE,0.00380055098543183
"bivt",0.005,3000,"0.01",TRUE,0.00489873172370868
"bivt",0.005,3000,"0.05",TRUE,0.0032665505226481
"bivt",0.005,3000,"0.1",TRUE,0.00277981418849866
"bivt",0.005,3000,"0.01",TRUE,0.00434433814000044
"bivt",0.005,3000,"0.05",TRUE,0.00265911703497126
"bivt",0.005,3000,"0.1",TRUE,0.00250661758725874
"bivt",0.005,3000,"0.01",TRUE,0.00282506753117973
"bivt",0.005,3000,"0.05",TRUE,0.00295879510588709
"bivt",0.005,3000,"0.1",TRUE,0.00288474643517584
"bivt",0.005,3000,"0.01",TRUE,0.00309784927402679
"bivt",0.005,3000,"0.05",TRUE,0.00455609221729821
"bivt",0.005,3000,"0.1",TRUE,0.00425183681483181
"bivt",0.005,3000,"0.01",TRUE,0.00574630498812232
"bivt",0.005,3000,"0.05",TRUE,0.00314129547025193
"bivt",0.005,3000,"0.1",TRUE,0.00262897815513893
"bivt",0.005,3000,"0.01",TRUE,0.00505610647181631
"bivt",0.005,3000,"0.05",TRUE,0.00547365805253522
"bivt",0.005,3000,"0.1",TRUE,0.00458115183246073
"bivt",0.005,3000,"0.01",TRUE,0.00629677836192299
"bivt",0.005,3000,"0.05",TRUE,0.0100544121126094
"bivt",0.005,3000,"0.1",TRUE,0.00883458646616539
"bivt",0.005,3000,"0.01",TRUE,0.0121804493995282
"bivt",0.005,3000,"0.05",FALSE,0.00278761278170438
"bivt",0.005,3000,"0.1",FALSE,0.00267898485215973
"bivt",0.005,3000,"0.01",FALSE,0.00307587149692413
"bivt",0.005,3000,"0.05",TRUE,0.00383963772820115
"bivt",0.005,3000,"0.1",TRUE,0.0033375715193897
"bivt",0.005,3000,"0.01",TRUE,0.00603812194604653
"bivt",0.005,3000,"0.05",TRUE,0.00378044066486277
"bivt",0.005,3000,"0.1",TRUE,0.00327248128755667
"bivt",0.005,3000,"0.01",TRUE,0.00508103169681389
"bivt",0.005,3000,"0.05",TRUE,0.00296369055683513
"bivt",0.005,3000,"0.1",TRUE,0.00248545427515457
"bivt",0.005,3000,"0.01",TRUE,0.00368949232585595
"bivt",0.005,3000,"0.05",TRUE,0.0102035549213914
"bivt",0.005,3000,"0.1",TRUE,0.00839669299475898
"bivt",0.005,3000,"0.01",TRUE,0.0140604713659635
"bivt",0.005,3000,"0.05",TRUE,0.00434244584714592
"bivt",0.005,3000,"0.1",TRUE,0.00346020761245673
"bivt",0.005,3000,"0.01",TRUE,0.00571062287703932
"bivt",0.005,3000,"0.05",TRUE,0.00336091003102379
"bivt",0.005,3000,"0.1",TRUE,0.00295198110732092
"bivt",0.005,3000,"0.01",TRUE,0.0041278044940359
"bivt",0.005,3000,"0.05",TRUE,0.00440428030797338
"bivt",0.005,3000,"0.1",TRUE,0.00347301154302748
"bivt",0.005,3000,"0.01",TRUE,0.00516332822062596
"bivt",0.005,3000,"0.05",TRUE,0.00267429772901321
"bivt",0.005,3000,"0.1",FALSE,0.00225994863347922
"bivt",0.005,3000,"0.01",TRUE,0.00395682362572391
"bivt",0.005,3000,"0.05",TRUE,0.00658032768124514
"bivt",0.005,3000,"0.1",TRUE,0.00536464636849477
"bivt",0.005,3000,"0.01",TRUE,0.00822430921231207
"bivt",0.005,3000,"0.05",TRUE,0.00724086743732009
"bivt",0.005,3000,"0.1",TRUE,0.00685817445291959
"bivt",0.005,3000,"0.01",TRUE,0.00978857378782463
"bivt",0.005,3000,"0.05",TRUE,0.00633781393305011
"bivt",0.005,3000,"0.1",TRUE,0.0053163074520762
"bivt",0.005,3000,"0.01",TRUE,0.00756715853197123
"bivt",0.005,3000,"0.05",FALSE,0.00314663310258024
"bivt",0.005,3000,"0.1",FALSE,0.00305839247239839
"bivt",0.005,3000,"0.01",FALSE,0.00338746432897412
"bivt",0.005,3000,"0.05",TRUE,0.00257545704752679
"bivt",0.005,3000,"0.1",TRUE,0.00245559795823068
"bivt",0.005,3000,"0.01",TRUE,0.00271940129661054
"bivt",0.005,3000,"0.05",TRUE,0.00737358709981852
"bivt",0.005,3000,"0.1",TRUE,0.00604406990398562
"bivt",0.005,3000,"0.01",TRUE,0.0104367467791114
"bivt",0.005,3000,"0.05",TRUE,0.0048634258995916
"bivt",0.005,3000,"0.1",TRUE,0.00371767195212559
"bivt",0.005,3000,"0.01",TRUE,0.00639814697224065
"bivt",0.005,3000,"0.05",TRUE,0.00442311311876531
"bivt",0.005,3000,"0.1",TRUE,0.00294632903328558
"bivt",0.005,3000,"0.01",TRUE,0.00497618861311396
"bivt",0.005,3000,"0.05",TRUE,0.00826038082910377
"bivt",0.005,3000,"0.1",TRUE,0.00696243593605679
"bivt",0.005,3000,"0.01",TRUE,0.00978526105644388
"bivt",0.005,3000,"0.05",TRUE,0.00261506276150629
"bivt",0.005,3000,"0.1",TRUE,0.00230759888263633
"bivt",0.005,3000,"0.01",TRUE,0.00345119734595932
"bivt",0.005,3000,"0.05",TRUE,0.0023966382277907
"bivt",0.005,3000,"0.1",TRUE,0.00217746325530757
"bivt",0.005,3000,"0.01",TRUE,0.00326170436972258
"bivt",0.005,3000,"0.05",TRUE,0.00332225913621263
"bivt",0.005,3000,"0.1",TRUE,0.00281962887299965
"bivt",0.005,3000,"0.01",TRUE,0.00399632678049114
"bivt",0.005,3000,"0.05",FALSE,0.00342584706447731
"bivt",0.005,3000,"0.1",FALSE,0.00273605774828268
"bivt",0.005,3000,"0.01",TRUE,0.00529023778599676
"bivt",0.005,3000,"0.05",TRUE,0.00361990950226243
"bivt",0.005,3000,"0.1",TRUE,0.00300419423166557
"bivt",0.005,3000,"0.01",TRUE,0.0044670682698845
"bivt",0.005,3000,"0.05",TRUE,0.00565217391304346
"bivt",0.005,3000,"0.1",TRUE,0.00530154277699856
"bivt",0.005,3000,"0.01",TRUE,0.00754136912973138
"bivt",0.005,3000,"0.05",TRUE,0.00600257671585851
"bivt",0.005,3000,"0.1",TRUE,0.00560708168961203
"bivt",0.005,3000,"0.01",TRUE,0.00770361382261021
"bivt",0.005,3000,"0.05",TRUE,0.00453418821464426
"bivt",0.005,3000,"0.1",TRUE,0.00347982515404841
"bivt",0.005,3000,"0.01",TRUE,0.00625621020866299
"bivt",0.005,3000,"0.05",TRUE,0.00247716187011465
"bivt",0.005,3000,"0.1",TRUE,0.00233346433483986
"bivt",0.005,3000,"0.01",TRUE,0.00277366291598739
"bivt",0.005,3000,"0.05",TRUE,0.0040005246589717
"bivt",0.005,3000,"0.1",TRUE,0.00335059948563769
"bivt",0.005,3000,"0.01",TRUE,0.00514156068373305
"bivt",0.005,3000,"0.05",TRUE,0.00338398671944836
"bivt",0.005,3000,"0.1",TRUE,0.00300201385667613
"bivt",0.005,3000,"0.01",TRUE,0.00394425794336873
"bivt",0.005,3000,"0.05",TRUE,0.00298809782881632
"bivt",0.005,3000,"0.1",TRUE,0.00292632307160152
"bivt",0.005,3000,"0.01",TRUE,0.00317834647657867
"bivt",0.005,3000,"0.05",TRUE,0.00250737854844617
"bivt",0.005,3000,"0.1",TRUE,0.0024047354790973
"bivt",0.005,3000,"0.01",TRUE,0.00266016635602415
"bivt",0.005,3000,"0.05",TRUE,0.00255872026079994
"bivt",0.005,3000,"0.1",TRUE,0.00220560030686615
"bivt",0.005,3000,"0.01",TRUE,0.00376732971669682
"bivt",0.005,3000,"0.05",TRUE,0.00909995389356694
"bivt",0.005,3000,"0.1",TRUE,0.00831148949322316
"bivt",0.005,3000,"0.01",TRUE,0.0115490329441752
"bivt",0.005,3000,"0.05",TRUE,0.00386009138175515
"bivt",0.005,3000,"0.1",TRUE,0.00361954637667121
"bivt",0.005,3000,"0.01",TRUE,0.00605579570224108
"bivt",0.005,3000,"0.05",TRUE,0.00611071050608201
"bivt",0.005,3000,"0.1",TRUE,0.00555302807289856
"bivt",0.005,3000,"0.01",TRUE,0.00813212608987256
"bivt",0.005,3000,"0.05",TRUE,0.00465338265123493
"bivt",0.005,3000,"0.1",TRUE,0.00401830561446586
"bivt",0.005,3000,"0.01",TRUE,0.00604672101530615
"bivt",0.005,3000,"0.05",TRUE,0.00537356316586947
"bivt",0.005,3000,"0.1",TRUE,0.00388476347634763
"bivt",0.005,3000,"0.01",TRUE,0.00764381668758265
"bivt",0.005,3000,"0.05",FALSE,0.00296419783903291
"bivt",0.005,3000,"0.1",FALSE,0.00292882494013497
"bivt",0.005,3000,"0.01",TRUE,0.00327847746907528
"bivt",0.005,3000,"0.05",TRUE,0.00490651811736166
"bivt",0.005,3000,"0.1",TRUE,0.00391440501043841
"bivt",0.005,3000,"0.01",TRUE,0.00678762084716844
"bivt",0.005,3000,"0.05",FALSE,0.00237900038064005
"bivt",0.005,3000,"0.1",FALSE,0.00230377617870253
"bivt",0.005,3000,"0.01",FALSE,0.00273830394576563
"bivt",0.005,3000,"0.05",TRUE,0.00702435108375706
"bivt",0.005,3000,"0.1",TRUE,0.00643273739183473
"bivt",0.005,3000,"0.01",TRUE,0.00846558247879915
"bivt",0.005,3000,"0.05",TRUE,0.00427086362314624
"bivt",0.005,3000,"0.1",TRUE,0.00365116384385472
"bivt",0.005,3000,"0.01",TRUE,0.00549794436948799
"bivt",0.005,3000,"0.05",TRUE,0.00281453581897272
"bivt",0.005,3000,"0.1",TRUE,0.00273468575974543
"bivt",0.005,3000,"0.01",TRUE,0.00295930457899376
"bivt",0.005,3000,"0.05",TRUE,0.00712121303237238
"bivt",0.005,3000,"0.1",TRUE,0.00581447093585139
"bivt",0.005,3000,"0.01",TRUE,0.00814454691259023
"bivt",0.005,3000,"0.05",TRUE,0.00327945844399819
"bivt",0.005,3000,"0.1",TRUE,0.0031949133823483
"bivt",0.005,3000,"0.01",TRUE,0.00337609073700734
"bivt",0.005,3000,"0.05",TRUE,0.00466403162055334
"bivt",0.005,3000,"0.1",TRUE,0.00384057971014491
"bivt",0.005,3000,"0.01",TRUE,0.0058596396093706
"bivt",0.005,3000,"0.05",TRUE,0.0029096037462004
"bivt",0.005,3000,"0.1",TRUE,0.00250147656602856
"bivt",0.005,3000,"0.01",TRUE,0.00449893403803451
"bivt",0.005,3000,"0.05",TRUE,0.003638358348887
"bivt",0.005,3000,"0.1",TRUE,0.00299181409077527
"bivt",0.005,3000,"0.01",TRUE,0.0040827667549376
"bivt",0.005,3000,"0.05",TRUE,0.0040211027472174
"bivt",0.005,3000,"0.1",TRUE,0.00336344416682683
"bivt",0.005,3000,"0.01",TRUE,0.00574737190734629
"bivt",0.005,3000,"0.05",TRUE,0.00240740020231889
"bivt",0.005,3000,"0.1",TRUE,0.0021875508413292
"bivt",0.005,3000,"0.01",TRUE,0.00340990830352697
"bivt",0.005,3000,"0.05",TRUE,0.0054713192464909
"bivt",0.005,3000,"0.1",TRUE,0.0043881171674468
"bivt",0.005,3000,"0.01",TRUE,0.0063944213302783
"bivt",0.005,3000,"0.05",TRUE,0.00477094859417425
"bivt",0.005,3000,"0.1",TRUE,0.00424055024308284
"bivt",0.005,3000,"0.01",TRUE,0.00750997783569416
"bivt",0.005,3000,"0.05",TRUE,0.0028574090753797
"bivt",0.005,3000,"0.1",TRUE,0.00269545964797075
"bivt",0.005,3000,"0.01",TRUE,0.00306559797523431
"bivt",0.005,3000,"0.05",TRUE,0.00427086362314625
"bivt",0.005,3000,"0.1",TRUE,0.00380508859609268
"bivt",0.005,3000,"0.01",TRUE,0.00499397069391831
"bivt",0.005,3000,"0.05",TRUE,0.00262453936025585
"bivt",0.005,3000,"0.1",TRUE,0.00243827431684386
"bivt",0.005,3000,"0.01",TRUE,0.00412002487562191
"bivt",0.005,3000,"0.05",TRUE,0.00397489539748954
"bivt",0.005,3000,"0.1",TRUE,0.00319164728586273
"bivt",0.005,3000,"0.01",TRUE,0.00499289929787706
"bivt",0.005,3000,"0.05",TRUE,0.00487770917050711
"bivt",0.005,3000,"0.1",TRUE,0.00448556502303761
"bivt",0.005,3000,"0.01",TRUE,0.0061169221523101
"bivt",0.005,3000,"0.05",TRUE,0.00277936360085333
"bivt",0.005,3000,"0.1",TRUE,0.00243860417340491
"bivt",0.005,3000,"0.01",TRUE,0.00354283169353428
"bivt",0.005,3000,"0.05",TRUE,0.00583640383198227
"bivt",0.005,3000,"0.1",TRUE,0.00434244584714592
"bivt",0.005,3000,"0.01",TRUE,0.0071912742653288
"bivt",0.005,3000,"0.05",TRUE,0.00515386097069589
"bivt",0.005,3000,"0.1",TRUE,0.00404604115800488
"bivt",0.005,3000,"0.01",TRUE,0.00564069584931986
"bivt",0.005,3000,"0.05",TRUE,0.00257466529351186
"bivt",0.005,3000,"0.1",TRUE,0.00231367672152008
"bivt",0.005,3000,"0.01",TRUE,0.00333463375968793
"bivt",0.005,3000,"0.05",TRUE,0.00423728813559321
"bivt",0.005,3000,"0.1",TRUE,0.00343679250847289
"bivt",0.005,3000,"0.01",TRUE,0.00515358317300821
"bivt",0.005,3000,"0.05",TRUE,0.00341464667722538
"bivt",0.005,3000,"0.1",FALSE,0.002693826792913
"bivt",0.005,3000,"0.01",TRUE,0.0045943691292997
"bivt",0.005,3000,"0.05",TRUE,0.00243835204705709
"bivt",0.005,3000,"0.1",TRUE,0.00232210431607082
"bivt",0.005,3000,"0.01",TRUE,0.0027729858198281
"bivt",0.005,3000,"0.05",TRUE,0.00594931492737203
"bivt",0.005,3000,"0.1",TRUE,0.00388277136689085
"bivt",0.005,3000,"0.01",TRUE,0.00923345523584121
"bivt",0.005,3000,"0.05",TRUE,0.00296591889559966
"bivt",0.005,3000,"0.1",TRUE,0.00286005229809916
"bivt",0.005,3000,"0.01",TRUE,0.00319198623347503
"bivt",0.005,3000,"0.05",TRUE,0.00261516407733137
"bivt",0.005,3000,"0.1",TRUE,0.0023993025277545
"bivt",0.005,3000,"0.01",TRUE,0.00294193564045539
"bivt",0.005,3000,"0.05",TRUE,0.00278897480429453
"bivt",0.005,3000,"0.1",TRUE,0.00265806125322559
"bivt",0.005,3000,"0.01",TRUE,0.00292674270731458
"bivt",0.005,3000,"0.05",TRUE,0.0067582100047699
"bivt",0.005,3000,"0.1",TRUE,0.00499365157875788
"bivt",0.005,3000,"0.01",TRUE,0.00851963734245289
"bivt",0.005,3000,"0.05",TRUE,0.00367441488936819
"bivt",0.005,3000,"0.1",TRUE,0.00250990949452282
"bivt",0.005,3000,"0.01",TRUE,0.00509939178163475
"bivt",0.005,3000,"0.05",TRUE,0.00404337641286461
"bivt",0.005,3000,"0.1",TRUE,0.00372862604506562
"bivt",0.005,3000,"0.01",TRUE,0.00524070980717141
"bivt",0.005,3000,"0.05",TRUE,0.00309065934065935
"bivt",0.005,3000,"0.1",TRUE,0.00251828360802825
"bivt",0.005,3000,"0.01",TRUE,0.00397386970623376
"bivt",0.005,3000,"0.05",TRUE,0.00432432432432433
"bivt",0.005,3000,"0.1",TRUE,0.00300983571032815
"bivt",0.005,3000,"0.01",TRUE,0.00619694345327353
"bivt",0.005,3000,"0.05",TRUE,0.00671299148791845
"bivt",0.005,3000,"0.1",TRUE,0.0045158651716029
"bivt",0.005,3000,"0.01",TRUE,0.00747117949827275
"bivt",0.005,3000,"0.05",TRUE,0.00278444222984771
"bivt",0.005,3000,"0.1",TRUE,0.00266082547376646
"bivt",0.005,3000,"0.01",TRUE,0.00302742293568301
"bivt",0.005,3000,"0.05",TRUE,0.00296369055683513
"bivt",0.005,3000,"0.1",TRUE,0.00272230951291792
"bivt",0.005,3000,"0.01",TRUE,0.00415860278151673
"bivt",0.005,3000,"0.05",TRUE,0.00261236399410142
"bivt",0.005,3000,"0.1",TRUE,0.00252089433574434
"bivt",0.005,3000,"0.01",TRUE,0.00281854929811337
"bivt",0.005,3000,"0.05",TRUE,0.00453822842586592
"bivt",0.005,3000,"0.1",TRUE,0.00339656820812158
"bivt",0.005,3000,"0.01",TRUE,0.00600964046491247
"bivt",0.005,3000,"0.05",TRUE,0.00400036744115756
"bivt",0.005,3000,"0.1",TRUE,0.00319667917159829
"bivt",0.005,3000,"0.01",TRUE,0.00504094286931417
"bivt",0.005,3000,"0.05",TRUE,0.00290615030794005
"bivt",0.005,3000,"0.1",TRUE,0.00271135248357716
"bivt",0.005,3000,"0.01",TRUE,0.00399496473515695
"bivt",0.005,3000,"0.05",TRUE,0.00707917347615733
"bivt",0.005,3000,"0.1",TRUE,0.00640251902387824
"bivt",0.005,3000,"0.01",TRUE,0.00774916406188905
"bivt",0.005,3000,"0.05",TRUE,0.00254895154683626
"bivt",0.005,3000,"0.1",TRUE,0.00245918950318715
"bivt",0.005,3000,"0.01",TRUE,0.00338072610484008
"bivt",0.005,3000,"0.05",TRUE,0.0030494175047859
"bivt",0.005,3000,"0.1",TRUE,0.002644002301403
"bivt",0.005,3000,"0.01",TRUE,0.00371131287693023
"bivt",0.005,3000,"0.05",TRUE,0.00366911437363328
"bivt",0.005,3000,"0.1",TRUE,0.00319555401180965
"bivt",0.005,3000,"0.01",TRUE,0.00433707584621329
"bivt",0.005,3000,"0.05",TRUE,0.00498550162230917
"bivt",0.005,3000,"0.1",TRUE,0.00376732971669682
"bivt",0.005,3000,"0.01",TRUE,0.00564350021800326
"bivt",0.005,3000,"0.05",TRUE,0.00716564880577131
"bivt",0.005,3000,"0.1",TRUE,0.00634158147400412
"bivt",0.005,3000,"0.01",TRUE,0.00812431842966194
"bivt",0.005,3000,"0.05",TRUE,0.00776946620298364
"bivt",0.005,3000,"0.1",TRUE,0.0072899013059515
"bivt",0.005,3000,"0.01",TRUE,0.00951431013905715
"bivt",0.005,3000,"0.05",TRUE,0.00329829648423341
"bivt",0.005,3000,"0.1",TRUE,0.00282947284520177
"bivt",0.005,3000,"0.01",TRUE,0.00445916204952328
"bivt",0.005,3000,"0.05",TRUE,0.00570375570375568
"bivt",0.005,3000,"0.1",TRUE,0.00480639254145318
"bivt",0.005,3000,"0.01",TRUE,0.0072899013059515
"bivt",0.005,3000,"0.05",TRUE,0.00287383849027685
"bivt",0.005,3000,"0.1",FALSE,0.00250870921209426
"bivt",0.005,3000,"0.01",TRUE,0.00359049426801865
"bivt",0.005,3000,"0.05",TRUE,0.00284393885531462
"bivt",0.005,3000,"0.1",TRUE,0.00232790156301961
"bivt",0.005,3000,"0.01",TRUE,0.00350361674699187
"bivt",0.005,3000,"0.05",TRUE,0.00638030141016473
"bivt",0.005,3000,"0.1",TRUE,0.00588338761819848
"bivt",0.005,3000,"0.01",TRUE,0.0080898166965924
"bivt",0.005,3000,"0.05",TRUE,0.00255364181530958
"bivt",0.005,3000,"0.1",TRUE,0.00249378514237317
"bivt",0.005,3000,"0.01",TRUE,0.00282660724601799
"bivt",0.005,3000,"0.05",TRUE,0.00473586563812128
"bivt",0.005,3000,"0.1",TRUE,0.00421311900440757
"bivt",0.005,3000,"0.01",TRUE,0.0059164682336786
"bivt",0.005,3000,"0.05",TRUE,0.00259773474607234
"bivt",0.005,3000,"0.1",TRUE,0.00247472897585332
"bivt",0.005,3000,"0.01",TRUE,0.00284348948339153
"bivt",0.005,3000,"0.05",TRUE,0.00335331050228312
"bivt",0.005,3000,"0.1",FALSE,0.00268536420946582
"bivt",0.005,3000,"0.01",TRUE,0.00740252545962175
"bivt",0.005,3000,"0.05",TRUE,0.00515550600934538
"bivt",0.005,3000,"0.1",TRUE,0.00383604334431611
"bivt",0.005,3000,"0.01",TRUE,0.00658032768124514
"bivt",0.005,3000,"0.05",TRUE,0.00366333095067905
"bivt",0.005,3000,"0.1",TRUE,0.00327764144283457
"bivt",0.005,3000,"0.01",TRUE,0.00448372213919034
"bivt",0.005,3000,"0.05",FALSE,0.00293711600056979
"bivt",0.005,3000,"0.1",FALSE,0.00280953754667408
"bivt",0.005,3000,"0.01",FALSE,0.00309670171986891
"bivt",0.005,3000,"0.05",TRUE,0.00447973911181109
"bivt",0.005,3000,"0.1",TRUE,0.00385352441259789
"bivt",0.005,3000,"0.01",TRUE,0.00633320087423005
"bivt",0.005,3000,"0.05",TRUE,0.00426842086373355
"bivt",0.005,3000,"0.1",TRUE,0.00331897945636818
"bivt",0.005,3000,"0.01",TRUE,0.00507762137722753
"bivt",0.005,3000,"0.05",TRUE,0.00503756830601095
"bivt",0.005,3000,"0.1",TRUE,0.00455729166666668
"bivt",0.005,3000,"0.01",TRUE,0.00688493544884859
"bivt",0.005,3000,"0.05",TRUE,0.00605110563047782
"bivt",0.005,3000,"0.1",TRUE,0.00495046688023853
"bivt",0.005,3000,"0.01",TRUE,0.00726927904314962
"bivt",0.005,3000,"0.05",TRUE,0.00318635893902858
"bivt",0.005,3000,"0.1",TRUE,0.00270562770562771
"bivt",0.005,3000,"0.01",TRUE,0.00466289383154301
"bivt",0.005,3000,"0.05",TRUE,0.00352309344790548
"bivt",0.005,3000,"0.1",TRUE,0.00308787761288731
"bivt",0.005,3000,"0.01",TRUE,0.00439201818883445
"bivt",0.005,3000,"0.05",TRUE,0.0042319749216301
"bivt",0.005,3000,"0.1",TRUE,0.00330695308083664
"bivt",0.005,3000,"0.01",TRUE,0.00563054816041737
"bivt",0.005,3000,"0.05",TRUE,0.0048634258995916
"bivt",0.005,3000,"0.1",TRUE,0.00435762759133587
"bivt",0.005,3000,"0.01",TRUE,0.0058037143772014
"bivt",0.005,3000,"0.05",TRUE,0.0102647061662691
"bivt",0.005,3000,"0.1",TRUE,0.0093208636706
"bivt",0.005,3000,"0.01",TRUE,0.0118353395962698
"bivt",0.005,3000,"0.05",TRUE,0.00227013119916978
"bivt",0.005,3000,"0.1",TRUE,0.0020113040378838
"bivt",0.005,3000,"0.01",TRUE,0.00356070221209712
"bivt",0.005,3000,"0.05",TRUE,0.00402130679329256
"bivt",0.005,3000,"0.1",TRUE,0.00348369389467066
"bivt",0.005,3000,"0.01",TRUE,0.00479019871442138
"bivt",0.005,3000,"0.05",TRUE,0.00359601671994095
"bivt",0.005,3000,"0.1",TRUE,0.00273873546146837
"bivt",0.005,3000,"0.01",TRUE,0.00464122337803265
"bivt",0.005,3000,"0.05",FALSE,0.00203767329090198
"bivt",0.005,3000,"0.1",FALSE,0.0018610334705114
"bivt",0.005,3000,"0.01",FALSE,0.00232294897054622
"bivt",0.005,3000,"0.05",TRUE,0.0102700008353988
"bivt",0.005,3000,"0.1",TRUE,0.00889462113004463
"bivt",0.005,3000,"0.01",TRUE,0.0117602354066217
"bivt",0.005,3000,"0.05",TRUE,0.00522335351597934
"bivt",0.005,3000,"0.1",TRUE,0.00411040987020235
"bivt",0.005,3000,"0.01",TRUE,0.00623671425138405
"bivt",0.005,3000,"0.05",TRUE,0.00672228842955511
"bivt",0.005,3000,"0.1",TRUE,0.00486897620965127
"bivt",0.005,3000,"0.01",TRUE,0.00812596592286842
"bivt",0.005,3000,"0.05",TRUE,0.00337082346750853
"bivt",0.005,3000,"0.1",TRUE,0.00295160820134098
"bivt",0.005,3000,"0.01",TRUE,0.00517767190986848
"bivt",0.005,3000,"0.05",TRUE,0.00528973882221262
"bivt",0.005,3000,"0.1",TRUE,0.00498974709501028
"bivt",0.005,3000,"0.01",TRUE,0.00668577332062247
"bivt",0.005,3000,"0.05",TRUE,0.00359601671994095
"bivt",0.005,3000,"0.1",TRUE,0.00301204819277107
"bivt",0.005,3000,"0.01",TRUE,0.00512627751430851
"bivt",0.005,3000,"0.05",TRUE,0.00394370027877884
"bivt",0.005,3000,"0.1",TRUE,0.00312422956923888
"bivt",0.005,3000,"0.01",TRUE,0.00503116719841172
"bivt",0.005,3000,"0.05",TRUE,0.00728601997582545
"bivt",0.005,3000,"0.1",TRUE,0.00599969144444
"bivt",0.005,3000,"0.01",TRUE,0.00874719343531516
"bivt",0.005,3000,"0.05",TRUE,0.00703430242187297
"bivt",0.005,3000,"0.1",TRUE,0.00581748280048562
"bivt",0.005,3000,"0.01",TRUE,0.0108063885904074
"bivt",0.005,3000,"0.05",TRUE,0.00389331818448943
"bivt",0.005,3000,"0.1",TRUE,0.00348362426546837
"bivt",0.005,3000,"0.01",TRUE,0.00587976502048705
"bivt",0.005,3000,"0.05",FALSE,0.00262322500479903
"bivt",0.005,3000,"0.1",FALSE,0.0021575625016317
"bivt",0.005,3000,"0.01",TRUE,0.00419921925627162
"bivt",0.005,3000,"0.05",TRUE,0.00362850286703605
"bivt",0.005,3000,"0.1",TRUE,0.00284696158025347
"bivt",0.005,3000,"0.01",TRUE,0.00475539091074538
"bivt",0.005,3000,"0.05",TRUE,0.00260598137916971
"bivt",0.005,3000,"0.1",TRUE,0.00249768256257081
"bivt",0.005,3000,"0.01",TRUE,0.00285989679901575
"bivt",0.005,3000,"0.05",TRUE,0.00344516237198951
"bivt",0.005,3000,"0.1",TRUE,0.00288700965945315
"bivt",0.005,3000,"0.01",TRUE,0.00496272420213925
"bivt",0.005,3000,"0.05",TRUE,0.00267445873541922
"bivt",0.005,3000,"0.1",TRUE,0.00256382895270502
"bivt",0.005,3000,"0.01",TRUE,0.00289120303941634
"bivt",0.005,3000,"0.05",TRUE,0.0077500372902493
"bivt",0.005,3000,"0.1",TRUE,0.00627176875535471
"bivt",0.005,3000,"0.01",TRUE,0.00923580381226967
"bivt",0.005,3000,"0.05",FALSE,0.00223163055911035
"bivt",0.005,3000,"0.1",FALSE,0.00214729626494332
"bivt",0.005,3000,"0.01",TRUE,0.00256957527052206
"bivt",0.005,3000,"0.05",TRUE,0.00604746952589942
"bivt",0.005,3000,"0.1",TRUE,0.00527797325826882
"bivt",0.005,3000,"0.01",TRUE,0.00762931606211954
"bivt",0.005,3000,"0.05",TRUE,0.00584301175793753
"bivt",0.005,3000,"0.1",TRUE,0.00504444304450153
"bivt",0.005,3000,"0.01",TRUE,0.00785472853097866
"bivt",0.005,3000,"0.05",TRUE,0.00743091364540944
"bivt",0.005,3000,"0.1",TRUE,0.00689798167332088
"bivt",0.005,3000,"0.01",TRUE,0.00843366980418608
"bivt",0.005,3000,"0.05",FALSE,0.0027749589175623
"bivt",0.005,3000,"0.1",FALSE,0.00240742706645729
"bivt",0.005,3000,"0.01",FALSE,0.00327142941507542
"bivt",0.005,3000,"0.05",TRUE,0.00248142886969986
"bivt",0.005,3000,"0.1",FALSE,0.00223598048086667
"bivt",0.005,3000,"0.01",TRUE,0.00297199274632278
"bivt",0.005,3000,"0.05",TRUE,0.00240326634443453
"bivt",0.005,3000,"0.1",TRUE,0.00228245169378355
"bivt",0.005,3000,"0.01",TRUE,0.00266513686938149
"bivt",0.005,3000,"0.05",FALSE,0.00305197070108126
"bivt",0.005,3000,"0.1",FALSE,0.00286393020126819
"bivt",0.005,3000,"0.01",FALSE,0.00426136363636364
"bivt",0.005,3000,"0.05",TRUE,0.00685184708573349
"bivt",0.005,3000,"0.1",TRUE,0.00648656977130826
"bivt",0.005,3000,"0.01",TRUE,0.00806326226684969
"bivt",0.005,3000,"0.05",TRUE,0.00431180982140968
"bivt",0.005,3000,"0.1",TRUE,0.00356587136929462
"bivt",0.005,3000,"0.01",TRUE,0.00503122831367105
"bivt",0.005,3000,"0.05",TRUE,0.00245923476811466
"bivt",0.005,3000,"0.1",TRUE,0.00228310502283106
"bivt",0.005,3000,"0.01",TRUE,0.0031289032909066
"bivt",0.005,3000,"0.05",FALSE,0.00281239183108342
"bivt",0.005,3000,"0.1",FALSE,0.0023400705980486
"bivt",0.005,3000,"0.01",TRUE,0.00395589180635909
"bivt",0.005,3000,"0.05",TRUE,0.00639651854443668
"bivt",0.005,3000,"0.1",TRUE,0.00573173275051509
"bivt",0.005,3000,"0.01",TRUE,0.00836483836806786
"bivt",0.005,3000,"0.05",TRUE,0.00310180372462589
"bivt",0.005,3000,"0.1",TRUE,0.00258977129640381
"bivt",0.005,3000,"0.01",TRUE,0.00469789503993209
"bivt",0.005,3000,"0.05",TRUE,0.00513944483118692
"bivt",0.005,3000,"0.1",TRUE,0.00434732649331404
"bivt",0.005,3000,"0.01",TRUE,0.00590425071630329
"bivt",0.005,3000,"0.05",TRUE,0.002424601669107
"bivt",0.005,3000,"0.1",TRUE,0.00227942558475264
"bivt",0.005,3000,"0.01",TRUE,0.00267424696463843
"bivt",0.005,3000,"0.05",TRUE,0.00371992710614749
"bivt",0.005,3000,"0.1",TRUE,0.00346167962363617
"bivt",0.005,3000,"0.01",TRUE,0.00445258002275764
"bivt",0.005,3000,"0.05",TRUE,0.00605420915247052
"bivt",0.005,3000,"0.1",TRUE,0.00548483977883064
"bivt",0.005,3000,"0.01",TRUE,0.00897780926210972
"bivt",0.005,3000,"0.05",TRUE,0.00388217355150694
"bivt",0.005,3000,"0.1",TRUE,0.00359897095831411
"bivt",0.005,3000,"0.01",TRUE,0.00464369309546511
"bivt",0.005,3000,"0.05",TRUE,0.00368332738933936
"bivt",0.005,3000,"0.1",TRUE,0.0032547374511789
"bivt",0.005,3000,"0.01",TRUE,0.00464706362960513
"bivt",0.005,3000,"0.05",FALSE,0.00225104705897804
"bivt",0.005,3000,"0.1",FALSE,0.0019873448660918
"bivt",0.005,3000,"0.01",FALSE,0.00311009692219632
"bivt",0.005,3000,"0.05",TRUE,0.0037463129391128
"bivt",0.005,3000,"0.1",TRUE,0.00339027488348757
"bivt",0.005,3000,"0.01",TRUE,0.00477002488708638
"bivt",0.005,3000,"0.05",TRUE,0.00541823247300672
"bivt",0.005,3000,"0.1",TRUE,0.0043259542653544
"bivt",0.005,3000,"0.01",TRUE,0.00705071508473994
"bivt",0.005,3000,"0.05",TRUE,0.00523275868259743
"bivt",0.005,3000,"0.1",TRUE,0.00490630539377056
"bivt",0.005,3000,"0.01",TRUE,0.00703194997073789
"bivt",0.005,3000,"0.05",FALSE,0.00273573970348636
"bivt",0.005,3000,"0.1",FALSE,0.00239542865106881
"bivt",0.005,3000,"0.01",FALSE,0.00484692070687397
"bivt",0.005,3000,"0.05",TRUE,0.0106296388059883
"bivt",0.005,3000,"0.1",TRUE,0.00942508826122869
"bivt",0.005,3000,"0.01",TRUE,0.0138560424927871
"bivt",0.005,3000,"0.05",TRUE,0.00365449963340913
"bivt",0.005,3000,"0.1",TRUE,0.00270287802452051
"bivt",0.005,3000,"0.01",TRUE,0.00568580822267622
"bivt",0.005,3000,"0.05",TRUE,0.00374327666623144
"bivt",0.005,3000,"0.1",TRUE,0.00309718581884739
"bivt",0.005,3000,"0.01",TRUE,0.0050507910721092
"bivt",0.005,3000,"0.05",TRUE,0.00564897605176517
"bivt",0.005,3000,"0.1",TRUE,0.0049998701555918
"bivt",0.005,3000,"0.01",TRUE,0.00840646900193801
"bivt",0.005,3000,"0.05",TRUE,0.00294142526472828
"bivt",0.005,3000,"0.1",TRUE,0.00252544505012769
"bivt",0.005,3000,"0.01",TRUE,0.00433954535958765
"bivt",0.005,3000,"0.05",TRUE,0.00275762329640157
"bivt",0.005,3000,"0.1",TRUE,0.00244192966280901
"bivt",0.005,3000,"0.01",TRUE,0.00470569830029382
"bivt",0.005,3000,"0.05",FALSE,0.0025680279808933
"bivt",0.005,3000,"0.1",FALSE,0.00202931858303377
"bivt",0.005,3000,"0.01",TRUE,0.00354448291604626
"bivt",0.005,3000,"0.05",FALSE,0.00247233986563964
"bivt",0.005,3000,"0.1",FALSE,0.00232900904618032
"bivt",0.005,3000,"0.01",FALSE,0.00273119391971246
"bivt",0.005,3000,"0.05",TRUE,0.00565730527768793
"bivt",0.005,3000,"0.1",TRUE,0.00495803874553213
"bivt",0.005,3000,"0.01",TRUE,0.00669390880878609
"bivt",0.005,3000,"0.05",FALSE,0.00350877192982456
"bivt",0.005,3000,"0.1",FALSE,0.00323722375690607
"bivt",0.005,3000,"0.01",TRUE,0.00429418392404322
"bivt",0.005,3000,"0.05",TRUE,0.00406179788069839
"bivt",0.005,3000,"0.1",TRUE,0.00350130890052357
"bivt",0.005,3000,"0.01",TRUE,0.00519579806283404
"bivt",0.005,3000,"0.05",TRUE,0.00428205834346474
"bivt",0.005,3000,"0.1",FALSE,0.0037325193031416
"bivt",0.005,3000,"0.01",TRUE,0.00537104618577401
"bivt",0.005,3000,"0.05",TRUE,0.00572823271568041
"bivt",0.005,3000,"0.1",TRUE,0.00493036803301069
"bivt",0.005,3000,"0.01",TRUE,0.00628367502661308
"bivt",0.005,3000,"0.05",TRUE,0.00279004708011543
"bivt",0.005,3000,"0.1",TRUE,0.00270084645084645
"bivt",0.005,3000,"0.01",TRUE,0.0029349380950032
"bivt",0.005,3000,"0.05",FALSE,0.00350442820084537
"bivt",0.005,3000,"0.1",FALSE,0.00294670104036039
"bivt",0.005,3000,"0.01",TRUE,0.00428846800007074
"bivt",0.005,3000,"0.05",TRUE,0.00653122722686568
"bivt",0.005,3000,"0.1",TRUE,0.00583122693879844
"bivt",0.005,3000,"0.01",TRUE,0.00828552038387218
"bivt",0.005,3000,"0.05",FALSE,0.00310618552747632
"bivt",0.005,3000,"0.1",FALSE,0.00298318986989817
"bivt",0.005,3000,"0.01",FALSE,0.0032273435298012
"bivt",0.005,3000,"0.05",TRUE,0.00623789661850139
"bivt",0.005,3000,"0.1",TRUE,0.00529923588437411
"bivt",0.005,3000,"0.01",TRUE,0.00797142736557265
"bivt",0.005,3000,"0.05",TRUE,0.00906362946767213
"bivt",0.005,3000,"0.1",TRUE,0.00820400269510603
"bivt",0.005,3000,"0.01",TRUE,0.0100452951490357
"bivt",0.005,3000,"0.05",TRUE,0.00676066729698391
"bivt",0.005,3000,"0.1",TRUE,0.00642461680507952
"bivt",0.005,3000,"0.01",TRUE,0.00878989588667006
"bivt",0.005,3000,"0.05",TRUE,0.00424857324032977
"bivt",0.005,3000,"0.1",TRUE,0.00364459286507378
"bivt",0.005,3000,"0.01",TRUE,0.00598591549295774
"bivt",0.005,3000,"0.05",TRUE,0.00338415502992307
"bivt",0.005,3000,"0.1",FALSE,0.00283257797920553
"bivt",0.005,3000,"0.01",TRUE,0.00519128123618938
"bivt",0.005,3000,"0.05",TRUE,0.00395405036893167
"bivt",0.005,3000,"0.1",TRUE,0.00357626946528149
"bivt",0.005,3000,"0.01",TRUE,0.00498265298590095
"bivt",0.005,3000,"0.05",TRUE,0.00394980342003902
"bivt",0.005,3000,"0.1",TRUE,0.00326739974263635
"bivt",0.005,3000,"0.01",TRUE,0.00464158522030852
"bivt",0.005,3000,"0.05",TRUE,0.0046186311585717
"bivt",0.005,3000,"0.1",TRUE,0.00407303465536899
"bivt",0.005,3000,"0.01",TRUE,0.00573000019281569
"bivt",0.005,3000,"0.05",TRUE,0.00427086184015556
"bivt",0.005,3000,"0.1",TRUE,0.00379967039003845
"bivt",0.005,3000,"0.01",TRUE,0.0053307440925017
"bivt",0.005,3000,"0.05",TRUE,0.00555188171777689
"bivt",0.005,3000,"0.1",TRUE,0.00510151532748964
"bivt",0.005,3000,"0.01",TRUE,0.00710904685454294
"bivt",0.005,3000,"0.05",TRUE,0.00245597904677429
"bivt",0.005,3000,"0.1",TRUE,0.00230438836625266
"bivt",0.005,3000,"0.01",TRUE,0.00370368384637542
"bivt",0.005,3000,"0.05",TRUE,0.00582421159018108
"bivt",0.005,3000,"0.1",TRUE,0.00536764591584474
"bivt",0.005,3000,"0.01",TRUE,0.00805996383551745
"bivt",0.005,3000,"0.05",TRUE,0.0104581209150263
"bivt",0.005,3000,"0.1",TRUE,0.00982829092410919
"bivt",0.005,3000,"0.01",TRUE,0.0124427596199435
"bivt",0.005,3000,"0.05",TRUE,0.00264909109194063
"bivt",0.005,3000,"0.1",TRUE,0.00255193610625028
"bivt",0.005,3000,"0.01",TRUE,0.0029419621466023
"bivt",0.005,3000,"0.05",TRUE,0.00485436893203882
"bivt",0.005,3000,"0.1",FALSE,0.00404682757623933
"bivt",0.005,3000,"0.01",TRUE,0.00652644111350355
"bivt",0.005,3000,"0.05",TRUE,0.0055548501777552
"bivt",0.005,3000,"0.1",TRUE,0.00482607903842649
"bivt",0.005,3000,"0.01",TRUE,0.00690027574397888
"bivt",0.005,3000,"0.05",TRUE,0.00423164629712406
"bivt",0.005,3000,"0.1",TRUE,0.00366079443447039
"bivt",0.005,3000,"0.01",TRUE,0.00498754029839492
"bivt",0.005,3000,"0.05",TRUE,0.00420745717645785
"bivt",0.005,3000,"0.1",TRUE,0.00335331050228312
"bivt",0.005,3000,"0.01",TRUE,0.00487252904502509
"bivt",0.005,3000,"0.05",TRUE,0.00347143204286062
"bivt",0.005,3000,"0.1",TRUE,0.0029168935361639
"bivt",0.005,3000,"0.01",TRUE,0.00474346735605059
"bivt",0.005,3000,"0.05",FALSE,0.00294909860866322
"bivt",0.005,3000,"0.1",FALSE,0.00261256480385353
"bivt",0.005,3000,"0.01",FALSE,0.00387336399009551
"bivt",0.005,3000,"0.05",TRUE,0.00283166090546029
"bivt",0.005,3000,"0.1",TRUE,0.00242214532871971
"bivt",0.005,3000,"0.01",TRUE,0.00364532383042391
"bivt",0.005,3000,"0.05",TRUE,0.00688673614618246
"bivt",0.005,3000,"0.1",TRUE,0.0062070282658518
"bivt",0.005,3000,"0.01",TRUE,0.00817234569022265
"bivt",0.005,3000,"0.05",TRUE,0.00653105553598683
"bivt",0.005,3000,"0.1",TRUE,0.00563834071687478
"bivt",0.005,3000,"0.01",TRUE,0.00722717053404225
"bivt",0.005,3000,"0.05",TRUE,0.00380110168432555
"bivt",0.005,3000,"0.1",TRUE,0.00343121608681778
"bivt",0.005,3000,"0.01",TRUE,0.00464238706952058
"bivt",0.005,3000,"0.05",FALSE,0.00215957554939421
"bivt",0.005,3000,"0.1",FALSE,0.00201985226223453
"bivt",0.005,3000,"0.01",FALSE,0.00234666331702479
"bivt",0.001,15000,"0.05",TRUE,0.000671370445789975
"bivt",0.001,15000,"0.1",TRUE,0.000593823075654214
"bivt",0.001,15000,"0.01",TRUE,0.000809788170994266
"bivt",0.001,15000,"0.05",FALSE,0.000360655565354432
"bivt",0.001,15000,"0.1",FALSE,0.000335460110498163
"bivt",0.001,15000,"0.01",TRUE,0.000454843854452098
"bivt",0.001,15000,"0.05",FALSE,0.000444580288421458
"bivt",0.001,15000,"0.1",FALSE,0.000411314722505103
"bivt",0.001,15000,"0.01",TRUE,0.000608794732028105
"bivt",0.001,15000,"0.05",TRUE,0.000427684020127462
"bivt",0.001,15000,"0.1",TRUE,0.000408852275436151
"bivt",0.001,15000,"0.01",TRUE,0.000449344319828457
"bivt",0.001,15000,"0.05",TRUE,0.000602940180204594
"bivt",0.001,15000,"0.1",TRUE,0.000531020877751794
"bivt",0.001,15000,"0.01",TRUE,0.000769615481176552
"bivt",0.001,15000,"0.05",TRUE,0.000488457193498436
"bivt",0.001,15000,"0.1",TRUE,0.000443825354478473
"bivt",0.001,15000,"0.01",TRUE,0.000603809291045444
"bivt",0.001,15000,"0.05",TRUE,0.000674767096518299
"bivt",0.001,15000,"0.1",TRUE,0.000582892192181326
"bivt",0.001,15000,"0.01",TRUE,0.000892902002503401
"bivt",0.001,15000,"0.05",TRUE,0.000445069031426144
"bivt",0.001,15000,"0.1",TRUE,0.000398930500825271
"bivt",0.001,15000,"0.01",TRUE,0.000562302864130368
"bivt",0.001,15000,"0.05",TRUE,0.000663610165841394
"bivt",0.001,15000,"0.1",TRUE,0.000576240274732729
"bivt",0.001,15000,"0.01",TRUE,0.000832522582389888
"bivt",0.001,15000,"0.05",TRUE,0.000377587057096689
"bivt",0.001,15000,"0.1",TRUE,0.000362978802037958
"bivt",0.001,15000,"0.01",TRUE,0.000432285434142294
"bivt",0.001,15000,"0.05",TRUE,0.00069183214184824
"bivt",0.001,15000,"0.1",TRUE,0.000638047498953885
"bivt",0.001,15000,"0.01",TRUE,0.000829836013682856
"bivt",0.001,15000,"0.05",TRUE,0.00072970310542724
"bivt",0.001,15000,"0.1",TRUE,0.000636848659287786
"bivt",0.001,15000,"0.01",TRUE,0.000922773867809062
"bivt",0.001,15000,"0.05",TRUE,0.000389933197523955
"bivt",0.001,15000,"0.1",TRUE,0.000350644077806078
"bivt",0.001,15000,"0.01",TRUE,0.000532928182168053
"bivt",0.001,15000,"0.05",TRUE,0.00095018035393998
"bivt",0.001,15000,"0.1",TRUE,0.000880362819109445
"bivt",0.001,15000,"0.01",TRUE,0.00107199281443708
"bivt",0.001,15000,"0.05",TRUE,0.00053685617026692
"bivt",0.001,15000,"0.1",TRUE,0.000457924730911982
"bivt",0.001,15000,"0.01",TRUE,0.000703171305279333
"bivt",0.001,15000,"0.05",TRUE,0.000598987777957251
"bivt",0.001,15000,"0.1",TRUE,0.000508130081300808
"bivt",0.001,15000,"0.01",TRUE,0.000713544369486256
"bivt",0.001,15000,"0.05",FALSE,0.000461770281436832
"bivt",0.001,15000,"0.1",FALSE,0.000407033539563665
"bivt",0.001,15000,"0.01",FALSE,0.000571049847328149
"bivt",0.001,15000,"0.05",TRUE,0.000398246004693319
"bivt",0.001,15000,"0.1",FALSE,0.000353259752538332
"bivt",0.001,15000,"0.01",TRUE,0.000477279427476054
"bivt",0.001,15000,"0.05",TRUE,0.000545428113083498
"bivt",0.001,15000,"0.1",TRUE,0.000478192689831034
"bivt",0.001,15000,"0.01",TRUE,0.000663995519464875
"bivt",0.001,15000,"0.05",TRUE,0.00082904798707935
"bivt",0.001,15000,"0.1",TRUE,0.000756470973707883
"bivt",0.001,15000,"0.01",TRUE,0.000951272359302371
"bivt",0.001,15000,"0.05",TRUE,0.00039714153788541
"bivt",0.001,15000,"0.1",TRUE,0.000362878463628413
"bivt",0.001,15000,"0.01",TRUE,0.000426478817355376
"bivt",0.001,15000,"0.05",TRUE,0.000529369290024463
"bivt",0.001,15000,"0.1",TRUE,0.000437719702605597
"bivt",0.001,15000,"0.01",TRUE,0.00060849350146373
"bivt",0.001,15000,"0.05",TRUE,0.000619545468084475
"bivt",0.001,15000,"0.1",TRUE,0.0005317985688834
"bivt",0.001,15000,"0.01",TRUE,0.00078865217153185
"bivt",0.001,15000,"0.05",TRUE,0.000503463733667686
"bivt",0.001,15000,"0.1",TRUE,0.000461300207585099
"bivt",0.001,15000,"0.01",TRUE,0.000621934670317076
"bivt",0.001,15000,"0.05",TRUE,0.000450335358248392
"bivt",0.001,15000,"0.1",TRUE,0.000392624933253756
"bivt",0.001,15000,"0.01",TRUE,0.00055602003408208
"bivt",0.001,15000,"0.05",TRUE,0.000825130892853743
"bivt",0.001,15000,"0.1",TRUE,0.00073812922054407
"bivt",0.001,15000,"0.01",TRUE,0.0010064901859608
"bivt",0.001,15000,"0.05",FALSE,0.00043164927557991
"bivt",0.001,15000,"0.1",FALSE,0.000372920741714119
"bivt",0.001,15000,"0.01",FALSE,0.000561582868494411
"bivt",0.001,15000,"0.05",TRUE,0.00119486713607355
"bivt",0.001,15000,"0.1",TRUE,0.00111387975340263
"bivt",0.001,15000,"0.01",TRUE,0.00134722855683969
"bivt",0.001,15000,"0.05",TRUE,0.000412910827083921
"bivt",0.001,15000,"0.1",TRUE,0.000356273703666688
"bivt",0.001,15000,"0.01",TRUE,0.00051113651088591
"bivt",0.001,15000,"0.05",TRUE,0.000588985809074842
"bivt",0.001,15000,"0.1",TRUE,0.00047628416663173
"bivt",0.001,15000,"0.01",TRUE,0.000708757973012429
"bivt",0.001,15000,"0.05",TRUE,0.000349278248983655
"bivt",0.001,15000,"0.1",TRUE,0.000334652049597619
"bivt",0.001,15000,"0.01",TRUE,0.00039854468516434
"bivt",0.001,15000,"0.05",FALSE,0.000381497922982244
"bivt",0.001,15000,"0.1",FALSE,0.000348364550616441
"bivt",0.001,15000,"0.01",TRUE,0.000475197242506372
"bivt",0.001,15000,"0.05",TRUE,0.00070816564064449
"bivt",0.001,15000,"0.1",TRUE,0.00061959620624154
"bivt",0.001,15000,"0.01",TRUE,0.000860242187447352
"bivt",0.001,15000,"0.05",TRUE,0.00046237891883386
"bivt",0.001,15000,"0.1",FALSE,0.000386275725001603
"bivt",0.001,15000,"0.01",TRUE,0.000617837031371877
"bivt",0.001,15000,"0.05",TRUE,0.000665664717994842
"bivt",0.001,15000,"0.1",TRUE,0.000591185791130349
"bivt",0.001,15000,"0.01",TRUE,0.000836292407180493
"bivt",0.001,15000,"0.05",TRUE,0.00042641043062413
"bivt",0.001,15000,"0.1",TRUE,0.000406582155791367
"bivt",0.001,15000,"0.01",TRUE,0.000494696923249834
"bivt",0.001,15000,"0.05",FALSE,0.000360298856483546
"bivt",0.001,15000,"0.1",FALSE,0.000338111982688667
"bivt",0.001,15000,"0.01",TRUE,0.000403750921243322
"bivt",0.001,15000,"0.05",TRUE,0.000445840728780474
"bivt",0.001,15000,"0.1",TRUE,0.000396544759063339
"bivt",0.001,15000,"0.01",TRUE,0.000546834270538506
"bivt",0.001,15000,"0.05",FALSE,0.000380706614522049
"bivt",0.001,15000,"0.1",FALSE,0.000354465169409478
"bivt",0.001,15000,"0.01",FALSE,0.000420898626155327
"bivt",0.001,15000,"0.05",TRUE,0.000585367377307896
"bivt",0.001,15000,"0.1",TRUE,0.000534784204143443
"bivt",0.001,15000,"0.01",TRUE,0.000735144970036886
"bivt",0.001,15000,"0.05",TRUE,0.00055199321234414
"bivt",0.001,15000,"0.1",FALSE,0.000445742335249604
"bivt",0.001,15000,"0.01",TRUE,0.000652141472085641
"bivt",0.001,15000,"0.05",TRUE,0.0003747036755328
"bivt",0.001,15000,"0.1",TRUE,0.000356793548773427
"bivt",0.001,15000,"0.01",TRUE,0.000436791562670486
"bivt",0.001,15000,"0.05",TRUE,0.000443017948527615
"bivt",0.001,15000,"0.1",TRUE,0.000436292090980645
"bivt",0.001,15000,"0.01",TRUE,0.000476518329800578
"bivt",0.001,15000,"0.05",TRUE,0.000459204433163469
"bivt",0.001,15000,"0.1",TRUE,0.000431923708633358
"bivt",0.001,15000,"0.01",TRUE,0.000552731284602048
"bivt",0.001,15000,"0.05",TRUE,0.000561399973824877
"bivt",0.001,15000,"0.1",FALSE,0.000490050720249545
"bivt",0.001,15000,"0.01",TRUE,0.000686651165589328
"bivt",0.001,15000,"0.05",TRUE,0.00070026951731115
"bivt",0.001,15000,"0.1",TRUE,0.000620680066735513
"bivt",0.001,15000,"0.01",TRUE,0.000828143999157957
"bivt",0.001,15000,"0.05",TRUE,0.000523965386680211
"bivt",0.001,15000,"0.1",FALSE,0.000447317379905506
"bivt",0.001,15000,"0.01",TRUE,0.000604233631858368
"bivt",0.001,15000,"0.05",TRUE,0.000454592241636385
"bivt",0.001,15000,"0.1",TRUE,0.000414829752464704
"bivt",0.001,15000,"0.01",TRUE,0.000597223769440763
"bivt",0.001,15000,"0.05",TRUE,0.000397030917945714
"bivt",0.001,15000,"0.1",TRUE,0.000355266571610228
"bivt",0.001,15000,"0.01",TRUE,0.000497415544630549
"bivt",0.001,15000,"0.05",TRUE,0.000717859739371101
"bivt",0.001,15000,"0.1",TRUE,0.000639688919782009
"bivt",0.001,15000,"0.01",TRUE,0.000893197187711735
"bivt",0.001,15000,"0.05",TRUE,0.000378674379952168
"bivt",0.001,15000,"0.1",TRUE,0.00034288233187478
"bivt",0.001,15000,"0.01",TRUE,0.000503935765142687
"bivt",0.001,15000,"0.05",FALSE,0.000465048684784184
"bivt",0.001,15000,"0.1",FALSE,0.000421678925370139
"bivt",0.001,15000,"0.01",FALSE,0.000553868685313964
"bivt",0.001,15000,"0.05",TRUE,0.000653496861493241
"bivt",0.001,15000,"0.1",TRUE,0.00056003421685476
"bivt",0.001,15000,"0.01",TRUE,0.000803514996552518
"bivt",0.001,15000,"0.05",TRUE,0.00118609057510315
"bivt",0.001,15000,"0.1",TRUE,0.00101516411480278
"bivt",0.001,15000,"0.01",TRUE,0.00132199306136083
"bivt",0.001,15000,"0.05",TRUE,0.000763033173751757
"bivt",0.001,15000,"0.1",TRUE,0.000672922029951342
"bivt",0.001,15000,"0.01",TRUE,0.00102756681519678
"bivt",0.001,15000,"0.05",TRUE,0.000373165676649993
"bivt",0.001,15000,"0.1",FALSE,0.000341958277088307
"bivt",0.001,15000,"0.01",TRUE,0.000472434744950858
"bivt",0.001,15000,"0.05",TRUE,0.000771250961066614
"bivt",0.001,15000,"0.1",TRUE,0.000675469420921782
"bivt",0.001,15000,"0.01",TRUE,0.000911670080345955
"bivt",0.001,15000,"0.05",TRUE,0.000400709545360137
"bivt",0.001,15000,"0.1",TRUE,0.000369173973234887
"bivt",0.001,15000,"0.01",TRUE,0.000472752222893717
"bivt",0.001,15000,"0.05",TRUE,0.000501002896464746
"bivt",0.001,15000,"0.1",TRUE,0.000425184458133074
"bivt",0.001,15000,"0.01",TRUE,0.000642821558092323
"bivt",0.001,15000,"0.05",TRUE,0.000568064896268981
"bivt",0.001,15000,"0.1",TRUE,0.000537525155521768
"bivt",0.001,15000,"0.01",TRUE,0.000811237336422637
"bivt",0.001,15000,"0.05",TRUE,0.000735266401443356
"bivt",0.001,15000,"0.1",TRUE,0.000694725942576367
"bivt",0.001,15000,"0.01",TRUE,0.000915278980904667
"bivt",0.001,15000,"0.05",TRUE,0.000658780420998476
"bivt",0.001,15000,"0.1",TRUE,0.000573404741581453
"bivt",0.001,15000,"0.01",TRUE,0.000825826895388503
"bivt",0.001,15000,"0.05",TRUE,0.000465943747882073
"bivt",0.001,15000,"0.1",TRUE,0.000419825352653302
"bivt",0.001,15000,"0.01",TRUE,0.000588393294885202
"bivt",0.001,15000,"0.05",FALSE,0.00036072129460098
"bivt",0.001,15000,"0.1",FALSE,0.000340341559830607
"bivt",0.001,15000,"0.01",FALSE,0.00042946180572358
"bivt",0.001,15000,"0.05",TRUE,0.000580798791938516
"bivt",0.001,15000,"0.1",TRUE,0.000521081140028792
"bivt",0.001,15000,"0.01",TRUE,0.00072063837614203
"bivt",0.001,15000,"0.05",TRUE,0.000712335828312241
"bivt",0.001,15000,"0.1",TRUE,0.000624783334278058
"bivt",0.001,15000,"0.01",TRUE,0.000960677593697295
"bivt",0.001,15000,"0.05",TRUE,0.000399108903980221
"bivt",0.001,15000,"0.1",TRUE,0.00037037022556588
"bivt",0.001,15000,"0.01",TRUE,0.000463746428338902
"bivt",0.001,15000,"0.05",TRUE,0.000418476919314672
"bivt",0.001,15000,"0.1",TRUE,0.000360857541873109
"bivt",0.001,15000,"0.01",TRUE,0.000547959503183384
"bivt",0.001,15000,"0.05",FALSE,0.000407490510156504
"bivt",0.001,15000,"0.1",FALSE,0.000371470344558122
"bivt",0.001,15000,"0.01",TRUE,0.000482639342814035
"bivt",0.001,15000,"0.05",TRUE,0.000529923635700074
"bivt",0.001,15000,"0.1",TRUE,0.000458850304676605
"bivt",0.001,15000,"0.01",TRUE,0.00066530909428635
"bivt",0.001,15000,"0.05",TRUE,0.000751241975881791
"bivt",0.001,15000,"0.1",TRUE,0.000671501477303255
"bivt",0.001,15000,"0.01",TRUE,0.000871245722975551
"bivt",0.001,15000,"0.05",TRUE,0.000466779322363057
"bivt",0.001,15000,"0.1",TRUE,0.000384502989615428
"bivt",0.001,15000,"0.01",TRUE,0.000600030017840998
"bivt",0.001,15000,"0.05",FALSE,0.00032192084863581
"bivt",0.001,15000,"0.1",FALSE,0.000290113984056602
"bivt",0.001,15000,"0.01",FALSE,0.00037961385074115
"bivt",0.001,15000,"0.05",TRUE,0.000364587831686436
"bivt",0.001,15000,"0.1",TRUE,0.000333741981848887
"bivt",0.001,15000,"0.01",TRUE,0.000435292861481145
"bivt",0.001,15000,"0.05",TRUE,0.000415358791667363
"bivt",0.001,15000,"0.1",TRUE,0.000373034735316306
"bivt",0.001,15000,"0.01",TRUE,0.000494698459668143
"bivt",0.001,15000,"0.05",TRUE,0.000573895235453394
"bivt",0.001,15000,"0.1",TRUE,0.000503590470229283
"bivt",0.001,15000,"0.01",TRUE,0.000749183444440499
"bivt",0.001,15000,"0.05",TRUE,0.000367866621898277
"bivt",0.001,15000,"0.1",TRUE,0.00033377011892105
"bivt",0.001,15000,"0.01",TRUE,0.000528262060388848
"bivt",0.001,15000,"0.05",TRUE,0.000399111894792415
"bivt",0.001,15000,"0.1",TRUE,0.000382418317837424
"bivt",0.001,15000,"0.01",TRUE,0.000437712743686116
"bivt",0.001,15000,"0.05",TRUE,0.000449763734202793
"bivt",0.001,15000,"0.1",TRUE,0.000374540094804711
"bivt",0.001,15000,"0.01",TRUE,0.000565753716372211
"bivt",0.001,15000,"0.05",TRUE,0.000627184822849962
"bivt",0.001,15000,"0.1",TRUE,0.000548105595439409
"bivt",0.001,15000,"0.01",TRUE,0.000737471446144325
"bivt",0.001,15000,"0.05",FALSE,0.000370447480791004
"bivt",0.001,15000,"0.1",FALSE,0.000331361522496643
"bivt",0.001,15000,"0.01",FALSE,0.000479060323174631
"bivt",0.001,15000,"0.05",TRUE,0.000658772300727213
"bivt",0.001,15000,"0.1",TRUE,0.000557303960136381
"bivt",0.001,15000,"0.01",TRUE,0.000753389660250933
"bivt",0.001,15000,"0.05",TRUE,0.00043119547147996
"bivt",0.001,15000,"0.1",TRUE,0.000419177588055878
"bivt",0.001,15000,"0.01",TRUE,0.000464598986028535
"bivt",0.001,15000,"0.05",TRUE,0.000735442973909973
"bivt",0.001,15000,"0.1",TRUE,0.000652461772608139
"bivt",0.001,15000,"0.01",TRUE,0.000869091873747958
"bivt",0.001,15000,"0.05",TRUE,0.000439338356610809
"bivt",0.001,15000,"0.1",TRUE,0.000419260435954577
"bivt",0.001,15000,"0.01",TRUE,0.000472526324767505
"bivt",0.001,15000,"0.05",FALSE,0.000449044421802385
"bivt",0.001,15000,"0.1",FALSE,0.000373096414464074
"bivt",0.001,15000,"0.01",TRUE,0.000527349349704941
"bivt",0.001,15000,"0.05",TRUE,0.00127639639465185
"bivt",0.001,15000,"0.1",TRUE,0.00123030195014466
"bivt",0.001,15000,"0.01",TRUE,0.00148602716663142
"bivt",0.001,15000,"0.05",TRUE,0.000432766215814699
"bivt",0.001,15000,"0.1",TRUE,0.000408015338502267
"bivt",0.001,15000,"0.01",TRUE,0.000466201122915274
"bivt",0.001,15000,"0.05",TRUE,0.000521443129939707
"bivt",0.001,15000,"0.1",TRUE,0.000503719566214952
"bivt",0.001,15000,"0.01",TRUE,0.000631327857126559
"bivt",0.001,15000,"0.05",TRUE,0.000384530460495782
"bivt",0.001,15000,"0.1",TRUE,0.000360218522964773
"bivt",0.001,15000,"0.01",TRUE,0.000435322335125175
"bivt",0.001,15000,"0.05",TRUE,0.000473806695338591
"bivt",0.001,15000,"0.1",TRUE,0.000457630681607934
"bivt",0.001,15000,"0.01",TRUE,0.000501708539496833
"bivt",0.001,15000,"0.05",TRUE,0.000405951876294924
"bivt",0.001,15000,"0.1",TRUE,0.000351676287568052
"bivt",0.001,15000,"0.01",TRUE,0.000515062729057122
"bivt",0.001,15000,"0.05",TRUE,0.00109793466408913
"bivt",0.001,15000,"0.1",TRUE,0.000954627028640219
"bivt",0.001,15000,"0.01",TRUE,0.00142921512087779
"bivt",0.001,15000,"0.05",TRUE,0.000395400512311812
"bivt",0.001,15000,"0.1",TRUE,0.000344896582775855
"bivt",0.001,15000,"0.01",TRUE,0.000547619126324254
"bivt",0.001,15000,"0.05",TRUE,0.000438673854951704
"bivt",0.001,15000,"0.1",TRUE,0.000400929448329499
"bivt",0.001,15000,"0.01",TRUE,0.000531173511014407
"bivt",0.001,15000,"0.05",FALSE,0.000343732491271376
"bivt",0.001,15000,"0.1",FALSE,0.000315737468999895
"bivt",0.001,15000,"0.01",FALSE,0.000443585417055155
"bivt",0.001,15000,"0.05",TRUE,0.000523596349964744
"bivt",0.001,15000,"0.1",TRUE,0.000476412645634421
"bivt",0.001,15000,"0.01",TRUE,0.000640354272443707
"bivt",0.001,15000,"0.05",TRUE,0.000576483851131731
"bivt",0.001,15000,"0.1",TRUE,0.000539011858260878
"bivt",0.001,15000,"0.01",TRUE,0.000689470310375239
"bivt",0.001,15000,"0.05",TRUE,0.000580912788846466
"bivt",0.001,15000,"0.1",TRUE,0.000512498987330175
"bivt",0.001,15000,"0.01",TRUE,0.000696351674307956
"bivt",0.001,15000,"0.05",TRUE,0.000371777812048067
"bivt",0.001,15000,"0.1",TRUE,0.00034510303265318
"bivt",0.001,15000,"0.01",TRUE,0.000424158514395518
"bivt",0.001,15000,"0.05",FALSE,0.000427204374572793
"bivt",0.001,15000,"0.1",FALSE,0.000368964163781746
"bivt",0.001,15000,"0.01",TRUE,0.000600922466234536
"bivt",0.001,15000,"0.05",TRUE,0.000715635020626499
"bivt",0.001,15000,"0.1",TRUE,0.000649599684194615
"bivt",0.001,15000,"0.01",TRUE,0.000891674698168813
"bivt",0.001,15000,"0.05",TRUE,0.000493439798954546
"bivt",0.001,15000,"0.1",TRUE,0.000436550853949796
"bivt",0.001,15000,"0.01",TRUE,0.000601521410349498
"bivt",0.001,15000,"0.05",TRUE,0.00041102442232386
"bivt",0.001,15000,"0.1",TRUE,0.00036788149310835
"bivt",0.001,15000,"0.01",TRUE,0.00052756631704001
"bivt",0.001,15000,"0.05",TRUE,0.000360006897608343
"bivt",0.001,15000,"0.1",TRUE,0.000332086268840832
"bivt",0.001,15000,"0.01",TRUE,0.000428289918938092
"bivt",0.001,15000,"0.05",TRUE,0.000751148815835989
"bivt",0.001,15000,"0.1",TRUE,0.000682926369390423
"bivt",0.001,15000,"0.01",TRUE,0.000874576047705004
"bivt",0.001,15000,"0.05",TRUE,0.000405339976808964
"bivt",0.001,15000,"0.1",TRUE,0.000387539697173974
"bivt",0.001,15000,"0.01",TRUE,0.000452308778594183
"bivt",0.001,15000,"0.05",TRUE,0.001013168898242
"bivt",0.001,15000,"0.1",TRUE,0.000896614306412538
"bivt",0.001,15000,"0.01",TRUE,0.0012473091904129
"bivt",0.001,15000,"0.05",FALSE,0.000448524207492226
"bivt",0.001,15000,"0.1",FALSE,0.000378277799924158
"bivt",0.001,15000,"0.01",TRUE,0.000613727554925975
"bivt",0.001,15000,"0.05",TRUE,0.00038944195905732
"bivt",0.001,15000,"0.1",TRUE,0.000361261235224419
"bivt",0.001,15000,"0.01",TRUE,0.000421183747278705
"bivt",0.001,15000,"0.05",TRUE,0.000375101126526359
"bivt",0.001,15000,"0.1",TRUE,0.000353200826808134
"bivt",0.001,15000,"0.01",TRUE,0.000445707390094667
"bivt",0.001,15000,"0.05",FALSE,0.000379561215947609
"bivt",0.001,15000,"0.1",FALSE,0.000364580295164207
"bivt",0.001,15000,"0.01",FALSE,0.000417470408685996
"bivt",0.001,15000,"0.05",TRUE,0.000786499732098524
"bivt",0.001,15000,"0.1",TRUE,0.000636585862701162
"bivt",0.001,15000,"0.01",TRUE,0.000860743069524121
"bivt",0.001,15000,"0.05",FALSE,0.000382612733604463
"bivt",0.001,15000,"0.1",FALSE,0.000332321464824683
"bivt",0.001,15000,"0.01",TRUE,0.000566148226750594
"bivt",0.001,15000,"0.05",FALSE,0.000564239073555842
"bivt",0.001,15000,"0.1",FALSE,0.000498441412046174
"bivt",0.001,15000,"0.01",TRUE,0.000647261511480461
"bivt",0.001,15000,"0.05",TRUE,0.000535695443100543
"bivt",0.001,15000,"0.1",TRUE,0.000478466822069886
"bivt",0.001,15000,"0.01",TRUE,0.00068183383740792
"bivt",0.001,15000,"0.05",TRUE,0.000456135119476765
"bivt",0.001,15000,"0.1",TRUE,0.000442742166020176
"bivt",0.001,15000,"0.01",TRUE,0.000487746637985706
"bivt",0.001,15000,"0.05",TRUE,0.000568874441284024
"bivt",0.001,15000,"0.1",TRUE,0.000459209280425531
"bivt",0.001,15000,"0.01",TRUE,0.000658154534684746
"bivt",0.001,15000,"0.05",FALSE,0.000347754035385084
"bivt",0.001,15000,"0.1",FALSE,0.000335984084169676
"bivt",0.001,15000,"0.01",FALSE,0.000376962156889031
"bivt",0.001,15000,"0.05",FALSE,0.000446460931832915
"bivt",0.001,15000,"0.1",FALSE,0.000376884422110554
"bivt",0.001,15000,"0.01",TRUE,0.000631706465141245
"bivt",0.001,15000,"0.05",TRUE,0.000621294483315762
"bivt",0.001,15000,"0.1",TRUE,0.000532727845903984
"bivt",0.001,15000,"0.01",TRUE,0.000782159524801727
"bivt",0.001,15000,"0.05",TRUE,0.000528193167787074
"bivt",0.001,15000,"0.1",TRUE,0.000467592901060807
"bivt",0.001,15000,"0.01",TRUE,0.000652117529363817
"bivt",0.001,15000,"0.05",TRUE,0.000690212332496173
"bivt",0.001,15000,"0.1",TRUE,0.00061955212916896
"bivt",0.001,15000,"0.01",TRUE,0.000815241482431333
"bivt",0.001,15000,"0.05",TRUE,0.000517551263270303
"bivt",0.001,15000,"0.1",TRUE,0.000499308827132812
"bivt",0.001,15000,"0.01",TRUE,0.000553393817871395
"bivt",0.001,15000,"0.05",TRUE,0.000505017177768471
"bivt",0.001,15000,"0.1",FALSE,0.000411121499665134
"bivt",0.001,15000,"0.01",TRUE,0.000689571356104167
"bivt",0.001,15000,"0.05",TRUE,0.000507511165245635
"bivt",0.001,15000,"0.1",TRUE,0.000404155434589381
"bivt",0.001,15000,"0.01",TRUE,0.00067927416077972
"bivt",0.001,15000,"0.05",FALSE,0.000425140243137703
"bivt",0.001,15000,"0.1",FALSE,0.000405098539788207
"bivt",0.001,15000,"0.01",FALSE,0.000454809668366288
"bivt",0.001,15000,"0.05",TRUE,0.000385066860970116
"bivt",0.001,15000,"0.1",TRUE,0.000330377423168231
"bivt",0.001,15000,"0.01",TRUE,0.000479647229637264
"bivt",0.001,15000,"0.05",FALSE,0.00042981913210921
"bivt",0.001,15000,"0.1",FALSE,0.000352123296440486
"bivt",0.001,15000,"0.01",FALSE,0.000507354276451327
"bivt",0.001,15000,"0.05",TRUE,0.000590956203922854
"bivt",0.001,15000,"0.1",TRUE,0.000532669292116872
"bivt",0.001,15000,"0.01",TRUE,0.000703972967438045
"bivt",0.001,15000,"0.05",TRUE,0.000419932768977109
"bivt",0.001,15000,"0.1",TRUE,0.000407672342646638
"bivt",0.001,15000,"0.01",TRUE,0.000458222606461666
"bivt",0.001,15000,"0.05",FALSE,0.000356801325473614
"bivt",0.001,15000,"0.1",FALSE,0.000331922785239223
"bivt",0.001,15000,"0.01",TRUE,0.000457240481349419
"bivt",0.001,15000,"0.05",FALSE,0.000373626096317927
"bivt",0.001,15000,"0.1",FALSE,0.000335713241062052
"bivt",0.001,15000,"0.01",FALSE,0.000419861915007921
"bivt",0.001,15000,"0.05",TRUE,0.000467563900399722
"bivt",0.001,15000,"0.1",TRUE,0.000448725619241356
"bivt",0.001,15000,"0.01",TRUE,0.000503105987113173
"bivt",0.001,15000,"0.05",TRUE,0.000357755921799641
"bivt",0.001,15000,"0.1",TRUE,0.000337431489494683
"bivt",0.001,15000,"0.01",TRUE,0.00038885578892514
"bivt",0.001,15000,"0.05",TRUE,0.000689341371857584
"bivt",0.001,15000,"0.1",TRUE,0.000602511970612279
"bivt",0.001,15000,"0.01",TRUE,0.000859686201490659
"bivt",0.001,15000,"0.05",TRUE,0.000461366300760567
"bivt",0.001,15000,"0.1",TRUE,0.000398074666691001
"bivt",0.001,15000,"0.01",TRUE,0.000597639993781494
"bivt",0.001,15000,"0.05",FALSE,0.000391923484359588
"bivt",0.001,15000,"0.1",FALSE,0.00036880408028081
"bivt",0.001,15000,"0.01",FALSE,0.000431671932221364
"bivt",0.001,15000,"0.05",TRUE,0.000494652492000469
"bivt",0.001,15000,"0.1",FALSE,0.000425890750504684
"bivt",0.001,15000,"0.01",TRUE,0.000619019131918153
"bivt",0.001,15000,"0.05",TRUE,0.000375443970125649
"bivt",0.001,15000,"0.1",FALSE,0.000326935737451705
"bivt",0.001,15000,"0.01",TRUE,0.000456737594823445
"bivt",0.001,15000,"0.05",TRUE,0.000365892101233893
"bivt",0.001,15000,"0.1",TRUE,0.000320768626871062
"bivt",0.001,15000,"0.01",TRUE,0.000459168445944396
"bivt",0.001,15000,"0.05",FALSE,0.000352285395891528
"bivt",0.001,15000,"0.1",FALSE,0.000320487664495198
"bivt",0.001,15000,"0.01",TRUE,0.000514590906807918
"bivt",0.001,15000,"0.05",TRUE,0.000421366453101367
"bivt",0.001,15000,"0.1",TRUE,0.000362655216432634
"bivt",0.001,15000,"0.01",TRUE,0.000506658311644992
"bivt",0.001,15000,"0.05",TRUE,0.000537258557298956
"bivt",0.001,15000,"0.1",TRUE,0.000470949831449533
"bivt",0.001,15000,"0.01",TRUE,0.000638091461826175
"bivt",0.001,15000,"0.05",FALSE,0.000574198115072083
"bivt",0.001,15000,"0.1",FALSE,0.000508220218402694
"bivt",0.001,15000,"0.01",FALSE,0.000727293991347872
"bivt",0.001,15000,"0.05",TRUE,0.000388546955939505
"bivt",0.001,15000,"0.1",TRUE,0.000354466423231895
"bivt",0.001,15000,"0.01",TRUE,0.000422104525900852
"bivt",0.001,15000,"0.05",TRUE,0.000434570530031982
"bivt",0.001,15000,"0.1",TRUE,0.000389327912758766
"bivt",0.001,15000,"0.01",TRUE,0.000595928775991964
"bivt",0.001,15000,"0.05",TRUE,0.000482308954822318
"bivt",0.001,15000,"0.1",TRUE,0.000393552387507423
"bivt",0.001,15000,"0.01",TRUE,0.000783404612494515
"bivt",0.001,15000,"0.05",TRUE,0.000360005255551175
"bivt",0.001,15000,"0.1",TRUE,0.000344330665853938
"bivt",0.001,15000,"0.01",TRUE,0.00040403388278042
"bivt",0.001,15000,"0.05",TRUE,0.000404000773672311
"bivt",0.001,15000,"0.1",TRUE,0.000391436862842669
"bivt",0.001,15000,"0.01",TRUE,0.000440559440179696
"bivt",0.001,15000,"0.05",TRUE,0.00055195768492744
"bivt",0.001,15000,"0.1",FALSE,0.000484820954747863
"bivt",0.001,15000,"0.01",TRUE,0.000695921024843616
"bivt",0.001,15000,"0.05",TRUE,0.000472755894597714
"bivt",0.001,15000,"0.1",TRUE,0.000462004306683622
"bivt",0.001,15000,"0.01",TRUE,0.000486749594375336
"bivt",0.001,15000,"0.05",TRUE,0.000465040178497517
"bivt",0.001,15000,"0.1",TRUE,0.000433492164194885
"bivt",0.001,15000,"0.01",TRUE,0.000517809793138853
"bivt",0.001,15000,"0.05",TRUE,0.000843331876055849
"bivt",0.001,15000,"0.1",TRUE,0.00079527828167311
"bivt",0.001,15000,"0.01",TRUE,0.000969610248765103
"bivt",0.001,15000,"0.05",TRUE,0.000484529071744312
"bivt",0.001,15000,"0.1",TRUE,0.000400614419809266
"bivt",0.001,15000,"0.01",TRUE,0.000596082805594213
"bivt",0.001,15000,"0.05",TRUE,0.0011395830594161
"bivt",0.001,15000,"0.1",TRUE,0.00108188912266005
"bivt",0.001,15000,"0.01",TRUE,0.00132879514233977
"bivt",0.001,15000,"0.05",TRUE,0.000783963499392993
"bivt",0.001,15000,"0.1",TRUE,0.000739448987262997
"bivt",0.001,15000,"0.01",TRUE,0.000879350275908644
"bivt",0.001,15000,"0.05",FALSE,0.000491627296724039
"bivt",0.001,15000,"0.1",FALSE,0.00047513106233527
"bivt",0.001,15000,"0.01",FALSE,0.000520370310896428
"bivt",0.001,15000,"0.05",TRUE,0.00065523851530161
"bivt",0.001,15000,"0.1",TRUE,0.000523529409085112
"bivt",0.001,15000,"0.01",TRUE,0.000808694691081362
"bivt",0.001,15000,"0.05",TRUE,0.00042782492460849
"bivt",0.001,15000,"0.1",TRUE,0.000407313567586657
"bivt",0.001,15000,"0.01",TRUE,0.000472878795960162
"bivt",0.001,15000,"0.05",TRUE,0.000432058545422764
"bivt",0.001,15000,"0.1",TRUE,0.000366362235305636
"bivt",0.001,15000,"0.01",TRUE,0.000547377599070481
"bivt",0.001,15000,"0.05",FALSE,0.000423707053695706
"bivt",0.001,15000,"0.1",FALSE,0.000374838857405256
"bivt",0.001,15000,"0.01",TRUE,0.000576608842668236
"bivt",0.001,15000,"0.05",TRUE,0.000566387477687763
"bivt",0.001,15000,"0.1",TRUE,0.000506999612507436
"bivt",0.001,15000,"0.01",TRUE,0.000761776987173821
"bivt",0.001,15000,"0.05",TRUE,0.000425250816178173
"bivt",0.001,15000,"0.1",TRUE,0.000385066860970116
"bivt",0.001,15000,"0.01",TRUE,0.000534758108444866
"bivt",0.001,15000,"0.05",TRUE,0.000397621058275469
"bivt",0.001,15000,"0.1",TRUE,0.000348156468049953
"bivt",0.001,15000,"0.01",TRUE,0.000483811225530248
"bivt",0.001,15000,"0.05",TRUE,0.000440367791176409
"bivt",0.001,15000,"0.1",FALSE,0.00034556496267106
"bivt",0.001,15000,"0.01",TRUE,0.0005878704452766
"bivt",0.001,15000,"0.05",TRUE,0.000525239360989181
"bivt",0.001,15000,"0.1",TRUE,0.000474635070353871
"bivt",0.001,15000,"0.01",TRUE,0.000761809408967618
"bivt",0.001,15000,"0.05",TRUE,0.000394081816151781
"bivt",0.001,15000,"0.1",TRUE,0.000371819742798864
"bivt",0.001,15000,"0.01",TRUE,0.000425571561287839
"bivt",0.001,15000,"0.05",TRUE,0.000513443096240139
"bivt",0.001,15000,"0.1",FALSE,0.000448165323208118
"bivt",0.001,15000,"0.01",TRUE,0.000611409600081094
"bivt",0.001,15000,"0.05",FALSE,0.000367049003965431
"bivt",0.001,15000,"0.1",FALSE,0.000345547656209215
"bivt",0.001,15000,"0.01",FALSE,0.000397992784414834
"bivt",0.001,15000,"0.05",FALSE,0.00036693206431847
"bivt",0.001,15000,"0.1",FALSE,0.000335384884195255
"bivt",0.001,15000,"0.01",FALSE,0.0004102045211375
"bivt",0.001,15000,"0.05",TRUE,0.000513744679730775
"bivt",0.001,15000,"0.1",TRUE,0.000472144685912242
"bivt",0.001,15000,"0.01",TRUE,0.000638067963353361
"bivt",0.001,15000,"0.05",TRUE,0.000392526978821713
"bivt",0.001,15000,"0.1",TRUE,0.000329116642553851
"bivt",0.001,15000,"0.01",TRUE,0.00050695667920535
"bivt",0.001,15000,"0.05",TRUE,0.000404346381283353
"bivt",0.001,15000,"0.1",TRUE,0.000372462876509764
"bivt",0.001,15000,"0.01",TRUE,0.000504059885608287
"bivt",0.001,15000,"0.05",TRUE,0.000619291271008354
"bivt",0.001,15000,"0.1",TRUE,0.00054655160220917
"bivt",0.001,15000,"0.01",TRUE,0.000745392468773397
"bivt",0.001,15000,"0.05",TRUE,0.000421730094291423
"bivt",0.001,15000,"0.1",TRUE,0.000357970501267496
"bivt",0.001,15000,"0.01",TRUE,0.000560208905448523
"bivt",0.001,15000,"0.05",TRUE,0.000627345546146311
"bivt",0.001,15000,"0.1",TRUE,0.00054541666155977
"bivt",0.001,15000,"0.01",TRUE,0.000723160349823135
"bivt",0.001,15000,"0.05",TRUE,0.000368332105559648
"bivt",0.001,15000,"0.1",TRUE,0.000338780875962301
"bivt",0.001,15000,"0.01",TRUE,0.000498977479994836
"bivt",0.001,15000,"0.05",TRUE,0.000402567485966048
"bivt",0.001,15000,"0.1",TRUE,0.000362087309335814
"bivt",0.001,15000,"0.01",TRUE,0.00052986747222763
"bivt",0.001,15000,"0.05",TRUE,0.000428683371821518
"bivt",0.001,15000,"0.1",TRUE,0.000361470417845194
"bivt",0.001,15000,"0.01",TRUE,0.000551586127441073
"bivt",0.001,15000,"0.05",TRUE,0.00055968988631341
"bivt",0.001,15000,"0.1",TRUE,0.000511690948187131
"bivt",0.001,15000,"0.01",TRUE,0.000749431073820714
"bivt",0.001,15000,"0.05",TRUE,0.000495359707356723
"bivt",0.001,15000,"0.1",TRUE,0.000425596926971941
"bivt",0.001,15000,"0.01",TRUE,0.000649938953503688
"bivt",0.001,15000,"0.05",TRUE,0.000391928042591036
"bivt",0.001,15000,"0.1",TRUE,0.000353172235817258
"bivt",0.001,15000,"0.01",TRUE,0.000432094616687326
"bivt",0.001,15000,"0.05",TRUE,0.000607420362851714
"bivt",0.001,15000,"0.1",TRUE,0.000570637157145751
"bivt",0.001,15000,"0.01",TRUE,0.000763267740011931
"bivt",0.001,15000,"0.05",TRUE,0.0004069596824702
"bivt",0.001,15000,"0.1",TRUE,0.000377613699704413
"bivt",0.001,15000,"0.01",TRUE,0.000478407166304548
"bivt",0.001,15000,"0.05",TRUE,0.000557303960136381
"bivt",0.001,15000,"0.1",TRUE,0.000470949831449533
"bivt",0.001,15000,"0.01",TRUE,0.000687208287645511
"bivt",0.001,15000,"0.05",FALSE,0.000479173215367264
"bivt",0.001,15000,"0.1",FALSE,0.000406585710166829
"bivt",0.001,15000,"0.01",TRUE,0.000603648084556289
"bivt",0.001,15000,"0.05",FALSE,0.000384939128292512
"bivt",0.001,15000,"0.1",FALSE,0.000362240137469958
"bivt",0.001,15000,"0.01",TRUE,0.00050209649019628
"bivt",0.001,15000,"0.05",TRUE,0.000364514207163769
"bivt",0.001,15000,"0.1",TRUE,0.000343796258980182
"bivt",0.001,15000,"0.01",TRUE,0.000433176113844828
"bivt",0.001,15000,"0.05",FALSE,0.000409328510883835
"bivt",0.001,15000,"0.1",FALSE,0.000342372837560245
"bivt",0.001,15000,"0.01",FALSE,0.000523997891682779
"bivt",0.001,15000,"0.05",TRUE,0.000604155562310465
"bivt",0.001,15000,"0.1",FALSE,0.000514418083184559
"bivt",0.001,15000,"0.01",TRUE,0.000755639154062911
"bivt",0.001,15000,"0.05",FALSE,0.000654000914422909
"bivt",0.001,15000,"0.1",FALSE,0.000588928150765607
"bivt",0.001,15000,"0.01",FALSE,0.000789137174203883
"bivt",0.001,15000,"0.05",TRUE,0.000772335369119327
"bivt",0.001,15000,"0.1",TRUE,0.000727663995781936
"bivt",0.001,15000,"0.01",TRUE,0.00090685585856424
"bivt",0.001,15000,"0.05",TRUE,0.000617691742666193
"bivt",0.001,15000,"0.1",TRUE,0.000552314649828343
"bivt",0.001,15000,"0.01",TRUE,0.000890584860676057
"bivt",0.001,15000,"0.05",TRUE,0.000534345437833424
"bivt",0.001,15000,"0.1",TRUE,0.000461740103741324
"bivt",0.001,15000,"0.01",TRUE,0.000655965876282069
"bivt",0.001,15000,"0.05",TRUE,0.00072945845004669
"bivt",0.001,15000,"0.1",TRUE,0.000651540003644975
"bivt",0.001,15000,"0.01",TRUE,0.0009316140428011
"bivt",0.001,15000,"0.05",TRUE,0.000530749603987448
"bivt",0.001,15000,"0.1",TRUE,0.000464942593037493
"bivt",0.001,15000,"0.01",TRUE,0.000736159143625673
"bivt",0.001,15000,"0.05",TRUE,0.000400121210051901
"bivt",0.001,15000,"0.1",FALSE,0.000357596703757294
"bivt",0.001,15000,"0.01",TRUE,0.000541652179375547
"bivt",0.001,15000,"0.05",TRUE,0.000444566079371102
"bivt",0.001,15000,"0.1",FALSE,0.000379635549872132
"bivt",0.001,15000,"0.01",TRUE,0.000611431765343132
"bivt",0.001,15000,"0.05",FALSE,0.000409103846335918
"bivt",0.001,15000,"0.1",FALSE,0.000383883953193074
"bivt",0.001,15000,"0.01",TRUE,0.000432565088930732
"bivt",0.001,15000,"0.05",TRUE,0.000360876249577811
"bivt",0.001,15000,"0.1",TRUE,0.000335090372416526
"bivt",0.001,15000,"0.01",TRUE,0.000466786376573591
"bivt",0.001,15000,"0.05",TRUE,0.000447784762812181
"bivt",0.001,15000,"0.1",TRUE,0.000385342921583811
"bivt",0.001,15000,"0.01",TRUE,0.000617959973133162
"bivt",0.001,15000,"0.05",TRUE,0.000627733700896714
"bivt",0.001,15000,"0.1",TRUE,0.000588576563231973
"bivt",0.001,15000,"0.01",TRUE,0.000787307643952496
"bivt",0.001,15000,"0.05",TRUE,0.0004391369451049
"bivt",0.001,15000,"0.1",TRUE,0.000415177900793294
"bivt",0.001,15000,"0.01",TRUE,0.000471443969737953
"bivt",0.001,15000,"0.05",TRUE,0.000807953727335826
"bivt",0.001,15000,"0.1",TRUE,0.000735164797929517
"bivt",0.001,15000,"0.01",TRUE,0.00100101866113562
"bivt",0.001,15000,"0.05",TRUE,0.000609793678486718
"bivt",0.001,15000,"0.1",TRUE,0.000530999895382916
"bivt",0.001,15000,"0.01",TRUE,0.000851058617730072
"bivt",0.001,15000,"0.05",TRUE,0.000596125186289122
"bivt",0.001,15000,"0.1",TRUE,0.000574748092116708
"bivt",0.001,15000,"0.01",TRUE,0.00079015665048846
"bivt",0.001,15000,"0.05",FALSE,0.000404845275173401
"bivt",0.001,15000,"0.1",FALSE,0.00036524972962033
"bivt",0.001,15000,"0.01",TRUE,0.000518113356614694
"bivt",0.001,15000,"0.05",TRUE,0.000381863455197064
"bivt",0.001,15000,"0.1",TRUE,0.00034081659495836
"bivt",0.001,15000,"0.01",TRUE,0.000506602623821144
"bivt",0.001,15000,"0.05",TRUE,0.000659314773515761
"bivt",0.001,15000,"0.1",TRUE,0.000607411258541655
"bivt",0.001,15000,"0.01",TRUE,0.000804725347238986
"bivt",0.001,15000,"0.05",TRUE,0.000632154952306636
"bivt",0.001,15000,"0.1",TRUE,0.000524451384020562
"bivt",0.001,15000,"0.01",TRUE,0.000839759940624978
"bivt",0.001,15000,"0.05",TRUE,0.00089801899200654
"bivt",0.001,15000,"0.1",TRUE,0.000832497014018972
"bivt",0.001,15000,"0.01",TRUE,0.00113568844606374
"bivt",0.001,15000,"0.05",TRUE,0.000501678488133165
"bivt",0.001,15000,"0.1",TRUE,0.000462889689232838
"bivt",0.001,15000,"0.01",TRUE,0.000597970012698553
"bivt",0.001,15000,"0.05",TRUE,0.00039411271051212
"bivt",0.001,15000,"0.1",TRUE,0.00036128230626964
"bivt",0.001,15000,"0.01",TRUE,0.00042786450367226
"bivt",0.001,15000,"0.05",TRUE,0.00045806962879152
"bivt",0.001,15000,"0.1",TRUE,0.000443566692240583
"bivt",0.001,15000,"0.01",TRUE,0.000476140213160297
"bivt",0.001,15000,"0.05",TRUE,0.000550539538161469
"bivt",0.001,15000,"0.1",TRUE,0.000498539930687109
"bivt",0.001,15000,"0.01",TRUE,0.000686128185571669
"bivt",0.001,15000,"0.05",TRUE,0.000452664274829928
"bivt",0.001,15000,"0.1",TRUE,0.000379232867425127
"bivt",0.001,15000,"0.01",TRUE,0.000563516464167557
"bivt",0.001,15000,"0.05",TRUE,0.000401416196340692
"bivt",0.001,15000,"0.1",TRUE,0.000383765830947753
"bivt",0.001,15000,"0.01",TRUE,0.000436478756623454
"bivt",0.001,15000,"0.05",TRUE,0.000672553336818539
"bivt",0.001,15000,"0.1",TRUE,0.000561465299662057
"bivt",0.001,15000,"0.01",TRUE,0.000814338984242667
"bivt",0.001,15000,"0.05",TRUE,0.000357240962150495
"bivt",0.001,15000,"0.1",TRUE,0.000319239812947488
"bivt",0.001,15000,"0.01",TRUE,0.00046459425922457
"bivt",0.001,15000,"0.05",TRUE,0.000524120036573337
"bivt",0.001,15000,"0.1",TRUE,0.000480375347348328
"bivt",0.001,15000,"0.01",TRUE,0.000609094684033456
"bivt",0.001,15000,"0.05",FALSE,0.000413084171050243
"bivt",0.001,15000,"0.1",FALSE,0.000355828542855832
"bivt",0.001,15000,"0.01",TRUE,0.000554888716500761
"bivt",0.001,15000,"0.05",TRUE,0.000586795341902732
"bivt",0.001,15000,"0.1",TRUE,0.000521222696176053
"bivt",0.001,15000,"0.01",TRUE,0.000745449968463514
"bivt",0.001,15000,"0.05",TRUE,0.000638595359092259
"bivt",0.001,15000,"0.1",TRUE,0.000541900737172411
"bivt",0.001,15000,"0.01",TRUE,0.000760028621274378
"bivt",0.001,15000,"0.05",TRUE,0.000416569241394223
"bivt",0.001,15000,"0.1",FALSE,0.000317783774323909
"bivt",0.001,15000,"0.01",TRUE,0.00058000933019408
"bivt",0.001,15000,"0.05",TRUE,0.00105683129578316
"bivt",0.001,15000,"0.1",TRUE,0.000957464453189783
"bivt",0.001,15000,"0.01",TRUE,0.00124754246263077
"bivt",0.001,15000,"0.05",TRUE,0.000549434098803862
"bivt",0.001,15000,"0.1",TRUE,0.000487430856016213
"bivt",0.001,15000,"0.01",TRUE,0.000748160379832819
"bivt",0.001,15000,"0.05",TRUE,0.000427241269553536
"bivt",0.001,15000,"0.1",TRUE,0.000395334284064074
"bivt",0.001,15000,"0.01",TRUE,0.000457245103044817
"bivt",0.001,15000,"0.05",TRUE,0.000641780355274997
"bivt",0.001,15000,"0.1",TRUE,0.000545717765690248
"bivt",0.001,15000,"0.01",TRUE,0.000765981015455142
"bivt",0.001,15000,"0.05",TRUE,0.000527712839781102
"bivt",0.001,15000,"0.1",TRUE,0.000470089878395929
"bivt",0.001,15000,"0.01",TRUE,0.000665318413288986
"bivt",0.001,15000,"0.05",TRUE,0.000570084421533905
"bivt",0.001,15000,"0.1",TRUE,0.000515805413590763
"bivt",0.001,15000,"0.01",TRUE,0.000687439337570356
"bivt",0.001,15000,"0.05",TRUE,0.000530749603987448
"bivt",0.001,15000,"0.1",TRUE,0.000417307748134821
"bivt",0.001,15000,"0.01",TRUE,0.000670521936230553
"bivt",0.001,15000,"0.05",TRUE,0.00052531458199757
"bivt",0.001,15000,"0.1",TRUE,0.000432678777719541
"bivt",0.001,15000,"0.01",TRUE,0.000630314845388346
"bivt",0.001,15000,"0.05",TRUE,0.000895197761342493
"bivt",0.001,15000,"0.1",TRUE,0.000860392016306207
"bivt",0.001,15000,"0.01",TRUE,0.00104159848192496
"bivt",0.001,15000,"0.05",TRUE,0.000504544044621968
"bivt",0.001,15000,"0.1",TRUE,0.000439919411554262
"bivt",0.001,15000,"0.01",TRUE,0.0006055445000965
"bivt",0.001,15000,"0.05",TRUE,0.000389261996145201
"bivt",0.001,15000,"0.1",TRUE,0.000367470602351808
"bivt",0.001,15000,"0.01",TRUE,0.000447500321256005
"bivt",0.001,15000,"0.05",TRUE,0.000820138220628119
"bivt",0.001,15000,"0.1",TRUE,0.000725048446418924
"bivt",0.001,15000,"0.01",TRUE,0.00100805137192476
"bivt",0.001,15000,"0.05",TRUE,0.000452748026960093
"bivt",0.001,15000,"0.1",TRUE,0.000413805966748391
"bivt",0.001,15000,"0.01",TRUE,0.000521221146686521
"bivt",0.001,15000,"0.05",TRUE,0.000346442394992118
"bivt",0.001,15000,"0.1",TRUE,0.000318320612520937
"bivt",0.001,15000,"0.01",TRUE,0.000485413624065473
"bivt",0.001,15000,"0.05",TRUE,0.000502628828555706
"bivt",0.001,15000,"0.1",TRUE,0.000441676433269081
"bivt",0.001,15000,"0.01",TRUE,0.000696735267101413
"bivt",0.001,15000,"0.05",TRUE,0.000417321437839723
"bivt",0.001,15000,"0.1",TRUE,0.000389744779396673
"bivt",0.001,15000,"0.01",TRUE,0.000450393194357557
"bivt",0.001,15000,"0.05",TRUE,0.000574466427792492
"bivt",0.001,15000,"0.1",TRUE,0.000514961408163148
"bivt",0.001,15000,"0.01",TRUE,0.000623419716486218
"bivt",0.001,15000,"0.05",TRUE,0.000691566541749744
"bivt",0.001,15000,"0.1",TRUE,0.000588594028713575
"bivt",0.001,15000,"0.01",TRUE,0.000833851766552276
"bivt",0.001,15000,"0.05",TRUE,0.000414536840792916
"bivt",0.001,15000,"0.1",TRUE,0.000362030689477403
"bivt",0.001,15000,"0.01",TRUE,0.000565053344133863
"bivt",0.001,15000,"0.05",FALSE,0.00039147372362815
"bivt",0.001,15000,"0.1",FALSE,0.000378412770084098
"bivt",0.001,15000,"0.01",FALSE,0.000443078216013118
"bivt",0.001,15000,"0.05",TRUE,0.000591154110999572
"bivt",0.001,15000,"0.1",TRUE,0.000527608583468334
"bivt",0.001,15000,"0.01",TRUE,0.000669566983854491
"bivt",0.001,15000,"0.05",FALSE,0.000350738715862977
"bivt",0.001,15000,"0.1",FALSE,0.000316377180466269
"bivt",0.001,15000,"0.01",TRUE,0.00044468671354893
"bivt",0.001,15000,"0.05",TRUE,0.000667011821892917
"bivt",0.001,15000,"0.1",TRUE,0.000598831081728465
"bivt",0.001,15000,"0.01",TRUE,0.000773847596158883
"bivt",0.001,15000,"0.05",TRUE,0.000417943737283863
"bivt",0.001,15000,"0.1",TRUE,0.000378863476409089
"bivt",0.001,15000,"0.01",TRUE,0.000549808266869206
"bivt",0.001,15000,"0.05",TRUE,0.000725398454509185
"bivt",0.001,15000,"0.1",TRUE,0.000641040360666531
"bivt",0.001,15000,"0.01",TRUE,0.000804197745797408
"bivt",0.001,15000,"0.05",TRUE,0.000948209654269386
"bivt",0.001,15000,"0.1",TRUE,0.000859678737252449
"bivt",0.001,15000,"0.01",TRUE,0.00116968208684969
"bivt",0.001,15000,"0.05",FALSE,0.000438878171010057
"bivt",0.001,15000,"0.1",FALSE,0.000388660230334161
"bivt",0.001,15000,"0.01",TRUE,0.000579059684805772
"bivt",0.001,15000,"0.05",TRUE,0.000449567758274435
"bivt",0.001,15000,"0.1",TRUE,0.000402178659251254
"bivt",0.001,15000,"0.01",TRUE,0.000565662381147794
"bivt",0.001,15000,"0.05",TRUE,0.000681096519866638
"bivt",0.001,15000,"0.1",TRUE,0.000615352410160633
"bivt",0.001,15000,"0.01",TRUE,0.000905305087814583
"bivt",0.001,15000,"0.05",TRUE,0.000466899002463854
"bivt",0.001,15000,"0.1",TRUE,0.000407857760376161
"bivt",0.001,15000,"0.01",TRUE,0.000570997381744131
"bivt",0.001,15000,"0.05",TRUE,0.000694503561646138
"bivt",0.001,15000,"0.1",TRUE,0.000613433193431543
"bivt",0.001,15000,"0.01",TRUE,0.000866394634755079
"bivt",0.001,15000,"0.05",TRUE,0.000416765896642056
"bivt",0.001,15000,"0.1",TRUE,0.000390349725718863
"bivt",0.001,15000,"0.01",TRUE,0.000455020568291856
"bivt",0.001,15000,"0.05",TRUE,0.000474832119280673
"bivt",0.001,15000,"0.1",FALSE,0.000421768413657238
"bivt",0.001,15000,"0.01",TRUE,0.00055914560748344
"bivt",0.001,15000,"0.05",FALSE,0.000371652389800163
"bivt",0.001,15000,"0.1",FALSE,0.000335382291312445
"bivt",0.001,15000,"0.01",FALSE,0.000438078594158756
"bivt",0.001,15000,"0.05",TRUE,0.000407776220325282
"bivt",0.001,15000,"0.1",TRUE,0.000369078637098232
"bivt",0.001,15000,"0.01",TRUE,0.000537744715210403
"bivt",0.001,15000,"0.05",TRUE,0.000357826787010247
"bivt",0.001,15000,"0.1",TRUE,0.000340423159923233
"bivt",0.001,15000,"0.01",TRUE,0.000398893355432075
"bivt",0.001,15000,"0.05",FALSE,0.000552853656883335
"bivt",0.001,15000,"0.1",FALSE,0.000496121270821777
"bivt",0.001,15000,"0.01",TRUE,0.000703397842171928
"bivt",0.001,15000,"0.05",TRUE,0.000423384365262164
"bivt",0.001,15000,"0.1",TRUE,0.000389907461962369
"bivt",0.001,15000,"0.01",TRUE,0.000512778221736871
"bivt",0.001,15000,"0.05",FALSE,0.000383690728220125
"bivt",0.001,15000,"0.1",FALSE,0.000354125483184548
"bivt",0.001,15000,"0.01",TRUE,0.000466193995646738
"bivt",0.001,15000,"0.05",TRUE,0.000448239918745007
"bivt",0.001,15000,"0.1",TRUE,0.000392263248966183
"bivt",0.001,15000,"0.01",TRUE,0.000557799636248642
"bivt",0.001,15000,"0.05",TRUE,0.000498271783379524
"bivt",0.001,15000,"0.1",FALSE,0.000421864782962293
"bivt",0.001,15000,"0.01",TRUE,0.00059589533273744
"bivt",0.001,15000,"0.05",TRUE,0.00107330208690571
"bivt",0.001,15000,"0.1",TRUE,0.000980257211048824
"bivt",0.001,15000,"0.01",TRUE,0.00127968056692772
"bivt",0.001,15000,"0.05",TRUE,0.000516218078885462
"bivt",0.001,15000,"0.1",FALSE,0.00050585416475648
"bivt",0.001,15000,"0.01",TRUE,0.000560895504763679
"bivt",0.001,15000,"0.05",TRUE,0.000421476198439028
"bivt",0.001,15000,"0.1",FALSE,0.000316540050646411
"bivt",0.001,15000,"0.01",TRUE,0.000504443349418877
"bivt",0.001,15000,"0.05",FALSE,0.000415002400629266
"bivt",0.001,15000,"0.1",FALSE,0.000353665327253303
"bivt",0.001,15000,"0.01",FALSE,0.000490772579124195
"bivt",0.001,15000,"0.05",TRUE,0.000342614155388266
"bivt",0.001,15000,"0.1",TRUE,0.000311059379999304
"bivt",0.001,15000,"0.01",TRUE,0.000407939235849176
"bivt",0.001,15000,"0.05",TRUE,0.00045727380479066
"bivt",0.001,15000,"0.1",TRUE,0.000397343421073083
"bivt",0.001,15000,"0.01",TRUE,0.000567007916442209
"bivt",0.001,15000,"0.05",TRUE,0.000464417765602201
"bivt",0.001,15000,"0.1",TRUE,0.000420694348183329
"bivt",0.001,15000,"0.01",TRUE,0.000530942160056545
"bivt",0.001,15000,"0.05",TRUE,0.000960627070662182
"bivt",0.001,15000,"0.1",TRUE,0.000908576085462629
"bivt",0.001,15000,"0.01",TRUE,0.00120881602523194
"bivt",0.001,15000,"0.05",TRUE,0.000462087906350187
"bivt",0.001,15000,"0.1",TRUE,0.00039921459848691
"bivt",0.001,15000,"0.01",TRUE,0.000518056664179261
"bivt",0.001,15000,"0.05",TRUE,0.000870782252723689
"bivt",0.001,15000,"0.1",TRUE,0.000780238743598105
"bivt",0.001,15000,"0.01",TRUE,0.000999227849186103
"bivt",0.001,15000,"0.05",TRUE,0.000372484284291067
"bivt",0.001,15000,"0.1",TRUE,0.000356539461791193
"bivt",0.001,15000,"0.01",TRUE,0.000419330001295668
"bivt",0.001,15000,"0.05",TRUE,0.000636828620858601
"bivt",0.001,15000,"0.1",TRUE,0.000576702017442936
"bivt",0.001,15000,"0.01",TRUE,0.000806352422884767
"bivt",0.001,15000,"0.05",TRUE,0.000373525949349613
"bivt",0.001,15000,"0.1",TRUE,0.000353096435622988
"bivt",0.001,15000,"0.01",TRUE,0.000426589427641895
"bivt",0.001,15000,"0.05",TRUE,0.000707971852046088
"bivt",0.001,15000,"0.1",TRUE,0.000630577945027842
"bivt",0.001,15000,"0.01",TRUE,0.00084970875825202
"bivt",0.001,15000,"0.05",TRUE,0.000859611865276174
"bivt",0.001,15000,"0.1",TRUE,0.000751002318269664
"bivt",0.001,15000,"0.01",TRUE,0.000999206105799658
"bivt",0.001,15000,"0.05",TRUE,0.000535846372727353
"bivt",0.001,15000,"0.1",TRUE,0.000460724816567239
"bivt",0.001,15000,"0.01",TRUE,0.000604058163610751
"bivt",0.001,15000,"0.05",TRUE,0.00039098685081145
"bivt",0.001,15000,"0.1",TRUE,0.000373812635138935
"bivt",0.001,15000,"0.01",TRUE,0.000437554862648166
"bivt",0.001,15000,"0.05",TRUE,0.00103173480885846
"bivt",0.001,15000,"0.1",TRUE,0.000906143827411499
"bivt",0.001,15000,"0.01",TRUE,0.00112015316992219
"bivt",0.001,15000,"0.05",TRUE,0.00047937476306765
"bivt",0.001,15000,"0.1",TRUE,0.000415332105489816
"bivt",0.001,15000,"0.01",TRUE,0.000639753616961014
"bivt",0.001,15000,"0.05",TRUE,0.00048059509199162
"bivt",0.001,15000,"0.1",TRUE,0.00043033614902528
"bivt",0.001,15000,"0.01",TRUE,0.000560849033197822
"bivt",0.001,15000,"0.05",TRUE,0.000855868220498735
"bivt",0.001,15000,"0.1",TRUE,0.000755719033005556
"bivt",0.001,15000,"0.01",TRUE,0.00097488512615059
"bivt",0.001,15000,"0.05",TRUE,0.000537836147592249
"bivt",0.001,15000,"0.1",TRUE,0.000448420542653572
"bivt",0.001,15000,"0.01",TRUE,0.00071166579425181
"bivt",0.001,15000,"0.05",TRUE,0.000703362863740728
"bivt",0.001,15000,"0.1",FALSE,0.000635562210755133
"bivt",0.001,15000,"0.01",TRUE,0.000805535643972749
"bivt",0.001,15000,"0.05",FALSE,0.000472550215937503
"bivt",0.001,15000,"0.1",FALSE,0.000397662652546227
"bivt",0.001,15000,"0.01",FALSE,0.000627296234373719
"bivt",0.001,15000,"0.05",TRUE,0.000393798240284436
"bivt",0.001,15000,"0.1",TRUE,0.00038351874184322
"bivt",0.001,15000,"0.01",TRUE,0.000424657260375397
"bivt",0.001,15000,"0.05",FALSE,0.00048970747643225
"bivt",0.001,15000,"0.1",FALSE,0.000415805904443837
"bivt",0.001,15000,"0.01",TRUE,0.000634575287825216
"bivt",0.001,15000,"0.05",TRUE,0.000349343542554402
"bivt",0.001,15000,"0.1",TRUE,0.000312836347980676
"bivt",0.001,15000,"0.01",TRUE,0.000403207708015456
"bivt",0.001,15000,"0.05",TRUE,0.000474717009483531
"bivt",0.001,15000,"0.1",TRUE,0.000402965219666604
"bivt",0.001,15000,"0.01",TRUE,0.000687185926324974
"bivt",0.001,15000,"0.05",TRUE,0.000471146210683039
"bivt",0.001,15000,"0.1",TRUE,0.000400862428461308
"bivt",0.001,15000,"0.01",TRUE,0.000544670646915642
"bivt",0.001,15000,"0.05",TRUE,0.000447739154843916
"bivt",0.001,15000,"0.1",TRUE,0.000382117635702412
"bivt",0.001,15000,"0.01",TRUE,0.000530432080936535
"bivt",0.001,15000,"0.05",TRUE,0.000565359413959062
"bivt",0.001,15000,"0.1",TRUE,0.000460018941956428
"bivt",0.001,15000,"0.01",TRUE,0.000636234601916832
"bivt",0.001,15000,"0.05",TRUE,0.000806467129660137
"bivt",0.001,15000,"0.1",TRUE,0.000694193853735518
"bivt",0.001,15000,"0.01",TRUE,0.00102756681519678
"bivt",0.001,15000,"0.05",TRUE,0.000826840561724753
"bivt",0.001,15000,"0.1",TRUE,0.000759486614919377
"bivt",0.001,15000,"0.01",TRUE,0.00096347727426883
"bivt",0.001,15000,"0.05",TRUE,0.000634357008613725
"bivt",0.001,15000,"0.1",TRUE,0.00056335540684301
"bivt",0.001,15000,"0.01",TRUE,0.000763266749502952
"bivt",0.001,15000,"0.05",TRUE,0.000753857903169627
"bivt",0.001,15000,"0.1",FALSE,0.000689428343727462
"bivt",0.001,15000,"0.01",TRUE,0.000938900268439325
"bivt",0.001,15000,"0.05",TRUE,0.0003773957981343
"bivt",0.001,15000,"0.1",FALSE,0.000328657631097804
"bivt",0.001,15000,"0.01",TRUE,0.000476775775288719
"bivt",0.001,15000,"0.05",TRUE,0.000402334128852179
"bivt",0.001,15000,"0.1",TRUE,0.000379975984005469
"bivt",0.001,15000,"0.01",TRUE,0.000452214328088479
"bivt",0.001,15000,"0.05",FALSE,0.000640826666864936
"bivt",0.001,15000,"0.1",FALSE,0.000493756371049947
"bivt",0.001,15000,"0.01",TRUE,0.000858551276579188
"bivt",0.001,15000,"0.05",TRUE,0.000371509128633492
"bivt",0.001,15000,"0.1",TRUE,0.000346962440250649
"bivt",0.001,15000,"0.01",TRUE,0.00041711522330521
"bivt",0.001,15000,"0.05",TRUE,0.000353513907271009
"bivt",0.001,15000,"0.1",TRUE,0.000328131121849284
"bivt",0.001,15000,"0.01",TRUE,0.000503139901423125
"bivt",0.001,15000,"0.05",TRUE,0.00100294129583341
"bivt",0.001,15000,"0.1",TRUE,0.000873423553341808
"bivt",0.001,15000,"0.01",TRUE,0.00122579316028019
"bivt",0.001,15000,"0.05",TRUE,0.0006019205265098
"bivt",0.001,15000,"0.1",TRUE,0.000524751161320384
"bivt",0.001,15000,"0.01",TRUE,0.000711438262262667
"bivt",0.001,15000,"0.05",TRUE,0.000477664174741708
"bivt",0.001,15000,"0.1",TRUE,0.000425937681154005
"bivt",0.001,15000,"0.01",TRUE,0.000616835605006304
"bivt",0.001,15000,"0.05",TRUE,0.000908316532666532
"bivt",0.001,15000,"0.1",TRUE,0.000803334361263445
"bivt",0.001,15000,"0.01",TRUE,0.0010088327112054
"bivt",0.001,15000,"0.05",TRUE,0.000578942973946185
"bivt",0.001,15000,"0.1",TRUE,0.000528825584875595
"bivt",0.001,15000,"0.01",TRUE,0.000696959642972062
"bivt",0.001,15000,"0.05",TRUE,0.000503963784724201
"bivt",0.001,15000,"0.1",TRUE,0.000458937822699421
"bivt",0.001,15000,"0.01",TRUE,0.000655890353456187
"bivt",0.001,15000,"0.05",FALSE,0.000358704327360084
"bivt",0.001,15000,"0.1",FALSE,0.000325399620227056
"bivt",0.001,15000,"0.01",TRUE,0.000421108993586123
"bivt",0.001,15000,"0.05",TRUE,0.00036149019873901
"bivt",0.001,15000,"0.1",TRUE,0.00033879508083777
"bivt",0.001,15000,"0.01",TRUE,0.000389650476504273
"bivt",0.001,15000,"0.05",TRUE,0.000627895531759636
"bivt",0.001,15000,"0.1",TRUE,0.000576253453433814
"bivt",0.001,15000,"0.01",TRUE,0.000719163897958935
"bivt",0.001,15000,"0.05",TRUE,0.000433221026350192
"bivt",0.001,15000,"0.1",TRUE,0.000373873568421617
"bivt",0.001,15000,"0.01",TRUE,0.000495600773523921
"bivt",0.001,15000,"0.05",TRUE,0.000426826409156517
"bivt",0.001,15000,"0.1",TRUE,0.000373850821076896
"bivt",0.001,15000,"0.01",TRUE,0.000532355535499935
"bivt",0.001,15000,"0.05",TRUE,0.000395580936306553
"bivt",0.001,15000,"0.1",TRUE,0.000382099188259702
"bivt",0.001,15000,"0.01",TRUE,0.000441173961882049
"bivt",0.001,15000,"0.05",TRUE,0.000549728671375304
"bivt",0.001,15000,"0.1",TRUE,0.000491714396750546
"bivt",0.001,15000,"0.01",TRUE,0.000672160744737184
"bivt",0.001,15000,"0.05",TRUE,0.000351748515314091
"bivt",0.001,15000,"0.1",TRUE,0.000318226730854151
"bivt",0.001,15000,"0.01",TRUE,0.000437208908697
"bivt",0.001,15000,"0.05",TRUE,0.000727382577897117
"bivt",0.001,15000,"0.1",TRUE,0.000633606488130435
"bivt",0.001,15000,"0.01",TRUE,0.000866502677596432
"bivt",0.001,15000,"0.05",TRUE,0.000647569661623664
"bivt",0.001,15000,"0.1",TRUE,0.000587438582966132
"bivt",0.001,15000,"0.01",TRUE,0.000805991889813209
"bivt",0.001,15000,"0.05",FALSE,0.000367020525954638
"bivt",0.001,15000,"0.1",FALSE,0.000334868692676708
"bivt",0.001,15000,"0.01",TRUE,0.000452446463710884
"bivt",0.001,15000,"0.05",TRUE,0.000540412490191146
"bivt",0.001,15000,"0.1",TRUE,0.00047518404516377
"bivt",0.001,15000,"0.01",TRUE,0.000695308796369854
"bivt",0.001,15000,"0.05",FALSE,0.000401581868646654
"bivt",0.001,15000,"0.1",FALSE,0.000371780109521941
"bivt",0.001,15000,"0.01",TRUE,0.000579030793000552
"bivt",0.001,15000,"0.05",TRUE,0.000902818846662604
"bivt",0.001,15000,"0.1",TRUE,0.000849835236806119
"bivt",0.001,15000,"0.01",TRUE,0.00127674047155412
"bivt",0.001,15000,"0.05",TRUE,0.000473542096188707
"bivt",0.001,15000,"0.1",FALSE,0.000409306321550263
"bivt",0.001,15000,"0.01",TRUE,0.000640829553166892
"bivt",0.001,15000,"0.05",TRUE,0.000711525447312335
"bivt",0.001,15000,"0.1",TRUE,0.000648930134977464
"bivt",0.001,15000,"0.01",TRUE,0.000829907130316384
"bivt",0.001,15000,"0.05",TRUE,0.00043582189921308
"bivt",0.001,15000,"0.1",TRUE,0.000417240862572028
"bivt",0.001,15000,"0.01",TRUE,0.000479068771851141
"bivt",0.001,15000,"0.05",TRUE,0.000578975039471875
"bivt",0.001,15000,"0.1",TRUE,0.000510307577100315
"bivt",0.001,15000,"0.01",TRUE,0.000736127810106115
"bivt",0.001,15000,"0.05",FALSE,0.0003562754600107
"bivt",0.001,15000,"0.1",FALSE,0.000305812829041342
"bivt",0.001,15000,"0.01",FALSE,0.000461436235664719
"bivt",0.001,15000,"0.05",TRUE,0.000496031746031748
"bivt",0.001,15000,"0.1",TRUE,0.000452454073579301
"bivt",0.001,15000,"0.01",TRUE,0.000561653306088962
"bivt",0.001,15000,"0.05",TRUE,0.000429880532893133
"bivt",0.001,15000,"0.1",TRUE,0.000404410892048064
"bivt",0.001,15000,"0.01",TRUE,0.000483866137964823
"bivt",0.001,15000,"0.05",TRUE,0.000431813082960788
"bivt",0.001,15000,"0.1",TRUE,0.000381209211461543
"bivt",0.001,15000,"0.01",TRUE,0.000565916232060293
"bivt",0.001,15000,"0.05",TRUE,0.000452521523911411
"bivt",0.001,15000,"0.1",TRUE,0.000440179547216017
"bivt",0.001,15000,"0.01",TRUE,0.000474088202437356
"bivt",0.001,15000,"0.05",FALSE,0.000347414595435706
"bivt",0.001,15000,"0.1",FALSE,0.000322628815652967
"bivt",0.001,15000,"0.01",TRUE,0.000484341110888392
"bivt",0.001,15000,"0.05",FALSE,0.000427968640217795
"bivt",0.001,15000,"0.1",FALSE,0.000392872569055769
"bivt",0.001,15000,"0.01",TRUE,0.000467917134391224
"bivt",0.001,15000,"0.05",FALSE,0.000413650302398074
"bivt",0.001,15000,"0.1",FALSE,0.000374289359570649
"bivt",0.001,15000,"0.01",TRUE,0.0005209658351667
"bivt",0.001,15000,"0.05",FALSE,0.000355018593558544
"bivt",0.001,15000,"0.1",FALSE,0.00033926704594408
"bivt",0.001,15000,"0.01",FALSE,0.000406055679798569
"bivt",0.001,15000,"0.05",TRUE,0.000461276455539991
"bivt",0.001,15000,"0.1",TRUE,0.000404099470273142
"bivt",0.001,15000,"0.01",TRUE,0.000591187336066701
"bivt",0.001,15000,"0.05",TRUE,0.000356155701952938
"bivt",0.001,15000,"0.1",TRUE,0.000333814528542629
"bivt",0.001,15000,"0.01",TRUE,0.000417207695542869
"bivt",0.001,15000,"0.05",TRUE,0.000428007681311184
"bivt",0.001,15000,"0.1",TRUE,0.000382233709837452
"bivt",0.001,15000,"0.01",TRUE,0.000548559038223682
"bivt",0.001,15000,"0.05",TRUE,0.000491091989493288
"bivt",0.001,15000,"0.1",TRUE,0.000452710897527385
"bivt",0.001,15000,"0.01",TRUE,0.000585245605722142
"bivt",0.001,15000,"0.05",TRUE,0.000466648664953563
"bivt",0.001,15000,"0.1",TRUE,0.000451844961499117
"bivt",0.001,15000,"0.01",TRUE,0.000499801148633911
"bivt",0.001,15000,"0.05",TRUE,0.000682469940611458
"bivt",0.001,15000,"0.1",TRUE,0.00060621704917007
"bivt",0.001,15000,"0.01",TRUE,0.000831318129118546
"bivt",0.001,15000,"0.05",TRUE,0.000441676433269081
"bivt",0.001,15000,"0.1",FALSE,0.000368565125354529
"bivt",0.001,15000,"0.01",TRUE,0.000530151354187692
"bivt",0.001,15000,"0.05",TRUE,0.000602735070929574
"bivt",0.001,15000,"0.1",TRUE,0.000523826004728304
"bivt",0.001,15000,"0.01",TRUE,0.000731773264537211
"bivt",0.001,15000,"0.05",TRUE,0.000344375715702572
"bivt",0.001,15000,"0.1",TRUE,0.000322655018507238
"bivt",0.001,15000,"0.01",TRUE,0.000394259013798042
"bivt",0.001,15000,"0.05",TRUE,0.000475811600700522
"bivt",0.001,15000,"0.1",TRUE,0.000412140667541026
"bivt",0.001,15000,"0.01",TRUE,0.00057208652823644
"bivt",0.001,15000,"0.05",TRUE,0.000521253858513948
"bivt",0.001,15000,"0.1",TRUE,0.000481453154637807
"bivt",0.001,15000,"0.01",TRUE,0.000667997974911394
"bivt",0.001,15000,"0.05",TRUE,0.000377519214760032
"bivt",0.001,15000,"0.1",TRUE,0.000342578898508777
"bivt",0.001,15000,"0.01",TRUE,0.000443434810183534
"bivt",0.001,15000,"0.05",TRUE,0.00118128436189894
"bivt",0.001,15000,"0.1",TRUE,0.0010583954117997
"bivt",0.001,15000,"0.01",TRUE,0.00134760904064154
"bivt",0.001,15000,"0.05",TRUE,0.000424264474631266
"bivt",0.001,15000,"0.1",TRUE,0.000367949666432604
"bivt",0.001,15000,"0.01",TRUE,0.000566295212784481
"bivt",0.001,15000,"0.05",TRUE,0.000840202356104298
"bivt",0.001,15000,"0.1",TRUE,0.000775262166637282
"bivt",0.001,15000,"0.01",TRUE,0.00096978068764546
"bivt",0.001,15000,"0.05",TRUE,0.000559649694605944
"bivt",0.001,15000,"0.1",TRUE,0.000505429818329448
"bivt",0.001,15000,"0.01",TRUE,0.000712559530333035
"bivt",0.001,15000,"0.05",TRUE,0.000782868921170801
"bivt",0.001,15000,"0.1",TRUE,0.000706216475063231
"bivt",0.001,15000,"0.01",TRUE,0.000943604329622773
"bivt",0.001,15000,"0.05",TRUE,0.000412445825568149
"bivt",0.001,15000,"0.1",TRUE,0.000382096629441763
"bivt",0.001,15000,"0.01",TRUE,0.000532210314377818
"bivt",0.001,15000,"0.05",TRUE,0.000523804902570261
"bivt",0.001,15000,"0.1",TRUE,0.000445005763884178
"bivt",0.001,15000,"0.01",TRUE,0.000595601571342614
"bivt",0.001,15000,"0.05",TRUE,0.000679166894287416
"bivt",0.001,15000,"0.1",TRUE,0.000595541809122119
"bivt",0.001,15000,"0.01",TRUE,0.000775814322320039
"bivt",0.001,15000,"0.05",TRUE,0.000474664469634967
"bivt",0.001,15000,"0.1",TRUE,0.000420692459788803
"bivt",0.001,15000,"0.01",TRUE,0.000586546593001886
"bivt",0.001,15000,"0.05",TRUE,0.000421504690529879
"bivt",0.001,15000,"0.1",TRUE,0.000395943826327899
"bivt",0.001,15000,"0.01",TRUE,0.000460202690065186
"bivt",0.001,15000,"0.05",TRUE,0.00044263669054018
"bivt",0.001,15000,"0.1",TRUE,0.000433226081064329
"bivt",0.001,15000,"0.01",TRUE,0.000474949300853806
"bivt",0.001,15000,"0.05",TRUE,0.000720167078762276
"bivt",0.001,15000,"0.1",TRUE,0.00064835043930654
"bivt",0.001,15000,"0.01",TRUE,0.000860601155497585
"bivt",0.001,15000,"0.05",FALSE,0.000636244312935914
"bivt",0.001,15000,"0.1",FALSE,0.000560671063142622
"bivt",0.001,15000,"0.01",TRUE,0.000769854405245562
"bivt",0.001,15000,"0.05",TRUE,0.000568337754040047
"bivt",0.001,15000,"0.1",TRUE,0.000485967206809069
"bivt",0.001,15000,"0.01",TRUE,0.000636237040335911
"bivt",0.001,15000,"0.05",TRUE,0.00037568949697499
"bivt",0.001,15000,"0.1",TRUE,0.000337099016758354
"bivt",0.001,15000,"0.01",TRUE,0.000453169665283842
"bivt",0.001,15000,"0.05",TRUE,0.000624375624375627
"bivt",0.001,15000,"0.1",TRUE,0.000536513485827926
"bivt",0.001,15000,"0.01",TRUE,0.000777081658936198
"bivt",0.001,15000,"0.05",TRUE,0.000593864531016702
"bivt",0.001,15000,"0.1",TRUE,0.000482185594411359
"bivt",0.001,15000,"0.01",TRUE,0.000719144204107118
"bivt",0.001,15000,"0.05",FALSE,0.000414756978566406
"bivt",0.001,15000,"0.1",FALSE,0.000384284787873514
"bivt",0.001,15000,"0.01",FALSE,0.000466525514353523
"bivt",0.001,15000,"0.05",FALSE,0.000470395207237311
"bivt",0.001,15000,"0.1",FALSE,0.000391348368382039
"bivt",0.001,15000,"0.01",FALSE,0.000536610135492888
"bivt",0.001,15000,"0.05",TRUE,0.000438751141955023
"bivt",0.001,15000,"0.1",TRUE,0.000382171206666549
"bivt",0.001,15000,"0.01",TRUE,0.000543036330278205
"bivt",0.001,15000,"0.05",FALSE,0.00035802436877163
"bivt",0.001,15000,"0.1",FALSE,0.000322464998321287
"bivt",0.001,15000,"0.01",TRUE,0.000437056387766418
"bivt",0.001,15000,"0.05",TRUE,0.000482036089586565
"bivt",0.001,15000,"0.1",TRUE,0.000383165506039357
"bivt",0.001,15000,"0.01",TRUE,0.000611987413936288
"bivt",0.001,15000,"0.05",TRUE,0.000709023993727061
"bivt",0.001,15000,"0.1",FALSE,0.000611490227011222
"bivt",0.001,15000,"0.01",TRUE,0.000830824612868608
"bivt",0.001,15000,"0.05",TRUE,0.000581241091006269
"bivt",0.001,15000,"0.1",TRUE,0.000530572481314891
"bivt",0.001,15000,"0.01",TRUE,0.000728185829834205
"bivt",0.001,15000,"0.05",TRUE,0.000366177485045784
"bivt",0.001,15000,"0.1",TRUE,0.0003182560599108
"bivt",0.001,15000,"0.01",TRUE,0.000469829337667603
"bivt",0.001,15000,"0.05",TRUE,0.000756349321014409
"bivt",0.001,15000,"0.1",TRUE,0.000694284068884671
"bivt",0.001,15000,"0.01",TRUE,0.000876332730846192
"bivt",0.001,15000,"0.05",TRUE,0.000680022948222913
"bivt",0.001,15000,"0.1",TRUE,0.000555805253759497
"bivt",0.001,15000,"0.01",TRUE,0.000979025722937254
"bivt",0.001,15000,"0.05",TRUE,0.000387232065197967
"bivt",0.001,15000,"0.1",TRUE,0.00036390726544289
"bivt",0.001,15000,"0.01",TRUE,0.000422517790031244
"bivt",0.001,15000,"0.05",TRUE,0.000453794262975108
"bivt",0.001,15000,"0.1",TRUE,0.000387154650524155
"bivt",0.001,15000,"0.01",TRUE,0.000585683230922519
"bivt",0.001,15000,"0.05",FALSE,0.000391464702156001
"bivt",0.001,15000,"0.1",FALSE,0.000345532653988451
"bivt",0.001,15000,"0.01",TRUE,0.000554080374019043
"bivt",0.001,15000,"0.05",TRUE,0.000587426569412521
"bivt",0.001,15000,"0.1",TRUE,0.000512345918706351
"bivt",0.001,15000,"0.01",TRUE,0.000719633676809385
"bivt",0.001,15000,"0.05",TRUE,0.000553572505270312
"bivt",0.001,15000,"0.1",TRUE,0.000512672290449775
"bivt",0.001,15000,"0.01",TRUE,0.000676639343374545
"bivt",0.001,15000,"0.05",FALSE,0.000361267320274969
"bivt",0.001,15000,"0.1",FALSE,0.000338883227322447
"bivt",0.001,15000,"0.01",TRUE,0.000444316131537324
"bivt",0.001,15000,"0.05",TRUE,0.000694521669014028
"bivt",0.001,15000,"0.1",TRUE,0.000637546862673598
"bivt",0.001,15000,"0.01",TRUE,0.000881915291984935
"bivt",0.001,15000,"0.05",TRUE,0.000393098803650039
"bivt",0.001,15000,"0.1",TRUE,0.000371512193156117
"bivt",0.001,15000,"0.01",TRUE,0.000428912716139322
"bivt",0.001,15000,"0.05",TRUE,0.000540071162317849
"bivt",0.001,15000,"0.1",TRUE,0.00042426957605151
"bivt",0.001,15000,"0.01",TRUE,0.000749835973380827
"bivt",0.001,15000,"0.05",TRUE,0.000391661413535148
"bivt",0.001,15000,"0.1",TRUE,0.000349204033644947
"bivt",0.001,15000,"0.01",TRUE,0.000475157752373796
"bivt",0.001,15000,"0.05",TRUE,0.000540978934368267
"bivt",0.001,15000,"0.1",TRUE,0.000468827098948084
"bivt",0.001,15000,"0.01",TRUE,0.000773496122786335
"bivt",0.001,15000,"0.05",TRUE,0.00043652786715427
"bivt",0.001,15000,"0.1",TRUE,0.00035980126563197
"bivt",0.001,15000,"0.01",TRUE,0.000541733480654255
"bivt",0.001,15000,"0.05",TRUE,0.000788586491362726
"bivt",0.001,15000,"0.1",TRUE,0.000721315596297812
"bivt",0.001,15000,"0.01",TRUE,0.00100208491915721
"bivt",0.001,15000,"0.05",TRUE,0.000711009428345709
"bivt",0.001,15000,"0.1",TRUE,0.000614632748915566
"bivt",0.001,15000,"0.01",TRUE,0.000889390789520527
"bivt",0.001,15000,"0.05",TRUE,0.000352508583412886
"bivt",0.001,15000,"0.1",TRUE,0.000336371230198985
"bivt",0.001,15000,"0.01",TRUE,0.000393587860279633
"bivt",0.001,15000,"0.05",TRUE,0.000378925958279699
"bivt",0.001,15000,"0.1",TRUE,0.000350828192304313
"bivt",0.001,15000,"0.01",TRUE,0.000427564670356395
"bivt",0.001,15000,"0.05",TRUE,0.000586195039338154
"bivt",0.001,15000,"0.1",TRUE,0.000538126242164309
"bivt",0.001,15000,"0.01",TRUE,0.000735353164138329
"bivt",0.001,15000,"0.05",TRUE,0.000475027144408246
"bivt",0.001,15000,"0.1",TRUE,0.000421831397235383
"bivt",0.001,15000,"0.01",TRUE,0.00055901757057028
"bivt",0.001,15000,"0.05",TRUE,0.000460854395132225
"bivt",0.001,15000,"0.1",TRUE,0.000396267163321509
"bivt",0.001,15000,"0.01",TRUE,0.00060319867640976
"bivt",0.001,15000,"0.05",TRUE,0.000753083804937966
"bivt",0.001,15000,"0.1",TRUE,0.000650631568477942
"bivt",0.001,15000,"0.01",TRUE,0.000836107121893113
"bivt",0.001,15000,"0.05",TRUE,0.000402276264772049
"bivt",0.001,15000,"0.1",TRUE,0.000353173237677477
"bivt",0.001,15000,"0.01",TRUE,0.000555905397047258
"bivt",0.001,15000,"0.05",TRUE,0.000412365768069731
"bivt",0.001,15000,"0.1",TRUE,0.000374929633741951
"bivt",0.001,15000,"0.01",TRUE,0.000529423511743876
"bivt",0.001,15000,"0.05",TRUE,0.000366674006665447
"bivt",0.001,15000,"0.1",TRUE,0.000353138596526569
"bivt",0.001,15000,"0.01",TRUE,0.000405446373195214
"bivt",0.001,15000,"0.05",FALSE,0.000362464361423347
"bivt",0.001,15000,"0.1",FALSE,0.000337790683380345
"bivt",0.001,15000,"0.01",TRUE,0.00040363617383015
"bivt",0.001,15000,"0.05",TRUE,0.000640857144925365
"bivt",0.001,15000,"0.1",TRUE,0.000578565447119474
"bivt",0.001,15000,"0.01",TRUE,0.000766221574971004
"bivt",0.001,15000,"0.05",TRUE,0.00101129401343471
"bivt",0.001,15000,"0.1",TRUE,0.000944940490724452
"bivt",0.001,15000,"0.01",TRUE,0.00120030727866335
"bivt",0.001,15000,"0.05",TRUE,0.000391187331789451
"bivt",0.001,15000,"0.1",TRUE,0.000351574507427484
"bivt",0.001,15000,"0.01",TRUE,0.000487210718635812
"bivt",0.001,15000,"0.05",FALSE,0.000406549034013322
"bivt",0.001,15000,"0.1",FALSE,0.000375327274231586
"bivt",0.001,15000,"0.01",FALSE,0.000441910070299768
"bivt",0.001,15000,"0.05",TRUE,0.000384693888018879
"bivt",0.001,15000,"0.1",TRUE,0.000347760376182739
"bivt",0.001,15000,"0.01",TRUE,0.000500539018586647
"bivt",0.001,15000,"0.05",TRUE,0.000471993722540933
"bivt",0.001,15000,"0.1",TRUE,0.000434952978056427
"bivt",0.001,15000,"0.01",TRUE,0.000565942998540143
"bivt",0.001,15000,"0.05",TRUE,0.000662181927019332
"bivt",0.001,15000,"0.1",TRUE,0.000563405140481496
"bivt",0.001,15000,"0.01",TRUE,0.000802201955233564
"bivt",0.001,15000,"0.05",TRUE,0.000505382266475398
"bivt",0.001,15000,"0.1",FALSE,0.000466647242000983
"bivt",0.001,15000,"0.01",TRUE,0.000611268680559408
"bivt",0.001,15000,"0.05",TRUE,0.000574533661229177
"bivt",0.001,15000,"0.1",TRUE,0.000499258004861716
"bivt",0.001,15000,"0.01",TRUE,0.000737698040880139
"bivt",0.001,15000,"0.05",TRUE,0.000423790637114057
"bivt",0.001,15000,"0.1",TRUE,0.000386802305341736
"bivt",0.001,15000,"0.01",TRUE,0.00052230796175266
"bivt",0.001,15000,"0.05",TRUE,0.00047582169482529
"bivt",0.001,15000,"0.1",TRUE,0.00043432079086006
"bivt",0.001,15000,"0.01",TRUE,0.000530981025333897
"bivt",0.001,15000,"0.05",TRUE,0.00103334479657161
"bivt",0.001,15000,"0.1",TRUE,0.000868724953640553
"bivt",0.001,15000,"0.01",TRUE,0.00123241127101047
"bivt",0.001,15000,"0.05",TRUE,0.000661644951140053
"bivt",0.001,15000,"0.1",TRUE,0.000585297865149255
"bivt",0.001,15000,"0.01",TRUE,0.000797825512809217
"bivt",0.001,15000,"0.05",TRUE,0.000624028969553349
"bivt",0.001,15000,"0.1",TRUE,0.00053169437700814
"bivt",0.001,15000,"0.01",TRUE,0.000705590350844415
"bivt",0.001,15000,"0.05",FALSE,0.000379844424291435
"bivt",0.001,15000,"0.1",FALSE,0.000349043370221431
"bivt",0.001,15000,"0.01",TRUE,0.000473890645306596
"bivt",0.001,15000,"0.05",TRUE,0.000422850837440906
"bivt",0.001,15000,"0.1",TRUE,0.000403775947757939
"bivt",0.001,15000,"0.01",TRUE,0.000459393129507055
"bivt",0.001,15000,"0.05",TRUE,0.000391213484202423
"bivt",0.001,15000,"0.1",TRUE,0.000353679641787765
"bivt",0.001,15000,"0.01",TRUE,0.00050629967846742
"bivt",0.001,15000,"0.05",TRUE,0.000438668826103401
"bivt",0.001,15000,"0.1",TRUE,0.000383491843295233
"bivt",0.001,15000,"0.01",TRUE,0.00057487122884474
"bivt",0.001,15000,"0.05",FALSE,0.00040748435962221
"bivt",0.001,15000,"0.1",FALSE,0.000390520990503238
"bivt",0.001,15000,"0.01",FALSE,0.000429351202627139
"bivt",0.001,15000,"0.05",TRUE,0.000458453741451498
"bivt",0.001,15000,"0.1",TRUE,0.000385707999714754
"bivt",0.001,15000,"0.01",TRUE,0.000528670453902045
"bivt",0.001,15000,"0.05",TRUE,0.000517738035569704
"bivt",0.001,15000,"0.1",TRUE,0.000463998372833299
"bivt",0.001,15000,"0.01",TRUE,0.000639256558021332
"bivt",0.001,15000,"0.05",TRUE,0.00068937158337769
"bivt",0.001,15000,"0.1",TRUE,0.000606066483068931
"bivt",0.001,15000,"0.01",TRUE,0.000849824228101837
"bivt",0.001,15000,"0.05",TRUE,0.000416885956888712
"bivt",0.001,15000,"0.1",TRUE,0.000364158258895095
"bivt",0.001,15000,"0.01",TRUE,0.00055831132298309
"bivt",0.001,15000,"0.05",TRUE,0.000551843455434914
"bivt",0.001,15000,"0.1",TRUE,0.000433146628918988
"bivt",0.001,15000,"0.01",TRUE,0.000676132521974316
"bivt",0.001,15000,"0.05",TRUE,0.000630568562653991
"bivt",0.001,15000,"0.1",TRUE,0.000505247766696423
"bivt",0.001,15000,"0.01",TRUE,0.00078298879894894
"bivt",0.001,15000,"0.05",FALSE,0.000413126222891652
"bivt",0.001,15000,"0.1",FALSE,0.000370551746376245
"bivt",0.001,15000,"0.01",FALSE,0.000459530747128153
"bivt",0.001,15000,"0.05",TRUE,0.000456088584301034
"bivt",0.001,15000,"0.1",TRUE,0.000443089694883702
"bivt",0.001,15000,"0.01",TRUE,0.000482034298158062
"bivt",0.001,15000,"0.05",TRUE,0.000390475822492664
"bivt",0.001,15000,"0.1",TRUE,0.000373678816873721
"bivt",0.001,15000,"0.01",TRUE,0.00043724645478237
"bivt",0.001,15000,"0.05",TRUE,0.000747274475508063
"bivt",0.001,15000,"0.1",TRUE,0.000697073030051196
"bivt",0.001,15000,"0.01",TRUE,0.000869236583522294
"bivt",0.001,15000,"0.05",FALSE,0.000618696220473503
"bivt",0.001,15000,"0.1",FALSE,0.000537842769867374
"bivt",0.001,15000,"0.01",TRUE,0.000757322525383368
"bivt",0.001,15000,"0.05",TRUE,0.00035679784036326
"bivt",0.001,15000,"0.1",TRUE,0.000334796361211708
"bivt",0.001,15000,"0.01",TRUE,0.000430603517085503
"bivt",0.001,15000,"0.05",FALSE,0.00033770324178013
"bivt",0.001,15000,"0.1",FALSE,0.000318671511045815
"bivt",0.001,15000,"0.01",FALSE,0.000390960026742571
"bivt",0.001,15000,"0.05",TRUE,0.00128442899928576
"bivt",0.001,15000,"0.1",TRUE,0.00113280462258367
"bivt",0.001,15000,"0.01",TRUE,0.00145079454473944
"bivt",0.001,15000,"0.05",TRUE,0.000480573450593259
"bivt",0.001,15000,"0.1",TRUE,0.000423984165957999
"bivt",0.001,15000,"0.01",TRUE,0.000552252535423514
"bivt",0.001,15000,"0.05",TRUE,0.000419664192343547
"bivt",0.001,15000,"0.1",TRUE,0.000374312997515286
"bivt",0.001,15000,"0.01",TRUE,0.000505221293662913
"bivt",0.001,15000,"0.05",TRUE,0.000661016291322613
"bivt",0.001,15000,"0.1",TRUE,0.000564006113247799
"bivt",0.001,15000,"0.01",TRUE,0.000924420243515512
"bivt",0.001,15000,"0.05",TRUE,0.00038265675339183
"bivt",0.001,15000,"0.1",TRUE,0.000351111222974502
"bivt",0.001,15000,"0.01",TRUE,0.000440667170095526
"bivt",0.001,15000,"0.05",FALSE,0.000322265260660523
"bivt",0.001,15000,"0.1",FALSE,0.000305267247599489
"bivt",0.001,15000,"0.01",TRUE,0.000404008041082472
"bivt",0.001,15000,"0.05",TRUE,0.000380301455858242
"bivt",0.001,15000,"0.1",TRUE,0.000355927535487726
"bivt",0.001,15000,"0.01",TRUE,0.000484478537915537
"bivt",0.001,15000,"0.05",TRUE,0.000461459186471901
"bivt",0.001,15000,"0.1",TRUE,0.000390451863568808
"bivt",0.001,15000,"0.01",TRUE,0.000605703173565839
"bivt",0.001,15000,"0.05",FALSE,0.000471093343031288
"bivt",0.001,15000,"0.1",FALSE,0.000450368056839544
"bivt",0.001,15000,"0.01",TRUE,0.000513134893705312
"bivt",0.001,15000,"0.05",TRUE,0.000648126754490491
"bivt",0.001,15000,"0.1",TRUE,0.00058253558321521
"bivt",0.001,15000,"0.01",TRUE,0.000766568260792742
"bivt",0.001,15000,"0.05",TRUE,0.000811691289497724
"bivt",0.001,15000,"0.1",TRUE,0.000740402532176668
"bivt",0.001,15000,"0.01",TRUE,0.00103357585257043
"bivt",0.001,15000,"0.05",TRUE,0.000573418263717125
"bivt",0.001,15000,"0.1",TRUE,0.000472208686052382
"bivt",0.001,15000,"0.01",TRUE,0.000701939543589945
"bivt",0.001,15000,"0.05",TRUE,0.000342121576836196
"bivt",0.001,15000,"0.1",TRUE,0.000317225482654865
"bivt",0.001,15000,"0.01",TRUE,0.00039532667177211
"bivt",0.001,15000,"0.05",FALSE,0.00038871899549567
"bivt",0.001,15000,"0.1",FALSE,0.000339893709465271
"bivt",0.001,15000,"0.01",TRUE,0.00058000793586758
"bivt",0.001,15000,"0.05",TRUE,0.000631729290265873
"bivt",0.001,15000,"0.1",TRUE,0.000477754553598092
"bivt",0.001,15000,"0.01",TRUE,0.000854212765670094
"bivt",0.001,15000,"0.05",TRUE,0.000724402136057579
"bivt",0.001,15000,"0.1",TRUE,0.000638841567291311
"bivt",0.001,15000,"0.01",TRUE,0.00088041070359546
"bivt",0.001,15000,"0.05",TRUE,0.000382336734848195
"bivt",0.001,15000,"0.1",TRUE,0.000356419540954173
"bivt",0.001,15000,"0.01",TRUE,0.000518196683386899
"bivt",0.001,15000,"0.05",FALSE,0.00036833677579262
"bivt",0.001,15000,"0.1",FALSE,0.000324075666611765
"bivt",0.001,15000,"0.01",TRUE,0.000442785713899042
"bivt",0.001,15000,"0.05",TRUE,0.000451819570943037
"bivt",0.001,15000,"0.1",TRUE,0.000380916834114659
"bivt",0.001,15000,"0.01",TRUE,0.000620958139814991
"bivt",0.001,15000,"0.05",TRUE,0.000737657250186909
"bivt",0.001,15000,"0.1",TRUE,0.000686128162046737
"bivt",0.001,15000,"0.01",TRUE,0.000960959936340648
"bivt",0.001,15000,"0.05",TRUE,0.000585671514224741
"bivt",0.001,15000,"0.1",TRUE,0.000498371173169
"bivt",0.001,15000,"0.01",TRUE,0.000734984251569871
"bivt",0.001,15000,"0.05",FALSE,0.000414545170792605
"bivt",0.001,15000,"0.1",FALSE,0.000358765719602521
"bivt",0.001,15000,"0.01",FALSE,0.000505723982988412
"bivt",0.001,15000,"0.05",TRUE,0.000767310018989681
"bivt",0.001,15000,"0.1",TRUE,0.000707325518128302
"bivt",0.001,15000,"0.01",TRUE,0.000927733622218263
"bivt",0.001,15000,"0.05",TRUE,0.000477284426534017
"bivt",0.001,15000,"0.1",TRUE,0.000456673531184836
"bivt",0.001,15000,"0.01",TRUE,0.000502331220218396
"bivt",0.001,15000,"0.05",TRUE,0.000367074527252503
"bivt",0.001,15000,"0.1",TRUE,0.000339430937246263
"bivt",0.001,15000,"0.01",TRUE,0.00040106623288217
"bivt",0.001,15000,"0.05",TRUE,0.000690880901973338
"bivt",0.001,15000,"0.1",TRUE,0.000606758473123594
"bivt",0.001,15000,"0.01",TRUE,0.000904482216571132
"bivt",0.001,15000,"0.05",FALSE,0.00039300950962087
"bivt",0.001,15000,"0.1",FALSE,0.000337006131261596
"bivt",0.001,15000,"0.01",FALSE,0.00051116591702947
"bivt",0.001,15000,"0.05",TRUE,0.000666128667666225
"bivt",0.001,15000,"0.1",TRUE,0.000566662133369602
"bivt",0.001,15000,"0.01",TRUE,0.000767003009094823
"bivt",0.001,15000,"0.05",TRUE,0.000389702409069437
"bivt",0.001,15000,"0.1",TRUE,0.000367488346055849
"bivt",0.001,15000,"0.01",TRUE,0.00046708124153415
"bivt",0.001,15000,"0.05",TRUE,0.000503689466221597
"bivt",0.001,15000,"0.1",TRUE,0.000456960560026106
"bivt",0.001,15000,"0.01",TRUE,0.000593809070038081
"bivt",0.001,15000,"0.05",TRUE,0.000353054697353078
"bivt",0.001,15000,"0.1",FALSE,0.000304377473901983
"bivt",0.001,15000,"0.01",TRUE,0.000416255926431308
"bivt",0.001,15000,"0.05",TRUE,0.000632107022334226
"bivt",0.001,15000,"0.1",TRUE,0.000565041223773008
"bivt",0.001,15000,"0.01",TRUE,0.000758106963656392
"bivt",0.001,15000,"0.05",TRUE,0.000573162742331531
"bivt",0.001,15000,"0.1",TRUE,0.000468303497485047
"bivt",0.001,15000,"0.01",TRUE,0.000654016933604384
"bivt",0.001,15000,"0.05",TRUE,0.000416720346312214
"bivt",0.001,15000,"0.1",TRUE,0.000401512936837051
"bivt",0.001,15000,"0.01",TRUE,0.00044664721888992
"bivt",0.001,15000,"0.05",FALSE,0.0003546137119117
"bivt",0.001,15000,"0.1",FALSE,0.000334604140660109
"bivt",0.001,15000,"0.01",FALSE,0.000387116117279133
"bivt",0.001,15000,"0.05",TRUE,0.000578303753353266
"bivt",0.001,15000,"0.1",FALSE,0.000505707492562214
"bivt",0.001,15000,"0.01",TRUE,0.000754267938459238
"bivt",0.001,15000,"0.05",TRUE,0.000389657857022066
"bivt",0.001,15000,"0.1",TRUE,0.000363686670343809
"bivt",0.001,15000,"0.01",TRUE,0.000502254972628623
"bivt",0.001,15000,"0.05",TRUE,0.000454255336871264
"bivt",0.001,15000,"0.1",TRUE,0.000410014430579136
"bivt",0.001,15000,"0.01",TRUE,0.000598484735938933
"bivt",0.001,15000,"0.05",TRUE,0.000426006571906111
"bivt",0.001,15000,"0.1",FALSE,0.000348964038323648
"bivt",0.001,15000,"0.01",TRUE,0.000492577791483333
"bivt",0.001,15000,"0.05",TRUE,0.00077335034704098
"bivt",0.001,15000,"0.1",TRUE,0.000620400940851513
"bivt",0.001,15000,"0.01",TRUE,0.000893330225404421
"bivt",0.001,15000,"0.05",TRUE,0.000625176513751679
"bivt",0.001,15000,"0.1",TRUE,0.000571249700957697
"bivt",0.001,15000,"0.01",TRUE,0.000798151483761206
"bivt",0.001,15000,"0.05",TRUE,0.000555968547825228
"bivt",0.001,15000,"0.1",TRUE,0.000499516131361916
"bivt",0.001,15000,"0.01",TRUE,0.000704480607494736
"bivt",0.001,15000,"0.05",FALSE,0.000360801043590528
"bivt",0.001,15000,"0.1",FALSE,0.0003467804756878
"bivt",0.001,15000,"0.01",FALSE,0.000403948959875328
"bivt",0.001,15000,"0.05",TRUE,0.000485705585283366
"bivt",0.001,15000,"0.1",TRUE,0.000409982858229147
"bivt",0.001,15000,"0.01",TRUE,0.000605321370925384
"bivt",0.001,15000,"0.05",TRUE,0.000469829337667603
"bivt",0.001,15000,"0.1",FALSE,0.000405487693838264
"bivt",0.001,15000,"0.01",TRUE,0.000568194760519969
"bivt",0.001,15000,"0.05",FALSE,0.000545920741770487
"bivt",0.001,15000,"0.1",FALSE,0.000494303448393302
"bivt",0.001,15000,"0.01",FALSE,0.000613585094815692
"bivt",0.001,15000,"0.05",TRUE,0.000720299792942762
"bivt",0.001,15000,"0.1",TRUE,0.000577910958904106
"bivt",0.001,15000,"0.01",TRUE,0.000853737914927335
"bivt",0.001,15000,"0.05",FALSE,0.000574333021585486
"bivt",0.001,15000,"0.1",FALSE,0.000503990500124272
"bivt",0.001,15000,"0.01",TRUE,0.000696706357915523
"bivt",0.001,15000,"0.05",TRUE,0.00039526584451371
"bivt",0.001,15000,"0.1",TRUE,0.000375004254231973
"bivt",0.001,15000,"0.01",TRUE,0.000430765772744705
"bivt",0.001,15000,"0.05",TRUE,0.000663324222822808
"bivt",0.001,15000,"0.1",FALSE,0.000623472492393631
"bivt",0.001,15000,"0.01",TRUE,0.000775194538644713
"bivt",0.001,15000,"0.05",TRUE,0.000831089140904081
"bivt",0.001,15000,"0.1",TRUE,0.000753771345595633
"bivt",0.001,15000,"0.01",TRUE,0.00105532459656832
"bivt",0.001,15000,"0.05",TRUE,0.000529515383598597
"bivt",0.001,15000,"0.1",TRUE,0.000468164268303282
"bivt",0.001,15000,"0.01",TRUE,0.000667466336480422
"bivt",0.001,15000,"0.05",TRUE,0.000615523640092117
"bivt",0.001,15000,"0.1",TRUE,0.000480149626139674
"bivt",0.001,15000,"0.01",TRUE,0.000773361585462017
"bivt",0.001,15000,"0.05",FALSE,0.000394133715506952
"bivt",0.001,15000,"0.1",FALSE,0.000380948648565229
"bivt",0.001,15000,"0.01",TRUE,0.000418444190464588
"bivt",0.001,15000,"0.05",TRUE,0.000534032822641195
"bivt",0.001,15000,"0.1",TRUE,0.000488457193498436
"bivt",0.001,15000,"0.01",TRUE,0.000609386921107348
"bivt",0.001,15000,"0.05",TRUE,0.00054656843932143
"bivt",0.001,15000,"0.1",TRUE,0.000498722730140461
"bivt",0.001,15000,"0.01",TRUE,0.000705927532303233
"bivt",0.001,15000,"0.05",TRUE,0.000478790803051922
"bivt",0.001,15000,"0.1",TRUE,0.000444856874253849
"bivt",0.001,15000,"0.01",TRUE,0.000584120709014293
"bivt",0.001,15000,"0.05",FALSE,0.00046308753345701
"bivt",0.001,15000,"0.1",FALSE,0.000360872938896222
"bivt",0.001,15000,"0.01",TRUE,0.000613267783503848
"bivt",0.001,15000,"0.05",TRUE,0.000946518072312302
"bivt",0.001,15000,"0.1",TRUE,0.000849548077868215
"bivt",0.001,15000,"0.01",TRUE,0.00107791367690555
"bivt",0.001,15000,"0.05",TRUE,0.000627842934992767
"bivt",0.001,15000,"0.1",TRUE,0.000547617575495541
"bivt",0.001,15000,"0.01",TRUE,0.000743246223463135
"bivt",0.001,15000,"0.05",FALSE,0.000381823856354547
"bivt",0.001,15000,"0.1",FALSE,0.000359560791443787
"bivt",0.001,15000,"0.01",TRUE,0.000413055671844942
"bivt",0.001,15000,"0.05",TRUE,0.00044987577623727
"bivt",0.001,15000,"0.1",FALSE,0.000391632284383691
"bivt",0.001,15000,"0.01",TRUE,0.000622506396583403
"bivt",0.001,15000,"0.05",TRUE,0.000346955321032966
"bivt",0.001,15000,"0.1",TRUE,0.000315359977299219
"bivt",0.001,15000,"0.01",TRUE,0.000479578253502525
"bivt",0.001,15000,"0.05",TRUE,0.000496307754924295
"bivt",0.001,15000,"0.1",TRUE,0.000442640541038283
"bivt",0.001,15000,"0.01",TRUE,0.000604727456894279
"bivt",0.001,15000,"0.05",TRUE,0.000879433184679797
"bivt",0.001,15000,"0.1",TRUE,0.00079776483128071
"bivt",0.001,15000,"0.01",TRUE,0.00108967386312878
"bivt",0.001,15000,"0.05",TRUE,0.000722150479168085
"bivt",0.001,15000,"0.1",TRUE,0.000686947121466026
"bivt",0.001,15000,"0.01",TRUE,0.000882847553586725
"bivt",5e-04,30000,"0.05",TRUE,0.000193264547128426
"bivt",5e-04,30000,"0.1",FALSE,0.000174400213852252
"bivt",5e-04,30000,"0.01",TRUE,0.000270194071651635
"bivt",5e-04,30000,"0.05",FALSE,0.000158377397442589
"bivt",5e-04,30000,"0.1",FALSE,0.000145520595103145
"bivt",5e-04,30000,"0.01",FALSE,0.000210433596658413
"bivt",5e-04,30000,"0.05",TRUE,0.000445440067314426
"bivt",5e-04,30000,"0.1",TRUE,0.000356623923175884
"bivt",5e-04,30000,"0.01",TRUE,0.000476492954481164
"bivt",5e-04,30000,"0.05",TRUE,0.000179673704430672
"bivt",5e-04,30000,"0.1",TRUE,0.00016715842980865
"bivt",5e-04,30000,"0.01",TRUE,0.000204821578513212
"bivt",5e-04,30000,"0.05",TRUE,0.000225939492284447
"bivt",5e-04,30000,"0.1",FALSE,0.000197169614593855
"bivt",5e-04,30000,"0.01",TRUE,0.000248147062076567
"bivt",5e-04,30000,"0.05",TRUE,0.000262974645246218
"bivt",5e-04,30000,"0.1",TRUE,0.00024006743310368
"bivt",5e-04,30000,"0.01",TRUE,0.000330123010220267
"bivt",5e-04,30000,"0.05",TRUE,0.00021488659359064
"bivt",5e-04,30000,"0.1",TRUE,0.000193964208714901
"bivt",5e-04,30000,"0.01",TRUE,0.000268055959424795
"bivt",5e-04,30000,"0.05",TRUE,0.000176812127818124
"bivt",5e-04,30000,"0.1",TRUE,0.000168319639707621
"bivt",5e-04,30000,"0.01",TRUE,0.000197029468660916
"bivt",5e-04,30000,"0.05",TRUE,0.000392235037049024
"bivt",5e-04,30000,"0.1",TRUE,0.00035353897429152
"bivt",5e-04,30000,"0.01",TRUE,0.000437679421095541
"bivt",5e-04,30000,"0.05",TRUE,0.000261463027175699
"bivt",5e-04,30000,"0.1",TRUE,0.000225283278004499
"bivt",5e-04,30000,"0.01",TRUE,0.000300955685291361
"bivt",5e-04,30000,"0.05",TRUE,0.000225883554034177
"bivt",5e-04,30000,"0.1",TRUE,0.000195133761413042
"bivt",5e-04,30000,"0.01",TRUE,0.000269518570365388
"bivt",5e-04,30000,"0.05",TRUE,0.000270660720644454
"bivt",5e-04,30000,"0.1",TRUE,0.000247112561704704
"bivt",5e-04,30000,"0.01",TRUE,0.000322397100865851
"bivt",5e-04,30000,"0.05",TRUE,0.000291335577227031
"bivt",5e-04,30000,"0.1",TRUE,0.000261056511056507
"bivt",5e-04,30000,"0.01",TRUE,0.000345040707426644
"bivt",5e-04,30000,"0.05",TRUE,0.000233727991353912
"bivt",5e-04,30000,"0.1",TRUE,0.000217217924054705
"bivt",5e-04,30000,"0.01",TRUE,0.000287298210185433
"bivt",5e-04,30000,"0.05",TRUE,0.000238133083446956
"bivt",5e-04,30000,"0.1",TRUE,0.000202615611446522
"bivt",5e-04,30000,"0.01",TRUE,0.000276235427728875
"bivt",5e-04,30000,"0.05",TRUE,0.000419725219889375
"bivt",5e-04,30000,"0.1",TRUE,0.000388600872864685
"bivt",5e-04,30000,"0.01",TRUE,0.000488974280411983
"bivt",5e-04,30000,"0.05",FALSE,0.000284300862104421
"bivt",5e-04,30000,"0.1",FALSE,0.000256594596350253
"bivt",5e-04,30000,"0.01",TRUE,0.000358398504842278
"bivt",5e-04,30000,"0.05",TRUE,0.000166083501025905
"bivt",5e-04,30000,"0.1",TRUE,0.000155135960663432
"bivt",5e-04,30000,"0.01",TRUE,0.000218608730854872
"bivt",5e-04,30000,"0.05",TRUE,0.000188675252860105
"bivt",5e-04,30000,"0.1",TRUE,0.000179635906381331
"bivt",5e-04,30000,"0.01",TRUE,0.00020966664328233
"bivt",5e-04,30000,"0.05",TRUE,0.000354770447886267
"bivt",5e-04,30000,"0.1",TRUE,0.000330366513461835
"bivt",5e-04,30000,"0.01",TRUE,0.000440810007303031
"bivt",5e-04,30000,"0.05",TRUE,0.000169131142727946
"bivt",5e-04,30000,"0.1",TRUE,0.00015124897742313
"bivt",5e-04,30000,"0.01",TRUE,0.000213357119955394
"bivt",5e-04,30000,"0.05",TRUE,0.000150450358289031
"bivt",5e-04,30000,"0.1",FALSE,0.0001403895847405
"bivt",5e-04,30000,"0.01",TRUE,0.000174767791956464
"bivt",5e-04,30000,"0.05",FALSE,0.000232617628277341
"bivt",5e-04,30000,"0.1",FALSE,0.000209332595247965
"bivt",5e-04,30000,"0.01",TRUE,0.00025722891635531
"bivt",5e-04,30000,"0.05",TRUE,0.000319416044634467
"bivt",5e-04,30000,"0.1",TRUE,0.00029495402964567
"bivt",5e-04,30000,"0.01",TRUE,0.000374093730021576
"bivt",5e-04,30000,"0.05",TRUE,0.000210851085345202
"bivt",5e-04,30000,"0.1",TRUE,0.000190594333458077
"bivt",5e-04,30000,"0.01",TRUE,0.00025623790591402
"bivt",5e-04,30000,"0.05",TRUE,0.000190391761591974
"bivt",5e-04,30000,"0.1",TRUE,0.000180272550327334
"bivt",5e-04,30000,"0.01",TRUE,0.000202484081054151
"bivt",5e-04,30000,"0.05",TRUE,0.000231886021027277
"bivt",5e-04,30000,"0.1",TRUE,0.000217585203279873
"bivt",5e-04,30000,"0.01",TRUE,0.000295912343686005
"bivt",5e-04,30000,"0.05",TRUE,0.000182493505378191
"bivt",5e-04,30000,"0.1",TRUE,0.000176989158383273
"bivt",5e-04,30000,"0.01",TRUE,0.000196170874295155
"bivt",5e-04,30000,"0.05",FALSE,0.000157738961553969
"bivt",5e-04,30000,"0.1",FALSE,0.000145663632280932
"bivt",5e-04,30000,"0.01",FALSE,0.000176466866848752
"bivt",5e-04,30000,"0.05",TRUE,0.00016559713288307
"bivt",5e-04,30000,"0.1",TRUE,0.000147400157928741
"bivt",5e-04,30000,"0.01",TRUE,0.000219192641455993
"bivt",5e-04,30000,"0.05",TRUE,0.000247649580346532
"bivt",5e-04,30000,"0.1",TRUE,0.000218461930084415
"bivt",5e-04,30000,"0.01",TRUE,0.000282967723257521
"bivt",5e-04,30000,"0.05",TRUE,0.000209642911916984
"bivt",5e-04,30000,"0.1",TRUE,0.000184933345711076
"bivt",5e-04,30000,"0.01",TRUE,0.000288928466811658
"bivt",5e-04,30000,"0.05",TRUE,0.000242063084718813
"bivt",5e-04,30000,"0.1",TRUE,0.000209310468731796
"bivt",5e-04,30000,"0.01",TRUE,0.000282624559662122
"bivt",5e-04,30000,"0.05",FALSE,0.000151306514569085
"bivt",5e-04,30000,"0.1",FALSE,0.000140338210027041
"bivt",5e-04,30000,"0.01",FALSE,0.000174843865864339
"bivt",5e-04,30000,"0.05",TRUE,0.0002552285581631
"bivt",5e-04,30000,"0.1",TRUE,0.000234954411782642
"bivt",5e-04,30000,"0.01",TRUE,0.000297887194261171
"bivt",5e-04,30000,"0.05",TRUE,0.000280406884704765
"bivt",5e-04,30000,"0.1",TRUE,0.000257524034759036
"bivt",5e-04,30000,"0.01",TRUE,0.000308921284316014
"bivt",5e-04,30000,"0.05",TRUE,0.000369979185505596
"bivt",5e-04,30000,"0.1",TRUE,0.000337848124311976
"bivt",5e-04,30000,"0.01",TRUE,0.000440012950283457
"bivt",5e-04,30000,"0.05",TRUE,0.000161273029980472
"bivt",5e-04,30000,"0.1",TRUE,0.000149226522024485
"bivt",5e-04,30000,"0.01",TRUE,0.000184979895433113
"bivt",5e-04,30000,"0.05",TRUE,0.00039871786204015
"bivt",5e-04,30000,"0.1",TRUE,0.0003602219466609
"bivt",5e-04,30000,"0.01",TRUE,0.000463703862879375
"bivt",5e-04,30000,"0.05",FALSE,0.000184744128705284
"bivt",5e-04,30000,"0.1",FALSE,0.00016365760727318
"bivt",5e-04,30000,"0.01",TRUE,0.000229822583620042
"bivt",5e-04,30000,"0.05",TRUE,0.000276130800678002
"bivt",5e-04,30000,"0.1",TRUE,0.000249976920466165
"bivt",5e-04,30000,"0.01",TRUE,0.000326508645581265
"bivt",5e-04,30000,"0.05",FALSE,0.000213860626202819
"bivt",5e-04,30000,"0.1",FALSE,0.000187580723602805
"bivt",5e-04,30000,"0.01",FALSE,0.000257909488456425
"bivt",5e-04,30000,"0.05",FALSE,0.000299879978672115
"bivt",5e-04,30000,"0.1",FALSE,0.000272929802783559
"bivt",5e-04,30000,"0.01",TRUE,0.000362827348606168
"bivt",5e-04,30000,"0.05",TRUE,0.00018311746948674
"bivt",5e-04,30000,"0.1",TRUE,0.000171630617443294
"bivt",5e-04,30000,"0.01",TRUE,0.000199228305827762
"bivt",5e-04,30000,"0.05",TRUE,0.000196146007220106
"bivt",5e-04,30000,"0.1",TRUE,0.000185491319291988
"bivt",5e-04,30000,"0.01",TRUE,0.000211119560323542
"bivt",5e-04,30000,"0.05",TRUE,0.000204838427141822
"bivt",5e-04,30000,"0.1",TRUE,0.00018253437838483
"bivt",5e-04,30000,"0.01",TRUE,0.000260804313307641
"bivt",5e-04,30000,"0.05",TRUE,0.000251254558192937
"bivt",5e-04,30000,"0.1",TRUE,0.000229407148643178
"bivt",5e-04,30000,"0.01",TRUE,0.000305547635281152
"bivt",5e-04,30000,"0.05",TRUE,0.000314532729693989
"bivt",5e-04,30000,"0.1",TRUE,0.000296978166165228
"bivt",5e-04,30000,"0.01",TRUE,0.000402155115137973
"bivt",5e-04,30000,"0.05",TRUE,0.000161054424914511
"bivt",5e-04,30000,"0.1",TRUE,0.000145136990439369
"bivt",5e-04,30000,"0.01",TRUE,0.000205556720287292
"bivt",5e-04,30000,"0.05",TRUE,0.000188967332510329
"bivt",5e-04,30000,"0.1",TRUE,0.000177885037232351
"bivt",5e-04,30000,"0.01",TRUE,0.000203167669546425
"bivt",5e-04,30000,"0.05",TRUE,0.000188941040883389
"bivt",5e-04,30000,"0.1",TRUE,0.000179672417205173
"bivt",5e-04,30000,"0.01",TRUE,0.000202256559565021
"bivt",5e-04,30000,"0.05",FALSE,0.000171654603787809
"bivt",5e-04,30000,"0.1",FALSE,0.000162833265201995
"bivt",5e-04,30000,"0.01",FALSE,0.000183855662056899
"bivt",5e-04,30000,"0.05",TRUE,0.000275605058925038
"bivt",5e-04,30000,"0.1",FALSE,0.000249998424155238
"bivt",5e-04,30000,"0.01",TRUE,0.000324207677784041
"bivt",5e-04,30000,"0.05",TRUE,0.000253421085860783
"bivt",5e-04,30000,"0.1",TRUE,0.000229612993889223
"bivt",5e-04,30000,"0.01",TRUE,0.000311263105941261
"bivt",5e-04,30000,"0.05",TRUE,0.000195081040410965
"bivt",5e-04,30000,"0.1",TRUE,0.000182599265303136
"bivt",5e-04,30000,"0.01",TRUE,0.000225518678423482
"bivt",5e-04,30000,"0.05",FALSE,0.000215070864219232
"bivt",5e-04,30000,"0.1",FALSE,0.000187316902364494
"bivt",5e-04,30000,"0.01",TRUE,0.000281560218498868
"bivt",5e-04,30000,"0.05",TRUE,0.0003862758192887
"bivt",5e-04,30000,"0.1",TRUE,0.000368697492779831
"bivt",5e-04,30000,"0.01",TRUE,0.000449052876449302
"bivt",5e-04,30000,"0.05",FALSE,0.000195776765233738
"bivt",5e-04,30000,"0.1",FALSE,0.000176866657505878
"bivt",5e-04,30000,"0.01",TRUE,0.00023886319547613
"bivt",5e-04,30000,"0.05",TRUE,0.00017492358129695
"bivt",5e-04,30000,"0.1",TRUE,0.000161921244519153
"bivt",5e-04,30000,"0.01",TRUE,0.000199697844463773
"bivt",5e-04,30000,"0.05",FALSE,0.000176283839148224
"bivt",5e-04,30000,"0.1",FALSE,0.000167589130747214
"bivt",5e-04,30000,"0.01",FALSE,0.000200277115458439
"bivt",5e-04,30000,"0.05",FALSE,0.000168694654523865
"bivt",5e-04,30000,"0.1",FALSE,0.000158297127075546
"bivt",5e-04,30000,"0.01",FALSE,0.000188723518783159
"bivt",5e-04,30000,"0.05",TRUE,0.000279425456863398
"bivt",5e-04,30000,"0.1",TRUE,0.00026130110394653
"bivt",5e-04,30000,"0.01",TRUE,0.000344253308079427
"bivt",5e-04,30000,"0.05",FALSE,0.000211665537345525
"bivt",5e-04,30000,"0.1",FALSE,0.00019404583977875
"bivt",5e-04,30000,"0.01",TRUE,0.000276172560402081
"bivt",5e-04,30000,"0.05",TRUE,0.000198518488236287
"bivt",5e-04,30000,"0.1",TRUE,0.000189107413010591
"bivt",5e-04,30000,"0.01",TRUE,0.000217090837920593
"bivt",5e-04,30000,"0.05",TRUE,0.00017865557834884
"bivt",5e-04,30000,"0.1",TRUE,0.000167406590970664
"bivt",5e-04,30000,"0.01",TRUE,0.000198965077514095
"bivt",5e-04,30000,"0.05",TRUE,0.000183745749637607
"bivt",5e-04,30000,"0.1",FALSE,0.000165196620688982
"bivt",5e-04,30000,"0.01",TRUE,0.000225067411667505
"bivt",5e-04,30000,"0.05",FALSE,0.000170035420549156
"bivt",5e-04,30000,"0.1",FALSE,0.00016106989839351
"bivt",5e-04,30000,"0.01",TRUE,0.000192620808979445
"bivt",5e-04,30000,"0.05",TRUE,0.000263757752685129
"bivt",5e-04,30000,"0.1",TRUE,0.000232843818574508
"bivt",5e-04,30000,"0.01",TRUE,0.000299095618181269
"bivt",5e-04,30000,"0.05",TRUE,0.000168063907886785
"bivt",5e-04,30000,"0.1",TRUE,0.000158478760763786
"bivt",5e-04,30000,"0.01",TRUE,0.000186175284564674
"bivt",5e-04,30000,"0.05",FALSE,0.000174175069598345
"bivt",5e-04,30000,"0.1",FALSE,0.000153783893160663
"bivt",5e-04,30000,"0.01",FALSE,0.000219498401797883
"bivt",5e-04,30000,"0.05",TRUE,0.000171495305678095
"bivt",5e-04,30000,"0.1",TRUE,0.000156930300016335
"bivt",5e-04,30000,"0.01",TRUE,0.000221692168108349
"bivt",5e-04,30000,"0.05",TRUE,0.000196861210863563
"bivt",5e-04,30000,"0.1",TRUE,0.000176676745953059
"bivt",5e-04,30000,"0.01",TRUE,0.000225723454681544
"bivt",5e-04,30000,"0.05",TRUE,0.00020741555142818
"bivt",5e-04,30000,"0.1",FALSE,0.000173998463286561
"bivt",5e-04,30000,"0.01",TRUE,0.000254155198368816
"bivt",5e-04,30000,"0.05",TRUE,0.000256478230601735
"bivt",5e-04,30000,"0.1",TRUE,0.000228689779656833
"bivt",5e-04,30000,"0.01",TRUE,0.000302183307107726
"bivt",5e-04,30000,"0.05",TRUE,0.000354611741721569
"bivt",5e-04,30000,"0.1",TRUE,0.000322009982502129
"bivt",5e-04,30000,"0.01",TRUE,0.000415224564820085
"bivt",5e-04,30000,"0.05",TRUE,0.000172987641860736
"bivt",5e-04,30000,"0.1",TRUE,0.000161841844368283
"bivt",5e-04,30000,"0.01",TRUE,0.000210398527407868
"bivt",5e-04,30000,"0.05",TRUE,0.000171457070374053
"bivt",5e-04,30000,"0.1",TRUE,0.000157101364351502
"bivt",5e-04,30000,"0.01",TRUE,0.000202894032781715
"bivt",5e-04,30000,"0.05",TRUE,0.000246212459031997
"bivt",5e-04,30000,"0.1",TRUE,0.000213387241689136
"bivt",5e-04,30000,"0.01",TRUE,0.00031459464062905
"bivt",5e-04,30000,"0.05",FALSE,0.000167984757024531
"bivt",5e-04,30000,"0.1",FALSE,0.000152898117754959
"bivt",5e-04,30000,"0.01",TRUE,0.000210122129824915
"bivt",5e-04,30000,"0.05",FALSE,0.000197744392513034
"bivt",5e-04,30000,"0.1",FALSE,0.00018736825897122
"bivt",5e-04,30000,"0.01",FALSE,0.000220492305254616
"bivt",5e-04,30000,"0.05",TRUE,0.000292678835474324
"bivt",5e-04,30000,"0.1",TRUE,0.000267007809898017
"bivt",5e-04,30000,"0.01",TRUE,0.000366089377101961
"bivt",5e-04,30000,"0.05",TRUE,0.000148028768738471
"bivt",5e-04,30000,"0.1",TRUE,0.0001373981191365
"bivt",5e-04,30000,"0.01",TRUE,0.000171283276050414
"bivt",5e-04,30000,"0.05",TRUE,0.000242547149313035
"bivt",5e-04,30000,"0.1",TRUE,0.000223213517707413
"bivt",5e-04,30000,"0.01",TRUE,0.000305784845105967
"bivt",5e-04,30000,"0.05",TRUE,0.000198224431894036
"bivt",5e-04,30000,"0.1",TRUE,0.00017188837362227
"bivt",5e-04,30000,"0.01",TRUE,0.000239640972052004
"bivt",5e-04,30000,"0.05",TRUE,0.000407879296792004
"bivt",5e-04,30000,"0.1",TRUE,0.000367931798583663
"bivt",5e-04,30000,"0.01",TRUE,0.000508898358992667
"bivt",5e-04,30000,"0.05",FALSE,0.000163828263441688
"bivt",5e-04,30000,"0.1",FALSE,0.00014736716684389
"bivt",5e-04,30000,"0.01",TRUE,0.000230714598740788
"bivt",5e-04,30000,"0.05",TRUE,0.000154690777178084
"bivt",5e-04,30000,"0.1",TRUE,0.000138628913790346
"bivt",5e-04,30000,"0.01",TRUE,0.00018281799845183
"bivt",5e-04,30000,"0.05",TRUE,0.000283699931703616
"bivt",5e-04,30000,"0.1",TRUE,0.000251315087860936
"bivt",5e-04,30000,"0.01",TRUE,0.000348408972677993
"bivt",5e-04,30000,"0.05",TRUE,0.00018233164782503
"bivt",5e-04,30000,"0.1",TRUE,0.000172298794405726
"bivt",5e-04,30000,"0.01",TRUE,0.000205645979765809
"bivt",5e-04,30000,"0.05",TRUE,0.000263353789174471
"bivt",5e-04,30000,"0.1",TRUE,0.000239436122945871
"bivt",5e-04,30000,"0.01",TRUE,0.000310776683688314
"bivt",5e-04,30000,"0.05",TRUE,0.000187335754490588
"bivt",5e-04,30000,"0.1",TRUE,0.000174722535606888
"bivt",5e-04,30000,"0.01",TRUE,0.000221432144693748
"bivt",5e-04,30000,"0.05",TRUE,0.000156765408158945
"bivt",5e-04,30000,"0.1",TRUE,0.000143557233462026
"bivt",5e-04,30000,"0.01",TRUE,0.000187275299207361
"bivt",5e-04,30000,"0.05",TRUE,0.000329986649632299
"bivt",5e-04,30000,"0.1",TRUE,0.000300387987553447
"bivt",5e-04,30000,"0.01",TRUE,0.00038593491864307
"bivt",5e-04,30000,"0.05",TRUE,0.000290393115142239
"bivt",5e-04,30000,"0.1",TRUE,0.000240205360703425
"bivt",5e-04,30000,"0.01",TRUE,0.00033171120983431
"bivt",5e-04,30000,"0.05",FALSE,0.000150853533812306
"bivt",5e-04,30000,"0.1",FALSE,0.000139870417364973
"bivt",5e-04,30000,"0.01",TRUE,0.000184971816507956
"bivt",5e-04,30000,"0.05",TRUE,0.000344705516626928
"bivt",5e-04,30000,"0.1",TRUE,0.000308429827458669
"bivt",5e-04,30000,"0.01",TRUE,0.000392860725029491
"bivt",5e-04,30000,"0.05",TRUE,0.000318277985296292
"bivt",5e-04,30000,"0.1",TRUE,0.000289421198182012
"bivt",5e-04,30000,"0.01",TRUE,0.000377322200297809
"bivt",5e-04,30000,"0.05",TRUE,0.000179681243985736
"bivt",5e-04,30000,"0.1",TRUE,0.000166716726697175
"bivt",5e-04,30000,"0.01",TRUE,0.000217907618621001
"bivt",5e-04,30000,"0.05",FALSE,0.000168845534105962
"bivt",5e-04,30000,"0.1",FALSE,0.000150893086568848
"bivt",5e-04,30000,"0.01",FALSE,0.000204752294590197
"bivt",5e-04,30000,"0.05",TRUE,0.000331008122443235
"bivt",5e-04,30000,"0.1",TRUE,0.000286379292744766
"bivt",5e-04,30000,"0.01",TRUE,0.000399976097038461
"bivt",5e-04,30000,"0.05",TRUE,0.000193653162466671
"bivt",5e-04,30000,"0.1",TRUE,0.000173694205561302
"bivt",5e-04,30000,"0.01",TRUE,0.000282695340058264
"bivt",5e-04,30000,"0.05",TRUE,0.000200765682444377
"bivt",5e-04,30000,"0.1",TRUE,0.000178687765518802
"bivt",5e-04,30000,"0.01",TRUE,0.00023858650831952
"bivt",5e-04,30000,"0.05",TRUE,0.000149340683564564
"bivt",5e-04,30000,"0.1",TRUE,0.000138710074276977
"bivt",5e-04,30000,"0.01",TRUE,0.000171729948539535
"bivt",5e-04,30000,"0.05",TRUE,0.000452779330263239
"bivt",5e-04,30000,"0.1",TRUE,0.000406634069639467
"bivt",5e-04,30000,"0.01",TRUE,0.000514466780176756
"bivt",5e-04,30000,"0.05",TRUE,0.000235800634628951
"bivt",5e-04,30000,"0.1",TRUE,0.000211572903237832
"bivt",5e-04,30000,"0.01",TRUE,0.000263925916667464
"bivt",5e-04,30000,"0.05",TRUE,0.00016996997961849
"bivt",5e-04,30000,"0.1",TRUE,0.000156012409054114
"bivt",5e-04,30000,"0.01",TRUE,0.000190565652599014
"bivt",5e-04,30000,"0.05",TRUE,0.000168589592067353
"bivt",5e-04,30000,"0.1",TRUE,0.000160488308507028
"bivt",5e-04,30000,"0.01",TRUE,0.000185432734524066
"bivt",5e-04,30000,"0.05",FALSE,0.000154820637743306
"bivt",5e-04,30000,"0.1",FALSE,0.00014370911474621
"bivt",5e-04,30000,"0.01",FALSE,0.000189888245669304
"bivt",5e-04,30000,"0.05",FALSE,0.000154235841272867
"bivt",5e-04,30000,"0.1",FALSE,0.000138768361889489
"bivt",5e-04,30000,"0.01",FALSE,0.000172997245810388
"bivt",5e-04,30000,"0.05",TRUE,0.000178806686486112
"bivt",5e-04,30000,"0.1",TRUE,0.000161348937370493
"bivt",5e-04,30000,"0.01",TRUE,0.000217067196658328
"bivt",5e-04,30000,"0.05",TRUE,0.000237519812363482
"bivt",5e-04,30000,"0.1",TRUE,0.000196855840710964
"bivt",5e-04,30000,"0.01",TRUE,0.000301769254144581
"bivt",5e-04,30000,"0.05",FALSE,0.000258014617278911
"bivt",5e-04,30000,"0.1",FALSE,0.000235247073356611
"bivt",5e-04,30000,"0.01",FALSE,0.000280810074949876
"bivt",5e-04,30000,"0.05",FALSE,0.000149207216274477
"bivt",5e-04,30000,"0.1",FALSE,0.00014146769901528
"bivt",5e-04,30000,"0.01",TRUE,0.000165671582868564
"bivt",5e-04,30000,"0.05",TRUE,0.000201533426383448
"bivt",5e-04,30000,"0.1",TRUE,0.00017139299580134
"bivt",5e-04,30000,"0.01",TRUE,0.00026089890038433
"bivt",5e-04,30000,"0.05",TRUE,0.000174861890550388
"bivt",5e-04,30000,"0.1",TRUE,0.000162954793799472
"bivt",5e-04,30000,"0.01",TRUE,0.00020250368697366
"bivt",5e-04,30000,"0.05",TRUE,0.000241828998641441
"bivt",5e-04,30000,"0.1",TRUE,0.000215737100770304
"bivt",5e-04,30000,"0.01",TRUE,0.000285193516736706
"bivt",5e-04,30000,"0.05",TRUE,0.000257096088124603
"bivt",5e-04,30000,"0.1",TRUE,0.000233370900356317
"bivt",5e-04,30000,"0.01",TRUE,0.000333869746695637
"bivt",5e-04,30000,"0.05",TRUE,0.000255965354846302
"bivt",5e-04,30000,"0.1",TRUE,0.000231543098010187
"bivt",5e-04,30000,"0.01",TRUE,0.000314640707185458
"bivt",5e-04,30000,"0.05",TRUE,0.000218019486370708
"bivt",5e-04,30000,"0.1",TRUE,0.000197342401804045
"bivt",5e-04,30000,"0.01",TRUE,0.00030158583580552
"bivt",5e-04,30000,"0.05",TRUE,0.000169481546414995
"bivt",5e-04,30000,"0.1",TRUE,0.000163280197162581
"bivt",5e-04,30000,"0.01",TRUE,0.000187373929931927
"bivt",5e-04,30000,"0.05",TRUE,0.000161516055179336
"bivt",5e-04,30000,"0.1",TRUE,0.000151097081198444
"bivt",5e-04,30000,"0.01",TRUE,0.000189650386623062
"bivt",5e-04,30000,"0.05",TRUE,0.000245728449702716
"bivt",5e-04,30000,"0.1",TRUE,0.000228883555315166
"bivt",5e-04,30000,"0.01",TRUE,0.00029809215866429
"bivt",5e-04,30000,"0.05",TRUE,0.000179187658862429
"bivt",5e-04,30000,"0.1",TRUE,0.000170998031180204
"bivt",5e-04,30000,"0.01",TRUE,0.000192188026943505
"bivt",5e-04,30000,"0.05",TRUE,0.000208683854409605
"bivt",5e-04,30000,"0.1",TRUE,0.00018857540663427
"bivt",5e-04,30000,"0.01",TRUE,0.000246696368064352
"bivt",5e-04,30000,"0.05",TRUE,0.000183759774333567
"bivt",5e-04,30000,"0.1",TRUE,0.000165899483684936
"bivt",5e-04,30000,"0.01",TRUE,0.000208685598008409
"bivt",5e-04,30000,"0.05",TRUE,0.000152404071519488
"bivt",5e-04,30000,"0.1",TRUE,0.000144202116474649
"bivt",5e-04,30000,"0.01",TRUE,0.000175893909194004
"bivt",5e-04,30000,"0.05",TRUE,0.000205447957640211
"bivt",5e-04,30000,"0.1",TRUE,0.00018073970100791
"bivt",5e-04,30000,"0.01",TRUE,0.000269103931932844
"bivt",5e-04,30000,"0.05",TRUE,0.000189679836243075
"bivt",5e-04,30000,"0.1",TRUE,0.000157573000462144
"bivt",5e-04,30000,"0.01",TRUE,0.000241305235098222
"bivt",5e-04,30000,"0.05",TRUE,0.000217968960332611
"bivt",5e-04,30000,"0.1",TRUE,0.000184119677790562
"bivt",5e-04,30000,"0.01",TRUE,0.000262389176446471
"bivt",5e-04,30000,"0.05",TRUE,0.000263133640612468
"bivt",5e-04,30000,"0.1",TRUE,0.000226728678291516
"bivt",5e-04,30000,"0.01",TRUE,0.000321822691094952
"bivt",5e-04,30000,"0.05",TRUE,0.000265603300812205
"bivt",5e-04,30000,"0.1",TRUE,0.000234168142762283
"bivt",5e-04,30000,"0.01",TRUE,0.000319486766875523
"bivt",5e-04,30000,"0.05",FALSE,0.000300058811527064
"bivt",5e-04,30000,"0.1",FALSE,0.000276011813305607
"bivt",5e-04,30000,"0.01",FALSE,0.000351814407159295
"bivt",5e-04,30000,"0.05",TRUE,0.000295464738388196
"bivt",5e-04,30000,"0.1",TRUE,0.000262285896739834
"bivt",5e-04,30000,"0.01",TRUE,0.000360754758171504
"bivt",5e-04,30000,"0.05",TRUE,0.000226127129224297
"bivt",5e-04,30000,"0.1",TRUE,0.000183465630665493
"bivt",5e-04,30000,"0.01",TRUE,0.000266633350194719
"bivt",5e-04,30000,"0.05",TRUE,0.000397705050819407
"bivt",5e-04,30000,"0.1",TRUE,0.000355485498134494
"bivt",5e-04,30000,"0.01",TRUE,0.000492049215237951
"bivt",5e-04,30000,"0.05",TRUE,0.000226763961973425
"bivt",5e-04,30000,"0.1",TRUE,0.000198372490712207
"bivt",5e-04,30000,"0.01",TRUE,0.000275673166185227
"bivt",5e-04,30000,"0.05",TRUE,0.000164401931400242
"bivt",5e-04,30000,"0.1",TRUE,0.000144146817262496
"bivt",5e-04,30000,"0.01",TRUE,0.000199345613827468
"bivt",5e-04,30000,"0.05",FALSE,0.000217347337138403
"bivt",5e-04,30000,"0.1",FALSE,0.000186165919105384
"bivt",5e-04,30000,"0.01",FALSE,0.000260646116171407
"bivt",5e-04,30000,"0.05",TRUE,0.000152289873491366
"bivt",5e-04,30000,"0.1",FALSE,0.000134171953308723
"bivt",5e-04,30000,"0.01",TRUE,0.000189962451603602
"bivt",5e-04,30000,"0.05",TRUE,0.00018269204135475
"bivt",5e-04,30000,"0.1",TRUE,0.000164556444035218
"bivt",5e-04,30000,"0.01",TRUE,0.00021042099095252
"bivt",5e-04,30000,"0.05",TRUE,0.000165492156252463
"bivt",5e-04,30000,"0.1",TRUE,0.000150461120852414
"bivt",5e-04,30000,"0.01",TRUE,0.000208563267899055
"bivt",5e-04,30000,"0.05",TRUE,0.000190280819269262
"bivt",5e-04,30000,"0.1",TRUE,0.000175699418840381
"bivt",5e-04,30000,"0.01",TRUE,0.000227881350020163
"bivt",5e-04,30000,"0.05",TRUE,0.000191427031028226
"bivt",5e-04,30000,"0.1",TRUE,0.00017493000165446
"bivt",5e-04,30000,"0.01",TRUE,0.000234917572697403
"bivt",5e-04,30000,"0.05",TRUE,0.000158025567966843
"bivt",5e-04,30000,"0.1",TRUE,0.000144009847425486
"bivt",5e-04,30000,"0.01",TRUE,0.000185597850725612
"bivt",5e-04,30000,"0.05",TRUE,0.000169119388711096
"bivt",5e-04,30000,"0.1",TRUE,0.000162128344612379
"bivt",5e-04,30000,"0.01",TRUE,0.000183451463159452
"bivt",5e-04,30000,"0.05",TRUE,0.000235395443575026
"bivt",5e-04,30000,"0.1",TRUE,0.000205442191913299
"bivt",5e-04,30000,"0.01",TRUE,0.00030577175780855
"bivt",5e-04,30000,"0.05",TRUE,0.000193776436012327
"bivt",5e-04,30000,"0.1",TRUE,0.00018481454791353
"bivt",5e-04,30000,"0.01",TRUE,0.000212910984145467
"bivt",5e-04,30000,"0.05",TRUE,0.000265014262585767
"bivt",5e-04,30000,"0.1",TRUE,0.00023668896811876
"bivt",5e-04,30000,"0.01",TRUE,0.000345442498202634
"bivt",5e-04,30000,"0.05",TRUE,0.000237105705182293
"bivt",5e-04,30000,"0.1",TRUE,0.000210879853230597
"bivt",5e-04,30000,"0.01",TRUE,0.000295526186886898
"bivt",5e-04,30000,"0.05",TRUE,0.000171289843995863
"bivt",5e-04,30000,"0.1",TRUE,0.000164044564897191
"bivt",5e-04,30000,"0.01",TRUE,0.000182735068206227
"bivt",5e-04,30000,"0.05",TRUE,0.000204022852068642
"bivt",5e-04,30000,"0.1",TRUE,0.00019741100885269
"bivt",5e-04,30000,"0.01",TRUE,0.000277496030582389
"bivt",5e-04,30000,"0.05",TRUE,0.000209493303850258
"bivt",5e-04,30000,"0.1",TRUE,0.000180989492407803
"bivt",5e-04,30000,"0.01",TRUE,0.000259538012741328
"bivt",5e-04,30000,"0.05",FALSE,0.000132061202178547
"bivt",5e-04,30000,"0.1",FALSE,0.000119503244150462
"bivt",5e-04,30000,"0.01",TRUE,0.000169594100913133
"bivt",5e-04,30000,"0.05",TRUE,0.000203505987997092
"bivt",5e-04,30000,"0.1",TRUE,0.000194352087824708
"bivt",5e-04,30000,"0.01",TRUE,0.000227695781828606
"bivt",5e-04,30000,"0.05",TRUE,0.00028672233189516
"bivt",5e-04,30000,"0.1",TRUE,0.000263069361725025
"bivt",5e-04,30000,"0.01",TRUE,0.000336406870400626
"bivt",5e-04,30000,"0.05",TRUE,0.000191135061905019
"bivt",5e-04,30000,"0.1",TRUE,0.000174113441333806
"bivt",5e-04,30000,"0.01",TRUE,0.000236684312323319
"bivt",5e-04,30000,"0.05",TRUE,0.000171873670587766
"bivt",5e-04,30000,"0.1",TRUE,0.000162781382334314
"bivt",5e-04,30000,"0.01",TRUE,0.000189706407915287
"bivt",5e-04,30000,"0.05",FALSE,0.000157998638728096
"bivt",5e-04,30000,"0.1",FALSE,0.000145225163029812
"bivt",5e-04,30000,"0.01",FALSE,0.000172369416600109
"bivt",5e-04,30000,"0.05",TRUE,0.000208880803180387
"bivt",5e-04,30000,"0.1",TRUE,0.000168859535102033
"bivt",5e-04,30000,"0.01",TRUE,0.000263559278592316
"bivt",5e-04,30000,"0.05",TRUE,0.000278023662999406
"bivt",5e-04,30000,"0.1",TRUE,0.000261550687956277
"bivt",5e-04,30000,"0.01",TRUE,0.000316876139272311
"bivt",5e-04,30000,"0.05",TRUE,0.000191037692554966
"bivt",5e-04,30000,"0.1",TRUE,0.00017228005924211
"bivt",5e-04,30000,"0.01",TRUE,0.000227596355999361
"bivt",5e-04,30000,"0.05",FALSE,0.000166151817567958
"bivt",5e-04,30000,"0.1",FALSE,0.000153062806906036
"bivt",5e-04,30000,"0.01",FALSE,0.000223414578534226
"bivt",5e-04,30000,"0.05",TRUE,0.000156687643407971
"bivt",5e-04,30000,"0.1",TRUE,0.000148367333293659
"bivt",5e-04,30000,"0.01",TRUE,0.000176657274972406
"bivt",5e-04,30000,"0.05",FALSE,0.000154545539510916
"bivt",5e-04,30000,"0.1",FALSE,0.000148297563348377
"bivt",5e-04,30000,"0.01",FALSE,0.00016685293128188
"bivt",5e-04,30000,"0.05",TRUE,0.000208773471435428
"bivt",5e-04,30000,"0.1",TRUE,0.000201279241400906
"bivt",5e-04,30000,"0.01",TRUE,0.000219894159162254
"bivt",5e-04,30000,"0.05",TRUE,0.000186615614042958
"bivt",5e-04,30000,"0.1",TRUE,0.00017840937549027
"bivt",5e-04,30000,"0.01",TRUE,0.000208004645923679
"bivt",5e-04,30000,"0.05",FALSE,0.000165295577173327
"bivt",5e-04,30000,"0.1",FALSE,0.000155793042846689
"bivt",5e-04,30000,"0.01",TRUE,0.000236794672656446
"bivt",5e-04,30000,"0.05",TRUE,0.000207628584918585
"bivt",5e-04,30000,"0.1",TRUE,0.000174278340599583
"bivt",5e-04,30000,"0.01",TRUE,0.000253085228004035
"bivt",5e-04,30000,"0.05",TRUE,0.000277368792896308
"bivt",5e-04,30000,"0.1",TRUE,0.000253966852869753
"bivt",5e-04,30000,"0.01",TRUE,0.000326789366807991
"bivt",5e-04,30000,"0.05",TRUE,0.000175802383583087
"bivt",5e-04,30000,"0.1",TRUE,0.000161608651805813
"bivt",5e-04,30000,"0.01",TRUE,0.000202553744732424
"bivt",5e-04,30000,"0.05",TRUE,0.000361536146819582
"bivt",5e-04,30000,"0.1",TRUE,0.00031243179582474
"bivt",5e-04,30000,"0.01",TRUE,0.00043331237294531
"bivt",5e-04,30000,"0.05",TRUE,0.000253125867453815
"bivt",5e-04,30000,"0.1",TRUE,0.000231317899340394
"bivt",5e-04,30000,"0.01",TRUE,0.000308755658652387
"bivt",5e-04,30000,"0.05",TRUE,0.000156883727689481
"bivt",5e-04,30000,"0.1",TRUE,0.000149115995363336
"bivt",5e-04,30000,"0.01",TRUE,0.000169020508382542
"bivt",5e-04,30000,"0.05",TRUE,0.000203850752929471
"bivt",5e-04,30000,"0.1",TRUE,0.000189370093651189
"bivt",5e-04,30000,"0.01",TRUE,0.000222681728990381
"bivt",5e-04,30000,"0.05",TRUE,0.000184728241758072
"bivt",5e-04,30000,"0.1",TRUE,0.000167040154923312
"bivt",5e-04,30000,"0.01",TRUE,0.000249285128979036
"bivt",5e-04,30000,"0.05",TRUE,0.000260831166731369
"bivt",5e-04,30000,"0.1",TRUE,0.000234054658386917
"bivt",5e-04,30000,"0.01",TRUE,0.000318428392751866
"bivt",5e-04,30000,"0.05",FALSE,0.000198523154137233
"bivt",5e-04,30000,"0.1",FALSE,0.000168759281760497
"bivt",5e-04,30000,"0.01",FALSE,0.000235451069365869
"bivt",5e-04,30000,"0.05",TRUE,0.000176308872043076
"bivt",5e-04,30000,"0.1",TRUE,0.000158790853332385
"bivt",5e-04,30000,"0.01",TRUE,0.000232380239431809
"bivt",5e-04,30000,"0.05",TRUE,0.000218168604317022
"bivt",5e-04,30000,"0.1",TRUE,0.000190282540841169
"bivt",5e-04,30000,"0.01",TRUE,0.000261985972069746
"bivt",5e-04,30000,"0.05",TRUE,0.00014691675754701
"bivt",5e-04,30000,"0.1",TRUE,0.00013377052347936
"bivt",5e-04,30000,"0.01",TRUE,0.000179562703447282
"bivt",5e-04,30000,"0.05",TRUE,0.000176338521996577
"bivt",5e-04,30000,"0.1",TRUE,0.000160000463540441
"bivt",5e-04,30000,"0.01",TRUE,0.000235271231559539
"bivt",5e-04,30000,"0.05",TRUE,0.000341327891917293
"bivt",5e-04,30000,"0.1",TRUE,0.000310206839026778
"bivt",5e-04,30000,"0.01",TRUE,0.000411911978010102
"bivt",5e-04,30000,"0.05",TRUE,0.00016296613839858
"bivt",5e-04,30000,"0.1",TRUE,0.000142589578441756
"bivt",5e-04,30000,"0.01",TRUE,0.000216557399906772
"bivt",5e-04,30000,"0.05",FALSE,0.000179450702594785
"bivt",5e-04,30000,"0.1",FALSE,0.000171165982673975
"bivt",5e-04,30000,"0.01",FALSE,0.00020490035762692
"bivt",5e-04,30000,"0.05",TRUE,0.000204209286413839
"bivt",5e-04,30000,"0.1",TRUE,0.000198483095751802
"bivt",5e-04,30000,"0.01",TRUE,0.000220648157272836
"bivt",5e-04,30000,"0.05",TRUE,0.000265897400755321
"bivt",5e-04,30000,"0.1",TRUE,0.000245575113704542
"bivt",5e-04,30000,"0.01",TRUE,0.00031341146207463
"bivt",5e-04,30000,"0.05",TRUE,0.000283867443278346
"bivt",5e-04,30000,"0.1",TRUE,0.000256561587095464
"bivt",5e-04,30000,"0.01",TRUE,0.000330640418309329
"bivt",5e-04,30000,"0.05",TRUE,0.000189087096094922
"bivt",5e-04,30000,"0.1",TRUE,0.000182228771239586
"bivt",5e-04,30000,"0.01",TRUE,0.000207992545572403
"bivt",5e-04,30000,"0.05",TRUE,0.000404670659142385
"bivt",5e-04,30000,"0.1",TRUE,0.000368689946803305
"bivt",5e-04,30000,"0.01",TRUE,0.000470112328863719
"bivt",5e-04,30000,"0.05",TRUE,0.000183305766576613
"bivt",5e-04,30000,"0.1",FALSE,0.000173351571678982
"bivt",5e-04,30000,"0.01",TRUE,0.000200131587905001
"bivt",5e-04,30000,"0.05",FALSE,0.000165780140876282
"bivt",5e-04,30000,"0.1",FALSE,0.000148034764039954
"bivt",5e-04,30000,"0.01",FALSE,0.000206127602569824
"bivt",5e-04,30000,"0.05",TRUE,0.000237392408067322
"bivt",5e-04,30000,"0.1",TRUE,0.000217220179251616
"bivt",5e-04,30000,"0.01",TRUE,0.00029709929515519
"bivt",5e-04,30000,"0.05",TRUE,0.000308954637929314
"bivt",5e-04,30000,"0.1",TRUE,0.000275106612058778
"bivt",5e-04,30000,"0.01",TRUE,0.000372649294672413
"bivt",5e-04,30000,"0.05",TRUE,0.000190235617598949
"bivt",5e-04,30000,"0.1",TRUE,0.000174504988561974
"bivt",5e-04,30000,"0.01",TRUE,0.000233335596812992
"bivt",5e-04,30000,"0.05",TRUE,0.000291937258765573
"bivt",5e-04,30000,"0.1",TRUE,0.000260873952351126
"bivt",5e-04,30000,"0.01",TRUE,0.000352378181073386
"bivt",5e-04,30000,"0.05",FALSE,0.000174966273974644
"bivt",5e-04,30000,"0.1",FALSE,0.000155629680070696
"bivt",5e-04,30000,"0.01",FALSE,0.000201913795595371
"bivt",5e-04,30000,"0.05",FALSE,0.000150890507108715
"bivt",5e-04,30000,"0.1",FALSE,0.000133953749428394
"bivt",5e-04,30000,"0.01",TRUE,0.000196826740365505
"bivt",5e-04,30000,"0.05",TRUE,0.000242426840173056
"bivt",5e-04,30000,"0.1",TRUE,0.000220067954741693
"bivt",5e-04,30000,"0.01",TRUE,0.000303860421689234
"bivt",5e-04,30000,"0.05",TRUE,0.000183809856409773
"bivt",5e-04,30000,"0.1",TRUE,0.000176472830843072
"bivt",5e-04,30000,"0.01",TRUE,0.000199514608849178
"bivt",5e-04,30000,"0.05",TRUE,0.000172237672753189
"bivt",5e-04,30000,"0.1",TRUE,0.000167112607196062
"bivt",5e-04,30000,"0.01",TRUE,0.000186665375492802
"bivt",5e-04,30000,"0.05",TRUE,0.000242586426157702
"bivt",5e-04,30000,"0.1",TRUE,0.000207193561418563
"bivt",5e-04,30000,"0.01",TRUE,0.000298293391524556
"bivt",5e-04,30000,"0.05",TRUE,0.000180799615128113
"bivt",5e-04,30000,"0.1",TRUE,0.000166298477191194
"bivt",5e-04,30000,"0.01",TRUE,0.000220004316126996
"bivt",5e-04,30000,"0.05",TRUE,0.00018410416987519
"bivt",5e-04,30000,"0.1",FALSE,0.000167450814911353
"bivt",5e-04,30000,"0.01",TRUE,0.000202656438034021
"bivt",5e-04,30000,"0.05",TRUE,0.000166852596439593
"bivt",5e-04,30000,"0.1",TRUE,0.000156443947331662
"bivt",5e-04,30000,"0.01",TRUE,0.000190111474996376
"bivt",5e-04,30000,"0.05",TRUE,0.000184268958972517
"bivt",5e-04,30000,"0.1",TRUE,0.000176166311896617
"bivt",5e-04,30000,"0.01",TRUE,0.00020106427958282
"bivt",5e-04,30000,"0.05",TRUE,0.000269952464904777
"bivt",5e-04,30000,"0.1",TRUE,0.000244231544002643
"bivt",5e-04,30000,"0.01",TRUE,0.000320396930591883
"bivt",5e-04,30000,"0.05",TRUE,0.000194773100381805
"bivt",5e-04,30000,"0.1",TRUE,0.000174106503354451
"bivt",5e-04,30000,"0.01",TRUE,0.000231556361340734
"bivt",5e-04,30000,"0.05",TRUE,0.00020589108742132
"bivt",5e-04,30000,"0.1",TRUE,0.000187401352115051
"bivt",5e-04,30000,"0.01",TRUE,0.000248851309899876
"bivt",5e-04,30000,"0.05",TRUE,0.000259079030368564
"bivt",5e-04,30000,"0.1",TRUE,0.000239765421302041
"bivt",5e-04,30000,"0.01",TRUE,0.000306326098055299
"bivt",5e-04,30000,"0.05",TRUE,0.000150436289344407
"bivt",5e-04,30000,"0.1",TRUE,0.00013755320755222
"bivt",5e-04,30000,"0.01",TRUE,0.000179939803825511
"bivt",5e-04,30000,"0.05",TRUE,0.000321954622879874
"bivt",5e-04,30000,"0.1",TRUE,0.00030636511684473
"bivt",5e-04,30000,"0.01",TRUE,0.000362207232549299
"bivt",5e-04,30000,"0.05",TRUE,0.00017680960532799
"bivt",5e-04,30000,"0.1",TRUE,0.000163393191356204
"bivt",5e-04,30000,"0.01",TRUE,0.000207414608625712
"bivt",5e-04,30000,"0.05",TRUE,0.000284529088308487
"bivt",5e-04,30000,"0.1",TRUE,0.000244363114348325
"bivt",5e-04,30000,"0.01",TRUE,0.00032124542441865
"bivt",5e-04,30000,"0.05",TRUE,0.000159819449446642
"bivt",5e-04,30000,"0.1",TRUE,0.000144725958036137
"bivt",5e-04,30000,"0.01",TRUE,0.000185995438208162
"bivt",5e-04,30000,"0.05",TRUE,0.000200365033509954
"bivt",5e-04,30000,"0.1",TRUE,0.00017843914998953
"bivt",5e-04,30000,"0.01",TRUE,0.000251527020923373
"bivt",5e-04,30000,"0.05",FALSE,0.000143943455040007
"bivt",5e-04,30000,"0.1",FALSE,0.00013128893862621
"bivt",5e-04,30000,"0.01",TRUE,0.000184314467014494
"bivt",5e-04,30000,"0.05",TRUE,0.000259362570467137
"bivt",5e-04,30000,"0.1",TRUE,0.000246914799579258
"bivt",5e-04,30000,"0.01",TRUE,0.000313559944598442
"bivt",5e-04,30000,"0.05",TRUE,0.000219039858128243
"bivt",5e-04,30000,"0.1",TRUE,0.00019063877994902
"bivt",5e-04,30000,"0.01",TRUE,0.000274052034855788
"bivt",5e-04,30000,"0.05",TRUE,0.000167267537624697
"bivt",5e-04,30000,"0.1",TRUE,0.00015791754359203
"bivt",5e-04,30000,"0.01",TRUE,0.000182350987515131
"bivt",5e-04,30000,"0.05",TRUE,0.000202228450279722
"bivt",5e-04,30000,"0.1",TRUE,0.000190054772430725
"bivt",5e-04,30000,"0.01",TRUE,0.00022095412518118
"bivt",5e-04,30000,"0.05",FALSE,0.00026741022555903
"bivt",5e-04,30000,"0.1",FALSE,0.000247497919063542
"bivt",5e-04,30000,"0.01",FALSE,0.000322135944295892
"bivt",5e-04,30000,"0.05",TRUE,0.000184731736044386
"bivt",5e-04,30000,"0.1",TRUE,0.000171410562671304
"bivt",5e-04,30000,"0.01",TRUE,0.00021135462561448
"bivt",5e-04,30000,"0.05",TRUE,0.000173812112624936
"bivt",5e-04,30000,"0.1",TRUE,0.000157941198035361
"bivt",5e-04,30000,"0.01",TRUE,0.000228276284628932
"bivt",5e-04,30000,"0.05",TRUE,0.000255228558163099
"bivt",5e-04,30000,"0.1",TRUE,0.000229358528792459
"bivt",5e-04,30000,"0.01",TRUE,0.000298659057269624
"bivt",5e-04,30000,"0.05",FALSE,0.000176654940558887
"bivt",5e-04,30000,"0.1",FALSE,0.000155971858412231
"bivt",5e-04,30000,"0.01",TRUE,0.000245173263023236
"bivt",5e-04,30000,"0.05",TRUE,0.000223409995278879
"bivt",5e-04,30000,"0.1",TRUE,0.000201496826306864
"bivt",5e-04,30000,"0.01",TRUE,0.000251855038671679
"bivt",5e-04,30000,"0.05",TRUE,0.000147429088399437
"bivt",5e-04,30000,"0.1",TRUE,0.000130245629657585
"bivt",5e-04,30000,"0.01",TRUE,0.000204494331575215
"bivt",5e-04,30000,"0.05",TRUE,0.000179330955602072
"bivt",5e-04,30000,"0.1",TRUE,0.00016984764058409
"bivt",5e-04,30000,"0.01",TRUE,0.000193605513201117
"bivt",5e-04,30000,"0.05",TRUE,0.000213414584796999
"bivt",5e-04,30000,"0.1",TRUE,0.000184816726799731
"bivt",5e-04,30000,"0.01",TRUE,0.000253012641751778
"bivt",5e-04,30000,"0.05",TRUE,0.000334202870588205
"bivt",5e-04,30000,"0.1",TRUE,0.000316365633622866
"bivt",5e-04,30000,"0.01",TRUE,0.000391390045480368
"bivt",5e-04,30000,"0.05",FALSE,0.000199988133624795
"bivt",5e-04,30000,"0.1",FALSE,0.00019174132854293
"bivt",5e-04,30000,"0.01",FALSE,0.000223803038382287
"bivt",5e-04,30000,"0.05",FALSE,0.000204508328399128
"bivt",5e-04,30000,"0.1",FALSE,0.000185143205600404
"bivt",5e-04,30000,"0.01",FALSE,0.000251039770215246
"bivt",5e-04,30000,"0.05",TRUE,0.000179496716632349
"bivt",5e-04,30000,"0.1",TRUE,0.000171224069721918
"bivt",5e-04,30000,"0.01",TRUE,0.000212366605821875
"bivt",5e-04,30000,"0.05",TRUE,0.000257793215912431
"bivt",5e-04,30000,"0.1",TRUE,0.000229324224914787
"bivt",5e-04,30000,"0.01",TRUE,0.00032239532290224
"bivt",5e-04,30000,"0.05",FALSE,0.000155013706282662
"bivt",5e-04,30000,"0.1",FALSE,0.00014326938212598
"bivt",5e-04,30000,"0.01",FALSE,0.000194330176688217
"bivt",5e-04,30000,"0.05",TRUE,0.000166301297504226
"bivt",5e-04,30000,"0.1",TRUE,0.000157715205704494
"bivt",5e-04,30000,"0.01",TRUE,0.00017978261052672
"bivt",5e-04,30000,"0.05",TRUE,0.00025846168654568
"bivt",5e-04,30000,"0.1",TRUE,0.000225099252372338
"bivt",5e-04,30000,"0.01",TRUE,0.000297268182905025
"bivt",5e-04,30000,"0.05",TRUE,0.000317645661989222
"bivt",5e-04,30000,"0.1",TRUE,0.000288951813030688
"bivt",5e-04,30000,"0.01",TRUE,0.000392640337113479
"bivt",5e-04,30000,"0.05",FALSE,0.000163662718566242
"bivt",5e-04,30000,"0.1",FALSE,0.000152042436733453
"bivt",5e-04,30000,"0.01",FALSE,0.000207364583870566
"bivt",5e-04,30000,"0.05",TRUE,0.000186956948002803
"bivt",5e-04,30000,"0.1",TRUE,0.000177334600787329
"bivt",5e-04,30000,"0.01",TRUE,0.000210017704530062
"bivt",5e-04,30000,"0.05",FALSE,0.000157309150861907
"bivt",5e-04,30000,"0.1",FALSE,0.000139673429222309
"bivt",5e-04,30000,"0.01",TRUE,0.000200557356120538
"bivt",5e-04,30000,"0.05",FALSE,0.00019530552213541
"bivt",5e-04,30000,"0.1",FALSE,0.000188316950130107
"bivt",5e-04,30000,"0.01",FALSE,0.000211629202026253
"bivt",5e-04,30000,"0.05",TRUE,0.00019126066390379
"bivt",5e-04,30000,"0.1",TRUE,0.000182024895909063
"bivt",5e-04,30000,"0.01",TRUE,0.000210707292232788
"bivt",5e-04,30000,"0.05",TRUE,0.000288155802861688
"bivt",5e-04,30000,"0.1",TRUE,0.000249596611536907
"bivt",5e-04,30000,"0.01",TRUE,0.000337837837837835
"bivt",5e-04,30000,"0.05",FALSE,0.00015554207829598
"bivt",5e-04,30000,"0.1",FALSE,0.000143328235993246
"bivt",5e-04,30000,"0.01",FALSE,0.000178422505253709
"bivt",5e-04,30000,"0.05",TRUE,0.000430148914367866
"bivt",5e-04,30000,"0.1",TRUE,0.000403867792827498
"bivt",5e-04,30000,"0.01",TRUE,0.000508877377629874
"bivt",5e-04,30000,"0.05",TRUE,0.000332105991741787
"bivt",5e-04,30000,"0.1",TRUE,0.000299295504428041
"bivt",5e-04,30000,"0.01",TRUE,0.000375864316037724
"bivt",5e-04,30000,"0.05",TRUE,0.000181129164399925
"bivt",5e-04,30000,"0.1",TRUE,0.000165780140876282
"bivt",5e-04,30000,"0.01",TRUE,0.000225498176580814
"bivt",5e-04,30000,"0.05",TRUE,0.000148915491026139
"bivt",5e-04,30000,"0.1",FALSE,0.000136403987785748
"bivt",5e-04,30000,"0.01",TRUE,0.000176460963134233
"bivt",5e-04,30000,"0.05",TRUE,0.000387750385444842
"bivt",5e-04,30000,"0.1",TRUE,0.000355142816051379
"bivt",5e-04,30000,"0.01",TRUE,0.000427137558737184
"bivt",5e-04,30000,"0.05",FALSE,0.00015386363632309
"bivt",5e-04,30000,"0.1",FALSE,0.000147226992066252
"bivt",5e-04,30000,"0.01",FALSE,0.000173127583236452
"bivt",5e-04,30000,"0.05",TRUE,0.000197929856703856
"bivt",5e-04,30000,"0.1",TRUE,0.000179315396231611
"bivt",5e-04,30000,"0.01",TRUE,0.000247279406719518
"bivt",5e-04,30000,"0.05",TRUE,0.000232022856673795
"bivt",5e-04,30000,"0.1",TRUE,0.00022645279491257
"bivt",5e-04,30000,"0.01",TRUE,0.000246797121797122
"bivt",5e-04,30000,"0.05",FALSE,0.000217131999963755
"bivt",5e-04,30000,"0.1",FALSE,0.000175545596673727
"bivt",5e-04,30000,"0.01",FALSE,0.000283623543931333
"bivt",5e-04,30000,"0.05",FALSE,0.000134959725021511
"bivt",5e-04,30000,"0.1",FALSE,0.000122589737992678
"bivt",5e-04,30000,"0.01",FALSE,0.00015555416174362
"bivt",5e-04,30000,"0.05",TRUE,0.000159742003089015
"bivt",5e-04,30000,"0.1",TRUE,0.000139246688673517
"bivt",5e-04,30000,"0.01",TRUE,0.000202114663706782
"bivt",5e-04,30000,"0.05",FALSE,0.000166039799287566
"bivt",5e-04,30000,"0.1",FALSE,0.000144988443300571
"bivt",5e-04,30000,"0.01",FALSE,0.000209241411964385
"bivt",5e-04,30000,"0.05",FALSE,0.00015811309207274
"bivt",5e-04,30000,"0.1",FALSE,0.00014956264246681
"bivt",5e-04,30000,"0.01",FALSE,0.000175549282499296
"bivt",5e-04,30000,"0.05",TRUE,0.00016175320053526
"bivt",5e-04,30000,"0.1",TRUE,0.000144819761050314
"bivt",5e-04,30000,"0.01",TRUE,0.000207374739799834
"bivt",5e-04,30000,"0.05",TRUE,0.000171944906191006
"bivt",5e-04,30000,"0.1",TRUE,0.000163623762890289
"bivt",5e-04,30000,"0.01",TRUE,0.000183697761874864
"bivt",5e-04,30000,"0.05",TRUE,0.000191756596254083
"bivt",5e-04,30000,"0.1",TRUE,0.000180094205752807
"bivt",5e-04,30000,"0.01",TRUE,0.000199801968188947
"bivt",5e-04,30000,"0.05",FALSE,0.000159332135033935
"bivt",5e-04,30000,"0.1",FALSE,0.000149407918596705
"bivt",5e-04,30000,"0.01",FALSE,0.000175238186557091
"bivt",5e-04,30000,"0.05",TRUE,0.000189831392380803
"bivt",5e-04,30000,"0.1",TRUE,0.000166859442112518
"bivt",5e-04,30000,"0.01",TRUE,0.000238781571446118
"bivt",5e-04,30000,"0.05",TRUE,0.000183958995887726
"bivt",5e-04,30000,"0.1",TRUE,0.000170219658753889
"bivt",5e-04,30000,"0.01",TRUE,0.000209734388129624
"bivt",5e-04,30000,"0.05",TRUE,0.000185210129310345
"bivt",5e-04,30000,"0.1",TRUE,0.000171342073670283
"bivt",5e-04,30000,"0.01",TRUE,0.000198566820388947
"bivt",5e-04,30000,"0.05",FALSE,0.000158992369383659
"bivt",5e-04,30000,"0.1",FALSE,0.000150994279935446
"bivt",5e-04,30000,"0.01",TRUE,0.000185108230192881
"bivt",5e-04,30000,"0.05",TRUE,0.000256769975423746
"bivt",5e-04,30000,"0.1",TRUE,0.000233424638835606
"bivt",5e-04,30000,"0.01",TRUE,0.000319461571482944
"bivt",5e-04,30000,"0.05",TRUE,0.000171872157843216
"bivt",5e-04,30000,"0.1",TRUE,0.000160582518688258
"bivt",5e-04,30000,"0.01",TRUE,0.000224857547102998
"bivt",5e-04,30000,"0.05",TRUE,0.000234129688054774
"bivt",5e-04,30000,"0.1",TRUE,0.000206674940186557
"bivt",5e-04,30000,"0.01",TRUE,0.000273093107220229
"bivt",5e-04,30000,"0.05",TRUE,0.00033432737414226
"bivt",5e-04,30000,"0.1",TRUE,0.000283683300327872
"bivt",5e-04,30000,"0.01",TRUE,0.000421513607130307
"bivt",5e-04,30000,"0.05",TRUE,0.000213278074000221
"bivt",5e-04,30000,"0.1",TRUE,0.000192025588569253
"bivt",5e-04,30000,"0.01",TRUE,0.000269203824958228
"bivt",5e-04,30000,"0.05",TRUE,0.000214978516933797
"bivt",5e-04,30000,"0.1",TRUE,0.00018827642273053
"bivt",5e-04,30000,"0.01",TRUE,0.000252434145154451
"bivt",5e-04,30000,"0.05",TRUE,0.000285962332107781
"bivt",5e-04,30000,"0.1",TRUE,0.000256282624146374
"bivt",5e-04,30000,"0.01",TRUE,0.000324353327432179
"bivt",5e-04,30000,"0.05",TRUE,0.00024961283236209
"bivt",5e-04,30000,"0.1",TRUE,0.000219481869874805
"bivt",5e-04,30000,"0.01",TRUE,0.000303431733112302
"bivt",5e-04,30000,"0.05",TRUE,0.00023223789903936
"bivt",5e-04,30000,"0.1",TRUE,0.000210739973762496
"bivt",5e-04,30000,"0.01",TRUE,0.000283123590203281
"bivt",5e-04,30000,"0.05",TRUE,0.000184177621574129
"bivt",5e-04,30000,"0.1",TRUE,0.000166249965467932
"bivt",5e-04,30000,"0.01",TRUE,0.000215573974601285
"bivt",5e-04,30000,"0.05",TRUE,0.000171422241991945
"bivt",5e-04,30000,"0.1",TRUE,0.000160823894093433
"bivt",5e-04,30000,"0.01",TRUE,0.000192015718902853
"bivt",5e-04,30000,"0.05",TRUE,0.000157351580978626
"bivt",5e-04,30000,"0.1",TRUE,0.000139611298482095
"bivt",5e-04,30000,"0.01",TRUE,0.000200712040855921
"bivt",5e-04,30000,"0.05",FALSE,0.000153656655137769
"bivt",5e-04,30000,"0.1",FALSE,0.000144387025709703
"bivt",5e-04,30000,"0.01",TRUE,0.000183637890019453
"bivt",5e-04,30000,"0.05",TRUE,0.000173031491419053
"bivt",5e-04,30000,"0.1",TRUE,0.000158682814679257
"bivt",5e-04,30000,"0.01",TRUE,0.00018532428639782
"bivt",5e-04,30000,"0.05",TRUE,0.000233340229298871
"bivt",5e-04,30000,"0.1",TRUE,0.000208141063026361
"bivt",5e-04,30000,"0.01",TRUE,0.000296144345087615
"bivt",5e-04,30000,"0.05",TRUE,0.000235674985193326
"bivt",5e-04,30000,"0.1",TRUE,0.000199686185865163
"bivt",5e-04,30000,"0.01",TRUE,0.000282477953053948
"bivt",5e-04,30000,"0.05",FALSE,0.000205932641102822
"bivt",5e-04,30000,"0.1",FALSE,0.000172485146393473
"bivt",5e-04,30000,"0.01",TRUE,0.000233020687615161
"bivt",5e-04,30000,"0.05",TRUE,0.000428215509187177
"bivt",5e-04,30000,"0.1",TRUE,0.000395164185133753
"bivt",5e-04,30000,"0.01",TRUE,0.000472213655702114
"bivt",5e-04,30000,"0.05",TRUE,0.000356169952136733
"bivt",5e-04,30000,"0.1",TRUE,0.000326326875419695
"bivt",5e-04,30000,"0.01",TRUE,0.00044208161029
"bivt",5e-04,30000,"0.05",TRUE,0.000160072696943703
"bivt",5e-04,30000,"0.1",TRUE,0.000146881368449695
"bivt",5e-04,30000,"0.01",TRUE,0.000203738842329041
"bivt",5e-04,30000,"0.05",FALSE,0.00017608218255904
"bivt",5e-04,30000,"0.1",FALSE,0.000169338658911447
"bivt",5e-04,30000,"0.01",FALSE,0.00018831408475867
"bivt",5e-04,30000,"0.05",TRUE,0.000161631179739759
"bivt",5e-04,30000,"0.1",FALSE,0.000143852936871274
"bivt",5e-04,30000,"0.01",TRUE,0.000191264640453997
"bivt",5e-04,30000,"0.05",FALSE,0.000171825992090547
"bivt",5e-04,30000,"0.1",FALSE,0.000146044655524281
"bivt",5e-04,30000,"0.01",TRUE,0.00023531296693969
"bivt",5e-04,30000,"0.05",TRUE,0.00028036329129474
"bivt",5e-04,30000,"0.1",TRUE,0.000246146744646896
"bivt",5e-04,30000,"0.01",TRUE,0.000367172312014877
"bivt",5e-04,30000,"0.05",TRUE,0.000172697090195283
"bivt",5e-04,30000,"0.1",TRUE,0.00016268117084517
"bivt",5e-04,30000,"0.01",TRUE,0.00018297249581588
"bivt",5e-04,30000,"0.05",TRUE,0.000194247788108885
"bivt",5e-04,30000,"0.1",TRUE,0.000186647970555604
"bivt",5e-04,30000,"0.01",TRUE,0.000212405190046991
"bivt",5e-04,30000,"0.05",TRUE,0.000171915977920558
"bivt",5e-04,30000,"0.1",TRUE,0.000160351674876833
"bivt",5e-04,30000,"0.01",TRUE,0.000236590805090524
"bivt",5e-04,30000,"0.05",TRUE,0.00038018067093377
"bivt",5e-04,30000,"0.1",TRUE,0.000340121063544817
"bivt",5e-04,30000,"0.01",TRUE,0.000444770303338488
"bivt",5e-04,30000,"0.05",TRUE,0.000180303302851193
"bivt",5e-04,30000,"0.1",TRUE,0.000171316691140479
"bivt",5e-04,30000,"0.01",TRUE,0.000200416347961117
"bivt",5e-04,30000,"0.05",TRUE,0.000280024321929699
"bivt",5e-04,30000,"0.1",TRUE,0.000249965991021632
"bivt",5e-04,30000,"0.01",TRUE,0.000367235791645028
"bivt",5e-04,30000,"0.05",FALSE,0.000171143841826512
"bivt",5e-04,30000,"0.1",FALSE,0.000163597936824375
"bivt",5e-04,30000,"0.01",TRUE,0.000189107413010591
"bivt",5e-04,30000,"0.05",FALSE,0.000173868694362019
"bivt",5e-04,30000,"0.1",FALSE,0.000146897958414841
"bivt",5e-04,30000,"0.01",TRUE,0.000224257947701664
"bivt",5e-04,30000,"0.05",TRUE,0.000318972892663091
"bivt",5e-04,30000,"0.1",TRUE,0.000286606305021793
"bivt",5e-04,30000,"0.01",TRUE,0.000364472768156789
"bivt",5e-04,30000,"0.05",TRUE,0.000311007794619266
"bivt",5e-04,30000,"0.1",TRUE,0.000282223767695897
"bivt",5e-04,30000,"0.01",TRUE,0.000377521668326669
"bivt",5e-04,30000,"0.05",TRUE,0.000179504217130864
"bivt",5e-04,30000,"0.1",TRUE,0.000169990634367466
"bivt",5e-04,30000,"0.01",TRUE,0.000197936014373039
"bivt",5e-04,30000,"0.05",TRUE,0.000170180168279305
"bivt",5e-04,30000,"0.1",TRUE,0.000156494802584043
"bivt",5e-04,30000,"0.01",TRUE,0.000225401153618102
"bivt",5e-04,30000,"0.05",TRUE,0.000155493125222584
"bivt",5e-04,30000,"0.1",TRUE,0.000144976709073742
"bivt",5e-04,30000,"0.01",TRUE,0.00018200381374815
"bivt",5e-04,30000,"0.05",FALSE,0.000144904835116684
"bivt",5e-04,30000,"0.1",FALSE,0.000138848817966497
"bivt",5e-04,30000,"0.01",FALSE,0.000159844671133873
"bivt",5e-04,30000,"0.05",FALSE,0.000190565847170002
"bivt",5e-04,30000,"0.1",FALSE,0.000180485376441835
"bivt",5e-04,30000,"0.01",TRUE,0.000212481319804653
"bivt",5e-04,30000,"0.05",TRUE,0.000293049309942137
"bivt",5e-04,30000,"0.1",TRUE,0.000272784069410344
"bivt",5e-04,30000,"0.01",TRUE,0.000363527734644476
"bivt",5e-04,30000,"0.05",TRUE,0.000274283658764151
"bivt",5e-04,30000,"0.1",TRUE,0.000254020420614012
"bivt",5e-04,30000,"0.01",TRUE,0.000312355089173223
"bivt",5e-04,30000,"0.05",TRUE,0.000145048910461419
"bivt",5e-04,30000,"0.1",TRUE,0.000138708099844651
"bivt",5e-04,30000,"0.01",TRUE,0.000175886692028941
"bivt",5e-04,30000,"0.05",FALSE,0.000242712965853187
"bivt",5e-04,30000,"0.1",FALSE,0.000205921250368413
"bivt",5e-04,30000,"0.01",FALSE,0.000301901864313818
"bivt",5e-04,30000,"0.05",TRUE,0.000180238267477472
"bivt",5e-04,30000,"0.1",TRUE,0.000173484858550739
"bivt",5e-04,30000,"0.01",TRUE,0.000189872230272174
"bivt",5e-04,30000,"0.05",FALSE,0.000172595706104509
"bivt",5e-04,30000,"0.1",FALSE,0.000164528336624575
"bivt",5e-04,30000,"0.01",FALSE,0.000190729462194848
"bivt",5e-04,30000,"0.05",FALSE,0.000173205792891907
"bivt",5e-04,30000,"0.1",FALSE,0.000165170905218687
"bivt",5e-04,30000,"0.01",TRUE,0.000213212368789418
"bivt",5e-04,30000,"0.05",TRUE,0.0001679907912253
"bivt",5e-04,30000,"0.1",TRUE,0.00015768329057054
"bivt",5e-04,30000,"0.01",TRUE,0.000200017298793408
"bivt",5e-04,30000,"0.05",TRUE,0.000263743180301693
"bivt",5e-04,30000,"0.1",TRUE,0.000237760837855182
"bivt",5e-04,30000,"0.01",TRUE,0.000314502578541081
"bivt",5e-04,30000,"0.05",TRUE,0.00016112041671774
"bivt",5e-04,30000,"0.1",TRUE,0.000146792501377211
"bivt",5e-04,30000,"0.01",TRUE,0.000186677894386144
"bivt",5e-04,30000,"0.05",TRUE,0.000152920664123836
"bivt",5e-04,30000,"0.1",TRUE,0.000138078443042568
"bivt",5e-04,30000,"0.01",TRUE,0.000187767874038477
"bivt",5e-04,30000,"0.05",TRUE,0.000169455468591314
"bivt",5e-04,30000,"0.1",TRUE,0.000155050963350922
"bivt",5e-04,30000,"0.01",TRUE,0.000190824079013201
"bivt",5e-04,30000,"0.05",TRUE,0.000234911139360924
"bivt",5e-04,30000,"0.1",TRUE,0.000200524692055936
"bivt",5e-04,30000,"0.01",TRUE,0.000272807917175349
"bivt",5e-04,30000,"0.05",FALSE,0.000174571270657145
"bivt",5e-04,30000,"0.1",FALSE,0.000161847762898001
"bivt",5e-04,30000,"0.01",TRUE,0.000218309744196426
"bivt",5e-04,30000,"0.05",TRUE,0.000247362730373184
"bivt",5e-04,30000,"0.1",TRUE,0.000233258092421499
"bivt",5e-04,30000,"0.01",TRUE,0.000285433506854882
"bivt",5e-04,30000,"0.05",TRUE,0.000173504101529081
"bivt",5e-04,30000,"0.1",TRUE,0.000159277166330433
"bivt",5e-04,30000,"0.01",TRUE,0.000207134862044679
"bivt",5e-04,30000,"0.05",TRUE,0.00025036345492751
"bivt",5e-04,30000,"0.1",TRUE,0.00022322376195133
"bivt",5e-04,30000,"0.01",TRUE,0.000301892971849767
"bivt",5e-04,30000,"0.05",FALSE,0.000185656624459805
"bivt",5e-04,30000,"0.1",FALSE,0.000170908226713211
"bivt",5e-04,30000,"0.01",FALSE,0.000220663658267986
"bivt",5e-04,30000,"0.05",TRUE,0.000211959911455318
"bivt",5e-04,30000,"0.1",TRUE,0.000184597028183632
"bivt",5e-04,30000,"0.01",TRUE,0.000259596569028521
"bivt",5e-04,30000,"0.05",TRUE,0.00017648033950263
"bivt",5e-04,30000,"0.1",TRUE,0.000164527518409761
"bivt",5e-04,30000,"0.01",TRUE,0.000195026976000208
"bivt",5e-04,30000,"0.05",TRUE,0.000181702150289831
"bivt",5e-04,30000,"0.1",TRUE,0.000159751946344919
"bivt",5e-04,30000,"0.01",TRUE,0.000228395142781228
"bivt",5e-04,30000,"0.05",FALSE,0.000181357877371099
"bivt",5e-04,30000,"0.1",FALSE,0.000165329703208508
"bivt",5e-04,30000,"0.01",FALSE,0.00020886204709573
"bivt",5e-04,30000,"0.05",FALSE,0.000147558022224779
"bivt",5e-04,30000,"0.1",FALSE,0.000139776999774561
"bivt",5e-04,30000,"0.01",TRUE,0.000182206844112459
"bivt",5e-04,30000,"0.05",TRUE,0.000349599728096338
"bivt",5e-04,30000,"0.1",TRUE,0.000328086687245399
"bivt",5e-04,30000,"0.01",TRUE,0.00039027533454279
"bivt",5e-04,30000,"0.05",TRUE,0.000252882864657083
"bivt",5e-04,30000,"0.1",TRUE,0.000238605417094693
"bivt",5e-04,30000,"0.01",TRUE,0.000320030801132368
"bivt",5e-04,30000,"0.05",TRUE,0.000263462736270499
"bivt",5e-04,30000,"0.1",TRUE,0.000235790364056486
"bivt",5e-04,30000,"0.01",TRUE,0.00030986697425235
"bivt",5e-04,30000,"0.05",TRUE,0.000195060170837873
"bivt",5e-04,30000,"0.1",TRUE,0.000181338350413855
"bivt",5e-04,30000,"0.01",TRUE,0.000260655279566533
"bivt",5e-04,30000,"0.05",TRUE,0.000190634954244399
"bivt",5e-04,30000,"0.1",TRUE,0.00017242320058949
"bivt",5e-04,30000,"0.01",TRUE,0.000240303489705419
"bivt",5e-04,30000,"0.05",TRUE,0.000164051340143124
"bivt",5e-04,30000,"0.1",TRUE,0.000154504370784491
"bivt",5e-04,30000,"0.01",TRUE,0.000187186926668599
"bivt",5e-04,30000,"0.05",FALSE,0.000196888253634698
"bivt",5e-04,30000,"0.1",FALSE,0.000186802880559722
"bivt",5e-04,30000,"0.01",FALSE,0.000211966598086235
"bivt",5e-04,30000,"0.05",FALSE,0.000148544266191325
"bivt",5e-04,30000,"0.1",FALSE,0.000139071878202314
"bivt",5e-04,30000,"0.01",FALSE,0.000164458437409915
"bivt",5e-04,30000,"0.05",TRUE,0.000200364448374991
"bivt",5e-04,30000,"0.1",FALSE,0.00017404901588089
"bivt",5e-04,30000,"0.01",TRUE,0.000243595163529304
"bivt",5e-04,30000,"0.05",TRUE,0.000271672920259388
"bivt",5e-04,30000,"0.1",TRUE,0.000243046950952168
"bivt",5e-04,30000,"0.01",TRUE,0.000327520675966467
"bivt",5e-04,30000,"0.05",TRUE,0.000183105453009339
"bivt",5e-04,30000,"0.1",TRUE,0.000177252445295958
"bivt",5e-04,30000,"0.01",TRUE,0.000197999600806994
"bivt",5e-04,30000,"0.05",TRUE,0.000298754640106516
"bivt",5e-04,30000,"0.1",TRUE,0.000276501093715435
"bivt",5e-04,30000,"0.01",TRUE,0.000347946422020069
"bivt",5e-04,30000,"0.05",FALSE,0.000168749966938844
"bivt",5e-04,30000,"0.1",FALSE,0.000155589937253676
"bivt",5e-04,30000,"0.01",TRUE,0.000189970105045457
"bivt",5e-04,30000,"0.05",TRUE,0.000167855815194611
"bivt",5e-04,30000,"0.1",FALSE,0.000153623938202982
"bivt",5e-04,30000,"0.01",TRUE,0.000183610244743441
"bivt",5e-04,30000,"0.05",FALSE,0.000164541824062419
"bivt",5e-04,30000,"0.1",FALSE,0.000145016201028708
"bivt",5e-04,30000,"0.01",FALSE,0.000193829907812299
"bivt",5e-04,30000,"0.05",TRUE,0.000238142838271923
"bivt",5e-04,30000,"0.1",TRUE,0.000203521591734328
"bivt",5e-04,30000,"0.01",TRUE,0.000277113870660962
"bivt",5e-04,30000,"0.05",TRUE,0.000239070047954147
"bivt",5e-04,30000,"0.1",TRUE,0.000218078565734559
"bivt",5e-04,30000,"0.01",TRUE,0.000314376585810055
"bivt",5e-04,30000,"0.05",TRUE,0.000317191826358236
"bivt",5e-04,30000,"0.1",TRUE,0.000296283143282233
"bivt",5e-04,30000,"0.01",TRUE,0.000362215724156372
"bivt",5e-04,30000,"0.05",FALSE,0.000189036050828958
"bivt",5e-04,30000,"0.1",FALSE,0.000181474040620113
"bivt",5e-04,30000,"0.01",FALSE,0.000205610818750344
"bivt",5e-04,30000,"0.05",FALSE,0.000195020904256455
"bivt",5e-04,30000,"0.1",FALSE,0.000184744805841532
"bivt",5e-04,30000,"0.01",FALSE,0.000223052457108558
"bivt",5e-04,30000,"0.05",TRUE,0.00033541165149514
"bivt",5e-04,30000,"0.1",TRUE,0.000316661492018598
"bivt",5e-04,30000,"0.01",TRUE,0.000395432748907157
"bivt",5e-04,30000,"0.05",FALSE,0.000163521598309818
"bivt",5e-04,30000,"0.1",FALSE,0.000155156885776791
"bivt",5e-04,30000,"0.01",FALSE,0.000190976937103073
"bivt",5e-04,30000,"0.05",TRUE,0.000271438897337439
"bivt",5e-04,30000,"0.1",TRUE,0.000244383866812747
"bivt",5e-04,30000,"0.01",TRUE,0.000321177917140065
"bivt",5e-04,30000,"0.05",TRUE,0.000407638637449185
"bivt",5e-04,30000,"0.1",TRUE,0.000370603409847015
"bivt",5e-04,30000,"0.01",TRUE,0.000472467409513781
"bivt",5e-04,30000,"0.05",TRUE,0.000298305957222715
"bivt",5e-04,30000,"0.1",TRUE,0.000276009503027939
"bivt",5e-04,30000,"0.01",TRUE,0.00034828571100723
"bivt",5e-04,30000,"0.05",TRUE,0.000153328692108272
"bivt",5e-04,30000,"0.1",TRUE,0.000136264181208005
"bivt",5e-04,30000,"0.01",TRUE,0.000198210175835641
"bivt",5e-04,30000,"0.05",FALSE,0.000227988079263077
"bivt",5e-04,30000,"0.1",FALSE,0.000205895812408155
"bivt",5e-04,30000,"0.01",TRUE,0.000291037913933968
"bivt",5e-04,30000,"0.05",TRUE,0.000186019142564385
"bivt",5e-04,30000,"0.1",TRUE,0.000161249437617705
"bivt",5e-04,30000,"0.01",TRUE,0.000213045529252252
"bivt",5e-04,30000,"0.05",TRUE,0.000189510926091069
"bivt",5e-04,30000,"0.1",TRUE,0.000177924534747817
"bivt",5e-04,30000,"0.01",TRUE,0.000206099163606919
"bivt",5e-04,30000,"0.05",TRUE,0.000261985460126944
"bivt",5e-04,30000,"0.1",TRUE,0.000226860005982179
"bivt",5e-04,30000,"0.01",TRUE,0.00032116282833786
"bivt",5e-04,30000,"0.05",TRUE,0.000316095542014962
"bivt",5e-04,30000,"0.1",TRUE,0.000287178298658799
"bivt",5e-04,30000,"0.01",TRUE,0.000362362338436184
"bivt",5e-04,30000,"0.05",FALSE,0.000174493539681879
"bivt",5e-04,30000,"0.1",FALSE,0.000167517957769961
"bivt",5e-04,30000,"0.01",FALSE,0.000195335914968598
"bivt",5e-04,30000,"0.05",FALSE,0.00023034398034398
"bivt",5e-04,30000,"0.1",FALSE,0.000206165034081012
"bivt",5e-04,30000,"0.01",TRUE,0.000286462266622783
"bivt",5e-04,30000,"0.05",TRUE,0.0001717337746667
"bivt",5e-04,30000,"0.1",TRUE,0.000157180693792751
"bivt",5e-04,30000,"0.01",TRUE,0.00018197373686228
"bivt",5e-04,30000,"0.05",TRUE,0.000180551437456095
"bivt",5e-04,30000,"0.1",FALSE,0.000166707993591772
"bivt",5e-04,30000,"0.01",TRUE,0.00023118586896793
"bivt",5e-04,30000,"0.05",TRUE,0.000311678380766468
"bivt",5e-04,30000,"0.1",TRUE,0.000289644768409363
"bivt",5e-04,30000,"0.01",TRUE,0.000383907770316344
"bivt",5e-04,30000,"0.05",FALSE,0.000180435343348901
"bivt",5e-04,30000,"0.1",FALSE,0.000172785245573604
"bivt",5e-04,30000,"0.01",FALSE,0.000195491925033173
"bivt",5e-04,30000,"0.05",TRUE,0.000242788028726302
"bivt",5e-04,30000,"0.1",TRUE,0.000205138725062823
"bivt",5e-04,30000,"0.01",TRUE,0.000292682163997819
"bivt",5e-04,30000,"0.05",TRUE,0.000159222426965579
"bivt",5e-04,30000,"0.1",TRUE,0.000148339400548454
"bivt",5e-04,30000,"0.01",TRUE,0.00017999226857825
"bivt",5e-04,30000,"0.05",TRUE,0.000250333778371166
"bivt",5e-04,30000,"0.1",TRUE,0.000226522151719089
"bivt",5e-04,30000,"0.01",TRUE,0.000283511932154363
"bivt",5e-04,30000,"0.05",TRUE,0.000236884832551288
"bivt",5e-04,30000,"0.1",TRUE,0.000206338682657291
"bivt",5e-04,30000,"0.01",TRUE,0.000286089247331726
"bivt",5e-04,30000,"0.05",TRUE,0.000157004143493522
"bivt",5e-04,30000,"0.1",TRUE,0.000143073333224555
"bivt",5e-04,30000,"0.01",TRUE,0.000179615018509457
"bivt",5e-04,30000,"0.05",FALSE,0.000163031531880025
"bivt",5e-04,30000,"0.1",FALSE,0.00013765946098864
"bivt",5e-04,30000,"0.01",FALSE,0.000202976175643508
"bivt",5e-04,30000,"0.05",TRUE,0.000237448837652269
"bivt",5e-04,30000,"0.1",TRUE,0.000223298607560316
"bivt",5e-04,30000,"0.01",TRUE,0.000286480085533273
"bivt",5e-04,30000,"0.05",TRUE,0.000187819423769247
"bivt",5e-04,30000,"0.1",TRUE,0.000182041050922986
"bivt",5e-04,30000,"0.01",TRUE,0.000202412862135321
"bivt",5e-04,30000,"0.05",TRUE,0.000289720339872237
"bivt",5e-04,30000,"0.1",TRUE,0.000273306063036991
"bivt",5e-04,30000,"0.01",TRUE,0.000344621101336571
"bivt",5e-04,30000,"0.05",TRUE,0.000326030983927421
"bivt",5e-04,30000,"0.1",TRUE,0.000301842766468455
"bivt",5e-04,30000,"0.01",TRUE,0.000387295039639886
"bivt",5e-04,30000,"0.05",TRUE,0.000173007205446451
"bivt",5e-04,30000,"0.1",TRUE,0.000159188865103041
"bivt",5e-04,30000,"0.01",TRUE,0.000208313842638684
"bivt",5e-04,30000,"0.05",FALSE,0.000194042883843655
"bivt",5e-04,30000,"0.1",FALSE,0.000172567197849042
"bivt",5e-04,30000,"0.01",TRUE,0.000231281480029228
"bivt",5e-04,30000,"0.05",FALSE,0.000166323308087367
"bivt",5e-04,30000,"0.1",FALSE,0.000159668637069117
"bivt",5e-04,30000,"0.01",FALSE,0.000202438103312407
"bivt",5e-04,30000,"0.05",FALSE,0.00014224245727402
"bivt",5e-04,30000,"0.1",FALSE,0.000131739693967484
"bivt",5e-04,30000,"0.01",TRUE,0.000177613668955126
"bivt",5e-04,30000,"0.05",TRUE,0.00023569782263693
"bivt",5e-04,30000,"0.1",TRUE,0.000206527701753794
"bivt",5e-04,30000,"0.01",TRUE,0.00027524645143806
"bivt",5e-04,30000,"0.05",TRUE,0.000219941939612862
"bivt",5e-04,30000,"0.1",TRUE,0.000214692109470739
"bivt",5e-04,30000,"0.01",TRUE,0.000231089364346979
"bivt",5e-04,30000,"0.05",TRUE,0.000323778380679273
"bivt",5e-04,30000,"0.1",TRUE,0.000275513159277358
"bivt",5e-04,30000,"0.01",TRUE,0.000397133690971431
"bivt",5e-04,30000,"0.05",TRUE,0.00036967425981895
"bivt",5e-04,30000,"0.1",TRUE,0.000325681367882755
"bivt",5e-04,30000,"0.01",TRUE,0.000418086710239247
"bivt",5e-04,30000,"0.05",TRUE,0.000265918325902675
"bivt",5e-04,30000,"0.1",FALSE,0.000235770062174704
"bivt",5e-04,30000,"0.01",TRUE,0.000318318521271922
"bivt",5e-04,30000,"0.05",TRUE,0.000157378773507365
"bivt",5e-04,30000,"0.1",TRUE,0.000142135296605327
"bivt",5e-04,30000,"0.01",TRUE,0.0001854042541197
"bivt",5e-04,30000,"0.05",TRUE,0.000195365130692538
"bivt",5e-04,30000,"0.1",TRUE,0.000176941472614111
"bivt",5e-04,30000,"0.01",TRUE,0.000234931107280109
"bivt",5e-04,30000,"0.05",TRUE,0.000216842062082146
"bivt",5e-04,30000,"0.1",TRUE,0.000186373762421742
"bivt",5e-04,30000,"0.01",TRUE,0.000263807462427625
"bivt",5e-04,30000,"0.05",TRUE,0.000191602081056986
"bivt",5e-04,30000,"0.1",FALSE,0.000169314523618708
"bivt",5e-04,30000,"0.01",TRUE,0.000224494790442502
"bivt",5e-04,30000,"0.05",TRUE,0.00015723310803006
"bivt",5e-04,30000,"0.1",TRUE,0.000145083674495442
"bivt",5e-04,30000,"0.01",TRUE,0.00018347893800481
"bivt",5e-04,30000,"0.05",TRUE,0.000332298206368015
"bivt",5e-04,30000,"0.1",TRUE,0.000293297351662506
"bivt",5e-04,30000,"0.01",TRUE,0.000405892732280624
"bivt",5e-04,30000,"0.05",TRUE,0.000242376829484727
"bivt",5e-04,30000,"0.1",TRUE,0.000221548968402632
"bivt",5e-04,30000,"0.01",TRUE,0.000306173677473345
"bivt",5e-04,30000,"0.05",FALSE,0.000151881479605904
"bivt",5e-04,30000,"0.1",FALSE,0.000130983313133373
"bivt",5e-04,30000,"0.01",FALSE,0.000195978402836186
"bivt",5e-04,30000,"0.05",TRUE,0.00027264139344798
"bivt",5e-04,30000,"0.1",TRUE,0.000243789072985883
"bivt",5e-04,30000,"0.01",TRUE,0.000313621931715287
"bivt",5e-04,30000,"0.05",FALSE,0.000150208571177418
"bivt",5e-04,30000,"0.1",FALSE,0.000141165990516729
"bivt",5e-04,30000,"0.01",FALSE,0.000176913580280483
"bivt",5e-04,30000,"0.05",TRUE,0.000235599672494835
"bivt",5e-04,30000,"0.1",TRUE,0.000202313113261623
"bivt",5e-04,30000,"0.01",TRUE,0.000286379292744766
"bivt",5e-04,30000,"0.05",FALSE,0.000160212886274016
"bivt",5e-04,30000,"0.1",FALSE,0.0001538035620905
"bivt",5e-04,30000,"0.01",TRUE,0.000180640976769856
"bivt",5e-04,30000,"0.05",TRUE,0.000233198853113426
"bivt",5e-04,30000,"0.1",TRUE,0.000210164592059466
"bivt",5e-04,30000,"0.01",TRUE,0.000310978431278529
"bivt",5e-04,30000,"0.05",TRUE,0.00024022186987071
"bivt",5e-04,30000,"0.1",TRUE,0.000217278567320369
"bivt",5e-04,30000,"0.01",TRUE,0.000304251490680328
"bivt",5e-04,30000,"0.05",TRUE,0.000315423111905272
"bivt",5e-04,30000,"0.1",TRUE,0.000289911508255092
"bivt",5e-04,30000,"0.01",TRUE,0.000377479399286472
"bivt",5e-04,30000,"0.05",TRUE,0.00018764927499931
"bivt",5e-04,30000,"0.1",TRUE,0.000166892193615036
"bivt",5e-04,30000,"0.01",TRUE,0.000232460704293895
"bivt",5e-04,30000,"0.05",TRUE,0.000181243758685287
"bivt",5e-04,30000,"0.1",TRUE,0.000170796545940676
"bivt",5e-04,30000,"0.01",TRUE,0.000197193871453499
"bivt",5e-04,30000,"0.05",TRUE,0.000206052704535405
"bivt",5e-04,30000,"0.1",TRUE,0.000185146031572692
"bivt",5e-04,30000,"0.01",TRUE,0.000255151092254513
"bivt",5e-04,30000,"0.05",FALSE,0.000195060697334466
"bivt",5e-04,30000,"0.1",FALSE,0.000184480527772827
"bivt",5e-04,30000,"0.01",FALSE,0.000213446118572507
"bivt",5e-04,30000,"0.05",TRUE,0.0002007683807468
"bivt",5e-04,30000,"0.1",FALSE,0.000164736234234519
"bivt",5e-04,30000,"0.01",TRUE,0.000261691199732027
"bivt",5e-04,30000,"0.05",TRUE,0.000201706212906004
"bivt",5e-04,30000,"0.1",FALSE,0.000175334986827739
"bivt",5e-04,30000,"0.01",TRUE,0.000257557387198599
"bivt",5e-04,30000,"0.05",TRUE,0.000374416579811669
"bivt",5e-04,30000,"0.1",TRUE,0.000337993685327348
"bivt",5e-04,30000,"0.01",TRUE,0.000456805540658562
"bivt",5e-04,30000,"0.05",TRUE,0.000169451902633626
"bivt",5e-04,30000,"0.1",TRUE,0.000158365918274385
"bivt",5e-04,30000,"0.01",TRUE,0.000192377075656488
"bivt",5e-04,30000,"0.05",TRUE,0.000344369788315012
"bivt",5e-04,30000,"0.1",TRUE,0.000311413361230697
"bivt",5e-04,30000,"0.01",TRUE,0.000412523923867974
"bivt",5e-04,30000,"0.05",TRUE,0.000355664538902845
"bivt",5e-04,30000,"0.1",TRUE,0.000321507935257132
"bivt",5e-04,30000,"0.01",TRUE,0.000426108478433133
"bivt",5e-04,30000,"0.05",TRUE,0.000171166288670612
"bivt",5e-04,30000,"0.1",TRUE,0.000158975295024805
"bivt",5e-04,30000,"0.01",TRUE,0.000191688863460223
"bivt",5e-04,30000,"0.05",TRUE,0.000296377949480557
"bivt",5e-04,30000,"0.1",TRUE,0.000251182737518738
"bivt",5e-04,30000,"0.01",TRUE,0.000379853459225934
"bivt",5e-04,30000,"0.05",TRUE,0.000156876179222623
"bivt",5e-04,30000,"0.1",TRUE,0.000139445179801183
"bivt",5e-04,30000,"0.01",TRUE,0.000187763683261096
"bivt",5e-04,30000,"0.05",TRUE,0.000230155783363233
"bivt",5e-04,30000,"0.1",TRUE,0.000197771627651151
"bivt",5e-04,30000,"0.01",TRUE,0.00028910541944625
"bivt",5e-04,30000,"0.05",TRUE,0.000249623921854568
"bivt",5e-04,30000,"0.1",TRUE,0.000224337199975446
"bivt",5e-04,30000,"0.01",TRUE,0.000299196438043018
"bivt",5e-04,30000,"0.05",TRUE,0.00041107041057649
"bivt",5e-04,30000,"0.1",TRUE,0.000367899717988684
"bivt",5e-04,30000,"0.01",TRUE,0.000499730137221414
"bivt",5e-04,30000,"0.05",TRUE,0.000182211608704277
"bivt",5e-04,30000,"0.1",TRUE,0.000169905345355801
"bivt",5e-04,30000,"0.01",TRUE,0.000195687149881507
"bivt",5e-04,30000,"0.05",TRUE,0.000364482530304569
"bivt",5e-04,30000,"0.1",TRUE,0.000331136525166379
"bivt",5e-04,30000,"0.01",TRUE,0.000432155524321498
"bivt",5e-04,30000,"0.05",TRUE,0.000255797559282788
"bivt",5e-04,30000,"0.1",TRUE,0.000225050321837801
"bivt",5e-04,30000,"0.01",TRUE,0.000313232565444551
"bivt",5e-04,30000,"0.05",TRUE,0.000175016384929469
"bivt",5e-04,30000,"0.1",FALSE,0.000159085388007108
"bivt",5e-04,30000,"0.01",TRUE,0.000204115317443169
"bivt",5e-04,30000,"0.05",TRUE,0.000405720661324675
"bivt",5e-04,30000,"0.1",TRUE,0.000361370629519958
"bivt",5e-04,30000,"0.01",TRUE,0.000463597028729529
"bivt",5e-04,30000,"0.05",TRUE,0.000307865183919924
"bivt",5e-04,30000,"0.1",TRUE,0.000278432907180475
"bivt",5e-04,30000,"0.01",TRUE,0.000390900393953585
"bivt",5e-04,30000,"0.05",TRUE,0.000179787952951492
"bivt",5e-04,30000,"0.1",TRUE,0.000170228849539458
"bivt",5e-04,30000,"0.01",TRUE,0.000202430772278365
"bivt",5e-04,30000,"0.05",TRUE,0.000212158192419016
"bivt",5e-04,30000,"0.1",TRUE,0.000193149647455171
"bivt",5e-04,30000,"0.01",TRUE,0.000256561228312308
"bivt",5e-04,30000,"0.05",TRUE,0.000204832965544365
"bivt",5e-04,30000,"0.1",TRUE,0.0001641233305917
"bivt",5e-04,30000,"0.01",TRUE,0.000271717185368929
"bivt",5e-04,30000,"0.05",FALSE,0.000136924632905834
"bivt",5e-04,30000,"0.1",FALSE,0.000126603362869206
"bivt",5e-04,30000,"0.01",TRUE,0.000187129938686973
"bivt",5e-04,30000,"0.05",TRUE,0.000422701001317368
"bivt",5e-04,30000,"0.1",TRUE,0.000368019562010527
"bivt",5e-04,30000,"0.01",TRUE,0.000477222268174203
"bivt",5e-04,30000,"0.05",TRUE,0.000154247854642071
"bivt",5e-04,30000,"0.1",TRUE,0.000144494847244106
"bivt",5e-04,30000,"0.01",TRUE,0.000181037032136304
"bivt",5e-04,30000,"0.05",TRUE,0.000230986037465789
"bivt",5e-04,30000,"0.1",FALSE,0.000190873299110557
"bivt",5e-04,30000,"0.01",TRUE,0.000273029571102589
"bivt",5e-04,30000,"0.05",FALSE,0.000182496453559765
"bivt",5e-04,30000,"0.1",FALSE,0.000159879138894721
"bivt",5e-04,30000,"0.01",FALSE,0.000262417951901707
"bivt",5e-04,30000,"0.05",FALSE,0.000147163715920698
"bivt",5e-04,30000,"0.1",FALSE,0.000131788220270238
"bivt",5e-04,30000,"0.01",FALSE,0.000177248043698451
"bivt",5e-04,30000,"0.05",TRUE,0.000200753265260376
"bivt",5e-04,30000,"0.1",TRUE,0.00016663761249835
"bivt",5e-04,30000,"0.01",TRUE,0.000260187387556868
"bivt",5e-04,30000,"0.05",TRUE,0.000247991651918694
"bivt",5e-04,30000,"0.1",TRUE,0.000224564120782136
"bivt",5e-04,30000,"0.01",TRUE,0.000317509255488192
"bivt",5e-04,30000,"0.05",FALSE,0.000163434533716974
"bivt",5e-04,30000,"0.1",FALSE,0.00015447587219284
"bivt",5e-04,30000,"0.01",TRUE,0.000189017910125282
"bivt",5e-04,30000,"0.05",TRUE,0.000205004561154368
"bivt",5e-04,30000,"0.1",TRUE,0.000172745450051357
"bivt",5e-04,30000,"0.01",TRUE,0.00023833110212153
"bivt",5e-04,30000,"0.05",TRUE,0.000276241332909568
"bivt",5e-04,30000,"0.1",TRUE,0.000227181882908428
"bivt",5e-04,30000,"0.01",TRUE,0.000331659457548217
"bivt",5e-04,30000,"0.05",TRUE,0.00015437232356759
"bivt",5e-04,30000,"0.1",TRUE,0.000142574980182081
"bivt",5e-04,30000,"0.01",TRUE,0.000202178953611027
"bivt",5e-04,30000,"0.05",TRUE,0.000258985178188949
"bivt",5e-04,30000,"0.1",TRUE,0.000224115318282707
"bivt",5e-04,30000,"0.01",TRUE,0.000317091242403242
"bivt",5e-04,30000,"0.05",TRUE,0.000203603722003791
"bivt",5e-04,30000,"0.1",TRUE,0.000197036891506839
"bivt",5e-04,30000,"0.01",TRUE,0.000225472884911029
"bivt",5e-04,30000,"0.05",TRUE,0.000193684198665671
"bivt",5e-04,30000,"0.1",FALSE,0.000170599245140231
"bivt",5e-04,30000,"0.01",TRUE,0.000236489233119309
"bivt",5e-04,30000,"0.05",TRUE,0.000153667071004015
"bivt",5e-04,30000,"0.1",TRUE,0.000149267816062584
"bivt",5e-04,30000,"0.01",TRUE,0.000169435747935928
"bivt",5e-04,30000,"0.05",TRUE,0.000292463584190823
"bivt",5e-04,30000,"0.1",TRUE,0.000270364740328662
"bivt",5e-04,30000,"0.01",TRUE,0.000331883865855569
"bivt",5e-04,30000,"0.05",TRUE,0.000301807830866236
"bivt",5e-04,30000,"0.1",TRUE,0.000277481270738568
"bivt",5e-04,30000,"0.01",TRUE,0.00037018848359045
"bivt",5e-04,30000,"0.05",TRUE,0.000258976808086169
"bivt",5e-04,30000,"0.1",TRUE,0.000241398299693959
"bivt",5e-04,30000,"0.01",TRUE,0.000319689063298814
"bivt",5e-04,30000,"0.05",TRUE,0.000369442757811705
"bivt",5e-04,30000,"0.1",TRUE,0.000348006421512346
"bivt",5e-04,30000,"0.01",TRUE,0.000405991191336442
"bivt",5e-04,30000,"0.05",TRUE,0.000366295364473042
"bivt",5e-04,30000,"0.1",TRUE,0.000337943401979576
"bivt",5e-04,30000,"0.01",TRUE,0.000409127455654138
"bivt",5e-04,30000,"0.05",TRUE,0.000274411362200932
"bivt",5e-04,30000,"0.1",TRUE,0.00024453889849306
"bivt",5e-04,30000,"0.01",TRUE,0.000326010099780316
"bivt",5e-04,30000,"0.05",TRUE,0.000320879205686685
"bivt",5e-04,30000,"0.1",TRUE,0.000296910571501816
"bivt",5e-04,30000,"0.01",TRUE,0.00038207881036807
"bivt",5e-04,30000,"0.05",TRUE,0.000340499434339322
"bivt",5e-04,30000,"0.1",TRUE,0.000316449375589834
"bivt",5e-04,30000,"0.01",TRUE,0.000386935220147632
"bivt",5e-04,30000,"0.05",TRUE,0.00022936418530549
"bivt",5e-04,30000,"0.1",TRUE,0.000209085846808345
"bivt",5e-04,30000,"0.01",TRUE,0.000289454965069423
"bivt",5e-04,30000,"0.05",TRUE,0.000224796637460527
"bivt",5e-04,30000,"0.1",TRUE,0.000188310374701307
"bivt",5e-04,30000,"0.01",TRUE,0.00025628628047644
"bivt",5e-04,30000,"0.05",FALSE,0.000177455325775245
"bivt",5e-04,30000,"0.1",FALSE,0.000167600278958854
"bivt",5e-04,30000,"0.01",FALSE,0.000195845408060772
"bivt",5e-04,30000,"0.05",TRUE,0.000213611783787889
"bivt",5e-04,30000,"0.1",TRUE,0.000186991959425252
"bivt",5e-04,30000,"0.01",TRUE,0.000252614395521866
"bivt",5e-04,30000,"0.05",TRUE,0.000183338245694892
"bivt",5e-04,30000,"0.1",TRUE,0.000168347507860797
"bivt",5e-04,30000,"0.01",TRUE,0.000213020401189338
"bivt",5e-04,30000,"0.05",TRUE,0.000282287020669676
"bivt",5e-04,30000,"0.1",TRUE,0.000259127335615809
"bivt",5e-04,30000,"0.01",TRUE,0.000317894124511352
"bivt",5e-04,30000,"0.05",TRUE,0.000166940124557265
"bivt",5e-04,30000,"0.1",TRUE,0.000157811377176292
"bivt",5e-04,30000,"0.01",TRUE,0.000182874141844518
"bivt",5e-04,30000,"0.05",TRUE,0.000245357139639901
"bivt",5e-04,30000,"0.1",TRUE,0.000208878162971357
"bivt",5e-04,30000,"0.01",TRUE,0.00028226464734686
"bivt",5e-04,30000,"0.05",TRUE,0.000171346221314691
"bivt",5e-04,30000,"0.1",TRUE,0.000150451859218391
"bivt",5e-04,30000,"0.01",TRUE,0.00022984123555552
"bivt",5e-04,30000,"0.05",TRUE,0.000186812022284631
"bivt",5e-04,30000,"0.1",TRUE,0.000169328284001119
"bivt",5e-04,30000,"0.01",TRUE,0.000267060052099514
"bivt",5e-04,30000,"0.05",TRUE,0.000203306338319118
"bivt",5e-04,30000,"0.1",TRUE,0.000182042243240814
"bivt",5e-04,30000,"0.01",TRUE,0.000252974635459089
"bivt",5e-04,30000,"0.05",TRUE,0.000243853155485626
"bivt",5e-04,30000,"0.1",TRUE,0.000218099587332621
"bivt",5e-04,30000,"0.01",TRUE,0.000307219856115641
"bivt",5e-04,30000,"0.05",TRUE,0.000306797862183659
"bivt",5e-04,30000,"0.1",TRUE,0.000277556559514329
"bivt",5e-04,30000,"0.01",TRUE,0.000342273002884455
"bivt",5e-04,30000,"0.05",TRUE,0.000269413686402007
"bivt",5e-04,30000,"0.1",TRUE,0.000246840907547049
"bivt",5e-04,30000,"0.01",TRUE,0.000324443421921586
"bivt",5e-04,30000,"0.05",TRUE,0.000181798779594457
"bivt",5e-04,30000,"0.1",TRUE,0.000177474934667874
"bivt",5e-04,30000,"0.01",TRUE,0.000193646655910632
"bivt",5e-04,30000,"0.05",TRUE,0.000167621886765494
"bivt",5e-04,30000,"0.1",TRUE,0.000153908527461122
"bivt",5e-04,30000,"0.01",TRUE,0.000181602939015184
"bivt",5e-04,30000,"0.05",FALSE,0.000173621055950587
"bivt",5e-04,30000,"0.1",FALSE,0.000161651423828585
"bivt",5e-04,30000,"0.01",FALSE,0.000207188503561459
"bivt",5e-04,30000,"0.05",TRUE,0.000214663795154133
"bivt",5e-04,30000,"0.1",TRUE,0.000199925554284636
"bivt",5e-04,30000,"0.01",TRUE,0.000244128687789365
"bivt",5e-04,30000,"0.05",FALSE,0.000139265111400172
"bivt",5e-04,30000,"0.1",FALSE,0.000125454556048294
"bivt",5e-04,30000,"0.01",FALSE,0.000170600581388828
"bivt",5e-04,30000,"0.05",TRUE,0.000163095150339921
"bivt",5e-04,30000,"0.1",TRUE,0.000156120150067489
"bivt",5e-04,30000,"0.01",TRUE,0.000179338018539065
"bivt",5e-04,30000,"0.05",TRUE,0.000203377182115857
"bivt",5e-04,30000,"0.1",TRUE,0.000195727734297866
"bivt",5e-04,30000,"0.01",TRUE,0.000214055224202789
"bivt",5e-04,30000,"0.05",FALSE,0.000173653727816506
"bivt",5e-04,30000,"0.1",FALSE,0.000166318313190166
"bivt",5e-04,30000,"0.01",FALSE,0.000186041193253481
"bivt",5e-04,30000,"0.05",FALSE,0.000162869872225957
"bivt",5e-04,30000,"0.1",FALSE,0.00015560388616234
"bivt",5e-04,30000,"0.01",FALSE,0.000187617072839767
"bivt",5e-04,30000,"0.05",TRUE,0.000388574251682323
"bivt",5e-04,30000,"0.1",TRUE,0.000345812390707296
"bivt",5e-04,30000,"0.01",TRUE,0.000485442355553339
"bivt",5e-04,30000,"0.05",TRUE,0.000146407812789921
"bivt",5e-04,30000,"0.1",TRUE,0.000138750963944848
"bivt",5e-04,30000,"0.01",TRUE,0.000175380942630954
"bivt",5e-04,30000,"0.05",FALSE,0.000183458770209817
"bivt",5e-04,30000,"0.1",FALSE,0.000164166461787599
"bivt",5e-04,30000,"0.01",FALSE,0.00022472528253949
"bivt",5e-04,30000,"0.05",TRUE,0.000269409828487023
"bivt",5e-04,30000,"0.1",TRUE,0.000251268840862088
"bivt",5e-04,30000,"0.01",TRUE,0.000329826900305614
"bivt",5e-04,30000,"0.05",FALSE,0.00018589696472807
"bivt",5e-04,30000,"0.1",FALSE,0.000158470060283863
"bivt",5e-04,30000,"0.01",TRUE,0.000251161182907557
"bivt",5e-04,30000,"0.05",TRUE,0.000184529453173735
"bivt",5e-04,30000,"0.1",TRUE,0.000176902772012847
"bivt",5e-04,30000,"0.01",TRUE,0.000203821145274356
"bivt",5e-04,30000,"0.05",TRUE,0.000226424479084503
"bivt",5e-04,30000,"0.1",TRUE,0.000213239305532437
"bivt",5e-04,30000,"0.01",TRUE,0.000253301324366296
"bivt",5e-04,30000,"0.05",TRUE,0.000171819553677189
"bivt",5e-04,30000,"0.1",TRUE,0.000156598929013522
"bivt",5e-04,30000,"0.01",TRUE,0.000194486620490855
"bivt",5e-04,30000,"0.05",TRUE,0.000145936256550725
"bivt",5e-04,30000,"0.1",FALSE,0.000133273426533426
"bivt",5e-04,30000,"0.01",TRUE,0.000181194321419721
"bivt",5e-04,30000,"0.05",TRUE,0.000195341288143795
"bivt",5e-04,30000,"0.1",FALSE,0.00017938932660281
"bivt",5e-04,30000,"0.01",TRUE,0.000228901988274023
"bivt",5e-04,30000,"0.05",TRUE,0.000318705988863659
"bivt",5e-04,30000,"0.1",TRUE,0.000293026923133768
"bivt",5e-04,30000,"0.01",TRUE,0.00039354935166895
"bivt",5e-04,30000,"0.05",TRUE,0.000190286240585935
"bivt",5e-04,30000,"0.1",TRUE,0.000180836624608736
"bivt",5e-04,30000,"0.01",TRUE,0.000204840099754736
"bivt",5e-04,30000,"0.05",TRUE,0.000182618943152512
"bivt",5e-04,30000,"0.1",FALSE,0.000155264162031231
"bivt",5e-04,30000,"0.01",TRUE,0.000219648894281248
"bivt",5e-04,30000,"0.05",TRUE,0.000164839014810703
"bivt",5e-04,30000,"0.1",TRUE,0.00015506403478369
"bivt",5e-04,30000,"0.01",TRUE,0.000182611047655905
"bivt",5e-04,30000,"0.05",TRUE,0.000159296823909881
"bivt",5e-04,30000,"0.1",TRUE,0.000143229778162206
"bivt",5e-04,30000,"0.01",TRUE,0.000181379894411462
"bivt",5e-04,30000,"0.05",FALSE,0.000158644380735196
"bivt",5e-04,30000,"0.1",FALSE,0.000145176105070514
"bivt",5e-04,30000,"0.01",FALSE,0.000200421672948281
"bivt",5e-04,30000,"0.05",TRUE,0.000154219788819495
"bivt",5e-04,30000,"0.1",TRUE,0.000141217024205881
"bivt",5e-04,30000,"0.01",TRUE,0.000185956674390632
"bivt",5e-04,30000,"0.05",FALSE,0.000234095517912116
"bivt",5e-04,30000,"0.1",FALSE,0.000200418796219497
"bivt",5e-04,30000,"0.01",FALSE,0.000290815814379511
"bivt",5e-04,30000,"0.05",TRUE,0.000275674399827215
"bivt",5e-04,30000,"0.1",TRUE,0.000205215145623982
"bivt",5e-04,30000,"0.01",TRUE,0.000328272479450949
"bivt",5e-04,30000,"0.05",TRUE,0.000237298961207159
"bivt",5e-04,30000,"0.1",TRUE,0.000211341458005184
"bivt",5e-04,30000,"0.01",TRUE,0.000311841265543719
"bivt",5e-04,30000,"0.05",TRUE,0.000245959310876666
"bivt",5e-04,30000,"0.1",TRUE,0.000220381065120986
"bivt",5e-04,30000,"0.01",TRUE,0.000293691800074585
"bivt",5e-04,30000,"0.05",TRUE,0.000212421418299879
"bivt",5e-04,30000,"0.1",TRUE,0.000185020898953049
"bivt",5e-04,30000,"0.01",TRUE,0.000264406171617613
"bivt",5e-04,30000,"0.05",TRUE,0.000167179083346052
"bivt",5e-04,30000,"0.1",TRUE,0.000150465906933251
"bivt",5e-04,30000,"0.01",TRUE,0.000219536307843096
"bivt",5e-04,30000,"0.05",TRUE,0.000192362225765604
"bivt",5e-04,30000,"0.1",FALSE,0.000173865537499839
"bivt",5e-04,30000,"0.01",TRUE,0.000210873659556563
"bivt",5e-04,30000,"0.05",FALSE,0.00032796252003326
"bivt",5e-04,30000,"0.1",FALSE,0.000289971289262469
"bivt",5e-04,30000,"0.01",TRUE,0.000368939324297108
"bivt",5e-04,30000,"0.05",TRUE,0.000152599597569033
"bivt",5e-04,30000,"0.1",TRUE,0.000145574756598836
"bivt",5e-04,30000,"0.01",TRUE,0.000182385525440728
"bivt",5e-04,30000,"0.05",TRUE,0.000175098059179062
"bivt",5e-04,30000,"0.1",TRUE,0.000162746424923807
"bivt",5e-04,30000,"0.01",TRUE,0.000199139827771589
"bivt",5e-04,30000,"0.05",TRUE,0.000177777042466074
"bivt",5e-04,30000,"0.1",TRUE,0.000161585105134726
"bivt",5e-04,30000,"0.01",TRUE,0.000198146256198076
"bivt",5e-04,30000,"0.05",FALSE,0.000199856041184659
"bivt",5e-04,30000,"0.1",FALSE,0.000173030376437972
"bivt",5e-04,30000,"0.01",TRUE,0.000254063066610661
"bivt",1e-04,150000,"0.05",TRUE,3.71497076694753e-05
"bivt",1e-04,150000,"0.1",TRUE,3.31811620662321e-05
"bivt",1e-04,150000,"0.01",TRUE,4.21792354048603e-05
"bivt",1e-04,150000,"0.05",TRUE,3.37647783162913e-05
"bivt",1e-04,150000,"0.1",TRUE,3.09894984811352e-05
"bivt",1e-04,150000,"0.01",TRUE,4.07690508886679e-05
"bivt",1e-04,150000,"0.05",TRUE,2.49353756808607e-05
"bivt",1e-04,150000,"0.1",TRUE,2.33588516493465e-05
"bivt",1e-04,150000,"0.01",TRUE,2.7325934933902e-05
"bivt",1e-04,150000,"0.05",FALSE,3.63161856264517e-05
"bivt",1e-04,150000,"0.1",FALSE,3.25113852630416e-05
"bivt",1e-04,150000,"0.01",TRUE,4.32048784332121e-05
"bivt",1e-04,150000,"0.05",FALSE,3.26713055669613e-05
"bivt",1e-04,150000,"0.1",FALSE,2.80792546779625e-05
"bivt",1e-04,150000,"0.01",FALSE,3.502688191811e-05
"bivt",1e-04,150000,"0.05",TRUE,2.17479775584251e-05
"bivt",1e-04,150000,"0.1",TRUE,2.02715155241245e-05
"bivt",1e-04,150000,"0.01",TRUE,2.46908298292025e-05
"bivt",1e-04,150000,"0.05",TRUE,2.35009032369072e-05
"bivt",1e-04,150000,"0.1",TRUE,2.08376240452164e-05
"bivt",1e-04,150000,"0.01",TRUE,2.93648575797825e-05
"bivt",1e-04,150000,"0.05",TRUE,2.79504583933728e-05
"bivt",1e-04,150000,"0.1",TRUE,2.55936033100871e-05
"bivt",1e-04,150000,"0.01",TRUE,3.47806758430454e-05
"bivt",1e-04,150000,"0.05",TRUE,3.21337369792601e-05
"bivt",1e-04,150000,"0.1",TRUE,3.0353974035678e-05
"bivt",1e-04,150000,"0.01",TRUE,3.40957792492326e-05
"bivt",1e-04,150000,"0.05",TRUE,2.49502169232619e-05
"bivt",1e-04,150000,"0.1",TRUE,2.24815652941793e-05
"bivt",1e-04,150000,"0.01",TRUE,3.071643648032e-05
"bivt",1e-04,150000,"0.05",FALSE,2.04398317206245e-05
"bivt",1e-04,150000,"0.1",FALSE,1.86936354769274e-05
"bivt",1e-04,150000,"0.01",FALSE,2.45962459055706e-05
"bivt",1e-04,150000,"0.05",FALSE,2.35220470532385e-05
"bivt",1e-04,150000,"0.1",FALSE,2.1809471291434e-05
"bivt",1e-04,150000,"0.01",TRUE,2.6375713823564e-05
"bivt",1e-04,150000,"0.05",FALSE,2.39333051705816e-05
"bivt",1e-04,150000,"0.1",FALSE,2.15595069618374e-05
"bivt",1e-04,150000,"0.01",FALSE,2.78618773650683e-05
"bivt",1e-04,150000,"0.05",FALSE,2.3450383145394e-05
"bivt",1e-04,150000,"0.1",FALSE,2.15659272675281e-05
"bivt",1e-04,150000,"0.01",FALSE,2.64598014465104e-05
"bivt",1e-04,150000,"0.05",TRUE,3.1154038599464e-05
"bivt",1e-04,150000,"0.1",TRUE,2.72549959543562e-05
"bivt",1e-04,150000,"0.01",TRUE,3.78027895147318e-05
"bivt",1e-04,150000,"0.05",FALSE,3.53748941755677e-05
"bivt",1e-04,150000,"0.1",FALSE,3.17164306782769e-05
"bivt",1e-04,150000,"0.01",FALSE,4.28487804338634e-05
"bivt",1e-04,150000,"0.05",TRUE,4.97292063607524e-05
"bivt",1e-04,150000,"0.1",TRUE,4.53419636948375e-05
"bivt",1e-04,150000,"0.01",TRUE,5.48002275968972e-05
"bivt",1e-04,150000,"0.05",FALSE,2.08751603728127e-05
"bivt",1e-04,150000,"0.1",FALSE,1.87755535589693e-05
"bivt",1e-04,150000,"0.01",FALSE,2.43731084075704e-05
"bivt",1e-04,150000,"0.05",TRUE,2.96992534795641e-05
"bivt",1e-04,150000,"0.1",TRUE,2.61367753284772e-05
"bivt",1e-04,150000,"0.01",TRUE,3.46003398993486e-05
"bivt",1e-04,150000,"0.05",TRUE,2.395995538428e-05
"bivt",1e-04,150000,"0.1",TRUE,2.22831265558506e-05
"bivt",1e-04,150000,"0.01",TRUE,2.71094841493897e-05
"bivt",1e-04,150000,"0.05",TRUE,2.34667220670791e-05
"bivt",1e-04,150000,"0.1",TRUE,2.08897672447371e-05
"bivt",1e-04,150000,"0.01",TRUE,3.02337380059806e-05
"bivt",1e-04,150000,"0.05",FALSE,3.0034881329103e-05
"bivt",1e-04,150000,"0.1",FALSE,2.67939524990455e-05
"bivt",1e-04,150000,"0.01",TRUE,3.70923518824015e-05
"bivt",1e-04,150000,"0.05",TRUE,2.38479811297338e-05
"bivt",1e-04,150000,"0.1",TRUE,2.1274308745481e-05
"bivt",1e-04,150000,"0.01",TRUE,3.00620862958425e-05
"bivt",1e-04,150000,"0.05",TRUE,2.1128259026491e-05
"bivt",1e-04,150000,"0.1",TRUE,1.99128764244824e-05
"bivt",1e-04,150000,"0.01",TRUE,2.46836296613892e-05
"bivt",1e-04,150000,"0.05",FALSE,2.32813797956464e-05
"bivt",1e-04,150000,"0.1",FALSE,2.16990693292008e-05
"bivt",1e-04,150000,"0.01",FALSE,2.71108548790008e-05
"bivt",1e-04,150000,"0.05",FALSE,2.90476760577605e-05
"bivt",1e-04,150000,"0.1",FALSE,2.69588489134631e-05
"bivt",1e-04,150000,"0.01",TRUE,3.41753041424295e-05
"bivt",1e-04,150000,"0.05",TRUE,2.60025954165409e-05
"bivt",1e-04,150000,"0.1",TRUE,2.36933588881155e-05
"bivt",1e-04,150000,"0.01",TRUE,3.20438789523963e-05
"bivt",1e-04,150000,"0.05",TRUE,2.7352547261395e-05
"bivt",1e-04,150000,"0.1",TRUE,2.42281148840146e-05
"bivt",1e-04,150000,"0.01",TRUE,3.3737095356734e-05
"bivt",1e-04,150000,"0.05",FALSE,2.23028261536901e-05
"bivt",1e-04,150000,"0.1",FALSE,1.97340658914345e-05
"bivt",1e-04,150000,"0.01",FALSE,2.78615977343773e-05
"bivt",1e-04,150000,"0.05",FALSE,2.68722272946269e-05
"bivt",1e-04,150000,"0.1",FALSE,2.56105207171707e-05
"bivt",1e-04,150000,"0.01",FALSE,2.9195787036517e-05
"bivt",1e-04,150000,"0.05",FALSE,2.75495372817443e-05
"bivt",1e-04,150000,"0.1",FALSE,2.38943754327384e-05
"bivt",1e-04,150000,"0.01",FALSE,3.44154043331902e-05
"bivt",1e-04,150000,"0.05",TRUE,2.14873539576533e-05
"bivt",1e-04,150000,"0.1",TRUE,1.90999026880757e-05
"bivt",1e-04,150000,"0.01",TRUE,2.58362153648078e-05
"bivt",1e-04,150000,"0.05",FALSE,3.32030942951307e-05
"bivt",1e-04,150000,"0.1",FALSE,3.01854482270364e-05
"bivt",1e-04,150000,"0.01",TRUE,3.9340601057587e-05
"bivt",1e-04,150000,"0.05",FALSE,2.34765531237238e-05
"bivt",1e-04,150000,"0.1",FALSE,2.15382517088171e-05
"bivt",1e-04,150000,"0.01",FALSE,2.70472077510449e-05
"bivt",1e-04,150000,"0.05",FALSE,2.326950848462e-05
"bivt",1e-04,150000,"0.1",FALSE,2.14280700550189e-05
"bivt",1e-04,150000,"0.01",TRUE,2.75348863755529e-05
"bivt",1e-04,150000,"0.05",TRUE,3.32426074912948e-05
"bivt",1e-04,150000,"0.1",TRUE,2.94318786429637e-05
"bivt",1e-04,150000,"0.01",TRUE,3.98309237946196e-05
"bivt",1e-04,150000,"0.05",TRUE,2.38476463122418e-05
"bivt",1e-04,150000,"0.1",TRUE,2.1912427086833e-05
"bivt",1e-04,150000,"0.01",TRUE,2.66014048980718e-05
"bivt",1e-04,150000,"0.05",FALSE,2.33801959471781e-05
"bivt",1e-04,150000,"0.1",FALSE,2.11742507439715e-05
"bivt",1e-04,150000,"0.01",FALSE,2.93807357899904e-05
"bivt",1e-04,150000,"0.05",TRUE,2.93426581139029e-05
"bivt",1e-04,150000,"0.1",TRUE,2.7104438358061e-05
"bivt",1e-04,150000,"0.01",TRUE,3.47007258151063e-05
"bivt",1e-04,150000,"0.05",FALSE,3.46539491293914e-05
"bivt",1e-04,150000,"0.1",FALSE,3.17733011378158e-05
"bivt",1e-04,150000,"0.01",TRUE,4.24809495744013e-05
"bivt",1e-04,150000,"0.05",FALSE,2.7027343135862e-05
"bivt",1e-04,150000,"0.1",FALSE,2.36956344550371e-05
"bivt",1e-04,150000,"0.01",FALSE,3.32838823520614e-05
"bivt",1e-04,150000,"0.05",FALSE,3.4237353105891e-05
"bivt",1e-04,150000,"0.1",FALSE,3.11385004252016e-05
"bivt",1e-04,150000,"0.01",FALSE,3.79096983029086e-05
"bivt",1e-04,150000,"0.05",TRUE,4.79405190313615e-05
"bivt",1e-04,150000,"0.1",TRUE,4.36617497473106e-05
"bivt",1e-04,150000,"0.01",TRUE,5.7178486280552e-05
"bivt",1e-04,150000,"0.05",TRUE,3.1493234221951e-05
"bivt",1e-04,150000,"0.1",TRUE,2.76817736201476e-05
"bivt",1e-04,150000,"0.01",TRUE,3.89062176302386e-05
"bivt",1e-04,150000,"0.05",FALSE,2.23855964871566e-05
"bivt",1e-04,150000,"0.1",FALSE,2.07712065017856e-05
"bivt",1e-04,150000,"0.01",TRUE,2.55897915375134e-05
"bivt",1e-04,150000,"0.05",TRUE,3.61992826705585e-05
"bivt",1e-04,150000,"0.1",TRUE,3.30045547628129e-05
"bivt",1e-04,150000,"0.01",TRUE,4.17928739769765e-05
"bivt",1e-04,150000,"0.05",FALSE,2.46752911106688e-05
"bivt",1e-04,150000,"0.1",FALSE,2.28423984152858e-05
"bivt",1e-04,150000,"0.01",FALSE,2.89871025105108e-05
"bivt",1e-04,150000,"0.05",FALSE,2.32513604974548e-05
"bivt",1e-04,150000,"0.1",FALSE,2.13299230808724e-05
"bivt",1e-04,150000,"0.01",FALSE,2.54606417318032e-05
"bivt",1e-04,150000,"0.05",FALSE,2.12721906113983e-05
"bivt",1e-04,150000,"0.1",FALSE,1.97806096008152e-05
"bivt",1e-04,150000,"0.01",TRUE,2.42186380479306e-05
"bivt",1e-04,150000,"0.05",FALSE,2.10029267937835e-05
"bivt",1e-04,150000,"0.1",FALSE,1.94209871101287e-05
"bivt",1e-04,150000,"0.01",FALSE,2.47948514005188e-05
"bivt",1e-04,150000,"0.05",FALSE,2.60837622434513e-05
"bivt",1e-04,150000,"0.1",FALSE,2.30644355415709e-05
"bivt",1e-04,150000,"0.01",TRUE,3.1830370563308e-05
"bivt",1e-04,150000,"0.05",TRUE,2.92603142862768e-05
"bivt",1e-04,150000,"0.1",TRUE,2.70707480060103e-05
"bivt",1e-04,150000,"0.01",TRUE,3.30633523360222e-05
"bivt",1e-04,150000,"0.05",TRUE,3.08562628422138e-05
"bivt",1e-04,150000,"0.1",TRUE,2.93091082789734e-05
"bivt",1e-04,150000,"0.01",TRUE,3.42105421606717e-05
"bivt",1e-04,150000,"0.05",TRUE,2.62058318420926e-05
"bivt",1e-04,150000,"0.1",TRUE,2.2443454680298e-05
"bivt",1e-04,150000,"0.01",TRUE,3.22604441387653e-05
"bivt",1e-04,150000,"0.05",FALSE,2.54778639395996e-05
"bivt",1e-04,150000,"0.1",FALSE,2.3939900914764e-05
"bivt",1e-04,150000,"0.01",FALSE,2.85633103275991e-05
"bivt",1e-04,150000,"0.05",FALSE,2.69433619705409e-05
"bivt",1e-04,150000,"0.1",FALSE,2.33944378053078e-05
"bivt",1e-04,150000,"0.01",FALSE,3.23068147232314e-05
"bivt",1e-04,150000,"0.05",TRUE,2.83259355052587e-05
"bivt",1e-04,150000,"0.1",TRUE,2.51264698984904e-05
"bivt",1e-04,150000,"0.01",TRUE,3.28542945597122e-05
"bivt",1e-04,150000,"0.05",FALSE,2.22009582419374e-05
"bivt",1e-04,150000,"0.1",FALSE,2.07634894471011e-05
"bivt",1e-04,150000,"0.01",FALSE,2.51198263810775e-05
"bivt",1e-04,150000,"0.05",TRUE,4.02699200176993e-05
"bivt",1e-04,150000,"0.1",TRUE,3.78796166852241e-05
"bivt",1e-04,150000,"0.01",TRUE,4.62261988103031e-05
"bivt",1e-04,150000,"0.05",FALSE,2.49171502268208e-05
"bivt",1e-04,150000,"0.1",FALSE,2.18983282268584e-05
"bivt",1e-04,150000,"0.01",FALSE,2.96616529212525e-05
"bivt",1e-04,150000,"0.05",FALSE,2.42094119791067e-05
"bivt",1e-04,150000,"0.1",FALSE,2.27356470716964e-05
"bivt",1e-04,150000,"0.01",FALSE,2.70229235313476e-05
"bivt",1e-04,150000,"0.05",TRUE,3.11122268493391e-05
"bivt",1e-04,150000,"0.1",TRUE,2.88526307114813e-05
"bivt",1e-04,150000,"0.01",TRUE,3.56354629212889e-05
"bivt",1e-04,150000,"0.05",FALSE,4.577485907669e-05
"bivt",1e-04,150000,"0.1",FALSE,4.36846560710789e-05
"bivt",1e-04,150000,"0.01",FALSE,5.12880288407097e-05
"bivt",1e-04,150000,"0.05",FALSE,2.62479914276203e-05
"bivt",1e-04,150000,"0.1",FALSE,2.36805225168148e-05
"bivt",1e-04,150000,"0.01",FALSE,3.30427242289248e-05
"bivt",1e-04,150000,"0.05",FALSE,2.49366566878479e-05
"bivt",1e-04,150000,"0.1",FALSE,2.31818120107547e-05
"bivt",1e-04,150000,"0.01",TRUE,3.01493417483227e-05
"bivt",1e-04,150000,"0.05",TRUE,2.82869300336952e-05
"bivt",1e-04,150000,"0.1",TRUE,2.64289740513547e-05
"bivt",1e-04,150000,"0.01",TRUE,3.08454594431525e-05
"bivt",1e-04,150000,"0.05",TRUE,2.79339318143358e-05
"bivt",1e-04,150000,"0.1",TRUE,2.53279979637162e-05
"bivt",1e-04,150000,"0.01",TRUE,3.44575698158339e-05
"bivt",1e-04,150000,"0.05",FALSE,2.81651971621641e-05
"bivt",1e-04,150000,"0.1",FALSE,2.54674381425777e-05
"bivt",1e-04,150000,"0.01",FALSE,3.47520733703589e-05
"bivt",1e-04,150000,"0.05",FALSE,3.44389446202853e-05
"bivt",1e-04,150000,"0.1",FALSE,3.11801416917898e-05
"bivt",1e-04,150000,"0.01",TRUE,4.35713001211605e-05
"bivt",1e-04,150000,"0.05",FALSE,2.54960404105813e-05
"bivt",1e-04,150000,"0.1",FALSE,2.38740070827909e-05
"bivt",1e-04,150000,"0.01",FALSE,2.84900101031905e-05
"bivt",1e-04,150000,"0.05",TRUE,2.40064350416207e-05
"bivt",1e-04,150000,"0.1",TRUE,2.25256657820976e-05
"bivt",1e-04,150000,"0.01",TRUE,2.69015482546632e-05
"bivt",1e-04,150000,"0.05",FALSE,2.28472310898445e-05
"bivt",1e-04,150000,"0.1",FALSE,2.05231742050997e-05
"bivt",1e-04,150000,"0.01",FALSE,2.59853905706216e-05
"bivt",1e-04,150000,"0.05",TRUE,2.68079732804624e-05
"bivt",1e-04,150000,"0.1",TRUE,2.43243939843016e-05
"bivt",1e-04,150000,"0.01",TRUE,3.19451987472275e-05
"bivt",1e-04,150000,"0.05",TRUE,3.80955125821949e-05
"bivt",1e-04,150000,"0.1",TRUE,3.45548726464615e-05
"bivt",1e-04,150000,"0.01",TRUE,4.17920053054034e-05
"bivt",1e-04,150000,"0.05",TRUE,2.70658953345455e-05
"bivt",1e-04,150000,"0.1",TRUE,2.40718533037701e-05
"bivt",1e-04,150000,"0.01",TRUE,3.18391097018689e-05
"bivt",1e-04,150000,"0.05",FALSE,2.34196732364952e-05
"bivt",1e-04,150000,"0.1",FALSE,2.18436599270657e-05
"bivt",1e-04,150000,"0.01",FALSE,2.65455440607834e-05
"bivt",1e-04,150000,"0.05",TRUE,2.58175600435775e-05
"bivt",1e-04,150000,"0.1",TRUE,2.31432226422147e-05
"bivt",1e-04,150000,"0.01",TRUE,3.02840176795169e-05
"bivt",1e-04,150000,"0.05",TRUE,2.06320290875612e-05
"bivt",1e-04,150000,"0.1",TRUE,1.9005840497794e-05
"bivt",1e-04,150000,"0.01",TRUE,2.41125843202919e-05
"bivt",1e-04,150000,"0.05",TRUE,2.36673093659927e-05
"bivt",1e-04,150000,"0.1",TRUE,2.06449214931481e-05
"bivt",1e-04,150000,"0.01",TRUE,2.96495406457073e-05
"bivt",1e-04,150000,"0.05",FALSE,2.25056418315598e-05
"bivt",1e-04,150000,"0.1",FALSE,2.01411673844049e-05
"bivt",1e-04,150000,"0.01",FALSE,2.85033376432212e-05
"bivt",1e-04,150000,"0.05",FALSE,2.4950304107618e-05
"bivt",1e-04,150000,"0.1",FALSE,2.33521655100196e-05
"bivt",1e-04,150000,"0.01",FALSE,2.7274944027204e-05
"bivt",1e-04,150000,"0.05",TRUE,2.51893084788122e-05
"bivt",1e-04,150000,"0.1",TRUE,2.23502657472923e-05
"bivt",1e-04,150000,"0.01",TRUE,3.04782603425507e-05
"bivt",1e-04,150000,"0.05",TRUE,3.97948667469834e-05
"bivt",1e-04,150000,"0.1",TRUE,3.68219761014546e-05
"bivt",1e-04,150000,"0.01",TRUE,4.62504112332748e-05
"bivt",1e-04,150000,"0.05",TRUE,2.81754722246949e-05
"bivt",1e-04,150000,"0.1",TRUE,2.68637985962267e-05
"bivt",1e-04,150000,"0.01",TRUE,3.04222422141044e-05
"bivt",1e-04,150000,"0.05",TRUE,3.63862407372509e-05
"bivt",1e-04,150000,"0.1",TRUE,3.29612965474525e-05
"bivt",1e-04,150000,"0.01",TRUE,4.24324937800466e-05
"bivt",1e-04,150000,"0.05",FALSE,2.07370044619167e-05
"bivt",1e-04,150000,"0.1",FALSE,1.88971921962579e-05
"bivt",1e-04,150000,"0.01",FALSE,2.63687111159531e-05
"bivt",1e-04,150000,"0.05",TRUE,2.53951594403211e-05
"bivt",1e-04,150000,"0.1",FALSE,2.24618893784806e-05
"bivt",1e-04,150000,"0.01",TRUE,3.23577646538801e-05
"bivt",1e-04,150000,"0.05",TRUE,3.59919778394964e-05
"bivt",1e-04,150000,"0.1",TRUE,3.21787714772572e-05
"bivt",1e-04,150000,"0.01",TRUE,4.15505237012726e-05
"bivt",1e-04,150000,"0.05",TRUE,4.28029533218602e-05
"bivt",1e-04,150000,"0.1",TRUE,3.89131896676967e-05
"bivt",1e-04,150000,"0.01",TRUE,4.98133654504509e-05
"bivt",1e-04,150000,"0.05",FALSE,2.38179886676872e-05
"bivt",1e-04,150000,"0.1",FALSE,2.25617973891995e-05
"bivt",1e-04,150000,"0.01",TRUE,2.72921563301485e-05
"bivt",1e-04,150000,"0.05",TRUE,2.17590220699247e-05
"bivt",1e-04,150000,"0.1",TRUE,1.88181696596891e-05
"bivt",1e-04,150000,"0.01",TRUE,2.74089992007502e-05
"bivt",1e-04,150000,"0.05",TRUE,4.84480239607398e-05
"bivt",1e-04,150000,"0.1",TRUE,4.34292458042244e-05
"bivt",1e-04,150000,"0.01",TRUE,5.3388936797927e-05
"bivt",1e-04,150000,"0.05",FALSE,2.68087650846194e-05
"bivt",1e-04,150000,"0.1",FALSE,2.50906124864894e-05
"bivt",1e-04,150000,"0.01",FALSE,2.96996463241994e-05
"bivt",1e-04,150000,"0.05",FALSE,2.5230367488424e-05
"bivt",1e-04,150000,"0.1",FALSE,2.29716678934032e-05
"bivt",1e-04,150000,"0.01",TRUE,2.89864168127295e-05
"bivt",1e-04,150000,"0.05",TRUE,2.21804398957461e-05
"bivt",1e-04,150000,"0.1",TRUE,2.06925207297668e-05
"bivt",1e-04,150000,"0.01",TRUE,2.87603984269068e-05
"bivt",1e-04,150000,"0.05",TRUE,3.18341039031917e-05
"bivt",1e-04,150000,"0.1",TRUE,2.70956070875473e-05
"bivt",1e-04,150000,"0.01",TRUE,3.80999442051126e-05
"bivt",1e-04,150000,"0.05",FALSE,2.17586018430017e-05
"bivt",1e-04,150000,"0.1",FALSE,2.01448118053693e-05
"bivt",1e-04,150000,"0.01",FALSE,2.53727163102913e-05
"bivt",1e-04,150000,"0.05",TRUE,2.66331428572323e-05
"bivt",1e-04,150000,"0.1",TRUE,2.31819225962637e-05
"bivt",1e-04,150000,"0.01",TRUE,3.38686217377418e-05
"bivt",1e-04,150000,"0.05",TRUE,1.92983664270594e-05
"bivt",1e-04,150000,"0.1",TRUE,1.77268181840284e-05
"bivt",1e-04,150000,"0.01",TRUE,2.23963128426356e-05
"bivt",1e-04,150000,"0.05",TRUE,3.00661214676646e-05
"bivt",1e-04,150000,"0.1",TRUE,2.6834050962385e-05
"bivt",1e-04,150000,"0.01",TRUE,3.55513664697328e-05
"bivt",1e-04,150000,"0.05",FALSE,2.45781085807673e-05
"bivt",1e-04,150000,"0.1",FALSE,2.12190453216482e-05
"bivt",1e-04,150000,"0.01",FALSE,2.98780841291161e-05
"bivt",1e-04,150000,"0.05",TRUE,3.61833135906175e-05
"bivt",1e-04,150000,"0.1",TRUE,3.17427172593094e-05
"bivt",1e-04,150000,"0.01",TRUE,3.93185559365224e-05
"bivt",1e-04,150000,"0.05",FALSE,2.69445452078328e-05
"bivt",1e-04,150000,"0.1",FALSE,2.51197374150123e-05
"bivt",1e-04,150000,"0.01",FALSE,3.12838329865021e-05
"bivt",1e-04,150000,"0.05",TRUE,2.45577414679069e-05
"bivt",1e-04,150000,"0.1",FALSE,2.24747648376652e-05
"bivt",1e-04,150000,"0.01",TRUE,2.86794545167748e-05
"bivt",1e-04,150000,"0.05",TRUE,3.06129731782365e-05
"bivt",1e-04,150000,"0.1",TRUE,2.62108778995529e-05
"bivt",1e-04,150000,"0.01",TRUE,3.71875465464014e-05
"bivt",1e-04,150000,"0.05",TRUE,2.15623672490174e-05
"bivt",1e-04,150000,"0.1",TRUE,1.95220358066021e-05
"bivt",1e-04,150000,"0.01",TRUE,2.3746145097293e-05
"bivt",1e-04,150000,"0.05",FALSE,2.25967597677489e-05
"bivt",1e-04,150000,"0.1",FALSE,2.06977810377468e-05
"bivt",1e-04,150000,"0.01",FALSE,2.55750032916109e-05
"bivt",1e-04,150000,"0.05",FALSE,2.62222829625268e-05
"bivt",1e-04,150000,"0.1",FALSE,2.48828760896695e-05
"bivt",1e-04,150000,"0.01",FALSE,2.93239365636968e-05
"bivt",1e-04,150000,"0.05",FALSE,2.73056172122606e-05
"bivt",1e-04,150000,"0.1",FALSE,2.5197542577395e-05
"bivt",1e-04,150000,"0.01",FALSE,3.2209099568914e-05
"bivt",1e-04,150000,"0.05",TRUE,2.83352964482686e-05
"bivt",1e-04,150000,"0.1",FALSE,2.68971557987489e-05
"bivt",1e-04,150000,"0.01",TRUE,3.21541226520169e-05
"bivt",1e-04,150000,"0.05",FALSE,2.6959728933105e-05
"bivt",1e-04,150000,"0.1",FALSE,2.54104412652388e-05
"bivt",1e-04,150000,"0.01",FALSE,3.03404366439937e-05
"bivt",1e-04,150000,"0.05",FALSE,2.13325382885167e-05
"bivt",1e-04,150000,"0.1",FALSE,1.95866134785338e-05
"bivt",1e-04,150000,"0.01",FALSE,2.61344591143007e-05
"bivt",1e-04,150000,"0.05",TRUE,2.40731367993948e-05
"bivt",1e-04,150000,"0.1",FALSE,2.23845529054117e-05
"bivt",1e-04,150000,"0.01",TRUE,2.6224433692888e-05
"bivt",1e-04,150000,"0.05",TRUE,2.3989681162349e-05
"bivt",1e-04,150000,"0.1",TRUE,2.17715593209621e-05
"bivt",1e-04,150000,"0.01",TRUE,2.75110992240231e-05
"bivt",1e-04,150000,"0.05",FALSE,2.26339383880449e-05
"bivt",1e-04,150000,"0.1",FALSE,2.03654895099569e-05
"bivt",1e-04,150000,"0.01",FALSE,2.60987403651924e-05
"bivt",1e-04,150000,"0.05",TRUE,3.37209019018215e-05
"bivt",1e-04,150000,"0.1",TRUE,3.16369931437898e-05
"bivt",1e-04,150000,"0.01",TRUE,3.95074143147943e-05
"bivt",1e-04,150000,"0.05",TRUE,2.78672735539602e-05
"bivt",1e-04,150000,"0.1",TRUE,2.36390863279211e-05
"bivt",1e-04,150000,"0.01",TRUE,3.32353661276295e-05
"bivt",1e-04,150000,"0.05",FALSE,2.68552776328348e-05
"bivt",1e-04,150000,"0.1",FALSE,2.51709978471983e-05
"bivt",1e-04,150000,"0.01",FALSE,2.91844642882765e-05
"bivt",1e-04,150000,"0.05",TRUE,2.51459210168707e-05
"bivt",1e-04,150000,"0.1",TRUE,2.38818370859489e-05
"bivt",1e-04,150000,"0.01",TRUE,2.8112711585913e-05
"bivt",1e-04,150000,"0.05",TRUE,3.91834270030974e-05
"bivt",1e-04,150000,"0.1",TRUE,3.53415296892815e-05
"bivt",1e-04,150000,"0.01",TRUE,4.42624959105813e-05
"bivt",1e-04,150000,"0.05",FALSE,2.33679831927141e-05
"bivt",1e-04,150000,"0.1",FALSE,1.97235577518644e-05
"bivt",1e-04,150000,"0.01",FALSE,2.94609134825101e-05
"bivt",1e-04,150000,"0.05",TRUE,4.22211521541209e-05
"bivt",1e-04,150000,"0.1",TRUE,3.90139950658264e-05
"bivt",1e-04,150000,"0.01",TRUE,5.00893569513993e-05
"bivt",1e-04,150000,"0.05",TRUE,2.43956366172926e-05
"bivt",1e-04,150000,"0.1",TRUE,2.24393578437945e-05
"bivt",1e-04,150000,"0.01",TRUE,2.69322765707045e-05
"bivt",1e-04,150000,"0.05",TRUE,2.84343685401148e-05
"bivt",1e-04,150000,"0.1",TRUE,2.54459066833589e-05
"bivt",1e-04,150000,"0.01",TRUE,3.29984108033371e-05
"bivt",1e-04,150000,"0.05",TRUE,2.47295894224851e-05
"bivt",1e-04,150000,"0.1",TRUE,2.29216924066862e-05
"bivt",1e-04,150000,"0.01",TRUE,2.80771494176903e-05
"bivt",1e-04,150000,"0.05",TRUE,2.81615253624675e-05
"bivt",1e-04,150000,"0.1",TRUE,2.61842293814672e-05
"bivt",1e-04,150000,"0.01",TRUE,3.27504415124019e-05
"bivt",1e-04,150000,"0.05",FALSE,2.74546102207882e-05
"bivt",1e-04,150000,"0.1",FALSE,2.31152077343012e-05
"bivt",1e-04,150000,"0.01",TRUE,3.34172095187258e-05
"bivt",1e-04,150000,"0.05",FALSE,2.25033521598146e-05
"bivt",1e-04,150000,"0.1",FALSE,2.07313117898066e-05
"bivt",1e-04,150000,"0.01",FALSE,2.56944642992172e-05
"bivt",1e-04,150000,"0.05",TRUE,3.98701324947839e-05
"bivt",1e-04,150000,"0.1",TRUE,3.61248758047871e-05
"bivt",1e-04,150000,"0.01",TRUE,4.87296430552454e-05
"bivt",1e-04,150000,"0.05",FALSE,4.15987774929634e-05
"bivt",1e-04,150000,"0.1",FALSE,3.79576109853685e-05
"bivt",1e-04,150000,"0.01",FALSE,4.86251824549615e-05
"bivt",1e-04,150000,"0.05",FALSE,2.32079447784454e-05
"bivt",1e-04,150000,"0.1",FALSE,2.04270309832097e-05
"bivt",1e-04,150000,"0.01",FALSE,2.98487079224463e-05
"bivt",1e-04,150000,"0.05",FALSE,2.47739908574492e-05
"bivt",1e-04,150000,"0.1",FALSE,2.18417020930621e-05
"bivt",1e-04,150000,"0.01",FALSE,2.91749386102039e-05
"bivt",1e-04,150000,"0.05",TRUE,2.70726403865931e-05
"bivt",1e-04,150000,"0.1",TRUE,2.45436002252795e-05
"bivt",1e-04,150000,"0.01",TRUE,3.49099230247816e-05
"bivt",1e-04,150000,"0.05",TRUE,2.41877824846e-05
"bivt",1e-04,150000,"0.1",TRUE,2.28558150987038e-05
"bivt",1e-04,150000,"0.01",TRUE,2.62532854563655e-05
"bivt",1e-04,150000,"0.05",TRUE,2.49249847721652e-05
"bivt",1e-04,150000,"0.1",TRUE,2.17684569673496e-05
"bivt",1e-04,150000,"0.01",TRUE,3.10150861491768e-05
"bivt",1e-04,150000,"0.05",TRUE,2.31831547677599e-05
"bivt",1e-04,150000,"0.1",TRUE,2.14273788853534e-05
"bivt",1e-04,150000,"0.01",TRUE,2.70803877530192e-05
"bivt",1e-04,150000,"0.05",TRUE,2.85303928919744e-05
"bivt",1e-04,150000,"0.1",TRUE,2.69298609762175e-05
"bivt",1e-04,150000,"0.01",TRUE,3.19546760030493e-05
"bivt",1e-04,150000,"0.05",TRUE,2.88000839733105e-05
"bivt",1e-04,150000,"0.1",TRUE,2.61394344647665e-05
"bivt",1e-04,150000,"0.01",TRUE,3.50602338493368e-05
"bivt",1e-04,150000,"0.05",TRUE,3.54061644417273e-05
"bivt",1e-04,150000,"0.1",TRUE,3.23509318616309e-05
"bivt",1e-04,150000,"0.01",TRUE,4.36183604746723e-05
"bivt",1e-04,150000,"0.05",TRUE,3.86838059001367e-05
"bivt",1e-04,150000,"0.1",TRUE,3.43484093946243e-05
"bivt",1e-04,150000,"0.01",TRUE,4.58393933653e-05
"bivt",1e-04,150000,"0.05",TRUE,2.18803565478414e-05
"bivt",1e-04,150000,"0.1",TRUE,1.94118616349361e-05
"bivt",1e-04,150000,"0.01",TRUE,2.85857105067879e-05
"bivt",1e-04,150000,"0.05",FALSE,2.25705807560242e-05
"bivt",1e-04,150000,"0.1",FALSE,2.08866422214633e-05
"bivt",1e-04,150000,"0.01",FALSE,2.51153830695966e-05
"bivt",1e-04,150000,"0.05",TRUE,2.42786082199793e-05
"bivt",1e-04,150000,"0.1",TRUE,2.2737511968774e-05
"bivt",1e-04,150000,"0.01",TRUE,2.82709589545318e-05
"bivt",1e-04,150000,"0.05",TRUE,4.0581428273845e-05
"bivt",1e-04,150000,"0.1",TRUE,3.77281685978717e-05
"bivt",1e-04,150000,"0.01",TRUE,4.71507480251891e-05
"bivt",1e-04,150000,"0.05",FALSE,2.46608327256468e-05
"bivt",1e-04,150000,"0.1",FALSE,2.0972042581461e-05
"bivt",1e-04,150000,"0.01",FALSE,3.0535682255403e-05
"bivt",1e-04,150000,"0.05",TRUE,3.26364167719634e-05
"bivt",1e-04,150000,"0.1",TRUE,2.93036795491015e-05
"bivt",1e-04,150000,"0.01",TRUE,3.69911421360069e-05
"bivt",1e-04,150000,"0.05",TRUE,3.31122158698405e-05
"bivt",1e-04,150000,"0.1",TRUE,3.09088919389744e-05
"bivt",1e-04,150000,"0.01",TRUE,4.11185189634712e-05
"bivt",1e-04,150000,"0.05",TRUE,2.09072594147834e-05
"bivt",1e-04,150000,"0.1",TRUE,1.95749143650715e-05
"bivt",1e-04,150000,"0.01",TRUE,2.37362272771225e-05
"bivt",1e-04,150000,"0.05",TRUE,4.23396977383421e-05
"bivt",1e-04,150000,"0.1",TRUE,3.78060289275494e-05
"bivt",1e-04,150000,"0.01",TRUE,5.04563908807748e-05
"bivt",1e-04,150000,"0.05",TRUE,2.15298499748681e-05
"bivt",1e-04,150000,"0.1",TRUE,1.96908605637098e-05
"bivt",1e-04,150000,"0.01",TRUE,2.40287236037154e-05
"bivt",1e-04,150000,"0.05",FALSE,2.17173924404466e-05
"bivt",1e-04,150000,"0.1",FALSE,2.05046776998217e-05
"bivt",1e-04,150000,"0.01",FALSE,2.57695266815642e-05
"bivt",1e-04,150000,"0.05",TRUE,2.43897869234498e-05
"bivt",1e-04,150000,"0.1",TRUE,2.04829866940295e-05
"bivt",1e-04,150000,"0.01",TRUE,2.98745268581423e-05
"bivt",1e-04,150000,"0.05",TRUE,3.15157016231484e-05
"bivt",1e-04,150000,"0.1",TRUE,2.95277506026157e-05
"bivt",1e-04,150000,"0.01",TRUE,3.70506359538713e-05
"bivt",1e-04,150000,"0.05",TRUE,2.73525541993161e-05
"bivt",1e-04,150000,"0.1",TRUE,2.35419082571716e-05
"bivt",1e-04,150000,"0.01",TRUE,3.38243197760475e-05
"bivt",1e-04,150000,"0.05",FALSE,2.77572564550808e-05
"bivt",1e-04,150000,"0.1",FALSE,2.40945773409984e-05
"bivt",1e-04,150000,"0.01",FALSE,3.21758283634925e-05
"bivt",1e-04,150000,"0.05",FALSE,4.04233876860299e-05
"bivt",1e-04,150000,"0.1",FALSE,3.67793394898826e-05
"bivt",1e-04,150000,"0.01",FALSE,4.73192236090488e-05
"bivt",1e-04,150000,"0.05",TRUE,2.41438321940141e-05
"bivt",1e-04,150000,"0.1",TRUE,2.19688516454502e-05
"bivt",1e-04,150000,"0.01",TRUE,2.7135530017826e-05
"bivt",1e-04,150000,"0.05",TRUE,2.66988101580611e-05
"bivt",1e-04,150000,"0.1",TRUE,2.38927376962276e-05
"bivt",1e-04,150000,"0.01",TRUE,3.19579841210366e-05
"bivt",1e-04,150000,"0.05",FALSE,3.06125656530967e-05
"bivt",1e-04,150000,"0.1",FALSE,2.95307570971562e-05
"bivt",1e-04,150000,"0.01",FALSE,3.36487525714464e-05
"bivt",1e-04,150000,"0.05",FALSE,2.75546336550251e-05
"bivt",1e-04,150000,"0.1",FALSE,2.49535748941012e-05
"bivt",1e-04,150000,"0.01",FALSE,3.44316780299546e-05
"bivt",1e-04,150000,"0.05",TRUE,3.04588724233213e-05
"bivt",1e-04,150000,"0.1",TRUE,2.93196908090675e-05
"bivt",1e-04,150000,"0.01",TRUE,3.23196561196233e-05
"bivt",1e-04,150000,"0.05",FALSE,2.58628823624013e-05
"bivt",1e-04,150000,"0.1",FALSE,2.33215657245302e-05
"bivt",1e-04,150000,"0.01",TRUE,3.21795255519327e-05
"bivt",1e-04,150000,"0.05",FALSE,2.32465487257602e-05
"bivt",1e-04,150000,"0.1",FALSE,2.04302858750315e-05
"bivt",1e-04,150000,"0.01",FALSE,2.67604083611918e-05
"bivt",1e-04,150000,"0.05",TRUE,3.1617118991162e-05
"bivt",1e-04,150000,"0.1",TRUE,2.8717270792633e-05
"bivt",1e-04,150000,"0.01",TRUE,3.71357730209254e-05
"bivt",1e-04,150000,"0.05",TRUE,3.48082221910971e-05
"bivt",1e-04,150000,"0.1",FALSE,3.09220158738135e-05
"bivt",1e-04,150000,"0.01",TRUE,4.03713204410362e-05
"bivt",1e-04,150000,"0.05",FALSE,2.62560029528263e-05
"bivt",1e-04,150000,"0.1",FALSE,2.36498737547193e-05
"bivt",1e-04,150000,"0.01",FALSE,3.40435849033354e-05
"bivt",1e-04,150000,"0.05",TRUE,3.56129647712007e-05
"bivt",1e-04,150000,"0.1",TRUE,3.10042292043746e-05
"bivt",1e-04,150000,"0.01",TRUE,4.14964746803118e-05
"bivt",1e-04,150000,"0.05",TRUE,2.48748843530315e-05
"bivt",1e-04,150000,"0.1",TRUE,2.31853169065572e-05
"bivt",1e-04,150000,"0.01",TRUE,2.81295814908127e-05
"bivt",1e-04,150000,"0.05",TRUE,4.07088129695025e-05
"bivt",1e-04,150000,"0.1",TRUE,3.6190325059488e-05
"bivt",1e-04,150000,"0.01",TRUE,4.640913260278e-05
"bivt",1e-04,150000,"0.05",TRUE,2.81676499363795e-05
"bivt",1e-04,150000,"0.1",TRUE,2.67072399457102e-05
"bivt",1e-04,150000,"0.01",TRUE,3.08157740617243e-05
"bivt",1e-04,150000,"0.05",FALSE,3.76847139281916e-05
"bivt",1e-04,150000,"0.1",FALSE,3.46104569748482e-05
"bivt",1e-04,150000,"0.01",TRUE,4.42703170586009e-05
"bivt",1e-04,150000,"0.05",FALSE,2.84237496144665e-05
"bivt",1e-04,150000,"0.1",FALSE,2.55299923795937e-05
"bivt",1e-04,150000,"0.01",FALSE,3.45474505255347e-05
"bivt",1e-04,150000,"0.05",TRUE,3.91891615450831e-05
"bivt",1e-04,150000,"0.1",TRUE,3.57484239484521e-05
"bivt",1e-04,150000,"0.01",TRUE,4.35099138426189e-05
"bivt",1e-04,150000,"0.05",FALSE,2.94788580086927e-05
"bivt",1e-04,150000,"0.1",FALSE,2.79342857566864e-05
"bivt",1e-04,150000,"0.01",TRUE,3.21769338588412e-05
"bivt",1e-04,150000,"0.05",TRUE,2.17406667127025e-05
"bivt",1e-04,150000,"0.1",TRUE,2.08328806682733e-05
"bivt",1e-04,150000,"0.01",TRUE,2.45041717044371e-05
"bivt",1e-04,150000,"0.05",TRUE,4.79279506183931e-05
"bivt",1e-04,150000,"0.1",TRUE,4.38750347865231e-05
"bivt",1e-04,150000,"0.01",TRUE,5.6748395832772e-05
"bivt",1e-04,150000,"0.05",FALSE,2.37749711819581e-05
"bivt",1e-04,150000,"0.1",FALSE,2.21332094369099e-05
"bivt",1e-04,150000,"0.01",TRUE,2.65008824364814e-05
"bivt",1e-04,150000,"0.05",TRUE,3.8379870452371e-05
"bivt",1e-04,150000,"0.1",TRUE,3.34425683632364e-05
"bivt",1e-04,150000,"0.01",TRUE,4.6549459932691e-05
"bivt",1e-04,150000,"0.05",TRUE,2.88714579502521e-05
"bivt",1e-04,150000,"0.1",TRUE,2.66657813391816e-05
"bivt",1e-04,150000,"0.01",TRUE,3.66841954488035e-05
"bivt",1e-04,150000,"0.05",TRUE,2.68571391334873e-05
"bivt",1e-04,150000,"0.1",TRUE,2.51141666036707e-05
"bivt",1e-04,150000,"0.01",TRUE,2.93301162410212e-05
"bivt",1e-04,150000,"0.05",TRUE,3.09151896456546e-05
"bivt",1e-04,150000,"0.1",TRUE,2.57535864516945e-05
"bivt",1e-04,150000,"0.01",TRUE,3.67128167775411e-05
"bivt",1e-04,150000,"0.05",FALSE,2.3584965929049e-05
"bivt",1e-04,150000,"0.1",FALSE,2.26779746663671e-05
"bivt",1e-04,150000,"0.01",FALSE,2.67449693568323e-05
"bivt",1e-04,150000,"0.05",FALSE,2.82812861239383e-05
"bivt",1e-04,150000,"0.1",FALSE,2.46712955536449e-05
"bivt",1e-04,150000,"0.01",FALSE,3.33601920576748e-05
"bivt",1e-04,150000,"0.05",TRUE,4.09400331831629e-05
"bivt",1e-04,150000,"0.1",TRUE,3.69126170672568e-05
"bivt",1e-04,150000,"0.01",TRUE,5.15185354190373e-05
"bivt",1e-04,150000,"0.05",TRUE,2.33429839224855e-05
"bivt",1e-04,150000,"0.1",TRUE,2.23213996489578e-05
"bivt",1e-04,150000,"0.01",TRUE,2.60449298161068e-05
"bivt",1e-04,150000,"0.05",FALSE,2.35419735223319e-05
"bivt",1e-04,150000,"0.1",FALSE,2.13566115820004e-05
"bivt",1e-04,150000,"0.01",FALSE,3.21474114387549e-05
"bivt",1e-04,150000,"0.05",TRUE,3.53049282595733e-05
"bivt",1e-04,150000,"0.1",TRUE,3.23035445173608e-05
"bivt",1e-04,150000,"0.01",TRUE,4.27460329688271e-05
"bivt",1e-04,150000,"0.05",FALSE,2.64179952902702e-05
"bivt",1e-04,150000,"0.1",FALSE,2.48939830865425e-05
"bivt",1e-04,150000,"0.01",FALSE,3.02951985715129e-05
"bivt",1e-04,150000,"0.05",TRUE,2.85940765008409e-05
"bivt",1e-04,150000,"0.1",TRUE,2.60870747984443e-05
"bivt",1e-04,150000,"0.01",TRUE,3.05620676672006e-05
"bivt",1e-04,150000,"0.05",FALSE,2.3478773770296e-05
"bivt",1e-04,150000,"0.1",FALSE,2.17365450702387e-05
"bivt",1e-04,150000,"0.01",FALSE,2.8614983716447e-05
"bivt",1e-04,150000,"0.05",FALSE,3.35981414407991e-05
"bivt",1e-04,150000,"0.1",FALSE,3.21108002795527e-05
"bivt",1e-04,150000,"0.01",FALSE,3.5816443799892e-05
"bivt",1e-04,150000,"0.05",TRUE,4.23846531440131e-05
"bivt",1e-04,150000,"0.1",TRUE,3.93712450046812e-05
"bivt",1e-04,150000,"0.01",TRUE,4.77343327304737e-05
"bivt",1e-04,150000,"0.05",TRUE,2.70293411040764e-05
"bivt",1e-04,150000,"0.1",TRUE,2.53050250926129e-05
"bivt",1e-04,150000,"0.01",TRUE,2.89097982117321e-05
"bivt",1e-04,150000,"0.05",FALSE,2.6880920327914e-05
"bivt",1e-04,150000,"0.1",FALSE,2.51843684054095e-05
"bivt",1e-04,150000,"0.01",TRUE,3.02098115849307e-05
"bivt",1e-04,150000,"0.05",FALSE,3.70423583480641e-05
"bivt",1e-04,150000,"0.1",FALSE,3.3267031041556e-05
"bivt",1e-04,150000,"0.01",TRUE,4.47648512730138e-05
"bivt",1e-04,150000,"0.05",TRUE,5.29960991163162e-05
"bivt",1e-04,150000,"0.1",TRUE,4.6508318362498e-05
"bivt",1e-04,150000,"0.01",TRUE,6.03312063076522e-05
"bivt",1e-04,150000,"0.05",TRUE,3.10723804122677e-05
"bivt",1e-04,150000,"0.1",TRUE,2.91520016412169e-05
"bivt",1e-04,150000,"0.01",TRUE,3.45787577768312e-05
"bivt",1e-04,150000,"0.05",FALSE,2.38230589555266e-05
"bivt",1e-04,150000,"0.1",FALSE,2.11831887436007e-05
"bivt",1e-04,150000,"0.01",TRUE,2.94701375789645e-05
"bivt",1e-04,150000,"0.05",TRUE,2.88083151297338e-05
"bivt",1e-04,150000,"0.1",FALSE,2.55002152927483e-05
"bivt",1e-04,150000,"0.01",TRUE,3.6871531024679e-05
"bivt",1e-04,150000,"0.05",TRUE,2.44414117670197e-05
"bivt",1e-04,150000,"0.1",TRUE,2.26607998764298e-05
"bivt",1e-04,150000,"0.01",TRUE,2.97725629675203e-05
"bivt",1e-04,150000,"0.05",FALSE,2.32558182668472e-05
"bivt",1e-04,150000,"0.1",FALSE,2.10631443017009e-05
"bivt",1e-04,150000,"0.01",FALSE,2.69187201617669e-05
"bivt",1e-04,150000,"0.05",TRUE,2.06339052835033e-05
"bivt",1e-04,150000,"0.1",TRUE,1.91108347325408e-05
"bivt",1e-04,150000,"0.01",TRUE,2.44786047512636e-05
"bivt",1e-04,150000,"0.05",TRUE,2.48134260293948e-05
"bivt",1e-04,150000,"0.1",TRUE,2.30171371088953e-05
"bivt",1e-04,150000,"0.01",TRUE,2.96832489719892e-05
"bivt",1e-04,150000,"0.05",TRUE,2.75356116285035e-05
"bivt",1e-04,150000,"0.1",TRUE,2.51247864393138e-05
"bivt",1e-04,150000,"0.01",TRUE,3.44294151315358e-05
"bivt",1e-04,150000,"0.05",FALSE,2.01820318755826e-05
"bivt",1e-04,150000,"0.1",FALSE,1.86293418535728e-05
"bivt",1e-04,150000,"0.01",FALSE,2.53422366273479e-05
"bivt",1e-04,150000,"0.05",TRUE,2.63032848102993e-05
"bivt",1e-04,150000,"0.1",TRUE,2.39758828275128e-05
"bivt",1e-04,150000,"0.01",TRUE,3.19526483636685e-05
"bivt",1e-04,150000,"0.05",TRUE,3.12015567330746e-05
"bivt",1e-04,150000,"0.1",TRUE,2.83013627642183e-05
"bivt",1e-04,150000,"0.01",TRUE,3.72320398291748e-05
"bivt",1e-04,150000,"0.05",FALSE,2.13078174734451e-05
"bivt",1e-04,150000,"0.1",FALSE,1.95671242280293e-05
"bivt",1e-04,150000,"0.01",FALSE,2.54569673453134e-05
"bivt",1e-04,150000,"0.05",TRUE,3.28381449814648e-05
"bivt",1e-04,150000,"0.1",TRUE,3.00378700138737e-05
"bivt",1e-04,150000,"0.01",TRUE,3.81205127290083e-05
"bivt",1e-04,150000,"0.05",FALSE,2.30900504325469e-05
"bivt",1e-04,150000,"0.1",FALSE,2.06527506672722e-05
"bivt",1e-04,150000,"0.01",FALSE,2.69360668844987e-05
"bivt",1e-04,150000,"0.05",TRUE,2.62245276756964e-05
"bivt",1e-04,150000,"0.1",TRUE,2.48168485209541e-05
"bivt",1e-04,150000,"0.01",TRUE,2.93854583334021e-05
"bivt",1e-04,150000,"0.05",TRUE,2.92421721887999e-05
"bivt",1e-04,150000,"0.1",FALSE,2.59687700246182e-05
"bivt",1e-04,150000,"0.01",TRUE,3.60522925524802e-05
"bivt",1e-04,150000,"0.05",FALSE,2.63920731689498e-05
"bivt",1e-04,150000,"0.1",FALSE,2.46150881640077e-05
"bivt",1e-04,150000,"0.01",FALSE,2.89765740381876e-05
"bivt",1e-04,150000,"0.05",TRUE,4.06384912937813e-05
"bivt",1e-04,150000,"0.1",TRUE,3.7522142076889e-05
"bivt",1e-04,150000,"0.01",TRUE,4.61810597470148e-05
"bivt",1e-04,150000,"0.05",FALSE,2.44032063146809e-05
"bivt",1e-04,150000,"0.1",FALSE,2.23409027400492e-05
"bivt",1e-04,150000,"0.01",FALSE,3.12677345129201e-05
"bivt",1e-04,150000,"0.05",TRUE,3.1659519374974e-05
"bivt",1e-04,150000,"0.1",TRUE,3.01749538476201e-05
"bivt",1e-04,150000,"0.01",TRUE,3.3495367122002e-05
"bivt",1e-04,150000,"0.05",FALSE,2.50748459643588e-05
"bivt",1e-04,150000,"0.1",FALSE,2.14796503492792e-05
"bivt",1e-04,150000,"0.01",TRUE,3.11921025313079e-05
"bivt",1e-04,150000,"0.05",FALSE,2.37767589631112e-05
"bivt",1e-04,150000,"0.1",FALSE,2.19525499979717e-05
"bivt",1e-04,150000,"0.01",TRUE,2.81988063474205e-05
"bivt",1e-04,150000,"0.05",FALSE,2.28920434903166e-05
"bivt",1e-04,150000,"0.1",FALSE,2.03139198184299e-05
"bivt",1e-04,150000,"0.01",TRUE,2.60671913790983e-05
"bivt",1e-04,150000,"0.05",FALSE,2.19678131152366e-05
"bivt",1e-04,150000,"0.1",FALSE,2.07083284505052e-05
"bivt",1e-04,150000,"0.01",FALSE,2.54157455008055e-05
"bivt",1e-04,150000,"0.05",TRUE,3.09545476184296e-05
"bivt",1e-04,150000,"0.1",TRUE,2.78837847927753e-05
"bivt",1e-04,150000,"0.01",TRUE,3.78904374855136e-05
"bivt",1e-04,150000,"0.05",FALSE,2.88032848142228e-05
"bivt",1e-04,150000,"0.1",FALSE,2.78518196548412e-05
"bivt",1e-04,150000,"0.01",FALSE,3.13300188228495e-05
"bivt",1e-04,150000,"0.05",TRUE,2.69449175129734e-05
"bivt",1e-04,150000,"0.1",TRUE,2.40563935189746e-05
"bivt",1e-04,150000,"0.01",TRUE,3.2506379196252e-05
"bivt",1e-04,150000,"0.05",FALSE,2.41230367285297e-05
"bivt",1e-04,150000,"0.1",FALSE,2.231310856725e-05
"bivt",1e-04,150000,"0.01",FALSE,2.6824777098139e-05
"bivt",1e-04,150000,"0.05",FALSE,2.08168244625902e-05
"bivt",1e-04,150000,"0.1",FALSE,1.93191304701868e-05
"bivt",1e-04,150000,"0.01",FALSE,2.32065458558623e-05
"bivt",1e-04,150000,"0.05",TRUE,2.64896153306169e-05
"bivt",1e-04,150000,"0.1",TRUE,2.40184324434179e-05
"bivt",1e-04,150000,"0.01",TRUE,3.15357259366251e-05
"bivt",1e-04,150000,"0.05",FALSE,3.08975014861657e-05
"bivt",1e-04,150000,"0.1",FALSE,2.96263553445442e-05
"bivt",1e-04,150000,"0.01",FALSE,3.35401402758061e-05
"bivt",1e-04,150000,"0.05",TRUE,3.39434709195198e-05
"bivt",1e-04,150000,"0.1",TRUE,3.08351546510006e-05
"bivt",1e-04,150000,"0.01",TRUE,3.93972801215024e-05
"bivt",1e-04,150000,"0.05",FALSE,4.68333282788694e-05
"bivt",1e-04,150000,"0.1",FALSE,4.40379544751573e-05
"bivt",1e-04,150000,"0.01",TRUE,5.92473522924049e-05
"bivt",1e-04,150000,"0.05",TRUE,3.31966858300761e-05
"bivt",1e-04,150000,"0.1",TRUE,2.94008861309146e-05
"bivt",1e-04,150000,"0.01",TRUE,4.1961869907248e-05
"bivt",1e-04,150000,"0.05",FALSE,3.32723676808218e-05
"bivt",1e-04,150000,"0.1",FALSE,3.25069337557952e-05
"bivt",1e-04,150000,"0.01",TRUE,3.6261986063828e-05
"bivt",1e-04,150000,"0.05",TRUE,2.98457642625303e-05
"bivt",1e-04,150000,"0.1",TRUE,2.76680884957302e-05
"bivt",1e-04,150000,"0.01",TRUE,3.81353960239176e-05
"bivt",1e-04,150000,"0.05",FALSE,2.95614801256027e-05
"bivt",1e-04,150000,"0.1",FALSE,2.64920495923039e-05
"bivt",1e-04,150000,"0.01",TRUE,3.5336957917808e-05
"bivt",1e-04,150000,"0.05",TRUE,3.08462861808578e-05
"bivt",1e-04,150000,"0.1",TRUE,2.7621662953371e-05
"bivt",1e-04,150000,"0.01",TRUE,3.63661767146681e-05
"bivt",1e-04,150000,"0.05",TRUE,2.85543009703176e-05
"bivt",1e-04,150000,"0.1",FALSE,2.45232736425501e-05
"bivt",1e-04,150000,"0.01",TRUE,3.38210648718035e-05
"bivt",1e-04,150000,"0.05",TRUE,2.15316728718055e-05
"bivt",1e-04,150000,"0.1",TRUE,1.98735389481883e-05
"bivt",1e-04,150000,"0.01",TRUE,2.39632336795989e-05
"bivt",1e-04,150000,"0.05",TRUE,2.20917333529484e-05
"bivt",1e-04,150000,"0.1",TRUE,2.00394808643336e-05
"bivt",1e-04,150000,"0.01",TRUE,2.53996042780191e-05
"bivt",1e-04,150000,"0.05",TRUE,2.91937883424303e-05
"bivt",1e-04,150000,"0.1",TRUE,2.55701415418484e-05
"bivt",1e-04,150000,"0.01",TRUE,3.77698542558017e-05
"bivt",1e-04,150000,"0.05",FALSE,2.87624982537042e-05
"bivt",1e-04,150000,"0.1",FALSE,2.65006730756883e-05
"bivt",1e-04,150000,"0.01",FALSE,3.67927706374943e-05
"bivt",1e-04,150000,"0.05",TRUE,2.71525299358686e-05
"bivt",1e-04,150000,"0.1",TRUE,2.53820261504854e-05
"bivt",1e-04,150000,"0.01",TRUE,3.44907334290236e-05
"bivt",1e-04,150000,"0.05",FALSE,2.44836669953662e-05
"bivt",1e-04,150000,"0.1",FALSE,2.19574103461115e-05
"bivt",1e-04,150000,"0.01",TRUE,3.09458971806295e-05
"bivt",1e-04,150000,"0.05",FALSE,2.48423000148366e-05
"bivt",1e-04,150000,"0.1",FALSE,2.35432275981628e-05
"bivt",1e-04,150000,"0.01",FALSE,2.6951100839918e-05
"bivt",1e-04,150000,"0.05",TRUE,2.86636617332843e-05
"bivt",1e-04,150000,"0.1",TRUE,2.67361594814707e-05
"bivt",1e-04,150000,"0.01",TRUE,3.0633703704194e-05
"bivt",1e-04,150000,"0.05",TRUE,3.90494449521665e-05
"bivt",1e-04,150000,"0.1",TRUE,3.47752770744788e-05
"bivt",1e-04,150000,"0.01",TRUE,4.5423690380499e-05
"bivt",1e-04,150000,"0.05",FALSE,2.11432841025378e-05
"bivt",1e-04,150000,"0.1",FALSE,1.93211447978609e-05
"bivt",1e-04,150000,"0.01",FALSE,2.4439018705394e-05
"bivt",1e-04,150000,"0.05",TRUE,2.39410196716671e-05
"bivt",1e-04,150000,"0.1",FALSE,2.09971721378985e-05
"bivt",1e-04,150000,"0.01",TRUE,3.3673534863516e-05
"bivt",1e-04,150000,"0.05",FALSE,2.56641778768087e-05
"bivt",1e-04,150000,"0.1",FALSE,2.36835855050837e-05
"bivt",1e-04,150000,"0.01",FALSE,2.86431182194801e-05
"bivt",1e-04,150000,"0.05",FALSE,2.2606329432522e-05
"bivt",1e-04,150000,"0.1",FALSE,2.05736809272418e-05
"bivt",1e-04,150000,"0.01",TRUE,2.44598845719305e-05
"bivt",1e-04,150000,"0.05",TRUE,3.82538869833642e-05
"bivt",1e-04,150000,"0.1",TRUE,3.50720887453087e-05
"bivt",1e-04,150000,"0.01",TRUE,4.85944131408419e-05
"bivt",1e-04,150000,"0.05",FALSE,2.01896497305749e-05
"bivt",1e-04,150000,"0.1",FALSE,1.85852143437295e-05
"bivt",1e-04,150000,"0.01",FALSE,2.33378864699301e-05
"bivt",1e-04,150000,"0.05",FALSE,2.41335256314012e-05
"bivt",1e-04,150000,"0.1",FALSE,2.24932311292967e-05
"bivt",1e-04,150000,"0.01",FALSE,2.86052011200219e-05
"bivt",1e-04,150000,"0.05",TRUE,2.40636952347052e-05
"bivt",1e-04,150000,"0.1",TRUE,2.20367146885224e-05
"bivt",1e-04,150000,"0.01",TRUE,2.78023595348001e-05
"bivt",1e-04,150000,"0.05",TRUE,2.80829393471553e-05
"bivt",1e-04,150000,"0.1",TRUE,2.65350186421967e-05
"bivt",1e-04,150000,"0.01",TRUE,2.97712962042801e-05
"bivt",1e-04,150000,"0.05",TRUE,3.00233247204949e-05
"bivt",1e-04,150000,"0.1",TRUE,2.71733018772358e-05
"bivt",1e-04,150000,"0.01",TRUE,3.83987282424797e-05
"bivt",1e-04,150000,"0.05",TRUE,2.68421143714362e-05
"bivt",1e-04,150000,"0.1",TRUE,2.43299928539857e-05
"bivt",1e-04,150000,"0.01",TRUE,3.43541297521652e-05
"bivt",1e-04,150000,"0.05",TRUE,3.18989932677731e-05
"bivt",1e-04,150000,"0.1",TRUE,2.86101439151179e-05
"bivt",1e-04,150000,"0.01",TRUE,3.82508333792886e-05
"bivt",1e-04,150000,"0.05",TRUE,3.07951537599435e-05
"bivt",1e-04,150000,"0.1",TRUE,2.7436716733797e-05
"bivt",1e-04,150000,"0.01",TRUE,3.60970803527492e-05
"bivt",1e-04,150000,"0.05",FALSE,2.85373540067522e-05
"bivt",1e-04,150000,"0.1",FALSE,2.70245211844881e-05
"bivt",1e-04,150000,"0.01",FALSE,3.14914138149674e-05
"bivt",1e-04,150000,"0.05",FALSE,2.1540719113042e-05
"bivt",1e-04,150000,"0.1",FALSE,1.96883297868732e-05
"bivt",1e-04,150000,"0.01",FALSE,2.69665868648374e-05
"bivt",1e-04,150000,"0.05",TRUE,2.30374748357431e-05
"bivt",1e-04,150000,"0.1",FALSE,1.98746729974324e-05
"bivt",1e-04,150000,"0.01",TRUE,2.88891534016067e-05
"bivt",1e-04,150000,"0.05",TRUE,2.5011993344875e-05
"bivt",1e-04,150000,"0.1",TRUE,2.35057453995935e-05
"bivt",1e-04,150000,"0.01",TRUE,2.7619184865477e-05
"bivt",1e-04,150000,"0.05",FALSE,2.22249728272956e-05
"bivt",1e-04,150000,"0.1",FALSE,2.05464172918659e-05
"bivt",1e-04,150000,"0.01",FALSE,2.59354982600669e-05
"bivt",1e-04,150000,"0.05",TRUE,4.74255169608964e-05
"bivt",1e-04,150000,"0.1",TRUE,4.28196080825865e-05
"bivt",1e-04,150000,"0.01",TRUE,5.66401772630745e-05
"bivt",1e-04,150000,"0.05",TRUE,2.51907281539925e-05
"bivt",1e-04,150000,"0.1",FALSE,2.28696288635938e-05
"bivt",1e-04,150000,"0.01",TRUE,3.06725808746538e-05
"bivt",1e-04,150000,"0.05",FALSE,2.18981334940505e-05
"bivt",1e-04,150000,"0.1",FALSE,1.98386295549536e-05
"bivt",1e-04,150000,"0.01",TRUE,2.78824935123868e-05
"bivt",1e-04,150000,"0.05",TRUE,2.52246548856174e-05
"bivt",1e-04,150000,"0.1",FALSE,2.27398084354264e-05
"bivt",1e-04,150000,"0.01",TRUE,2.92371081017414e-05
"bivt",1e-04,150000,"0.05",FALSE,2.26735270799572e-05
"bivt",1e-04,150000,"0.1",FALSE,2.06925872667262e-05
"bivt",1e-04,150000,"0.01",FALSE,2.93260289455461e-05
"bivt",1e-04,150000,"0.05",TRUE,2.35882305275006e-05
"bivt",1e-04,150000,"0.1",FALSE,2.17132567128373e-05
"bivt",1e-04,150000,"0.01",TRUE,2.61099417581422e-05
"bivt",1e-04,150000,"0.05",FALSE,2.07422801242724e-05
"bivt",1e-04,150000,"0.1",FALSE,1.87682501012795e-05
"bivt",1e-04,150000,"0.01",FALSE,2.32371661251311e-05
"bivt",1e-04,150000,"0.05",FALSE,2.69769238241767e-05
"bivt",1e-04,150000,"0.1",FALSE,2.6305255891335e-05
"bivt",1e-04,150000,"0.01",FALSE,3.08393683567972e-05
"bivt",1e-04,150000,"0.05",TRUE,4.70091159545484e-05
"bivt",1e-04,150000,"0.1",TRUE,4.37556791276796e-05
"bivt",1e-04,150000,"0.01",TRUE,5.30716737982039e-05
"bivt",1e-04,150000,"0.05",FALSE,2.9122491751892e-05
"bivt",1e-04,150000,"0.1",FALSE,2.52332450321763e-05
"bivt",1e-04,150000,"0.01",TRUE,3.59244719742482e-05
"bivt",1e-04,150000,"0.05",TRUE,2.411550322852e-05
"bivt",1e-04,150000,"0.1",TRUE,2.22559623606823e-05
"bivt",1e-04,150000,"0.01",TRUE,2.86852984457737e-05
"bivt",1e-04,150000,"0.05",TRUE,2.43194258929586e-05
"bivt",1e-04,150000,"0.1",FALSE,2.19233773548441e-05
"bivt",1e-04,150000,"0.01",TRUE,2.84987833540153e-05
"bivt",1e-04,150000,"0.05",FALSE,2.23307277688681e-05
"bivt",1e-04,150000,"0.1",FALSE,2.00891960303736e-05
"bivt",1e-04,150000,"0.01",FALSE,2.63231778495534e-05
"bivt",1e-04,150000,"0.05",TRUE,3.03458220297671e-05
"bivt",1e-04,150000,"0.1",TRUE,2.7802077195661e-05
"bivt",1e-04,150000,"0.01",TRUE,3.73157958726902e-05
"bivt",1e-04,150000,"0.05",TRUE,2.39117777492986e-05
"bivt",1e-04,150000,"0.1",TRUE,2.1784022328166e-05
"bivt",1e-04,150000,"0.01",TRUE,2.68958483756343e-05
"bivt",1e-04,150000,"0.05",TRUE,2.15932512071064e-05
"bivt",1e-04,150000,"0.1",TRUE,1.95958341106186e-05
"bivt",1e-04,150000,"0.01",TRUE,2.76971335673694e-05
"bivt",1e-04,150000,"0.05",FALSE,2.68289628052645e-05
"bivt",1e-04,150000,"0.1",FALSE,2.39447052399376e-05
"bivt",1e-04,150000,"0.01",TRUE,3.2550424747294e-05
"bivt",1e-04,150000,"0.05",FALSE,2.21543019943855e-05
"bivt",1e-04,150000,"0.1",FALSE,2.00427122036629e-05
"bivt",1e-04,150000,"0.01",FALSE,2.72138799967853e-05
"bivt",1e-04,150000,"0.05",FALSE,2.31119237835636e-05
"bivt",1e-04,150000,"0.1",FALSE,2.11192533841083e-05
"bivt",1e-04,150000,"0.01",FALSE,2.74141800033814e-05
"bivt",1e-04,150000,"0.05",FALSE,3.05052079354914e-05
"bivt",1e-04,150000,"0.1",FALSE,2.77522270708827e-05
"bivt",1e-04,150000,"0.01",TRUE,3.60240128109947e-05
"bivt",1e-04,150000,"0.05",FALSE,3.42298854210402e-05
"bivt",1e-04,150000,"0.1",FALSE,3.06468276684683e-05
"bivt",1e-04,150000,"0.01",TRUE,4.56786754889427e-05
"bivt",1e-04,150000,"0.05",FALSE,2.27114458173358e-05
"bivt",1e-04,150000,"0.1",FALSE,2.16344651452737e-05
"bivt",1e-04,150000,"0.01",FALSE,2.53965708286324e-05
"bivt",1e-04,150000,"0.05",TRUE,2.92723759790387e-05
"bivt",1e-04,150000,"0.1",TRUE,2.68529143820592e-05
"bivt",1e-04,150000,"0.01",TRUE,3.42207700331356e-05
"bivt",1e-04,150000,"0.05",TRUE,2.87872303660851e-05
"bivt",1e-04,150000,"0.1",TRUE,2.65413637578204e-05
"bivt",1e-04,150000,"0.01",TRUE,3.48339036183786e-05
"bivt",1e-04,150000,"0.05",FALSE,2.54380703064637e-05
"bivt",1e-04,150000,"0.1",FALSE,2.284827745055e-05
"bivt",1e-04,150000,"0.01",FALSE,2.90868359166243e-05
"bivt",1e-04,150000,"0.05",TRUE,3.13440903415495e-05
"bivt",1e-04,150000,"0.1",TRUE,3.00897168217998e-05
"bivt",1e-04,150000,"0.01",TRUE,3.38668496773958e-05
"bivt",1e-04,150000,"0.05",FALSE,4.06866410341025e-05
"bivt",1e-04,150000,"0.1",FALSE,3.68266086199473e-05
"bivt",1e-04,150000,"0.01",FALSE,4.59711236066896e-05
"bivt",1e-04,150000,"0.05",TRUE,3.22064519146841e-05
"bivt",1e-04,150000,"0.1",TRUE,2.8804387390399e-05
"bivt",1e-04,150000,"0.01",TRUE,3.65303599710752e-05
"bivt",1e-04,150000,"0.05",FALSE,2.25752439829965e-05
"bivt",1e-04,150000,"0.1",FALSE,2.07552850832983e-05
"bivt",1e-04,150000,"0.01",FALSE,2.66602293167572e-05
"bivt",1e-04,150000,"0.05",TRUE,3.13651309114303e-05
"bivt",1e-04,150000,"0.1",TRUE,2.83289507532816e-05
"bivt",1e-04,150000,"0.01",TRUE,3.73935523850901e-05
"bivt",1e-04,150000,"0.05",FALSE,2.29555981246179e-05
"bivt",1e-04,150000,"0.1",FALSE,2.07873078685014e-05
"bivt",1e-04,150000,"0.01",FALSE,2.65936813572815e-05
"bivt",1e-04,150000,"0.05",TRUE,3.05805904535104e-05
"bivt",1e-04,150000,"0.1",TRUE,2.91975388075702e-05
"bivt",1e-04,150000,"0.01",TRUE,3.29746840808042e-05
"bivt",1e-04,150000,"0.05",TRUE,3.08487283227674e-05
"bivt",1e-04,150000,"0.1",FALSE,2.95579512646036e-05
"bivt",1e-04,150000,"0.01",TRUE,3.34578397144022e-05
"bivt",1e-04,150000,"0.05",TRUE,3.02181699984094e-05
"bivt",1e-04,150000,"0.1",TRUE,2.63047996053014e-05
"bivt",1e-04,150000,"0.01",TRUE,3.69137477263825e-05
"bivt",1e-04,150000,"0.05",FALSE,2.20949778543085e-05
"bivt",1e-04,150000,"0.1",FALSE,2.05960687771121e-05
"bivt",1e-04,150000,"0.01",FALSE,2.57302633540695e-05
"bivt",1e-04,150000,"0.05",TRUE,3.62803218913763e-05
"bivt",1e-04,150000,"0.1",TRUE,3.26186195685866e-05
"bivt",1e-04,150000,"0.01",TRUE,4.20648041639354e-05
"bivt",1e-04,150000,"0.05",FALSE,2.28189592578849e-05
"bivt",1e-04,150000,"0.1",FALSE,1.92540680678755e-05
"bivt",1e-04,150000,"0.01",FALSE,2.78888256494866e-05
"bivt",1e-04,150000,"0.05",FALSE,3.02366551856302e-05
"bivt",1e-04,150000,"0.1",FALSE,2.66213100348599e-05
"bivt",1e-04,150000,"0.01",TRUE,4.03216539634298e-05
"bivt",1e-04,150000,"0.05",FALSE,3.38681088626312e-05
"bivt",1e-04,150000,"0.1",FALSE,2.93072536911874e-05
"bivt",1e-04,150000,"0.01",TRUE,4.13219286420843e-05
"bivt",1e-04,150000,"0.05",FALSE,2.48708705693917e-05
"bivt",1e-04,150000,"0.1",FALSE,2.33143436961785e-05
"bivt",1e-04,150000,"0.01",TRUE,2.72246677370329e-05
"bivt",1e-04,150000,"0.05",FALSE,2.98450959719351e-05
"bivt",1e-04,150000,"0.1",FALSE,2.70516009844945e-05
"bivt",1e-04,150000,"0.01",FALSE,3.52332259513993e-05
"bivt",1e-04,150000,"0.05",FALSE,2.85604275178652e-05
"bivt",1e-04,150000,"0.1",FALSE,2.56991125001286e-05
"bivt",1e-04,150000,"0.01",FALSE,3.43734242614996e-05
"bivt",1e-04,150000,"0.05",FALSE,2.66636011283029e-05
"bivt",1e-04,150000,"0.1",FALSE,2.52763613218403e-05
"bivt",1e-04,150000,"0.01",FALSE,2.95926298818198e-05
"bivt",1e-04,150000,"0.05",FALSE,2.13422337096797e-05
"bivt",1e-04,150000,"0.1",FALSE,1.98486683256132e-05
"bivt",1e-04,150000,"0.01",TRUE,2.46165420709135e-05
"bivt",1e-04,150000,"0.05",TRUE,2.48659850283178e-05
"bivt",1e-04,150000,"0.1",TRUE,2.35404862057744e-05
"bivt",1e-04,150000,"0.01",TRUE,2.77786713406691e-05
"bivt",1e-04,150000,"0.05",FALSE,3.88535809206462e-05
"bivt",1e-04,150000,"0.1",FALSE,3.64641007952756e-05
"bivt",1e-04,150000,"0.01",FALSE,4.32459366140387e-05
"bivt",1e-04,150000,"0.05",TRUE,3.34109817488444e-05
"bivt",1e-04,150000,"0.1",FALSE,3.12515219897072e-05
"bivt",1e-04,150000,"0.01",TRUE,3.83903469126203e-05
"bivt",1e-04,150000,"0.05",FALSE,2.12810658901038e-05
"bivt",1e-04,150000,"0.1",FALSE,1.96836622076375e-05
"bivt",1e-04,150000,"0.01",FALSE,2.56641813550463e-05
"bivt",1e-04,150000,"0.05",TRUE,2.64524012015285e-05
"bivt",1e-04,150000,"0.1",TRUE,2.24616544617991e-05
"bivt",1e-04,150000,"0.01",TRUE,3.17284159803208e-05
"bivt",1e-04,150000,"0.05",TRUE,3.1097778328311e-05
"bivt",1e-04,150000,"0.1",TRUE,2.83863883315419e-05
"bivt",1e-04,150000,"0.01",TRUE,4.09704156435122e-05
"bivt",1e-04,150000,"0.05",TRUE,2.74362447547003e-05
"bivt",1e-04,150000,"0.1",TRUE,2.47223519548384e-05
"bivt",1e-04,150000,"0.01",TRUE,3.43007260774913e-05
"bivt",1e-04,150000,"0.05",TRUE,2.42664791437715e-05
"bivt",1e-04,150000,"0.1",TRUE,2.27759818332008e-05
"bivt",1e-04,150000,"0.01",TRUE,2.66337361056272e-05
"bivt",1e-04,150000,"0.05",FALSE,2.520051615226e-05
"bivt",1e-04,150000,"0.1",FALSE,2.28498487236626e-05
"bivt",1e-04,150000,"0.01",TRUE,2.77575414606056e-05
"bivt",1e-04,150000,"0.05",TRUE,2.74833632427206e-05
"bivt",1e-04,150000,"0.1",TRUE,2.58190644622498e-05
"bivt",1e-04,150000,"0.01",TRUE,3.27664167422403e-05
"bivt",1e-04,150000,"0.05",TRUE,3.07271186510647e-05
"bivt",1e-04,150000,"0.1",TRUE,2.79339876841098e-05
"bivt",1e-04,150000,"0.01",TRUE,3.6451649038242e-05
"bivt",1e-04,150000,"0.05",TRUE,2.85106002587778e-05
"bivt",1e-04,150000,"0.1",TRUE,2.54027369792572e-05
"bivt",1e-04,150000,"0.01",TRUE,3.48333474298765e-05
"bivt",1e-04,150000,"0.05",FALSE,3.01558268740529e-05
"bivt",1e-04,150000,"0.1",FALSE,2.67514295379997e-05
"bivt",1e-04,150000,"0.01",FALSE,3.58121912242485e-05
"bivt",1e-04,150000,"0.05",FALSE,2.91397988432292e-05
"bivt",1e-04,150000,"0.1",FALSE,2.51778374697629e-05
"bivt",1e-04,150000,"0.01",FALSE,3.54339730354137e-05
"bivt",1e-04,150000,"0.05",TRUE,2.8276170766311e-05
"bivt",1e-04,150000,"0.1",TRUE,2.51619775344522e-05
"bivt",1e-04,150000,"0.01",TRUE,3.40019216882613e-05
"bivt",1e-04,150000,"0.05",TRUE,2.60662260008432e-05
"bivt",1e-04,150000,"0.1",TRUE,2.53210671036248e-05
"bivt",1e-04,150000,"0.01",TRUE,2.86753367903893e-05
"bivt",1e-04,150000,"0.05",FALSE,2.20397314355424e-05
"bivt",1e-04,150000,"0.1",FALSE,1.96045743299803e-05
"bivt",1e-04,150000,"0.01",TRUE,2.97857274607302e-05
"bivt",1e-04,150000,"0.05",TRUE,2.81599937098304e-05
"bivt",1e-04,150000,"0.1",TRUE,2.5579578784745e-05
"bivt",1e-04,150000,"0.01",TRUE,3.41533517021174e-05
"bivt",1e-04,150000,"0.05",TRUE,2.94213209014368e-05
"bivt",1e-04,150000,"0.1",FALSE,2.65403395012584e-05
"bivt",1e-04,150000,"0.01",TRUE,3.42207724479494e-05
"bivt",1e-04,150000,"0.05",TRUE,2.61726318644818e-05
"bivt",1e-04,150000,"0.1",TRUE,2.41885377668898e-05
"bivt",1e-04,150000,"0.01",TRUE,3.04231478991102e-05
"bivt",1e-04,150000,"0.05",FALSE,3.24260305473607e-05
"bivt",1e-04,150000,"0.1",FALSE,2.68413669345402e-05
"bivt",1e-04,150000,"0.01",FALSE,3.90131369590863e-05
"bivt",1e-04,150000,"0.05",FALSE,2.63353170443502e-05
"bivt",1e-04,150000,"0.1",FALSE,2.43616619470729e-05
"bivt",1e-04,150000,"0.01",TRUE,3.17547653908205e-05
"bivt",1e-04,150000,"0.05",FALSE,2.09732548089713e-05
"bivt",1e-04,150000,"0.1",FALSE,1.91369246962013e-05
"bivt",1e-04,150000,"0.01",FALSE,2.53544412821613e-05
"bivt",1e-04,150000,"0.05",TRUE,4.76129741278843e-05
"bivt",1e-04,150000,"0.1",TRUE,4.4899992519069e-05
"bivt",1e-04,150000,"0.01",TRUE,5.44338686874964e-05
"bivt",1e-04,150000,"0.05",FALSE,2.7943447188684e-05
"bivt",1e-04,150000,"0.1",FALSE,2.47948549056441e-05
"bivt",1e-04,150000,"0.01",TRUE,3.39725209967033e-05
"bivt",1e-04,150000,"0.05",TRUE,2.77037572873908e-05
"bivt",1e-04,150000,"0.1",TRUE,2.4025713750004e-05
"bivt",1e-04,150000,"0.01",TRUE,3.24796030156468e-05
"bivt",1e-04,150000,"0.05",FALSE,2.16471052622616e-05
"bivt",1e-04,150000,"0.1",FALSE,1.95755923757206e-05
"bivt",1e-04,150000,"0.01",TRUE,2.52868832341073e-05
"bivt",1e-04,150000,"0.05",TRUE,2.20234095867496e-05
"bivt",1e-04,150000,"0.1",TRUE,1.96559209254109e-05
"bivt",1e-04,150000,"0.01",TRUE,2.71077388601111e-05
"bivt",1e-04,150000,"0.05",FALSE,2.48154671241503e-05
"bivt",1e-04,150000,"0.1",FALSE,2.33146948468146e-05
"bivt",1e-04,150000,"0.01",FALSE,2.94218844816658e-05
"bivt",1e-04,150000,"0.05",TRUE,2.46404444979758e-05
"bivt",1e-04,150000,"0.1",TRUE,2.20456396785331e-05
"bivt",1e-04,150000,"0.01",TRUE,3.29111054244952e-05
"bivt",1e-04,150000,"0.05",FALSE,2.17289271908448e-05
"bivt",1e-04,150000,"0.1",FALSE,2.0166627131399e-05
"bivt",1e-04,150000,"0.01",FALSE,2.55433912404222e-05
"bivt",1e-04,150000,"0.05",TRUE,2.24241528063202e-05
"bivt",1e-04,150000,"0.1",TRUE,2.06526296266684e-05
"bivt",1e-04,150000,"0.01",TRUE,2.47254512814359e-05
"bivt",1e-04,150000,"0.05",FALSE,3.07103409426855e-05
"bivt",1e-04,150000,"0.1",FALSE,2.66052825991207e-05
"bivt",1e-04,150000,"0.01",TRUE,3.53993911850639e-05
"bivt",1e-04,150000,"0.05",TRUE,2.48498445078502e-05
"bivt",1e-04,150000,"0.1",TRUE,2.16090537865812e-05
"bivt",1e-04,150000,"0.01",TRUE,3.1836245325834e-05
"bivt",1e-04,150000,"0.05",TRUE,6.01138458758976e-05
"bivt",1e-04,150000,"0.1",TRUE,5.59937895987081e-05
"bivt",1e-04,150000,"0.01",TRUE,6.84659902767878e-05
"bivt",1e-04,150000,"0.05",TRUE,3.28070594810671e-05
"bivt",1e-04,150000,"0.1",TRUE,3.02621025344822e-05
"bivt",1e-04,150000,"0.01",TRUE,3.9688469055992e-05
"bivt",1e-04,150000,"0.05",TRUE,2.7145184756799e-05
"bivt",1e-04,150000,"0.1",TRUE,2.39082446820849e-05
"bivt",1e-04,150000,"0.01",TRUE,3.51455282422543e-05
"bivt",1e-04,150000,"0.05",FALSE,2.63734187440427e-05
"bivt",1e-04,150000,"0.1",FALSE,2.49132265921277e-05
"bivt",1e-04,150000,"0.01",FALSE,2.93124355939818e-05
"bivt",1e-04,150000,"0.05",TRUE,3.24845535413677e-05
"bivt",1e-04,150000,"0.1",TRUE,2.92444361477432e-05
"bivt",1e-04,150000,"0.01",TRUE,3.92409461881763e-05
"bivt",1e-04,150000,"0.05",FALSE,2.8071584732155e-05
"bivt",1e-04,150000,"0.1",FALSE,2.4247273314235e-05
"bivt",1e-04,150000,"0.01",FALSE,3.4745181286184e-05
"bivt",1e-04,150000,"0.05",FALSE,2.7668861424062e-05
"bivt",1e-04,150000,"0.1",FALSE,2.46787186044259e-05
"bivt",1e-04,150000,"0.01",TRUE,3.58769671120425e-05
"bivt",1e-04,150000,"0.05",FALSE,2.96644325533351e-05
"bivt",1e-04,150000,"0.1",FALSE,2.73913009380158e-05
"bivt",1e-04,150000,"0.01",FALSE,3.53590587507063e-05
"bivt",1e-04,150000,"0.05",TRUE,1.94670386594034e-05
"bivt",1e-04,150000,"0.1",FALSE,1.76331319765262e-05
"bivt",1e-04,150000,"0.01",TRUE,2.24784590076782e-05
"bivt",1e-04,150000,"0.05",TRUE,2.93064196717385e-05
"bivt",1e-04,150000,"0.1",TRUE,2.67830380890403e-05
"bivt",1e-04,150000,"0.01",TRUE,3.78245804840243e-05
"bivt",1e-04,150000,"0.05",TRUE,3.03948952349267e-05
"bivt",1e-04,150000,"0.1",TRUE,2.65969080536661e-05
"bivt",1e-04,150000,"0.01",TRUE,3.9414516372518e-05
"bivt",1e-04,150000,"0.05",TRUE,2.95814225460225e-05
"bivt",1e-04,150000,"0.1",TRUE,2.63821176555751e-05
"bivt",1e-04,150000,"0.01",TRUE,3.42637015934544e-05
"bivt",1e-04,150000,"0.05",TRUE,2.61910639371445e-05
"bivt",1e-04,150000,"0.1",TRUE,2.37655491425616e-05
"bivt",1e-04,150000,"0.01",TRUE,3.17303745632725e-05
"bivt",1e-04,150000,"0.05",TRUE,2.67021635175659e-05
"bivt",1e-04,150000,"0.1",TRUE,2.43651524393138e-05
"bivt",1e-04,150000,"0.01",TRUE,3.12482205874379e-05
"bivt",1e-04,150000,"0.05",TRUE,3.62174941241508e-05
"bivt",1e-04,150000,"0.1",FALSE,3.30967728162812e-05
"bivt",1e-04,150000,"0.01",TRUE,4.58041760380014e-05
"bivt",1e-04,150000,"0.05",TRUE,2.91560053286525e-05
"bivt",1e-04,150000,"0.1",TRUE,2.61731637912926e-05
"bivt",1e-04,150000,"0.01",TRUE,3.49751017931512e-05
"bivt",1e-04,150000,"0.05",FALSE,4.52970149607325e-05
"bivt",1e-04,150000,"0.1",FALSE,4.19540461036831e-05
"bivt",1e-04,150000,"0.01",FALSE,5.39704183279472e-05
"bivt",1e-04,150000,"0.05",FALSE,2.26332212122765e-05
"bivt",1e-04,150000,"0.1",FALSE,2.1521315550779e-05
"bivt",1e-04,150000,"0.01",FALSE,2.52378335881669e-05
"bivt",1e-04,150000,"0.05",TRUE,2.90953681938088e-05
"bivt",1e-04,150000,"0.1",TRUE,2.71677407147743e-05
"bivt",1e-04,150000,"0.01",TRUE,3.11663970465668e-05
"bivt",1e-04,150000,"0.05",TRUE,3.88922809277277e-05
"bivt",1e-04,150000,"0.1",TRUE,3.58193595454816e-05
"bivt",1e-04,150000,"0.01",TRUE,4.66305274686836e-05
"bivt",1e-04,150000,"0.05",TRUE,6.22894478112469e-05
"bivt",1e-04,150000,"0.1",TRUE,5.71194065332808e-05
"bivt",1e-04,150000,"0.01",TRUE,6.90382754765288e-05
"bivt",1e-04,150000,"0.05",TRUE,2.94113248363986e-05
"bivt",1e-04,150000,"0.1",TRUE,2.83776298529647e-05
"bivt",1e-04,150000,"0.01",TRUE,3.13147752951694e-05
"bivt",1e-04,150000,"0.05",FALSE,2.18815971963552e-05
"bivt",1e-04,150000,"0.1",FALSE,1.96258973625813e-05
"bivt",1e-04,150000,"0.01",FALSE,2.61991871884704e-05
"bivt",1e-04,150000,"0.05",TRUE,2.43475495969695e-05
"bivt",1e-04,150000,"0.1",TRUE,2.3117781351555e-05
"bivt",1e-04,150000,"0.01",TRUE,2.86010237935272e-05
"bivt",1e-04,150000,"0.05",TRUE,2.40808996445636e-05
"bivt",1e-04,150000,"0.1",TRUE,2.22930869108288e-05
"bivt",1e-04,150000,"0.01",TRUE,2.56537267398429e-05
"bivt",1e-04,150000,"0.05",TRUE,4.72050162803093e-05
"bivt",1e-04,150000,"0.1",TRUE,4.45242070349648e-05
"bivt",1e-04,150000,"0.01",TRUE,5.53360073793131e-05
"bivt",1e-04,150000,"0.05",TRUE,3.13565551578097e-05
"bivt",1e-04,150000,"0.1",TRUE,2.82498219696979e-05
"bivt",1e-04,150000,"0.01",TRUE,3.93724729366468e-05
"bivt",1e-04,150000,"0.05",TRUE,3.15340993117649e-05
"bivt",1e-04,150000,"0.1",TRUE,2.90061699602359e-05
"bivt",1e-04,150000,"0.01",TRUE,3.62520375145547e-05
"bivt",1e-04,150000,"0.05",FALSE,2.61627457054012e-05
"bivt",1e-04,150000,"0.1",FALSE,2.38429091586642e-05
"bivt",1e-04,150000,"0.01",TRUE,3.27995787911214e-05
"bivt",1e-04,150000,"0.05",FALSE,2.71807082205314e-05
"bivt",1e-04,150000,"0.1",FALSE,2.38553672497319e-05
"bivt",1e-04,150000,"0.01",FALSE,3.3026912954304e-05
"bivt",1e-04,150000,"0.05",FALSE,2.59027634151837e-05
"bivt",1e-04,150000,"0.1",FALSE,2.33040791246643e-05
"bivt",1e-04,150000,"0.01",TRUE,3.15204035885737e-05
"bivt",1e-04,150000,"0.05",TRUE,2.30737257177873e-05
"bivt",1e-04,150000,"0.1",TRUE,2.14506731186899e-05
"bivt",1e-04,150000,"0.01",TRUE,2.55722242727142e-05
"bivt",1e-04,150000,"0.05",FALSE,2.80841485226012e-05
"bivt",1e-04,150000,"0.1",FALSE,2.62487470361081e-05
"bivt",1e-04,150000,"0.01",FALSE,3.08307870794823e-05
"bivt",1e-04,150000,"0.05",FALSE,2.65536175263086e-05
"bivt",1e-04,150000,"0.1",FALSE,2.39326959823977e-05
"bivt",1e-04,150000,"0.01",FALSE,3.30811797142854e-05
"bivt",1e-04,150000,"0.05",TRUE,3.87949042727475e-05
"bivt",1e-04,150000,"0.1",TRUE,3.50382710839413e-05
"bivt",1e-04,150000,"0.01",TRUE,4.95751002879332e-05
"bivt",1e-04,150000,"0.05",FALSE,2.05985012788699e-05
"bivt",1e-04,150000,"0.1",FALSE,1.86879457009044e-05
"bivt",1e-04,150000,"0.01",FALSE,2.34839707701002e-05
"bivt",1e-04,150000,"0.05",TRUE,2.12374852002238e-05
"bivt",1e-04,150000,"0.1",TRUE,1.95116610504146e-05
"bivt",1e-04,150000,"0.01",TRUE,2.69477030606235e-05
"bivt",1e-04,150000,"0.05",FALSE,2.45833162698406e-05
"bivt",1e-04,150000,"0.1",FALSE,2.31813089374795e-05
"bivt",1e-04,150000,"0.01",FALSE,2.7845942824328e-05
"bivt",1e-04,150000,"0.05",TRUE,2.68294312589894e-05
"bivt",1e-04,150000,"0.1",TRUE,2.51661539716329e-05
"bivt",1e-04,150000,"0.01",TRUE,2.92635835845027e-05
"bivt",1e-04,150000,"0.05",TRUE,3.68610779184997e-05
"bivt",1e-04,150000,"0.1",TRUE,3.40547231061188e-05
"bivt",1e-04,150000,"0.01",TRUE,4.48133431458008e-05
"bivt",1e-04,150000,"0.05",TRUE,3.01383869278206e-05
"bivt",1e-04,150000,"0.1",FALSE,2.72709865545621e-05
"bivt",1e-04,150000,"0.01",TRUE,3.47753785104675e-05
"bivt",1e-04,150000,"0.05",FALSE,2.08911606581883e-05
"bivt",1e-04,150000,"0.1",FALSE,1.8984414699759e-05
"bivt",1e-04,150000,"0.01",FALSE,2.40592300443923e-05
"bivt",1e-04,150000,"0.05",FALSE,2.58901633780027e-05
"bivt",1e-04,150000,"0.1",FALSE,2.28051373238908e-05
"bivt",1e-04,150000,"0.01",FALSE,3.01376053351121e-05
"bivt",1e-04,150000,"0.05",FALSE,2.70256446118861e-05
"bivt",1e-04,150000,"0.1",FALSE,2.48626446754468e-05
"bivt",1e-04,150000,"0.01",TRUE,3.22939305901227e-05
"bivt",1e-04,150000,"0.05",FALSE,2.43910543203666e-05
"bivt",1e-04,150000,"0.1",FALSE,2.27035157805999e-05
"bivt",1e-04,150000,"0.01",TRUE,2.79273210408608e-05
"bivt",1e-04,150000,"0.05",TRUE,2.40185399311288e-05
"bivt",1e-04,150000,"0.1",TRUE,2.26422573960544e-05
"bivt",1e-04,150000,"0.01",TRUE,2.88685926348445e-05
"bivt",1e-04,150000,"0.05",TRUE,3.74679364045171e-05
"bivt",1e-04,150000,"0.1",TRUE,3.36319158050811e-05
"bivt",1e-04,150000,"0.01",TRUE,4.5238495529064e-05
"bivt",1e-04,150000,"0.05",TRUE,3.482104797799e-05
"bivt",1e-04,150000,"0.1",TRUE,3.14538821756726e-05
"bivt",1e-04,150000,"0.01",TRUE,4.22797234067654e-05
"bivt",1e-04,150000,"0.05",FALSE,2.69949866166505e-05
"bivt",1e-04,150000,"0.1",FALSE,2.41354802058782e-05
"bivt",1e-04,150000,"0.01",FALSE,3.20248033070905e-05
"bivt",1e-04,150000,"0.05",FALSE,2.45637242647903e-05
"bivt",1e-04,150000,"0.1",FALSE,2.30891569375703e-05
"bivt",1e-04,150000,"0.01",FALSE,2.76088450032102e-05
"bivt",1e-04,150000,"0.05",TRUE,2.29878586433844e-05
"bivt",1e-04,150000,"0.1",TRUE,2.14109335852295e-05
"bivt",1e-04,150000,"0.01",TRUE,2.74315213305571e-05
"bivt",1e-04,150000,"0.05",FALSE,2.87757362991523e-05
"bivt",1e-04,150000,"0.1",FALSE,2.73205054688337e-05
"bivt",1e-04,150000,"0.01",FALSE,3.20457063331476e-05
"bivt",1e-04,150000,"0.05",TRUE,2.55453623072601e-05
"bivt",1e-04,150000,"0.1",TRUE,2.42081850914677e-05
"bivt",1e-04,150000,"0.01",TRUE,2.94513461020165e-05
"bivt",1e-04,150000,"0.05",FALSE,2.49294834097731e-05
"bivt",1e-04,150000,"0.1",FALSE,2.29873989233206e-05
"bivt",1e-04,150000,"0.01",TRUE,2.84622414349139e-05
"bivt",1e-04,150000,"0.05",TRUE,5.28609318429057e-05
"bivt",1e-04,150000,"0.1",TRUE,4.77474172964714e-05
"bivt",1e-04,150000,"0.01",TRUE,5.78691412298554e-05
"bivt",1e-04,150000,"0.05",FALSE,2.56409367340961e-05
"bivt",1e-04,150000,"0.1",FALSE,2.26795202137317e-05
"bivt",1e-04,150000,"0.01",FALSE,2.93762874189536e-05
"bivt",1e-04,150000,"0.05",TRUE,2.60336779098936e-05
"bivt",1e-04,150000,"0.1",TRUE,2.32689216980187e-05
"bivt",1e-04,150000,"0.01",TRUE,3.11516897128943e-05
"bivt",1e-04,150000,"0.05",FALSE,3.62481641586349e-05
"bivt",1e-04,150000,"0.1",FALSE,3.34291920480325e-05
"bivt",1e-04,150000,"0.01",TRUE,4.2733950761584e-05
"bivt",1e-04,150000,"0.05",TRUE,4.47904717360299e-05
"bivt",1e-04,150000,"0.1",TRUE,4.14320401407881e-05
"bivt",1e-04,150000,"0.01",TRUE,5.25499198229281e-05
"bivt",1e-04,150000,"0.05",FALSE,2.01206608592847e-05
"bivt",1e-04,150000,"0.1",FALSE,1.87589385499837e-05
"bivt",1e-04,150000,"0.01",FALSE,2.2645076172693e-05
"bivt",1e-04,150000,"0.05",FALSE,2.14430456941297e-05
"bivt",1e-04,150000,"0.1",FALSE,1.95290808605427e-05
"bivt",1e-04,150000,"0.01",TRUE,2.59833571219895e-05
"bivt",1e-04,150000,"0.05",TRUE,2.6733349792956e-05
"bivt",1e-04,150000,"0.1",TRUE,2.38044897379433e-05
"bivt",1e-04,150000,"0.01",TRUE,3.27993547333163e-05
"bivt",1e-04,150000,"0.05",FALSE,2.42588818399482e-05
"bivt",1e-04,150000,"0.1",FALSE,2.13805925317017e-05
"bivt",1e-04,150000,"0.01",FALSE,2.87425839302765e-05
"bivt",1e-04,150000,"0.05",FALSE,3.02500625309239e-05
"bivt",1e-04,150000,"0.1",FALSE,2.69575404870557e-05
"bivt",1e-04,150000,"0.01",TRUE,3.53703650935852e-05
"bivt",1e-04,150000,"0.05",TRUE,4.51385894042914e-05
"bivt",1e-04,150000,"0.1",TRUE,4.20138507076271e-05
"bivt",1e-04,150000,"0.01",TRUE,5.06391727604667e-05
"bivt",1e-04,150000,"0.05",TRUE,3.47320447518878e-05
"bivt",1e-04,150000,"0.1",TRUE,3.03877509087462e-05
"bivt",1e-04,150000,"0.01",TRUE,4.01839751922066e-05
"bivt",1e-04,150000,"0.05",FALSE,2.79777627555893e-05
"bivt",1e-04,150000,"0.1",FALSE,2.47321103133764e-05
"bivt",1e-04,150000,"0.01",FALSE,3.09003308948057e-05
"bivt",1e-04,150000,"0.05",FALSE,4.34315056341631e-05
"bivt",1e-04,150000,"0.1",FALSE,4.00540750667966e-05
"bivt",1e-04,150000,"0.01",FALSE,5.14354238971442e-05
"bivt",1e-04,150000,"0.05",TRUE,2.82982899047254e-05
"bivt",1e-04,150000,"0.1",TRUE,2.49871720354963e-05
"bivt",1e-04,150000,"0.01",TRUE,3.54015724110167e-05
"bivt",1e-04,150000,"0.05",TRUE,2.65100390508632e-05
"bivt",1e-04,150000,"0.1",FALSE,2.35493769650773e-05
"bivt",1e-04,150000,"0.01",TRUE,3.1630357766041e-05
"bivt",1e-04,150000,"0.05",TRUE,2.96487992381327e-05
"bivt",1e-04,150000,"0.1",TRUE,2.61393921116366e-05
"bivt",1e-04,150000,"0.01",TRUE,3.40025729742994e-05
"bivt",1e-04,150000,"0.05",TRUE,3.01022855040714e-05
"bivt",1e-04,150000,"0.1",TRUE,2.89137404314455e-05
"bivt",1e-04,150000,"0.01",TRUE,3.20726793540541e-05
"bivt",1e-04,150000,"0.05",FALSE,2.55133700158349e-05
"bivt",1e-04,150000,"0.1",FALSE,2.34792766148901e-05
"bivt",1e-04,150000,"0.01",FALSE,2.82806335885221e-05
"bivt",1e-04,150000,"0.05",TRUE,2.87952877342913e-05
"bivt",1e-04,150000,"0.1",TRUE,2.57092788278917e-05
"bivt",1e-04,150000,"0.01",TRUE,3.51884081896524e-05
"bivt",1e-04,150000,"0.05",TRUE,3.56837656231781e-05
"bivt",1e-04,150000,"0.1",TRUE,3.31004545795766e-05
"bivt",1e-04,150000,"0.01",TRUE,4.1476611925829e-05
"bivt",1e-04,150000,"0.05",TRUE,3.92181277952138e-05
"bivt",1e-04,150000,"0.1",TRUE,3.53938235907313e-05
"bivt",1e-04,150000,"0.01",TRUE,4.67479281813341e-05
"bivt",1e-04,150000,"0.05",FALSE,2.5143303248128e-05
"bivt",1e-04,150000,"0.1",FALSE,2.36740813677915e-05
"bivt",1e-04,150000,"0.01",FALSE,2.86732209252957e-05
"bivt",1e-04,150000,"0.05",TRUE,2.3546153383806e-05
"bivt",1e-04,150000,"0.1",TRUE,2.20830990414335e-05
"bivt",1e-04,150000,"0.01",TRUE,2.71962484331579e-05
"bivt",1e-04,150000,"0.05",TRUE,2.8739854803938e-05
"bivt",1e-04,150000,"0.1",TRUE,2.64954563829783e-05
"bivt",1e-04,150000,"0.01",TRUE,3.3658700931178e-05
"bivt",1e-04,150000,"0.05",TRUE,4.80817860534401e-05
"bivt",1e-04,150000,"0.1",TRUE,4.41486289356804e-05
"bivt",1e-04,150000,"0.01",TRUE,5.34279156632682e-05
"bivt",1e-04,150000,"0.05",TRUE,2.72209007373506e-05
"bivt",1e-04,150000,"0.1",TRUE,2.37437424115425e-05
"bivt",1e-04,150000,"0.01",TRUE,3.22007796085236e-05
"bivt",1e-04,150000,"0.05",FALSE,2.60386028286886e-05
"bivt",1e-04,150000,"0.1",FALSE,2.41314198084489e-05
"bivt",1e-04,150000,"0.01",TRUE,2.93000640139616e-05
"bivt",1e-04,150000,"0.05",TRUE,3.6429384329493e-05
"bivt",1e-04,150000,"0.1",TRUE,3.25517050334064e-05
"bivt",1e-04,150000,"0.01",TRUE,4.13408966460999e-05
"bivt",1e-04,150000,"0.05",TRUE,2.31854999128406e-05
"bivt",1e-04,150000,"0.1",FALSE,2.07795369252717e-05
"bivt",1e-04,150000,"0.01",TRUE,2.65065237464447e-05
"bivt",1e-04,150000,"0.05",FALSE,2.77278143822403e-05
"bivt",1e-04,150000,"0.1",FALSE,2.56810853588462e-05
"bivt",1e-04,150000,"0.01",TRUE,3.02618941917956e-05
"bivt",1e-04,150000,"0.05",TRUE,4.35923440359953e-05
"bivt",1e-04,150000,"0.1",TRUE,4.12414228341791e-05
"bivt",1e-04,150000,"0.01",TRUE,4.99870283570021e-05
"bivt",1e-04,150000,"0.05",TRUE,2.67377207609822e-05
"bivt",1e-04,150000,"0.1",TRUE,2.35001962711479e-05
"bivt",1e-04,150000,"0.01",TRUE,3.35719821330034e-05
"bivt",1e-04,150000,"0.05",TRUE,3.18636742343124e-05
"bivt",1e-04,150000,"0.1",TRUE,3.00364116233318e-05
"bivt",1e-04,150000,"0.01",TRUE,3.76354406743067e-05
"bivt",1e-04,150000,"0.05",TRUE,3.41771619480084e-05
"bivt",1e-04,150000,"0.1",TRUE,3.12193310309394e-05
"bivt",1e-04,150000,"0.01",TRUE,3.92912885698152e-05
"bivt",1e-04,150000,"0.05",FALSE,2.27976339457642e-05
"bivt",1e-04,150000,"0.1",FALSE,2.00323347537882e-05
"bivt",1e-04,150000,"0.01",FALSE,2.85094548459171e-05
"bivt",1e-04,150000,"0.05",TRUE,2.93692976901311e-05
"bivt",1e-04,150000,"0.1",TRUE,2.68763673920657e-05
"bivt",1e-04,150000,"0.01",TRUE,3.50572460639293e-05
"bivt",1e-04,150000,"0.05",TRUE,2.69464844704989e-05
"bivt",1e-04,150000,"0.1",TRUE,2.55386992560901e-05
"bivt",1e-04,150000,"0.01",TRUE,2.94816430008342e-05
"bivt",1e-04,150000,"0.05",TRUE,3.37738344138727e-05
"bivt",1e-04,150000,"0.1",TRUE,3.00600538676155e-05
"bivt",1e-04,150000,"0.01",TRUE,3.77720977318354e-05
"bivt",1e-04,150000,"0.05",FALSE,2.30132034568758e-05
"bivt",1e-04,150000,"0.1",FALSE,2.11666484931718e-05
"bivt",1e-04,150000,"0.01",FALSE,2.64722078828901e-05
"bivt",1e-04,150000,"0.05",TRUE,3.48017286733813e-05
"bivt",1e-04,150000,"0.1",TRUE,3.21136031795805e-05
"bivt",1e-04,150000,"0.01",TRUE,4.34112745399352e-05
"bivt",1e-04,150000,"0.05",TRUE,2.19735898684926e-05
"bivt",1e-04,150000,"0.1",TRUE,2.01418512435523e-05
"bivt",1e-04,150000,"0.01",TRUE,2.67770582330322e-05
"bivt",1e-04,150000,"0.05",FALSE,3.18599652811477e-05
"bivt",1e-04,150000,"0.1",FALSE,2.84083272859842e-05
"bivt",1e-04,150000,"0.01",TRUE,3.74272200645909e-05
"bivt",1e-04,150000,"0.05",TRUE,4.42285826324998e-05
"bivt",1e-04,150000,"0.1",TRUE,4.12018521582469e-05
"bivt",1e-04,150000,"0.01",TRUE,4.90683134558026e-05
"bivt",1e-04,150000,"0.05",TRUE,1.98228098279197e-05
"bivt",1e-04,150000,"0.1",FALSE,1.83127620120279e-05
"bivt",1e-04,150000,"0.01",TRUE,2.34014221870301e-05
"bivt",1e-04,150000,"0.05",TRUE,2.59045401079325e-05
"bivt",1e-04,150000,"0.1",TRUE,2.49675277353901e-05
"bivt",1e-04,150000,"0.01",TRUE,2.810723188467e-05
"bivt",1e-04,150000,"0.05",TRUE,3.3521051220168e-05
"bivt",1e-04,150000,"0.1",TRUE,2.9216702615272e-05
"bivt",1e-04,150000,"0.01",TRUE,4.02912094143843e-05
"bivt",1e-04,150000,"0.05",FALSE,3.77635908377468e-05
"bivt",1e-04,150000,"0.1",FALSE,3.40808890774764e-05
"bivt",1e-04,150000,"0.01",FALSE,4.62791558681962e-05
"bivt",1e-04,150000,"0.05",TRUE,2.41542902393485e-05
"bivt",1e-04,150000,"0.1",FALSE,2.25027923139729e-05
"bivt",1e-04,150000,"0.01",TRUE,2.75098571881991e-05
"bivt",1e-04,150000,"0.05",TRUE,2.38636569065089e-05
"bivt",1e-04,150000,"0.1",TRUE,2.12915357941719e-05
"bivt",1e-04,150000,"0.01",TRUE,2.67424779036324e-05
"bivt",1e-04,150000,"0.05",FALSE,1.98191514935915e-05
"bivt",1e-04,150000,"0.1",FALSE,1.80358909605731e-05
"bivt",1e-04,150000,"0.01",FALSE,2.30719494843067e-05
"bivt",1e-04,150000,"0.05",FALSE,2.19120255159596e-05
"bivt",1e-04,150000,"0.1",FALSE,2.01181866792354e-05
"bivt",1e-04,150000,"0.01",FALSE,2.48800614255701e-05
"bivt",1e-04,150000,"0.05",TRUE,2.2537558372455e-05
"bivt",1e-04,150000,"0.1",TRUE,2.03299845786784e-05
"bivt",1e-04,150000,"0.01",TRUE,2.90681035017286e-05
"bivt",1e-04,150000,"0.05",FALSE,2.18117059051058e-05
"bivt",1e-04,150000,"0.1",FALSE,1.99033864834217e-05
"bivt",1e-04,150000,"0.01",FALSE,2.43965762003611e-05
"bivt",1e-04,150000,"0.05",FALSE,3.48081942683063e-05
"bivt",1e-04,150000,"0.1",FALSE,3.12650883723931e-05
"bivt",1e-04,150000,"0.01",TRUE,3.89536410961003e-05
"bivt",1e-04,150000,"0.05",FALSE,2.74916135023973e-05
"bivt",1e-04,150000,"0.1",FALSE,2.46074875168521e-05
"bivt",1e-04,150000,"0.01",TRUE,3.57797671115298e-05
"bivt",1e-04,150000,"0.05",TRUE,2.49367677252126e-05
"bivt",1e-04,150000,"0.1",TRUE,2.34764910190326e-05
"bivt",1e-04,150000,"0.01",TRUE,2.80098879651954e-05
"bivt",1e-04,150000,"0.05",FALSE,2.34991052262792e-05
"bivt",1e-04,150000,"0.1",FALSE,2.17875137223987e-05
"bivt",1e-04,150000,"0.01",FALSE,2.6601620721126e-05
"bivt",1e-04,150000,"0.05",FALSE,2.83097660516856e-05
"bivt",1e-04,150000,"0.1",FALSE,2.6295293931227e-05
"bivt",1e-04,150000,"0.01",TRUE,3.6640600622182e-05
"bivt",1e-04,150000,"0.05",TRUE,3.07582509868281e-05
"bivt",1e-04,150000,"0.1",FALSE,2.77282765245622e-05
"bivt",1e-04,150000,"0.01",TRUE,3.7333592356966e-05
"bivt",1e-04,150000,"0.05",TRUE,2.8513289156574e-05
"bivt",1e-04,150000,"0.1",TRUE,2.43043240168023e-05
"bivt",1e-04,150000,"0.01",TRUE,3.62466440687138e-05
"bivt",1e-04,150000,"0.05",FALSE,2.38427813327547e-05
"bivt",1e-04,150000,"0.1",FALSE,2.25296377384441e-05
"bivt",1e-04,150000,"0.01",FALSE,2.7838710200117e-05
"bivt",1e-04,150000,"0.05",FALSE,2.46662583230648e-05
"bivt",1e-04,150000,"0.1",FALSE,2.285925269905e-05
"bivt",1e-04,150000,"0.01",FALSE,2.88397155428682e-05
"bivt",1e-04,150000,"0.05",TRUE,4.69015606143425e-05
"bivt",1e-04,150000,"0.1",TRUE,4.32788191596511e-05
"bivt",1e-04,150000,"0.01",TRUE,5.62151915608751e-05
"bivt",1e-04,150000,"0.05",TRUE,2.2288543598874e-05
"bivt",1e-04,150000,"0.1",TRUE,2.08969130187036e-05
"bivt",1e-04,150000,"0.01",TRUE,2.60038374178001e-05
"bivt",1e-04,150000,"0.05",TRUE,3.39580477602911e-05
"bivt",1e-04,150000,"0.1",TRUE,3.09290415470507e-05
"bivt",1e-04,150000,"0.01",TRUE,3.94311028788969e-05
"bivt",1e-04,150000,"0.05",FALSE,2.39671930179097e-05
"bivt",1e-04,150000,"0.1",FALSE,2.21565795915737e-05
"bivt",1e-04,150000,"0.01",TRUE,2.79754936426474e-05
"bivt",1e-04,150000,"0.05",TRUE,4.87767723090448e-05
"bivt",1e-04,150000,"0.1",TRUE,4.40564328864796e-05
"bivt",1e-04,150000,"0.01",TRUE,5.53094832910337e-05
"bivt",1e-04,150000,"0.05",TRUE,2.27455039609466e-05
"bivt",1e-04,150000,"0.1",TRUE,2.15181168935104e-05
"bivt",1e-04,150000,"0.01",TRUE,2.53908505821502e-05
"bivt",1e-04,150000,"0.05",FALSE,2.84172488005334e-05
"bivt",1e-04,150000,"0.1",FALSE,2.5959655186312e-05
"bivt",1e-04,150000,"0.01",FALSE,3.48537450826068e-05
"bivt",1e-04,150000,"0.05",TRUE,3.1867995845587e-05
"bivt",1e-04,150000,"0.1",TRUE,2.84970353485064e-05
"bivt",1e-04,150000,"0.01",TRUE,4.0477861299607e-05
"bivt",1e-04,150000,"0.05",FALSE,2.48054565980075e-05
"bivt",1e-04,150000,"0.1",FALSE,2.32596440276289e-05
"bivt",1e-04,150000,"0.01",FALSE,2.93980037579534e-05
"bivt",1e-04,150000,"0.05",TRUE,2.27730217787073e-05
"bivt",1e-04,150000,"0.1",TRUE,2.09562541574508e-05
"bivt",1e-04,150000,"0.01",TRUE,2.78389785613729e-05
"bivt",1e-04,150000,"0.05",TRUE,3.30067000327916e-05
"bivt",1e-04,150000,"0.1",TRUE,2.84795696462708e-05
"bivt",1e-04,150000,"0.01",TRUE,3.98513430708294e-05
"bivt",1e-04,150000,"0.05",TRUE,3.22371830896591e-05
"bivt",1e-04,150000,"0.1",FALSE,2.90241845414739e-05
"bivt",1e-04,150000,"0.01",TRUE,3.72361037510602e-05
"bivt",1e-04,150000,"0.05",TRUE,4.06625464030426e-05
"bivt",1e-04,150000,"0.1",TRUE,3.80121788796014e-05
"bivt",1e-04,150000,"0.01",TRUE,4.75863696661997e-05
"bivt",1e-04,150000,"0.05",TRUE,3.63368047243578e-05
"bivt",1e-04,150000,"0.1",TRUE,3.34176262012013e-05
"bivt",1e-04,150000,"0.01",TRUE,4.09825164412794e-05
"bivt",1e-04,150000,"0.05",FALSE,3.22161265413797e-05
"bivt",1e-04,150000,"0.1",FALSE,3.1253505816908e-05
"bivt",1e-04,150000,"0.01",FALSE,3.44273462440805e-05
"bivt",1e-04,150000,"0.05",FALSE,2.98928011216047e-05
"bivt",1e-04,150000,"0.1",FALSE,2.69863596913679e-05
"bivt",1e-04,150000,"0.01",FALSE,3.45814743981957e-05
"bivt",1e-04,150000,"0.05",FALSE,2.93247257111081e-05
"bivt",1e-04,150000,"0.1",FALSE,2.59038634531672e-05
"bivt",1e-04,150000,"0.01",TRUE,3.75850177868698e-05
"bivt",1e-04,150000,"0.05",TRUE,4.39443782987964e-05
"bivt",1e-04,150000,"0.1",TRUE,3.97110890705636e-05
"bivt",1e-04,150000,"0.01",TRUE,5.24214841256358e-05
"bivt",1e-04,150000,"0.05",TRUE,2.80023049723762e-05
"bivt",1e-04,150000,"0.1",TRUE,2.55181669117786e-05
"bivt",1e-04,150000,"0.01",TRUE,3.48160961311328e-05
"bivt",1e-04,150000,"0.05",FALSE,2.61160220115398e-05
"bivt",1e-04,150000,"0.1",FALSE,2.45178646114468e-05
"bivt",1e-04,150000,"0.01",FALSE,2.9769457135103e-05
"bivt",1e-04,150000,"0.05",TRUE,3.13272271300888e-05
"bivt",1e-04,150000,"0.1",TRUE,2.76930199271936e-05
"bivt",1e-04,150000,"0.01",TRUE,3.65018773608175e-05
"bivt",1e-04,150000,"0.05",FALSE,2.65384601212776e-05
"bivt",1e-04,150000,"0.1",FALSE,2.48886185737441e-05
"bivt",1e-04,150000,"0.01",FALSE,2.82735607017864e-05
"bivt",1e-04,150000,"0.05",FALSE,2.24361806677248e-05
"bivt",1e-04,150000,"0.1",FALSE,2.06429497739306e-05
"bivt",1e-04,150000,"0.01",FALSE,2.64660009732762e-05
"bivt",1e-04,150000,"0.05",TRUE,2.79752251019963e-05
"bivt",1e-04,150000,"0.1",TRUE,2.56147760388389e-05
"bivt",1e-04,150000,"0.01",TRUE,3.25295796793755e-05
"bivt",1e-04,150000,"0.05",FALSE,2.47818456247752e-05
"bivt",1e-04,150000,"0.1",FALSE,2.37286566870142e-05
"bivt",1e-04,150000,"0.01",FALSE,2.79898141415486e-05
"bivt",1e-04,150000,"0.05",FALSE,2.26967248908266e-05
"bivt",1e-04,150000,"0.1",FALSE,2.07786459987968e-05
"bivt",1e-04,150000,"0.01",TRUE,2.7305892052599e-05
"bivt",1e-04,150000,"0.05",TRUE,3.38440736865959e-05
"bivt",1e-04,150000,"0.1",TRUE,3.10237479481291e-05
"bivt",1e-04,150000,"0.01",TRUE,3.84383411522743e-05
"bivt",1e-04,150000,"0.05",TRUE,2.76065827594168e-05
"bivt",1e-04,150000,"0.1",TRUE,2.50759484234267e-05
"bivt",1e-04,150000,"0.01",TRUE,3.33757415284667e-05
"bivt",1e-04,150000,"0.05",TRUE,2.2564395845703e-05
"bivt",1e-04,150000,"0.1",TRUE,2.07521648947507e-05
"bivt",1e-04,150000,"0.01",TRUE,2.56231178807344e-05
"bivt",1e-04,150000,"0.05",FALSE,2.32792377682749e-05
"bivt",1e-04,150000,"0.1",FALSE,2.11771561069201e-05
"bivt",1e-04,150000,"0.01",FALSE,2.98420431849209e-05
"bivt",1e-04,150000,"0.05",TRUE,3.84253308379335e-05
"bivt",1e-04,150000,"0.1",TRUE,3.43888187148658e-05
"bivt",1e-04,150000,"0.01",TRUE,4.45410690264965e-05
"bivt",1e-04,150000,"0.05",FALSE,2.67716419762477e-05
"bivt",1e-04,150000,"0.1",FALSE,2.36386221992665e-05
"bivt",1e-04,150000,"0.01",TRUE,3.36842103346688e-05
"bivt",1e-04,150000,"0.05",FALSE,2.31687098396797e-05
"bivt",1e-04,150000,"0.1",FALSE,2.04682152182409e-05
"bivt",1e-04,150000,"0.01",TRUE,2.79992817397753e-05
"bivt",1e-04,150000,"0.05",FALSE,2.00830097737314e-05
"bivt",1e-04,150000,"0.1",FALSE,1.81020220814029e-05
"bivt",1e-04,150000,"0.01",TRUE,2.58385411133689e-05
"bivt",1e-04,150000,"0.05",FALSE,2.84166997475924e-05
"bivt",1e-04,150000,"0.1",FALSE,2.71418327416544e-05
"bivt",1e-04,150000,"0.01",TRUE,3.01824431922766e-05
"bivt",1e-04,150000,"0.05",TRUE,2.75875046233587e-05
"bivt",1e-04,150000,"0.1",TRUE,2.6347819127761e-05
"bivt",1e-04,150000,"0.01",TRUE,3.07118696728201e-05
"bivt",1e-04,150000,"0.05",TRUE,3.18750906707691e-05
"bivt",1e-04,150000,"0.1",TRUE,2.94031024714203e-05
"bivt",1e-04,150000,"0.01",TRUE,3.61997599220905e-05
"bivt",1e-04,150000,"0.05",TRUE,2.29356161566912e-05
"bivt",1e-04,150000,"0.1",TRUE,1.95746531263606e-05
"bivt",1e-04,150000,"0.01",TRUE,2.96284908904323e-05
"bivt",1e-04,150000,"0.05",FALSE,2.65927475936725e-05
"bivt",1e-04,150000,"0.1",FALSE,2.44431828451866e-05
"bivt",1e-04,150000,"0.01",FALSE,3.0715668350281e-05
"bivt",1e-04,150000,"0.05",TRUE,3.09079810316387e-05
"bivt",1e-04,150000,"0.1",TRUE,2.86652809708684e-05
"bivt",1e-04,150000,"0.01",TRUE,3.57399066611478e-05
"bivt",1e-04,150000,"0.05",TRUE,2.47021456806258e-05
"bivt",1e-04,150000,"0.1",TRUE,2.34558796704855e-05
"bivt",1e-04,150000,"0.01",TRUE,2.81754722246949e-05
"bivt",1e-04,150000,"0.05",FALSE,2.46498729167862e-05
"bivt",1e-04,150000,"0.1",FALSE,2.29816192537781e-05
"bivt",1e-04,150000,"0.01",FALSE,2.64777629620347e-05
"bivt",1e-04,150000,"0.05",TRUE,2.75679324526893e-05
"bivt",1e-04,150000,"0.1",TRUE,2.41832906688458e-05
"bivt",1e-04,150000,"0.01",TRUE,3.31368507248469e-05
