"dist","p","n","alpha","is_covered","c_plus_estimate","c_minus_estimate"
"bivt",0.005,1000,"0.05",TRUE,0.008,-0.00372445846967319
"bivt",0.005,1000,"0.1",TRUE,0.007,-0.00359527263236119
"bivt",0.005,1000,"0.01",TRUE,0.01,-0.00393563440666436
"bivt",0.005,1000,"0.05",TRUE,0.009,-0.00387518905022563
"bivt",0.005,1000,"0.1",TRUE,0.008,-0.00352388266032604
"bivt",0.005,1000,"0.01",TRUE,0.011,-0.00411757600224599
"bivt",0.005,1000,"0.05",TRUE,0.007,-0.00353285106484395
"bivt",0.005,1000,"0.1",TRUE,0.006,-0.00339832194936327
"bivt",0.005,1000,"0.01",TRUE,0.009,-0.00377439090470404
"bivt",0.005,1000,"0.05",TRUE,0.008,-0.00359484479354984
"bivt",0.005,1000,"0.1",TRUE,0.007,-0.00348787482984048
"bivt",0.005,1000,"0.01",TRUE,0.009,-0.0039491164811424
"bivt",0.005,1000,"0.05",TRUE,0.007,-0.00358337629059835
"bivt",0.005,1000,"0.1",TRUE,0.006,-0.00336104693696368
"bivt",0.005,1000,"0.01",TRUE,0.008,-0.00396771151690445
"bivt",0.005,1000,"0.05",TRUE,0.006,-0.00348963553809327
"bivt",0.005,1000,"0.1",TRUE,0.00451342650295391,-0.00328622260145056
"bivt",0.005,1000,"0.01",TRUE,0.007,-0.00373484275349007
"bivt",0.005,1000,"0.05",TRUE,0.006,-0.00370140207083554
"bivt",0.005,1000,"0.1",TRUE,0.00435744361808131,-0.00350876905651126
"bivt",0.005,1000,"0.01",TRUE,0.007,-0.00408464432124527
"bivt",0.005,1000,"0.05",TRUE,0.008,-0.00369985113218144
"bivt",0.005,1000,"0.1",TRUE,0.007,-0.00363766978721074
"bivt",0.005,1000,"0.01",TRUE,0.01,-0.00384379762125364
"bivt",0.005,1000,"0.05",TRUE,0.01,-0.00383675714209556
"bivt",0.005,1000,"0.1",TRUE,0.009,-0.00375696823579114
"bivt",0.005,1000,"0.01",TRUE,0.012,-0.00406886698554922
"bivt",0.005,1000,"0.05",TRUE,0.007,-0.00344547087901915
"bivt",0.005,1000,"0.1",TRUE,0.006,-0.00343921145013384
"bivt",0.005,1000,"0.01",TRUE,0.009,-0.00374195309806532
"bivt",0.005,1000,"0.05",TRUE,0.011,-0.0035934734877322
"bivt",0.005,1000,"0.1",TRUE,0.01,-0.00345411126925469
"bivt",0.005,1000,"0.01",TRUE,0.014,-0.00382853957673205
"bivt",0.005,1000,"0.05",TRUE,0.008,-0.00390445086455536
"bivt",0.005,1000,"0.1",TRUE,0.007,-0.00379710909227503
"bivt",0.005,1000,"0.01",TRUE,0.01,-0.0040871256051998
"bivt",0.005,1000,"0.05",TRUE,0.008,-0.0034602026227185
"bivt",0.005,1000,"0.1",TRUE,0.007,-0.00332079963862736
"bivt",0.005,1000,"0.01",TRUE,0.009,-0.00383481771826721
"bivt",0.005,1000,"0.05",FALSE,0.007,-0.00371668848904698
"bivt",0.005,1000,"0.1",FALSE,0.007,-0.00348639826449275
"bivt",0.005,1000,"0.01",FALSE,0.009,-0.00392427481316229
"bivt",0.005,1000,"0.05",TRUE,0.011,-0.0039757363333744
"bivt",0.005,1000,"0.1",TRUE,0.009,-0.00389497902637824
"bivt",0.005,1000,"0.01",TRUE,0.013,-0.00419673127008787
"bivt",0.005,1000,"0.05",TRUE,0.00312291122096168,-0.00386290014465727
"bivt",0.005,1000,"0.1",TRUE,0.00311120291542988,-0.00376704830539483
"bivt",0.005,1000,"0.01",TRUE,0.007,-0.00404625115906821
"bivt",0.005,1000,"0.05",TRUE,0.009,-0.00382658158106227
"bivt",0.005,1000,"0.1",TRUE,0.008,-0.00377545963626211
"bivt",0.005,1000,"0.01",TRUE,0.011,-0.00398739513682764
"bivt",0.005,1000,"0.05",TRUE,0.006,-0.00408276985284676
"bivt",0.005,1000,"0.1",TRUE,0.0046598393885467,-0.0039623331980714
"bivt",0.005,1000,"0.01",TRUE,0.00800499999999988,-0.00421332150864116
"bivt",0.005,1000,"0.05",TRUE,0.009,-0.00408982479756678
"bivt",0.005,1000,"0.1",TRUE,0.008,-0.00394519486710594
"bivt",0.005,1000,"0.01",TRUE,0.011,-0.00433871405020362
"bivt",0.005,1000,"0.05",TRUE,0.009,-0.00377641675453235
"bivt",0.005,1000,"0.1",TRUE,0.008,-0.0034029982027617
"bivt",0.005,1000,"0.01",TRUE,0.011,-0.0040542469384225
"bivt",0.005,1000,"0.05",TRUE,0.008,-0.00379286857503325
"bivt",0.005,1000,"0.1",TRUE,0.008,-0.00364933330285427
"bivt",0.005,1000,"0.01",TRUE,0.011,-0.00399757785986509
"bivt",0.005,1000,"0.05",TRUE,0.008,-0.00391628799907405
"bivt",0.005,1000,"0.1",TRUE,0.007,-0.00384363860739409
"bivt",0.005,1000,"0.01",TRUE,0.0100049999999999,-0.00418880436262648
"bivt",0.005,1000,"0.05",TRUE,0.01,-0.00398256721963061
"bivt",0.005,1000,"0.1",TRUE,0.009,-0.0037717453043644
"bivt",0.005,1000,"0.01",TRUE,0.012,-0.00419849145088102
"bivt",0.005,1000,"0.05",TRUE,0.007,-0.00385797905891672
"bivt",0.005,1000,"0.1",TRUE,0.006,-0.00368725431349268
"bivt",0.005,1000,"0.01",TRUE,0.009,-0.00410486105863137
"bivt",0.005,1000,"0.05",TRUE,0.008,-0.00377215060382315
"bivt",0.005,1000,"0.1",TRUE,0.007,-0.00367482429898921
"bivt",0.005,1000,"0.01",TRUE,0.01,-0.00409160160297956
"bivt",0.005,1000,"0.05",TRUE,0.009,-0.00345215586977745
"bivt",0.005,1000,"0.1",TRUE,0.008,-0.00324723948985731
"bivt",0.005,1000,"0.01",TRUE,0.01,-0.00374007100891776
"bivt",0.005,1000,"0.05",TRUE,0.008,-0.00395880522540713
"bivt",0.005,1000,"0.1",TRUE,0.007,-0.00382928477302087
"bivt",0.005,1000,"0.01",TRUE,0.01,-0.00422397449838862
"bivt",0.005,1000,"0.05",TRUE,0.008,-0.00346413572216576
"bivt",0.005,1000,"0.1",TRUE,0.007,-0.00332775476666165
"bivt",0.005,1000,"0.01",TRUE,0.00900499999999988,-0.00385297955363666
"bivt",0.005,1000,"0.05",TRUE,0.007,-0.00370075501107721
"bivt",0.005,1000,"0.1",TRUE,0.006,-0.00348717250260582
"bivt",0.005,1000,"0.01",TRUE,0.008,-0.0038442759958696
"bivt",0.005,1000,"0.05",TRUE,0.009,-0.00358599860120256
"bivt",0.005,1000,"0.1",TRUE,0.008,-0.00336886241016458
"bivt",0.005,1000,"0.01",TRUE,0.0110049999999999,-0.00387220796562827
"bivt",0.005,1000,"0.05",TRUE,0.008,-0.00332862663939078
"bivt",0.005,1000,"0.1",TRUE,0.007,-0.00312137652527037
"bivt",0.005,1000,"0.01",TRUE,0.01,-0.00364240954746811
"bivt",0.005,1000,"0.05",TRUE,0.007,-0.00345099750949663
"bivt",0.005,1000,"0.1",TRUE,0.006,-0.00310836662934675
"bivt",0.005,1000,"0.01",TRUE,0.009,-0.00370885532405313
"bivt",0.005,1000,"0.05",TRUE,0.00459212254948073,-0.00364724745944032
"bivt",0.005,1000,"0.1",TRUE,0.00382318529845182,-0.00357162275125512
"bivt",0.005,1000,"0.01",TRUE,0.006,-0.00390981062249794
"bivt",0.005,1000,"0.05",TRUE,0.01,-0.00422591097785944
"bivt",0.005,1000,"0.1",TRUE,0.009,-0.00406958295245076
"bivt",0.005,1000,"0.01",TRUE,0.013,-0.00434224339288351
"bivt",0.005,1000,"0.05",TRUE,0.008,-0.00352964079814408
"bivt",0.005,1000,"0.1",TRUE,0.007,-0.00332815313728408
"bivt",0.005,1000,"0.01",TRUE,0.01,-0.00392616816365659
"bivt",0.005,1000,"0.05",TRUE,0.01,-0.00420849532350945
"bivt",0.005,1000,"0.1",TRUE,0.009,-0.00409807114054508
"bivt",0.005,1000,"0.01",TRUE,0.013,-0.00436515583738162
"bivt",0.005,1000,"0.05",TRUE,0.01,-0.00367885952433632
"bivt",0.005,1000,"0.1",TRUE,0.009,-0.00356120746048993
"bivt",0.005,1000,"0.01",TRUE,0.0120049999999999,-0.00396231015863961
"bivt",0.005,1000,"0.05",TRUE,0.00602499999999986,-0.00422082708044035
"bivt",0.005,1000,"0.1",TRUE,0.00498869627820384,-0.0041496020527834
"bivt",0.005,1000,"0.01",TRUE,0.009,-0.0043914152140551
"bivt",0.005,1000,"0.05",TRUE,0.007,-0.0035822594248447
"bivt",0.005,1000,"0.1",TRUE,0.006,-0.00355641446184404
"bivt",0.005,1000,"0.01",TRUE,0.009,-0.00397496805170565
"bivt",0.005,1000,"0.05",TRUE,0.007,-0.0034024319673773
"bivt",0.005,1000,"0.1",TRUE,0.006,-0.00334514306540217
"bivt",0.005,1000,"0.01",TRUE,0.009,-0.00369984838350445
"bivt",0.005,1000,"0.05",TRUE,0.008,-0.00334361783258945
"bivt",0.005,1000,"0.1",TRUE,0.007,-0.00314940840571222
"bivt",0.005,1000,"0.01",TRUE,0.01,-0.00355948574609922
"bivt",0.005,1000,"0.05",TRUE,0.007,-0.00354593984831496
"bivt",0.005,1000,"0.1",TRUE,0.007,-0.00337069905853741
"bivt",0.005,1000,"0.01",TRUE,0.009,-0.00386296452193033
"bivt",0.005,1000,"0.05",TRUE,0.009,-0.00368564035870134
"bivt",0.005,1000,"0.1",TRUE,0.008,-0.00358542832636924
"bivt",0.005,1000,"0.01",TRUE,0.012,-0.00420433561094625
"bivt",0.005,1000,"0.05",TRUE,0.01,-0.00403651084183298
"bivt",0.005,1000,"0.1",TRUE,0.009,-0.00401361028938762
"bivt",0.005,1000,"0.01",TRUE,0.012,-0.00421137830806213
"bivt",0.005,1000,"0.05",TRUE,0.008,-0.00394404943803309
"bivt",0.005,1000,"0.1",TRUE,0.007,-0.00379797133684652
"bivt",0.005,1000,"0.01",TRUE,0.01,-0.00424272002382421
"bivt",0.005,1000,"0.05",TRUE,0.009,-0.00387000040153041
"bivt",0.005,1000,"0.1",TRUE,0.008,-0.00382421348103087
"bivt",0.005,1000,"0.01",TRUE,0.012,-0.00408480644721634
"bivt",0.005,1000,"0.05",TRUE,0.008,-0.00334534532275973
"bivt",0.005,1000,"0.1",FALSE,0.007,-0.00322274818754872
"bivt",0.005,1000,"0.01",TRUE,0.01,-0.00366776260888689
"bivt",0.005,1000,"0.05",TRUE,0.008,-0.00353345335469443
"bivt",0.005,1000,"0.1",FALSE,0.007,-0.00333599735369457
"bivt",0.005,1000,"0.01",TRUE,0.0100049999999999,-0.00370628079323586
"bivt",0.005,1000,"0.05",TRUE,0.00902499999999986,-0.0035875583670374
"bivt",0.005,1000,"0.1",TRUE,0.008,-0.00341026332940248
"bivt",0.005,1000,"0.01",TRUE,0.012,-0.00414063226410234
"bivt",0.005,1000,"0.05",TRUE,0.008,-0.00392651276051567
"bivt",0.005,1000,"0.1",TRUE,0.007,-0.00374843844381658
"bivt",0.005,1000,"0.01",TRUE,0.009,-0.00412183554753779
"bivt",0.005,1000,"0.05",TRUE,0.00421008248617112,-0.00342242227343985
"bivt",0.005,1000,"0.1",TRUE,0.00369368000574412,-0.00332307034811588
"bivt",0.005,1000,"0.01",TRUE,0.007,-0.00392114577565727
"bivt",0.005,1000,"0.05",TRUE,0.01,-0.00403903617141031
"bivt",0.005,1000,"0.1",TRUE,0.009,-0.00396305734792951
"bivt",0.005,1000,"0.01",TRUE,0.012,-0.00431768906163545
"bivt",0.005,1000,"0.05",TRUE,0.007,-0.00365066592089613
"bivt",0.005,1000,"0.1",TRUE,0.006,-0.00360481438974668
"bivt",0.005,1000,"0.01",TRUE,0.008,-0.00384999428761804
"bivt",0.005,1000,"0.05",TRUE,0.008,-0.00411831655114882
"bivt",0.005,1000,"0.1",TRUE,0.007,-0.00393476495028292
"bivt",0.005,1000,"0.01",TRUE,0.011,-0.00426670544717438
"bivt",0.005,1000,"0.05",TRUE,0.006,-0.00358120215335691
"bivt",0.005,1000,"0.1",TRUE,0.00479586127627584,-0.00348134837711031
"bivt",0.005,1000,"0.01",TRUE,0.007,-0.00389248741074268
"bivt",0.005,1000,"0.05",TRUE,0.006,-0.00377061765723726
"bivt",0.005,1000,"0.1",TRUE,0.00461400875855026,-0.00362128692278883
"bivt",0.005,1000,"0.01",TRUE,0.008,-0.00400642371903043
"bivt",0.005,1000,"0.05",TRUE,0.007,-0.00372785042746038
"bivt",0.005,1000,"0.1",TRUE,0.006,-0.00369115079997405
"bivt",0.005,1000,"0.01",TRUE,0.008,-0.00390266108525495
"bivt",0.005,1000,"0.05",TRUE,0.007,-0.00359227409382499
"bivt",0.005,1000,"0.1",FALSE,0.007,-0.00350451086279541
"bivt",0.005,1000,"0.01",TRUE,0.009,-0.0037548214780475
"bivt",0.005,1000,"0.05",TRUE,0.008,-0.00359245669686225
"bivt",0.005,1000,"0.1",TRUE,0.007,-0.00342834677063838
"bivt",0.005,1000,"0.01",TRUE,0.01,-0.00381011535649609
"bivt",0.005,1000,"0.05",TRUE,0.008,-0.00355093168896276
"bivt",0.005,1000,"0.1",TRUE,0.007,-0.00344967143928235
"bivt",0.005,1000,"0.01",TRUE,0.009,-0.00368660380930539
"bivt",0.005,1000,"0.05",TRUE,0.009,-0.00408129898531286
"bivt",0.005,1000,"0.1",TRUE,0.008,-0.00382337559894059
"bivt",0.005,1000,"0.01",TRUE,0.011,-0.0042129962925148
"bivt",0.005,1000,"0.05",TRUE,0.009,-0.00389573607060052
"bivt",0.005,1000,"0.1",TRUE,0.008,-0.00369750808912912
"bivt",0.005,1000,"0.01",TRUE,0.012,-0.0041452751277555
"bivt",0.005,1000,"0.05",TRUE,0.008,-0.00340041451919918
"bivt",0.005,1000,"0.1",TRUE,0.007,-0.00319692680543838
"bivt",0.005,1000,"0.01",TRUE,0.01,-0.00358518629186898
"bivt",0.005,1000,"0.05",TRUE,0.00417087146849279,-0.00309958865651288
"bivt",0.005,1000,"0.1",TRUE,0.00351951955602671,-0.00283939233609771
"bivt",0.005,1000,"0.01",TRUE,0.008,-0.00347696297379188
"bivt",0.005,1000,"0.05",FALSE,0.009,-0.00416705711449693
"bivt",0.005,1000,"0.1",FALSE,0.008,-0.00394215686140066
"bivt",0.005,1000,"0.01",FALSE,0.011,-0.00428793165934292
"bivt",0.005,1000,"0.05",TRUE,0.009,-0.00366942453955869
"bivt",0.005,1000,"0.1",TRUE,0.008,-0.00349455963062589
"bivt",0.005,1000,"0.01",TRUE,0.011,-0.00397356754260992
"bivt",0.005,1000,"0.05",TRUE,0.008,-0.00325654388190371
"bivt",0.005,1000,"0.1",TRUE,0.007,-0.00302469794243582
"bivt",0.005,1000,"0.01",TRUE,0.01,-0.00355735446857394
"bivt",0.005,1000,"0.05",TRUE,0.007,-0.00350675490527077
"bivt",0.005,1000,"0.1",TRUE,0.006,-0.00340571986963783
"bivt",0.005,1000,"0.01",TRUE,0.008,-0.00384545604492523
"bivt",0.005,1000,"0.05",TRUE,0.008,-0.00359593362437003
"bivt",0.005,1000,"0.1",TRUE,0.007,-0.0034701498072198
"bivt",0.005,1000,"0.01",TRUE,0.01,-0.00374844204503245
"bivt",0.005,1000,"0.05",TRUE,0.007,-0.00360905561745822
"bivt",0.005,1000,"0.1",TRUE,0.006,-0.00346195225355777
"bivt",0.005,1000,"0.01",TRUE,0.00900499999999988,-0.00382205381089497
"bivt",0.005,1000,"0.05",TRUE,0.007,-0.00376934444996333
"bivt",0.005,1000,"0.1",TRUE,0.006,-0.00355455918792435
"bivt",0.005,1000,"0.01",TRUE,0.009,-0.0039326194886906
"bivt",0.005,1000,"0.05",TRUE,0.006,-0.0035297357493417
"bivt",0.005,1000,"0.1",TRUE,0.006,-0.00343122776895804
"bivt",0.005,1000,"0.01",TRUE,0.008,-0.00365920344446516
"bivt",0.005,1000,"0.05",TRUE,0.011,-0.00448348508673556
"bivt",0.005,1000,"0.1",TRUE,0.01,-0.004411302454603
"bivt",0.005,1000,"0.01",TRUE,0.0120049999999999,-0.00457462470718251
"bivt",0.005,1000,"0.05",TRUE,0.007,-0.003341040713755
"bivt",0.005,1000,"0.1",TRUE,0.006,-0.00310596326506301
"bivt",0.005,1000,"0.01",TRUE,0.00800499999999988,-0.00353303558984826
"bivt",0.005,1000,"0.05",TRUE,0.008,-0.00368865949380768
"bivt",0.005,1000,"0.1",TRUE,0.007,-0.00359366416299693
"bivt",0.005,1000,"0.01",TRUE,0.01,-0.00386177629492423
"bivt",0.005,1000,"0.05",TRUE,0.006,-0.00415232673526397
"bivt",0.005,1000,"0.1",TRUE,0.006,-0.00394701605660409
"bivt",0.005,1000,"0.01",TRUE,0.008,-0.00438249661372698
"bivt",0.005,1000,"0.05",TRUE,0.009,-0.00394418199651729
"bivt",0.005,1000,"0.1",TRUE,0.008,-0.00383666842894785
"bivt",0.005,1000,"0.01",TRUE,0.01,-0.00404985824474029
"bivt",0.005,1000,"0.05",TRUE,0.008,-0.00391495991726466
"bivt",0.005,1000,"0.1",TRUE,0.007,-0.00379810469183077
"bivt",0.005,1000,"0.01",TRUE,0.01,-0.00404495608688994
"bivt",0.005,1000,"0.05",TRUE,0.009,-0.00337032827567598
"bivt",0.005,1000,"0.1",TRUE,0.008,-0.00327905411567227
"bivt",0.005,1000,"0.01",TRUE,0.011,-0.00370510827935919
"bivt",0.005,1000,"0.05",TRUE,0.009,-0.0040045898014915
"bivt",0.005,1000,"0.1",TRUE,0.008,-0.00366760979661395
"bivt",0.005,1000,"0.01",TRUE,0.0100049999999999,-0.00409384114817596
"bivt",0.005,1000,"0.05",TRUE,0.006,-0.00394255468389026
"bivt",0.005,1000,"0.1",TRUE,0.00485421094097289,-0.00387267186763673
"bivt",0.005,1000,"0.01",TRUE,0.008,-0.0041623249262605
"bivt",0.005,1000,"0.05",TRUE,0.006,-0.00303140892604289
"bivt",0.005,1000,"0.1",TRUE,0.006,-0.00290093273974839
"bivt",0.005,1000,"0.01",TRUE,0.00800499999999988,-0.00341960975770393
"bivt",0.005,1000,"0.05",TRUE,0.007,-0.00358162669006274
"bivt",0.005,1000,"0.1",TRUE,0.006,-0.00347919371664649
"bivt",0.005,1000,"0.01",TRUE,0.009,-0.00375852039430607
"bivt",0.005,1000,"0.05",TRUE,0.007,-0.00370924245882074
"bivt",0.005,1000,"0.1",TRUE,0.006,-0.00364799842355501
"bivt",0.005,1000,"0.01",TRUE,0.008,-0.00395877649254983
"bivt",0.005,1000,"0.05",TRUE,0.007,-0.00391129392115907
"bivt",0.005,1000,"0.1",TRUE,0.006,-0.00385892775330918
"bivt",0.005,1000,"0.01",TRUE,0.009,-0.0040015081058246
"bivt",0.005,1000,"0.05",TRUE,0.009,-0.00408791983556434
"bivt",0.005,1000,"0.1",TRUE,0.008,-0.00385271812360506
"bivt",0.005,1000,"0.01",TRUE,0.011,-0.00432205760792892
"bivt",0.005,1000,"0.05",TRUE,0.01,-0.00393970362957853
"bivt",0.005,1000,"0.1",TRUE,0.009,-0.00381839952897075
"bivt",0.005,1000,"0.01",TRUE,0.012,-0.0042488643808536
"bivt",0.005,1000,"0.05",TRUE,0.007,-0.00314167833566358
"bivt",0.005,1000,"0.1",TRUE,0.006,-0.00297173414484121
"bivt",0.005,1000,"0.01",TRUE,0.009,-0.00342750577071148
"bivt",0.005,1000,"0.05",TRUE,0.008,-0.00366363927976086
"bivt",0.005,1000,"0.1",TRUE,0.008,-0.00360991765412239
"bivt",0.005,1000,"0.01",TRUE,0.01,-0.0038543574656002
"bivt",0.005,1000,"0.05",TRUE,0.006,-0.00351302912273162
"bivt",0.005,1000,"0.1",TRUE,0.0045810941717648,-0.00331529976251683
"bivt",0.005,1000,"0.01",TRUE,0.008,-0.00368389429910845
"bivt",0.005,1000,"0.05",TRUE,0.008,-0.00399726163101153
"bivt",0.005,1000,"0.1",TRUE,0.007,-0.00385088895097049
"bivt",0.005,1000,"0.01",TRUE,0.011,-0.00414055517706006
"bivt",0.005,1000,"0.05",TRUE,0.01,-0.00375572879512389
"bivt",0.005,1000,"0.1",TRUE,0.009,-0.00355177714304306
"bivt",0.005,1000,"0.01",TRUE,0.013,-0.00399614226981704
"bivt",0.005,1000,"0.05",TRUE,0.006,-0.00382009235226543
"bivt",0.005,1000,"0.1",TRUE,0.006,-0.00359020257674006
"bivt",0.005,1000,"0.01",TRUE,0.008,-0.0039182814248601
"bivt",0.005,1000,"0.05",TRUE,0.009,-0.00373280338405673
"bivt",0.005,1000,"0.1",TRUE,0.008,-0.00363193717490041
"bivt",0.005,1000,"0.01",TRUE,0.011,-0.00391122609136403
"bivt",0.005,1000,"0.05",TRUE,0.007,-0.00370744634760373
"bivt",0.005,1000,"0.1",TRUE,0.006,-0.00358630015986039
"bivt",0.005,1000,"0.01",TRUE,0.009,-0.00389203043223748
"bivt",0.005,1000,"0.05",TRUE,0.008,-0.00335963990677605
"bivt",0.005,1000,"0.1",TRUE,0.007,-0.0032296437001001
"bivt",0.005,1000,"0.01",TRUE,0.01,-0.00357404124918755
"bivt",0.005,1000,"0.05",TRUE,0.008,-0.00384217202714653
"bivt",0.005,1000,"0.1",TRUE,0.007,-0.00378206793317775
"bivt",0.005,1000,"0.01",TRUE,0.01,-0.00408117577003007
"bivt",0.005,1000,"0.05",TRUE,0.007,-0.00367341532691236
"bivt",0.005,1000,"0.1",TRUE,0.006,-0.00360991768224171
"bivt",0.005,1000,"0.01",TRUE,0.00800499999999988,-0.00380788728360769
"bivt",0.005,1000,"0.05",TRUE,0.007,-0.00382427045687061
"bivt",0.005,1000,"0.1",TRUE,0.006,-0.00348906857085777
"bivt",0.005,1000,"0.01",TRUE,0.009,-0.00391948679658337
"bivt",0.005,1000,"0.05",TRUE,0.01,-0.00368156498618179
"bivt",0.005,1000,"0.1",TRUE,0.009,-0.0036198135277436
"bivt",0.005,1000,"0.01",TRUE,0.011,-0.00396752951218136
"bivt",0.005,1000,"0.05",TRUE,0.00485663838851271,-0.00350047383699326
"bivt",0.005,1000,"0.1",TRUE,0.00346533416118018,-0.00339374576258091
"bivt",0.005,1000,"0.01",TRUE,0.007,-0.00366859636946305
"bivt",0.005,1000,"0.05",TRUE,0.008,-0.00375257151006863
"bivt",0.005,1000,"0.1",TRUE,0.007,-0.00365084064553961
"bivt",0.005,1000,"0.01",TRUE,0.01,-0.00391343321474828
"bivt",0.005,1000,"0.05",FALSE,0.009,-0.00349647958784207
"bivt",0.005,1000,"0.1",FALSE,0.008,-0.00339899246206096
"bivt",0.005,1000,"0.01",TRUE,0.012,-0.00397499292796272
"bivt",0.005,1000,"0.05",TRUE,0.008,-0.00396188623207859
"bivt",0.005,1000,"0.1",TRUE,0.007,-0.0034068917985421
"bivt",0.005,1000,"0.01",TRUE,0.00900499999999988,-0.00409549032090802
"bivt",0.005,1000,"0.05",TRUE,0.008,-0.00402312135923203
"bivt",0.005,1000,"0.1",TRUE,0.007,-0.00391858919570206
"bivt",0.005,1000,"0.01",TRUE,0.01,-0.00440395430997144
"bivt",0.005,1000,"0.05",TRUE,0.009,-0.00368578365723741
"bivt",0.005,1000,"0.1",TRUE,0.008,-0.00364252117972846
"bivt",0.005,1000,"0.01",TRUE,0.012,-0.00385161248105373
"bivt",0.005,1000,"0.05",TRUE,0.007,-0.00424043364516049
"bivt",0.005,1000,"0.1",TRUE,0.006,-0.00419989874547352
"bivt",0.005,1000,"0.01",TRUE,0.009,-0.00440337565131948
"bivt",0.005,1000,"0.05",TRUE,0.01,-0.00415133519210909
"bivt",0.005,1000,"0.1",TRUE,0.008,-0.00394861101025244
"bivt",0.005,1000,"0.01",TRUE,0.011,-0.0042882859959389
"bivt",0.005,1000,"0.05",TRUE,0.009,-0.00353345514959978
"bivt",0.005,1000,"0.1",TRUE,0.008,-0.00338569661170786
"bivt",0.005,1000,"0.01",TRUE,0.011,-0.00362815512147016
"bivt",0.005,1000,"0.05",TRUE,0.007,-0.00365116121203541
"bivt",0.005,1000,"0.1",TRUE,0.006,-0.00352949274172849
"bivt",0.005,1000,"0.01",TRUE,0.009,-0.00408796385655647
"bivt",0.005,1000,"0.05",TRUE,0.007,-0.00381885928454033
"bivt",0.005,1000,"0.1",TRUE,0.006,-0.00366243987092797
"bivt",0.005,1000,"0.01",TRUE,0.00800499999999988,-0.00395152225340543
"bivt",0.005,1000,"0.05",TRUE,0.009,-0.00394187306568791
"bivt",0.005,1000,"0.1",TRUE,0.008,-0.0038535157570878
"bivt",0.005,1000,"0.01",TRUE,0.011,-0.00422325788317101
"bivt",0.005,1000,"0.05",TRUE,0.008,-0.00360371561891178
"bivt",0.005,1000,"0.1",TRUE,0.007,-0.00334073809212899
"bivt",0.005,1000,"0.01",TRUE,0.01,-0.00375086143127891
"bivt",0.005,1000,"0.05",TRUE,0.006,-0.0032076700847706
"bivt",0.005,1000,"0.1",TRUE,0.00347439203052899,-0.00302386955332134
"bivt",0.005,1000,"0.01",TRUE,0.008,-0.00338546932573652
"bivt",0.005,1000,"0.05",TRUE,0.00399943704479202,-0.00344374203960353
"bivt",0.005,1000,"0.1",TRUE,0.00372840306226127,-0.00342601833315638
"bivt",0.005,1000,"0.01",TRUE,0.00433173841065869,-0.00368107876762984
"bivt",0.005,1000,"0.05",TRUE,0.008,-0.00384405671306933
"bivt",0.005,1000,"0.1",TRUE,0.007,-0.00383577755266854
"bivt",0.005,1000,"0.01",TRUE,0.009,-0.0039885666653682
"bivt",0.005,1000,"0.05",TRUE,0.009,-0.00377804147643244
"bivt",0.005,1000,"0.1",TRUE,0.008,-0.00354879313604887
"bivt",0.005,1000,"0.01",TRUE,0.0100049999999999,-0.00396717266216142
"bivt",0.005,1000,"0.05",TRUE,0.006,-0.00321726608648604
"bivt",0.005,1000,"0.1",TRUE,0.00404408804874782,-0.00308931944285847
"bivt",0.005,1000,"0.01",TRUE,0.007,-0.00359617771231675
"bivt",0.005,1000,"0.05",TRUE,0.006,-0.00320738140783211
"bivt",0.005,1000,"0.1",TRUE,0.00377274021670315,-0.00312354678700896
"bivt",0.005,1000,"0.01",TRUE,0.007,-0.00381329400171185
"bivt",0.005,1000,"0.05",TRUE,0.008,-0.00386556492208883
"bivt",0.005,1000,"0.1",FALSE,0.007,-0.00348671002987403
"bivt",0.005,1000,"0.01",TRUE,0.01,-0.00397623195216897
"bivt",0.005,1000,"0.05",TRUE,0.00398469363326886,-0.00359016100658218
"bivt",0.005,1000,"0.1",TRUE,0.00348295842043086,-0.00340620557317813
"bivt",0.005,1000,"0.01",TRUE,0.007,-0.00388442238584398
"bivt",0.005,1000,"0.05",TRUE,0.007,-0.00362138233257584
"bivt",0.005,1000,"0.1",TRUE,0.006,-0.00343029303833763
"bivt",0.005,1000,"0.01",TRUE,0.009,-0.00407837067744185
"bivt",0.005,1000,"0.05",TRUE,0.008,-0.0036846689802239
"bivt",0.005,1000,"0.1",TRUE,0.007,-0.00355387776174374
"bivt",0.005,1000,"0.01",TRUE,0.01,-0.00389292878536845
"bivt",0.005,1000,"0.05",TRUE,0.008,-0.00410749297529463
"bivt",0.005,1000,"0.1",TRUE,0.007,-0.00403540497776441
"bivt",0.005,1000,"0.01",TRUE,0.01,-0.00436145336699449
"bivt",0.005,1000,"0.05",TRUE,0.006,-0.00344050566950918
"bivt",0.005,1000,"0.1",TRUE,0.00460943357813306,-0.00339076521161402
"bivt",0.005,1000,"0.01",TRUE,0.008,-0.00368250220916225
"bivt",0.005,1000,"0.05",TRUE,0.008,-0.00335942717094991
"bivt",0.005,1000,"0.1",TRUE,0.007,-0.00315732538663433
"bivt",0.005,1000,"0.01",TRUE,0.01,-0.0035988244896946
"bivt",0.005,1000,"0.05",TRUE,0.006,-0.00366992264652612
"bivt",0.005,1000,"0.1",TRUE,0.00410517049962331,-0.00346400634533333
"bivt",0.005,1000,"0.01",TRUE,0.008,-0.00416401951059
"bivt",0.005,1000,"0.05",TRUE,0.007,-0.00366727000020774
"bivt",0.005,1000,"0.1",TRUE,0.006,-0.00331174994180295
"bivt",0.005,1000,"0.01",TRUE,0.009,-0.00385211947682724
"bivt",0.005,1000,"0.05",TRUE,0.006,-0.00381625077304115
"bivt",0.005,1000,"0.1",TRUE,0.00378734928543696,-0.00370190514038886
"bivt",0.005,1000,"0.01",TRUE,0.008,-0.00392781343948578
"bivt",0.005,1000,"0.05",TRUE,0.011,-0.00395098835941419
"bivt",0.005,1000,"0.1",TRUE,0.01,-0.00389301359345327
"bivt",0.005,1000,"0.01",TRUE,0.013,-0.00408963372076331
"bivt",0.005,1000,"0.05",TRUE,0.009,-0.00352625452262871
"bivt",0.005,1000,"0.1",TRUE,0.008,-0.00337700869067956
"bivt",0.005,1000,"0.01",TRUE,0.01,-0.00374741318657327
"bivt",0.005,1000,"0.05",TRUE,0.009,-0.00378055831801379
"bivt",0.005,1000,"0.1",TRUE,0.008,-0.00368351693828532
"bivt",0.005,1000,"0.01",TRUE,0.011,-0.00395665581089692
"bivt",0.005,1000,"0.05",TRUE,0.01,-0.00369766058202053
"bivt",0.005,1000,"0.1",TRUE,0.009,-0.00352716271921364
"bivt",0.005,1000,"0.01",TRUE,0.012,-0.00379417320322243
"bivt",0.005,1000,"0.05",TRUE,0.009,-0.00364721797219672
"bivt",0.005,1000,"0.1",TRUE,0.008,-0.00347248803336836
"bivt",0.005,1000,"0.01",TRUE,0.01,-0.00375942176265447
"bivt",0.005,1000,"0.05",TRUE,0.007,-0.00420883323661156
"bivt",0.005,1000,"0.1",TRUE,0.006,-0.00414734202718782
"bivt",0.005,1000,"0.01",TRUE,0.01,-0.00435583219013647
"bivt",0.005,1000,"0.05",FALSE,0.00322148784926109,-0.00310362193173491
"bivt",0.005,1000,"0.1",FALSE,0.00316755679197823,-0.00290674534679743
"bivt",0.005,1000,"0.01",TRUE,0.00389534834816768,-0.00388351563273716
"bivt",0.005,1000,"0.05",TRUE,0.01,-0.00372464172961212
"bivt",0.005,1000,"0.1",TRUE,0.009,-0.00364727114263515
"bivt",0.005,1000,"0.01",TRUE,0.012,-0.0040452819321331
"bivt",0.005,1000,"0.05",TRUE,0.006,-0.00383539890937471
"bivt",0.005,1000,"0.1",TRUE,0.00434962683684761,-0.00380334517218647
"bivt",0.005,1000,"0.01",TRUE,0.007,-0.0040934428441241
"bivt",0.005,1000,"0.05",TRUE,0.009,-0.00398593947502289
"bivt",0.005,1000,"0.1",TRUE,0.008,-0.00388692023359083
"bivt",0.005,1000,"0.01",TRUE,0.011,-0.00417046282909382
"bivt",0.005,1000,"0.05",TRUE,0.008,-0.00350056711657035
"bivt",0.005,1000,"0.1",TRUE,0.007,-0.00340781669254291
"bivt",0.005,1000,"0.01",TRUE,0.01,-0.00391964714820266
"bivt",0.005,1000,"0.05",TRUE,0.008,-0.00358433850033826
"bivt",0.005,1000,"0.1",TRUE,0.006,-0.00348614785639642
"bivt",0.005,1000,"0.01",TRUE,0.01,-0.00385239781502419
"bivt",0.005,1000,"0.05",TRUE,0.009,-0.00380462604140636
"bivt",0.005,1000,"0.1",TRUE,0.008,-0.00368624164084739
"bivt",0.005,1000,"0.01",TRUE,0.011,-0.0039941907094677
"bivt",0.005,1000,"0.05",TRUE,0.00702499999999986,-0.00345137820523985
"bivt",0.005,1000,"0.1",TRUE,0.006,-0.003178133634869
"bivt",0.005,1000,"0.01",TRUE,0.00900499999999988,-0.00381806900305562
"bivt",0.005,1000,"0.05",TRUE,0.006,-0.00414941099466415
"bivt",0.005,1000,"0.1",TRUE,0.00479926981228466,-0.00407476619644473
"bivt",0.005,1000,"0.01",TRUE,0.008,-0.00429297181953764
"bivt",0.005,1000,"0.05",TRUE,0.008,-0.00353294767981551
"bivt",0.005,1000,"0.1",TRUE,0.007,-0.00349485957838617
"bivt",0.005,1000,"0.01",TRUE,0.009,-0.00395103417566285
"bivt",0.005,1000,"0.05",TRUE,0.009,-0.00359572372039058
"bivt",0.005,1000,"0.1",TRUE,0.008,-0.00342562190538263
"bivt",0.005,1000,"0.01",TRUE,0.01,-0.00383672002933734
"bivt",0.005,1000,"0.05",FALSE,0.00463846761608519,-0.00421335775559444
"bivt",0.005,1000,"0.1",FALSE,0.00341226743085156,-0.00394348541385399
"bivt",0.005,1000,"0.01",FALSE,0.00700499999999988,-0.00451212930322401
"bivt",0.005,1000,"0.05",TRUE,0.007,-0.00337893383411432
"bivt",0.005,1000,"0.1",TRUE,0.006,-0.00332793130509119
"bivt",0.005,1000,"0.01",TRUE,0.008,-0.00349376067708582
"bivt",0.005,1000,"0.05",TRUE,0.009,-0.00368384502088716
"bivt",0.005,1000,"0.1",TRUE,0.008,-0.00351906161820554
"bivt",0.005,1000,"0.01",TRUE,0.011,-0.00397758240114398
"bivt",0.005,1000,"0.05",TRUE,0.006,-0.00356318965367548
"bivt",0.005,1000,"0.1",TRUE,0.00362581481688702,-0.00354043365472243
"bivt",0.005,1000,"0.01",TRUE,0.008,-0.00373666411284533
"bivt",0.005,1000,"0.05",TRUE,0.007,-0.00338298661352307
"bivt",0.005,1000,"0.1",FALSE,0.006,-0.00321920479779485
"bivt",0.005,1000,"0.01",TRUE,0.008,-0.00375566685775295
"bivt",0.005,1000,"0.05",TRUE,0.008,-0.0033034778455156
"bivt",0.005,1000,"0.1",TRUE,0.007,-0.00318967239643645
"bivt",0.005,1000,"0.01",TRUE,0.01,-0.00363468523989906
"bivt",0.005,1000,"0.05",TRUE,0.009,-0.00382347219406326
"bivt",0.005,1000,"0.1",TRUE,0.008,-0.00376055422665542
"bivt",0.005,1000,"0.01",TRUE,0.0100049999999999,-0.00413049587761036
"bivt",0.005,1000,"0.05",FALSE,0.00415295186600643,-0.00331102873059595
"bivt",0.005,1000,"0.1",FALSE,0.00381973477984979,-0.00323087557563598
"bivt",0.005,1000,"0.01",TRUE,0.007,-0.00343954838029538
"bivt",0.005,1000,"0.05",TRUE,0.01,-0.00335551057534805
"bivt",0.005,1000,"0.1",TRUE,0.009,-0.00316977543221302
"bivt",0.005,1000,"0.01",TRUE,0.012,-0.00359755157503087
"bivt",0.005,1000,"0.05",TRUE,0.009,-0.00366888881040456
"bivt",0.005,1000,"0.1",TRUE,0.008,-0.00358146182091861
"bivt",0.005,1000,"0.01",TRUE,0.011,-0.0040030266959164
"bivt",0.005,1000,"0.05",TRUE,0.011,-0.00381303322793523
"bivt",0.005,1000,"0.1",TRUE,0.01,-0.00362212500972606
"bivt",0.005,1000,"0.01",TRUE,0.013,-0.00400392714987996
"bivt",0.005,1000,"0.05",TRUE,0.00702499999999986,-0.00353774779304265
"bivt",0.005,1000,"0.1",TRUE,0.007,-0.00337160797348572
"bivt",0.005,1000,"0.01",TRUE,0.009,-0.00400772744918659
"bivt",0.005,1000,"0.05",TRUE,0.00802499999999986,-0.00399919211594788
"bivt",0.005,1000,"0.1",TRUE,0.008,-0.00390152689642526
"bivt",0.005,1000,"0.01",TRUE,0.011,-0.00416329965251865
"bivt",0.005,1000,"0.05",TRUE,0.009,-0.00342830305834422
"bivt",0.005,1000,"0.1",TRUE,0.008,-0.00323467738013817
"bivt",0.005,1000,"0.01",TRUE,0.01,-0.00368748351835266
"bivt",0.005,1000,"0.05",TRUE,0.008,-0.00368284858075241
"bivt",0.005,1000,"0.1",TRUE,0.007,-0.00348572715514092
"bivt",0.005,1000,"0.01",TRUE,0.01,-0.00385486246372708
"bivt",0.005,1000,"0.05",TRUE,0.009,-0.0038006120816815
"bivt",0.005,1000,"0.1",TRUE,0.008,-0.00359840938746553
"bivt",0.005,1000,"0.01",TRUE,0.011,-0.00398016528862819
"bivt",0.005,1000,"0.05",TRUE,0.00902499999999986,-0.00371345007332987
"bivt",0.005,1000,"0.1",TRUE,0.009,-0.0036128371739438
"bivt",0.005,1000,"0.01",TRUE,0.011,-0.00399175037045095
"bivt",0.005,1000,"0.05",TRUE,0.008,-0.00372609050186811
"bivt",0.005,1000,"0.1",TRUE,0.007,-0.00353853392174586
"bivt",0.005,1000,"0.01",TRUE,0.01,-0.00405857948039356
"bivt",0.005,1000,"0.05",TRUE,0.008,-0.00359695053754322
"bivt",0.005,1000,"0.1",TRUE,0.007,-0.00337036981745883
"bivt",0.005,1000,"0.01",TRUE,0.009,-0.00367190553342233
"bivt",0.005,1000,"0.05",TRUE,0.007,-0.00399377851003966
"bivt",0.005,1000,"0.1",TRUE,0.006,-0.00386875016498386
"bivt",0.005,1000,"0.01",TRUE,0.00800499999999988,-0.00420797843449879
"bivt",0.005,1000,"0.05",TRUE,0.006,-0.00368801122091098
"bivt",0.005,1000,"0.1",TRUE,0.006,-0.00356664804086008
"bivt",0.005,1000,"0.01",TRUE,0.008,-0.00389361548664205
"bivt",0.005,1000,"0.05",TRUE,0.007,-0.00370498075570053
"bivt",0.005,1000,"0.1",TRUE,0.006,-0.003488627872368
"bivt",0.005,1000,"0.01",TRUE,0.009,-0.00404618661001386
"bivt",0.005,1000,"0.05",TRUE,0.006,-0.00397033731196956
"bivt",0.005,1000,"0.1",TRUE,0.00414285828210364,-0.00362795006761627
"bivt",0.005,1000,"0.01",TRUE,0.00700499999999988,-0.00413713395891809
"bivt",0.005,1000,"0.05",TRUE,0.009,-0.00358744582739851
"bivt",0.005,1000,"0.1",TRUE,0.008,-0.00341109712949642
"bivt",0.005,1000,"0.01",TRUE,0.011,-0.00385508178970163
"bivt",0.005,1000,"0.05",TRUE,0.00396975171926189,-0.00374386493574582
"bivt",0.005,1000,"0.1",TRUE,0.00330704943492515,-0.00355128110428745
"bivt",0.005,1000,"0.01",TRUE,0.00493794014260205,-0.00388825897834663
"bivt",0.005,1000,"0.05",TRUE,0.006,-0.00353464321069671
"bivt",0.005,1000,"0.1",TRUE,0.00470683594723007,-0.00338406098371398
"bivt",0.005,1000,"0.01",TRUE,0.008,-0.00358969954438962
"bivt",0.005,1000,"0.05",FALSE,0.008,-0.00327256352657819
"bivt",0.005,1000,"0.1",FALSE,0.007,-0.00304055422870719
"bivt",0.005,1000,"0.01",TRUE,0.01,-0.00367931254779926
"bivt",0.005,1000,"0.05",TRUE,0.01,-0.00387685931343724
"bivt",0.005,1000,"0.1",TRUE,0.009,-0.00377027816582587
"bivt",0.005,1000,"0.01",TRUE,0.013,-0.00416657697744569
"bivt",0.005,1000,"0.05",TRUE,0.008,-0.0039603785980301
"bivt",0.005,1000,"0.1",TRUE,0.007,-0.00383819660817628
"bivt",0.005,1000,"0.01",TRUE,0.01,-0.00412742198092813
"bivt",0.005,1000,"0.05",TRUE,0.008,-0.00381009015851112
"bivt",0.005,1000,"0.1",TRUE,0.007,-0.00356596682638906
"bivt",0.005,1000,"0.01",TRUE,0.01,-0.00414486794295465
"bivt",0.005,1000,"0.05",TRUE,0.007,-0.00364152987185297
"bivt",0.005,1000,"0.1",TRUE,0.006,-0.0035722116744697
"bivt",0.005,1000,"0.01",TRUE,0.009,-0.00386924037175482
"bivt",0.005,1000,"0.05",TRUE,0.007,-0.00345242622155986
"bivt",0.005,1000,"0.1",TRUE,0.006,-0.00333962269042306
"bivt",0.005,1000,"0.01",TRUE,0.009,-0.00364746446811685
"bivt",0.005,1000,"0.05",TRUE,0.008,-0.0039763358551202
"bivt",0.005,1000,"0.1",TRUE,0.007,-0.00369689709179301
"bivt",0.005,1000,"0.01",TRUE,0.01,-0.00411978001211713
"bivt",0.005,1000,"0.05",TRUE,0.01,-0.00376930134445486
"bivt",0.005,1000,"0.1",TRUE,0.01,-0.00369461579930453
"bivt",0.005,1000,"0.01",TRUE,0.012,-0.00396753146896738
"bivt",0.005,1000,"0.05",TRUE,0.007,-0.00381790803737115
"bivt",0.005,1000,"0.1",TRUE,0.006,-0.0037810543765861
"bivt",0.005,1000,"0.01",TRUE,0.009,-0.00404810839218842
"bivt",0.005,1000,"0.05",TRUE,0.006,-0.00313825854711786
"bivt",0.005,1000,"0.1",TRUE,0.00440438349621233,-0.0029003104650266
"bivt",0.005,1000,"0.01",TRUE,0.008,-0.0037328943137703
"bivt",0.005,1000,"0.05",TRUE,0.007,-0.00372335867274995
"bivt",0.005,1000,"0.1",TRUE,0.006,-0.00363364000112282
"bivt",0.005,1000,"0.01",TRUE,0.00800499999999988,-0.00381539851434855
"bivt",0.005,1000,"0.05",TRUE,0.01,-0.00354251383350414
"bivt",0.005,1000,"0.1",TRUE,0.009,-0.00343561949386799
"bivt",0.005,1000,"0.01",TRUE,0.0110049999999999,-0.00383554927215897
"bivt",0.005,1000,"0.05",TRUE,0.00448820424960537,-0.00349243503951396
"bivt",0.005,1000,"0.1",TRUE,0.00315713678593486,-0.00338908572139683
"bivt",0.005,1000,"0.01",TRUE,0.007,-0.00396661008636775
"bivt",0.005,1000,"0.05",TRUE,0.006,-0.00332447207943944
"bivt",0.005,1000,"0.1",FALSE,0.006,-0.00321493611235382
"bivt",0.005,1000,"0.01",TRUE,0.008,-0.00354403017615966
"bivt",0.005,1000,"0.05",TRUE,0.01,-0.00402786072390345
"bivt",0.005,1000,"0.1",TRUE,0.009,-0.00392777032968336
"bivt",0.005,1000,"0.01",TRUE,0.012,-0.0041558116677781
"bivt",0.005,1000,"0.05",TRUE,0.008,-0.0038088884497609
"bivt",0.005,1000,"0.1",TRUE,0.007,-0.00349986443118752
"bivt",0.005,1000,"0.01",TRUE,0.01,-0.00404070332343744
"bivt",0.005,1000,"0.05",TRUE,0.007,-0.00339605111631535
"bivt",0.005,1000,"0.1",TRUE,0.006,-0.0031880450105804
"bivt",0.005,1000,"0.01",TRUE,0.009,-0.00366615419759963
"bivt",0.005,1000,"0.05",TRUE,0.01,-0.00371744798396668
"bivt",0.005,1000,"0.1",TRUE,0.008,-0.00348727790894771
"bivt",0.005,1000,"0.01",TRUE,0.0110049999999999,-0.00405512489760542
"bivt",0.005,1000,"0.05",TRUE,0.01,-0.00415863898045238
"bivt",0.005,1000,"0.1",TRUE,0.009,-0.00410887264154891
"bivt",0.005,1000,"0.01",TRUE,0.013,-0.00421820045252445
"bivt",0.005,1000,"0.05",TRUE,0.009,-0.00349044428536805
"bivt",0.005,1000,"0.1",TRUE,0.008,-0.00326086813984427
"bivt",0.005,1000,"0.01",TRUE,0.011,-0.00357156328412987
"bivt",0.005,1000,"0.05",TRUE,0.007,-0.00354813482297958
"bivt",0.005,1000,"0.1",TRUE,0.006,-0.00334460322928161
"bivt",0.005,1000,"0.01",TRUE,0.009,-0.00384126143677596
"bivt",0.005,1000,"0.05",TRUE,0.008,-0.00336847531791642
"bivt",0.005,1000,"0.1",TRUE,0.007,-0.00328212498221171
"bivt",0.005,1000,"0.01",TRUE,0.00900499999999988,-0.00347425107981717
"bivt",0.005,1000,"0.05",TRUE,0.007,-0.00403221195798841
"bivt",0.005,1000,"0.1",TRUE,0.007,-0.00366905260533778
"bivt",0.005,1000,"0.01",TRUE,0.009,-0.00419351178998731
"bivt",0.005,1000,"0.05",TRUE,0.008,-0.00356784434635541
"bivt",0.005,1000,"0.1",TRUE,0.007,-0.0034098055390102
"bivt",0.005,1000,"0.01",TRUE,0.009,-0.00373062357877535
"bivt",0.005,1000,"0.05",TRUE,0.01,-0.00370408858188924
"bivt",0.005,1000,"0.1",TRUE,0.009,-0.00366338150318572
"bivt",0.005,1000,"0.01",TRUE,0.011,-0.00384245876110978
"bivt",0.005,1000,"0.05",TRUE,0.009,-0.00401884340885286
"bivt",0.005,1000,"0.1",TRUE,0.009,-0.00388524879234444
"bivt",0.005,1000,"0.01",TRUE,0.012,-0.00409479166389373
"bivt",0.005,1000,"0.05",TRUE,0.008,-0.00374847674231778
"bivt",0.005,1000,"0.1",TRUE,0.007,-0.00364361316288783
"bivt",0.005,1000,"0.01",TRUE,0.01,-0.00393859143761588
"bivt",0.005,1000,"0.05",TRUE,0.008,-0.0038132564861586
"bivt",0.005,1000,"0.1",TRUE,0.007,-0.00357666510502499
"bivt",0.005,1000,"0.01",TRUE,0.01,-0.00395189355587734
"bivt",0.005,1000,"0.05",TRUE,0.007,-0.00370114885634115
"bivt",0.005,1000,"0.1",TRUE,0.006,-0.00356618242920249
"bivt",0.005,1000,"0.01",TRUE,0.008,-0.00407412979279884
"bivt",0.005,1000,"0.05",TRUE,0.00496068665251782,-0.00391019002068401
"bivt",0.005,1000,"0.1",TRUE,0.00469000769445049,-0.00367300086644441
"bivt",0.005,1000,"0.01",TRUE,0.007,-0.00403456914426933
"bivt",0.005,1000,"0.05",TRUE,0.007,-0.00329682325904458
"bivt",0.005,1000,"0.1",TRUE,0.006,-0.00314666810564499
"bivt",0.005,1000,"0.01",TRUE,0.009,-0.0035266186215172
"bivt",0.005,1000,"0.05",TRUE,0.01,-0.00375325280021944
"bivt",0.005,1000,"0.1",TRUE,0.008,-0.00372188990507339
"bivt",0.005,1000,"0.01",TRUE,0.0110049999999999,-0.00411617111174595
"bivt",0.005,1000,"0.05",TRUE,0.01,-0.0039755769141718
"bivt",0.005,1000,"0.1",TRUE,0.009,-0.00373033551619667
"bivt",0.005,1000,"0.01",TRUE,0.012,-0.00411388198423931
"bivt",0.005,1000,"0.05",TRUE,0.007,-0.00370989857203973
"bivt",0.005,1000,"0.1",TRUE,0.007,-0.00328114117107942
"bivt",0.005,1000,"0.01",TRUE,0.01,-0.00395463930540656
"bivt",0.005,1000,"0.05",TRUE,0.008,-0.00392468168825843
"bivt",0.005,1000,"0.1",TRUE,0.007,-0.00368207894656381
"bivt",0.005,1000,"0.01",TRUE,0.00900499999999988,-0.00421435551271938
"bivt",0.005,1000,"0.05",TRUE,0.009,-0.00388346730024019
"bivt",0.005,1000,"0.1",FALSE,0.008,-0.00367461211371192
"bivt",0.005,1000,"0.01",TRUE,0.011,-0.0039733329162228
"bivt",0.005,1000,"0.05",TRUE,0.008,-0.00383859209672242
"bivt",0.005,1000,"0.1",TRUE,0.007,-0.00361824882468319
"bivt",0.005,1000,"0.01",TRUE,0.00900499999999988,-0.00410126184095056
"bivt",0.005,1000,"0.05",TRUE,0.008,-0.0032701613080604
"bivt",0.005,1000,"0.1",TRUE,0.007,-0.00315162476218874
"bivt",0.005,1000,"0.01",TRUE,0.009,-0.00358068844401948
"bivt",0.005,1000,"0.05",TRUE,0.008,-0.00373690616469876
"bivt",0.005,1000,"0.1",TRUE,0.007,-0.00364812912312391
"bivt",0.005,1000,"0.01",TRUE,0.009,-0.0038657756055936
"bivt",0.005,1000,"0.05",TRUE,0.008,-0.00375586704476608
"bivt",0.005,1000,"0.1",TRUE,0.007,-0.0036952054376682
"bivt",0.005,1000,"0.01",TRUE,0.01,-0.00411341648134289
"bivt",0.005,1000,"0.05",TRUE,0.009,-0.00350278050855373
"bivt",0.005,1000,"0.1",TRUE,0.008,-0.00320311003196392
"bivt",0.005,1000,"0.01",TRUE,0.012,-0.00404584942735489
"bivt",0.005,1000,"0.05",TRUE,0.008,-0.00367049293638231
"bivt",0.005,1000,"0.1",TRUE,0.007,-0.00351637865101664
"bivt",0.005,1000,"0.01",TRUE,0.01,-0.00391781201016734
"bivt",0.005,1000,"0.05",TRUE,0.007,-0.00383673949276571
"bivt",0.005,1000,"0.1",TRUE,0.006,-0.00350489535506105
"bivt",0.005,1000,"0.01",TRUE,0.01,-0.00405847100509281
"bivt",0.005,1000,"0.05",TRUE,0.00174145783955337,-0.00360141671914335
"bivt",0.005,1000,"0.1",FALSE,0.00148353757585829,-0.00329418936122418
"bivt",0.005,1000,"0.01",TRUE,0.00246869792690593,-0.00394318826206837
"bivt",0.005,1000,"0.05",TRUE,0.006,-0.00364646142994622
"bivt",0.005,1000,"0.1",TRUE,0.00496189668434666,-0.00351282173572438
"bivt",0.005,1000,"0.01",TRUE,0.007,-0.00389488586757335
"bivt",0.005,1000,"0.05",TRUE,0.009,-0.00355346679221985
"bivt",0.005,1000,"0.1",TRUE,0.008,-0.00349302233202708
"bivt",0.005,1000,"0.01",TRUE,0.011,-0.00393503286200257
"bivt",0.005,1000,"0.05",TRUE,0.01,-0.00409136817278143
"bivt",0.005,1000,"0.1",TRUE,0.008,-0.00396771636576809
"bivt",0.005,1000,"0.01",TRUE,0.0110049999999999,-0.00418127120888657
"bivt",0.005,1000,"0.05",TRUE,0.008,-0.00361075160607098
"bivt",0.005,1000,"0.1",TRUE,0.007,-0.0035263899739996
"bivt",0.005,1000,"0.01",TRUE,0.009,-0.00379793049551802
"bivt",0.005,1000,"0.05",TRUE,0.009,-0.003218337803387
"bivt",0.005,1000,"0.1",TRUE,0.008,-0.00307986833215413
"bivt",0.005,1000,"0.01",TRUE,0.0100049999999999,-0.00359368274420992
"bivt",0.005,1000,"0.05",TRUE,0.008,-0.00365888911853959
"bivt",0.005,1000,"0.1",TRUE,0.007,-0.00357374666127864
"bivt",0.005,1000,"0.01",TRUE,0.01,-0.00406296503944043
"bivt",0.005,1000,"0.05",TRUE,0.012,-0.00392969898031799
"bivt",0.005,1000,"0.1",TRUE,0.01,-0.00382636084179999
"bivt",0.005,1000,"0.01",TRUE,0.014,-0.00414574387872285
"bivt",0.005,1000,"0.05",TRUE,0.008,-0.00369983385274507
"bivt",0.005,1000,"0.1",TRUE,0.007,-0.00350672584836972
"bivt",0.005,1000,"0.01",TRUE,0.01,-0.00393340662534339
"bivt",0.005,1000,"0.05",TRUE,0.009,-0.00395261013101447
"bivt",0.005,1000,"0.1",TRUE,0.008,-0.00366856089952815
"bivt",0.005,1000,"0.01",TRUE,0.011,-0.00411954787816541
"bivt",0.005,1000,"0.05",TRUE,0.009,-0.00330222121224298
"bivt",0.005,1000,"0.1",TRUE,0.008,-0.00326771256302488
"bivt",0.005,1000,"0.01",TRUE,0.011,-0.00360721732552167
"bivt",0.005,1000,"0.05",FALSE,0.00433240157413012,-0.00320272391978346
"bivt",0.005,1000,"0.1",FALSE,0.00257504560912604,-0.00302215130669052
"bivt",0.005,1000,"0.01",FALSE,0.007,-0.00342039785735562
"bivt",0.005,1000,"0.05",TRUE,0.008,-0.00356473993875489
"bivt",0.005,1000,"0.1",TRUE,0.007,-0.00344784480746298
"bivt",0.005,1000,"0.01",TRUE,0.01,-0.00376131218066157
"bivt",0.005,1000,"0.05",TRUE,0.008,-0.00382625254323369
"bivt",0.005,1000,"0.1",TRUE,0.007,-0.0037373180702954
"bivt",0.005,1000,"0.01",TRUE,0.01,-0.00400682765286186
"bivt",0.005,1000,"0.05",TRUE,0.008,-0.00361399815557502
"bivt",0.005,1000,"0.1",TRUE,0.007,-0.00340764798456864
"bivt",0.005,1000,"0.01",TRUE,0.01,-0.00385734386708678
"bivt",0.005,1000,"0.05",TRUE,0.009,-0.00383695039065292
"bivt",0.005,1000,"0.1",TRUE,0.008,-0.00370721242963341
"bivt",0.005,1000,"0.01",TRUE,0.011,-0.00406150841488935
"bivt",0.005,1000,"0.05",TRUE,0.007,-0.00347843181835275
"bivt",0.005,1000,"0.1",TRUE,0.006,-0.00328379936854733
"bivt",0.005,1000,"0.01",TRUE,0.00800499999999988,-0.00378106313117465
"bivt",0.005,1000,"0.05",TRUE,0.007,-0.00350752890320524
"bivt",0.005,1000,"0.1",TRUE,0.006,-0.00333694592746153
"bivt",0.005,1000,"0.01",TRUE,0.009,-0.00385001372873436
"bivt",0.005,1000,"0.05",TRUE,0.006,-0.00390084402037901
"bivt",0.005,1000,"0.1",TRUE,0.0049938239310235,-0.00350724439259458
"bivt",0.005,1000,"0.01",TRUE,0.008,-0.00407771985575947
"bivt",0.005,1000,"0.05",FALSE,0.008,-0.00362915634571837
"bivt",0.005,1000,"0.1",FALSE,0.00604999999999995,-0.00359073416982796
"bivt",0.005,1000,"0.01",TRUE,0.009,-0.00381730609123197
"bivt",0.005,1000,"0.05",TRUE,0.00458089613602524,-0.00332611452211952
"bivt",0.005,1000,"0.1",FALSE,0.00298203292746654,-0.00313558686502476
"bivt",0.005,1000,"0.01",TRUE,0.007,-0.00370237036520541
"bivt",0.005,1000,"0.05",TRUE,0.006,-0.00328564819641534
"bivt",0.005,1000,"0.1",TRUE,0.00430729655815527,-0.0032766451474898
"bivt",0.005,1000,"0.01",TRUE,0.008,-0.00359220324477866
"bivt",0.005,1000,"0.05",TRUE,0.006,-0.00372729179186031
"bivt",0.005,1000,"0.1",TRUE,0.006,-0.00363992867598914
"bivt",0.005,1000,"0.01",TRUE,0.009,-0.00411324682289605
"bivt",0.005,1000,"0.05",TRUE,0.01,-0.00381358653688466
"bivt",0.005,1000,"0.1",TRUE,0.008,-0.00362939623894676
"bivt",0.005,1000,"0.01",TRUE,0.011,-0.00413817635138606
"bivt",0.005,1000,"0.05",TRUE,0.006,-0.00341678034565079
"bivt",0.005,1000,"0.1",TRUE,0.00425500820323554,-0.0032391670269301
"bivt",0.005,1000,"0.01",TRUE,0.008,-0.0037566880161169
"bivt",0.005,1000,"0.05",TRUE,0.007,-0.003766421511355
"bivt",0.005,1000,"0.1",TRUE,0.007,-0.00362811382387382
"bivt",0.005,1000,"0.01",TRUE,0.009,-0.00393836897665432
"bivt",0.005,1000,"0.05",TRUE,0.006,-0.00370280680389998
"bivt",0.005,1000,"0.1",TRUE,0.00492358617882128,-0.00354911303175816
"bivt",0.005,1000,"0.01",TRUE,0.008,-0.00392046964020162
"bivt",0.005,1000,"0.05",TRUE,0.006,-0.00372110602226871
"bivt",0.005,1000,"0.1",TRUE,0.006,-0.00350407065466204
"bivt",0.005,1000,"0.01",TRUE,0.009,-0.00408434422901687
"bivt",0.005,1000,"0.05",TRUE,0.009,-0.00393436468365979
"bivt",0.005,1000,"0.1",TRUE,0.008,-0.00381762361773128
"bivt",0.005,1000,"0.01",TRUE,0.01,-0.00413074971339997
"bivt",0.005,1000,"0.05",TRUE,0.01,-0.00378422477315327
"bivt",0.005,1000,"0.1",TRUE,0.009,-0.00372065693217689
"bivt",0.005,1000,"0.01",TRUE,0.013,-0.00404484237692227
"bivt",0.005,1000,"0.05",TRUE,0.008,-0.00380215086597045
"bivt",0.005,1000,"0.1",TRUE,0.007,-0.00358952894522195
"bivt",0.005,1000,"0.01",TRUE,0.01,-0.00399049784008689
"bivt",0.005,1000,"0.05",TRUE,0.008,-0.0037065903847474
"bivt",0.005,1000,"0.1",TRUE,0.007,-0.00354586602819016
"bivt",0.005,1000,"0.01",TRUE,0.01,-0.00405312570357225
"bivt",0.005,1000,"0.05",TRUE,0.007,-0.003620438530178
"bivt",0.005,1000,"0.1",TRUE,0.006,-0.00350838900358955
"bivt",0.005,1000,"0.01",TRUE,0.009,-0.003907630143432
"bivt",0.005,1000,"0.05",TRUE,0.007,-0.00413363189270132
"bivt",0.005,1000,"0.1",TRUE,0.006,-0.00400832962870437
"bivt",0.005,1000,"0.01",TRUE,0.00900499999999988,-0.00424276033741588
"bivt",0.005,1000,"0.05",TRUE,0.00427101459003037,-0.00320324075454607
"bivt",0.005,1000,"0.1",TRUE,0.00366147306544874,-0.00306558429672302
"bivt",0.005,1000,"0.01",TRUE,0.006,-0.00359011015249419
"bivt",0.005,1000,"0.05",TRUE,0.01,-0.00383983547824696
"bivt",0.005,1000,"0.1",TRUE,0.009,-0.00374062603401304
"bivt",0.005,1000,"0.01",TRUE,0.0110049999999999,-0.0041502239981063
"bivt",0.005,1000,"0.05",TRUE,0.007,-0.00376797499328923
"bivt",0.005,1000,"0.1",TRUE,0.006,-0.00375226245034001
"bivt",0.005,1000,"0.01",TRUE,0.009,-0.00407986653397138
"bivt",0.005,1000,"0.05",TRUE,0.00450705477762198,-0.00368400372330413
"bivt",0.005,1000,"0.1",TRUE,0.004114789234969,-0.00344627470294715
"bivt",0.005,1000,"0.01",TRUE,0.006,-0.00380053322119696
"bivt",0.005,1000,"0.05",TRUE,0.007,-0.00328942765434843
"bivt",0.005,1000,"0.1",TRUE,0.006,-0.00324378216742038
"bivt",0.005,1000,"0.01",TRUE,0.01,-0.00377273532769099
"bivt",0.005,1000,"0.05",TRUE,0.01,-0.0037942278224818
"bivt",0.005,1000,"0.1",TRUE,0.009,-0.00368257639148418
"bivt",0.005,1000,"0.01",TRUE,0.012,-0.00396842943639329
"bivt",0.005,1000,"0.05",TRUE,0.008,-0.00371040057099064
"bivt",0.005,1000,"0.1",TRUE,0.007,-0.0035161125966728
"bivt",0.005,1000,"0.01",TRUE,0.01,-0.00387216022030686
"bivt",0.005,1000,"0.05",FALSE,0.006,-0.00351828408668863
"bivt",0.005,1000,"0.1",FALSE,0.006,-0.00336109593667917
"bivt",0.005,1000,"0.01",TRUE,0.008,-0.00367341227729141
"bivt",0.005,1000,"0.05",TRUE,0.009,-0.00415021399258498
"bivt",0.005,1000,"0.1",TRUE,0.008,-0.00408641782609216
"bivt",0.005,1000,"0.01",TRUE,0.011,-0.00432282636624848
"bivt",0.005,1000,"0.05",TRUE,0.01,-0.00342067857870239
"bivt",0.005,1000,"0.1",TRUE,0.009,-0.00333145349606712
"bivt",0.005,1000,"0.01",TRUE,0.012,-0.0036571749952224
"bivt",0.005,1000,"0.05",TRUE,0.008,-0.0039465618399177
"bivt",0.005,1000,"0.1",TRUE,0.007,-0.00381889077580262
"bivt",0.005,1000,"0.01",TRUE,0.009,-0.00415899301250586
"bivt",0.005,1000,"0.05",TRUE,0.01,-0.00364641084595439
"bivt",0.005,1000,"0.1",TRUE,0.009,-0.00346007120474947
"bivt",0.005,1000,"0.01",TRUE,0.0120049999999999,-0.00387209233745483
"bivt",0.005,1000,"0.05",TRUE,0.006,-0.00358855386728646
"bivt",0.005,1000,"0.1",TRUE,0.00477418202973836,-0.00334025248363693
"bivt",0.005,1000,"0.01",TRUE,0.00700499999999988,-0.00400447734958455
"bivt",0.005,1000,"0.05",TRUE,0.007,-0.00358709892255112
"bivt",0.005,1000,"0.1",TRUE,0.006,-0.00341412212070409
"bivt",0.005,1000,"0.01",TRUE,0.01,-0.00386053980074541
"bivt",0.005,1000,"0.05",TRUE,0.009,-0.00367801161744767
"bivt",0.005,1000,"0.1",TRUE,0.008,-0.00349924450086206
"bivt",0.005,1000,"0.01",TRUE,0.012,-0.00382875793579328
"bivt",0.005,1000,"0.05",TRUE,0.008,-0.00392617401094126
"bivt",0.005,1000,"0.1",TRUE,0.007,-0.00384299022117471
"bivt",0.005,1000,"0.01",TRUE,0.01,-0.00412597908674183
"bivt",0.005,1000,"0.05",TRUE,0.006,-0.00360217722282865
"bivt",0.005,1000,"0.1",TRUE,0.006,-0.00342570761678683
"bivt",0.005,1000,"0.01",TRUE,0.008,-0.00388771042753013
"bivt",0.005,1000,"0.05",TRUE,0.009,-0.00354996773456213
"bivt",0.005,1000,"0.1",TRUE,0.008,-0.0034615686182325
"bivt",0.005,1000,"0.01",TRUE,0.011,-0.0037388627957856
"bivt",0.005,1000,"0.05",TRUE,0.008,-0.00384674394189075
"bivt",0.005,1000,"0.1",TRUE,0.007,-0.00379274797581184
"bivt",0.005,1000,"0.01",TRUE,0.01,-0.00413194245998759
"bivt",0.005,1000,"0.05",TRUE,0.009,-0.0038891318174582
"bivt",0.005,1000,"0.1",TRUE,0.008,-0.00380941000076162
"bivt",0.005,1000,"0.01",TRUE,0.01,-0.00408595671602026
"bivt",0.005,1000,"0.05",TRUE,0.008,-0.00322214101989728
"bivt",0.005,1000,"0.1",TRUE,0.007,-0.00305488880213951
"bivt",0.005,1000,"0.01",TRUE,0.011,-0.00360787863368564
"bivt",0.005,1000,"0.05",TRUE,0.009,-0.00402244222955117
"bivt",0.005,1000,"0.1",TRUE,0.008,-0.00374424233483916
"bivt",0.005,1000,"0.01",TRUE,0.011,-0.00416612097284014
"bivt",0.005,1000,"0.05",TRUE,0.008,-0.00392309368748156
"bivt",0.005,1000,"0.1",TRUE,0.007,-0.0037481684225658
"bivt",0.005,1000,"0.01",TRUE,0.01,-0.00420263798586774
"bivt",0.005,1000,"0.05",TRUE,0.008,-0.00361053313112543
"bivt",0.005,1000,"0.1",TRUE,0.007,-0.00343777948695733
"bivt",0.005,1000,"0.01",TRUE,0.01,-0.00384752590970839
"bivt",0.005,1000,"0.05",TRUE,0.008,-0.00351656164128974
"bivt",0.005,1000,"0.1",TRUE,0.007,-0.00335716882098626
"bivt",0.005,1000,"0.01",TRUE,0.01,-0.00392815226335225
"bivt",0.005,1000,"0.05",TRUE,0.008,-0.00416885882518398
"bivt",0.005,1000,"0.1",TRUE,0.007,-0.00407435476233132
"bivt",0.005,1000,"0.01",TRUE,0.00900499999999988,-0.00440865868191856
"bivt",0.005,1000,"0.05",TRUE,0.00391639725313641,-0.00326178854106473
"bivt",0.005,1000,"0.1",TRUE,0.00316417807402682,-0.00320589513273462
"bivt",0.005,1000,"0.01",TRUE,0.006,-0.00383677418144388
"bivt",0.005,1000,"0.05",FALSE,0.00399793314861267,-0.00318591160736716
"bivt",0.005,1000,"0.1",FALSE,0.00367102236287461,-0.00312693093789674
"bivt",0.005,1000,"0.01",TRUE,0.006,-0.00343571010718551
"bivt",0.005,1000,"0.05",TRUE,0.009,-0.00387999746645868
"bivt",0.005,1000,"0.1",TRUE,0.008,-0.00379045364115679
"bivt",0.005,1000,"0.01",TRUE,0.011,-0.00419758930062745
"bivt",0.005,1000,"0.05",TRUE,0.011,-0.00398967627381214
"bivt",0.005,1000,"0.1",TRUE,0.01,-0.00382482815819363
"bivt",0.005,1000,"0.01",TRUE,0.013,-0.00420453970990414
"bivt",0.005,1000,"0.05",TRUE,0.006,-0.00370774984279123
"bivt",0.005,1000,"0.1",TRUE,0.0046743018576958,-0.00355821471668401
"bivt",0.005,1000,"0.01",TRUE,0.00800499999999988,-0.00382358487297424
"bivt",0.005,1000,"0.05",TRUE,0.00602499999999986,-0.00354690481161117
"bivt",0.005,1000,"0.1",TRUE,0.006,-0.00348051384294868
"bivt",0.005,1000,"0.01",TRUE,0.008,-0.00382514387589636
"bivt",0.005,1000,"0.05",TRUE,0.008,-0.00381531622667399
"bivt",0.005,1000,"0.1",TRUE,0.007,-0.00366346046004022
"bivt",0.005,1000,"0.01",TRUE,0.009,-0.0040854987771546
"bivt",0.005,1000,"0.05",TRUE,0.00447172188698738,-0.00366747273622097
"bivt",0.005,1000,"0.1",TRUE,0.00389004261659468,-0.00353607054981957
"bivt",0.005,1000,"0.01",TRUE,0.006,-0.00387230083600175
"bivt",0.005,1000,"0.05",TRUE,0.007,-0.00316342149535732
"bivt",0.005,1000,"0.1",FALSE,0.006,-0.00299856346590072
"bivt",0.005,1000,"0.01",TRUE,0.009,-0.0036407364633629
"bivt",0.005,1000,"0.05",TRUE,0.006,-0.00355387647065672
"bivt",0.005,1000,"0.1",TRUE,0.006,-0.0033163371172935
"bivt",0.005,1000,"0.01",TRUE,0.00800499999999988,-0.00387473569710002
"bivt",0.005,1000,"0.05",TRUE,0.008,-0.00387652059085565
"bivt",0.005,1000,"0.1",TRUE,0.007,-0.00380614853331191
"bivt",0.005,1000,"0.01",TRUE,0.01,-0.00422312010854491
"bivt",0.005,1000,"0.05",TRUE,0.008,-0.00361337188996015
"bivt",0.005,1000,"0.1",TRUE,0.007,-0.00338715595451837
"bivt",0.005,1000,"0.01",TRUE,0.009,-0.00379103385969176
"bivt",0.005,1000,"0.05",TRUE,0.009,-0.00375247167220727
"bivt",0.005,1000,"0.1",TRUE,0.008,-0.00368006026218647
"bivt",0.005,1000,"0.01",TRUE,0.011,-0.00387190707668453
"bivt",0.005,1000,"0.05",TRUE,0.007,-0.00350192631724984
"bivt",0.005,1000,"0.1",TRUE,0.006,-0.0034630348383547
"bivt",0.005,1000,"0.01",TRUE,0.009,-0.00378333101295248
"bivt",0.005,1000,"0.05",TRUE,0.01,-0.00361534555497516
"bivt",0.005,1000,"0.1",TRUE,0.009,-0.00349007744675038
"bivt",0.005,1000,"0.01",TRUE,0.012,-0.0038059636497765
"bivt",0.005,1000,"0.05",TRUE,0.008,-0.00373317617958876
"bivt",0.005,1000,"0.1",TRUE,0.007,-0.00341466139581058
"bivt",0.005,1000,"0.01",TRUE,0.01,-0.00407299336885895
"bivt",0.005,1000,"0.05",TRUE,0.01,-0.00406389574689227
"bivt",0.005,1000,"0.1",TRUE,0.009,-0.00393156059139518
"bivt",0.005,1000,"0.01",TRUE,0.012,-0.00422193029468287
"bivt",0.005,1000,"0.05",TRUE,0.01,-0.00330591927149793
"bivt",0.005,1000,"0.1",FALSE,0.009,-0.00306015350214819
"bivt",0.005,1000,"0.01",TRUE,0.013,-0.00389319663273896
"bivt",0.005,1000,"0.05",TRUE,0.008,-0.00386815447791589
"bivt",0.005,1000,"0.1",TRUE,0.007,-0.0037789904487899
"bivt",0.005,1000,"0.01",TRUE,0.01,-0.00428129748861295
"bivt",0.005,1000,"0.05",TRUE,0.009,-0.00400807478853651
"bivt",0.005,1000,"0.1",TRUE,0.008,-0.00387552358610614
"bivt",0.005,1000,"0.01",TRUE,0.012,-0.00416013070471521
"bivt",0.005,1000,"0.05",TRUE,0.00382189256029101,-0.00375375738412138
"bivt",0.005,1000,"0.1",TRUE,0.00299349401060256,-0.0036464974400099
"bivt",0.005,1000,"0.01",TRUE,0.007,-0.00413924445810427
"bivt",0.005,1000,"0.05",TRUE,0.009,-0.00378579616491099
"bivt",0.005,1000,"0.1",TRUE,0.008,-0.00360317945857525
"bivt",0.005,1000,"0.01",TRUE,0.011,-0.00405559002009337
"bivt",0.005,1000,"0.05",TRUE,0.006,-0.0037674743653053
"bivt",0.005,1000,"0.1",TRUE,0.00466138214303386,-0.00348346749050748
"bivt",0.005,1000,"0.01",TRUE,0.008,-0.00398836676899731
"bivt",0.005,1000,"0.05",FALSE,0.008,-0.00361508048675049
"bivt",0.005,1000,"0.1",FALSE,0.007,-0.00350704258541343
"bivt",0.005,1000,"0.01",TRUE,0.011,-0.00388699190923035
"bivt",0.005,1000,"0.05",TRUE,0.00356658247108374,-0.00347590001526246
"bivt",0.005,1000,"0.1",TRUE,0.00301382757317217,-0.00333584500855104
"bivt",0.005,1000,"0.01",TRUE,0.00466671897671131,-0.00370684003021833
"bivt",0.005,1000,"0.05",TRUE,0.008,-0.00396028321109076
"bivt",0.005,1000,"0.1",TRUE,0.007,-0.00388169755898553
"bivt",0.005,1000,"0.01",TRUE,0.0110049999999999,-0.00415865422487238
"bivt",0.005,1000,"0.05",TRUE,0.01,-0.00425544457895769
"bivt",0.005,1000,"0.1",TRUE,0.009,-0.00412559369821479
"bivt",0.005,1000,"0.01",TRUE,0.013,-0.00447707608087962
"bivt",0.005,1000,"0.05",TRUE,0.007,-0.00365642090735279
"bivt",0.005,1000,"0.1",TRUE,0.006,-0.00353544587708772
"bivt",0.005,1000,"0.01",TRUE,0.009,-0.00375700712715982
"bivt",0.005,1000,"0.05",TRUE,0.009,-0.00394829562118709
"bivt",0.005,1000,"0.1",TRUE,0.008,-0.00379853048915188
"bivt",0.005,1000,"0.01",TRUE,0.011,-0.00413628521833194
"bivt",0.005,1000,"0.05",TRUE,0.009,-0.0033883575682311
"bivt",0.005,1000,"0.1",FALSE,0.007,-0.00322883199066862
"bivt",0.005,1000,"0.01",TRUE,0.01,-0.0037267308340587
"bivt",0.005,1000,"0.05",TRUE,0.01,-0.00299583920701223
"bivt",0.005,1000,"0.1",TRUE,0.009,-0.00281455644692107
"bivt",0.005,1000,"0.01",TRUE,0.012,-0.00325943837457803
"bivt",0.005,1000,"0.05",TRUE,0.008,-0.00361635356255452
"bivt",0.005,1000,"0.1",TRUE,0.007,-0.00348084389860784
"bivt",0.005,1000,"0.01",TRUE,0.01,-0.00394254422077891
"bivt",0.005,1000,"0.05",TRUE,0.006,-0.00397021512413253
"bivt",0.005,1000,"0.1",TRUE,0.00386537337093348,-0.00373781901013704
"bivt",0.005,1000,"0.01",TRUE,0.00700499999999988,-0.00414588843693432
"bivt",0.005,1000,"0.05",TRUE,0.008,-0.00382240811399936
"bivt",0.005,1000,"0.1",TRUE,0.007,-0.00350376616875526
"bivt",0.005,1000,"0.01",TRUE,0.01,-0.00404655554738507
"bivt",0.005,1000,"0.05",TRUE,0.007,-0.00368777677262968
"bivt",0.005,1000,"0.1",FALSE,0.006,-0.00342281939579425
"bivt",0.005,1000,"0.01",TRUE,0.009,-0.00405046959728933
"bivt",0.005,1000,"0.05",TRUE,0.00497611338824538,-0.00390374258423406
"bivt",0.005,1000,"0.1",TRUE,0.00436625812037693,-0.00362694239756476
"bivt",0.005,1000,"0.01",TRUE,0.007,-0.00410217358868738
"bivt",0.005,1000,"0.05",TRUE,0.009,-0.00368523373094565
"bivt",0.005,1000,"0.1",TRUE,0.008,-0.00344331210486683
"bivt",0.005,1000,"0.01",TRUE,0.012,-0.00386078723731003
"bivt",0.005,1000,"0.05",TRUE,0.008,-0.00352354675078243
"bivt",0.005,1000,"0.1",TRUE,0.007,-0.00339172246381849
"bivt",0.005,1000,"0.01",TRUE,0.01,-0.00373784075046574
"bivt",0.005,1000,"0.05",TRUE,0.008,-0.00381527302619427
"bivt",0.005,1000,"0.1",TRUE,0.007,-0.00375226668531206
"bivt",0.005,1000,"0.01",TRUE,0.00900499999999988,-0.00401770318340198
"bivt",0.005,1000,"0.05",TRUE,0.009,-0.00348804108503001
"bivt",0.005,1000,"0.1",TRUE,0.008,-0.00333119516535642
"bivt",0.005,1000,"0.01",TRUE,0.011,-0.00358873101377082
"bivt",0.005,1000,"0.05",TRUE,0.008,-0.0035812216395385
"bivt",0.005,1000,"0.1",TRUE,0.007,-0.00347416028453822
"bivt",0.005,1000,"0.01",TRUE,0.01,-0.00390512462463867
"bivt",0.005,1000,"0.05",FALSE,0.007,-0.00311358806429774
"bivt",0.005,1000,"0.1",FALSE,0.006,-0.00295883104682367
"bivt",0.005,1000,"0.01",FALSE,0.009,-0.00351379050225766
"bivt",0.005,1000,"0.05",TRUE,0.006,-0.00363672230778241
"bivt",0.005,1000,"0.1",TRUE,0.00467461481460129,-0.00355016709981288
"bivt",0.005,1000,"0.01",TRUE,0.007,-0.00403133210105166
"bivt",0.005,1000,"0.05",TRUE,0.008,-0.00388847230779346
"bivt",0.005,1000,"0.1",FALSE,0.007,-0.00374036637492971
"bivt",0.005,1000,"0.01",TRUE,0.01,-0.00426736193718561
"bivt",0.005,1000,"0.05",TRUE,0.007,-0.00347651930318125
"bivt",0.005,1000,"0.1",TRUE,0.006,-0.00333862364659682
"bivt",0.005,1000,"0.01",TRUE,0.009,-0.00377892435310462
"bivt",0.005,1000,"0.05",TRUE,0.009,-0.00421885836674243
"bivt",0.005,1000,"0.1",TRUE,0.008,-0.00419073400802778
"bivt",0.005,1000,"0.01",TRUE,0.011,-0.00445754545867351
"bivt",0.005,1000,"0.05",TRUE,0.008,-0.00319699709632483
"bivt",0.005,1000,"0.1",TRUE,0.007,-0.00296392828956443
"bivt",0.005,1000,"0.01",TRUE,0.009,-0.0035177997465947
"bivt",0.005,1000,"0.05",TRUE,0.008,-0.00370739259530684
"bivt",0.005,1000,"0.1",TRUE,0.007,-0.00331776133520732
"bivt",0.005,1000,"0.01",TRUE,0.01,-0.00384048837436672
"bivt",0.005,1000,"0.05",TRUE,0.006,-0.00338586277058422
"bivt",0.005,1000,"0.1",TRUE,0.0047346061602713,-0.00324544608296517
"bivt",0.005,1000,"0.01",TRUE,0.008,-0.00350123438825264
"bivt",0.005,1000,"0.05",TRUE,0.0039459888742718,-0.00344795073809144
"bivt",0.005,1000,"0.1",TRUE,0.00292571662435022,-0.00329244438834001
"bivt",0.005,1000,"0.01",TRUE,0.007,-0.00381793908454952
"bivt",0.005,1000,"0.05",TRUE,0.01,-0.00410552055814651
"bivt",0.005,1000,"0.1",TRUE,0.009,-0.00396706749579907
"bivt",0.005,1000,"0.01",TRUE,0.011,-0.00419132196046971
"bivt",0.005,1000,"0.05",FALSE,0.00436587895024909,-0.0034350277797878
"bivt",0.005,1000,"0.1",FALSE,0.00347388968652435,-0.0032697643348119
"bivt",0.005,1000,"0.01",TRUE,0.007,-0.00376405886302339
"bivt",0.005,1000,"0.05",TRUE,0.007,-0.00349056027195379
"bivt",0.005,1000,"0.1",FALSE,0.006,-0.00342746866877339
"bivt",0.005,1000,"0.01",TRUE,0.009,-0.00361799445212606
"bivt",0.005,1000,"0.05",TRUE,0.006,-0.00377650431043052
"bivt",0.005,1000,"0.1",TRUE,0.0046441577428335,-0.00367872276224188
"bivt",0.005,1000,"0.01",TRUE,0.008,-0.00394462006639435
"bivt",0.005,1000,"0.05",TRUE,0.009,-0.00364875289446171
"bivt",0.005,1000,"0.1",TRUE,0.008,-0.00357396297925235
"bivt",0.005,1000,"0.01",TRUE,0.011,-0.00394586128662104
"bivt",0.005,1000,"0.05",TRUE,0.008,-0.00286358427005176
"bivt",0.005,1000,"0.1",FALSE,0.007,-0.0026877999728472
"bivt",0.005,1000,"0.01",TRUE,0.01,-0.00323406613798335
"bivt",0.005,1000,"0.05",TRUE,0.008,-0.00345943895917638
"bivt",0.005,1000,"0.1",TRUE,0.007,-0.00327042859362136
"bivt",0.005,1000,"0.01",TRUE,0.01,-0.00368731344081891
"bivt",0.005,1000,"0.05",TRUE,0.009,-0.00341673522862473
"bivt",0.005,1000,"0.1",TRUE,0.008,-0.00334292046812191
"bivt",0.005,1000,"0.01",TRUE,0.011,-0.0036386080756448
"bivt",0.005,1000,"0.05",TRUE,0.008,-0.00396136220620713
"bivt",0.005,1000,"0.1",TRUE,0.007,-0.00384994418489557
"bivt",0.005,1000,"0.01",TRUE,0.01,-0.00399737049294894
"bivt",0.005,1000,"0.05",TRUE,0.007,-0.00326217310592248
"bivt",0.005,1000,"0.1",TRUE,0.006,-0.00319782284806463
"bivt",0.005,1000,"0.01",TRUE,0.009,-0.0035202487045004
"bivt",0.005,1000,"0.05",TRUE,0.008,-0.00394560172665121
"bivt",0.005,1000,"0.1",TRUE,0.007,-0.00374928913617689
"bivt",0.005,1000,"0.01",TRUE,0.00900499999999988,-0.00405803011475853
"bivt",0.005,1000,"0.05",TRUE,0.008,-0.00367202541675984
"bivt",0.005,1000,"0.1",TRUE,0.00704999999999995,-0.00345473873563186
"bivt",0.005,1000,"0.01",TRUE,0.011,-0.00400077267988972
"bivt",0.005,1000,"0.05",TRUE,0.01,-0.00375154346116356
"bivt",0.005,1000,"0.1",TRUE,0.01,-0.00360004262938613
"bivt",0.005,1000,"0.01",TRUE,0.013,-0.00384895847817803
"bivt",0.005,1000,"0.05",TRUE,0.007,-0.00374878919471337
"bivt",0.005,1000,"0.1",TRUE,0.006,-0.00346547677848899
"bivt",0.005,1000,"0.01",TRUE,0.009,-0.00388746296849137
"bivt",0.005,1000,"0.05",TRUE,0.011,-0.00419344193527723
"bivt",0.005,1000,"0.1",TRUE,0.01,-0.00410242670647181
"bivt",0.005,1000,"0.01",TRUE,0.013,-0.00426121947253977
"bivt",0.005,1000,"0.05",TRUE,0.009,-0.00395221731854379
"bivt",0.005,1000,"0.1",TRUE,0.008,-0.00384221962860515
"bivt",0.005,1000,"0.01",TRUE,0.012,-0.00413937375780925
"bivt",0.005,1000,"0.05",TRUE,0.009,-0.00359115993055622
"bivt",0.005,1000,"0.1",TRUE,0.008,-0.00335241423039748
"bivt",0.005,1000,"0.01",TRUE,0.011,-0.00394857357140482
"bivt",0.005,1000,"0.05",TRUE,0.009,-0.00351407144836183
"bivt",0.005,1000,"0.1",TRUE,0.008,-0.00338607889026163
"bivt",0.005,1000,"0.01",TRUE,0.011,-0.00366147183163872
"bivt",0.005,1000,"0.05",TRUE,0.00449182335121222,-0.00379903371021654
"bivt",0.005,1000,"0.1",TRUE,0.00364988849274568,-0.0036407394540739
"bivt",0.005,1000,"0.01",TRUE,0.007,-0.00390908160679214
"bivt",0.005,1000,"0.05",TRUE,0.006,-0.00360107143715178
"bivt",0.005,1000,"0.1",TRUE,0.00442850325714142,-0.00351259960353966
"bivt",0.005,1000,"0.01",TRUE,0.008,-0.00370298440561227
"bivt",0.005,1000,"0.05",TRUE,0.008,-0.00359481301730414
"bivt",0.005,1000,"0.1",TRUE,0.007,-0.00353197059660334
"bivt",0.005,1000,"0.01",TRUE,0.01,-0.00382882931973748
"bivt",0.005,1000,"0.05",TRUE,0.00379991557530008,-0.00343312133412613
"bivt",0.005,1000,"0.1",TRUE,0.00310140062251421,-0.00334328961132076
"bivt",0.005,1000,"0.01",TRUE,0.007,-0.0037291542557548
"bivt",0.005,1000,"0.05",FALSE,0.006,-0.00430432968406707
"bivt",0.005,1000,"0.1",FALSE,0.00406151033729479,-0.00421125680010083
"bivt",0.005,1000,"0.01",TRUE,0.008,-0.00439958194981619
"bivt",0.005,1000,"0.05",TRUE,0.006,-0.00361122873078001
"bivt",0.005,1000,"0.1",FALSE,0.00327665740632698,-0.00357567826106843
"bivt",0.005,1000,"0.01",TRUE,0.007,-0.00394575905018553
"bivt",0.005,1000,"0.05",TRUE,0.009,-0.00361800718394871
"bivt",0.005,1000,"0.1",TRUE,0.008,-0.00356666445345578
"bivt",0.005,1000,"0.01",TRUE,0.011,-0.00381999502924336
"bivt",0.005,1000,"0.05",TRUE,0.01,-0.00367895584690955
"bivt",0.005,1000,"0.1",TRUE,0.009,-0.00364564945719434
"bivt",0.005,1000,"0.01",TRUE,0.012,-0.00383084933871668
"bivt",0.005,1000,"0.05",TRUE,0.006,-0.00397613406856506
"bivt",0.005,1000,"0.1",TRUE,0.006,-0.00384923259003792
"bivt",0.005,1000,"0.01",TRUE,0.008,-0.00416990458556468
"bivt",0.005,1000,"0.05",TRUE,0.009,-0.00341953292350509
"bivt",0.005,1000,"0.1",TRUE,0.007,-0.00336396860452481
"bivt",0.005,1000,"0.01",TRUE,0.011,-0.00377930985261762
"bivt",0.005,1000,"0.05",TRUE,0.008,-0.0036130812120167
"bivt",0.005,1000,"0.1",TRUE,0.007,-0.00350043194960703
"bivt",0.005,1000,"0.01",TRUE,0.01,-0.0037863375413912
"bivt",0.005,1000,"0.05",TRUE,0.011,-0.00395890717430436
"bivt",0.005,1000,"0.1",TRUE,0.01,-0.00386886190831758
"bivt",0.005,1000,"0.01",TRUE,0.0130049999999999,-0.00420186730966596
"bivt",0.005,1000,"0.05",TRUE,0.006,-0.00381467586175243
"bivt",0.005,1000,"0.1",TRUE,0.00424853210027774,-0.00349646644840023
"bivt",0.005,1000,"0.01",TRUE,0.007,-0.00394961283065035
"bivt",0.005,1000,"0.05",TRUE,0.009,-0.00399731350393656
"bivt",0.005,1000,"0.1",FALSE,0.008,-0.00392658544735803
"bivt",0.005,1000,"0.01",TRUE,0.011,-0.00432733299483556
"bivt",0.005,1000,"0.05",TRUE,0.008,-0.00366884071224867
"bivt",0.005,1000,"0.1",TRUE,0.007,-0.00340853426802012
"bivt",0.005,1000,"0.01",TRUE,0.0100049999999999,-0.00386103546991851
"bivt",0.005,1000,"0.05",TRUE,0.008,-0.00375190744932731
"bivt",0.005,1000,"0.1",TRUE,0.007,-0.0034541284365411
"bivt",0.005,1000,"0.01",TRUE,0.011,-0.00392858744170929
"bivt",0.005,1000,"0.05",TRUE,0.008,-0.00393400376241551
"bivt",0.005,1000,"0.1",TRUE,0.007,-0.00381788518930277
"bivt",0.005,1000,"0.01",TRUE,0.01,-0.0041185774732321
"bivt",0.005,1000,"0.05",TRUE,0.009,-0.00377866057474385
"bivt",0.005,1000,"0.1",TRUE,0.008,-0.00360610293640322
"bivt",0.005,1000,"0.01",TRUE,0.011,-0.00386298992585693
"bivt",0.005,1000,"0.05",TRUE,0.009,-0.00394252025220797
"bivt",0.005,1000,"0.1",TRUE,0.008,-0.00371414216762956
"bivt",0.005,1000,"0.01",TRUE,0.011,-0.00400804152272313
"bivt",0.005,1000,"0.05",TRUE,0.009,-0.00385185111261917
"bivt",0.005,1000,"0.1",TRUE,0.008,-0.00381104282097904
"bivt",0.005,1000,"0.01",TRUE,0.011,-0.00401453210037125
"bivt",0.005,1000,"0.05",TRUE,0.006,-0.00338500997917235
"bivt",0.005,1000,"0.1",TRUE,0.00376153959207156,-0.0032604473748009
"bivt",0.005,1000,"0.01",TRUE,0.007,-0.00359139730565545
"bivt",0.005,1000,"0.05",TRUE,0.008,-0.0035589524233124
"bivt",0.005,1000,"0.1",TRUE,0.007,-0.00334541691176864
"bivt",0.005,1000,"0.01",TRUE,0.01,-0.00379513061423357
"bivt",0.005,1000,"0.05",TRUE,0.008,-0.00378938481900208
"bivt",0.005,1000,"0.1",TRUE,0.007,-0.00355552259425248
"bivt",0.005,1000,"0.01",TRUE,0.01,-0.00420644020018579
"bivt",0.005,1000,"0.05",TRUE,0.008,-0.00361210416439882
"bivt",0.005,1000,"0.1",TRUE,0.007,-0.00326798410354407
"bivt",0.005,1000,"0.01",TRUE,0.01,-0.00383498625573067
"bivt",0.005,1000,"0.05",TRUE,0.01,-0.00407113103349456
"bivt",0.005,1000,"0.1",TRUE,0.009,-0.00400799770204324
"bivt",0.005,1000,"0.01",TRUE,0.012,-0.00409472763848652
"bivt",0.005,1000,"0.05",TRUE,0.007,-0.00402953864180622
"bivt",0.005,1000,"0.1",TRUE,0.006,-0.00348497718870044
"bivt",0.005,1000,"0.01",TRUE,0.009,-0.00422843751855357
"bivt",0.005,1000,"0.05",TRUE,0.009,-0.00398516088264736
"bivt",0.005,1000,"0.1",TRUE,0.008,-0.00391378079909911
"bivt",0.005,1000,"0.01",TRUE,0.011,-0.00428210149773153
"bivt",0.005,1000,"0.05",TRUE,0.003882339726087,-0.00373873833378278
"bivt",0.005,1000,"0.1",TRUE,0.00297982255839231,-0.00359491786825947
"bivt",0.005,1000,"0.01",TRUE,0.007,-0.00404865039109253
"bivt",0.005,1000,"0.05",TRUE,0.008,-0.00416105213687774
"bivt",0.005,1000,"0.1",TRUE,0.007,-0.00391038042831608
"bivt",0.005,1000,"0.01",TRUE,0.01,-0.00430486064784718
"bivt",0.005,1000,"0.05",TRUE,0.006,-0.00340901101016863
"bivt",0.005,1000,"0.1",TRUE,0.006,-0.00335635422155308
"bivt",0.005,1000,"0.01",TRUE,0.008,-0.00366542347005874
"bivt",0.005,1000,"0.05",TRUE,0.007,-0.00390551434248214
"bivt",0.005,1000,"0.1",TRUE,0.006,-0.00383573544947274
"bivt",0.005,1000,"0.01",TRUE,0.009,-0.00415848721626082
"bivt",0.005,1000,"0.05",TRUE,0.009,-0.00357588807453449
"bivt",0.005,1000,"0.1",TRUE,0.008,-0.00346559582954529
"bivt",0.005,1000,"0.01",TRUE,0.011,-0.00372121761562721
"bivt",0.005,1000,"0.05",TRUE,0.007,-0.00354580991702122
"bivt",0.005,1000,"0.1",TRUE,0.006,-0.00348176444061673
"bivt",0.005,1000,"0.01",TRUE,0.009,-0.00372858816635555
"bivt",0.005,1000,"0.05",TRUE,0.009,-0.00379647710509838
"bivt",0.005,1000,"0.1",TRUE,0.008,-0.00368695454019529
"bivt",0.005,1000,"0.01",TRUE,0.011,-0.00400132984569517
"bivt",0.005,1000,"0.05",TRUE,0.007,-0.00358183876904655
"bivt",0.005,1000,"0.1",TRUE,0.006,-0.00350280343819916
"bivt",0.005,1000,"0.01",TRUE,0.009,-0.00370487854562917
"bivt",0.005,1000,"0.05",TRUE,0.01,-0.00390199399470074
"bivt",0.005,1000,"0.1",TRUE,0.009,-0.00378212452978546
"bivt",0.005,1000,"0.01",TRUE,0.012,-0.00402716604406324
"bivt",0.005,1000,"0.05",TRUE,0.009,-0.00360511299788289
"bivt",0.005,1000,"0.1",TRUE,0.008,-0.00349941374949929
"bivt",0.005,1000,"0.01",TRUE,0.01,-0.00382119810699757
"bivt",0.005,1000,"0.05",TRUE,0.007,-0.00402677938446164
"bivt",0.005,1000,"0.1",TRUE,0.006,-0.00395579761040054
"bivt",0.005,1000,"0.01",TRUE,0.008,-0.00415519888993944
"bivt",0.005,1000,"0.05",TRUE,0.007,-0.00396840139818374
"bivt",0.005,1000,"0.1",TRUE,0.006,-0.00384785493060301
"bivt",0.005,1000,"0.01",TRUE,0.009,-0.00410570450031891
"bivt",0.005,1000,"0.05",TRUE,0.006,-0.00318507249906947
"bivt",0.005,1000,"0.1",TRUE,0.0039182863949429,-0.00310172805671466
"bivt",0.005,1000,"0.01",TRUE,0.007,-0.00356353567596905
"bivt",0.005,1000,"0.05",TRUE,0.008,-0.00369365970760228
"bivt",0.005,1000,"0.1",TRUE,0.007,-0.00361603985722256
"bivt",0.005,1000,"0.01",TRUE,0.011,-0.00390472532936976
"bivt",0.005,1000,"0.05",TRUE,0.008,-0.00395337786346065
"bivt",0.005,1000,"0.1",TRUE,0.007,-0.00375975796457761
"bivt",0.005,1000,"0.01",TRUE,0.01,-0.00420953947856128
"bivt",0.005,1000,"0.05",TRUE,0.007,-0.0038787732088246
"bivt",0.005,1000,"0.1",TRUE,0.006,-0.00384187852938593
"bivt",0.005,1000,"0.01",TRUE,0.00800499999999988,-0.00423305504208723
"bivt",0.005,1000,"0.05",TRUE,0.007,-0.00368381333614534
"bivt",0.005,1000,"0.1",TRUE,0.006,-0.00341777374505248
"bivt",0.005,1000,"0.01",TRUE,0.009,-0.00380929269159756
"bivt",0.005,1000,"0.05",TRUE,0.008,-0.00409314990247599
"bivt",0.005,1000,"0.1",TRUE,0.007,-0.00390395883681194
"bivt",0.005,1000,"0.01",TRUE,0.01,-0.00411032135936982
"bivt",0.005,1000,"0.05",TRUE,0.008,-0.00332812555267714
"bivt",0.005,1000,"0.1",TRUE,0.007,-0.00325549442095905
"bivt",0.005,1000,"0.01",TRUE,0.00900499999999988,-0.00370520443104368
"bivt",0.005,1000,"0.05",TRUE,0.008,-0.00354998158414512
"bivt",0.005,1000,"0.1",TRUE,0.007,-0.00343051895472764
"bivt",0.005,1000,"0.01",TRUE,0.01,-0.00382787762731099
"bivt",0.005,1000,"0.05",TRUE,0.01,-0.00354459383940504
"bivt",0.005,1000,"0.1",TRUE,0.009,-0.00347287506005031
"bivt",0.005,1000,"0.01",TRUE,0.012,-0.00389669127235963
"bivt",0.005,1000,"0.05",FALSE,0.008,-0.00442306971899721
"bivt",0.005,1000,"0.1",FALSE,0.007,-0.00417295402600973
"bivt",0.005,1000,"0.01",TRUE,0.01,-0.00458649334660928
"bivt",0.005,1000,"0.05",TRUE,0.008,-0.00365024234619884
"bivt",0.005,1000,"0.1",TRUE,0.007,-0.00343481064987114
"bivt",0.005,1000,"0.01",TRUE,0.0100049999999999,-0.00390014833247099
"bivt",0.005,1000,"0.05",TRUE,0.008,-0.00337329771356621
"bivt",0.005,1000,"0.1",TRUE,0.007,-0.00322659484142823
"bivt",0.005,1000,"0.01",TRUE,0.011,-0.00350420039356737
"bivt",0.005,1000,"0.05",TRUE,0.0100249999999999,-0.00383921736203769
"bivt",0.005,1000,"0.1",TRUE,0.009,-0.00371847175651388
"bivt",0.005,1000,"0.01",TRUE,0.013,-0.0039830248497652
"bivt",0.005,1000,"0.05",TRUE,0.008,-0.00358013001348823
"bivt",0.005,1000,"0.1",TRUE,0.007,-0.00337014667979418
"bivt",0.005,1000,"0.01",TRUE,0.01,-0.0039674225318962
"bivt",0.005,1000,"0.05",TRUE,0.008,-0.00374868572911355
"bivt",0.005,1000,"0.1",TRUE,0.007,-0.00366584355898521
"bivt",0.005,1000,"0.01",TRUE,0.01,-0.00382164544689991
"bivt",0.005,1000,"0.05",TRUE,0.008,-0.00357965105123218
"bivt",0.005,1000,"0.1",TRUE,0.007,-0.00341255573220495
"bivt",0.005,1000,"0.01",TRUE,0.00900499999999988,-0.00369474442186031
"bivt",0.005,1000,"0.05",TRUE,0.009,-0.00377817683348119
"bivt",0.005,1000,"0.1",TRUE,0.008,-0.00360123591142536
"bivt",0.005,1000,"0.01",TRUE,0.011,-0.00407812790575438
"bivt",0.005,1000,"0.05",TRUE,0.008,-0.00391967014626936
"bivt",0.005,1000,"0.1",TRUE,0.008,-0.00378032265701154
"bivt",0.005,1000,"0.01",TRUE,0.01,-0.00418927022859067
"bivt",0.005,1000,"0.05",TRUE,0.009,-0.0041121283131977
"bivt",0.005,1000,"0.1",TRUE,0.008,-0.00387051174378106
"bivt",0.005,1000,"0.01",TRUE,0.011,-0.00439720158824066
"bivt",0.005,1000,"0.05",FALSE,0.007,-0.00367577915053958
"bivt",0.005,1000,"0.1",FALSE,0.006,-0.00354894875215168
"bivt",0.005,1000,"0.01",TRUE,0.009,-0.00384226099027631
"bivt",0.005,1000,"0.05",TRUE,0.009,-0.00325628601668854
"bivt",0.005,1000,"0.1",TRUE,0.008,-0.00290226601641263
"bivt",0.005,1000,"0.01",TRUE,0.012,-0.00348480196415252
"bivt",0.005,1000,"0.05",TRUE,0.007,-0.00350500580177506
"bivt",0.005,1000,"0.1",TRUE,0.006,-0.00344618914663714
"bivt",0.005,1000,"0.01",TRUE,0.009,-0.00369913572818152
"bivt",0.005,1000,"0.05",TRUE,0.007,-0.003773213960277
"bivt",0.005,1000,"0.1",TRUE,0.006,-0.00371528076567205
"bivt",0.005,1000,"0.01",TRUE,0.009,-0.00390748826742469
"bivt",0.005,1000,"0.05",TRUE,0.00702499999999986,-0.00381496766834574
"bivt",0.005,1000,"0.1",TRUE,0.006,-0.00370766541152853
"bivt",0.005,1000,"0.01",TRUE,0.01,-0.00408864403642268
"bivt",0.005,1000,"0.05",TRUE,0.00432252507371949,-0.00338069100077014
"bivt",0.005,1000,"0.1",TRUE,0.00412527123050698,-0.00327685188787587
"bivt",0.005,1000,"0.01",TRUE,0.006,-0.00367333246334826
"bivt",0.005,1000,"0.05",TRUE,0.01,-0.00376947389769446
"bivt",0.005,1000,"0.1",TRUE,0.009,-0.00357649373163088
"bivt",0.005,1000,"0.01",TRUE,0.0110049999999999,-0.00423090669836118
"bivt",0.005,1000,"0.05",TRUE,0.008,-0.00380335884134829
"bivt",0.005,1000,"0.1",TRUE,0.007,-0.00359152722597199
"bivt",0.005,1000,"0.01",TRUE,0.009,-0.00410812029489734
"bivt",0.005,1000,"0.05",TRUE,0.01,-0.00404303216676829
"bivt",0.005,1000,"0.1",TRUE,0.009,-0.00388892614676689
"bivt",0.005,1000,"0.01",TRUE,0.012,-0.00432445580810943
"bivt",0.005,1000,"0.05",TRUE,0.00404087838139708,-0.00396761867549366
"bivt",0.005,1000,"0.1",TRUE,0.00380885868918824,-0.00366599698960629
"bivt",0.005,1000,"0.01",TRUE,0.00435594910637982,-0.0041070701019182
"bivt",0.005,1000,"0.05",TRUE,0.009,-0.00367399874125654
"bivt",0.005,1000,"0.1",TRUE,0.008,-0.0035961766206821
"bivt",0.005,1000,"0.01",TRUE,0.011,-0.00395277350766179
"bivt",0.005,1000,"0.05",TRUE,0.009,-0.00358225783020807
"bivt",0.005,1000,"0.1",TRUE,0.008,-0.00338203818037832
"bivt",0.005,1000,"0.01",TRUE,0.011,-0.00372654355553831
"bivt",0.005,1000,"0.05",TRUE,0.00400751791930095,-0.00324934113389619
"bivt",0.005,1000,"0.1",TRUE,0.00327325859460923,-0.0031607686942748
"bivt",0.005,1000,"0.01",TRUE,0.007,-0.00346425806546902
"bivt",0.005,1000,"0.05",TRUE,0.007,-0.00368162237313801
"bivt",0.005,1000,"0.1",TRUE,0.006,-0.00362745394245063
"bivt",0.005,1000,"0.01",TRUE,0.009,-0.00375597276743452
"bivt",0.005,1000,"0.05",TRUE,0.009,-0.00403447803763717
"bivt",0.005,1000,"0.1",TRUE,0.008,-0.00391468589678754
"bivt",0.005,1000,"0.01",TRUE,0.0100049999999999,-0.00420119552263465
"bivt",0.005,1000,"0.05",TRUE,0.007,-0.00352160805194342
"bivt",0.005,1000,"0.1",TRUE,0.006,-0.00345066897900933
"bivt",0.005,1000,"0.01",TRUE,0.008,-0.00371885403038189
"bivt",0.005,1000,"0.05",TRUE,0.007,-0.00357149748146775
"bivt",0.005,1000,"0.1",TRUE,0.006,-0.00340561568080121
"bivt",0.005,1000,"0.01",TRUE,0.009,-0.00386608959360499
"bivt",0.005,1000,"0.05",FALSE,0.007,-0.00353127527200651
"bivt",0.005,1000,"0.1",FALSE,0.006,-0.00327234940913495
"bivt",0.005,1000,"0.01",TRUE,0.00900499999999988,-0.00363655016156325
"bivt",0.005,1000,"0.05",TRUE,0.009,-0.00388746101598183
"bivt",0.005,1000,"0.1",TRUE,0.008,-0.00381027490459225
"bivt",0.005,1000,"0.01",TRUE,0.011,-0.00406680329659339
"bivt",0.005,1000,"0.05",TRUE,0.006,-0.00362417883897993
"bivt",0.005,1000,"0.1",TRUE,0.00365495440082621,-0.00354249476706029
"bivt",0.005,1000,"0.01",TRUE,0.008,-0.00393779581506796
"bivt",0.005,1000,"0.05",TRUE,0.00424977144054781,-0.00309113550252607
"bivt",0.005,1000,"0.1",TRUE,0.00321525865676223,-0.00293847038571329
"bivt",0.005,1000,"0.01",TRUE,0.006,-0.00340876350085027
"bivt",0.005,1000,"0.05",TRUE,0.009,-0.00417839837004657
"bivt",0.005,1000,"0.1",TRUE,0.008,-0.00413405770303547
"bivt",0.005,1000,"0.01",TRUE,0.012,-0.00436480594612247
"bivt",0.005,1000,"0.05",TRUE,0.007,-0.00389857463486783
"bivt",0.005,1000,"0.1",TRUE,0.006,-0.00379525843398933
"bivt",0.005,1000,"0.01",TRUE,0.00800499999999988,-0.00403955654255072
"bivt",0.005,1000,"0.05",TRUE,0.007,-0.00361538400395099
"bivt",0.005,1000,"0.1",TRUE,0.006,-0.003514339274563
"bivt",0.005,1000,"0.01",TRUE,0.008,-0.00374051486692663
"bivt",0.005,1000,"0.05",TRUE,0.01,-0.00378039219133014
"bivt",0.005,1000,"0.1",TRUE,0.009,-0.00351399910732703
"bivt",0.005,1000,"0.01",TRUE,0.012,-0.00397326141913317
"bivt",0.005,1000,"0.05",TRUE,0.007,-0.00345922335767795
"bivt",0.005,1000,"0.1",TRUE,0.00604999999999995,-0.00332552661459856
"bivt",0.005,1000,"0.01",TRUE,0.009,-0.00388452374814242
"bivt",0.005,1000,"0.05",TRUE,0.009,-0.00370324267223219
"bivt",0.005,1000,"0.1",TRUE,0.008,-0.00359153737665499
"bivt",0.005,1000,"0.01",TRUE,0.0110049999999999,-0.00394060488837536
"bivt",0.005,1000,"0.05",FALSE,0.007,-0.00423772764125121
"bivt",0.005,1000,"0.1",FALSE,0.007,-0.00390472222662388
"bivt",0.005,1000,"0.01",TRUE,0.009,-0.00443236279463082
"bivt",0.005,1000,"0.05",TRUE,0.009,-0.00409475952037977
"bivt",0.005,1000,"0.1",TRUE,0.008,-0.00399854275715609
"bivt",0.005,1000,"0.01",TRUE,0.011,-0.00426085843298411
"bivt",0.005,1000,"0.05",TRUE,0.008,-0.0033571108358107
"bivt",0.005,1000,"0.1",TRUE,0.007,-0.00321423301759463
"bivt",0.005,1000,"0.01",TRUE,0.009,-0.00354457920102625
"bivt",0.005,1000,"0.05",TRUE,0.007,-0.00393509704473255
"bivt",0.005,1000,"0.1",TRUE,0.006,-0.00374589524005929
"bivt",0.005,1000,"0.01",TRUE,0.008,-0.00409555907729589
"bivt",0.005,1000,"0.05",TRUE,0.006,-0.00343009944245771
"bivt",0.005,1000,"0.1",TRUE,0.00479371474875594,-0.00335681862623915
"bivt",0.005,1000,"0.01",TRUE,0.00700499999999988,-0.00374182109235347
"bivt",0.005,1000,"0.05",TRUE,0.008,-0.00382718779275175
"bivt",0.005,1000,"0.1",TRUE,0.007,-0.00364009441181725
"bivt",0.005,1000,"0.01",TRUE,0.01,-0.00398622543586625
"bivt",0.005,1000,"0.05",TRUE,0.007,-0.00325403839847189
"bivt",0.005,1000,"0.1",TRUE,0.006,-0.00312160958803578
"bivt",0.005,1000,"0.01",TRUE,0.008,-0.00351983269694166
"bivt",0.005,1000,"0.05",TRUE,0.007,-0.00375769658150403
"bivt",0.005,1000,"0.1",TRUE,0.006,-0.00362796468386191
"bivt",0.005,1000,"0.01",TRUE,0.00800499999999988,-0.00407793438852778
"bivt",0.005,1000,"0.05",TRUE,0.007,-0.00371888240585304
"bivt",0.005,1000,"0.1",TRUE,0.006,-0.00350232988300594
"bivt",0.005,1000,"0.01",TRUE,0.008,-0.00401283889307715
"bivt",0.005,1000,"0.05",TRUE,0.008,-0.00341139221777759
"bivt",0.005,1000,"0.1",TRUE,0.007,-0.00332913250124926
"bivt",0.005,1000,"0.01",TRUE,0.01,-0.00367944200931039
"bivt",0.005,1000,"0.05",TRUE,0.008,-0.00378335721235323
"bivt",0.005,1000,"0.1",TRUE,0.007,-0.00364351643975627
"bivt",0.005,1000,"0.01",TRUE,0.009,-0.00403876457879911
"bivt",0.005,1000,"0.05",FALSE,0.006,-0.00386906990499708
"bivt",0.005,1000,"0.1",FALSE,0.00369079826232004,-0.00373364095012287
"bivt",0.005,1000,"0.01",FALSE,0.007,-0.00407259348353449
"bivt",0.005,1000,"0.05",TRUE,0.00483366215908723,-0.00312041241141528
"bivt",0.005,1000,"0.1",TRUE,0.00298376194950472,-0.00303645602826314
"bivt",0.005,1000,"0.01",TRUE,0.007,-0.00357131307042971
"bivt",0.005,1000,"0.05",TRUE,0.007,-0.00397378830967448
"bivt",0.005,1000,"0.1",TRUE,0.006,-0.00384618585719647
"bivt",0.005,1000,"0.01",TRUE,0.00800499999999988,-0.00425532755643905
"bivt",0.005,1000,"0.05",TRUE,0.01,-0.00380051571362903
"bivt",0.005,1000,"0.1",TRUE,0.009,-0.00368191292251541
"bivt",0.005,1000,"0.01",TRUE,0.012,-0.00403072011371861
"bivt",0.005,1000,"0.05",TRUE,0.008,-0.00361446524654154
"bivt",0.005,1000,"0.1",TRUE,0.007,-0.00344915402769884
"bivt",0.005,1000,"0.01",TRUE,0.01,-0.00388958740195829
"bivt",0.005,1000,"0.05",TRUE,0.006,-0.00359824690608583
"bivt",0.005,1000,"0.1",TRUE,0.00406488790507061,-0.00333966645349747
"bivt",0.005,1000,"0.01",TRUE,0.008,-0.0037924931601976
"bivt",0.005,1000,"0.05",TRUE,0.01,-0.00340098359982345
"bivt",0.005,1000,"0.1",TRUE,0.009,-0.00335269941419211
"bivt",0.005,1000,"0.01",TRUE,0.012,-0.00376725999882426
"bivt",0.005,1000,"0.05",TRUE,0.009,-0.00369786170426495
"bivt",0.005,1000,"0.1",TRUE,0.008,-0.00362276429802407
"bivt",0.005,1000,"0.01",TRUE,0.011,-0.00383753033997327
"bivt",0.005,1000,"0.05",TRUE,0.012,-0.00383534490838766
"bivt",0.005,1000,"0.1",TRUE,0.01,-0.00369635173579737
"bivt",0.005,1000,"0.01",TRUE,0.014,-0.00406379329041169
"bivt",0.005,1000,"0.05",TRUE,0.008,-0.00358168263407691
"bivt",0.005,1000,"0.1",TRUE,0.007,-0.00346563318522358
"bivt",0.005,1000,"0.01",TRUE,0.01,-0.00399136233455775
"bivt",0.005,1000,"0.05",TRUE,0.009,-0.00339548217476068
"bivt",0.005,1000,"0.1",TRUE,0.008,-0.00308764415315166
"bivt",0.005,1000,"0.01",TRUE,0.011,-0.00399320238390288
"bivt",0.005,1000,"0.05",TRUE,0.0046489750554247,-0.00389222395336126
"bivt",0.005,1000,"0.1",TRUE,0.00413289667652304,-0.00376770687476075
"bivt",0.005,1000,"0.01",TRUE,0.006,-0.00399358599181292
"bivt",0.005,1000,"0.05",TRUE,0.007,-0.00370883585646327
"bivt",0.005,1000,"0.1",TRUE,0.006,-0.00364318201346879
"bivt",0.005,1000,"0.01",TRUE,0.00800499999999988,-0.00397646399858142
"bivt",0.005,1000,"0.05",TRUE,0.00433616565978222,-0.00366512793722726
"bivt",0.005,1000,"0.1",TRUE,0.0026470207920531,-0.00343538650731547
"bivt",0.005,1000,"0.01",TRUE,0.007,-0.00398195739376841
"bivt",0.005,1000,"0.05",TRUE,0.006,-0.0036773776670449
"bivt",0.005,1000,"0.1",TRUE,0.00488490344902611,-0.00351894048725975
"bivt",0.005,1000,"0.01",TRUE,0.00800499999999988,-0.00401323507299079
"bivt",0.005,1000,"0.05",TRUE,0.007,-0.00410214474719603
"bivt",0.005,1000,"0.1",TRUE,0.007,-0.00399852435789569
"bivt",0.005,1000,"0.01",TRUE,0.009,-0.00438731545942263
"bivt",0.005,1000,"0.05",TRUE,0.007,-0.0039527263385877
"bivt",0.005,1000,"0.1",TRUE,0.006,-0.00369559409421819
"bivt",0.005,1000,"0.01",TRUE,0.009,-0.00402810984921034
"bivt",0.005,1000,"0.05",TRUE,0.008,-0.00417667882029112
"bivt",0.005,1000,"0.1",TRUE,0.007,-0.00413731399650921
"bivt",0.005,1000,"0.01",TRUE,0.0100049999999999,-0.00429139008250188
"bivt",0.005,1000,"0.05",TRUE,0.009,-0.00375819190148731
"bivt",0.005,1000,"0.1",TRUE,0.008,-0.00362354289373368
"bivt",0.005,1000,"0.01",TRUE,0.011,-0.00394502582445647
"bivt",0.005,1000,"0.05",TRUE,0.008,-0.00376789370068851
"bivt",0.005,1000,"0.1",TRUE,0.007,-0.00342923251220461
"bivt",0.005,1000,"0.01",TRUE,0.01,-0.00391779103139228
"bivt",0.005,1000,"0.05",TRUE,0.008,-0.0035136708267283
"bivt",0.005,1000,"0.1",TRUE,0.007,-0.00335983027302507
"bivt",0.005,1000,"0.01",TRUE,0.01,-0.00380141490924142
"bivt",0.005,1000,"0.05",TRUE,0.009,-0.0040663907129149
"bivt",0.005,1000,"0.1",TRUE,0.008,-0.00361569160405018
"bivt",0.005,1000,"0.01",TRUE,0.011,-0.00449644010375945
"bivt",0.005,1000,"0.05",TRUE,0.008,-0.00417546645067185
"bivt",0.005,1000,"0.1",TRUE,0.007,-0.00408687984511355
"bivt",0.005,1000,"0.01",TRUE,0.01,-0.00428646512125634
"bivt",0.005,1000,"0.05",TRUE,0.008,-0.00384341727943895
"bivt",0.005,1000,"0.1",TRUE,0.007,-0.00375915932458649
"bivt",0.005,1000,"0.01",TRUE,0.0100049999999999,-0.00400964445486391
"bivt",0.005,1000,"0.05",TRUE,0.008,-0.00407964257123432
"bivt",0.005,1000,"0.1",TRUE,0.007,-0.00394849775342974
"bivt",0.005,1000,"0.01",TRUE,0.01,-0.00414146382026126
"bivt",0.005,1000,"0.05",TRUE,0.009,-0.00351133121231662
"bivt",0.005,1000,"0.1",TRUE,0.008,-0.0034105625964407
"bivt",0.005,1000,"0.01",TRUE,0.011,-0.00377432221734646
"bivt",0.005,1000,"0.05",TRUE,0.00383127962138831,-0.00369537479043682
"bivt",0.005,1000,"0.1",TRUE,0.00371271896584107,-0.00346817944825324
"bivt",0.005,1000,"0.01",TRUE,0.00435790272571753,-0.0039000251241303
"bivt",0.005,1000,"0.05",TRUE,0.007,-0.00334103376448033
"bivt",0.005,1000,"0.1",TRUE,0.006,-0.00331710648347601
"bivt",0.005,1000,"0.01",TRUE,0.00800499999999988,-0.00361055018799213
"bivt",0.005,1000,"0.05",TRUE,0.008,-0.00380819877300356
"bivt",0.005,1000,"0.1",TRUE,0.007,-0.00365989629782802
"bivt",0.005,1000,"0.01",TRUE,0.01,-0.00423608776808161
"bivt",0.005,1000,"0.05",TRUE,0.006,-0.00370435128843678
"bivt",0.005,1000,"0.1",TRUE,0.00425505284233193,-0.00352521015922731
"bivt",0.005,1000,"0.01",TRUE,0.007,-0.00387856516811729
"bivt",0.005,1000,"0.05",TRUE,0.008,-0.00338409699850025
"bivt",0.005,1000,"0.1",TRUE,0.007,-0.00324629407383567
"bivt",0.005,1000,"0.01",TRUE,0.01,-0.00360942463481088
"bivt",0.005,1000,"0.05",TRUE,0.008,-0.00407942036174703
"bivt",0.005,1000,"0.1",TRUE,0.007,-0.00402842386602399
"bivt",0.005,1000,"0.01",TRUE,0.01,-0.00424122780251727
"bivt",0.005,1000,"0.05",TRUE,0.008,-0.0037820942723422
"bivt",0.005,1000,"0.1",TRUE,0.007,-0.00368522276496228
"bivt",0.005,1000,"0.01",TRUE,0.01,-0.00397218878379016
"bivt",0.005,1000,"0.05",TRUE,0.008,-0.00380256814840719
"bivt",0.005,1000,"0.1",TRUE,0.007,-0.00371430855965453
"bivt",0.005,1000,"0.01",TRUE,0.01,-0.00395672255509048
"bivt",0.005,1000,"0.05",TRUE,0.008,-0.00381835700290413
"bivt",0.005,1000,"0.1",TRUE,0.007,-0.00373613538149275
"bivt",0.005,1000,"0.01",TRUE,0.009,-0.00391374525335895
"bivt",0.005,1000,"0.05",TRUE,0.008,-0.00330892148308416
"bivt",0.005,1000,"0.1",TRUE,0.007,-0.00316501260351486
"bivt",0.005,1000,"0.01",TRUE,0.0100049999999999,-0.00365700341394405
"bivt",0.005,1000,"0.05",TRUE,0.007,-0.00381732675854745
"bivt",0.005,1000,"0.1",TRUE,0.006,-0.00361493497003268
"bivt",0.005,1000,"0.01",TRUE,0.009,-0.00393285614185372
"bivt",0.005,1000,"0.05",TRUE,0.006,-0.00323831938874692
"bivt",0.005,1000,"0.1",TRUE,0.00475173328980509,-0.00314595084930476
"bivt",0.005,1000,"0.01",TRUE,0.007,-0.00374157743376132
"bivt",0.005,1000,"0.05",TRUE,0.009,-0.00349445731253792
"bivt",0.005,1000,"0.1",TRUE,0.008,-0.00339148783103417
"bivt",0.005,1000,"0.01",TRUE,0.011,-0.00398536465318272
"bivt",0.005,1000,"0.05",TRUE,0.008,-0.00386056004354209
"bivt",0.005,1000,"0.1",TRUE,0.007,-0.00347504861163239
"bivt",0.005,1000,"0.01",TRUE,0.0100049999999999,-0.00401397761212135
"bivt",0.005,1000,"0.05",TRUE,0.007,-0.00356718497997082
"bivt",0.005,1000,"0.1",TRUE,0.006,-0.00345853656250112
"bivt",0.005,1000,"0.01",TRUE,0.008,-0.00382792788555453
"bivt",0.005,1000,"0.05",TRUE,0.007,-0.00360772755316427
"bivt",0.005,1000,"0.1",TRUE,0.006,-0.00339534364072668
"bivt",0.005,1000,"0.01",TRUE,0.008,-0.00381062330471328
"bivt",0.005,1000,"0.05",TRUE,0.009,-0.00396496100902936
"bivt",0.005,1000,"0.1",TRUE,0.008,-0.00379153051554889
"bivt",0.005,1000,"0.01",TRUE,0.011,-0.00420544388816691
"bivt",0.005,1000,"0.05",TRUE,0.01,-0.00342148048287486
"bivt",0.005,1000,"0.1",TRUE,0.009,-0.00335333935446153
"bivt",0.005,1000,"0.01",TRUE,0.013,-0.00358994685898175
"bivt",0.005,1000,"0.05",TRUE,0.01,-0.00408529442359283
"bivt",0.005,1000,"0.1",TRUE,0.009,-0.00404799114692351
"bivt",0.005,1000,"0.01",TRUE,0.012,-0.00428810414514103
"bivt",0.005,1000,"0.05",TRUE,0.008,-0.00393490694721456
"bivt",0.005,1000,"0.1",TRUE,0.007,-0.00359078492075052
"bivt",0.005,1000,"0.01",TRUE,0.00900499999999988,-0.00411075899771553
"bivt",0.005,1000,"0.05",TRUE,0.006,-0.00349706752370066
"bivt",0.005,1000,"0.1",TRUE,0.006,-0.00330710220183821
"bivt",0.005,1000,"0.01",TRUE,0.008,-0.0039005599870826
"bivt",0.005,1000,"0.05",TRUE,0.009,-0.00375714563306861
"bivt",0.005,1000,"0.1",TRUE,0.008,-0.00350580408925454
"bivt",0.005,1000,"0.01",TRUE,0.011,-0.00394040306024158
"bivt",0.005,1000,"0.05",TRUE,0.008,-0.00346317278568987
"bivt",0.005,1000,"0.1",TRUE,0.007,-0.00326580467193469
"bivt",0.005,1000,"0.01",TRUE,0.011,-0.00384611935887561
"bivt",0.005,1000,"0.05",TRUE,0.008,-0.00356469287345723
"bivt",0.005,1000,"0.1",TRUE,0.007,-0.00353197286382715
"bivt",0.005,1000,"0.01",TRUE,0.01,-0.00380969820503111
"bivt",0.005,1000,"0.05",TRUE,0.008,-0.00362311520692178
"bivt",0.005,1000,"0.1",TRUE,0.007,-0.00333971064567309
"bivt",0.005,1000,"0.01",TRUE,0.00900499999999988,-0.00379088057504521
"bivt",0.005,1000,"0.05",TRUE,0.008,-0.00344173893035845
"bivt",0.005,1000,"0.1",TRUE,0.007,-0.00324630555662824
"bivt",0.005,1000,"0.01",TRUE,0.01,-0.00372040205550053
"bivt",0.005,1000,"0.05",TRUE,0.009,-0.00342080736326878
"bivt",0.005,1000,"0.1",TRUE,0.008,-0.00333411882303701
"bivt",0.005,1000,"0.01",TRUE,0.0110049999999999,-0.00361869749639595
"bivt",0.005,1000,"0.05",TRUE,0.009,-0.00403638332887395
"bivt",0.005,1000,"0.1",TRUE,0.008,-0.00391982282472802
"bivt",0.005,1000,"0.01",TRUE,0.011,-0.00417489412729142
"bivt",0.005,1000,"0.05",TRUE,0.00702499999999986,-0.00357070995902153
"bivt",0.005,1000,"0.1",TRUE,0.007,-0.00344515707549299
"bivt",0.005,1000,"0.01",TRUE,0.00900499999999988,-0.004018743600166
"bivt",0.005,1000,"0.05",TRUE,0.01,-0.00394146320592998
"bivt",0.005,1000,"0.1",TRUE,0.009,-0.00388072127717177
"bivt",0.005,1000,"0.01",TRUE,0.013,-0.00414066687454467
"bivt",0.005,1000,"0.05",TRUE,0.006,-0.0038617147569524
"bivt",0.005,1000,"0.1",TRUE,0.00374148592657441,-0.00362003691091372
"bivt",0.005,1000,"0.01",TRUE,0.008,-0.00419902606406914
"bivt",0.005,1000,"0.05",TRUE,0.006,-0.00315916933491311
"bivt",0.005,1000,"0.1",TRUE,0.006,-0.0029952528712312
"bivt",0.005,1000,"0.01",TRUE,0.008,-0.00336594593679847
"bivt",0.005,1000,"0.05",TRUE,0.01,-0.00355095830179175
"bivt",0.005,1000,"0.1",TRUE,0.009,-0.00346996869624781
"bivt",0.005,1000,"0.01",TRUE,0.012,-0.00379313823542987
"bivt",0.005,1000,"0.05",TRUE,0.008,-0.00347114422469103
"bivt",0.005,1000,"0.1",TRUE,0.007,-0.00328212169977283
"bivt",0.005,1000,"0.01",TRUE,0.01,-0.00367785594861896
"bivt",0.005,1000,"0.05",TRUE,0.006,-0.00375784208594464
"bivt",0.005,1000,"0.1",TRUE,0.00469086501011979,-0.00370443281396036
"bivt",0.005,1000,"0.01",TRUE,0.008,-0.00389538532802987
"bivt",0.001,5000,"0.05",TRUE,0.00128032004338092,-0.000626852872475456
"bivt",0.001,5000,"0.1",TRUE,0.00106831743994729,-0.000589907956576347
"bivt",0.001,5000,"0.01",TRUE,0.00159287165815061,-0.000694810744797058
"bivt",0.001,5000,"0.05",TRUE,0.00102228347898614,-0.000595865437404488
"bivt",0.001,5000,"0.1",TRUE,0.000746948851895967,-0.000578007337879537
"bivt",0.001,5000,"0.01",TRUE,0.00164132312209536,-0.000641897801720967
"bivt",0.001,5000,"0.05",TRUE,0.000901684752690829,-0.000670798473088257
"bivt",0.001,5000,"0.1",TRUE,0.000733892297464758,-0.000605753295819342
"bivt",0.001,5000,"0.01",TRUE,0.00182187056816914,-0.000696288935493027
"bivt",0.001,5000,"0.05",TRUE,0.00183850318852743,-0.000675231272690282
"bivt",0.001,5000,"0.1",TRUE,0.00132629761785125,-0.00065613808383993
"bivt",0.001,5000,"0.01",TRUE,0.00228804541921084,-0.000707730264435451
"bivt",0.001,5000,"0.05",TRUE,0.000951936826288288,-0.000737549366286425
"bivt",0.001,5000,"0.1",TRUE,0.000817853476593401,-0.00071245476812826
"bivt",0.001,5000,"0.01",TRUE,0.00140101969130697,-0.000756243398280304
"bivt",0.001,5000,"0.05",TRUE,0.00112365809765863,-0.000584094695221321
"bivt",0.001,5000,"0.1",TRUE,0.0010410060557481,-0.000565061491376531
"bivt",0.001,5000,"0.01",TRUE,0.00175615397303544,-0.000619818667860809
"bivt",0.001,5000,"0.05",TRUE,0.000765593182354672,-0.000595630539188921
"bivt",0.001,5000,"0.1",TRUE,0.000483483933640706,-0.0005226859416741
"bivt",0.001,5000,"0.01",TRUE,0.00121529895871046,-0.000627009932954867
"bivt",0.001,5000,"0.05",TRUE,0.00126458413952797,-0.000624598635421432
"bivt",0.001,5000,"0.1",TRUE,0.000946230980032204,-0.000595482479084956
"bivt",0.001,5000,"0.01",TRUE,0.00175598391767473,-0.000686442647785367
"bivt",0.001,5000,"0.05",TRUE,0.00149481338604609,-0.00058434233318209
"bivt",0.001,5000,"0.1",TRUE,0.0013812583651231,-0.000557896307871534
"bivt",0.001,5000,"0.01",TRUE,0.0019535876787651,-0.000624708820773542
"bivt",0.001,5000,"0.05",TRUE,0.0026,-0.000694396799734
"bivt",0.001,5000,"0.1",TRUE,0.00210664543830559,-0.000687493459297957
"bivt",0.001,5000,"0.01",TRUE,0.003,-0.000735484679727486
"bivt",0.001,5000,"0.05",TRUE,0.000775977754012498,-0.000600674603021056
"bivt",0.001,5000,"0.1",TRUE,0.000706077226246949,-0.000565212719803449
"bivt",0.001,5000,"0.01",TRUE,0.00132286345025633,-0.000656097932779817
"bivt",0.001,5000,"0.05",TRUE,0.000801262501650254,-0.000598995152059656
"bivt",0.001,5000,"0.1",TRUE,0.000435812084672053,-0.000545109415405224
"bivt",0.001,5000,"0.01",TRUE,0.00083734773126751,-0.0006394397789547
"bivt",0.001,5000,"0.05",TRUE,0.000818648922718462,-0.000573071417179756
"bivt",0.001,5000,"0.1",TRUE,0.000755449411183866,-0.000568761354686251
"bivt",0.001,5000,"0.01",TRUE,0.00104719972050708,-0.000633369615785387
"bivt",0.001,5000,"0.05",TRUE,0.0012526478813671,-0.000714060709732493
"bivt",0.001,5000,"0.1",TRUE,0.00112711495631694,-0.000661927326932545
"bivt",0.001,5000,"0.01",TRUE,0.0016217598559542,-0.000768056662475181
"bivt",0.001,5000,"0.05",TRUE,0.00150381371619385,-0.000607476910332132
"bivt",0.001,5000,"0.1",TRUE,0.00109182778521098,-0.000590653727729816
"bivt",0.001,5000,"0.01",TRUE,0.00193513281879274,-0.000659091989236921
"bivt",0.001,5000,"0.05",TRUE,0.00127756790840754,-0.000693952598331808
"bivt",0.001,5000,"0.1",TRUE,0.00103893184171602,-0.000675079087696948
"bivt",0.001,5000,"0.01",TRUE,0.00154436694091969,-0.000763366614956107
"bivt",0.001,5000,"0.05",TRUE,0.00068309098228469,-0.000587968597955691
"bivt",0.001,5000,"0.1",TRUE,0.000586215482705631,-0.000541138599256568
"bivt",0.001,5000,"0.01",TRUE,0.000910924380121648,-0.000628087873139609
"bivt",0.001,5000,"0.05",TRUE,0.00125281217233676,-0.000654763404904532
"bivt",0.001,5000,"0.1",TRUE,0.000882269038935387,-0.000641539207176954
"bivt",0.001,5000,"0.01",TRUE,0.00165017210746163,-0.000691460880594665
"bivt",0.001,5000,"0.05",TRUE,0.00164688843396046,-0.000661532946058932
"bivt",0.001,5000,"0.1",TRUE,0.00136716818176533,-0.000644078517540878
"bivt",0.001,5000,"0.01",TRUE,0.00217822936473434,-0.000747350368814337
"bivt",0.001,5000,"0.05",TRUE,0.00116237137170605,-0.000534010435208983
"bivt",0.001,5000,"0.1",TRUE,0.000930116889641669,-0.000509777544967316
"bivt",0.001,5000,"0.01",TRUE,0.00175367925285466,-0.000604771540568397
"bivt",0.001,5000,"0.05",TRUE,0.000862124198543307,-0.00060750368526476
"bivt",0.001,5000,"0.1",TRUE,0.000698413671456302,-0.000589106109840607
"bivt",0.001,5000,"0.01",TRUE,0.00119859578239157,-0.00064241085152844
"bivt",0.001,5000,"0.05",TRUE,0.00152825829765695,-0.00064693154529414
"bivt",0.001,5000,"0.1",TRUE,0.000971448023475898,-0.000613628186746882
"bivt",0.001,5000,"0.01",TRUE,0.0028,-0.000685831770859398
"bivt",0.001,5000,"0.05",TRUE,0.000918940286638751,-0.000575043674847925
"bivt",0.001,5000,"0.1",TRUE,0.000675610816930693,-0.000538083052401186
"bivt",0.001,5000,"0.01",TRUE,0.00114047537037938,-0.000623303530907078
"bivt",0.001,5000,"0.05",TRUE,0.00144676627726125,-0.000636902800090339
"bivt",0.001,5000,"0.1",TRUE,0.00108290173049138,-0.000621708797414782
"bivt",0.001,5000,"0.01",TRUE,0.00186914702046745,-0.000692218909345243
"bivt",0.001,5000,"0.05",TRUE,0.00155455831605128,-0.000715803960581607
"bivt",0.001,5000,"0.1",TRUE,0.00131513629878635,-0.000712262235844893
"bivt",0.001,5000,"0.01",TRUE,0.0026,-0.000784666606550859
"bivt",0.001,5000,"0.05",TRUE,0.00147586473770423,-0.00062829863821913
"bivt",0.001,5000,"0.1",TRUE,0.00112573830341049,-0.000585061563921756
"bivt",0.001,5000,"0.01",TRUE,0.00219036172920231,-0.000654164493303128
"bivt",0.001,5000,"0.05",TRUE,0.00119806449898416,-0.000601929468861541
"bivt",0.001,5000,"0.1",TRUE,0.00111780546477896,-0.000583526986764537
"bivt",0.001,5000,"0.01",TRUE,0.00133844689997969,-0.00065633080143478
"bivt",0.001,5000,"0.05",TRUE,0.000743955803252727,-0.000614705704016685
"bivt",0.001,5000,"0.1",TRUE,0.000683622343720638,-0.000581992324541849
"bivt",0.001,5000,"0.01",TRUE,0.00125064299842674,-0.000676327840053324
"bivt",0.001,5000,"0.05",TRUE,0.000969350600291926,-0.000614829371906084
"bivt",0.001,5000,"0.1",TRUE,0.000763029957317561,-0.000573033491222269
"bivt",0.001,5000,"0.01",TRUE,0.00150877313112975,-0.000669992056135585
"bivt",0.001,5000,"0.05",TRUE,0.00139788082136947,-0.000600553217416561
"bivt",0.001,5000,"0.1",TRUE,0.0011557811017708,-0.000569274681343664
"bivt",0.001,5000,"0.01",TRUE,0.00197779928737162,-0.000626231779269706
"bivt",0.001,5000,"0.05",TRUE,0.00186217285973654,-0.000721068271058367
"bivt",0.001,5000,"0.1",TRUE,0.000986417930786497,-0.00066993041154309
"bivt",0.001,5000,"0.01",TRUE,0.00237204688015321,-0.000757265560149094
"bivt",0.001,5000,"0.05",TRUE,0.0026,-0.000695308723599041
"bivt",0.001,5000,"0.1",TRUE,0.00216571922393162,-0.000683870261827359
"bivt",0.001,5000,"0.01",TRUE,0.003,-0.000715833397133785
"bivt",0.001,5000,"0.05",TRUE,0.001651933244833,-0.000585127692039226
"bivt",0.001,5000,"0.1",TRUE,0.00108433171138429,-0.000528563829502087
"bivt",0.001,5000,"0.01",TRUE,0.00206869259628648,-0.000634476037487035
"bivt",0.001,5000,"0.05",TRUE,0.0014647935401859,-0.000680784512153627
"bivt",0.001,5000,"0.1",TRUE,0.00115689594789001,-0.000661024241241454
"bivt",0.001,5000,"0.01",TRUE,0.0026,-0.000696288337665505
"bivt",0.001,5000,"0.05",TRUE,0.00119648017139151,-0.000571864455376239
"bivt",0.001,5000,"0.1",TRUE,0.00108973189599859,-0.000521034355924158
"bivt",0.001,5000,"0.01",TRUE,0.00147949285222103,-0.000613901650558472
"bivt",0.001,5000,"0.05",TRUE,0.00147976893561529,-0.000590240429421135
"bivt",0.001,5000,"0.1",TRUE,0.00121590295536639,-0.000554750098098244
"bivt",0.001,5000,"0.01",TRUE,0.0028,-0.000641315870799823
"bivt",0.001,5000,"0.05",TRUE,0.00101561132966983,-0.000617891480344607
"bivt",0.001,5000,"0.1",TRUE,0.00097524787182976,-0.000577201169804371
"bivt",0.001,5000,"0.01",TRUE,0.00123463764744323,-0.000662019084357026
"bivt",0.001,5000,"0.05",TRUE,0.00077718085029656,-0.000625042011732728
"bivt",0.001,5000,"0.1",TRUE,0.000558917431086446,-0.000612644963272074
"bivt",0.001,5000,"0.01",TRUE,0.00147539698953288,-0.000676338255387994
"bivt",0.001,5000,"0.05",TRUE,0.00121056702034161,-0.000612556917930216
"bivt",0.001,5000,"0.1",TRUE,0.00102324991044781,-0.000584191479675069
"bivt",0.001,5000,"0.01",TRUE,0.00222308547568139,-0.000642418850125051
"bivt",0.001,5000,"0.05",TRUE,0.000763608827212389,-0.000614436733197707
"bivt",0.001,5000,"0.1",TRUE,0.000633036473306603,-0.00058051004810048
"bivt",0.001,5000,"0.01",TRUE,0.00114398145679771,-0.000649067027964422
"bivt",0.001,5000,"0.05",TRUE,0.000415245167993813,-0.000576109083489561
"bivt",0.001,5000,"0.1",TRUE,0.000365527588490962,-0.000540680599080018
"bivt",0.001,5000,"0.01",TRUE,0.000548072132451216,-0.000609646421166678
"bivt",0.001,5000,"0.05",TRUE,0.00123073499141219,-0.000648936285731844
"bivt",0.001,5000,"0.1",TRUE,0.000779463269407971,-0.000608641412068236
"bivt",0.001,5000,"0.01",TRUE,0.00154232021578676,-0.00073960035921885
"bivt",0.001,5000,"0.05",TRUE,0.00139071127848967,-0.000602991605408673
"bivt",0.001,5000,"0.1",TRUE,0.00121848736101073,-0.000573249749377794
"bivt",0.001,5000,"0.01",TRUE,0.00240633921336885,-0.000649925113593532
"bivt",0.001,5000,"0.05",TRUE,0.00175923844615316,-0.000589168327781324
"bivt",0.001,5000,"0.1",TRUE,0.00116171118904701,-0.000527761126352351
"bivt",0.001,5000,"0.01",TRUE,0.00206763656148535,-0.000652055206109901
"bivt",0.001,5000,"0.05",TRUE,0.00104974905033531,-0.000585697612680472
"bivt",0.001,5000,"0.1",TRUE,0.000955304163357686,-0.000561635788564253
"bivt",0.001,5000,"0.01",TRUE,0.00130741378362903,-0.000646255138308593
"bivt",0.001,5000,"0.05",TRUE,0.00162671746190291,-0.000661202390399143
"bivt",0.001,5000,"0.1",TRUE,0.00127380355625758,-0.000649756317645764
"bivt",0.001,5000,"0.01",TRUE,0.00188848079387194,-0.000724373660882629
"bivt",0.001,5000,"0.05",TRUE,0.000795490293336102,-0.000547881962102763
"bivt",0.001,5000,"0.1",TRUE,0.000597557021677739,-0.000511941403680167
"bivt",0.001,5000,"0.01",TRUE,0.000885133000368,-0.000586034763884881
"bivt",0.001,5000,"0.05",TRUE,0.00226094134359647,-0.000652914186201305
"bivt",0.001,5000,"0.1",TRUE,0.00198779354598087,-0.00063432255036472
"bivt",0.001,5000,"0.01",TRUE,0.0026,-0.000696698380681012
"bivt",0.001,5000,"0.05",TRUE,0.000687083041827751,-0.000551520287558972
"bivt",0.001,5000,"0.1",TRUE,0.000630884166127615,-0.000524533361642275
"bivt",0.001,5000,"0.01",TRUE,0.000969116678373649,-0.000597105125767756
"bivt",0.001,5000,"0.05",TRUE,0.00151879530292626,-0.000600123460506705
"bivt",0.001,5000,"0.1",TRUE,0.00137652051226017,-0.000578141671819293
"bivt",0.001,5000,"0.01",TRUE,0.00215083785695519,-0.000654739230924105
"bivt",0.001,5000,"0.05",TRUE,0.00142930761644265,-0.0006632978131938
"bivt",0.001,5000,"0.1",TRUE,0.00117917317789619,-0.000642226474840795
"bivt",0.001,5000,"0.01",TRUE,0.00223089097769709,-0.000706373071349214
"bivt",0.001,5000,"0.05",TRUE,0.00182620652052113,-0.000723109275726656
"bivt",0.001,5000,"0.1",FALSE,0.00141376068294635,-0.000698727793878982
"bivt",0.001,5000,"0.01",TRUE,0.0026,-0.000747258780220827
"bivt",0.001,5000,"0.05",TRUE,0.00121992032011836,-0.00054512015443484
"bivt",0.001,5000,"0.1",TRUE,0.000815775654789164,-0.000504906580806967
"bivt",0.001,5000,"0.01",TRUE,0.00155077303826798,-0.000597627167663797
"bivt",0.001,5000,"0.05",TRUE,0.00107467176866598,-0.000671937105379413
"bivt",0.001,5000,"0.1",TRUE,0.000972004294094702,-0.000650581091344289
"bivt",0.001,5000,"0.01",TRUE,0.00163328603323582,-0.000721220566508558
"bivt",0.001,5000,"0.05",TRUE,0.00106682554577818,-0.000745066473262575
"bivt",0.001,5000,"0.1",TRUE,0.00101493177600229,-0.000677060784337662
"bivt",0.001,5000,"0.01",TRUE,0.00205055173139319,-0.000761549569478392
"bivt",0.001,5000,"0.05",TRUE,0.00104001193101299,-0.000630142836828166
"bivt",0.001,5000,"0.1",TRUE,0.000726558565644863,-0.000609201359986208
"bivt",0.001,5000,"0.01",TRUE,0.00112675545866521,-0.000668659265774788
"bivt",0.001,5000,"0.05",TRUE,0.000771252229605644,-0.000578425543580977
"bivt",0.001,5000,"0.1",TRUE,0.000612123327298644,-0.000536983570143438
"bivt",0.001,5000,"0.01",TRUE,0.000938906237943431,-0.000633275573177909
"bivt",0.001,5000,"0.05",TRUE,0.00106782069517863,-0.000676713740718711
"bivt",0.001,5000,"0.1",TRUE,0.000735781383640803,-0.000632425452476115
"bivt",0.001,5000,"0.01",TRUE,0.00139969760067568,-0.000716896480527009
"bivt",0.001,5000,"0.05",TRUE,0.00147949050194697,-0.000619730203934714
"bivt",0.001,5000,"0.1",TRUE,0.00117818701299711,-0.000602558116100887
"bivt",0.001,5000,"0.01",TRUE,0.00209281889876889,-0.000707509826909329
"bivt",0.001,5000,"0.05",FALSE,0.00121698462797143,-0.000689103922035179
"bivt",0.001,5000,"0.1",FALSE,0.00102532475836674,-0.000668496134967772
"bivt",0.001,5000,"0.01",TRUE,0.00143553271684077,-0.000741349904091842
"bivt",0.001,5000,"0.05",TRUE,0.00143884672210417,-0.000631450538456869
"bivt",0.001,5000,"0.1",TRUE,0.00124076506096944,-0.000605247115752421
"bivt",0.001,5000,"0.01",TRUE,0.00209375120697834,-0.000689758907202642
"bivt",0.001,5000,"0.05",TRUE,0.000759144362489962,-0.000675251093526663
"bivt",0.001,5000,"0.1",TRUE,0.000630477360348959,-0.000630181817597459
"bivt",0.001,5000,"0.01",TRUE,0.00101947186113175,-0.000693812860894473
"bivt",0.001,5000,"0.05",FALSE,0.000794420127734402,-0.00057036150303572
"bivt",0.001,5000,"0.1",FALSE,0.000693152583639766,-0.000548331040639618
"bivt",0.001,5000,"0.01",FALSE,0.000995695498638093,-0.000608370588800914
"bivt",0.001,5000,"0.05",TRUE,0.000830934617941441,-0.000606919578691365
"bivt",0.001,5000,"0.1",TRUE,0.000677316934675185,-0.000582488956991987
"bivt",0.001,5000,"0.01",TRUE,0.0016028274758802,-0.000661552569941753
"bivt",0.001,5000,"0.05",TRUE,0.00202807123684876,-0.000619907173940114
"bivt",0.001,5000,"0.1",TRUE,0.00120737957032466,-0.000581780908178925
"bivt",0.001,5000,"0.01",TRUE,0.00280099999999998,-0.000694544949266268
"bivt",0.001,5000,"0.05",TRUE,0.00096919752049509,-0.000563009602264759
"bivt",0.001,5000,"0.1",TRUE,0.000733857344502516,-0.000536314724168055
"bivt",0.001,5000,"0.01",TRUE,0.00169617766423089,-0.000611041454696328
"bivt",0.001,5000,"0.05",TRUE,0.00116492647685931,-0.000658525771691389
"bivt",0.001,5000,"0.1",TRUE,0.00115492102127368,-0.000630755896669279
"bivt",0.001,5000,"0.01",TRUE,0.00156480953278839,-0.000712405280158414
"bivt",0.001,5000,"0.05",TRUE,0.00172344917057403,-0.000607101803615286
"bivt",0.001,5000,"0.1",TRUE,0.0013930597309632,-0.000580025506742474
"bivt",0.001,5000,"0.01",TRUE,0.0026,-0.000653281719218987
"bivt",0.001,5000,"0.05",TRUE,0.00164192816335353,-0.000693669403045061
"bivt",0.001,5000,"0.1",TRUE,0.00139941844125317,-0.000659335037117133
"bivt",0.001,5000,"0.01",TRUE,0.0026,-0.000741281864088384
"bivt",0.001,5000,"0.05",TRUE,0.00109102361053518,-0.000644476800220877
"bivt",0.001,5000,"0.1",TRUE,0.000982851885858908,-0.000631513546956836
"bivt",0.001,5000,"0.01",TRUE,0.00133649627762241,-0.000672350424748699
"bivt",0.001,5000,"0.05",FALSE,0.000489817009925177,-0.000514196412950141
"bivt",0.001,5000,"0.1",FALSE,0.000395519779968146,-0.000466120137262258
"bivt",0.001,5000,"0.01",TRUE,0.000585915027417797,-0.000571880134866906
"bivt",0.001,5000,"0.05",TRUE,0.00100698786968119,-0.000564426068656163
"bivt",0.001,5000,"0.1",TRUE,0.000812165453202228,-0.000545080247544865
"bivt",0.001,5000,"0.01",TRUE,0.00117913415248372,-0.00061038742306997
"bivt",0.001,5000,"0.05",TRUE,0.000787208532345498,-0.000604388294111566
"bivt",0.001,5000,"0.1",TRUE,0.000743108062526131,-0.000573454368819666
"bivt",0.001,5000,"0.01",TRUE,0.0008636135096883,-0.000649596952095441
"bivt",0.001,5000,"0.05",TRUE,0.00163867089691932,-0.000657552713852886
"bivt",0.001,5000,"0.1",TRUE,0.00148460355146323,-0.000640727109481695
"bivt",0.001,5000,"0.01",TRUE,0.00234610908347096,-0.000721445868787672
"bivt",0.001,5000,"0.05",TRUE,0.00114130004459079,-0.000589698747066288
"bivt",0.001,5000,"0.1",TRUE,0.000958096832729963,-0.000551942867707279
"bivt",0.001,5000,"0.01",TRUE,0.00163964753306099,-0.00062204843478403
"bivt",0.001,5000,"0.05",TRUE,0.00134141554960921,-0.000610427973070268
"bivt",0.001,5000,"0.1",TRUE,0.000863156382735816,-0.000571514043456906
"bivt",0.001,5000,"0.01",TRUE,0.00148022926961996,-0.000676796161454361
"bivt",0.001,5000,"0.05",TRUE,0.00139952700342605,-0.000568910839791567
"bivt",0.001,5000,"0.1",TRUE,0.00111133302359226,-0.000535889233588144
"bivt",0.001,5000,"0.01",TRUE,0.00191991387207533,-0.000648852672074799
"bivt",0.001,5000,"0.05",TRUE,0.000654937490893873,-0.00059659992223539
"bivt",0.001,5000,"0.1",TRUE,0.000487778383206943,-0.000573069561784756
"bivt",0.001,5000,"0.01",TRUE,0.00101222784619031,-0.000639333999585291
"bivt",0.001,5000,"0.05",TRUE,0.0026,-0.000610663963627111
"bivt",0.001,5000,"0.1",TRUE,0.00168999990687391,-0.000584929074971206
"bivt",0.001,5000,"0.01",TRUE,0.003,-0.000652701086739866
"bivt",0.001,5000,"0.05",TRUE,0.00142785917971189,-0.000632137147305103
"bivt",0.001,5000,"0.1",TRUE,0.00120984341995608,-0.000608197697198469
"bivt",0.001,5000,"0.01",TRUE,0.00221688175207948,-0.000671331414936121
"bivt",0.001,5000,"0.05",TRUE,0.00169097361377016,-0.000645422352012665
"bivt",0.001,5000,"0.1",TRUE,0.00117833169963334,-0.000598620481853935
"bivt",0.001,5000,"0.01",TRUE,0.0026,-0.000675988001026027
"bivt",0.001,5000,"0.05",TRUE,0.000870850120687409,-0.00058511435247304
"bivt",0.001,5000,"0.1",TRUE,0.000630277649963561,-0.000544634421467757
"bivt",0.001,5000,"0.01",TRUE,0.00103403616057082,-0.000625097892587689
"bivt",0.001,5000,"0.05",TRUE,0.000748186699042125,-0.000567883743002194
"bivt",0.001,5000,"0.1",TRUE,0.000655582490796582,-0.000545610906771893
"bivt",0.001,5000,"0.01",TRUE,0.00100360672276528,-0.000640249039071165
"bivt",0.001,5000,"0.05",TRUE,0.00170551734309416,-0.000676458916204707
"bivt",0.001,5000,"0.1",TRUE,0.00106372416347475,-0.000653607357594805
"bivt",0.001,5000,"0.01",TRUE,0.00237132750292145,-0.000690905725856138
"bivt",0.001,5000,"0.05",TRUE,0.000968991324293142,-0.000619047079702044
"bivt",0.001,5000,"0.1",TRUE,0.000943140668518361,-0.000610704337679663
"bivt",0.001,5000,"0.01",TRUE,0.00123834255238871,-0.000683820032787112
"bivt",0.001,5000,"0.05",TRUE,0.00108276343334453,-0.000619530149682749
"bivt",0.001,5000,"0.1",TRUE,0.000757529081556221,-0.000587384726799033
"bivt",0.001,5000,"0.01",TRUE,0.0026,-0.000683995345871676
"bivt",0.001,5000,"0.05",TRUE,0.00157374391732383,-0.000704410123937682
"bivt",0.001,5000,"0.1",TRUE,0.00153204980322937,-0.000693524771040319
"bivt",0.001,5000,"0.01",TRUE,0.00203635211708978,-0.000718499056684837
"bivt",0.001,5000,"0.05",TRUE,0.00183348691414862,-0.000636303070038555
"bivt",0.001,5000,"0.1",TRUE,0.00135218030465502,-0.000607614126144884
"bivt",0.001,5000,"0.01",TRUE,0.0026,-0.000717051206405919
"bivt",0.001,5000,"0.05",FALSE,0.000671689569266942,-0.000554036539171766
"bivt",0.001,5000,"0.1",FALSE,0.000583609256099669,-0.000531516935532864
"bivt",0.001,5000,"0.01",FALSE,0.00120339138041277,-0.000600834929068752
"bivt",0.001,5000,"0.05",TRUE,0.00184481648224145,-0.000688886907610168
"bivt",0.001,5000,"0.1",TRUE,0.00145644285618504,-0.00068240197347653
"bivt",0.001,5000,"0.01",TRUE,0.00195050501408965,-0.000732766123999026
"bivt",0.001,5000,"0.05",TRUE,0.000952085400269639,-0.00073933741527706
"bivt",0.001,5000,"0.1",TRUE,0.000682987012603084,-0.000718605660560074
"bivt",0.001,5000,"0.01",TRUE,0.00128616849743396,-0.000760209530832253
"bivt",0.001,5000,"0.05",TRUE,0.00107750425917125,-0.000550306430416053
"bivt",0.001,5000,"0.1",TRUE,0.000900843811756339,-0.000532981296741533
"bivt",0.001,5000,"0.01",TRUE,0.00154550557017929,-0.00059632420888506
"bivt",0.001,5000,"0.05",TRUE,0.000709927665674433,-0.000521220503398351
"bivt",0.001,5000,"0.1",TRUE,0.000554855962126356,-0.000497121830035446
"bivt",0.001,5000,"0.01",TRUE,0.00115716699194168,-0.000581861536488927
"bivt",0.001,5000,"0.05",TRUE,0.000878243684799291,-0.000621509578462974
"bivt",0.001,5000,"0.1",TRUE,0.000776837633567085,-0.000591645165859383
"bivt",0.001,5000,"0.01",TRUE,0.00101130358780356,-0.000646700055486166
"bivt",0.001,5000,"0.05",TRUE,0.00168120406139497,-0.000649551977572577
"bivt",0.001,5000,"0.1",TRUE,0.00128268397778918,-0.000591484792380427
"bivt",0.001,5000,"0.01",TRUE,0.00197156479438623,-0.000715558176632631
"bivt",0.001,5000,"0.05",TRUE,0.00119392199196686,-0.000575120739879208
"bivt",0.001,5000,"0.1",TRUE,0.00109867680421209,-0.000553676191587391
"bivt",0.001,5000,"0.01",TRUE,0.00222732533500755,-0.000636575374229874
"bivt",0.001,5000,"0.05",TRUE,0.00171460950665411,-0.000715629143119294
"bivt",0.001,5000,"0.1",TRUE,0.00165824867535556,-0.000703505660326046
"bivt",0.001,5000,"0.01",TRUE,0.00187509809435925,-0.000750413380743676
"bivt",0.001,5000,"0.05",TRUE,0.00167658959982793,-0.000633102308054485
"bivt",0.001,5000,"0.1",TRUE,0.00140795069499752,-0.000607999079495154
"bivt",0.001,5000,"0.01",TRUE,0.0026,-0.000673680343843265
"bivt",0.001,5000,"0.05",TRUE,0.00209734868429708,-0.000645604579850336
"bivt",0.001,5000,"0.1",TRUE,0.00101007809339519,-0.000617282751452918
"bivt",0.001,5000,"0.01",TRUE,0.0028,-0.000690932304712861
"bivt",0.001,5000,"0.05",TRUE,0.000878226029116958,-0.000569067502747242
"bivt",0.001,5000,"0.1",TRUE,0.00080205535883759,-0.000524913502326379
"bivt",0.001,5000,"0.01",TRUE,0.00128063297152211,-0.000638302338717717
"bivt",0.001,5000,"0.05",TRUE,0.00157017213624634,-0.000659973448398824
"bivt",0.001,5000,"0.1",TRUE,0.00102536818481847,-0.000635547342048767
"bivt",0.001,5000,"0.01",TRUE,0.0023053570772917,-0.000693509391006032
"bivt",0.001,5000,"0.05",TRUE,0.00124491946302693,-0.000558796250726935
"bivt",0.001,5000,"0.1",TRUE,0.0010053556932428,-0.000539470351936073
"bivt",0.001,5000,"0.01",TRUE,0.00141928413539809,-0.000603839310520949
"bivt",0.001,5000,"0.05",TRUE,0.00160983470513587,-0.000633424710754148
"bivt",0.001,5000,"0.1",TRUE,0.00147874535253815,-0.000625165642230653
"bivt",0.001,5000,"0.01",TRUE,0.00210467780084597,-0.000687065490001595
"bivt",0.001,5000,"0.05",TRUE,0.00150756542171622,-0.000692680551854592
"bivt",0.001,5000,"0.1",TRUE,0.00115821442025374,-0.000660097898577402
"bivt",0.001,5000,"0.01",TRUE,0.00212413868655509,-0.000723606528542766
"bivt",0.001,5000,"0.05",TRUE,0.000990660064868014,-0.000706543026192206
"bivt",0.001,5000,"0.1",TRUE,0.000837791439433665,-0.000669680319496369
"bivt",0.001,5000,"0.01",TRUE,0.00113900555430885,-0.000743388502892471
"bivt",0.001,5000,"0.05",TRUE,0.00113893057292009,-0.000568151893437613
"bivt",0.001,5000,"0.1",TRUE,0.0007422266909267,-0.000553099087318731
"bivt",0.001,5000,"0.01",TRUE,0.00147118118411265,-0.000612380778834871
"bivt",0.001,5000,"0.05",TRUE,0.00231575208050173,-0.000701748023701567
"bivt",0.001,5000,"0.1",TRUE,0.00211648220221236,-0.000672183082904645
"bivt",0.001,5000,"0.01",TRUE,0.0028,-0.000788285270807348
"bivt",0.001,5000,"0.05",TRUE,0.00213865906479605,-0.000649205735657693
"bivt",0.001,5000,"0.1",TRUE,0.00163830429005094,-0.000610611480731485
"bivt",0.001,5000,"0.01",TRUE,0.00220696919437808,-0.000697639343267325
"bivt",0.001,5000,"0.05",TRUE,0.000714560813985665,-0.000633280438078608
"bivt",0.001,5000,"0.1",TRUE,0.000631196186518677,-0.000599491698326108
"bivt",0.001,5000,"0.01",TRUE,0.00123321364030394,-0.000672661132234716
"bivt",0.001,5000,"0.05",TRUE,0.001357063110319,-0.000594452735147527
"bivt",0.001,5000,"0.1",TRUE,0.000984561331163915,-0.000542846541370185
"bivt",0.001,5000,"0.01",TRUE,0.00175031009231454,-0.000665657035808005
"bivt",0.001,5000,"0.05",TRUE,0.00205288340421667,-0.000620693312594179
"bivt",0.001,5000,"0.1",TRUE,0.00179764307614163,-0.000598044340405623
"bivt",0.001,5000,"0.01",TRUE,0.0028,-0.000660460616985736
"bivt",0.001,5000,"0.05",TRUE,0.00201330701401974,-0.000579736883918806
"bivt",0.001,5000,"0.1",TRUE,0.00158833850265047,-0.000558293851201849
"bivt",0.001,5000,"0.01",TRUE,0.00226483906263718,-0.000634405231629407
"bivt",0.001,5000,"0.05",TRUE,0.00110062006525398,-0.000656817101093748
"bivt",0.001,5000,"0.1",TRUE,0.000901779708898498,-0.000652754862609057
"bivt",0.001,5000,"0.01",TRUE,0.00149531695962811,-0.000701298962413586
"bivt",0.001,5000,"0.05",FALSE,0.000896455682530308,-0.000528249076984483
"bivt",0.001,5000,"0.1",FALSE,0.000752380571529802,-0.00051535387086721
"bivt",0.001,5000,"0.01",TRUE,0.00143550651169744,-0.000607628816596874
"bivt",0.001,5000,"0.05",TRUE,0.00241380308455616,-0.00062499793782928
"bivt",0.001,5000,"0.1",TRUE,0.00133246402517474,-0.000568916253587528
"bivt",0.001,5000,"0.01",TRUE,0.0028,-0.000658236753229512
"bivt",0.001,5000,"0.05",TRUE,0.00155791303721791,-0.000714666444758043
"bivt",0.001,5000,"0.1",TRUE,0.00134025928965405,-0.000694183249864008
"bivt",0.001,5000,"0.01",TRUE,0.00260099999999998,-0.000770805754147946
"bivt",0.001,5000,"0.05",TRUE,0.00230839428126329,-0.000745391180555499
"bivt",0.001,5000,"0.1",TRUE,0.00136379718864532,-0.000734989736200771
"bivt",0.001,5000,"0.01",TRUE,0.0028,-0.000765653429239331
"bivt",0.001,5000,"0.05",TRUE,0.00108189110410807,-0.000638903611472648
"bivt",0.001,5000,"0.1",TRUE,0.000912422677444554,-0.000611864137940165
"bivt",0.001,5000,"0.01",TRUE,0.00196766549623628,-0.000696435844653352
"bivt",0.001,5000,"0.05",TRUE,0.00109852220702947,-0.000651081140784321
"bivt",0.001,5000,"0.1",TRUE,0.000826992285985669,-0.000616617389517312
"bivt",0.001,5000,"0.01",TRUE,0.00140090490718559,-0.00070963808617491
"bivt",0.001,5000,"0.05",TRUE,0.00107963369111608,-0.000606634262268964
"bivt",0.001,5000,"0.1",TRUE,0.00087742821605632,-0.000589305218973607
"bivt",0.001,5000,"0.01",TRUE,0.00127670582992272,-0.000641201996072055
"bivt",0.001,5000,"0.05",FALSE,0.000648096219626746,-0.000569678668343768
"bivt",0.001,5000,"0.1",FALSE,0.000481497940369379,-0.000548010396740043
"bivt",0.001,5000,"0.01",TRUE,0.00093536242896158,-0.000616473173125051
"bivt",0.001,5000,"0.05",TRUE,0.000915115891546212,-0.00062698412402177
"bivt",0.001,5000,"0.1",TRUE,0.000722503884757431,-0.000603028943232134
"bivt",0.001,5000,"0.01",TRUE,0.00143112262166957,-0.000685978329720448
"bivt",0.001,5000,"0.05",TRUE,0.00116686709667025,-0.000649521192532845
"bivt",0.001,5000,"0.1",TRUE,0.000949457664429336,-0.000628401899832171
"bivt",0.001,5000,"0.01",TRUE,0.00187652077334944,-0.000699851825138739
"bivt",0.001,5000,"0.05",TRUE,0.00155503975357662,-0.000663642254406577
"bivt",0.001,5000,"0.1",TRUE,0.00108179669769079,-0.000641281053108696
"bivt",0.001,5000,"0.01",TRUE,0.00214308260148147,-0.00070583989583977
"bivt",0.001,5000,"0.05",TRUE,0.000784548582544485,-0.000600728097980886
"bivt",0.001,5000,"0.1",TRUE,0.000727079688073913,-0.00057459482715107
"bivt",0.001,5000,"0.01",TRUE,0.00108973306011022,-0.000652395723327047
"bivt",0.001,5000,"0.05",TRUE,0.00111280874045627,-0.000520176679720334
"bivt",0.001,5000,"0.1",TRUE,0.000968088810175634,-0.000497265502143331
"bivt",0.001,5000,"0.01",TRUE,0.00151836213848689,-0.000602761240039716
"bivt",0.001,5000,"0.05",TRUE,0.00122533753965766,-0.000649677682149073
"bivt",0.001,5000,"0.1",TRUE,0.00120570205787252,-0.000622322780605788
"bivt",0.001,5000,"0.01",TRUE,0.00174408328285866,-0.000697960066656171
"bivt",0.001,5000,"0.05",TRUE,0.00105568874861793,-0.000576042126393608
"bivt",0.001,5000,"0.1",TRUE,0.000887619244506282,-0.000545183163835947
"bivt",0.001,5000,"0.01",TRUE,0.00201024684973541,-0.000629494078505249
"bivt",0.001,5000,"0.05",TRUE,0.00131193181382049,-0.000623142766506186
"bivt",0.001,5000,"0.1",TRUE,0.00100240789421367,-0.000603734450168347
"bivt",0.001,5000,"0.01",TRUE,0.00230984601073337,-0.000664326367534634
"bivt",0.001,5000,"0.05",TRUE,0.000791026142101794,-0.000651726304842235
"bivt",0.001,5000,"0.1",TRUE,0.000568885659640195,-0.000628876200282307
"bivt",0.001,5000,"0.01",TRUE,0.00105852217320485,-0.000726353534278894
"bivt",0.001,5000,"0.05",TRUE,0.00227538786694312,-0.00060168857493679
"bivt",0.001,5000,"0.1",TRUE,0.00220946025548951,-0.000564817818145276
"bivt",0.001,5000,"0.01",TRUE,0.0026,-0.000651021314117616
"bivt",0.001,5000,"0.05",TRUE,0.00123378769561713,-0.000677143796722924
"bivt",0.001,5000,"0.1",TRUE,0.000963391975502407,-0.000650025375298383
"bivt",0.001,5000,"0.01",TRUE,0.00140387660703007,-0.000720582332849569
"bivt",0.001,5000,"0.05",TRUE,0.00106335722240718,-0.000604370026963706
"bivt",0.001,5000,"0.1",TRUE,0.000962529207004443,-0.000579344802576781
"bivt",0.001,5000,"0.01",TRUE,0.00142055319192496,-0.000642918418073128
"bivt",0.001,5000,"0.05",TRUE,0.00130573479906311,-0.000639616673429468
"bivt",0.001,5000,"0.1",TRUE,0.00107922064573253,-0.000599107419123313
"bivt",0.001,5000,"0.01",TRUE,0.00210524041331889,-0.000672772794422142
"bivt",0.001,5000,"0.05",TRUE,0.00240987545727447,-0.000645880625141815
"bivt",0.001,5000,"0.1",TRUE,0.0017925292747625,-0.000639221451459615
"bivt",0.001,5000,"0.01",TRUE,0.00280099999999998,-0.00068942502585287
"bivt",0.001,5000,"0.05",TRUE,0.000657715710406998,-0.000585468404870357
"bivt",0.001,5000,"0.1",FALSE,0.000582197868088791,-0.000552121513444543
"bivt",0.001,5000,"0.01",TRUE,0.000894424924736916,-0.000618380368737766
"bivt",0.001,5000,"0.05",TRUE,0.000821759392716288,-0.000630675364187615
"bivt",0.001,5000,"0.1",TRUE,0.000688618836574289,-0.00058697075382357
"bivt",0.001,5000,"0.01",TRUE,0.00110807159504556,-0.000688134959819133
"bivt",0.001,5000,"0.05",TRUE,0.00168143289663865,-0.000594971476794425
"bivt",0.001,5000,"0.1",TRUE,0.00142701275058379,-0.000571534117410938
"bivt",0.001,5000,"0.01",TRUE,0.00222897108014672,-0.000660273017537255
"bivt",0.001,5000,"0.05",FALSE,0.000837953872059905,-0.000518221963417215
"bivt",0.001,5000,"0.1",FALSE,0.000755231935029402,-0.000494131013450823
"bivt",0.001,5000,"0.01",FALSE,0.00109738087780127,-0.000593920067445222
"bivt",0.001,5000,"0.05",TRUE,0.000726234993576791,-0.000595758676479275
"bivt",0.001,5000,"0.1",TRUE,0.000525006270103757,-0.000557880482964458
"bivt",0.001,5000,"0.01",TRUE,0.00101342960843078,-0.000647465710351658
"bivt",0.001,5000,"0.05",TRUE,0.0026,-0.000656106698529559
"bivt",0.001,5000,"0.1",TRUE,0.00180929941907462,-0.000645467373213891
"bivt",0.001,5000,"0.01",TRUE,0.003,-0.000699788374639457
"bivt",0.001,5000,"0.05",TRUE,0.0013009907233588,-0.000608109747136244
"bivt",0.001,5000,"0.1",TRUE,0.0012063730823567,-0.00056707907708074
"bivt",0.001,5000,"0.01",TRUE,0.00163090183367156,-0.000617756709390805
"bivt",0.001,5000,"0.05",TRUE,0.000848382476365094,-0.000598693657200154
"bivt",0.001,5000,"0.1",TRUE,0.000834717805612989,-0.000578607801903415
"bivt",0.001,5000,"0.01",TRUE,0.00114747407394925,-0.000636488970062114
"bivt",0.001,5000,"0.05",TRUE,0.0026,-0.00065743002392472
"bivt",0.001,5000,"0.1",TRUE,0.00133323799281546,-0.000638339156671249
"bivt",0.001,5000,"0.01",TRUE,0.003,-0.000684352455905588
"bivt",0.001,5000,"0.05",TRUE,0.00144282251141534,-0.000620787074757643
"bivt",0.001,5000,"0.1",TRUE,0.00125663961641372,-0.000604529543866327
"bivt",0.001,5000,"0.01",TRUE,0.00189421104966926,-0.000717494397267127
"bivt",0.001,5000,"0.05",TRUE,0.000801955574538799,-0.000600175100428092
"bivt",0.001,5000,"0.1",TRUE,0.00072409853548069,-0.000582766889059935
"bivt",0.001,5000,"0.01",TRUE,0.000915410919620037,-0.000646515763795819
"bivt",0.001,5000,"0.05",TRUE,0.00110528528554954,-0.000633560215994005
"bivt",0.001,5000,"0.1",TRUE,0.000809488031234431,-0.000623208085782959
"bivt",0.001,5000,"0.01",TRUE,0.00129027047493464,-0.000678796747108238
"bivt",0.001,5000,"0.05",TRUE,0.00184793875017337,-0.000537191344961774
"bivt",0.001,5000,"0.1",TRUE,0.00140289088766168,-0.000509192304041982
"bivt",0.001,5000,"0.01",TRUE,0.0026,-0.000594584771927791
"bivt",0.001,5000,"0.05",TRUE,0.000951949441254226,-0.000586462267009365
"bivt",0.001,5000,"0.1",TRUE,0.000791388190877315,-0.000570137573813479
"bivt",0.001,5000,"0.01",TRUE,0.00170805939372117,-0.000700101361822371
"bivt",0.001,5000,"0.05",TRUE,0.000848186189418614,-0.000607284460221734
"bivt",0.001,5000,"0.1",TRUE,0.000704498944234308,-0.000565676492449982
"bivt",0.001,5000,"0.01",TRUE,0.00106756605970563,-0.000645212621982952
"bivt",0.001,5000,"0.05",TRUE,0.000810053809307167,-0.000542641820714683
"bivt",0.001,5000,"0.1",TRUE,0.00070915241603185,-0.000508255687197045
"bivt",0.001,5000,"0.01",TRUE,0.0011222423604937,-0.000618724525547542
"bivt",0.001,5000,"0.05",TRUE,0.00101984409901653,-0.00064532178136022
"bivt",0.001,5000,"0.1",TRUE,0.000826205772654535,-0.000587889066375187
"bivt",0.001,5000,"0.01",TRUE,0.00135314018447384,-0.000691769902108047
"bivt",0.001,5000,"0.05",TRUE,0.000995137972459841,-0.000594002808981389
"bivt",0.001,5000,"0.1",TRUE,0.000719904251129848,-0.000552841064120602
"bivt",0.001,5000,"0.01",TRUE,0.00131508859890526,-0.000640367934585336
"bivt",0.001,5000,"0.05",TRUE,0.000859422332205779,-0.000554392796236806
"bivt",0.001,5000,"0.1",TRUE,0.000582091775082038,-0.000536727235636192
"bivt",0.001,5000,"0.01",TRUE,0.00124279310968644,-0.000615720183345792
"bivt",0.001,5000,"0.05",TRUE,0.00120175484645854,-0.000717338090514517
"bivt",0.001,5000,"0.1",TRUE,0.00109984172058725,-0.000691156508589859
"bivt",0.001,5000,"0.01",TRUE,0.00155948894972813,-0.000737830043632893
"bivt",0.001,5000,"0.05",TRUE,0.000823203235543793,-0.000645932885718652
"bivt",0.001,5000,"0.1",TRUE,0.000800324551985708,-0.000630104596883983
"bivt",0.001,5000,"0.01",TRUE,0.00130031472928105,-0.000690724486311811
"bivt",0.001,5000,"0.05",TRUE,0.000936273005801326,-0.0006417083512111
"bivt",0.001,5000,"0.1",TRUE,0.000704865978265012,-0.000601926705950008
"bivt",0.001,5000,"0.01",TRUE,0.00113117659241929,-0.000681955394748767
"bivt",0.001,5000,"0.05",TRUE,0.000999231453760854,-0.000682187336908327
"bivt",0.001,5000,"0.1",TRUE,0.000779818772777118,-0.000663675618559225
"bivt",0.001,5000,"0.01",TRUE,0.00177495525997024,-0.000715725456545357
"bivt",0.001,5000,"0.05",TRUE,0.00088197037517753,-0.000660715314329727
"bivt",0.001,5000,"0.1",TRUE,0.000702200056828408,-0.000618649764908631
"bivt",0.001,5000,"0.01",TRUE,0.0012475972995998,-0.000701046213741672
"bivt",0.001,5000,"0.05",TRUE,0.0015836785839034,-0.000594358852928722
"bivt",0.001,5000,"0.1",TRUE,0.00113085537666615,-0.000567551990564238
"bivt",0.001,5000,"0.01",TRUE,0.0026,-0.000666957063287124
"bivt",0.001,5000,"0.05",TRUE,0.00142922626238503,-0.000658892678276985
"bivt",0.001,5000,"0.1",TRUE,0.00122682167978656,-0.000618810679349666
"bivt",0.001,5000,"0.01",TRUE,0.00165618326912795,-0.000693184833516793
"bivt",0.001,5000,"0.05",TRUE,0.000912974004752264,-0.000632155674995927
"bivt",0.001,5000,"0.1",TRUE,0.000786576118811123,-0.000599147112455441
"bivt",0.001,5000,"0.01",TRUE,0.00149126568488801,-0.000648583081030698
"bivt",0.001,5000,"0.05",TRUE,0.000829541598658257,-0.000583313688498346
"bivt",0.001,5000,"0.1",TRUE,0.000780523380442586,-0.000537623768989273
"bivt",0.001,5000,"0.01",TRUE,0.00104612780574232,-0.000634658147651972
"bivt",0.001,5000,"0.05",TRUE,0.00104964996248064,-0.000605750834587513
"bivt",0.001,5000,"0.1",TRUE,0.000905484425995139,-0.000549899582655246
"bivt",0.001,5000,"0.01",TRUE,0.00176077516026448,-0.000674263523192176
"bivt",0.001,5000,"0.05",TRUE,0.00131458106071874,-0.000684126682866729
"bivt",0.001,5000,"0.1",TRUE,0.00103499832101482,-0.000653817142819389
"bivt",0.001,5000,"0.01",TRUE,0.00201120597300707,-0.000722093734467146
"bivt",0.001,5000,"0.05",TRUE,0.000706500888815474,-0.000680310952697513
"bivt",0.001,5000,"0.1",TRUE,0.000620275903057817,-0.00060520293409223
"bivt",0.001,5000,"0.01",TRUE,0.00105416566972354,-0.000709788982265193
"bivt",0.001,5000,"0.05",TRUE,0.00115688584967535,-0.000592670571600715
"bivt",0.001,5000,"0.1",TRUE,0.000898772312146714,-0.000536463900133082
"bivt",0.001,5000,"0.01",TRUE,0.00180832579764479,-0.000614432741079295
"bivt",0.001,5000,"0.05",TRUE,0.00154384160466127,-0.000549932683501235
"bivt",0.001,5000,"0.1",TRUE,0.00111852082461121,-0.000521006173926884
"bivt",0.001,5000,"0.01",TRUE,0.0028,-0.000586663875401405
"bivt",0.001,5000,"0.05",TRUE,0.000678714134875634,-0.000518162080986565
"bivt",0.001,5000,"0.1",TRUE,0.000532530182266856,-0.000507630836424959
"bivt",0.001,5000,"0.01",TRUE,0.00107419227113244,-0.000593868482356309
"bivt",0.001,5000,"0.05",TRUE,0.0020206878966705,-0.00059909375264348
"bivt",0.001,5000,"0.1",TRUE,0.00134299702792749,-0.000568159897911003
"bivt",0.001,5000,"0.01",TRUE,0.0026,-0.000645401085345451
"bivt",0.001,5000,"0.05",TRUE,0.00135107020593248,-0.000663334235915501
"bivt",0.001,5000,"0.1",TRUE,0.00118201246275301,-0.000655662159073547
"bivt",0.001,5000,"0.01",TRUE,0.00152281246259938,-0.000694213598356561
"bivt",0.001,5000,"0.05",TRUE,0.00200069838897956,-0.000636609924775279
"bivt",0.001,5000,"0.1",TRUE,0.00166332748274506,-0.000611666048908454
"bivt",0.001,5000,"0.01",TRUE,0.0026,-0.000714803608194758
"bivt",0.001,5000,"0.05",TRUE,0.00108996903075952,-0.000646311465738178
"bivt",0.001,5000,"0.1",TRUE,0.000940382239889536,-0.000640628032941837
"bivt",0.001,5000,"0.01",TRUE,0.00142985791541433,-0.000687219759083914
"bivt",0.001,5000,"0.05",TRUE,0.00225438637300318,-0.000570597285317889
"bivt",0.001,5000,"0.1",TRUE,0.00158103410433307,-0.000548315656221463
"bivt",0.001,5000,"0.01",TRUE,0.0026,-0.000655019451166727
"bivt",0.001,5000,"0.05",TRUE,0.000935803791172739,-0.000647892220326782
"bivt",0.001,5000,"0.1",TRUE,0.000927516869971832,-0.000615627899151178
"bivt",0.001,5000,"0.01",TRUE,0.00109997112672345,-0.000681168873241687
"bivt",0.001,5000,"0.05",TRUE,0.000911644397255908,-0.00069723746847925
"bivt",0.001,5000,"0.1",TRUE,0.000616337004168426,-0.000643427161577175
"bivt",0.001,5000,"0.01",TRUE,0.00135804090267403,-0.00072863130963022
"bivt",0.001,5000,"0.05",TRUE,0.00134538803820964,-0.000610520953530819
"bivt",0.001,5000,"0.1",TRUE,0.00111503488520595,-0.000580287799112914
"bivt",0.001,5000,"0.01",TRUE,0.00171148063149676,-0.000657203234439628
"bivt",0.001,5000,"0.05",TRUE,0.00107242775991949,-0.000575527699838057
"bivt",0.001,5000,"0.1",TRUE,0.000941917940338534,-0.000539295159119819
"bivt",0.001,5000,"0.01",TRUE,0.00146962759319707,-0.000616896369552519
"bivt",0.001,5000,"0.05",TRUE,0.000534098866309187,-0.000579292528960039
"bivt",0.001,5000,"0.1",TRUE,0.000470303333332281,-0.000539031931893433
"bivt",0.001,5000,"0.01",TRUE,0.000664176074461278,-0.00064118806807437
"bivt",0.001,5000,"0.05",TRUE,0.00078354327444653,-0.000526240999276217
"bivt",0.001,5000,"0.1",TRUE,0.000683843492025999,-0.000502811794803501
"bivt",0.001,5000,"0.01",TRUE,0.0010757796875393,-0.000572881825086916
"bivt",0.001,5000,"0.05",TRUE,0.00129686771577372,-0.000566169768939729
"bivt",0.001,5000,"0.1",TRUE,0.000999104950454888,-0.000534292365863778
"bivt",0.001,5000,"0.01",TRUE,0.00163434851667064,-0.000703384358234212
"bivt",0.001,5000,"0.05",TRUE,0.00136293086692955,-0.000600867631535092
"bivt",0.001,5000,"0.1",TRUE,0.000874913021211409,-0.000581402226869415
"bivt",0.001,5000,"0.01",TRUE,0.00189988828500727,-0.00064981456409276
"bivt",0.001,5000,"0.05",TRUE,0.0026,-0.000640595406820077
"bivt",0.001,5000,"0.1",TRUE,0.00164304999582911,-0.000631881077070152
"bivt",0.001,5000,"0.01",TRUE,0.0032,-0.000688689161606765
"bivt",0.001,5000,"0.05",TRUE,0.00121935097812497,-0.000577773896555713
"bivt",0.001,5000,"0.1",TRUE,0.000915968950512066,-0.000569751998541761
"bivt",0.001,5000,"0.01",TRUE,0.00161780433928754,-0.000608279918384562
"bivt",0.001,5000,"0.05",TRUE,0.0017378679889298,-0.00061916870197961
"bivt",0.001,5000,"0.1",TRUE,0.00137569627807308,-0.000589330140797015
"bivt",0.001,5000,"0.01",TRUE,0.0026,-0.000706161581712649
"bivt",0.001,5000,"0.05",TRUE,0.00145022657284924,-0.000677008336931893
"bivt",0.001,5000,"0.1",TRUE,0.00124110175111073,-0.000629403591009677
"bivt",0.001,5000,"0.01",TRUE,0.00230945244462388,-0.000722841421336836
"bivt",0.001,5000,"0.05",TRUE,0.000794906374434743,-0.00068478201904267
"bivt",0.001,5000,"0.1",TRUE,0.000751315255500645,-0.000666815007492066
"bivt",0.001,5000,"0.01",TRUE,0.0010709321659449,-0.00071898083998614
"bivt",0.001,5000,"0.05",TRUE,0.00122028900150456,-0.000628951631360204
"bivt",0.001,5000,"0.1",TRUE,0.00110077399122009,-0.000616426176961462
"bivt",0.001,5000,"0.01",TRUE,0.0017555644531751,-0.000679982064555539
"bivt",0.001,5000,"0.05",TRUE,0.000964513192594049,-0.000629828758378632
"bivt",0.001,5000,"0.1",TRUE,0.000680764743749988,-0.000609592769339076
"bivt",0.001,5000,"0.01",TRUE,0.00112006490982879,-0.000676751898159321
"bivt",0.001,5000,"0.05",TRUE,0.0017271404685602,-0.00059121274760565
"bivt",0.001,5000,"0.1",TRUE,0.0010698369387764,-0.000572630330387129
"bivt",0.001,5000,"0.01",TRUE,0.0026,-0.000667323674832616
"bivt",0.001,5000,"0.05",TRUE,0.000704901643683001,-0.000661951990968071
"bivt",0.001,5000,"0.1",TRUE,0.000603340135474396,-0.000591798713837564
"bivt",0.001,5000,"0.01",TRUE,0.000860049523303425,-0.000739481215800848
"bivt",0.001,5000,"0.05",TRUE,0.00114019500423923,-0.000601404463105199
"bivt",0.001,5000,"0.1",TRUE,0.000857490566049788,-0.000577887174162469
"bivt",0.001,5000,"0.01",TRUE,0.00200604559493816,-0.00065212883187361
"bivt",0.001,5000,"0.05",TRUE,0.000897998122539281,-0.000549160096111106
"bivt",0.001,5000,"0.1",TRUE,0.000632741978473889,-0.000523532164574828
"bivt",0.001,5000,"0.01",TRUE,0.00126356810449572,-0.000579317282981228
"bivt",0.001,5000,"0.05",TRUE,0.00190761249088521,-0.000646490666256186
"bivt",0.001,5000,"0.1",TRUE,0.00138533965297573,-0.0006033272703381
"bivt",0.001,5000,"0.01",TRUE,0.00203778346811242,-0.00068966516888008
"bivt",0.001,5000,"0.05",TRUE,0.00235672328839785,-0.000509471281659191
"bivt",0.001,5000,"0.1",TRUE,0.0017923040212747,-0.000474246549666361
"bivt",0.001,5000,"0.01",TRUE,0.0028,-0.000588339025617448
"bivt",0.001,5000,"0.05",TRUE,0.00158201225045668,-0.000649080182302842
"bivt",0.001,5000,"0.1",TRUE,0.000953432969285281,-0.000604430830318899
"bivt",0.001,5000,"0.01",TRUE,0.00178850251159966,-0.000697249254643614
"bivt",0.001,5000,"0.05",TRUE,0.00122293581065292,-0.00067998752343873
"bivt",0.001,5000,"0.1",TRUE,0.000863354539283799,-0.000665941148297374
"bivt",0.001,5000,"0.01",TRUE,0.00175245878206588,-0.000726150542769039
"bivt",0.001,5000,"0.05",TRUE,0.00104758426434186,-0.000661143527700604
"bivt",0.001,5000,"0.1",TRUE,0.000819294188511263,-0.000618691918337061
"bivt",0.001,5000,"0.01",TRUE,0.00158837430456311,-0.000712975804722922
"bivt",0.001,5000,"0.05",TRUE,0.00153515045311076,-0.000690794011576076
"bivt",0.001,5000,"0.1",TRUE,0.00142130306540036,-0.000646557191837695
"bivt",0.001,5000,"0.01",TRUE,0.00167435637242057,-0.000723240919689841
"bivt",0.001,5000,"0.05",TRUE,0.000827173201991032,-0.000568986547037892
"bivt",0.001,5000,"0.1",TRUE,0.00075425544723888,-0.000548938126588125
"bivt",0.001,5000,"0.01",TRUE,0.000984955614203081,-0.000602501907611658
"bivt",0.001,5000,"0.05",TRUE,0.00178499176870305,-0.000628180650129622
"bivt",0.001,5000,"0.1",TRUE,0.00139992667860295,-0.000602572900358733
"bivt",0.001,5000,"0.01",TRUE,0.0028,-0.000682294806580887
"bivt",0.001,5000,"0.05",TRUE,0.000975229209002418,-0.00071182001809693
"bivt",0.001,5000,"0.1",TRUE,0.0007527551725307,-0.000648718776478931
"bivt",0.001,5000,"0.01",TRUE,0.00164720455767205,-0.00071898164100843
"bivt",0.001,5000,"0.05",TRUE,0.000678052528106851,-0.000586206761865851
"bivt",0.001,5000,"0.1",TRUE,0.000555704049006558,-0.000549799488674842
"bivt",0.001,5000,"0.01",TRUE,0.000957639879175864,-0.00062671015379138
"bivt",0.001,5000,"0.05",TRUE,0.00106469669784131,-0.000587870495148558
"bivt",0.001,5000,"0.1",TRUE,0.000931093755852824,-0.00057761606580954
"bivt",0.001,5000,"0.01",TRUE,0.00174980073866802,-0.000659489107781319
"bivt",0.001,5000,"0.05",TRUE,0.00135616308757091,-0.00066570928456243
"bivt",0.001,5000,"0.1",TRUE,0.00129181641559343,-0.000619241944218681
"bivt",0.001,5000,"0.01",TRUE,0.00178296723657192,-0.000689817388988927
"bivt",0.001,5000,"0.05",TRUE,0.00156028965663331,-0.000739027027142303
"bivt",0.001,5000,"0.1",TRUE,0.00112811782086961,-0.000737689255306865
"bivt",0.001,5000,"0.01",TRUE,0.0028,-0.000754347005005324
"bivt",0.001,5000,"0.05",TRUE,0.00151679274274916,-0.000652302536244478
"bivt",0.001,5000,"0.1",TRUE,0.00144240749599093,-0.000633157574161746
"bivt",0.001,5000,"0.01",TRUE,0.0026,-0.000706627335941949
"bivt",0.001,5000,"0.05",TRUE,0.000778120135032251,-0.000570438484907129
"bivt",0.001,5000,"0.1",TRUE,0.000675318177364776,-0.00051174067602984
"bivt",0.001,5000,"0.01",TRUE,0.00100022362619628,-0.000643477892004749
"bivt",0.001,5000,"0.05",TRUE,0.000873865487776545,-0.000581198946843883
"bivt",0.001,5000,"0.1",TRUE,0.000774882863205349,-0.00052574672179619
"bivt",0.001,5000,"0.01",TRUE,0.00109256971876246,-0.000656388395001039
"bivt",0.001,5000,"0.05",TRUE,0.0009299577593485,-0.000609936943241137
"bivt",0.001,5000,"0.1",TRUE,0.000752541523500969,-0.000585311682737581
"bivt",0.001,5000,"0.01",TRUE,0.00153335747355705,-0.000649012150966847
"bivt",0.001,5000,"0.05",TRUE,0.000956479982589584,-0.000630001963528514
"bivt",0.001,5000,"0.1",TRUE,0.000685445326703929,-0.000604604919468418
"bivt",0.001,5000,"0.01",TRUE,0.00126310221862987,-0.000682594535355491
"bivt",0.001,5000,"0.05",TRUE,0.00180667582855377,-0.000648451394450261
"bivt",0.001,5000,"0.1",TRUE,0.00104430024751418,-0.000594912080916579
"bivt",0.001,5000,"0.01",TRUE,0.00186405975037209,-0.000710443991973469
"bivt",0.001,5000,"0.05",TRUE,0.00116545973021514,-0.000704589940323138
"bivt",0.001,5000,"0.1",TRUE,0.000956324619221797,-0.000657229514378539
"bivt",0.001,5000,"0.01",TRUE,0.00239957281479565,-0.000756720127810841
"bivt",0.001,5000,"0.05",TRUE,0.00153416199593442,-0.000560754894014079
"bivt",0.001,5000,"0.1",TRUE,0.00130160468057908,-0.000530511165942824
"bivt",0.001,5000,"0.01",TRUE,0.0026,-0.000623425433731215
"bivt",0.001,5000,"0.05",TRUE,0.0026,-0.00061737144436504
"bivt",0.001,5000,"0.1",TRUE,0.00194128089689596,-0.000588262722883623
"bivt",0.001,5000,"0.01",TRUE,0.003,-0.000671815138634369
"bivt",0.001,5000,"0.05",TRUE,0.00119158595441058,-0.000657249321696414
"bivt",0.001,5000,"0.1",TRUE,0.00102139296261665,-0.000634413757619356
"bivt",0.001,5000,"0.01",TRUE,0.00199114692056342,-0.000687599704934785
"bivt",0.001,5000,"0.05",TRUE,0.0018728684785188,-0.000608599100450492
"bivt",0.001,5000,"0.1",TRUE,0.00166329013007967,-0.0005955765981227
"bivt",0.001,5000,"0.01",TRUE,0.0028,-0.000645960455446533
"bivt",0.001,5000,"0.05",TRUE,0.00142791690810844,-0.000648450862738133
"bivt",0.001,5000,"0.1",TRUE,0.00110032249895328,-0.000615876894465137
"bivt",0.001,5000,"0.01",TRUE,0.00206696592021271,-0.000706623697032622
"bivt",0.001,5000,"0.05",TRUE,0.00143494806726106,-0.000641849994653254
"bivt",0.001,5000,"0.1",TRUE,0.00113120628284893,-0.000619124390519035
"bivt",0.001,5000,"0.01",TRUE,0.00191658350383157,-0.000738502863017532
"bivt",0.001,5000,"0.05",TRUE,0.000999185162139336,-0.000604279578936955
"bivt",0.001,5000,"0.1",TRUE,0.000776407810495975,-0.00056868698229644
"bivt",0.001,5000,"0.01",TRUE,0.00211911490015716,-0.000666990133947618
"bivt",0.001,5000,"0.05",TRUE,0.00121864531514268,-0.000614555284818093
"bivt",0.001,5000,"0.1",TRUE,0.00106933089429729,-0.00055832938505188
"bivt",0.001,5000,"0.01",TRUE,0.00153696312190541,-0.000645754948312439
"bivt",0.001,5000,"0.05",TRUE,0.00127335976076476,-0.000629090144837983
"bivt",0.001,5000,"0.1",TRUE,0.00107354368582066,-0.000603899768843865
"bivt",0.001,5000,"0.01",TRUE,0.00220844476128314,-0.000686724067112629
"bivt",0.001,5000,"0.05",TRUE,0.000937463536573603,-0.000664789684363189
"bivt",0.001,5000,"0.1",TRUE,0.000839005357410036,-0.000595719344572745
"bivt",0.001,5000,"0.01",TRUE,0.00143417409852141,-0.000696013212574151
"bivt",0.001,5000,"0.05",TRUE,0.000836061861731694,-0.000644326402662508
"bivt",0.001,5000,"0.1",TRUE,0.000705329272330051,-0.000622545880381225
"bivt",0.001,5000,"0.01",TRUE,0.00167499421426479,-0.000679300225817124
"bivt",0.001,5000,"0.05",TRUE,0.00118941414839726,-0.000656805370952945
"bivt",0.001,5000,"0.1",TRUE,0.000969588087119876,-0.000614979324703572
"bivt",0.001,5000,"0.01",TRUE,0.00201498844231252,-0.000688842962925447
"bivt",0.001,5000,"0.05",TRUE,0.00120051836543401,-0.000622346628627129
"bivt",0.001,5000,"0.1",TRUE,0.00107917582657312,-0.000593261234644085
"bivt",0.001,5000,"0.01",TRUE,0.00137663353807713,-0.000704620989462998
"bivt",0.001,5000,"0.05",TRUE,0.000890638954704884,-0.000644607398626454
"bivt",0.001,5000,"0.1",TRUE,0.000745423240052245,-0.000626212255824437
"bivt",0.001,5000,"0.01",TRUE,0.00111919234936729,-0.000678010700951653
"bivt",0.001,5000,"0.05",TRUE,0.000878219788150094,-0.000568977468384481
"bivt",0.001,5000,"0.1",TRUE,0.000798845844792435,-0.00055216262300218
"bivt",0.001,5000,"0.01",TRUE,0.00104537979916665,-0.0006110254335962
"bivt",0.001,5000,"0.05",TRUE,0.000737720494974438,-0.000544836322543426
"bivt",0.001,5000,"0.1",TRUE,0.000576810002193545,-0.000519485742818425
"bivt",0.001,5000,"0.01",TRUE,0.00093338195881009,-0.000598900718046202
"bivt",0.001,5000,"0.05",TRUE,0.00105318288965751,-0.000599854166479413
"bivt",0.001,5000,"0.1",TRUE,0.000913966696074192,-0.000583642941590511
"bivt",0.001,5000,"0.01",TRUE,0.00125535006250151,-0.000653750418507263
"bivt",0.001,5000,"0.05",TRUE,0.000992179708558606,-0.000582483691510369
"bivt",0.001,5000,"0.1",TRUE,0.000766761763099534,-0.000541631479807762
"bivt",0.001,5000,"0.01",TRUE,0.00140725662047158,-0.000627902769005958
"bivt",0.001,5000,"0.05",TRUE,0.0021819126082423,-0.000673352106799311
"bivt",0.001,5000,"0.1",TRUE,0.00170411403817141,-0.000649632167848149
"bivt",0.001,5000,"0.01",TRUE,0.0026,-0.000723850877010949
"bivt",0.001,5000,"0.05",TRUE,0.00215204071791141,-0.00068858520964705
"bivt",0.001,5000,"0.1",TRUE,0.00177302729923711,-0.000657136955204385
"bivt",0.001,5000,"0.01",TRUE,0.0028,-0.000743222813128737
"bivt",0.001,5000,"0.05",TRUE,0.00188685749814344,-0.000594461563878924
"bivt",0.001,5000,"0.1",TRUE,0.00166752340041195,-0.000558422515843504
"bivt",0.001,5000,"0.01",TRUE,0.00201396596461225,-0.000662845163951027
"bivt",0.001,5000,"0.05",TRUE,0.00108002538864775,-0.000582828024642083
"bivt",0.001,5000,"0.1",TRUE,0.000976761197359248,-0.000564600927025175
"bivt",0.001,5000,"0.01",TRUE,0.00119841748560905,-0.000604392365591734
"bivt",0.001,5000,"0.05",TRUE,0.000821996582612246,-0.000591562309193347
"bivt",0.001,5000,"0.1",TRUE,0.000742647407990649,-0.000530057594340698
"bivt",0.001,5000,"0.01",TRUE,0.000982486324284635,-0.00063648152827698
"bivt",0.001,5000,"0.05",TRUE,0.000574243665620497,-0.00057276856614362
"bivt",0.001,5000,"0.1",TRUE,0.000499460203308891,-0.000560518132181438
"bivt",0.001,5000,"0.01",TRUE,0.000839752858054155,-0.000624337067425063
"bivt",0.001,5000,"0.05",FALSE,0.000900448329542724,-0.000763223033182245
"bivt",0.001,5000,"0.1",FALSE,0.000788595230734279,-0.000739259630430587
"bivt",0.001,5000,"0.01",TRUE,0.00106986455702958,-0.000779785204955698
"bivt",0.001,5000,"0.05",TRUE,0.00174424681926717,-0.00063230942694433
"bivt",0.001,5000,"0.1",TRUE,0.00157790573277564,-0.000618437159325488
"bivt",0.001,5000,"0.01",TRUE,0.00192032736764481,-0.000710346684437578
"bivt",0.001,5000,"0.05",TRUE,0.00076666803343841,-0.000608081533277199
"bivt",0.001,5000,"0.1",TRUE,0.000735752502798699,-0.000557332657928033
"bivt",0.001,5000,"0.01",TRUE,0.00106087736509707,-0.00067174202701027
"bivt",0.001,5000,"0.05",TRUE,0.000891837745936397,-0.000626092511770472
"bivt",0.001,5000,"0.1",TRUE,0.00076520195899593,-0.000590313701885766
"bivt",0.001,5000,"0.01",TRUE,0.00126199227861152,-0.000655553147569079
"bivt",0.001,5000,"0.05",FALSE,0.00111416657749244,-0.000643613782132818
"bivt",0.001,5000,"0.1",FALSE,0.0010090271964671,-0.000613806749009499
"bivt",0.001,5000,"0.01",TRUE,0.00161504148361139,-0.000696180002883406
"bivt",0.001,5000,"0.05",TRUE,0.00110324932383526,-0.000648112275816862
"bivt",0.001,5000,"0.1",TRUE,0.000850310705087198,-0.000612260964897794
"bivt",0.001,5000,"0.01",TRUE,0.00181050080456924,-0.000695490211580384
"bivt",0.001,5000,"0.05",TRUE,0.000944914324186874,-0.000617099515631171
"bivt",0.001,5000,"0.1",TRUE,0.000728190828413561,-0.000579213921335688
"bivt",0.001,5000,"0.01",TRUE,0.00155675726317717,-0.000681191948535767
"bivt",0.001,5000,"0.05",TRUE,0.000934629979257415,-0.000607144585705547
"bivt",0.001,5000,"0.1",TRUE,0.000815117664454044,-0.000582171833883355
"bivt",0.001,5000,"0.01",TRUE,0.00111327913207103,-0.000645265650915638
"bivt",0.001,5000,"0.05",TRUE,0.000789723484819012,-0.000554480865676008
"bivt",0.001,5000,"0.1",TRUE,0.000683046130735485,-0.000488443473495838
"bivt",0.001,5000,"0.01",TRUE,0.00107569252758888,-0.00061500095112065
"bivt",0.001,5000,"0.05",TRUE,0.00108775525390183,-0.000655747131058261
"bivt",0.001,5000,"0.1",TRUE,0.000700826153680764,-0.000627508280949601
"bivt",0.001,5000,"0.01",TRUE,0.00134387283893446,-0.00068940209939229
"bivt",0.001,5000,"0.05",TRUE,0.00123028525529544,-0.000626572840174637
"bivt",0.001,5000,"0.1",TRUE,0.00104024801308618,-0.000593406070018438
"bivt",0.001,5000,"0.01",TRUE,0.00137439835148725,-0.000677237821205
"bivt",0.001,5000,"0.05",TRUE,0.00111679027234799,-0.000633507976415639
"bivt",0.001,5000,"0.1",TRUE,0.000876074138291533,-0.000618105764521997
"bivt",0.001,5000,"0.01",TRUE,0.00182940702245405,-0.000655686913118611
"bivt",0.001,5000,"0.05",TRUE,0.00126864751556649,-0.000729985584539628
"bivt",0.001,5000,"0.1",TRUE,0.000809721588958117,-0.000702647153822537
"bivt",0.001,5000,"0.01",TRUE,0.001715172592903,-0.000803011935693122
"bivt",0.001,5000,"0.05",TRUE,0.0011222264422826,-0.000639267207810021
"bivt",0.001,5000,"0.1",TRUE,0.000928458428237776,-0.000605867751679323
"bivt",0.001,5000,"0.01",TRUE,0.00142745921952919,-0.000692349511932673
"bivt",0.001,5000,"0.05",TRUE,0.000660739684602632,-0.000603065750161256
"bivt",0.001,5000,"0.1",TRUE,0.00048008776729927,-0.000572019109431268
"bivt",0.001,5000,"0.01",TRUE,0.00100331565896791,-0.000652996295110121
"bivt",0.001,5000,"0.05",TRUE,0.00111659656713241,-0.000572459965491743
"bivt",0.001,5000,"0.1",TRUE,0.00103903231944119,-0.000510087213566924
"bivt",0.001,5000,"0.01",TRUE,0.00149889711545407,-0.000621555034975333
"bivt",0.001,5000,"0.05",TRUE,0.000762232542526134,-0.000640970861079125
"bivt",0.001,5000,"0.1",TRUE,0.000687447782185777,-0.000596205484218708
"bivt",0.001,5000,"0.01",TRUE,0.00115792815723796,-0.000679461353783642
"bivt",0.001,5000,"0.05",TRUE,0.000808057340436405,-0.000673556378779638
"bivt",0.001,5000,"0.1",TRUE,0.000724442089240992,-0.00064055584214412
"bivt",0.001,5000,"0.01",TRUE,0.00142192876300069,-0.000707390369602195
"bivt",0.001,5000,"0.05",TRUE,0.00197402334821599,-0.000697802617417855
"bivt",0.001,5000,"0.1",TRUE,0.00165973499782717,-0.000669128043307926
"bivt",0.001,5000,"0.01",TRUE,0.003,-0.000720762750705788
"bivt",0.001,5000,"0.05",TRUE,0.0009901684685413,-0.000580748023828049
"bivt",0.001,5000,"0.1",TRUE,0.000780096670427751,-0.000554168535927488
"bivt",0.001,5000,"0.01",TRUE,0.00120685816659505,-0.000655784326700172
"bivt",0.001,5000,"0.05",TRUE,0.00107391500720607,-0.000639432925390582
"bivt",0.001,5000,"0.1",TRUE,0.000992707731206778,-0.000626696274539748
"bivt",0.001,5000,"0.01",TRUE,0.00156541004896095,-0.000687221456556515
"bivt",0.001,5000,"0.05",TRUE,0.000989912807311282,-0.000541836295147663
"bivt",0.001,5000,"0.1",TRUE,0.000717807146037416,-0.000486134594379624
"bivt",0.001,5000,"0.01",TRUE,0.00119023479107743,-0.000603730455631324
"bivt",0.001,5000,"0.05",TRUE,0.000593739607855926,-0.000549714346009364
"bivt",0.001,5000,"0.1",TRUE,0.00042607477031445,-0.000518140718346772
"bivt",0.001,5000,"0.01",TRUE,0.000780842684204215,-0.000637356150365907
"bivt",0.001,5000,"0.05",TRUE,0.00181226096687558,-0.000599822497066622
"bivt",0.001,5000,"0.1",TRUE,0.00121739433851223,-0.000585968070412362
"bivt",0.001,5000,"0.01",TRUE,0.0028,-0.00063727022631559
"bivt",0.001,5000,"0.05",TRUE,0.00199988515124327,-0.00069934100875668
"bivt",0.001,5000,"0.1",TRUE,0.00178360759531372,-0.000678954406388383
"bivt",0.001,5000,"0.01",TRUE,0.003,-0.000758039664354163
"bivt",0.001,5000,"0.05",TRUE,0.00110994038481168,-0.000667842626732941
"bivt",0.001,5000,"0.1",TRUE,0.000965183125446054,-0.000644875236986173
"bivt",0.001,5000,"0.01",TRUE,0.00179253345621544,-0.00069528152372504
"bivt",0.001,5000,"0.05",TRUE,0.000798951649925137,-0.000597768193461404
"bivt",0.001,5000,"0.1",TRUE,0.000624689074236329,-0.000579978867142334
"bivt",0.001,5000,"0.01",TRUE,0.00120578045064604,-0.000639111693332399
"bivt",0.001,5000,"0.05",TRUE,0.00108188309115778,-0.000596835595480294
"bivt",0.001,5000,"0.1",TRUE,0.000902591642387437,-0.000554040636327332
"bivt",0.001,5000,"0.01",TRUE,0.00133718874564807,-0.000655989758553101
"bivt",0.001,5000,"0.05",TRUE,0.00139876091446715,-0.000607878711716067
"bivt",0.001,5000,"0.1",FALSE,0.00117597098977942,-0.000586065726622198
"bivt",0.001,5000,"0.01",TRUE,0.0026,-0.000640704654851902
"bivt",0.001,5000,"0.05",TRUE,0.000677169400490153,-0.000591729853877723
"bivt",0.001,5000,"0.1",TRUE,0.000643740775559672,-0.000565393837892281
"bivt",0.001,5000,"0.01",TRUE,0.000905567326104442,-0.000656015007918656
"bivt",0.001,5000,"0.05",TRUE,0.00160699736644545,-0.000585190633388914
"bivt",0.001,5000,"0.1",TRUE,0.00121292050675046,-0.000555528192850067
"bivt",0.001,5000,"0.01",TRUE,0.00197429048490063,-0.000629035470664278
"bivt",0.001,5000,"0.05",TRUE,0.00173096865719201,-0.000583283569349545
"bivt",0.001,5000,"0.1",TRUE,0.0015255172392774,-0.000548850064658062
"bivt",0.001,5000,"0.01",TRUE,0.0028,-0.000608777003252076
"bivt",0.001,5000,"0.05",TRUE,0.00132858840172934,-0.000594496812619619
"bivt",0.001,5000,"0.1",TRUE,0.000945147865326838,-0.000562220310759415
"bivt",0.001,5000,"0.01",TRUE,0.0026,-0.000672635784182172
"bivt",0.001,5000,"0.05",TRUE,0.00095405341172233,-0.000655975624100737
"bivt",0.001,5000,"0.1",TRUE,0.000839554354809849,-0.00060605482385814
"bivt",0.001,5000,"0.01",TRUE,0.0018136244933656,-0.000682354157780098
"bivt",0.001,5000,"0.05",TRUE,0.00108138964658598,-0.000599341700217912
"bivt",0.001,5000,"0.1",TRUE,0.000977029741429548,-0.000573079123707022
"bivt",0.001,5000,"0.01",TRUE,0.00159928397064193,-0.00061743759561364
"bivt",0.001,5000,"0.05",FALSE,0.0010054945670232,-0.000532504618610821
"bivt",0.001,5000,"0.1",FALSE,0.000832024542947192,-0.000508742300438625
"bivt",0.001,5000,"0.01",TRUE,0.00120756729665386,-0.000587629300121039
"bivt",0.001,5000,"0.05",TRUE,0.00176614656545662,-0.000616106912646169
"bivt",0.001,5000,"0.1",TRUE,0.00111506879104493,-0.000586054743382045
"bivt",0.001,5000,"0.01",TRUE,0.00226289789104961,-0.000680007905203736
"bivt",0.001,5000,"0.05",TRUE,0.00169844366296748,-0.000646217575378687
"bivt",0.001,5000,"0.1",TRUE,0.00147849226635158,-0.00062216871915535
"bivt",0.001,5000,"0.01",TRUE,0.0026,-0.000688257737125281
"bivt",0.001,5000,"0.05",FALSE,0.000634604439528056,-0.00050090133589983
"bivt",0.001,5000,"0.1",FALSE,0.00049724474567749,-0.000466658181427275
"bivt",0.001,5000,"0.01",FALSE,0.000919082027638002,-0.000558142572099237
"bivt",0.001,5000,"0.05",TRUE,0.000895443888593162,-0.000691842355884573
"bivt",0.001,5000,"0.1",TRUE,0.000760285461495013,-0.000671950083553045
"bivt",0.001,5000,"0.01",TRUE,0.0011078659012769,-0.000734383681896788
"bivt",0.001,5000,"0.05",TRUE,0.00169255874788762,-0.000600823712023444
"bivt",0.001,5000,"0.1",TRUE,0.00106787908225771,-0.000559991752321339
"bivt",0.001,5000,"0.01",TRUE,0.0026,-0.000643074438973924
"bivt",0.001,5000,"0.05",TRUE,0.00112050165718849,-0.000603412239745572
"bivt",0.001,5000,"0.1",TRUE,0.00100697292594525,-0.000596763985960244
"bivt",0.001,5000,"0.01",TRUE,0.00132929983309344,-0.000678626608221987
"bivt",0.001,5000,"0.05",TRUE,0.00103822009738151,-0.00058880655303316
"bivt",0.001,5000,"0.1",TRUE,0.000749165694373463,-0.000549964645867276
"bivt",0.001,5000,"0.01",TRUE,0.00164304278179866,-0.000627928630774981
"bivt",0.001,5000,"0.05",TRUE,0.00110978947124684,-0.000543862158888271
"bivt",0.001,5000,"0.1",TRUE,0.000584176785434124,-0.000526645713011999
"bivt",0.001,5000,"0.01",TRUE,0.00150088894928389,-0.000581774523398414
"bivt",0.001,5000,"0.05",TRUE,0.0010010439104475,-0.000574866430038577
"bivt",0.001,5000,"0.1",TRUE,0.00073993517535694,-0.000546811488734158
"bivt",0.001,5000,"0.01",TRUE,0.00150420359649599,-0.000639188708356581
"bivt",0.001,5000,"0.05",TRUE,0.00133056764093794,-0.000601112915980158
"bivt",0.001,5000,"0.1",TRUE,0.0011410269598042,-0.000573765877220796
"bivt",0.001,5000,"0.01",TRUE,0.00198857387358793,-0.000648683549833601
"bivt",0.001,5000,"0.05",TRUE,0.00193389485213906,-0.000671790648398105
"bivt",0.001,5000,"0.1",TRUE,0.00156521367153805,-0.000657459905230972
"bivt",0.001,5000,"0.01",TRUE,0.0026,-0.000701776798551868
"bivt",0.001,5000,"0.05",TRUE,0.00118490452952516,-0.000697055456635697
"bivt",0.001,5000,"0.1",TRUE,0.000874607106332271,-0.000687558612374574
"bivt",0.001,5000,"0.01",TRUE,0.0026,-0.000710176900394653
"bivt",0.001,5000,"0.05",TRUE,0.000970275337101799,-0.00063230066959116
"bivt",0.001,5000,"0.1",TRUE,0.000947535289350424,-0.000593973638480919
"bivt",0.001,5000,"0.01",TRUE,0.00179158622105937,-0.000666383874679393
"bivt",0.001,5000,"0.05",TRUE,0.000830235696544269,-0.000559216269237758
"bivt",0.001,5000,"0.1",TRUE,0.000589642874155199,-0.000531377679637083
"bivt",0.001,5000,"0.01",TRUE,0.00146972032257915,-0.000602248107493149
"bivt",0.001,5000,"0.05",TRUE,0.00108678158270756,-0.000607912548054394
"bivt",0.001,5000,"0.1",TRUE,0.000879554834564143,-0.00058025057051808
"bivt",0.001,5000,"0.01",TRUE,0.00158117337264926,-0.000652872650620743
"bivt",0.001,5000,"0.05",TRUE,0.00150740835277056,-0.000689905722769902
"bivt",0.001,5000,"0.1",TRUE,0.00103753655266545,-0.000670382707648965
"bivt",0.001,5000,"0.01",TRUE,0.00183843931748436,-0.000713378356742592
"bivt",0.001,5000,"0.05",TRUE,0.00202837027917268,-0.0006102262386096
"bivt",0.001,5000,"0.1",TRUE,0.00179752698984559,-0.000589244390706891
"bivt",0.001,5000,"0.01",TRUE,0.0026,-0.000727009887862699
"bivt",0.001,5000,"0.05",TRUE,0.00105913387053711,-0.000571241991642018
"bivt",0.001,5000,"0.1",TRUE,0.000828862405890679,-0.000547688852820879
"bivt",0.001,5000,"0.01",TRUE,0.00119894210357685,-0.00061131138200945
"bivt",0.001,5000,"0.05",TRUE,0.00124878458897137,-0.000668069101261075
"bivt",0.001,5000,"0.1",TRUE,0.000978613771730892,-0.00064180000053113
"bivt",0.001,5000,"0.01",TRUE,0.00156914365337228,-0.000696373063804011
"bivt",0.001,5000,"0.05",TRUE,0.00208836026057528,-0.000635089356959136
"bivt",0.001,5000,"0.1",TRUE,0.00149017459913744,-0.000601667297549
"bivt",0.001,5000,"0.01",TRUE,0.0028,-0.000675880879722815
"bivt",0.001,5000,"0.05",TRUE,0.00122886676001831,-0.000631736830697276
"bivt",0.001,5000,"0.1",TRUE,0.00105890273198865,-0.000578968993452123
"bivt",0.001,5000,"0.01",TRUE,0.00204375582344379,-0.000705599799914958
"bivt",0.001,5000,"0.05",TRUE,0.000951330943975206,-0.00061152660166231
"bivt",0.001,5000,"0.1",TRUE,0.000880032350338733,-0.000596345138324186
"bivt",0.001,5000,"0.01",TRUE,0.00174280490866249,-0.000674310271176818
"bivt",0.001,5000,"0.05",TRUE,0.000976437294031857,-0.000636638611538918
"bivt",0.001,5000,"0.1",TRUE,0.000835782242140129,-0.000582561906253958
"bivt",0.001,5000,"0.01",TRUE,0.00146102411679045,-0.000663864962064672
"bivt",0.001,5000,"0.05",TRUE,0.00157063114507698,-0.000686836747578043
"bivt",0.001,5000,"0.1",TRUE,0.00139387890066596,-0.000663183768369115
"bivt",0.001,5000,"0.01",TRUE,0.0028,-0.000716523038701873
"bivt",0.001,5000,"0.05",TRUE,0.00102409952917834,-0.000635674449331401
"bivt",0.001,5000,"0.1",TRUE,0.000871678173543499,-0.000596873269830001
"bivt",0.001,5000,"0.01",TRUE,0.00166987642764595,-0.000694710665327256
"bivt",0.001,5000,"0.05",TRUE,0.0010340730603731,-0.000550673586108025
"bivt",0.001,5000,"0.1",TRUE,0.000888121131313201,-0.000537703670540829
"bivt",0.001,5000,"0.01",TRUE,0.0017101863925244,-0.00059337320501751
"bivt",0.001,5000,"0.05",TRUE,0.0011623250249607,-0.000627389903461257
"bivt",0.001,5000,"0.1",TRUE,0.000899176025252316,-0.00057821159908455
"bivt",0.001,5000,"0.01",TRUE,0.00214038047480813,-0.000684196183201993
"bivt",0.001,5000,"0.05",TRUE,0.00104393014838252,-0.000583018695701989
"bivt",0.001,5000,"0.1",TRUE,0.000918585520219907,-0.000567785971565541
"bivt",0.001,5000,"0.01",TRUE,0.00145694348340105,-0.000636213580042051
"bivt",0.001,5000,"0.05",TRUE,0.00117266662745592,-0.000662574912888953
"bivt",0.001,5000,"0.1",TRUE,0.00101105545474687,-0.000619776601924553
"bivt",0.001,5000,"0.01",TRUE,0.00156928824214052,-0.000698069286053323
"bivt",0.001,5000,"0.05",TRUE,0.00146348975599858,-0.00066938716106978
"bivt",0.001,5000,"0.1",TRUE,0.00118705428239095,-0.000600784125026706
"bivt",0.001,5000,"0.01",TRUE,0.0023078330470473,-0.000711374929912577
"bivt",0.001,5000,"0.05",TRUE,0.00217902593877864,-0.00059468223606102
"bivt",0.001,5000,"0.1",TRUE,0.00102348064984724,-0.000565841733251743
"bivt",0.001,5000,"0.01",TRUE,0.0026,-0.000638513519665313
"bivt",0.001,5000,"0.05",TRUE,0.00093567869874402,-0.000539433537015724
"bivt",0.001,5000,"0.1",TRUE,0.000723853169648388,-0.000510330607092619
"bivt",0.001,5000,"0.01",TRUE,0.00138018927947917,-0.00061269977980185
"bivt",0.001,5000,"0.05",TRUE,0.00115088887722681,-0.000608046824012862
"bivt",0.001,5000,"0.1",TRUE,0.00105870682901033,-0.000568644890171436
"bivt",0.001,5000,"0.01",TRUE,0.00151754701558435,-0.00063930391165544
"bivt",0.001,5000,"0.05",TRUE,0.00201694252380815,-0.000730162083387192
"bivt",0.001,5000,"0.1",TRUE,0.00162685963841853,-0.000689770631470214
"bivt",0.001,5000,"0.01",TRUE,0.0028,-0.000752434915971294
"bivt",0.001,5000,"0.05",TRUE,0.000862215145863019,-0.000584392073683296
"bivt",0.001,5000,"0.1",FALSE,0.000663310941958441,-0.000534683551558271
"bivt",0.001,5000,"0.01",TRUE,0.00146253154294187,-0.000624463958112558
"bivt",0.001,5000,"0.05",TRUE,0.00116698917397496,-0.000654619214144077
"bivt",0.001,5000,"0.1",TRUE,0.00110952075129558,-0.000608718086622515
"bivt",0.001,5000,"0.01",TRUE,0.00186277854894902,-0.000718823874229109
"bivt",0.001,5000,"0.05",TRUE,0.00106427352553284,-0.000616934697737992
"bivt",0.001,5000,"0.1",TRUE,0.000994281006267221,-0.000597399902478764
"bivt",0.001,5000,"0.01",TRUE,0.00152560433039237,-0.000673011045784803
"bivt",0.001,5000,"0.05",TRUE,0.00219162387145043,-0.000605375606905599
"bivt",0.001,5000,"0.1",TRUE,0.00175257674753983,-0.000582528922284136
"bivt",0.001,5000,"0.01",TRUE,0.0028,-0.000666673463913596
"bivt",0.001,5000,"0.05",TRUE,0.00152598248739308,-0.000677095187081155
"bivt",0.001,5000,"0.1",TRUE,0.00119518069896538,-0.000637816624363476
"bivt",0.001,5000,"0.01",TRUE,0.0026,-0.000722126763734201
"bivt",0.001,5000,"0.05",TRUE,0.00102962291953038,-0.000610322936126588
"bivt",0.001,5000,"0.1",TRUE,0.000800972040684191,-0.000587044573516697
"bivt",0.001,5000,"0.01",TRUE,0.00121270003324814,-0.000653145300585551
"bivt",0.001,5000,"0.05",TRUE,0.000752170632561388,-0.000532631623153593
"bivt",0.001,5000,"0.1",TRUE,0.000630529352505217,-0.000495647188238027
"bivt",0.001,5000,"0.01",TRUE,0.000979451539381814,-0.000590428606245221
"bivt",0.001,5000,"0.05",TRUE,0.00228024177827397,-0.000725126727831983
"bivt",0.001,5000,"0.1",TRUE,0.00193162622820845,-0.000692195824416403
"bivt",0.001,5000,"0.01",TRUE,0.003,-0.000748494470555931
"bivt",0.001,5000,"0.05",TRUE,0.00119158189027676,-0.000648911420394349
"bivt",0.001,5000,"0.1",TRUE,0.0010562605660143,-0.000613552090521919
"bivt",0.001,5000,"0.01",TRUE,0.00183830330157397,-0.000713300856013609
"bivt",0.001,5000,"0.05",TRUE,0.00107056301495032,-0.000580423961108784
"bivt",0.001,5000,"0.1",TRUE,0.000788663506314246,-0.000549153085413409
"bivt",0.001,5000,"0.01",TRUE,0.00116838541849219,-0.000617880928103786
"bivt",0.001,5000,"0.05",TRUE,0.00109181840517124,-0.00061561127402426
"bivt",0.001,5000,"0.1",TRUE,0.00105414920009771,-0.00059024920206932
"bivt",0.001,5000,"0.01",TRUE,0.00147590165477575,-0.000628764121648199
"bivt",0.001,5000,"0.05",TRUE,0.000715036850070818,-0.000636807285121072
"bivt",0.001,5000,"0.1",TRUE,0.00060439777987427,-0.000617101418096225
"bivt",0.001,5000,"0.01",TRUE,0.000975830852622038,-0.000670665379805024
"bivt",0.001,5000,"0.05",TRUE,0.00201149771553483,-0.000697684244139242
"bivt",0.001,5000,"0.1",TRUE,0.00187914325472316,-0.000661433958452219
"bivt",0.001,5000,"0.01",TRUE,0.0026,-0.000720998077491332
"bivt",0.001,5000,"0.05",TRUE,0.000742514753628352,-0.000647493193598818
"bivt",0.001,5000,"0.1",TRUE,0.000626543899625595,-0.000633900339581796
"bivt",0.001,5000,"0.01",TRUE,0.00105499421294,-0.000698664538935894
"bivt",0.001,5000,"0.05",TRUE,0.00100377247799818,-0.000626218070335317
"bivt",0.001,5000,"0.1",TRUE,0.000880816347236516,-0.000602609700492754
"bivt",0.001,5000,"0.01",TRUE,0.00161542862016776,-0.000661907878612812
"bivt",0.001,5000,"0.05",TRUE,0.000736233976266414,-0.000629309366058485
"bivt",0.001,5000,"0.1",TRUE,0.000702774691965226,-0.000606127308468066
"bivt",0.001,5000,"0.01",TRUE,0.000986077405100377,-0.0007025972279344
"bivt",0.001,5000,"0.05",TRUE,0.00130127221990622,-0.000571127127395702
"bivt",0.001,5000,"0.1",TRUE,0.00104887415743645,-0.000546008528977643
"bivt",0.001,5000,"0.01",TRUE,0.00207548722545717,-0.000613729158225285
"bivt",0.001,5000,"0.05",TRUE,0.00115561120052333,-0.000601274041243668
"bivt",0.001,5000,"0.1",TRUE,0.0011254741712578,-0.000557652312943922
"bivt",0.001,5000,"0.01",TRUE,0.00155559934605589,-0.00064421569246206
"bivt",0.001,5000,"0.05",TRUE,0.000823771169360248,-0.000554927960603892
"bivt",0.001,5000,"0.1",TRUE,0.00061276776017774,-0.000526399374850849
"bivt",0.001,5000,"0.01",TRUE,0.0026,-0.000605906337437419
"bivt",0.001,5000,"0.05",TRUE,0.000849744875694362,-0.000592540208989381
"bivt",0.001,5000,"0.1",TRUE,0.00068420234799268,-0.000569971637559504
"bivt",0.001,5000,"0.01",TRUE,0.00107108390510952,-0.000623211888388398
"bivt",0.001,5000,"0.05",TRUE,0.00131697479437057,-0.000661308647511893
"bivt",0.001,5000,"0.1",TRUE,0.00118640173179561,-0.000637349204313986
"bivt",0.001,5000,"0.01",TRUE,0.00183784834827755,-0.000687610030048432
"bivt",0.001,5000,"0.05",TRUE,0.001097597362623,-0.000659763956591954
"bivt",0.001,5000,"0.1",TRUE,0.00103000977859111,-0.000653794944698342
"bivt",0.001,5000,"0.01",TRUE,0.00144480048732011,-0.000706703761559345
"bivt",0.001,5000,"0.05",TRUE,0.001022418337436,-0.000600994378874526
"bivt",0.001,5000,"0.1",TRUE,0.000883812831869001,-0.000581997674882075
"bivt",0.001,5000,"0.01",TRUE,0.00140896326011985,-0.000654363296099491
"bivt",0.001,5000,"0.05",TRUE,0.00159657772079945,-0.000683353076851933
"bivt",0.001,5000,"0.1",TRUE,0.00143898660777754,-0.000659748662905413
"bivt",0.001,5000,"0.01",TRUE,0.00167385337979132,-0.000717625810976326
"bivt",0.001,5000,"0.05",TRUE,0.00103527482468271,-0.000638806902375558
"bivt",0.001,5000,"0.1",TRUE,0.000892295517711443,-0.000606357153936356
"bivt",0.001,5000,"0.01",TRUE,0.00148200260780634,-0.000708178955314812
"bivt",0.001,5000,"0.05",TRUE,0.00081677627853723,-0.000522713014914547
"bivt",0.001,5000,"0.1",TRUE,0.000691034491063235,-0.000494245931252962
"bivt",0.001,5000,"0.01",TRUE,0.0012357530656507,-0.000559786393925075
"bivt",0.001,5000,"0.05",TRUE,0.0026,-0.000671850480074249
"bivt",0.001,5000,"0.1",TRUE,0.00123420026353758,-0.000625548748028097
"bivt",0.001,5000,"0.01",TRUE,0.0032,-0.000706934531510393
"bivt",0.001,5000,"0.05",TRUE,0.000682521928489247,-0.000562846844501249
"bivt",0.001,5000,"0.1",TRUE,0.000554451312377853,-0.000551326777262045
"bivt",0.001,5000,"0.01",TRUE,0.000991262724381162,-0.000664493057232541
"bivt",0.001,5000,"0.05",TRUE,0.00127105779788723,-0.000612339035281975
"bivt",0.001,5000,"0.1",TRUE,0.000989310186079051,-0.00057875935138719
"bivt",0.001,5000,"0.01",TRUE,0.00190206210361147,-0.000662672998546103
"bivt",0.001,5000,"0.05",TRUE,0.0026,-0.000634882039070531
"bivt",0.001,5000,"0.1",TRUE,0.00123157742769501,-0.000601731719151042
"bivt",0.001,5000,"0.01",TRUE,0.003,-0.000647380879605692
"bivt",0.001,5000,"0.05",TRUE,0.00141299756081965,-0.000586458018708174
"bivt",0.001,5000,"0.1",TRUE,0.00106572221935002,-0.000566883087808265
"bivt",0.001,5000,"0.01",TRUE,0.00230721282884115,-0.000632918442802355
"bivt",0.001,5000,"0.05",TRUE,0.000975337469400559,-0.000580334007554557
"bivt",0.001,5000,"0.1",TRUE,0.000953195870004396,-0.000534175953752802
"bivt",0.001,5000,"0.01",TRUE,0.00119863129858984,-0.000662558551673603
"bivt",0.001,5000,"0.05",TRUE,0.00122427871521738,-0.000651464275920993
"bivt",0.001,5000,"0.1",TRUE,0.00100812270942877,-0.000626634875834442
"bivt",0.001,5000,"0.01",TRUE,0.003,-0.000693843539668781
"bivt",0.001,5000,"0.05",TRUE,0.00130137886623228,-0.000673429214339918
"bivt",0.001,5000,"0.1",TRUE,0.00119009681270642,-0.000667440353569468
"bivt",0.001,5000,"0.01",TRUE,0.0026,-0.000715130964814699
"bivt",0.001,5000,"0.05",TRUE,0.00147131447121346,-0.000630327383367368
"bivt",0.001,5000,"0.1",TRUE,0.00117397551237154,-0.000596339841012385
"bivt",0.001,5000,"0.01",TRUE,0.00216128092786674,-0.000669438955889019
"bivt",0.001,5000,"0.05",TRUE,0.00122073460347816,-0.000622211420361751
"bivt",0.001,5000,"0.1",TRUE,0.00115129558140397,-0.000580125567432166
"bivt",0.001,5000,"0.01",TRUE,0.00176539142562259,-0.000695205332801236
"bivt",0.001,5000,"0.05",TRUE,0.000928856679660815,-0.000555513725447275
"bivt",0.001,5000,"0.1",TRUE,0.000895265037963149,-0.000518878517666764
"bivt",0.001,5000,"0.01",TRUE,0.00185028235135808,-0.000592872633222088
"bivt",0.001,5000,"0.05",TRUE,0.000953386380409183,-0.000602490132634953
"bivt",0.001,5000,"0.1",TRUE,0.000829903515962461,-0.000560006782501583
"bivt",0.001,5000,"0.01",TRUE,0.00163810587536157,-0.000653706285101013
"bivt",0.001,5000,"0.05",TRUE,0.00143157811686424,-0.000637859002493602
"bivt",0.001,5000,"0.1",TRUE,0.00131768349835873,-0.000618340081958034
"bivt",0.001,5000,"0.01",TRUE,0.00192721358881891,-0.000685494526598314
"bivt",0.001,5000,"0.05",TRUE,0.00133858709688465,-0.000616304849050218
"bivt",0.001,5000,"0.1",TRUE,0.00111103282212602,-0.000589695358123989
"bivt",0.001,5000,"0.01",TRUE,0.00171305722807091,-0.000668011808283711
"bivt",0.001,5000,"0.05",TRUE,0.0028,-0.000694763059155948
"bivt",0.001,5000,"0.1",TRUE,0.0026,-0.000656974031928504
"bivt",0.001,5000,"0.01",TRUE,0.0036,-0.000737794312418389
"bivt",0.001,5000,"0.05",TRUE,0.0026,-0.000671677848593593
"bivt",0.001,5000,"0.1",TRUE,0.00201677207100504,-0.000646452928279415
"bivt",0.001,5000,"0.01",TRUE,0.0032,-0.000722467892014303
"bivt",0.001,5000,"0.05",TRUE,0.0015702480442125,-0.000547369836455702
"bivt",0.001,5000,"0.1",TRUE,0.00147907762563368,-0.000510969749685005
"bivt",0.001,5000,"0.01",TRUE,0.0026,-0.000586509933998253
"bivt",0.001,5000,"0.05",TRUE,0.0032,-0.000692636732379869
"bivt",0.001,5000,"0.1",TRUE,0.0028,-0.000681642403792258
"bivt",0.001,5000,"0.01",TRUE,0.0036,-0.000731280544703465
"bivt",0.001,5000,"0.05",TRUE,0.00232165793401737,-0.000691724649652543
"bivt",0.001,5000,"0.1",TRUE,0.00185995861080117,-0.000686019911599195
"bivt",0.001,5000,"0.01",TRUE,0.00260099999999998,-0.000723941709807887
"bivt",0.001,5000,"0.05",TRUE,0.000953589722728851,-0.000589425941898714
"bivt",0.001,5000,"0.1",TRUE,0.000763250900274284,-0.000554757770104814
"bivt",0.001,5000,"0.01",TRUE,0.00134879017478099,-0.000654395749471144
"bivt",0.001,5000,"0.05",TRUE,0.000705648037532715,-0.000581622233986308
"bivt",0.001,5000,"0.1",TRUE,0.000634545706661242,-0.000541695934349145
"bivt",0.001,5000,"0.01",TRUE,0.0026,-0.000653549767293669
"bivt",0.001,5000,"0.05",TRUE,0.00185189950255987,-0.000634517037219305
"bivt",0.001,5000,"0.1",TRUE,0.00146824432304952,-0.000613671780659488
"bivt",0.001,5000,"0.01",TRUE,0.0026,-0.000666715943410795
"bivt",0.001,5000,"0.05",TRUE,0.00108086624381126,-0.00064017706325143
"bivt",0.001,5000,"0.1",TRUE,0.000807808911179544,-0.000615297925837972
"bivt",0.001,5000,"0.01",TRUE,0.0014420746994576,-0.000704417176610491
"bivt",0.001,5000,"0.05",TRUE,0.00125749016885173,-0.000652190286844872
"bivt",0.001,5000,"0.1",TRUE,0.000992824331806176,-0.00061631671196537
"bivt",0.001,5000,"0.01",TRUE,0.00178955723566634,-0.000682778678238426
"bivt",0.001,5000,"0.05",TRUE,0.000965278370315719,-0.00063282906985466
"bivt",0.001,5000,"0.1",TRUE,0.000714145634484287,-0.000609473262909254
"bivt",0.001,5000,"0.01",TRUE,0.00199137418367958,-0.000654329505007623
"bivt",0.001,5000,"0.05",TRUE,0.000985530633161055,-0.000661100375935176
"bivt",0.001,5000,"0.1",TRUE,0.000936857799638813,-0.0006053510450259
"bivt",0.001,5000,"0.01",TRUE,0.00110635447415855,-0.000684839147171774
"bivt",0.001,5000,"0.05",TRUE,0.000672413318478432,-0.000588103710743069
"bivt",0.001,5000,"0.1",TRUE,0.000564954517634026,-0.000566187819439913
"bivt",0.001,5000,"0.01",TRUE,0.000780404314512782,-0.000629649622968494
"bivt",0.001,5000,"0.05",TRUE,0.00113881024223526,-0.000621170018333813
"bivt",0.001,5000,"0.1",TRUE,0.000935640628665087,-0.000590305766937408
"bivt",0.001,5000,"0.01",TRUE,0.00162720054804332,-0.000692257151591701
"bivt",0.001,5000,"0.05",TRUE,0.000936003227570692,-0.000639476877894831
"bivt",0.001,5000,"0.1",TRUE,0.000684198003463506,-0.000625043476612558
"bivt",0.001,5000,"0.01",TRUE,0.00155654215311722,-0.000671692797780938
"bivt",0.001,5000,"0.05",TRUE,0.00137296706235095,-0.000612343221386953
"bivt",0.001,5000,"0.1",TRUE,0.00112684452843057,-0.00058688497262542
"bivt",0.001,5000,"0.01",TRUE,0.00197911322497063,-0.000648375871502575
"bivt",0.001,5000,"0.05",FALSE,0.000808187482286416,-0.000511214307405006
"bivt",0.001,5000,"0.1",FALSE,0.00053553298522756,-0.000494298920528601
"bivt",0.001,5000,"0.01",FALSE,0.00105457222131192,-0.000540933985203071
"bivt",0.001,5000,"0.05",TRUE,0.00113998828767422,-0.000637566973424646
"bivt",0.001,5000,"0.1",TRUE,0.00102971739553993,-0.00062597253350886
"bivt",0.001,5000,"0.01",TRUE,0.00151110405449255,-0.000709616787455443
"bivt",0.001,5000,"0.05",TRUE,0.00102163904034475,-0.000628960003882981
"bivt",0.001,5000,"0.1",TRUE,0.000934829154610818,-0.000555635259302615
"bivt",0.001,5000,"0.01",TRUE,0.00130935780087671,-0.000676822796658631
"bivt",0.001,5000,"0.05",TRUE,0.00138463807016795,-0.000657211285491641
"bivt",0.001,5000,"0.1",TRUE,0.00112597332287475,-0.000611205125968748
"bivt",0.001,5000,"0.01",TRUE,0.00187548941608588,-0.000714605307560154
"bivt",0.001,5000,"0.05",TRUE,0.00131855362578452,-0.000615694621958364
"bivt",0.001,5000,"0.1",TRUE,0.0010430008031919,-0.000591782786255266
"bivt",0.001,5000,"0.01",TRUE,0.00154590596957518,-0.000668140847497104
"bivt",0.001,5000,"0.05",TRUE,0.0026,-0.000576363491655544
"bivt",0.001,5000,"0.1",TRUE,0.00229429338223933,-0.000548217266132482
"bivt",0.001,5000,"0.01",TRUE,0.0032,-0.000660930579557707
"bivt",0.001,5000,"0.05",FALSE,0.000530770475994518,-0.000494068844360241
"bivt",0.001,5000,"0.1",FALSE,0.00046521312153732,-0.000450453126140115
"bivt",0.001,5000,"0.01",FALSE,0.000777442548557101,-0.000535016930755916
"bivt",0.001,5000,"0.05",TRUE,0.00127284063498332,-0.000630504115089055
"bivt",0.001,5000,"0.1",TRUE,0.00107064880897626,-0.000603859993650239
"bivt",0.001,5000,"0.01",TRUE,0.00160378060183205,-0.000688903841562739
"bivt",0.001,5000,"0.05",TRUE,0.000756369457746343,-0.000612660868820962
"bivt",0.001,5000,"0.1",TRUE,0.000687408285846651,-0.000576756204489321
"bivt",0.001,5000,"0.01",TRUE,0.00105115012398005,-0.000644629168979835
"bivt",0.001,5000,"0.05",FALSE,0.00107660300127129,-0.000544585983237284
"bivt",0.001,5000,"0.1",FALSE,0.000916045654018313,-0.00051861217712939
"bivt",0.001,5000,"0.01",TRUE,0.00143842589875658,-0.000602340834259246
"bivt",0.001,5000,"0.05",TRUE,0.00160744949664928,-0.000676014127135275
"bivt",0.001,5000,"0.1",TRUE,0.00108207754249106,-0.000651175605594376
"bivt",0.001,5000,"0.01",TRUE,0.00227512328740356,-0.000764348708697382
"bivt",0.001,5000,"0.05",TRUE,0.00211041888132679,-0.000662121772135769
"bivt",0.001,5000,"0.1",TRUE,0.00169186108974185,-0.000634361047464023
"bivt",0.001,5000,"0.01",TRUE,0.0026,-0.000720367187432236
"bivt",0.001,5000,"0.05",TRUE,0.000589350562116755,-0.000626830717166828
"bivt",0.001,5000,"0.1",TRUE,0.000541196920453103,-0.000572482696708141
"bivt",0.001,5000,"0.01",TRUE,0.000888087830788029,-0.000726174483571243
"bivt",0.001,5000,"0.05",TRUE,0.00103767649438558,-0.000654516449117078
"bivt",0.001,5000,"0.1",FALSE,0.000843745014364733,-0.000611882664418885
"bivt",0.001,5000,"0.01",TRUE,0.00176534551473391,-0.000705754600378873
"bivt",0.001,5000,"0.05",TRUE,0.000834063608193112,-0.000606786560293749
"bivt",0.001,5000,"0.1",TRUE,0.000747797173490119,-0.000561038706627831
"bivt",0.001,5000,"0.01",TRUE,0.00106302845122616,-0.000651206876994396
"bivt",0.001,5000,"0.05",TRUE,0.00135626143293082,-0.000658823971633344
"bivt",0.001,5000,"0.1",TRUE,0.00133223418661881,-0.000641150571578071
"bivt",0.001,5000,"0.01",TRUE,0.0028,-0.000699101939800019
"bivt",0.001,5000,"0.05",TRUE,0.000665703423494973,-0.00061559054190406
"bivt",0.001,5000,"0.1",TRUE,0.000405827566010169,-0.000573857856890664
"bivt",0.001,5000,"0.01",TRUE,0.00098579203427552,-0.000665664391210356
"bivt",0.001,5000,"0.05",TRUE,0.00210782964814487,-0.000689155794805856
"bivt",0.001,5000,"0.1",TRUE,0.00140619789420375,-0.000668854902327216
"bivt",0.001,5000,"0.01",TRUE,0.003,-0.000746749797287578
"bivt",0.001,5000,"0.05",TRUE,0.00179039361271394,-0.00061510086603344
"bivt",0.001,5000,"0.1",TRUE,0.0012545614958127,-0.000575203327662879
"bivt",0.001,5000,"0.01",TRUE,0.0026,-0.000642437809807156
"bivt",0.001,5000,"0.05",TRUE,0.00120708478753798,-0.00063964032059843
"bivt",0.001,5000,"0.1",TRUE,0.000875171284153845,-0.000612437477560311
"bivt",0.001,5000,"0.01",TRUE,0.00136480441429986,-0.000686993219673599
"bivt",0.001,5000,"0.05",TRUE,0.0012132940470885,-0.000678799280023794
"bivt",0.001,5000,"0.1",TRUE,0.00117441948903865,-0.000671929725010189
"bivt",0.001,5000,"0.01",TRUE,0.00155612503790436,-0.00073779169174773
"bivt",0.001,5000,"0.05",TRUE,0.00168403211456617,-0.000675509721539951
"bivt",0.001,5000,"0.1",TRUE,0.00150197608875852,-0.000648167767525955
"bivt",0.001,5000,"0.01",TRUE,0.00280099999999998,-0.000726273364885047
"bivt",0.001,5000,"0.05",TRUE,0.0026,-0.000601536340453197
"bivt",0.001,5000,"0.1",TRUE,0.00193696335919478,-0.000549962453769054
"bivt",0.001,5000,"0.01",TRUE,0.0032,-0.000628731587475648
"bivt",0.001,5000,"0.05",TRUE,0.0028,-0.000710898612938498
"bivt",0.001,5000,"0.1",TRUE,0.0026,-0.000696872778308428
"bivt",0.001,5000,"0.01",TRUE,0.0034,-0.000737205106505119
"bivt",0.001,5000,"0.05",TRUE,0.00135711766664566,-0.000574624062489284
"bivt",0.001,5000,"0.1",TRUE,0.00107378153607719,-0.00055053091343629
"bivt",0.001,5000,"0.01",TRUE,0.0016650603751452,-0.000629319107042776
"bivt",0.001,5000,"0.05",TRUE,0.000967460820013742,-0.000625599845662292
"bivt",0.001,5000,"0.1",TRUE,0.00071816269852185,-0.00058312552604126
"bivt",0.001,5000,"0.01",TRUE,0.00190826975859399,-0.000698300511610811
"bivt",0.001,5000,"0.05",TRUE,0.00142299642292711,-0.000650769940203939
"bivt",0.001,5000,"0.1",TRUE,0.000983114341084435,-0.000643132514414648
"bivt",0.001,5000,"0.01",TRUE,0.0026,-0.000701910142526465
"bivt",0.001,5000,"0.05",FALSE,0.000997987164622974,-0.000710067551966834
"bivt",0.001,5000,"0.1",FALSE,0.000917865780916151,-0.000689975982253432
"bivt",0.001,5000,"0.01",TRUE,0.00143602341786703,-0.000742384208115937
"bivt",0.001,5000,"0.05",TRUE,0.00209473847996958,-0.000585794825518927
"bivt",0.001,5000,"0.1",TRUE,0.0017750055244144,-0.000551941582143282
"bivt",0.001,5000,"0.01",TRUE,0.00236548072548244,-0.000621544937132305
"bivt",0.001,5000,"0.05",TRUE,0.00103701638594099,-0.000661524951547547
"bivt",0.001,5000,"0.1",TRUE,0.000914012536817704,-0.000643847044786902
"bivt",0.001,5000,"0.01",TRUE,0.00162591428671604,-0.000700432007840938
"bivt",0.001,5000,"0.05",TRUE,0.00104777410175852,-0.000572710066189499
"bivt",0.001,5000,"0.1",TRUE,0.00085098782260399,-0.000546427446387649
"bivt",0.001,5000,"0.01",TRUE,0.00151924792007622,-0.000624343523682976
"bivt",0.001,5000,"0.05",FALSE,0.00058588879076733,-0.000557479272207069
"bivt",0.001,5000,"0.1",FALSE,0.000530113772800827,-0.000524029327492829
"bivt",0.001,5000,"0.01",FALSE,0.000850989888632869,-0.000632472584345159
"bivt",0.001,5000,"0.05",TRUE,0.00073856181075312,-0.000554911951220625
"bivt",0.001,5000,"0.1",FALSE,0.000622530299142181,-0.000533260401483542
"bivt",0.001,5000,"0.01",TRUE,0.000965697272588683,-0.000621964568799197
"bivt",0.001,5000,"0.05",TRUE,0.000874378111833418,-0.000701598889897125
"bivt",0.001,5000,"0.1",TRUE,0.000765138093045225,-0.000656610249596117
"bivt",0.001,5000,"0.01",TRUE,0.00119451514151755,-0.000760310328883831
"bivt",0.001,5000,"0.05",TRUE,0.00164950470696281,-0.000649730509990228
"bivt",0.001,5000,"0.1",TRUE,0.00129387186011069,-0.000608513627147927
"bivt",0.001,5000,"0.01",TRUE,0.0019066700429069,-0.000680376349914054
"bivt",0.001,5000,"0.05",TRUE,0.00221309004151411,-0.000636182591430863
"bivt",0.001,5000,"0.1",TRUE,0.00217685849848042,-0.00061227407843546
"bivt",0.001,5000,"0.01",TRUE,0.0028,-0.00066279239919916
"bivt",0.001,5000,"0.05",TRUE,0.0014177500792478,-0.000692701944491835
"bivt",0.001,5000,"0.1",TRUE,0.000966796106674589,-0.000671173140511005
"bivt",0.001,5000,"0.01",TRUE,0.00185140434202877,-0.000735764848263649
"bivt",0.001,5000,"0.05",TRUE,0.000807701719599124,-0.000622120293821595
"bivt",0.001,5000,"0.1",TRUE,0.000661970392873688,-0.000599836542925499
"bivt",0.001,5000,"0.01",TRUE,0.00125660568569601,-0.000663939503262473
"bivt",0.001,5000,"0.05",TRUE,0.000860556816386442,-0.000587987128102127
"bivt",0.001,5000,"0.1",TRUE,0.0006796920419879,-0.000570504595162332
"bivt",0.001,5000,"0.01",TRUE,0.0012159144643466,-0.000648495170451364
"bivt",0.001,5000,"0.05",TRUE,0.00159782541258544,-0.000614832874275558
"bivt",0.001,5000,"0.1",TRUE,0.00130364716063323,-0.000601418078219022
"bivt",0.001,5000,"0.01",TRUE,0.00192581077257284,-0.000673630318285717
"bivt",0.001,5000,"0.05",TRUE,0.00190644960795928,-0.000703022709135355
"bivt",0.001,5000,"0.1",TRUE,0.00160929900735603,-0.000692431370368615
"bivt",0.001,5000,"0.01",TRUE,0.00227196824339179,-0.000726328207843303
"bivt",0.001,5000,"0.05",TRUE,0.000818824340474144,-0.000651530552514775
"bivt",0.001,5000,"0.1",TRUE,0.000734465296224703,-0.00058818151176251
"bivt",0.001,5000,"0.01",TRUE,0.0011645917944874,-0.000705234575134115
"bivt",0.001,5000,"0.05",TRUE,0.00109002693904222,-0.00061437562962433
"bivt",0.001,5000,"0.1",TRUE,0.00077149018747153,-0.000573411913210596
"bivt",0.001,5000,"0.01",TRUE,0.00141145715276026,-0.000669854586632121
"bivt",0.001,5000,"0.05",TRUE,0.003,-0.000625022825138039
"bivt",0.001,5000,"0.1",TRUE,0.0026,-0.000600202058551161
"bivt",0.001,5000,"0.01",TRUE,0.0034,-0.000646537892673369
"bivt",0.001,5000,"0.05",TRUE,0.000871999224943436,-0.000716839856701919
"bivt",0.001,5000,"0.1",FALSE,0.000582580704128606,-0.000681862737934649
"bivt",0.001,5000,"0.01",TRUE,0.00108473687033629,-0.000762649430408088
"bivt",0.001,5000,"0.05",TRUE,0.00103842381258458,-0.00060443687131913
"bivt",0.001,5000,"0.1",TRUE,0.000838909499207958,-0.00059185971152013
"bivt",0.001,5000,"0.01",TRUE,0.00128786283081842,-0.000651867218569712
"bivt",0.001,5000,"0.05",TRUE,0.00132335027065632,-0.000608503580293773
"bivt",0.001,5000,"0.1",TRUE,0.00103105560451467,-0.000589073246169383
"bivt",0.001,5000,"0.01",TRUE,0.00182308316977978,-0.000646657944503052
"bivt",0.001,5000,"0.05",TRUE,0.001006216345083,-0.000622600024418433
"bivt",0.001,5000,"0.1",TRUE,0.000868312421087735,-0.00059799319865681
"bivt",0.001,5000,"0.01",TRUE,0.00165034733058151,-0.000671943322250242
"bivt",0.001,5000,"0.05",TRUE,0.000839023856980207,-0.000567707119276814
"bivt",0.001,5000,"0.1",TRUE,0.000771442152175315,-0.000533876848056373
"bivt",0.001,5000,"0.01",TRUE,0.00120201345423746,-0.000658660968872817
"bivt",0.001,5000,"0.05",TRUE,0.000853281751375719,-0.000593412120286829
"bivt",0.001,5000,"0.1",TRUE,0.000659200462976544,-0.000573760345288767
"bivt",0.001,5000,"0.01",TRUE,0.00108909975154567,-0.000656175370351042
"bivt",0.001,5000,"0.05",TRUE,0.000757756798764763,-0.0005193618741112
"bivt",0.001,5000,"0.1",TRUE,0.000635845722550338,-0.000504747284461917
"bivt",0.001,5000,"0.01",TRUE,0.000866706964049592,-0.000573506640936759
"bivt",0.001,5000,"0.05",TRUE,0.00121508181301686,-0.000685017799479442
"bivt",0.001,5000,"0.1",TRUE,0.000981512137726296,-0.000636574276338718
"bivt",0.001,5000,"0.01",TRUE,0.00229646880141571,-0.00075221023553694
"bivt",0.001,5000,"0.05",TRUE,0.00130309701217251,-0.000639790924977191
"bivt",0.001,5000,"0.1",TRUE,0.000745757469555706,-0.000597138177131654
"bivt",0.001,5000,"0.01",TRUE,0.00202130602567377,-0.000688146050671141
"bivt",0.001,5000,"0.05",TRUE,0.00105605611420875,-0.000707131743712912
"bivt",0.001,5000,"0.1",TRUE,0.000813194459034557,-0.000655037350279042
"bivt",0.001,5000,"0.01",TRUE,0.00176699772687588,-0.000728164382989335
"bivt",0.001,5000,"0.05",TRUE,0.0015065744092439,-0.000605019895983113
"bivt",0.001,5000,"0.1",TRUE,0.00115397914179308,-0.000582823578363566
"bivt",0.001,5000,"0.01",TRUE,0.00191795851136122,-0.000689522988481977
"bivt",0.001,5000,"0.05",TRUE,0.00120996610146314,-0.000595101991880184
"bivt",0.001,5000,"0.1",TRUE,0.0010452307806391,-0.000573263167093576
"bivt",0.001,5000,"0.01",TRUE,0.0017564418555841,-0.000645008906125546
"bivt",0.001,5000,"0.05",TRUE,0.00109488689635262,-0.000580948448873159
"bivt",0.001,5000,"0.1",TRUE,0.00108125303465643,-0.000568728154454862
"bivt",0.001,5000,"0.01",TRUE,0.0013612033491177,-0.000633436912625824
"bivt",0.001,5000,"0.05",TRUE,0.00113563319424759,-0.000580416847617782
"bivt",0.001,5000,"0.1",TRUE,0.000931536623029224,-0.000559892743714545
"bivt",0.001,5000,"0.01",TRUE,0.00170707603803848,-0.000620718973448484
"bivt",0.001,5000,"0.05",TRUE,0.00151369372018399,-0.000635075725196648
"bivt",0.001,5000,"0.1",TRUE,0.00131798329296804,-0.000607779612821887
"bivt",0.001,5000,"0.01",TRUE,0.00203875856121124,-0.000698845789965759
"bivt",0.001,5000,"0.05",TRUE,0.00118717790796189,-0.00062701733956462
"bivt",0.001,5000,"0.1",TRUE,0.000730342855826776,-0.000588457111394167
"bivt",0.001,5000,"0.01",TRUE,0.00187097158980772,-0.000668663382555483
"bivt",0.001,5000,"0.05",TRUE,0.000882835446932883,-0.000605217809349169
"bivt",0.001,5000,"0.1",TRUE,0.000734652077923395,-0.000565094016118215
"bivt",0.001,5000,"0.01",TRUE,0.00135276378945999,-0.000626441370386016
"bivt",0.001,5000,"0.05",TRUE,0.00113193914908025,-0.00063756963512433
"bivt",0.001,5000,"0.1",TRUE,0.000991365991346856,-0.000622892816328921
"bivt",0.001,5000,"0.01",TRUE,0.00201518849921291,-0.000682782821441847
"bivt",0.001,5000,"0.05",TRUE,0.000814360805587537,-0.000641763151121333
"bivt",0.001,5000,"0.1",TRUE,0.000764984858558239,-0.000595790474265035
"bivt",0.001,5000,"0.01",TRUE,0.0011909188089556,-0.000682430595477856
"bivt",0.001,5000,"0.05",TRUE,0.0026,-0.000559070248656281
"bivt",0.001,5000,"0.1",TRUE,0.00192232202166611,-0.000555253766361225
"bivt",0.001,5000,"0.01",TRUE,0.003,-0.000617539512674821
"bivt",0.001,5000,"0.05",TRUE,0.00134911688500215,-0.000665953820048833
"bivt",0.001,5000,"0.1",TRUE,0.00087372437022364,-0.000627621717531892
"bivt",0.001,5000,"0.01",TRUE,0.00161470931069804,-0.00070002290189546
"bivt",0.001,5000,"0.05",TRUE,0.000966768611298594,-0.000587317266410412
"bivt",0.001,5000,"0.1",TRUE,0.000694237479882819,-0.000579383276869323
"bivt",0.001,5000,"0.01",TRUE,0.00108774774922536,-0.00064009896562836
"bivt",0.001,5000,"0.05",TRUE,0.000967946400263701,-0.000690674961244345
"bivt",0.001,5000,"0.1",TRUE,0.000554985701689977,-0.000668156493377696
"bivt",0.001,5000,"0.01",TRUE,0.0013250530775574,-0.000734233664041076
"bivt",0.001,5000,"0.05",TRUE,0.00108202017823472,-0.000617722870333949
"bivt",0.001,5000,"0.1",TRUE,0.000793718580968708,-0.000594831246981174
"bivt",0.001,5000,"0.01",TRUE,0.0015616005736071,-0.000654170657999091
"bivt",0.001,5000,"0.05",FALSE,0.000520962385117078,-0.000661164795073666
"bivt",0.001,5000,"0.1",FALSE,0.000433276192926385,-0.000642271692317044
"bivt",0.001,5000,"0.01",TRUE,0.000706655299377383,-0.000748117001431669
"bivt",0.001,5000,"0.05",TRUE,0.00131836876140858,-0.000625414461872678
"bivt",0.001,5000,"0.1",TRUE,0.00088883298124384,-0.000588022074754122
"bivt",0.001,5000,"0.01",TRUE,0.0026,-0.000647021482753802
"bivt",0.001,5000,"0.05",TRUE,0.000992380173246891,-0.000577206130898716
"bivt",0.001,5000,"0.1",TRUE,0.000946297866147068,-0.000547012013621639
"bivt",0.001,5000,"0.01",TRUE,0.00139899480171507,-0.000606664566761918
"bivt",0.001,5000,"0.05",TRUE,0.00140820094814153,-0.000621768718403959
"bivt",0.001,5000,"0.1",TRUE,0.00127289031829437,-0.000593683048367155
"bivt",0.001,5000,"0.01",TRUE,0.00196014356115491,-0.000635722371820208
"bivt",0.001,5000,"0.05",TRUE,0.00123508647962434,-0.000741227164460652
"bivt",0.001,5000,"0.1",TRUE,0.00113149952656128,-0.000698955855351649
"bivt",0.001,5000,"0.01",TRUE,0.00138591499824615,-0.000779735134958259
"bivt",0.001,5000,"0.05",TRUE,0.00172355609175311,-0.000643686549925235
"bivt",0.001,5000,"0.1",TRUE,0.000966084422207661,-0.000634515220540898
"bivt",0.001,5000,"0.01",TRUE,0.0026,-0.000692128850539154
"bivt",0.001,5000,"0.05",TRUE,0.00120960963580724,-0.000602424205012321
"bivt",0.001,5000,"0.1",TRUE,0.000946737370498879,-0.000561466069142449
"bivt",0.001,5000,"0.01",TRUE,0.00141001401449182,-0.000659956689989852
"bivt",0.001,5000,"0.05",TRUE,0.000878490475995065,-0.000534471063550992
"bivt",0.001,5000,"0.1",TRUE,0.000677764766700245,-0.000496925979376655
"bivt",0.001,5000,"0.01",TRUE,0.00101961895403016,-0.000614142373780802
"bivt",0.001,5000,"0.05",TRUE,0.00106136069904547,-0.000619320400361807
"bivt",0.001,5000,"0.1",FALSE,0.00096851063450871,-0.000598685473586421
"bivt",0.001,5000,"0.01",TRUE,0.00149672899390649,-0.000643880415498541
"bivt",0.001,5000,"0.05",TRUE,0.00224680250287044,-0.000619025264936517
"bivt",0.001,5000,"0.1",TRUE,0.00202911836210397,-0.000602062839390894
"bivt",0.001,5000,"0.01",TRUE,0.0028,-0.000669896739483597
"bivt",0.001,5000,"0.05",TRUE,0.00114735512263747,-0.000606747430894915
"bivt",0.001,5000,"0.1",TRUE,0.00100244090272081,-0.000584388643070505
"bivt",0.001,5000,"0.01",TRUE,0.00156737620660336,-0.000659667403130953
"bivt",0.001,5000,"0.05",TRUE,0.00181112518448856,-0.000723345273039159
"bivt",0.001,5000,"0.1",TRUE,0.00155962384460215,-0.000697192302442156
"bivt",0.001,5000,"0.01",TRUE,0.0026,-0.000741251200622724
"bivt",0.001,5000,"0.05",TRUE,0.0015327292592186,-0.00060284615484425
"bivt",0.001,5000,"0.1",TRUE,0.000984147721480666,-0.000566262478221009
"bivt",0.001,5000,"0.01",TRUE,0.00228505400535244,-0.00061905980411654
"bivt",0.001,5000,"0.05",TRUE,0.000967491396474993,-0.000614165679284226
"bivt",0.001,5000,"0.1",TRUE,0.000888206391820734,-0.000599329610575001
"bivt",0.001,5000,"0.01",TRUE,0.00150136219456671,-0.000679838105383778
"bivt",0.001,5000,"0.05",TRUE,0.000934859619918114,-0.000581094673769841
"bivt",0.001,5000,"0.1",TRUE,0.000683074856505191,-0.000537006047699207
"bivt",0.001,5000,"0.01",TRUE,0.00165921936490493,-0.000643962585158606
"bivt",0.001,5000,"0.05",TRUE,0.000738889126701532,-0.000546452540103145
"bivt",0.001,5000,"0.1",FALSE,0.000450448598198925,-0.000509302041783657
"bivt",0.001,5000,"0.01",TRUE,0.00153379759677715,-0.000606466923749241
"bivt",0.001,5000,"0.05",TRUE,0.000805648742127432,-0.000591796932671472
"bivt",0.001,5000,"0.1",TRUE,0.000703474508148881,-0.000567472216753248
"bivt",0.001,5000,"0.01",TRUE,0.00102166501688497,-0.000646136508987156
"bivt",0.001,5000,"0.05",TRUE,0.000757878784916952,-0.000634194559522596
"bivt",0.001,5000,"0.1",TRUE,0.000576617332225142,-0.000629012977729228
"bivt",0.001,5000,"0.01",TRUE,0.00126880320757241,-0.000697397755575133
"bivt",0.001,5000,"0.05",TRUE,0.000823574095154526,-0.000627339949543967
"bivt",0.001,5000,"0.1",TRUE,0.000736966382362681,-0.000611754020749887
"bivt",0.001,5000,"0.01",TRUE,0.00115215911884991,-0.000693682119107703
"bivt",0.001,5000,"0.05",TRUE,0.00116094007624316,-0.000584138650210032
"bivt",0.001,5000,"0.1",TRUE,0.000989292100817098,-0.000550823365731437
"bivt",0.001,5000,"0.01",TRUE,0.00167223227472181,-0.00067944641334873
"bivt",0.001,5000,"0.05",TRUE,0.00189962858069977,-0.000598258883862183
"bivt",0.001,5000,"0.1",TRUE,0.00189372382987806,-0.000554570019893431
"bivt",0.001,5000,"0.01",TRUE,0.003,-0.000640377815573804
"bivt",0.001,5000,"0.05",TRUE,0.00125660191568903,-0.000684110756053638
"bivt",0.001,5000,"0.1",TRUE,0.00111066588220452,-0.000643755391126775
"bivt",0.001,5000,"0.01",TRUE,0.00165466383681595,-0.000715079425585359
"bivt",0.001,5000,"0.05",TRUE,0.000629685013512688,-0.00063456216563718
"bivt",0.001,5000,"0.1",TRUE,0.000592991551848492,-0.000615089001197293
"bivt",0.001,5000,"0.01",TRUE,0.000907803530998894,-0.000668553965458277
"bivt",0.001,5000,"0.05",TRUE,0.00134860124118661,-0.000564000951560416
"bivt",0.001,5000,"0.1",TRUE,0.000962920081708516,-0.000536725737154487
"bivt",0.001,5000,"0.01",TRUE,0.00172402450521764,-0.000620117193818872
"bivt",0.001,5000,"0.05",TRUE,0.00160421630997244,-0.000630852665265555
"bivt",0.001,5000,"0.1",FALSE,0.000732326086953319,-0.000619928859718329
"bivt",0.001,5000,"0.01",TRUE,0.00180715076477188,-0.000692849573781529
"bivt",0.001,5000,"0.05",TRUE,0.000471774385984124,-0.000594148674905407
"bivt",0.001,5000,"0.1",TRUE,0.000357352414238309,-0.000568886655982187
"bivt",0.001,5000,"0.01",TRUE,0.000972287912857403,-0.00067300696060461
"bivt",0.001,5000,"0.05",FALSE,0.00111397602906361,-0.000628509838399443
"bivt",0.001,5000,"0.1",FALSE,0.000875968739880871,-0.000618700955133479
"bivt",0.001,5000,"0.01",TRUE,0.00146674507425165,-0.00071726935940348
"bivt",0.001,5000,"0.05",TRUE,0.00113056020669495,-0.000589583414161222
"bivt",0.001,5000,"0.1",TRUE,0.00083554972175791,-0.000542373456797334
"bivt",0.001,5000,"0.01",TRUE,0.0012574349668574,-0.000642179252985045
"bivt",0.001,5000,"0.05",TRUE,0.00180652315220311,-0.000670482671502619
"bivt",0.001,5000,"0.1",TRUE,0.00136230978478823,-0.000655680281879996
"bivt",0.001,5000,"0.01",TRUE,0.0026,-0.000710675438375015
"bivt",0.001,5000,"0.05",TRUE,0.000838664170841621,-0.00065312115141688
"bivt",0.001,5000,"0.1",TRUE,0.000673260120430252,-0.000600253295557135
"bivt",0.001,5000,"0.01",TRUE,0.000968438379893089,-0.000685131751659322
"bivt",0.001,5000,"0.05",TRUE,0.000828239038175696,-0.000572545786050435
"bivt",0.001,5000,"0.1",TRUE,0.000756729279891897,-0.000535565198023541
"bivt",0.001,5000,"0.01",TRUE,0.000978487769054195,-0.000641510863748111
"bivt",0.001,5000,"0.05",TRUE,0.00153506932561185,-0.000629842357468332
"bivt",0.001,5000,"0.1",TRUE,0.00133218833454849,-0.000613278309119281
"bivt",0.001,5000,"0.01",TRUE,0.00199399745177919,-0.00066380944498772
"bivt",0.001,5000,"0.05",TRUE,0.0016646637766127,-0.000650774329731408
"bivt",0.001,5000,"0.1",TRUE,0.00130479946558384,-0.0006260066083457
"bivt",0.001,5000,"0.01",TRUE,0.00240364471595673,-0.000694954179160782
"bivt",0.001,5000,"0.05",TRUE,0.00165440460149711,-0.000632926145538542
"bivt",0.001,5000,"0.1",TRUE,0.0014265053150374,-0.000610067010854561
"bivt",0.001,5000,"0.01",TRUE,0.00210949363911882,-0.000690661564537405
"bivt",0.001,5000,"0.05",TRUE,0.0026,-0.000691962842751299
"bivt",0.001,5000,"0.1",TRUE,0.00197143878007852,-0.000662180619367666
"bivt",0.001,5000,"0.01",TRUE,0.0032,-0.000750216946394922
"bivt",0.001,5000,"0.05",TRUE,0.00136648951162014,-0.000634274324349868
"bivt",0.001,5000,"0.1",TRUE,0.000952774830245129,-0.00059711425498665
"bivt",0.001,5000,"0.01",TRUE,0.0028,-0.000694573276002728
"bivt",0.001,5000,"0.05",FALSE,0.000565724836681233,-0.000554215934174607
"bivt",0.001,5000,"0.1",FALSE,0.000538322251814851,-0.000525600201904911
"bivt",0.001,5000,"0.01",TRUE,0.000614317972340056,-0.000600099969516579
"bivt",0.001,5000,"0.05",TRUE,0.00128363782124095,-0.00065231680364393
"bivt",0.001,5000,"0.1",TRUE,0.00102112007056867,-0.000599813847760408
"bivt",0.001,5000,"0.01",TRUE,0.00209744924529065,-0.000698151329929823
"bivt",0.001,5000,"0.05",TRUE,0.00153068516938834,-0.000687998140946947
"bivt",0.001,5000,"0.1",TRUE,0.00129207962042846,-0.000660496345589592
"bivt",0.001,5000,"0.01",TRUE,0.00233185278482027,-0.000726379886433213
"bivt",0.001,5000,"0.05",TRUE,0.00126947098804273,-0.000631915203391332
"bivt",0.001,5000,"0.1",TRUE,0.0011975417776133,-0.000604012569960032
"bivt",0.001,5000,"0.01",TRUE,0.00140290738638424,-0.000674959592952324
"bivt",0.001,5000,"0.05",TRUE,0.00088842738259424,-0.000563686219576167
"bivt",0.001,5000,"0.1",TRUE,0.000762808315512719,-0.000527009279893021
"bivt",0.001,5000,"0.01",TRUE,0.0012250367268184,-0.000648268414464651
"bivt",0.001,5000,"0.05",TRUE,0.00139114781261263,-0.000657200727582839
"bivt",0.001,5000,"0.1",TRUE,0.00121265808471335,-0.000606888232713321
"bivt",0.001,5000,"0.01",TRUE,0.00192905722779811,-0.000751559830372864
"bivt",0.001,5000,"0.05",TRUE,0.000992308088038437,-0.0005584167832156
"bivt",0.001,5000,"0.1",TRUE,0.000734671843768113,-0.000537169793709683
"bivt",0.001,5000,"0.01",TRUE,0.00200177905578205,-0.000603397276105017
"bivt",0.001,5000,"0.05",TRUE,0.00178442398634262,-0.000620975120282282
"bivt",0.001,5000,"0.1",TRUE,0.00122376392587485,-0.000594076928944424
"bivt",0.001,5000,"0.01",TRUE,0.00217424126539275,-0.000666308453912732
"bivt",0.001,5000,"0.05",TRUE,0.000725881064211007,-0.000569251724094104
"bivt",0.001,5000,"0.1",TRUE,0.000667561226756769,-0.000544058555313845
"bivt",0.001,5000,"0.01",TRUE,0.000962251992623827,-0.000617396612470985
"bivt",0.001,5000,"0.05",TRUE,0.000591114408009084,-0.000565166068090194
"bivt",0.001,5000,"0.1",TRUE,0.000518649038306802,-0.000533616830463032
"bivt",0.001,5000,"0.01",TRUE,0.00126984350852629,-0.000639999590344347
"bivt",0.001,5000,"0.05",TRUE,0.00207809651189782,-0.00069750046159757
"bivt",0.001,5000,"0.1",TRUE,0.0018264435340786,-0.000696640938386287
"bivt",0.001,5000,"0.01",TRUE,0.00280099999999998,-0.000761221922705371
"bivt",0.001,5000,"0.05",TRUE,0.00159741008222596,-0.000651606023961863
"bivt",0.001,5000,"0.1",TRUE,0.00122876814546507,-0.000636680462222299
"bivt",0.001,5000,"0.01",TRUE,0.00202714829724242,-0.000676518570904307
"bivt",0.001,5000,"0.05",TRUE,0.00105332140886247,-0.000570914978387413
"bivt",0.001,5000,"0.1",TRUE,0.000989816966519089,-0.000529670451479365
"bivt",0.001,5000,"0.01",TRUE,0.00165465661497342,-0.000639941527070044
"bivt",0.001,5000,"0.05",TRUE,0.000958346064265145,-0.000565210436939511
"bivt",0.001,5000,"0.1",TRUE,0.000880409530782247,-0.000540740180835792
"bivt",0.001,5000,"0.01",TRUE,0.00136086692331304,-0.000609467645250081
"bivt",0.001,5000,"0.05",TRUE,0.000789624980297759,-0.000632667767317828
"bivt",0.001,5000,"0.1",TRUE,0.000738929572944509,-0.00060435487121287
"bivt",0.001,5000,"0.01",TRUE,0.000946231470016613,-0.000718372852737038
"bivt",0.001,5000,"0.05",TRUE,0.00122573813962781,-0.000652084901900999
"bivt",0.001,5000,"0.1",TRUE,0.000782034378783786,-0.000623441076497153
"bivt",0.001,5000,"0.01",TRUE,0.0026,-0.000708148528718743
"bivt",0.001,5000,"0.05",TRUE,0.00156738204037192,-0.000610920843968149
"bivt",0.001,5000,"0.1",TRUE,0.00117175337875923,-0.000586854941157166
"bivt",0.001,5000,"0.01",TRUE,0.00213295181977148,-0.000682035017016151
"bivt",0.001,5000,"0.05",TRUE,0.00108882184888293,-0.00059722443311513
"bivt",0.001,5000,"0.1",TRUE,0.0010262640992096,-0.000586221452505226
"bivt",0.001,5000,"0.01",TRUE,0.00157527444767189,-0.000640256539794465
"bivt",0.001,5000,"0.05",TRUE,0.000851823887390397,-0.000651413775330746
"bivt",0.001,5000,"0.1",TRUE,0.000561875012718606,-0.000616900937545329
"bivt",0.001,5000,"0.01",TRUE,0.00134273296652234,-0.000691731455098849
"bivt",0.001,5000,"0.05",TRUE,0.00101030034033516,-0.000626169942256368
"bivt",0.001,5000,"0.1",TRUE,0.000919840077801775,-0.000604432184380672
"bivt",0.001,5000,"0.01",TRUE,0.00163587814986627,-0.000728441074316109
"bivt",0.001,5000,"0.05",TRUE,0.000966815094511455,-0.00060692044344931
"bivt",0.001,5000,"0.1",TRUE,0.000636693342046696,-0.000571858691716777
"bivt",0.001,5000,"0.01",TRUE,0.00169018605961751,-0.000652008528658555
"bivt",0.001,5000,"0.05",TRUE,0.000682695974252045,-0.000592893755430814
"bivt",0.001,5000,"0.1",TRUE,0.000568884690635015,-0.000567806745554048
"bivt",0.001,5000,"0.01",TRUE,0.00206865286085598,-0.000702845014942776
"bivt",0.001,5000,"0.05",TRUE,0.00132780619808103,-0.000600553052433467
"bivt",0.001,5000,"0.1",TRUE,0.0012031747770972,-0.000578901647427145
"bivt",0.001,5000,"0.01",TRUE,0.0016262763579523,-0.000636435289945403
"bivt",0.001,5000,"0.05",TRUE,0.00139348552456022,-0.000612561261440789
"bivt",0.001,5000,"0.1",TRUE,0.000969389653059346,-0.000586674360519119
"bivt",0.001,5000,"0.01",TRUE,0.0017013034350024,-0.000654140446747202
"bivt",0.001,5000,"0.05",TRUE,0.00132269723785473,-0.000638809809007593
"bivt",0.001,5000,"0.1",TRUE,0.0010270138633402,-0.000605757954258035
"bivt",0.001,5000,"0.01",TRUE,0.0018483569109229,-0.000713929352678538
"bivt",0.001,5000,"0.05",TRUE,0.00116657674978956,-0.000577673065437582
"bivt",0.001,5000,"0.1",TRUE,0.00101400809044099,-0.000564865701960941
"bivt",0.001,5000,"0.01",TRUE,0.00175516391979683,-0.000646775621914042
"bivt",0.001,5000,"0.05",TRUE,0.00162709617557557,-0.000623803706249261
"bivt",0.001,5000,"0.1",TRUE,0.0010097471022371,-0.000603700297912238
"bivt",0.001,5000,"0.01",TRUE,0.0026,-0.000685945933476828
"bivt",0.001,5000,"0.05",TRUE,0.00198630576330581,-0.000634894322784542
"bivt",0.001,5000,"0.1",TRUE,0.0014650750352617,-0.000596551196984524
"bivt",0.001,5000,"0.01",TRUE,0.0026,-0.000678478746389455
"bivt",0.001,5000,"0.05",TRUE,0.00144487432019087,-0.000629596504091524
"bivt",0.001,5000,"0.1",TRUE,0.0013372935919495,-0.000601938628328118
"bivt",0.001,5000,"0.01",TRUE,0.0026,-0.000663992883832454
"bivt",0.001,5000,"0.05",TRUE,0.000548896667240133,-0.000675874411776977
"bivt",0.001,5000,"0.1",TRUE,0.000473101446957925,-0.000619471102786676
"bivt",0.001,5000,"0.01",TRUE,0.00138490590972241,-0.000724342151940315
"bivt",0.001,5000,"0.05",TRUE,0.00197272608795298,-0.000636483739813925
"bivt",0.001,5000,"0.1",TRUE,0.00123060680135136,-0.000629178475780471
"bivt",0.001,5000,"0.01",TRUE,0.0028,-0.000703531553127518
"bivt",0.001,5000,"0.05",TRUE,0.000743635166456365,-0.000594469875858727
"bivt",0.001,5000,"0.1",TRUE,0.000669205550035632,-0.000564865017148882
"bivt",0.001,5000,"0.01",TRUE,0.00119150459082342,-0.000649487451207701
"bivt",0.001,5000,"0.05",TRUE,0.000692223555794646,-0.000560407749549495
"bivt",0.001,5000,"0.1",TRUE,0.000669966520524609,-0.000523501692227814
"bivt",0.001,5000,"0.01",TRUE,0.000758650165895787,-0.000597523295143325
"bivt",5e-04,10000,"0.05",TRUE,0.000573322163638028,-0.000272510674244276
"bivt",5e-04,10000,"0.1",TRUE,0.000394927865652692,-0.000264932292890478
"bivt",5e-04,10000,"0.01",TRUE,0.00078582736505486,-0.000309122005840408
"bivt",5e-04,10000,"0.05",TRUE,0.000554509111937622,-0.00028351965019959
"bivt",5e-04,10000,"0.1",TRUE,0.000436294160641389,-0.000271562676831945
"bivt",5e-04,10000,"0.01",TRUE,0.000781175558336427,-0.000309526347038025
"bivt",5e-04,10000,"0.05",TRUE,0.000410110638391263,-0.000296763547755237
"bivt",5e-04,10000,"0.1",TRUE,0.000358103360484592,-0.000265519978968418
"bivt",5e-04,10000,"0.01",TRUE,0.000656806199290478,-0.000323163403424004
"bivt",5e-04,10000,"0.05",TRUE,0.000437346232966185,-0.000272959797021793
"bivt",5e-04,10000,"0.1",TRUE,0.000314053838662809,-0.000265184412471843
"bivt",5e-04,10000,"0.01",TRUE,0.000518742164686579,-0.000300564886586776
"bivt",5e-04,10000,"0.05",TRUE,0.000478646418219264,-0.00030352480607796
"bivt",5e-04,10000,"0.1",TRUE,0.000456801105312765,-0.00028464346396508
"bivt",5e-04,10000,"0.01",TRUE,0.000514371393370209,-0.00033478394868436
"bivt",5e-04,10000,"0.05",TRUE,0.000417785467243373,-0.000295381312874363
"bivt",5e-04,10000,"0.1",TRUE,0.000389987363999411,-0.000274252219933884
"bivt",5e-04,10000,"0.01",TRUE,0.000515526611559791,-0.000316091618209709
"bivt",5e-04,10000,"0.05",TRUE,0.000389642156388424,-0.000263182166766522
"bivt",5e-04,10000,"0.1",TRUE,0.000336403254031941,-0.00025723589917916
"bivt",5e-04,10000,"0.01",TRUE,0.000469779248601932,-0.000276923508400179
"bivt",5e-04,10000,"0.05",TRUE,0.000583232641871444,-0.000260157315410597
"bivt",5e-04,10000,"0.1",TRUE,0.000438267324210296,-0.000250919715366564
"bivt",5e-04,10000,"0.01",TRUE,0.000759703028860754,-0.000305242445989779
"bivt",5e-04,10000,"0.05",TRUE,0.000386958951524994,-0.000249445764183274
"bivt",5e-04,10000,"0.1",TRUE,0.000344167479071188,-0.000239262072294572
"bivt",5e-04,10000,"0.01",TRUE,0.000476875863469518,-0.000271028743517885
"bivt",5e-04,10000,"0.05",TRUE,0.00044476268627526,-0.000273905052488219
"bivt",5e-04,10000,"0.1",TRUE,0.000431107632803151,-0.000263690145822734
"bivt",5e-04,10000,"0.01",TRUE,0.000743005078920399,-0.000292964986879172
"bivt",5e-04,10000,"0.05",TRUE,0.000408745344167187,-0.000258223688652021
"bivt",5e-04,10000,"0.1",TRUE,0.000353582913530886,-0.000242021660438563
"bivt",5e-04,10000,"0.01",TRUE,0.000596072154095702,-0.000285596774016905
"bivt",5e-04,10000,"0.05",TRUE,0.000502297923138433,-0.000259918678698445
"bivt",5e-04,10000,"0.1",TRUE,0.000439612648790664,-0.000240893504185852
"bivt",5e-04,10000,"0.01",TRUE,0.00101125090801288,-0.000285051209915912
"bivt",5e-04,10000,"0.05",TRUE,0.000697575921469509,-0.000302960547215443
"bivt",5e-04,10000,"0.1",TRUE,0.0005040329713267,-0.000297086285500752
"bivt",5e-04,10000,"0.01",TRUE,0.00100219878486593,-0.000318673571965728
"bivt",5e-04,10000,"0.05",TRUE,0.000481407787387404,-0.000303223576968318
"bivt",5e-04,10000,"0.1",TRUE,0.000436829428845076,-0.000297601948618142
"bivt",5e-04,10000,"0.01",TRUE,0.000572091395446301,-0.000341221377836768
"bivt",5e-04,10000,"0.05",TRUE,0.000637907566488064,-0.000305189027697867
"bivt",5e-04,10000,"0.1",TRUE,0.000560018523887034,-0.000274244410134695
"bivt",5e-04,10000,"0.01",TRUE,0.00098525751558246,-0.000330809213421271
"bivt",5e-04,10000,"0.05",TRUE,0.000371780962757576,-0.00026654368228228
"bivt",5e-04,10000,"0.1",TRUE,0.000311610861117817,-0.00025032565171411
"bivt",5e-04,10000,"0.01",TRUE,0.000496589236961481,-0.000282577150530742
"bivt",5e-04,10000,"0.05",TRUE,0.000472586482437876,-0.000257590868145899
"bivt",5e-04,10000,"0.1",TRUE,0.000372327329918669,-0.000241396161771794
"bivt",5e-04,10000,"0.01",TRUE,0.000585983103287327,-0.000277959715620782
"bivt",5e-04,10000,"0.05",TRUE,0.000388190263827455,-0.000265429757697448
"bivt",5e-04,10000,"0.1",TRUE,0.000313259307648176,-0.000252034495590137
"bivt",5e-04,10000,"0.01",TRUE,0.000634409944101363,-0.00029076828501572
"bivt",5e-04,10000,"0.05",TRUE,0.000666181219811607,-0.000278321428577924
"bivt",5e-04,10000,"0.1",TRUE,0.000495388845616967,-0.000269580634659673
"bivt",5e-04,10000,"0.01",TRUE,0.000852265262524397,-0.000318140182914166
"bivt",5e-04,10000,"0.05",TRUE,0.000730346959840086,-0.000308236202975397
"bivt",5e-04,10000,"0.1",TRUE,0.000610660036566457,-0.000281422959472054
"bivt",5e-04,10000,"0.01",TRUE,0.00079238458822992,-0.0003259304668166
"bivt",5e-04,10000,"0.05",TRUE,0.000331703401823925,-0.000233928111464648
"bivt",5e-04,10000,"0.1",TRUE,0.000286834504802739,-0.000219446128959018
"bivt",5e-04,10000,"0.01",TRUE,0.000478948476222089,-0.000266555924064382
"bivt",5e-04,10000,"0.05",TRUE,0.000495884019006322,-0.000275793207162305
"bivt",5e-04,10000,"0.1",TRUE,0.000360952687155693,-0.00024935377041939
"bivt",5e-04,10000,"0.01",TRUE,0.000540162470129599,-0.000326928051582639
"bivt",5e-04,10000,"0.05",TRUE,0.000468218886647628,-0.000286005405540045
"bivt",5e-04,10000,"0.1",TRUE,0.000417690611676337,-0.000270864148809559
"bivt",5e-04,10000,"0.01",TRUE,0.000672065592639589,-0.000312659407252618
"bivt",5e-04,10000,"0.05",TRUE,0.000663760382333371,-0.000302291708001039
"bivt",5e-04,10000,"0.1",TRUE,0.000577804405572245,-0.000273584396819271
"bivt",5e-04,10000,"0.01",TRUE,0.000882232427918893,-0.000322425006938026
"bivt",5e-04,10000,"0.05",TRUE,0.000530785281179812,-0.000275457002414997
"bivt",5e-04,10000,"0.1",TRUE,0.000454895455588951,-0.000255177597576994
"bivt",5e-04,10000,"0.01",TRUE,0.00075144028130808,-0.000292752203517675
"bivt",5e-04,10000,"0.05",TRUE,0.000615453729167586,-0.000281596944151686
"bivt",5e-04,10000,"0.1",TRUE,0.000467614413800026,-0.000270121370102218
"bivt",5e-04,10000,"0.01",TRUE,0.000865649647289623,-0.000302942221446732
"bivt",5e-04,10000,"0.05",TRUE,0.000367233350071964,-0.000281823835345671
"bivt",5e-04,10000,"0.1",TRUE,0.000305520519908266,-0.000272525792006909
"bivt",5e-04,10000,"0.01",TRUE,0.000589965640008368,-0.000305524149581631
"bivt",5e-04,10000,"0.05",TRUE,0.000567520532665569,-0.000320659642627689
"bivt",5e-04,10000,"0.1",TRUE,0.000463049633535896,-0.000306301927352126
"bivt",5e-04,10000,"0.01",TRUE,0.00118001482665573,-0.000339417101009923
"bivt",5e-04,10000,"0.05",TRUE,0.00053216551052301,-0.000260772976389668
"bivt",5e-04,10000,"0.1",TRUE,0.000433372595657019,-0.000247513096458881
"bivt",5e-04,10000,"0.01",TRUE,0.00070639940571186,-0.000282188089997152
"bivt",5e-04,10000,"0.05",TRUE,0.000318041367388034,-0.000249885103944814
"bivt",5e-04,10000,"0.1",TRUE,0.000275807328072108,-0.000232804637155642
"bivt",5e-04,10000,"0.01",TRUE,0.000441089948358293,-0.000284578315885478
"bivt",5e-04,10000,"0.05",TRUE,0.000329396188685524,-0.000284818015072774
"bivt",5e-04,10000,"0.1",TRUE,0.000305720732286496,-0.00027155513966295
"bivt",5e-04,10000,"0.01",TRUE,0.000475797737650828,-0.000314863843830951
"bivt",5e-04,10000,"0.05",TRUE,0.000881765871214316,-0.000292363392056122
"bivt",5e-04,10000,"0.1",TRUE,0.000645336087015867,-0.000269322306644029
"bivt",5e-04,10000,"0.01",TRUE,0.00124664151880349,-0.000311236194645632
"bivt",5e-04,10000,"0.05",TRUE,0.000543512899085792,-0.000277031024855531
"bivt",5e-04,10000,"0.1",TRUE,0.000440105806873005,-0.000256626455571277
"bivt",5e-04,10000,"0.01",TRUE,0.00103165706355971,-0.000299151908815087
"bivt",5e-04,10000,"0.05",TRUE,0.000398248771387907,-0.000281630640668695
"bivt",5e-04,10000,"0.1",TRUE,0.00037947933281495,-0.000264361699589247
"bivt",5e-04,10000,"0.01",TRUE,0.000493902491958694,-0.000309488677321565
"bivt",5e-04,10000,"0.05",TRUE,0.000697170061831779,-0.000316586554555376
"bivt",5e-04,10000,"0.1",TRUE,0.000551490636443598,-0.000300571047647509
"bivt",5e-04,10000,"0.01",TRUE,0.00115217172632719,-0.000335965918179773
"bivt",5e-04,10000,"0.05",TRUE,0.000475200694506598,-0.000290336601296071
"bivt",5e-04,10000,"0.1",TRUE,0.000436233735107834,-0.000280798875654045
"bivt",5e-04,10000,"0.01",TRUE,0.000768667091716622,-0.000300871719444559
"bivt",5e-04,10000,"0.05",TRUE,0.000483249849111286,-0.000267177768241716
"bivt",5e-04,10000,"0.1",TRUE,0.000368189508109267,-0.000246909957118922
"bivt",5e-04,10000,"0.01",TRUE,0.000739535775305555,-0.000295062995647421
"bivt",5e-04,10000,"0.05",TRUE,0.000488057002096779,-0.000292591274576602
"bivt",5e-04,10000,"0.1",TRUE,0.000468143363038401,-0.00027920366281243
"bivt",5e-04,10000,"0.01",TRUE,0.000647990258675721,-0.000321021286105975
"bivt",5e-04,10000,"0.05",TRUE,0.000352951570344745,-0.000251291324466831
"bivt",5e-04,10000,"0.1",TRUE,0.000277709026480422,-0.000234619939544118
"bivt",5e-04,10000,"0.01",TRUE,0.000525027612715906,-0.000280966634725628
"bivt",5e-04,10000,"0.05",TRUE,0.000572873658638175,-0.000293487437154285
"bivt",5e-04,10000,"0.1",TRUE,0.000453413924821829,-0.000282131913882543
"bivt",5e-04,10000,"0.01",TRUE,0.000858490569392908,-0.000318865489929564
"bivt",5e-04,10000,"0.05",FALSE,0.000332980265185298,-0.000278665509088182
"bivt",5e-04,10000,"0.1",FALSE,0.000278987909793727,-0.000252709340008658
"bivt",5e-04,10000,"0.01",TRUE,0.000498756309469751,-0.000316392031004816
"bivt",5e-04,10000,"0.05",TRUE,0.00042128814593529,-0.000299080730392747
"bivt",5e-04,10000,"0.1",TRUE,0.000371047287102227,-0.000292100237037766
"bivt",5e-04,10000,"0.01",TRUE,0.000853754302222104,-0.000319573665003035
"bivt",5e-04,10000,"0.05",TRUE,0.00057955931512758,-0.000290378611200656
"bivt",5e-04,10000,"0.1",TRUE,0.000433754131006165,-0.000284420255171744
"bivt",5e-04,10000,"0.01",TRUE,0.000783540429038536,-0.000312403655987457
"bivt",5e-04,10000,"0.05",TRUE,0.000546817738853513,-0.000292817861375925
"bivt",5e-04,10000,"0.1",TRUE,0.000395455763743025,-0.000281655155210591
"bivt",5e-04,10000,"0.01",TRUE,0.000769534458384256,-0.000302069854623843
"bivt",5e-04,10000,"0.05",TRUE,0.000565782055406025,-0.000269464491989939
"bivt",5e-04,10000,"0.1",TRUE,0.000526794587193252,-0.000257065920973966
"bivt",5e-04,10000,"0.01",TRUE,0.000935033783946575,-0.000313352352935908
"bivt",5e-04,10000,"0.05",TRUE,0.000572527795201164,-0.000265948507846831
"bivt",5e-04,10000,"0.1",TRUE,0.000389686078486518,-0.00024964535761645
"bivt",5e-04,10000,"0.01",TRUE,0.000647626819434942,-0.000293384007560457
"bivt",5e-04,10000,"0.05",TRUE,0.000561277114479068,-0.000268053387834306
"bivt",5e-04,10000,"0.1",TRUE,0.000554837667501274,-0.000255645034760322
"bivt",5e-04,10000,"0.01",TRUE,0.00094978422750356,-0.000300765987767674
"bivt",5e-04,10000,"0.05",TRUE,0.000561380756523449,-0.000270823210527196
"bivt",5e-04,10000,"0.1",TRUE,0.000400199021932613,-0.000256643333314867
"bivt",5e-04,10000,"0.01",TRUE,0.000636790450382469,-0.000286782746888969
"bivt",5e-04,10000,"0.05",TRUE,0.000647529347253904,-0.000289606331175135
"bivt",5e-04,10000,"0.1",TRUE,0.000555451738492595,-0.000264290714022523
"bivt",5e-04,10000,"0.01",TRUE,0.000719192754297935,-0.000312371581737167
"bivt",5e-04,10000,"0.05",TRUE,0.000442361236297095,-0.000295742504247575
"bivt",5e-04,10000,"0.1",TRUE,0.000351777884694094,-0.000275332840863873
"bivt",5e-04,10000,"0.01",TRUE,0.00057379240521089,-0.000325418211057354
"bivt",5e-04,10000,"0.05",TRUE,0.000466642966541613,-0.000269162240648745
"bivt",5e-04,10000,"0.1",TRUE,0.000351043042467317,-0.000257386836741678
"bivt",5e-04,10000,"0.01",TRUE,0.000612521797114669,-0.000310186116500937
"bivt",5e-04,10000,"0.05",TRUE,0.000448248120025063,-0.000276257597715339
"bivt",5e-04,10000,"0.1",TRUE,0.000386487345687351,-0.000263194164206865
"bivt",5e-04,10000,"0.01",TRUE,0.000730317385870395,-0.000314852167048224
"bivt",5e-04,10000,"0.05",TRUE,0.000474572437563646,-0.000289946581516573
"bivt",5e-04,10000,"0.1",TRUE,0.000372085692416529,-0.00027156717955753
"bivt",5e-04,10000,"0.01",TRUE,0.000698236694537863,-0.000324405381523754
"bivt",5e-04,10000,"0.05",TRUE,0.000694146981423391,-0.000299451948231509
"bivt",5e-04,10000,"0.1",TRUE,0.000646943616694968,-0.000274645563735794
"bivt",5e-04,10000,"0.01",TRUE,0.000843301257411373,-0.000310674075905607
"bivt",5e-04,10000,"0.05",TRUE,0.000301451453540504,-0.000254595702689003
"bivt",5e-04,10000,"0.1",TRUE,0.000245573602998954,-0.00024014831135638
"bivt",5e-04,10000,"0.01",TRUE,0.000460442421077513,-0.000288887171957723
"bivt",5e-04,10000,"0.05",TRUE,0.000508686403495672,-0.000246148039737581
"bivt",5e-04,10000,"0.1",TRUE,0.000469743996353492,-0.000223329811742046
"bivt",5e-04,10000,"0.01",TRUE,0.000636052962371149,-0.000273918821198065
"bivt",5e-04,10000,"0.05",TRUE,0.000333844035073618,-0.000257485428620743
"bivt",5e-04,10000,"0.1",TRUE,0.000276759291305232,-0.000248834360549583
"bivt",5e-04,10000,"0.01",TRUE,0.000473220501105411,-0.000300664064407812
"bivt",5e-04,10000,"0.05",TRUE,0.000893122543407175,-0.000344383277332839
"bivt",5e-04,10000,"0.1",TRUE,0.000729024988437777,-0.000327281862024131
"bivt",5e-04,10000,"0.01",TRUE,0.00104156300127473,-0.000365388806799774
"bivt",5e-04,10000,"0.05",TRUE,0.000985625263200495,-0.000271722982597595
"bivt",5e-04,10000,"0.1",TRUE,0.000785596411245097,-0.000268841764263514
"bivt",5e-04,10000,"0.01",TRUE,0.00141750965113979,-0.0002943606038905
"bivt",5e-04,10000,"0.05",TRUE,0.000299600702287811,-0.000245785635630516
"bivt",5e-04,10000,"0.1",TRUE,0.000260689415036443,-0.000234640881537771
"bivt",5e-04,10000,"0.01",TRUE,0.000380221206499612,-0.000272547158486316
"bivt",5e-04,10000,"0.05",TRUE,0.000412285661469755,-0.000284866489148523
"bivt",5e-04,10000,"0.1",TRUE,0.000388949977471838,-0.000271810374761797
"bivt",5e-04,10000,"0.01",TRUE,0.000572835971999283,-0.000314263794465394
"bivt",5e-04,10000,"0.05",TRUE,0.000604226133485276,-0.000296300235378442
"bivt",5e-04,10000,"0.1",TRUE,0.000449503076806132,-0.00028558895932856
"bivt",5e-04,10000,"0.01",TRUE,0.000948848150081337,-0.000321977394554855
"bivt",5e-04,10000,"0.05",TRUE,0.000563738059791038,-0.000286049591052146
"bivt",5e-04,10000,"0.1",TRUE,0.000505569856469456,-0.000262297535195293
"bivt",5e-04,10000,"0.01",TRUE,0.000751484912641004,-0.000307472735066433
"bivt",5e-04,10000,"0.05",TRUE,0.000477947686435305,-0.000268581152622183
"bivt",5e-04,10000,"0.1",TRUE,0.000395996485183267,-0.000263536514521081
"bivt",5e-04,10000,"0.01",TRUE,0.000612123207356126,-0.000303873872596355
"bivt",5e-04,10000,"0.05",TRUE,0.000590199071574635,-0.000269985183633302
"bivt",5e-04,10000,"0.1",TRUE,0.000541077904310584,-0.000259313502065025
"bivt",5e-04,10000,"0.01",TRUE,0.00079037516145653,-0.00030374724540543
"bivt",5e-04,10000,"0.05",TRUE,0.000564457409684302,-0.000298210879652468
"bivt",5e-04,10000,"0.1",TRUE,0.000446641626613964,-0.000282642054827189
"bivt",5e-04,10000,"0.01",TRUE,0.000871993114996476,-0.000331536820721895
"bivt",5e-04,10000,"0.05",TRUE,0.000496610299688533,-0.000287407430301299
"bivt",5e-04,10000,"0.1",TRUE,0.000406037152026931,-0.000277697413670086
"bivt",5e-04,10000,"0.01",TRUE,0.000627120365848085,-0.000306740955536598
"bivt",5e-04,10000,"0.05",TRUE,0.000558730151079731,-0.000272124850195223
"bivt",5e-04,10000,"0.1",TRUE,0.000475060674756135,-0.000257428910707106
"bivt",5e-04,10000,"0.01",TRUE,0.000760009224893754,-0.000285429246900827
"bivt",5e-04,10000,"0.05",TRUE,0.00051615375737043,-0.000262130149681401
"bivt",5e-04,10000,"0.1",TRUE,0.000401502849232141,-0.000248787480008686
"bivt",5e-04,10000,"0.01",TRUE,0.000811119856814268,-0.000275113180044529
"bivt",5e-04,10000,"0.05",TRUE,0.000307356649876477,-0.000243852961225215
"bivt",5e-04,10000,"0.1",TRUE,0.000262604969680999,-0.000228284107921357
"bivt",5e-04,10000,"0.01",TRUE,0.000436872063139325,-0.000276011721077459
"bivt",5e-04,10000,"0.05",TRUE,0.000533946631346317,-0.000283086060305399
"bivt",5e-04,10000,"0.1",TRUE,0.000448575020100617,-0.000272648721795224
"bivt",5e-04,10000,"0.01",TRUE,0.000730027027864041,-0.00030737648323702
"bivt",5e-04,10000,"0.05",TRUE,0.000351215269690592,-0.000244093884138554
"bivt",5e-04,10000,"0.1",FALSE,0.000308791254126324,-0.000230145401216912
"bivt",5e-04,10000,"0.01",TRUE,0.000513797387706536,-0.000269152260565184
"bivt",5e-04,10000,"0.05",TRUE,0.000479089518911116,-0.000262750042807923
"bivt",5e-04,10000,"0.1",TRUE,0.000393110444524848,-0.000249731564361194
"bivt",5e-04,10000,"0.01",TRUE,0.000947190418005152,-0.000287869494876422
"bivt",5e-04,10000,"0.05",TRUE,0.000541084385973169,-0.000233639808247118
"bivt",5e-04,10000,"0.1",TRUE,0.000457384152487465,-0.000224526772463838
"bivt",5e-04,10000,"0.01",TRUE,0.00072509680953215,-0.000268106177933517
"bivt",5e-04,10000,"0.05",TRUE,0.000534070315754296,-0.000283182993814024
"bivt",5e-04,10000,"0.1",TRUE,0.000389271260498711,-0.000262826111448611
"bivt",5e-04,10000,"0.01",TRUE,0.000671312532562484,-0.000305489754286467
"bivt",5e-04,10000,"0.05",TRUE,0.000355142253936075,-0.000245815293554234
"bivt",5e-04,10000,"0.1",TRUE,0.000322794259151728,-0.00023443897850633
"bivt",5e-04,10000,"0.01",TRUE,0.000503266711554565,-0.000261515580241002
"bivt",5e-04,10000,"0.05",TRUE,0.000360386860027935,-0.000258952401268783
"bivt",5e-04,10000,"0.1",TRUE,0.000319272288388475,-0.000249099264090203
"bivt",5e-04,10000,"0.01",TRUE,0.000512238142414884,-0.000284559833137445
"bivt",5e-04,10000,"0.05",TRUE,0.000941192115498629,-0.000292913120002087
"bivt",5e-04,10000,"0.1",TRUE,0.000592312773059377,-0.000284770786344141
"bivt",5e-04,10000,"0.01",TRUE,0.00131653083438421,-0.000309760939365012
"bivt",5e-04,10000,"0.05",TRUE,0.000553744738615348,-0.000294110523446487
"bivt",5e-04,10000,"0.1",TRUE,0.000458486333991638,-0.00028081269556225
"bivt",5e-04,10000,"0.01",TRUE,0.000804319906756049,-0.000325674103077797
"bivt",5e-04,10000,"0.05",TRUE,0.000380319017824107,-0.000299963017418755
"bivt",5e-04,10000,"0.1",TRUE,0.00033291363371506,-0.000281566448589234
"bivt",5e-04,10000,"0.01",TRUE,0.000509746927291468,-0.000308233861576263
"bivt",5e-04,10000,"0.05",TRUE,0.000497739191254477,-0.000300510000472151
"bivt",5e-04,10000,"0.1",TRUE,0.000461944758004995,-0.000290848523515727
"bivt",5e-04,10000,"0.01",TRUE,0.000703505978593319,-0.000325876340305946
"bivt",5e-04,10000,"0.05",TRUE,0.000482599351195241,-0.000282859479204956
"bivt",5e-04,10000,"0.1",TRUE,0.000413492244608682,-0.000264214781541691
"bivt",5e-04,10000,"0.01",TRUE,0.000954365794605206,-0.000304313545514407
"bivt",5e-04,10000,"0.05",TRUE,0.0004428442340851,-0.000281091021595605
"bivt",5e-04,10000,"0.1",TRUE,0.000396428937586177,-0.00027349516424214
"bivt",5e-04,10000,"0.01",TRUE,0.000597961876129976,-0.00030156294623849
"bivt",5e-04,10000,"0.05",TRUE,0.000802821458338145,-0.000298687342548627
"bivt",5e-04,10000,"0.1",TRUE,0.000727453581605532,-0.000283495500515331
"bivt",5e-04,10000,"0.01",TRUE,0.00116044812836512,-0.000326097687315984
"bivt",5e-04,10000,"0.05",TRUE,0.000444642973830565,-0.000243390731057521
"bivt",5e-04,10000,"0.1",TRUE,0.000370609116412219,-0.000231056227304812
"bivt",5e-04,10000,"0.01",TRUE,0.000538270826114549,-0.000272020531453019
"bivt",5e-04,10000,"0.05",TRUE,0.000281722791664112,-0.00026381584104349
"bivt",5e-04,10000,"0.1",TRUE,0.000262007431551751,-0.000244292542692512
"bivt",5e-04,10000,"0.01",TRUE,0.000361977367247626,-0.000287338003203938
"bivt",5e-04,10000,"0.05",TRUE,0.000485319894536759,-0.000264143670576114
"bivt",5e-04,10000,"0.1",TRUE,0.000404458839207169,-0.000244470970202823
"bivt",5e-04,10000,"0.01",TRUE,0.00075217465771781,-0.000286759275120844
"bivt",5e-04,10000,"0.05",TRUE,0.000523841481073681,-0.000263213162023993
"bivt",5e-04,10000,"0.1",TRUE,0.000461640082226592,-0.000249055096782331
"bivt",5e-04,10000,"0.01",TRUE,0.000723944615054323,-0.000288129326242121
"bivt",5e-04,10000,"0.05",TRUE,0.000579104859648606,-0.000292623491676985
"bivt",5e-04,10000,"0.1",TRUE,0.000453230795826736,-0.00027439084985608
"bivt",5e-04,10000,"0.01",TRUE,0.00086342553796702,-0.000317182209818281
"bivt",5e-04,10000,"0.05",TRUE,0.000683636201030147,-0.000305843037636223
"bivt",5e-04,10000,"0.1",TRUE,0.000561734411131412,-0.000285469914931844
"bivt",5e-04,10000,"0.01",TRUE,0.000998591377548828,-0.000345429139565865
"bivt",5e-04,10000,"0.05",TRUE,0.000518970401804209,-0.000310841196141558
"bivt",5e-04,10000,"0.1",TRUE,0.000421670693684822,-0.000302559937297929
"bivt",5e-04,10000,"0.01",TRUE,0.000646955401535292,-0.000342830336250069
"bivt",5e-04,10000,"0.05",TRUE,0.000653685640198923,-0.000322779580814272
"bivt",5e-04,10000,"0.1",TRUE,0.000533644824601554,-0.000312708099333261
"bivt",5e-04,10000,"0.01",TRUE,0.000905636511358833,-0.000347342595966385
"bivt",5e-04,10000,"0.05",TRUE,0.000895420573315215,-0.000361067793697573
"bivt",5e-04,10000,"0.1",TRUE,0.000721693884612995,-0.000347208719328361
"bivt",5e-04,10000,"0.01",TRUE,0.00124303967751706,-0.000375457521629298
"bivt",5e-04,10000,"0.05",TRUE,0.000433008784097662,-0.000255522434924352
"bivt",5e-04,10000,"0.1",TRUE,0.000400925715356236,-0.000239859845026424
"bivt",5e-04,10000,"0.01",TRUE,0.000661898931623336,-0.000274279381842217
"bivt",5e-04,10000,"0.05",TRUE,0.000468684287007705,-0.000255735012324154
"bivt",5e-04,10000,"0.1",TRUE,0.000352457411965255,-0.000254830168915891
"bivt",5e-04,10000,"0.01",TRUE,0.000654744705379422,-0.00028924311008728
"bivt",5e-04,10000,"0.05",TRUE,0.000383174649449333,-0.000253943545361856
"bivt",5e-04,10000,"0.1",TRUE,0.000330335812961581,-0.000240698708426954
"bivt",5e-04,10000,"0.01",TRUE,0.000576994298909898,-0.000280756206943589
"bivt",5e-04,10000,"0.05",TRUE,0.00040591718573781,-0.00027006348492481
"bivt",5e-04,10000,"0.1",TRUE,0.00034491491551665,-0.000261979111071007
"bivt",5e-04,10000,"0.01",TRUE,0.00060106267071721,-0.00029690352993545
"bivt",5e-04,10000,"0.05",TRUE,0.000417390758030743,-0.000268678261973501
"bivt",5e-04,10000,"0.1",TRUE,0.000325682623042272,-0.000256800821194487
"bivt",5e-04,10000,"0.01",TRUE,0.000656321983695817,-0.000295269751900403
"bivt",5e-04,10000,"0.05",TRUE,0.000396376464093142,-0.00026386812357073
"bivt",5e-04,10000,"0.1",TRUE,0.000356921626269638,-0.0002563598773228
"bivt",5e-04,10000,"0.01",TRUE,0.000499818672403105,-0.000288065210402175
"bivt",5e-04,10000,"0.05",TRUE,0.000599682538382803,-0.000284051781655421
"bivt",5e-04,10000,"0.1",TRUE,0.000544380949178428,-0.000262077692240759
"bivt",5e-04,10000,"0.01",TRUE,0.000638154596496944,-0.000298594314612576
"bivt",5e-04,10000,"0.05",TRUE,0.000490918837827213,-0.000274293189451386
"bivt",5e-04,10000,"0.1",TRUE,0.000399194760214069,-0.000259928021432714
"bivt",5e-04,10000,"0.01",TRUE,0.0006190697435739,-0.000298902194852921
"bivt",5e-04,10000,"0.05",TRUE,0.000443812420999409,-0.000291648644910244
"bivt",5e-04,10000,"0.1",TRUE,0.000396087855025858,-0.00026337335348793
"bivt",5e-04,10000,"0.01",TRUE,0.000650278372714477,-0.000325148233174419
"bivt",5e-04,10000,"0.05",TRUE,0.000590344724768702,-0.00026046308978501
"bivt",5e-04,10000,"0.1",TRUE,0.000476732511345434,-0.000245524301624383
"bivt",5e-04,10000,"0.01",TRUE,0.000826978726789021,-0.000281543517023532
"bivt",5e-04,10000,"0.05",TRUE,0.000450006365841905,-0.000275039569687906
"bivt",5e-04,10000,"0.1",TRUE,0.000307708884898146,-0.000253879440126996
"bivt",5e-04,10000,"0.01",TRUE,0.000673043746009539,-0.000299246978462463
"bivt",5e-04,10000,"0.05",TRUE,0.000456015377994483,-0.000284777122373106
"bivt",5e-04,10000,"0.1",TRUE,0.00031461247929999,-0.000265261239382452
"bivt",5e-04,10000,"0.01",TRUE,0.000688867178533548,-0.000300861018311365
"bivt",5e-04,10000,"0.05",TRUE,0.000696769316201621,-0.000300110339910156
"bivt",5e-04,10000,"0.1",TRUE,0.000494440927007877,-0.000282844922511477
"bivt",5e-04,10000,"0.01",TRUE,0.000975891036094173,-0.000323032571459915
"bivt",5e-04,10000,"0.05",TRUE,0.000319394435228905,-0.000226074311690068
"bivt",5e-04,10000,"0.1",TRUE,0.000299312453440596,-0.000210404148530903
"bivt",5e-04,10000,"0.01",TRUE,0.000409237606550025,-0.000266902290477242
"bivt",5e-04,10000,"0.05",TRUE,0.00101327552201135,-0.000247694584263669
"bivt",5e-04,10000,"0.1",TRUE,0.000842960839766469,-0.000231861066191147
"bivt",5e-04,10000,"0.01",TRUE,0.00170049999999999,-0.000282909251916734
"bivt",5e-04,10000,"0.05",TRUE,0.000484842390580939,-0.000284651100173542
"bivt",5e-04,10000,"0.1",TRUE,0.000395251017323405,-0.000274351403955019
"bivt",5e-04,10000,"0.01",TRUE,0.000625654307101549,-0.000311295489084252
"bivt",5e-04,10000,"0.05",TRUE,0.000673771194388031,-0.000280932977767073
"bivt",5e-04,10000,"0.1",TRUE,0.000459802567418198,-0.000274274744456018
"bivt",5e-04,10000,"0.01",TRUE,0.000965056149826226,-0.000308075165797558
"bivt",5e-04,10000,"0.05",TRUE,0.000780434534387969,-0.000262499566994951
"bivt",5e-04,10000,"0.1",TRUE,0.000555059856952108,-0.000248751225221613
"bivt",5e-04,10000,"0.01",TRUE,0.000918014980045249,-0.000290460586877352
"bivt",5e-04,10000,"0.05",TRUE,0.000347836967975444,-0.000322909833905686
"bivt",5e-04,10000,"0.1",TRUE,0.00030147057142802,-0.00030635112466933
"bivt",5e-04,10000,"0.01",TRUE,0.00056768453353676,-0.000352615461020843
"bivt",5e-04,10000,"0.05",TRUE,0.00038388822396346,-0.000277444738832419
"bivt",5e-04,10000,"0.1",TRUE,0.000348786759668303,-0.000269180812489769
"bivt",5e-04,10000,"0.01",TRUE,0.000561241948800216,-0.000302771446380307
"bivt",5e-04,10000,"0.05",FALSE,0.000408498995402942,-0.000321316674553789
"bivt",5e-04,10000,"0.1",FALSE,0.000347483118425368,-0.000307214450697621
"bivt",5e-04,10000,"0.01",TRUE,0.000504599485240269,-0.000336700974440984
"bivt",5e-04,10000,"0.05",TRUE,0.00048948837226709,-0.000282405903638101
"bivt",5e-04,10000,"0.1",TRUE,0.000441988032812591,-0.000263652540401945
"bivt",5e-04,10000,"0.01",TRUE,0.00075638428577392,-0.000297556569124632
"bivt",5e-04,10000,"0.05",TRUE,0.00112371561744494,-0.000307117362267347
"bivt",5e-04,10000,"0.1",TRUE,0.000916981340400776,-0.000291613913170801
"bivt",5e-04,10000,"0.01",TRUE,0.00137869078082793,-0.000334370304479303
"bivt",5e-04,10000,"0.05",TRUE,0.000488894661072834,-0.000246631178235357
"bivt",5e-04,10000,"0.1",TRUE,0.000377862265825395,-0.000225625599356146
"bivt",5e-04,10000,"0.01",TRUE,0.000860898211184632,-0.000268618370831169
"bivt",5e-04,10000,"0.05",TRUE,0.000386101057094255,-0.000246959162780815
"bivt",5e-04,10000,"0.1",TRUE,0.000341795305884292,-0.000233942269265593
"bivt",5e-04,10000,"0.01",TRUE,0.00051708077948465,-0.000272664056692673
"bivt",5e-04,10000,"0.05",TRUE,0.000714590376584717,-0.000268729104564692
"bivt",5e-04,10000,"0.1",TRUE,0.00060186673470145,-0.000256003300938611
"bivt",5e-04,10000,"0.01",TRUE,0.00100964973851801,-0.00028931446389782
"bivt",5e-04,10000,"0.05",TRUE,0.000492323414195912,-0.000280892451967945
"bivt",5e-04,10000,"0.1",TRUE,0.000418549188835321,-0.000270106669672593
"bivt",5e-04,10000,"0.01",TRUE,0.000724936250606529,-0.000301174495019476
"bivt",5e-04,10000,"0.05",TRUE,0.000498580984245651,-0.000268420645662527
"bivt",5e-04,10000,"0.1",TRUE,0.000402136962026292,-0.000259240713257865
"bivt",5e-04,10000,"0.01",TRUE,0.000645715183611403,-0.000284519793117208
"bivt",5e-04,10000,"0.05",TRUE,0.000304145000070514,-0.000265419641928191
"bivt",5e-04,10000,"0.1",TRUE,0.000273006250070092,-0.000248702150447797
"bivt",5e-04,10000,"0.01",TRUE,0.000495790562336471,-0.000290871885087429
"bivt",5e-04,10000,"0.05",TRUE,0.000637231691605509,-0.000278863609789754
"bivt",5e-04,10000,"0.1",TRUE,0.000562981029532596,-0.000256419785436321
"bivt",5e-04,10000,"0.01",TRUE,0.000937799522481793,-0.00031110440455968
"bivt",5e-04,10000,"0.05",TRUE,0.000611134029223032,-0.000297639129288876
"bivt",5e-04,10000,"0.1",TRUE,0.000480695714315287,-0.000283201482614682
"bivt",5e-04,10000,"0.01",TRUE,0.000870826248813844,-0.000318774713043076
"bivt",5e-04,10000,"0.05",TRUE,0.000491031025998476,-0.000302983768204137
"bivt",5e-04,10000,"0.1",TRUE,0.000462260772314985,-0.000281406907776341
"bivt",5e-04,10000,"0.01",TRUE,0.000710897274226272,-0.000321102939899753
"bivt",5e-04,10000,"0.05",TRUE,0.000729408335596662,-0.000314233039740735
"bivt",5e-04,10000,"0.1",TRUE,0.000586189521846089,-0.000293577445177355
"bivt",5e-04,10000,"0.01",TRUE,0.000914625439926957,-0.000337007824801604
"bivt",5e-04,10000,"0.05",TRUE,0.000420626442160558,-0.000314598383126683
"bivt",5e-04,10000,"0.1",FALSE,0.00038259049257799,-0.000303701104045583
"bivt",5e-04,10000,"0.01",TRUE,0.000672915072701415,-0.000334705058250425
"bivt",5e-04,10000,"0.05",TRUE,0.00038045223156607,-0.000267445158590692
"bivt",5e-04,10000,"0.1",TRUE,0.000329339176502655,-0.000261782464443075
"bivt",5e-04,10000,"0.01",TRUE,0.00048808801551089,-0.000298514097766992
"bivt",5e-04,10000,"0.05",TRUE,0.000324014832369061,-0.000248265426597656
"bivt",5e-04,10000,"0.1",TRUE,0.000264261149600079,-0.000234058277945664
"bivt",5e-04,10000,"0.01",TRUE,0.000391437247296733,-0.000280497896600041
"bivt",5e-04,10000,"0.05",TRUE,0.000601566447281892,-0.000305903836842696
"bivt",5e-04,10000,"0.1",TRUE,0.000430614326241056,-0.000274052130656392
"bivt",5e-04,10000,"0.01",TRUE,0.000726970279609753,-0.00032080299096882
"bivt",5e-04,10000,"0.05",TRUE,0.000497323859590111,-0.000274798403950968
"bivt",5e-04,10000,"0.1",TRUE,0.00034481863060306,-0.000256017600111592
"bivt",5e-04,10000,"0.01",TRUE,0.000683462926149072,-0.000289978636358
"bivt",5e-04,10000,"0.05",TRUE,0.000342270181325664,-0.000259874085326614
"bivt",5e-04,10000,"0.1",TRUE,0.000292726335840872,-0.000245042529800259
"bivt",5e-04,10000,"0.01",TRUE,0.000490638500230465,-0.000279794487215618
"bivt",5e-04,10000,"0.05",TRUE,0.000818659843087648,-0.000300830278030347
"bivt",5e-04,10000,"0.1",TRUE,0.000631550775549009,-0.000279968228469653
"bivt",5e-04,10000,"0.01",TRUE,0.00113143740999478,-0.000312391381752472
"bivt",5e-04,10000,"0.05",TRUE,0.000490461281806361,-0.000279843090951945
"bivt",5e-04,10000,"0.1",TRUE,0.000404894821009935,-0.000269691815469804
"bivt",5e-04,10000,"0.01",TRUE,0.000755664745613506,-0.000303158418197642
"bivt",5e-04,10000,"0.05",TRUE,0.000414879890743513,-0.000262105317392607
"bivt",5e-04,10000,"0.1",TRUE,0.000328480027568639,-0.000253156681600986
"bivt",5e-04,10000,"0.01",TRUE,0.00060864336121264,-0.000296700874529664
"bivt",5e-04,10000,"0.05",TRUE,0.000552657246116881,-0.000291467997359982
"bivt",5e-04,10000,"0.1",TRUE,0.000439661768164855,-0.000276384766268753
"bivt",5e-04,10000,"0.01",TRUE,0.000807696256859417,-0.000311499403011101
"bivt",5e-04,10000,"0.05",TRUE,0.00056164103350367,-0.000290682043447859
"bivt",5e-04,10000,"0.1",TRUE,0.000487963744758275,-0.000273029915413754
"bivt",5e-04,10000,"0.01",TRUE,0.000986387222077765,-0.000306184996362725
"bivt",5e-04,10000,"0.05",TRUE,0.000549005422051418,-0.000260091966191392
"bivt",5e-04,10000,"0.1",TRUE,0.000516011060229437,-0.00024910429281443
"bivt",5e-04,10000,"0.01",TRUE,0.000914643893614231,-0.000285607628698291
"bivt",5e-04,10000,"0.05",TRUE,0.000370383397144993,-0.000255004350342586
"bivt",5e-04,10000,"0.1",TRUE,0.000293323097293136,-0.00024912317548093
"bivt",5e-04,10000,"0.01",TRUE,0.000587908750355622,-0.000277072321329482
"bivt",5e-04,10000,"0.05",TRUE,0.000528438201143885,-0.000325208929418969
"bivt",5e-04,10000,"0.1",TRUE,0.0004410706145999,-0.000306863986313961
"bivt",5e-04,10000,"0.01",TRUE,0.000650505301490359,-0.00034062630434336
"bivt",5e-04,10000,"0.05",TRUE,0.00071615555403651,-0.000270056191449762
"bivt",5e-04,10000,"0.1",TRUE,0.000571188877591051,-0.000250514194719797
"bivt",5e-04,10000,"0.01",TRUE,0.000928112663947279,-0.000289394175305826
"bivt",5e-04,10000,"0.05",TRUE,0.000455044701948609,-0.000262401842043268
"bivt",5e-04,10000,"0.1",TRUE,0.000336817824314636,-0.000246977496411483
"bivt",5e-04,10000,"0.01",TRUE,0.00069878041797766,-0.000290779193945768
"bivt",5e-04,10000,"0.05",TRUE,0.000488574757444391,-0.000298455088834169
"bivt",5e-04,10000,"0.1",TRUE,0.000355022391421221,-0.000277913039947624
"bivt",5e-04,10000,"0.01",TRUE,0.00061934054803451,-0.000324745869047263
"bivt",5e-04,10000,"0.05",TRUE,0.000855597619649145,-0.000279210642459152
"bivt",5e-04,10000,"0.1",TRUE,0.00067151399654459,-0.000262818076211218
"bivt",5e-04,10000,"0.01",TRUE,0.000938534124243063,-0.000308274055689835
"bivt",5e-04,10000,"0.05",TRUE,0.000463854864262931,-0.000294753744467604
"bivt",5e-04,10000,"0.1",TRUE,0.000415062666569605,-0.000269618434401585
"bivt",5e-04,10000,"0.01",TRUE,0.000852186032826733,-0.000327233874098458
"bivt",5e-04,10000,"0.05",TRUE,0.00060984313498068,-0.000280489582870251
"bivt",5e-04,10000,"0.1",TRUE,0.00048724053010408,-0.000253566962283021
"bivt",5e-04,10000,"0.01",TRUE,0.000772417048713211,-0.000303391789446004
"bivt",5e-04,10000,"0.05",TRUE,0.000652527099354509,-0.000284364406692099
"bivt",5e-04,10000,"0.1",TRUE,0.00052247774625127,-0.000273353142034927
"bivt",5e-04,10000,"0.01",TRUE,0.000947869674416226,-0.000311233008920697
"bivt",5e-04,10000,"0.05",TRUE,0.001003568956029,-0.00026896336401958
"bivt",5e-04,10000,"0.1",TRUE,0.000429849315864759,-0.000248565189575963
"bivt",5e-04,10000,"0.01",TRUE,0.00117648969900451,-0.000287769888986188
"bivt",5e-04,10000,"0.05",TRUE,0.000765138542641548,-0.000255639331183874
"bivt",5e-04,10000,"0.1",TRUE,0.000670056382633739,-0.000247913267568836
"bivt",5e-04,10000,"0.01",TRUE,0.0012093384239581,-0.000283975125562891
"bivt",5e-04,10000,"0.05",TRUE,0.000475686258769102,-0.000288872024114707
"bivt",5e-04,10000,"0.1",TRUE,0.000413199673983755,-0.000279567440737093
"bivt",5e-04,10000,"0.01",TRUE,0.000755446210600063,-0.000308953193746023
"bivt",5e-04,10000,"0.05",TRUE,0.000457091934014035,-0.000256124116960438
"bivt",5e-04,10000,"0.1",TRUE,0.000387358681203161,-0.000243209412550169
"bivt",5e-04,10000,"0.01",TRUE,0.000600751165860761,-0.000276367479768494
"bivt",5e-04,10000,"0.05",TRUE,0.00032674311447525,-0.000273234666367778
"bivt",5e-04,10000,"0.1",TRUE,0.000248977584794978,-0.00024948567459473
"bivt",5e-04,10000,"0.01",TRUE,0.000427679955686128,-0.000292453029796524
"bivt",5e-04,10000,"0.05",TRUE,0.000621366226760472,-0.000292132395383596
"bivt",5e-04,10000,"0.1",TRUE,0.000552930933998291,-0.000268823082016363
"bivt",5e-04,10000,"0.01",TRUE,0.000895835540744607,-0.000315815025652564
"bivt",5e-04,10000,"0.05",TRUE,0.000803514723199212,-0.000290365845469126
"bivt",5e-04,10000,"0.1",TRUE,0.000487341519749305,-0.000282960736362119
"bivt",5e-04,10000,"0.01",TRUE,0.000917497600643077,-0.000320232310958115
"bivt",5e-04,10000,"0.05",TRUE,0.00097554844373604,-0.000268243116697088
"bivt",5e-04,10000,"0.1",TRUE,0.000689247658250966,-0.000253012402663557
"bivt",5e-04,10000,"0.01",TRUE,0.00152199388376506,-0.00029105875187413
"bivt",5e-04,10000,"0.05",TRUE,0.000592896985884098,-0.000255721254306991
"bivt",5e-04,10000,"0.1",TRUE,0.000574204317165027,-0.000247434670814903
"bivt",5e-04,10000,"0.01",TRUE,0.000689976002983807,-0.000297701737526919
"bivt",5e-04,10000,"0.05",TRUE,0.000614826930678465,-0.000294226565107465
"bivt",5e-04,10000,"0.1",TRUE,0.000413548534278612,-0.000281949858886548
"bivt",5e-04,10000,"0.01",TRUE,0.000790732968007793,-0.000325530216418346
"bivt",5e-04,10000,"0.05",TRUE,0.000444395272531325,-0.00030170907834797
"bivt",5e-04,10000,"0.1",TRUE,0.000412265746193578,-0.00028124503064034
"bivt",5e-04,10000,"0.01",TRUE,0.000481134444498382,-0.000325156986834238
"bivt",5e-04,10000,"0.05",TRUE,0.000753351325900091,-0.000330494259532994
"bivt",5e-04,10000,"0.1",TRUE,0.000683137389105746,-0.000299930917817752
"bivt",5e-04,10000,"0.01",TRUE,0.00144045672183991,-0.00035800119779643
"bivt",5e-04,10000,"0.05",TRUE,0.000983679363157178,-0.000323715540910959
"bivt",5e-04,10000,"0.1",TRUE,0.000580176419936845,-0.000309138514596146
"bivt",5e-04,10000,"0.01",TRUE,0.0018,-0.000340973482362239
"bivt",5e-04,10000,"0.05",TRUE,0.000651069047727556,-0.000300895364831843
"bivt",5e-04,10000,"0.1",TRUE,0.000558586223164978,-0.000280879705358678
"bivt",5e-04,10000,"0.01",TRUE,0.000943956105174825,-0.000320164714675229
"bivt",5e-04,10000,"0.05",TRUE,0.000878083973973924,-0.000285526635034029
"bivt",5e-04,10000,"0.1",TRUE,0.000812957588225603,-0.000278103823556521
"bivt",5e-04,10000,"0.01",TRUE,0.00139461596428275,-0.000315236745688626
"bivt",5e-04,10000,"0.05",TRUE,0.000387091925294049,-0.000277162465181634
"bivt",5e-04,10000,"0.1",TRUE,0.000341426994626695,-0.00026754942953403
"bivt",5e-04,10000,"0.01",TRUE,0.000411799849713259,-0.000293098339200688
"bivt",5e-04,10000,"0.05",TRUE,0.000453549418495222,-0.000281933074484131
"bivt",5e-04,10000,"0.1",TRUE,0.000386529195388754,-0.000267581843670511
"bivt",5e-04,10000,"0.01",TRUE,0.000639948528539752,-0.000303403171039171
"bivt",5e-04,10000,"0.05",TRUE,0.000346071105704866,-0.000271577727423556
"bivt",5e-04,10000,"0.1",TRUE,0.000294667722042198,-0.000251279240407995
"bivt",5e-04,10000,"0.01",TRUE,0.000481696787699386,-0.000300551891466143
"bivt",5e-04,10000,"0.05",TRUE,0.000615606996054073,-0.000299004326826065
"bivt",5e-04,10000,"0.1",TRUE,0.000499038970088935,-0.000284212109281488
"bivt",5e-04,10000,"0.01",TRUE,0.000965720529763022,-0.000316614166095704
"bivt",5e-04,10000,"0.05",TRUE,0.000816914186665629,-0.000326615718405277
"bivt",5e-04,10000,"0.1",TRUE,0.000661709694602697,-0.000310957800516863
"bivt",5e-04,10000,"0.01",TRUE,0.00102817901265383,-0.00035643859150368
"bivt",5e-04,10000,"0.05",TRUE,0.000548062136375565,-0.000284530283955756
"bivt",5e-04,10000,"0.1",TRUE,0.000442763482246266,-0.000278634485000822
"bivt",5e-04,10000,"0.01",TRUE,0.00122476322608564,-0.000311364032609845
"bivt",5e-04,10000,"0.05",TRUE,0.000536070590666228,-0.000303626407196314
"bivt",5e-04,10000,"0.1",TRUE,0.000522857109481646,-0.000295802452837537
"bivt",5e-04,10000,"0.01",TRUE,0.000737805124133279,-0.000324574507895659
"bivt",5e-04,10000,"0.05",TRUE,0.000482636010334318,-0.00027589338634693
"bivt",5e-04,10000,"0.1",TRUE,0.000449990265833275,-0.000256186671717822
"bivt",5e-04,10000,"0.01",TRUE,0.000656218025433384,-0.000300573696125891
"bivt",5e-04,10000,"0.05",TRUE,0.000688578248984306,-0.00029471162894443
"bivt",5e-04,10000,"0.1",TRUE,0.000589195194389806,-0.000289584242435891
"bivt",5e-04,10000,"0.01",TRUE,0.00106434803154778,-0.000326549787353802
"bivt",5e-04,10000,"0.05",TRUE,0.000528738148766065,-0.000290667756139503
"bivt",5e-04,10000,"0.1",TRUE,0.000453732269646305,-0.00027464359501598
"bivt",5e-04,10000,"0.01",TRUE,0.000778672598023216,-0.000321426034243013
"bivt",5e-04,10000,"0.05",TRUE,0.000598821622549841,-0.000295804910596863
"bivt",5e-04,10000,"0.1",TRUE,0.000481238200557492,-0.000275890580134828
"bivt",5e-04,10000,"0.01",TRUE,0.00103443567228586,-0.000321190016744328
"bivt",5e-04,10000,"0.05",TRUE,0.00141300272339353,-0.000292916872634691
"bivt",5e-04,10000,"0.1",TRUE,0.00120430007633522,-0.000269073311040157
"bivt",5e-04,10000,"0.01",TRUE,0.00180049999999999,-0.000308895390809591
"bivt",5e-04,10000,"0.05",TRUE,0.000618846154615686,-0.000318481963358603
"bivt",5e-04,10000,"0.1",TRUE,0.000466169449813289,-0.000313242493040822
"bivt",5e-04,10000,"0.01",TRUE,0.00087621558052601,-0.000326437748758538
"bivt",5e-04,10000,"0.05",TRUE,0.000389772579082536,-0.000275966848686182
"bivt",5e-04,10000,"0.1",TRUE,0.000385361109674783,-0.000262167640082333
"bivt",5e-04,10000,"0.01",TRUE,0.000566445507526411,-0.000304910870705225
"bivt",5e-04,10000,"0.05",TRUE,0.000363284795831322,-0.000278448316435579
"bivt",5e-04,10000,"0.1",TRUE,0.000340617690851625,-0.000248435382778493
"bivt",5e-04,10000,"0.01",TRUE,0.000554530524096423,-0.000289371427662149
"bivt",5e-04,10000,"0.05",TRUE,0.00035253388966658,-0.000268600044300958
"bivt",5e-04,10000,"0.1",TRUE,0.000302409973852067,-0.000257204799376331
"bivt",5e-04,10000,"0.01",TRUE,0.000369962750231864,-0.000293549127884622
"bivt",5e-04,10000,"0.05",TRUE,0.000553404522435398,-0.000305191303170933
"bivt",5e-04,10000,"0.1",TRUE,0.000362693766995585,-0.000284808120890734
"bivt",5e-04,10000,"0.01",TRUE,0.000824539157038527,-0.000329399851277235
"bivt",5e-04,10000,"0.05",TRUE,0.000891551069215011,-0.000259126869259491
"bivt",5e-04,10000,"0.1",TRUE,0.000724981170427709,-0.000251717013924055
"bivt",5e-04,10000,"0.01",TRUE,0.00139182854011967,-0.000282100921524902
"bivt",5e-04,10000,"0.05",TRUE,0.000737608536726996,-0.000280107964090702
"bivt",5e-04,10000,"0.1",TRUE,0.000542801317310117,-0.000256795953429714
"bivt",5e-04,10000,"0.01",TRUE,0.0013233848756724,-0.000303304515912747
"bivt",5e-04,10000,"0.05",TRUE,0.000774610466269424,-0.000296635504216527
"bivt",5e-04,10000,"0.1",TRUE,0.000652367281457624,-0.000278865042333883
"bivt",5e-04,10000,"0.01",TRUE,0.0017,-0.000338706651910616
"bivt",5e-04,10000,"0.05",TRUE,0.000598603828777985,-0.000276259050781192
"bivt",5e-04,10000,"0.1",TRUE,0.00050949373403871,-0.000260039871067436
"bivt",5e-04,10000,"0.01",TRUE,0.00109561028349556,-0.000303486369287216
"bivt",5e-04,10000,"0.05",TRUE,0.00135543197748719,-0.000302678032558849
"bivt",5e-04,10000,"0.1",TRUE,0.000668661821379263,-0.000269936488109681
"bivt",5e-04,10000,"0.01",TRUE,0.0017,-0.000311632206308341
"bivt",5e-04,10000,"0.05",TRUE,0.000610833837296004,-0.000301505013688192
"bivt",5e-04,10000,"0.1",TRUE,0.000502295269586469,-0.00028956982931979
"bivt",5e-04,10000,"0.01",TRUE,0.00090662934276854,-0.00033040711453728
"bivt",5e-04,10000,"0.05",TRUE,0.000500567346746883,-0.000285718847952477
"bivt",5e-04,10000,"0.1",TRUE,0.000394874558696979,-0.000268334991489907
"bivt",5e-04,10000,"0.01",TRUE,0.00083685900668144,-0.000308239852856675
"bivt",5e-04,10000,"0.05",TRUE,0.00079928278318115,-0.000320254838854692
"bivt",5e-04,10000,"0.1",TRUE,0.000628171181232069,-0.000308788459225909
"bivt",5e-04,10000,"0.01",TRUE,0.00113644462745899,-0.000335011299454712
"bivt",5e-04,10000,"0.05",TRUE,0.000386613564610621,-0.000251660130357907
"bivt",5e-04,10000,"0.1",TRUE,0.000327732961955619,-0.000236766627845541
"bivt",5e-04,10000,"0.01",TRUE,0.000739417395760667,-0.000277173420207665
"bivt",5e-04,10000,"0.05",TRUE,0.00058575131842129,-0.000287828995828875
"bivt",5e-04,10000,"0.1",TRUE,0.000550941398364074,-0.000268120735673206
"bivt",5e-04,10000,"0.01",TRUE,0.000708246617909215,-0.000300950145379645
"bivt",5e-04,10000,"0.05",TRUE,0.000705351294214576,-0.000273019417476904
"bivt",5e-04,10000,"0.1",TRUE,0.000654563224841077,-0.000262304616496201
"bivt",5e-04,10000,"0.01",TRUE,0.000952131933022378,-0.000291060063164387
"bivt",5e-04,10000,"0.05",TRUE,0.000622104925623675,-0.000267014666023059
"bivt",5e-04,10000,"0.1",TRUE,0.000486341924681483,-0.000255911086481334
"bivt",5e-04,10000,"0.01",TRUE,0.0009382172703916,-0.000288211072260952
"bivt",5e-04,10000,"0.05",TRUE,0.000760148395749369,-0.000274893487364519
"bivt",5e-04,10000,"0.1",TRUE,0.000399714409548211,-0.000262590513191146
"bivt",5e-04,10000,"0.01",TRUE,0.000955134673980838,-0.000295770737492527
"bivt",5e-04,10000,"0.05",TRUE,0.000527984226938642,-0.00029317434360469
"bivt",5e-04,10000,"0.1",TRUE,0.000453578861402008,-0.000280231727095664
"bivt",5e-04,10000,"0.01",TRUE,0.000773148285648525,-0.000319389344174647
"bivt",5e-04,10000,"0.05",TRUE,0.000497006568186376,-0.000258319670406497
"bivt",5e-04,10000,"0.1",TRUE,0.000353481707097219,-0.000242142572801462
"bivt",5e-04,10000,"0.01",TRUE,0.000643965131529453,-0.000285127623381223
"bivt",5e-04,10000,"0.05",TRUE,0.000366050461419682,-0.000305975938663247
"bivt",5e-04,10000,"0.1",TRUE,0.000333754910791845,-0.000291003089418443
"bivt",5e-04,10000,"0.01",TRUE,0.000599026269611251,-0.000345825177672324
"bivt",5e-04,10000,"0.05",TRUE,0.000522740761183505,-0.000275452587709353
"bivt",5e-04,10000,"0.1",TRUE,0.000423158783803073,-0.000268783328579211
"bivt",5e-04,10000,"0.01",TRUE,0.000716435303747431,-0.000289323049361306
"bivt",5e-04,10000,"0.05",TRUE,0.000594321038340189,-0.000269274266456997
"bivt",5e-04,10000,"0.1",TRUE,0.00050394858713678,-0.000255574551847149
"bivt",5e-04,10000,"0.01",TRUE,0.00105748220705708,-0.000294953717775065
"bivt",5e-04,10000,"0.05",TRUE,0.000404580604805227,-0.000299671834721531
"bivt",5e-04,10000,"0.1",TRUE,0.000369612959537162,-0.000289772733894927
"bivt",5e-04,10000,"0.01",TRUE,0.000532989155260384,-0.000318600191888793
"bivt",5e-04,10000,"0.05",TRUE,0.000439310670768319,-0.000267626825166551
"bivt",5e-04,10000,"0.1",TRUE,0.000341451891797639,-0.000241798558552853
"bivt",5e-04,10000,"0.01",TRUE,0.000648689671647437,-0.000297142093117314
"bivt",5e-04,10000,"0.05",TRUE,0.000946067679246388,-0.000343235841276167
"bivt",5e-04,10000,"0.1",TRUE,0.000776843380573717,-0.000330961515075014
"bivt",5e-04,10000,"0.01",TRUE,0.00133664722293438,-0.000354356613445783
"bivt",5e-04,10000,"0.05",TRUE,0.000423477097681382,-0.00024345995455527
"bivt",5e-04,10000,"0.1",TRUE,0.000408660042067059,-0.000228378798195413
"bivt",5e-04,10000,"0.01",TRUE,0.000559874543780681,-0.000260396093161996
"bivt",5e-04,10000,"0.05",TRUE,0.000467402638779691,-0.000286092639027983
"bivt",5e-04,10000,"0.1",TRUE,0.00042860762697849,-0.000267455208733111
"bivt",5e-04,10000,"0.01",TRUE,0.000574080887870338,-0.000309513256503913
"bivt",5e-04,10000,"0.05",TRUE,0.000373361503557868,-0.000290355748820297
"bivt",5e-04,10000,"0.1",TRUE,0.000292579042257999,-0.000270170471731995
"bivt",5e-04,10000,"0.01",TRUE,0.000511915813524582,-0.00032775422161577
"bivt",5e-04,10000,"0.05",TRUE,0.000540011046285317,-0.000254940793051927
"bivt",5e-04,10000,"0.1",TRUE,0.000449941257847242,-0.000241282061176739
"bivt",5e-04,10000,"0.01",TRUE,0.000786468319476489,-0.00028040226830613
"bivt",5e-04,10000,"0.05",TRUE,0.000381619942123621,-0.000259965337000177
"bivt",5e-04,10000,"0.1",TRUE,0.000356857362834829,-0.000245305366032529
"bivt",5e-04,10000,"0.01",TRUE,0.000610729242470672,-0.000279276408428479
"bivt",5e-04,10000,"0.05",TRUE,0.000673143039895373,-0.000252529220236413
"bivt",5e-04,10000,"0.1",TRUE,0.000521912731568101,-0.000231465484727757
"bivt",5e-04,10000,"0.01",TRUE,0.000786983354340418,-0.000271510905526644
"bivt",5e-04,10000,"0.05",TRUE,0.000303582581378883,-0.000267720410861815
"bivt",5e-04,10000,"0.1",TRUE,0.000265913751018137,-0.000258789647279598
"bivt",5e-04,10000,"0.01",TRUE,0.000622803297937098,-0.000291193323314711
"bivt",5e-04,10000,"0.05",TRUE,0.000609158528251824,-0.000246844319380461
"bivt",5e-04,10000,"0.1",FALSE,0.000433121767945216,-0.000235066785426338
"bivt",5e-04,10000,"0.01",TRUE,0.00108099352156189,-0.000264442414165677
"bivt",5e-04,10000,"0.05",TRUE,0.000393054259238822,-0.000276544535299569
"bivt",5e-04,10000,"0.1",TRUE,0.000310366020358304,-0.000260975950798789
"bivt",5e-04,10000,"0.01",TRUE,0.000533907630909839,-0.000285908747391037
"bivt",5e-04,10000,"0.05",TRUE,0.000578253059367749,-0.00028806817732708
"bivt",5e-04,10000,"0.1",TRUE,0.000472215218094913,-0.000259849345850985
"bivt",5e-04,10000,"0.01",TRUE,0.000898163572169909,-0.000303857681556239
"bivt",5e-04,10000,"0.05",FALSE,0.000351160743098252,-0.000260357430661173
"bivt",5e-04,10000,"0.1",FALSE,0.000299182768641998,-0.000246602481585678
"bivt",5e-04,10000,"0.01",TRUE,0.000439303052766713,-0.000283536793948027
"bivt",5e-04,10000,"0.05",TRUE,0.000667819576980911,-0.000309140339083954
"bivt",5e-04,10000,"0.1",TRUE,0.000511300428251137,-0.000301516348770892
"bivt",5e-04,10000,"0.01",TRUE,0.000855941401525837,-0.000341433205290568
"bivt",5e-04,10000,"0.05",TRUE,0.000388138680319268,-0.000260993673450395
"bivt",5e-04,10000,"0.1",TRUE,0.000329818247170091,-0.000252280391676573
"bivt",5e-04,10000,"0.01",TRUE,0.000491785968532773,-0.000294018458736271
"bivt",5e-04,10000,"0.05",TRUE,0.000475339820073538,-0.000304104789745151
"bivt",5e-04,10000,"0.1",TRUE,0.000429475514681927,-0.00029261579259134
"bivt",5e-04,10000,"0.01",TRUE,0.000702030815539229,-0.000332463789758772
"bivt",5e-04,10000,"0.05",TRUE,0.000652026990984176,-0.000295190388798614
"bivt",5e-04,10000,"0.1",TRUE,0.000566415418842854,-0.000288040361980587
"bivt",5e-04,10000,"0.01",TRUE,0.000963917126578945,-0.00030768371427612
"bivt",5e-04,10000,"0.05",TRUE,0.000884083877019439,-0.000310400555254258
"bivt",5e-04,10000,"0.1",TRUE,0.000601684831507467,-0.000299320990564478
"bivt",5e-04,10000,"0.01",TRUE,0.00114464421748104,-0.000330457108105698
"bivt",5e-04,10000,"0.05",TRUE,0.000398097811931322,-0.000252178498591783
"bivt",5e-04,10000,"0.1",TRUE,0.000307355665423181,-0.000236196560036046
"bivt",5e-04,10000,"0.01",TRUE,0.000485078498578602,-0.000285647393069454
"bivt",5e-04,10000,"0.05",TRUE,0.000313945490161657,-0.000243448298009649
"bivt",5e-04,10000,"0.1",TRUE,0.000279418754922545,-0.000220857009588096
"bivt",5e-04,10000,"0.01",TRUE,0.000344109354658772,-0.000282343005254588
"bivt",5e-04,10000,"0.05",TRUE,0.000326701075866402,-0.000223098504776877
"bivt",5e-04,10000,"0.1",TRUE,0.000277044625433334,-0.000206573730552533
"bivt",5e-04,10000,"0.01",TRUE,0.000433817529753921,-0.000264442997843936
"bivt",5e-04,10000,"0.05",TRUE,0.000431882172438882,-0.000284876011699131
"bivt",5e-04,10000,"0.1",TRUE,0.000333253134848881,-0.000267423442154739
"bivt",5e-04,10000,"0.01",TRUE,0.000732691101019649,-0.000308794366631618
"bivt",5e-04,10000,"0.05",TRUE,0.000586589441180394,-0.000307332963765095
"bivt",5e-04,10000,"0.1",TRUE,0.000432994136399845,-0.000298006395381682
"bivt",5e-04,10000,"0.01",TRUE,0.00106817846692635,-0.000321631137171762
"bivt",5e-04,10000,"0.05",TRUE,0.000502297107022877,-0.000298483408307444
"bivt",5e-04,10000,"0.1",TRUE,0.000372505633323926,-0.000298208154925421
"bivt",5e-04,10000,"0.01",TRUE,0.000624789580506867,-0.000315663915573088
"bivt",5e-04,10000,"0.05",TRUE,0.00049017482519656,-0.000277560533761742
"bivt",5e-04,10000,"0.1",TRUE,0.000362928862749512,-0.000256244957487439
"bivt",5e-04,10000,"0.01",TRUE,0.000676705045018422,-0.000314491690927166
"bivt",5e-04,10000,"0.05",TRUE,0.000482673762035238,-0.00029673599684808
"bivt",5e-04,10000,"0.1",TRUE,0.000397673105848287,-0.000279304419784433
"bivt",5e-04,10000,"0.01",TRUE,0.000670797771736543,-0.000322296637347757
"bivt",5e-04,10000,"0.05",TRUE,0.000555953288486129,-0.000276091304302172
"bivt",5e-04,10000,"0.1",TRUE,0.000452673355279183,-0.000256760194382291
"bivt",5e-04,10000,"0.01",TRUE,0.00103942620414321,-0.000306594199887058
"bivt",5e-04,10000,"0.05",TRUE,0.000539735542190824,-0.000259686677234792
"bivt",5e-04,10000,"0.1",TRUE,0.000443848009109576,-0.000244696584382969
"bivt",5e-04,10000,"0.01",TRUE,0.00072072818840034,-0.000285803748069319
"bivt",5e-04,10000,"0.05",TRUE,0.000466711654469956,-0.000267322878582991
"bivt",5e-04,10000,"0.1",TRUE,0.000347358919573253,-0.000257978186467891
"bivt",5e-04,10000,"0.01",TRUE,0.00057024657370869,-0.000287113743187294
"bivt",5e-04,10000,"0.05",TRUE,0.000606460025941407,-0.000263843726597373
"bivt",5e-04,10000,"0.1",TRUE,0.00046642114558927,-0.000245991003803606
"bivt",5e-04,10000,"0.01",TRUE,0.000790671911692759,-0.000297953983814522
"bivt",5e-04,10000,"0.05",FALSE,0.000379314270240348,-0.000253288423367944
"bivt",5e-04,10000,"0.1",FALSE,0.000363630035025062,-0.00024158705667483
"bivt",5e-04,10000,"0.01",FALSE,0.00045681375191367,-0.000280752007149887
"bivt",5e-04,10000,"0.05",TRUE,0.000457547508556581,-0.0002810889749919
"bivt",5e-04,10000,"0.1",TRUE,0.000404468629290733,-0.00026728403363651
"bivt",5e-04,10000,"0.01",TRUE,0.000615608077091954,-0.000299647516305637
"bivt",5e-04,10000,"0.05",TRUE,0.000470078577238585,-0.000265463381639327
"bivt",5e-04,10000,"0.1",FALSE,0.000378684522125797,-0.00024455042857817
"bivt",5e-04,10000,"0.01",TRUE,0.000633744529752662,-0.000290611045958521
"bivt",5e-04,10000,"0.05",TRUE,0.000964822243882896,-0.000255922849846944
"bivt",5e-04,10000,"0.1",TRUE,0.000752953454787253,-0.000247773501332013
"bivt",5e-04,10000,"0.01",TRUE,0.00115844752725958,-0.00027283020062714
"bivt",5e-04,10000,"0.05",TRUE,0.000427724385106229,-0.000275591374881244
"bivt",5e-04,10000,"0.1",TRUE,0.000362823582841972,-0.000261956796339836
"bivt",5e-04,10000,"0.01",TRUE,0.000596956377226444,-0.000315663234584574
"bivt",5e-04,10000,"0.05",TRUE,0.000484737081691618,-0.000258449252191005
"bivt",5e-04,10000,"0.1",TRUE,0.000455231542826257,-0.000248832693709516
"bivt",5e-04,10000,"0.01",TRUE,0.00079061391389495,-0.00027712140020184
"bivt",5e-04,10000,"0.05",TRUE,0.000571453585853482,-0.000275574271108143
"bivt",5e-04,10000,"0.1",TRUE,0.000506526666899434,-0.000241176220266075
"bivt",5e-04,10000,"0.01",TRUE,0.000766300558054538,-0.000311312238381229
"bivt",5e-04,10000,"0.05",TRUE,0.000691124528515277,-0.000312293408796834
"bivt",5e-04,10000,"0.1",TRUE,0.000572671279910945,-0.000291589641796271
"bivt",5e-04,10000,"0.01",TRUE,0.00108614812281289,-0.000337816353544284
"bivt",5e-04,10000,"0.05",TRUE,0.000876300955687473,-0.000273325245551525
"bivt",5e-04,10000,"0.1",TRUE,0.000584872811433858,-0.000261399657466451
"bivt",5e-04,10000,"0.01",TRUE,0.00106123064001018,-0.000306811595463701
"bivt",5e-04,10000,"0.05",TRUE,0.000887952923550081,-0.000291847443770739
"bivt",5e-04,10000,"0.1",TRUE,0.000604646645494033,-0.000278868723579536
"bivt",5e-04,10000,"0.01",TRUE,0.00130456198602924,-0.000310317631602525
"bivt",5e-04,10000,"0.05",TRUE,0.000943994961656264,-0.000331676814112526
"bivt",5e-04,10000,"0.1",TRUE,0.000788064373155773,-0.000325779969109344
"bivt",5e-04,10000,"0.01",TRUE,0.0017,-0.000370139704091891
"bivt",5e-04,10000,"0.05",TRUE,0.00054837668147774,-0.000309828437847427
"bivt",5e-04,10000,"0.1",TRUE,0.000451012957088117,-0.000289652057317075
"bivt",5e-04,10000,"0.01",TRUE,0.000898342965430011,-0.000325627026506033
"bivt",5e-04,10000,"0.05",TRUE,0.000685742203958741,-0.000338386754847697
"bivt",5e-04,10000,"0.1",TRUE,0.000653313419285548,-0.00032997538018946
"bivt",5e-04,10000,"0.01",TRUE,0.000995858516771842,-0.000365067335135115
"bivt",5e-04,10000,"0.05",TRUE,0.000294530691880685,-0.000247922713299642
"bivt",5e-04,10000,"0.1",TRUE,0.000258345411126026,-0.000232029169306621
"bivt",5e-04,10000,"0.01",TRUE,0.000404035374585315,-0.000282737616215098
"bivt",5e-04,10000,"0.05",TRUE,0.000503342358694143,-0.000306901239581874
"bivt",5e-04,10000,"0.1",TRUE,0.000380729737863733,-0.000291117361149056
"bivt",5e-04,10000,"0.01",TRUE,0.000561828300088905,-0.000347547148254012
"bivt",5e-04,10000,"0.05",TRUE,0.000610482121273789,-0.000269435701694424
"bivt",5e-04,10000,"0.1",TRUE,0.000532839104873716,-0.000241487050776671
"bivt",5e-04,10000,"0.01",TRUE,0.000726967096206839,-0.000297640099913478
"bivt",5e-04,10000,"0.05",TRUE,0.000483968744579264,-0.000284677593739968
"bivt",5e-04,10000,"0.1",TRUE,0.000416419830745936,-0.000266685629303209
"bivt",5e-04,10000,"0.01",TRUE,0.000697936652520912,-0.000321241162767711
"bivt",5e-04,10000,"0.05",TRUE,0.000550186621589874,-0.000283909943667165
"bivt",5e-04,10000,"0.1",TRUE,0.000317467781739282,-0.000279869830932824
"bivt",5e-04,10000,"0.01",TRUE,0.00126942432923275,-0.00030732493949861
"bivt",5e-04,10000,"0.05",TRUE,0.000472112740149956,-0.000265818693883416
"bivt",5e-04,10000,"0.1",TRUE,0.00044554884527523,-0.000248878323729711
"bivt",5e-04,10000,"0.01",TRUE,0.000642327811682548,-0.000289685975701151
"bivt",5e-04,10000,"0.05",TRUE,0.000387047489023263,-0.000287043671476611
"bivt",5e-04,10000,"0.1",TRUE,0.000345957514852111,-0.000273807339689698
"bivt",5e-04,10000,"0.01",TRUE,0.00054512149683108,-0.00031091259296115
"bivt",5e-04,10000,"0.05",TRUE,0.000423082288424967,-0.000290256955932645
"bivt",5e-04,10000,"0.1",TRUE,0.000294104412455481,-0.000273361565756632
"bivt",5e-04,10000,"0.01",TRUE,0.000461195370957981,-0.000314284286558813
"bivt",5e-04,10000,"0.05",TRUE,0.00108478996456014,-0.000256814920131313
"bivt",5e-04,10000,"0.1",TRUE,0.000977158900323694,-0.000241494498989891
"bivt",5e-04,10000,"0.01",TRUE,0.00138063876314272,-0.00031151040916337
"bivt",5e-04,10000,"0.05",TRUE,0.00063865467710326,-0.000260314664657941
"bivt",5e-04,10000,"0.1",TRUE,0.000473101210722974,-0.000236069348787874
"bivt",5e-04,10000,"0.01",TRUE,0.000656791273392994,-0.000287551883342309
"bivt",5e-04,10000,"0.05",TRUE,0.00150161175249815,-0.000304318817312374
"bivt",5e-04,10000,"0.1",TRUE,0.000910459197556567,-0.000289166578177412
"bivt",5e-04,10000,"0.01",TRUE,0.0019,-0.000326481087775714
"bivt",5e-04,10000,"0.05",TRUE,0.000471733183195232,-0.000258280818599197
"bivt",5e-04,10000,"0.1",TRUE,0.000425145193519942,-0.000243718127553494
"bivt",5e-04,10000,"0.01",TRUE,0.000615606628154059,-0.000296573702072702
"bivt",5e-04,10000,"0.05",TRUE,0.000730144044435561,-0.000291941771796875
"bivt",5e-04,10000,"0.1",TRUE,0.000558988723514925,-0.000272519848102946
"bivt",5e-04,10000,"0.01",TRUE,0.000909294800251054,-0.000321098089886122
"bivt",5e-04,10000,"0.05",TRUE,0.000283746551791727,-0.000231022990733711
"bivt",5e-04,10000,"0.1",TRUE,0.000250601993349714,-0.000219212907006505
"bivt",5e-04,10000,"0.01",TRUE,0.000468288282423184,-0.000252262568946133
"bivt",5e-04,10000,"0.05",TRUE,0.000443841481862936,-0.000295870890095444
"bivt",5e-04,10000,"0.1",TRUE,0.000353621366005134,-0.000269696297890499
"bivt",5e-04,10000,"0.01",TRUE,0.000663873142116,-0.000320729200919456
"bivt",5e-04,10000,"0.05",TRUE,0.000539799696837224,-0.000313081997505714
"bivt",5e-04,10000,"0.1",TRUE,0.000479017800391744,-0.000287139041946156
"bivt",5e-04,10000,"0.01",TRUE,0.00068235111943223,-0.000329002963561573
"bivt",5e-04,10000,"0.05",TRUE,0.000604095554738225,-0.00027732780780996
"bivt",5e-04,10000,"0.1",TRUE,0.000524889178274308,-0.000262680968509797
"bivt",5e-04,10000,"0.01",TRUE,0.000895923809950663,-0.000304640279826005
"bivt",5e-04,10000,"0.05",TRUE,0.00123698371678008,-0.000300215529935775
"bivt",5e-04,10000,"0.1",TRUE,0.000967099907790562,-0.000276232342690553
"bivt",5e-04,10000,"0.01",TRUE,0.00159671434498464,-0.000309046153156945
"bivt",5e-04,10000,"0.05",TRUE,0.000663484090645854,-0.00027600732726292
"bivt",5e-04,10000,"0.1",TRUE,0.000473435788986384,-0.000275064568281876
"bivt",5e-04,10000,"0.01",TRUE,0.000881301447796564,-0.000289764123493732
"bivt",5e-04,10000,"0.05",TRUE,0.000885996627136228,-0.000306769429334885
"bivt",5e-04,10000,"0.1",TRUE,0.000856536766285752,-0.000287002740920324
"bivt",5e-04,10000,"0.01",TRUE,0.0010315172515835,-0.000339515547043779
"bivt",5e-04,10000,"0.05",TRUE,0.000712323415502322,-0.000310725887540293
"bivt",5e-04,10000,"0.1",TRUE,0.000569771148352267,-0.000294333975560171
"bivt",5e-04,10000,"0.01",TRUE,0.000830577460200805,-0.000327790298309813
"bivt",5e-04,10000,"0.05",TRUE,0.000540367686677646,-0.000283589617758791
"bivt",5e-04,10000,"0.1",FALSE,0.000377498241798336,-0.000266092473843985
"bivt",5e-04,10000,"0.01",TRUE,0.000796079365933178,-0.000305892866475748
"bivt",5e-04,10000,"0.05",TRUE,0.000631060163854302,-0.000304894847821186
"bivt",5e-04,10000,"0.1",TRUE,0.000617591615442992,-0.000303926517024339
"bivt",5e-04,10000,"0.01",TRUE,0.00077093904975201,-0.000329611729251204
"bivt",5e-04,10000,"0.05",TRUE,0.000493555669483126,-0.00029382647321016
"bivt",5e-04,10000,"0.1",TRUE,0.000468871980051418,-0.000276327232872973
"bivt",5e-04,10000,"0.01",TRUE,0.000604798668495564,-0.000320054258195524
"bivt",5e-04,10000,"0.05",TRUE,0.000488300804005445,-0.000302719921852021
"bivt",5e-04,10000,"0.1",TRUE,0.00037945375152383,-0.000286835434990679
"bivt",5e-04,10000,"0.01",TRUE,0.00100067725440034,-0.000335407140075493
"bivt",5e-04,10000,"0.05",TRUE,0.000598252629267158,-0.000297645415001092
"bivt",5e-04,10000,"0.1",TRUE,0.000595826074753921,-0.00027849798059696
"bivt",5e-04,10000,"0.01",TRUE,0.000744038977480374,-0.000324418203165969
"bivt",5e-04,10000,"0.05",TRUE,0.000443043472375111,-0.000261388988518354
"bivt",5e-04,10000,"0.1",TRUE,0.00033245281212082,-0.000250031373310802
"bivt",5e-04,10000,"0.01",TRUE,0.000615851630132162,-0.000288068921570372
"bivt",5e-04,10000,"0.05",TRUE,0.000462100127142153,-0.000286168772929086
"bivt",5e-04,10000,"0.1",TRUE,0.000357265839108701,-0.000268747075011096
"bivt",5e-04,10000,"0.01",TRUE,0.000616864459286998,-0.00032027570891456
"bivt",5e-04,10000,"0.05",TRUE,0.000603149772169867,-0.000281294923662157
"bivt",5e-04,10000,"0.1",TRUE,0.000464983209541608,-0.000278362419936008
"bivt",5e-04,10000,"0.01",TRUE,0.00074672005736006,-0.000316163311336594
"bivt",5e-04,10000,"0.05",TRUE,0.000460261366619117,-0.000265468582011236
"bivt",5e-04,10000,"0.1",TRUE,0.000353443309640317,-0.000252822377789704
"bivt",5e-04,10000,"0.01",TRUE,0.000518920893062734,-0.000287792972904735
"bivt",5e-04,10000,"0.05",TRUE,0.000576643309351436,-0.000331891963175504
"bivt",5e-04,10000,"0.1",TRUE,0.0004627431967792,-0.000318762984250654
"bivt",5e-04,10000,"0.01",TRUE,0.000835313755220488,-0.000342535549123952
"bivt",5e-04,10000,"0.05",TRUE,0.000648616449644288,-0.000319891866001283
"bivt",5e-04,10000,"0.1",TRUE,0.000583558130807148,-0.000305509855400592
"bivt",5e-04,10000,"0.01",TRUE,0.000790645673321641,-0.000328305006125525
"bivt",5e-04,10000,"0.05",TRUE,0.000697634066967317,-0.000281370794556784
"bivt",5e-04,10000,"0.1",TRUE,0.000571515757952612,-0.000264756462506312
"bivt",5e-04,10000,"0.01",TRUE,0.000932823594963268,-0.000305543108542735
"bivt",5e-04,10000,"0.05",TRUE,0.000672238359956921,-0.000330086640391768
"bivt",5e-04,10000,"0.1",TRUE,0.000446309153832354,-0.000321565350224745
"bivt",5e-04,10000,"0.01",TRUE,0.000952729604423467,-0.000351060991693716
"bivt",5e-04,10000,"0.05",TRUE,0.000451666727656217,-0.000261600475678151
"bivt",5e-04,10000,"0.1",TRUE,0.000346229129012845,-0.000249893169338763
"bivt",5e-04,10000,"0.01",TRUE,0.000616287944328568,-0.000282026399863478
"bivt",5e-04,10000,"0.05",TRUE,0.000489864916580125,-0.000263673542068509
"bivt",5e-04,10000,"0.1",TRUE,0.000350098262029573,-0.000251826243955528
"bivt",5e-04,10000,"0.01",TRUE,0.000696221341339784,-0.000299219349298166
"bivt",5e-04,10000,"0.05",TRUE,0.00114175158958791,-0.000285458707254935
"bivt",5e-04,10000,"0.1",TRUE,0.000744863916750989,-0.000274587340305487
"bivt",5e-04,10000,"0.01",TRUE,0.00130592282380137,-0.000313755436709939
"bivt",5e-04,10000,"0.05",TRUE,0.000438019295247048,-0.000250978232663088
"bivt",5e-04,10000,"0.1",TRUE,0.000343485173262331,-0.000239055976649016
"bivt",5e-04,10000,"0.01",TRUE,0.000577939705642339,-0.000295440324240556
"bivt",5e-04,10000,"0.05",TRUE,0.000376948049823085,-0.000245491399747308
"bivt",5e-04,10000,"0.1",TRUE,0.000341247382703662,-0.000233795553690105
"bivt",5e-04,10000,"0.01",TRUE,0.000542133857492163,-0.000272072793919745
"bivt",5e-04,10000,"0.05",TRUE,0.000694503326745104,-0.000259223674201944
"bivt",5e-04,10000,"0.1",TRUE,0.000424749559130011,-0.000242847345617174
"bivt",5e-04,10000,"0.01",TRUE,0.000827755529223022,-0.000281833644244017
"bivt",5e-04,10000,"0.05",TRUE,0.000584723324706052,-0.000264942161567155
"bivt",5e-04,10000,"0.1",TRUE,0.000445809859291062,-0.000251819597836937
"bivt",5e-04,10000,"0.01",TRUE,0.00071697941609897,-0.000286874811034783
"bivt",5e-04,10000,"0.05",TRUE,0.000566638714265897,-0.000324426439630854
"bivt",5e-04,10000,"0.1",TRUE,0.000495721838699274,-0.000300789563434313
"bivt",5e-04,10000,"0.01",TRUE,0.000687977267330255,-0.000346259370275135
"bivt",5e-04,10000,"0.05",TRUE,0.000645190639843321,-0.000248769544566551
"bivt",5e-04,10000,"0.1",TRUE,0.000571492209958051,-0.000241547955874598
"bivt",5e-04,10000,"0.01",TRUE,0.000846071840106527,-0.000277543094318484
"bivt",5e-04,10000,"0.05",TRUE,0.000448857767736016,-0.000242963146150457
"bivt",5e-04,10000,"0.1",TRUE,0.000270652487594051,-0.000223127934289554
"bivt",5e-04,10000,"0.01",TRUE,0.000592399278194218,-0.000275803191571159
"bivt",5e-04,10000,"0.05",TRUE,0.000460341246511899,-0.00030565158795755
"bivt",5e-04,10000,"0.1",TRUE,0.000388545489843292,-0.000295494617383837
"bivt",5e-04,10000,"0.01",TRUE,0.000801490438101684,-0.000336841274412214
"bivt",5e-04,10000,"0.05",FALSE,0.000353527310356819,-0.000253172763661207
"bivt",5e-04,10000,"0.1",FALSE,0.000341707425781428,-0.000245314742633457
"bivt",5e-04,10000,"0.01",TRUE,0.000413295405628794,-0.000272530461780923
"bivt",5e-04,10000,"0.05",FALSE,0.000697020560917699,-0.000225553798329929
"bivt",5e-04,10000,"0.1",FALSE,0.000573617241284323,-0.000216948552386977
"bivt",5e-04,10000,"0.01",FALSE,0.000747721067347786,-0.000249069768501906
"bivt",5e-04,10000,"0.05",TRUE,0.000627014949637341,-0.0003160230239938
"bivt",5e-04,10000,"0.1",TRUE,0.000539214098316202,-0.000292988657733075
"bivt",5e-04,10000,"0.01",TRUE,0.000849298407530249,-0.000335815036203809
"bivt",5e-04,10000,"0.05",TRUE,0.000543271831952529,-0.000248029744262547
"bivt",5e-04,10000,"0.1",TRUE,0.000476748734720257,-0.000229726874504552
"bivt",5e-04,10000,"0.01",TRUE,0.000716636256020896,-0.000283788586607772
"bivt",5e-04,10000,"0.05",TRUE,0.000452093255205556,-0.000335115857219745
"bivt",5e-04,10000,"0.1",TRUE,0.000415603623183013,-0.000320902536338409
"bivt",5e-04,10000,"0.01",TRUE,0.000593218715516888,-0.000347667912182627
"bivt",5e-04,10000,"0.05",TRUE,0.000985869534584412,-0.00028434429542051
"bivt",5e-04,10000,"0.1",TRUE,0.000892428583860833,-0.000270140080493626
"bivt",5e-04,10000,"0.01",TRUE,0.00120024315556563,-0.000301576040737617
"bivt",5e-04,10000,"0.05",TRUE,0.00051386776895556,-0.000264163287836119
"bivt",5e-04,10000,"0.1",TRUE,0.000441885428358667,-0.000251080681009421
"bivt",5e-04,10000,"0.01",TRUE,0.000590005368898336,-0.00028441905734246
"bivt",5e-04,10000,"0.05",TRUE,0.000662252524466718,-0.000308229761643211
"bivt",5e-04,10000,"0.1",TRUE,0.000647069503713531,-0.000294148884085281
"bivt",5e-04,10000,"0.01",TRUE,0.00102660246004126,-0.000337528237655572
"bivt",5e-04,10000,"0.05",TRUE,0.000968692172401722,-0.000284536654090472
"bivt",5e-04,10000,"0.1",TRUE,0.000704433399405827,-0.000274040114207618
"bivt",5e-04,10000,"0.01",TRUE,0.00115830751426812,-0.000301752422090748
"bivt",5e-04,10000,"0.05",TRUE,0.0008173339826891,-0.000301402979356852
"bivt",5e-04,10000,"0.1",TRUE,0.000582366475480426,-0.000280025297256694
"bivt",5e-04,10000,"0.01",TRUE,0.0013456521008373,-0.000330091492526368
"bivt",5e-04,10000,"0.05",TRUE,0.000555445343973209,-0.000307535599528314
"bivt",5e-04,10000,"0.1",TRUE,0.000532940365042311,-0.000289943239207549
"bivt",5e-04,10000,"0.01",TRUE,0.000699963125409251,-0.000322503751212177
"bivt",5e-04,10000,"0.05",TRUE,0.000386353953902322,-0.000254099112009272
"bivt",5e-04,10000,"0.1",TRUE,0.000363161042932806,-0.000236959402076695
"bivt",5e-04,10000,"0.01",TRUE,0.00062910393071302,-0.000277533251901651
"bivt",5e-04,10000,"0.05",TRUE,0.000539625603938793,-0.000286364285530679
"bivt",5e-04,10000,"0.1",TRUE,0.000478249075481813,-0.000280954194888142
"bivt",5e-04,10000,"0.01",TRUE,0.000865095853390127,-0.000300049700150564
"bivt",5e-04,10000,"0.05",TRUE,0.000642873634037922,-0.000286972548466093
"bivt",5e-04,10000,"0.1",TRUE,0.000565519295122806,-0.000281548099450389
"bivt",5e-04,10000,"0.01",TRUE,0.000956176438549357,-0.000308551360268703
"bivt",5e-04,10000,"0.05",TRUE,0.000473800151005036,-0.00027128177342911
"bivt",5e-04,10000,"0.1",TRUE,0.00036195563003795,-0.000252240852864547
"bivt",5e-04,10000,"0.01",TRUE,0.000777359956962052,-0.000293974251511149
"bivt",5e-04,10000,"0.05",TRUE,0.000567296737361575,-0.00027098120313361
"bivt",5e-04,10000,"0.1",TRUE,0.000478584012428984,-0.000262148051572805
"bivt",5e-04,10000,"0.01",TRUE,0.000775295686825645,-0.000287564440499242
"bivt",5e-04,10000,"0.05",TRUE,0.000478865854800014,-0.000235024568707467
"bivt",5e-04,10000,"0.1",TRUE,0.000344362548729348,-0.000223589612729809
"bivt",5e-04,10000,"0.01",TRUE,0.000535422321439673,-0.000270734719657986
"bivt",5e-04,10000,"0.05",TRUE,0.000454663783642785,-0.000263050915026791
"bivt",5e-04,10000,"0.1",TRUE,0.000410923322997734,-0.000251356805283536
"bivt",5e-04,10000,"0.01",TRUE,0.000545345079297168,-0.000291710463953079
"bivt",5e-04,10000,"0.05",TRUE,0.000592452194259256,-0.000268211307285311
"bivt",5e-04,10000,"0.1",TRUE,0.000428928126362866,-0.000257769104764057
"bivt",5e-04,10000,"0.01",TRUE,0.000836417687890042,-0.000295979726703161
"bivt",5e-04,10000,"0.05",TRUE,0.000664800502336936,-0.000301848655203612
"bivt",5e-04,10000,"0.1",TRUE,0.000564618714138827,-0.000273698168995028
"bivt",5e-04,10000,"0.01",TRUE,0.000825345502820203,-0.000336283719226926
"bivt",5e-04,10000,"0.05",TRUE,0.000467812100803555,-0.000277970731702036
"bivt",5e-04,10000,"0.1",TRUE,0.00044217405778332,-0.000252152349279664
"bivt",5e-04,10000,"0.01",TRUE,0.000746798870115263,-0.000302678450959798
"bivt",5e-04,10000,"0.05",TRUE,0.000606484573174643,-0.000301472348048702
"bivt",5e-04,10000,"0.1",TRUE,0.000486881774217065,-0.000282507773246683
"bivt",5e-04,10000,"0.01",TRUE,0.000927786220107829,-0.0003379923654201
"bivt",5e-04,10000,"0.05",TRUE,0.000585418247882879,-0.000259336389885277
"bivt",5e-04,10000,"0.1",TRUE,0.000560106111681845,-0.000246023264633672
"bivt",5e-04,10000,"0.01",TRUE,0.000810136748693014,-0.000284069406142372
"bivt",5e-04,10000,"0.05",TRUE,0.000634076611243139,-0.000297359495193163
"bivt",5e-04,10000,"0.1",TRUE,0.000529153312475477,-0.000284508814585963
"bivt",5e-04,10000,"0.01",TRUE,0.000886436487385882,-0.000324455065193559
"bivt",5e-04,10000,"0.05",TRUE,0.000372000773472574,-0.00029073799177433
"bivt",5e-04,10000,"0.1",TRUE,0.000340790695117749,-0.0002828630005453
"bivt",5e-04,10000,"0.01",TRUE,0.000524392317626108,-0.000328599345186315
"bivt",5e-04,10000,"0.05",TRUE,0.000697130538099642,-0.000332161553366077
"bivt",5e-04,10000,"0.1",TRUE,0.000669526421188479,-0.000310560624306424
"bivt",5e-04,10000,"0.01",TRUE,0.000912904522252544,-0.000361596351423985
"bivt",5e-04,10000,"0.05",TRUE,0.000339215761256208,-0.000238460769430418
"bivt",5e-04,10000,"0.1",TRUE,0.0002915512441341,-0.000218154647871238
"bivt",5e-04,10000,"0.01",TRUE,0.000414034699530085,-0.000272427940414846
"bivt",5e-04,10000,"0.05",TRUE,0.00052849318025563,-0.000255184651684471
"bivt",5e-04,10000,"0.1",TRUE,0.000484842930273802,-0.000246455356539872
"bivt",5e-04,10000,"0.01",TRUE,0.000775320047453721,-0.000288021671345392
"bivt",5e-04,10000,"0.05",TRUE,0.00033687412869696,-0.000264287078016399
"bivt",5e-04,10000,"0.1",TRUE,0.000325508953522859,-0.000250918231957621
"bivt",5e-04,10000,"0.01",TRUE,0.000461675465662286,-0.000292169321651631
"bivt",5e-04,10000,"0.05",TRUE,0.000445900101447713,-0.000264386506060161
"bivt",5e-04,10000,"0.1",TRUE,0.000371448339239416,-0.000243532963819727
"bivt",5e-04,10000,"0.01",TRUE,0.000713279750005198,-0.000295941142121004
"bivt",5e-04,10000,"0.05",TRUE,0.000449102323483131,-0.000266710987284566
"bivt",5e-04,10000,"0.1",TRUE,0.000341168765143886,-0.000258852292129876
"bivt",5e-04,10000,"0.01",TRUE,0.000600954904426385,-0.000280944221149651
"bivt",5e-04,10000,"0.05",TRUE,0.000639450542227553,-0.000312018166264787
"bivt",5e-04,10000,"0.1",TRUE,0.000474775497883775,-0.000292359470136488
"bivt",5e-04,10000,"0.01",TRUE,0.000788635114094105,-0.000321100392572698
"bivt",5e-04,10000,"0.05",TRUE,0.000512730403119955,-0.000317049503970431
"bivt",5e-04,10000,"0.1",TRUE,0.000440259351425525,-0.000313616150470199
"bivt",5e-04,10000,"0.01",TRUE,0.000629500100465435,-0.000336787802524838
"bivt",5e-04,10000,"0.05",TRUE,0.000458953296642636,-0.000269595121199994
"bivt",5e-04,10000,"0.1",TRUE,0.000406285816224241,-0.000258369923712997
"bivt",5e-04,10000,"0.01",TRUE,0.000682418195313382,-0.000319873278938147
"bivt",5e-04,10000,"0.05",TRUE,0.000847430979933474,-0.000261660573185829
"bivt",5e-04,10000,"0.1",TRUE,0.00080031494398066,-0.000246819064486735
"bivt",5e-04,10000,"0.01",TRUE,0.00112259493973089,-0.000293250452974935
"bivt",5e-04,10000,"0.05",TRUE,0.000610439105101253,-0.000270518291688582
"bivt",5e-04,10000,"0.1",TRUE,0.000533666056124691,-0.000257287515684972
"bivt",5e-04,10000,"0.01",TRUE,0.000898688463456354,-0.000293118231811521
"bivt",5e-04,10000,"0.05",TRUE,0.000578874333804126,-0.000234437580920581
"bivt",5e-04,10000,"0.1",TRUE,0.000446941182107763,-0.000226564461129684
"bivt",5e-04,10000,"0.01",TRUE,0.000719863733576678,-0.000271489197114662
"bivt",5e-04,10000,"0.05",TRUE,0.000691777293649492,-0.000293890175301463
"bivt",5e-04,10000,"0.1",TRUE,0.000436246789856843,-0.000284393197170818
"bivt",5e-04,10000,"0.01",TRUE,0.00079852210819718,-0.000318286043079221
"bivt",5e-04,10000,"0.05",TRUE,0.000444500782302726,-0.000304078571684804
"bivt",5e-04,10000,"0.1",TRUE,0.000331256783565481,-0.000299339366406944
"bivt",5e-04,10000,"0.01",TRUE,0.000617985683957638,-0.00032667215349333
"bivt",5e-04,10000,"0.05",TRUE,0.000421940319832795,-0.000244382967285429
"bivt",5e-04,10000,"0.1",TRUE,0.000358942021874683,-0.000234370458476503
"bivt",5e-04,10000,"0.01",TRUE,0.000586597307648479,-0.000275631240146337
"bivt",5e-04,10000,"0.05",TRUE,0.000272634172779577,-0.000239378660790672
"bivt",5e-04,10000,"0.1",TRUE,0.000239250217610258,-0.00022595372917629
"bivt",5e-04,10000,"0.01",TRUE,0.00040689974984564,-0.000267524046857175
"bivt",5e-04,10000,"0.05",TRUE,0.000491486748525679,-0.000279474843240513
"bivt",5e-04,10000,"0.1",TRUE,0.000403779684868248,-0.00025173288786876
"bivt",5e-04,10000,"0.01",TRUE,0.000749368472220598,-0.000311040280112839
"bivt",5e-04,10000,"0.05",TRUE,0.000492084194973068,-0.000255506405789776
"bivt",5e-04,10000,"0.1",TRUE,0.00040488649926894,-0.000233366239927948
"bivt",5e-04,10000,"0.01",TRUE,0.000771452773076698,-0.000290315693137851
"bivt",5e-04,10000,"0.05",TRUE,0.000467568291095747,-0.000344428997355365
"bivt",5e-04,10000,"0.1",TRUE,0.000379887354419856,-0.000328569202846922
"bivt",5e-04,10000,"0.01",TRUE,0.000680734353870288,-0.00035324246274455
"bivt",5e-04,10000,"0.05",TRUE,0.00064447654052231,-0.00029037837671653
"bivt",5e-04,10000,"0.1",TRUE,0.000469578227049044,-0.000274629668733114
"bivt",5e-04,10000,"0.01",TRUE,0.000803029014806552,-0.000316530823436109
"bivt",5e-04,10000,"0.05",TRUE,0.000451135170162557,-0.000246920347204741
"bivt",5e-04,10000,"0.1",TRUE,0.000416512091784077,-0.000232092956751924
"bivt",5e-04,10000,"0.01",TRUE,0.000659689287567802,-0.000273240335316622
"bivt",5e-04,10000,"0.05",TRUE,0.000519557995171655,-0.000308103391869502
"bivt",5e-04,10000,"0.1",TRUE,0.000468149037750886,-0.000304101583757015
"bivt",5e-04,10000,"0.01",TRUE,0.000785464180292052,-0.000330906487010527
"bivt",5e-04,10000,"0.05",TRUE,0.000972528391633541,-0.000304982473021578
"bivt",5e-04,10000,"0.1",TRUE,0.000696580138385238,-0.00029623748380734
"bivt",5e-04,10000,"0.01",TRUE,0.00145058568857511,-0.000345978949485618
"bivt",5e-04,10000,"0.05",TRUE,0.000726401327190416,-0.000272691734618497
"bivt",5e-04,10000,"0.1",TRUE,0.000585496616814436,-0.000266575196920891
"bivt",5e-04,10000,"0.01",TRUE,0.000803218790825027,-0.000297992890856643
"bivt",5e-04,10000,"0.05",TRUE,0.000488493819630167,-0.000256058149265804
"bivt",5e-04,10000,"0.1",TRUE,0.000405837385129063,-0.000242194172199144
"bivt",5e-04,10000,"0.01",TRUE,0.000698747952058795,-0.000276775315575887
"bivt",5e-04,10000,"0.05",FALSE,0.000497713321304053,-0.000371863104015638
"bivt",5e-04,10000,"0.1",FALSE,0.000405744074886171,-0.000333988832855617
"bivt",5e-04,10000,"0.01",FALSE,0.000839799721006467,-0.000384594644662238
"bivt",5e-04,10000,"0.05",TRUE,0.000393436150238616,-0.000262614049112037
"bivt",5e-04,10000,"0.1",TRUE,0.000291500207725299,-0.00024216098010166
"bivt",5e-04,10000,"0.01",TRUE,0.00063736575379905,-0.00028874900475365
"bivt",5e-04,10000,"0.05",TRUE,0.000441281383395241,-0.000264349422325491
"bivt",5e-04,10000,"0.1",TRUE,0.000413192889199911,-0.000260423729530173
"bivt",5e-04,10000,"0.01",TRUE,0.000567187050907383,-0.000282303739283044
"bivt",5e-04,10000,"0.05",TRUE,0.000521031054789662,-0.000282933641245821
"bivt",5e-04,10000,"0.1",TRUE,0.00047402650862618,-0.000275686072015257
"bivt",5e-04,10000,"0.01",TRUE,0.000631133335127306,-0.000315791914910713
"bivt",5e-04,10000,"0.05",TRUE,0.000689287175722453,-0.000310450706661919
"bivt",5e-04,10000,"0.1",TRUE,0.000587900379276775,-0.000293226594854509
"bivt",5e-04,10000,"0.01",TRUE,0.000913446130747894,-0.000331568877226688
"bivt",5e-04,10000,"0.05",TRUE,0.000593724372495456,-0.000291515352370291
"bivt",5e-04,10000,"0.1",TRUE,0.000471845546000908,-0.000279333260027051
"bivt",5e-04,10000,"0.01",TRUE,0.000674710938372302,-0.000315936523402466
"bivt",5e-04,10000,"0.05",TRUE,0.00070873036332414,-0.000322599857670582
"bivt",5e-04,10000,"0.1",TRUE,0.000635808222995241,-0.000309373522198152
"bivt",5e-04,10000,"0.01",TRUE,0.000789456536905598,-0.000352497544082749
"bivt",5e-04,10000,"0.05",TRUE,0.00098346385783814,-0.000320760915171973
"bivt",5e-04,10000,"0.1",TRUE,0.000752298504024399,-0.000308456744352018
"bivt",5e-04,10000,"0.01",TRUE,0.00123648672888057,-0.000342512194460263
"bivt",5e-04,10000,"0.05",TRUE,0.000701093096673485,-0.000253069935557286
"bivt",5e-04,10000,"0.1",TRUE,0.000458588761180988,-0.000238233956432257
"bivt",5e-04,10000,"0.01",TRUE,0.00131174102930825,-0.000277039064447418
"bivt",5e-04,10000,"0.05",TRUE,0.000481336961282175,-0.000272592679319233
"bivt",5e-04,10000,"0.1",TRUE,0.000386128825649637,-0.000251022103776913
"bivt",5e-04,10000,"0.01",TRUE,0.00059357892625227,-0.000297583480918153
"bivt",5e-04,10000,"0.05",TRUE,0.000549465313119061,-0.000325900621702073
"bivt",5e-04,10000,"0.1",TRUE,0.000502566908093624,-0.000297844557176534
"bivt",5e-04,10000,"0.01",TRUE,0.000693987412311041,-0.000346029305603211
"bivt",5e-04,10000,"0.05",TRUE,0.000395212849614813,-0.000292664572502167
"bivt",5e-04,10000,"0.1",TRUE,0.000379065802700661,-0.000283992104810797
"bivt",5e-04,10000,"0.01",TRUE,0.000511920667625633,-0.000316701941040067
"bivt",5e-04,10000,"0.05",TRUE,0.000367926211074855,-0.000278750458174771
"bivt",5e-04,10000,"0.1",TRUE,0.000330314221610562,-0.00026941601819032
"bivt",5e-04,10000,"0.01",TRUE,0.000517782256159293,-0.000298611217180107
"bivt",5e-04,10000,"0.05",TRUE,0.000692838027190243,-0.00028959864037478
"bivt",5e-04,10000,"0.1",TRUE,0.000670431419150918,-0.000281874197452745
"bivt",5e-04,10000,"0.01",TRUE,0.000903005754387985,-0.000318565434780882
"bivt",5e-04,10000,"0.05",TRUE,0.000341646956044221,-0.000233745872306184
"bivt",5e-04,10000,"0.1",TRUE,0.000261177796910117,-0.000222981177687355
"bivt",5e-04,10000,"0.01",TRUE,0.000495121538432834,-0.00027411118100168
"bivt",5e-04,10000,"0.05",TRUE,0.000467909426510983,-0.000289687001057629
"bivt",5e-04,10000,"0.1",TRUE,0.000402720949681055,-0.000279861522802874
"bivt",5e-04,10000,"0.01",TRUE,0.000610977402783767,-0.000312015458572258
"bivt",5e-04,10000,"0.05",TRUE,0.000585195646421952,-0.000316433211432117
"bivt",5e-04,10000,"0.1",TRUE,0.000524198195385221,-0.000299526750410756
"bivt",5e-04,10000,"0.01",TRUE,0.000830298364713951,-0.000334656700821442
"bivt",5e-04,10000,"0.05",TRUE,0.00028514030973224,-0.000284657873283154
"bivt",5e-04,10000,"0.1",TRUE,0.000275286881160212,-0.000258674657960532
"bivt",5e-04,10000,"0.01",TRUE,0.000377246553593469,-0.000328580261881624
"bivt",5e-04,10000,"0.05",TRUE,0.000416375591138962,-0.000305203934511483
"bivt",5e-04,10000,"0.1",TRUE,0.000343458937606378,-0.000299076287914929
"bivt",5e-04,10000,"0.01",TRUE,0.000682471959776081,-0.000335777602733632
"bivt",5e-04,10000,"0.05",FALSE,0.000541033742828984,-0.000248171214505651
"bivt",5e-04,10000,"0.1",FALSE,0.000422831302259858,-0.000244812731752579
"bivt",5e-04,10000,"0.01",TRUE,0.00114608352021267,-0.000262802271925385
"bivt",5e-04,10000,"0.05",TRUE,0.00108724605644596,-0.000283072770447512
"bivt",5e-04,10000,"0.1",TRUE,0.000838444450261228,-0.000269218953541855
"bivt",5e-04,10000,"0.01",TRUE,0.00128883614642177,-0.000323381781103072
"bivt",5e-04,10000,"0.05",TRUE,0.000673086104969613,-0.000292131109300981
"bivt",5e-04,10000,"0.1",TRUE,0.000510531390999088,-0.000268798461628731
"bivt",5e-04,10000,"0.01",TRUE,0.000903928543717617,-0.000306023035665922
"bivt",5e-04,10000,"0.05",TRUE,0.000788068684744747,-0.000286180887654023
"bivt",5e-04,10000,"0.1",TRUE,0.00075032618986424,-0.00027016914052376
"bivt",5e-04,10000,"0.01",TRUE,0.00103468215117831,-0.000309118354704731
"bivt",5e-04,10000,"0.05",TRUE,0.000450020756740519,-0.000272787645608736
"bivt",5e-04,10000,"0.1",TRUE,0.000398810688551987,-0.00025480664108023
"bivt",5e-04,10000,"0.01",TRUE,0.000875594005926285,-0.000298653552891247
"bivt",5e-04,10000,"0.05",TRUE,0.000696603600167401,-0.000277890249607625
"bivt",5e-04,10000,"0.1",TRUE,0.000611942044517726,-0.00025761642586028
"bivt",5e-04,10000,"0.01",TRUE,0.000983010700151188,-0.000295725851449191
"bivt",5e-04,10000,"0.05",TRUE,0.000287261958099428,-0.000250564274001678
"bivt",5e-04,10000,"0.1",TRUE,0.000258586021535013,-0.000242065776103564
"bivt",5e-04,10000,"0.01",TRUE,0.000415272641618838,-0.000286028037002273
"bivt",5e-04,10000,"0.05",TRUE,0.000346786296345944,-0.000265172639534246
"bivt",5e-04,10000,"0.1",TRUE,0.000284504956284569,-0.000239540769619432
"bivt",5e-04,10000,"0.01",TRUE,0.00046198887348362,-0.000279600391051268
"bivt",5e-04,10000,"0.05",TRUE,0.000591194556889515,-0.000278121928286996
"bivt",5e-04,10000,"0.1",TRUE,0.00052384627421346,-0.000264885480381491
"bivt",5e-04,10000,"0.01",TRUE,0.000850925662206203,-0.000294773380758625
"bivt",5e-04,10000,"0.05",TRUE,0.000656680974315791,-0.000323212414433085
"bivt",5e-04,10000,"0.1",TRUE,0.000444088257102014,-0.000294578187523289
"bivt",5e-04,10000,"0.01",TRUE,0.000898183883384636,-0.000343031209085282
"bivt",5e-04,10000,"0.05",TRUE,0.000588364795018742,-0.000244425692155981
"bivt",5e-04,10000,"0.1",TRUE,0.000450787985998175,-0.000231273400963723
"bivt",5e-04,10000,"0.01",TRUE,0.000754414790658634,-0.000276533099032751
"bivt",5e-04,10000,"0.05",TRUE,0.000526824965626276,-0.000285130437110064
"bivt",5e-04,10000,"0.1",TRUE,0.000481288734802397,-0.000274941681987227
"bivt",5e-04,10000,"0.01",TRUE,0.000649287821571289,-0.000296470155066761
"bivt",5e-04,10000,"0.05",TRUE,0.00053927201748146,-0.000271955328671212
"bivt",5e-04,10000,"0.1",TRUE,0.000371022253939528,-0.00025284567754631
"bivt",5e-04,10000,"0.01",TRUE,0.000776947972842117,-0.00029296144742098
"bivt",5e-04,10000,"0.05",TRUE,0.000441553613461554,-0.000242108367339599
"bivt",5e-04,10000,"0.1",TRUE,0.000438658466152693,-0.000232228015723986
"bivt",5e-04,10000,"0.01",TRUE,0.000766122839403756,-0.000277005869032145
"bivt",5e-04,10000,"0.05",TRUE,0.00033376298783696,-0.000257288418630251
"bivt",5e-04,10000,"0.1",TRUE,0.000300166866829561,-0.000243212015488564
"bivt",5e-04,10000,"0.01",TRUE,0.000420786324030576,-0.000279077743344304
"bivt",5e-04,10000,"0.05",TRUE,0.000465026597807319,-0.000267057838855555
"bivt",5e-04,10000,"0.1",TRUE,0.000391214709478743,-0.000245697326994278
"bivt",5e-04,10000,"0.01",TRUE,0.000736156247781916,-0.000285683798795482
"bivt",5e-04,10000,"0.05",TRUE,0.000436435439278844,-0.000271531208416171
"bivt",5e-04,10000,"0.1",TRUE,0.000335084009353041,-0.000259124103658441
"bivt",5e-04,10000,"0.01",TRUE,0.000510869760478749,-0.000292940458306242
"bivt",5e-04,10000,"0.05",TRUE,0.000426022440496734,-0.000296356821008244
"bivt",5e-04,10000,"0.1",TRUE,0.000380697400545378,-0.000286748874251205
"bivt",5e-04,10000,"0.01",TRUE,0.000738404030656217,-0.000316137138829321
"bivt",5e-04,10000,"0.05",TRUE,0.000351838681365029,-0.000263583645447037
"bivt",5e-04,10000,"0.1",TRUE,0.000296544395260619,-0.000255456288366252
"bivt",5e-04,10000,"0.01",TRUE,0.000637191613934256,-0.000284411965780572
"bivt",5e-04,10000,"0.05",TRUE,0.000406147220640304,-0.000264191581427363
"bivt",5e-04,10000,"0.1",TRUE,0.000396988839622798,-0.000251212714439621
"bivt",5e-04,10000,"0.01",TRUE,0.000439772582925945,-0.000299459427861815
"bivt",5e-04,10000,"0.05",TRUE,0.000420844491180728,-0.000246486733481872
"bivt",5e-04,10000,"0.1",TRUE,0.000371876412107943,-0.000236943466270286
"bivt",5e-04,10000,"0.01",TRUE,0.000596735887910912,-0.000289661967097884
"bivt",5e-04,10000,"0.05",TRUE,0.000407779554695807,-0.000273287922227066
"bivt",5e-04,10000,"0.1",TRUE,0.000364422786182169,-0.00025654840737232
"bivt",5e-04,10000,"0.01",TRUE,0.000628452088956483,-0.000293924292297562
"bivt",5e-04,10000,"0.05",TRUE,0.000440828517156426,-0.000258727685884696
"bivt",5e-04,10000,"0.1",TRUE,0.000369086961642802,-0.000229865459800814
"bivt",5e-04,10000,"0.01",TRUE,0.000526878162683745,-0.000282522443436163
"bivt",5e-04,10000,"0.05",TRUE,0.00100261034448635,-0.000298394652939437
"bivt",5e-04,10000,"0.1",TRUE,0.000615681322876897,-0.0002865650096359
"bivt",5e-04,10000,"0.01",TRUE,0.00133902885186788,-0.000331142713843482
"bivt",5e-04,10000,"0.05",TRUE,0.000569500479169992,-0.000299017331519727
"bivt",5e-04,10000,"0.1",TRUE,0.000527980660422317,-0.000280042128178952
"bivt",5e-04,10000,"0.01",TRUE,0.000691349029051784,-0.000330188005846276
"bivt",5e-04,10000,"0.05",TRUE,0.000540517887089754,-0.00026027547798158
"bivt",5e-04,10000,"0.1",TRUE,0.000454550560286,-0.000246707009440378
"bivt",5e-04,10000,"0.01",TRUE,0.000648667367745464,-0.000294329264394112
"bivt",5e-04,10000,"0.05",TRUE,0.000339712474196413,-0.000255530864887348
"bivt",5e-04,10000,"0.1",TRUE,0.00026164746791529,-0.000231414958312145
"bivt",5e-04,10000,"0.01",TRUE,0.000507437434794421,-0.000271147497403346
"bivt",5e-04,10000,"0.05",TRUE,0.000239931568695369,-0.000267745438619303
"bivt",5e-04,10000,"0.1",TRUE,0.000205827592562163,-0.000248420472817996
"bivt",5e-04,10000,"0.01",TRUE,0.000315053060956219,-0.00030168523099686
"bivt",5e-04,10000,"0.05",TRUE,0.000467563691836969,-0.000303214988018825
"bivt",5e-04,10000,"0.1",TRUE,0.000415504057808684,-0.000291773681028649
"bivt",5e-04,10000,"0.01",TRUE,0.000802042986449176,-0.000340472022357803
"bivt",5e-04,10000,"0.05",TRUE,0.000748752353314963,-0.000286632966101196
"bivt",5e-04,10000,"0.1",TRUE,0.000501948195472002,-0.000282934555138183
"bivt",5e-04,10000,"0.01",TRUE,0.00101173605264636,-0.000302139221435479
"bivt",5e-04,10000,"0.05",TRUE,0.000485194533091175,-0.000278848692820164
"bivt",5e-04,10000,"0.1",TRUE,0.000436360917156573,-0.00027501496656694
"bivt",5e-04,10000,"0.01",TRUE,0.000851713415278857,-0.000294002653466509
"bivt",5e-04,10000,"0.05",TRUE,0.000594599632667023,-0.000283411685939983
"bivt",5e-04,10000,"0.1",TRUE,0.000476733267248714,-0.000276381148957041
"bivt",5e-04,10000,"0.01",TRUE,0.00101776192881738,-0.000308005001235129
"bivt",5e-04,10000,"0.05",TRUE,0.000588073255154312,-0.00031120419751384
"bivt",5e-04,10000,"0.1",TRUE,0.000472807195629917,-0.000286252350993546
"bivt",5e-04,10000,"0.01",TRUE,0.000705528229405058,-0.000324144160583172
"bivt",5e-04,10000,"0.05",TRUE,0.00051894762969624,-0.000294213324044198
"bivt",5e-04,10000,"0.1",TRUE,0.000449006373199366,-0.000270972461260758
"bivt",5e-04,10000,"0.01",TRUE,0.000858845315288314,-0.000309464879446816
"bivt",5e-04,10000,"0.05",TRUE,0.000494096074320892,-0.000267998729575173
"bivt",5e-04,10000,"0.1",TRUE,0.000369796713819691,-0.000257965695800109
"bivt",5e-04,10000,"0.01",TRUE,0.00072721651505378,-0.000306493786615125
"bivt",5e-04,10000,"0.05",TRUE,0.000615919544260463,-0.00029508734381224
"bivt",5e-04,10000,"0.1",TRUE,0.000515217578339132,-0.000275303687731269
"bivt",5e-04,10000,"0.01",TRUE,0.000854782214160573,-0.000314364559504175
"bivt",5e-04,10000,"0.05",TRUE,0.000338990286599994,-0.000266380762092163
"bivt",5e-04,10000,"0.1",TRUE,0.000307982270620169,-0.0002517404086858
"bivt",5e-04,10000,"0.01",TRUE,0.000421950270908789,-0.00029425419695674
"bivt",5e-04,10000,"0.05",TRUE,0.000534782272535726,-0.000261871621032919
"bivt",5e-04,10000,"0.1",TRUE,0.000437221257182147,-0.000244315069803374
"bivt",5e-04,10000,"0.01",TRUE,0.000719937220120408,-0.000286867498008542
"bivt",5e-04,10000,"0.05",TRUE,0.000458691822916135,-0.000267668879853447
"bivt",5e-04,10000,"0.1",FALSE,0.000318074272135884,-0.000248267349238016
"bivt",5e-04,10000,"0.01",TRUE,0.000607025941793448,-0.000302762467285705
"bivt",5e-04,10000,"0.05",TRUE,0.00060901020229676,-0.000302201862409161
"bivt",5e-04,10000,"0.1",TRUE,0.00053349544850875,-0.00028722896383583
"bivt",5e-04,10000,"0.01",TRUE,0.0010316755547931,-0.000319598075243911
"bivt",5e-04,10000,"0.05",TRUE,0.000526468668073282,-0.00030610138945788
"bivt",5e-04,10000,"0.1",TRUE,0.000420555666590423,-0.000290810986238386
"bivt",5e-04,10000,"0.01",TRUE,0.000707615659610784,-0.000337481879599689
"bivt",5e-04,10000,"0.05",TRUE,0.000348914362641879,-0.000306390600408505
"bivt",5e-04,10000,"0.1",TRUE,0.000267610527824268,-0.000289005432108249
"bivt",5e-04,10000,"0.01",TRUE,0.00049491967225954,-0.000319912055293749
"bivt",5e-04,10000,"0.05",TRUE,0.000631014382840137,-0.000282133636381184
"bivt",5e-04,10000,"0.1",TRUE,0.000497566561770024,-0.000269011456283186
"bivt",5e-04,10000,"0.01",TRUE,0.000924771774012899,-0.000311737860057291
"bivt",5e-04,10000,"0.05",TRUE,0.000422727007411593,-0.000301674375189537
"bivt",5e-04,10000,"0.1",TRUE,0.000386009116223009,-0.000295462211583696
"bivt",5e-04,10000,"0.01",TRUE,0.00058591536656532,-0.000314915712459812
"bivt",5e-04,10000,"0.05",TRUE,0.000388627894625309,-0.000282111821183479
"bivt",5e-04,10000,"0.1",TRUE,0.000372836718806734,-0.000258905130424366
"bivt",5e-04,10000,"0.01",TRUE,0.000464845823935608,-0.000298781914513572
"bivt",5e-04,10000,"0.05",TRUE,0.000425365379769779,-0.000291681020137045
"bivt",5e-04,10000,"0.1",TRUE,0.000380773126102043,-0.000282395114890601
"bivt",5e-04,10000,"0.01",TRUE,0.000528983576217683,-0.00033485526680157
"bivt",5e-04,10000,"0.05",TRUE,0.000369032589077299,-0.000275883422672922
"bivt",5e-04,10000,"0.1",TRUE,0.000333928233875197,-0.000267266906247806
"bivt",5e-04,10000,"0.01",TRUE,0.000426986003500931,-0.000313129595069899
"bivt",5e-04,10000,"0.05",TRUE,0.000667361645277819,-0.000318134735249913
"bivt",5e-04,10000,"0.1",TRUE,0.000613550179951243,-0.000307601975970854
"bivt",5e-04,10000,"0.01",TRUE,0.00108619168435222,-0.000334217237619271
"bivt",5e-04,10000,"0.05",TRUE,0.00051761418701299,-0.000282120486744347
"bivt",5e-04,10000,"0.1",TRUE,0.0004735551366137,-0.000255084121911768
"bivt",5e-04,10000,"0.01",TRUE,0.000596393247368027,-0.000305546736974431
"bivt",5e-04,10000,"0.05",TRUE,0.000423220730445234,-0.000305849192664038
"bivt",5e-04,10000,"0.1",TRUE,0.000385753727057614,-0.000296444024119075
"bivt",5e-04,10000,"0.01",TRUE,0.000695620789623516,-0.000330699981822496
"bivt",5e-04,10000,"0.05",TRUE,0.00048066848573678,-0.000293796439216567
"bivt",5e-04,10000,"0.1",TRUE,0.000404653119641855,-0.000273902753580478
"bivt",5e-04,10000,"0.01",TRUE,0.000672087369245939,-0.000329557214806651
"bivt",5e-04,10000,"0.05",TRUE,0.000432992924764841,-0.000290614441538299
"bivt",5e-04,10000,"0.1",TRUE,0.000385509267583317,-0.000277821355062407
"bivt",5e-04,10000,"0.01",TRUE,0.000561220771286174,-0.000331185206353458
"bivt",5e-04,10000,"0.05",TRUE,0.000943538649510971,-0.000271977053068489
"bivt",5e-04,10000,"0.1",TRUE,0.000905628698565713,-0.000256415966179054
"bivt",5e-04,10000,"0.01",TRUE,0.00121473592234926,-0.0002995319615598
"bivt",5e-04,10000,"0.05",TRUE,0.000437830999547478,-0.00027034845819036
"bivt",5e-04,10000,"0.1",TRUE,0.000348436060720603,-0.000256392317706134
"bivt",5e-04,10000,"0.01",TRUE,0.0006936602555158,-0.000300253249604127
"bivt",5e-04,10000,"0.05",TRUE,0.000471411643921451,-0.000270724330863669
"bivt",5e-04,10000,"0.1",TRUE,0.000366748628937943,-0.00024695169875349
"bivt",5e-04,10000,"0.01",TRUE,0.000567178643596799,-0.000315167452264809
"bivt",5e-04,10000,"0.05",TRUE,0.000394364132314187,-0.000272846555972432
"bivt",5e-04,10000,"0.1",TRUE,0.000333894659269809,-0.000263741543202337
"bivt",5e-04,10000,"0.01",TRUE,0.000524896014275042,-0.000290872370208289
"bivt",5e-04,10000,"0.05",TRUE,0.000496056126252097,-0.00028370801790357
"bivt",5e-04,10000,"0.1",TRUE,0.000417949696347349,-0.000277011817823127
"bivt",5e-04,10000,"0.01",TRUE,0.000682310700549622,-0.000306404097977552
"bivt",5e-04,10000,"0.05",TRUE,0.00059124639165918,-0.000287387896898201
"bivt",5e-04,10000,"0.1",TRUE,0.000461694714440465,-0.000250848495708047
"bivt",5e-04,10000,"0.01",TRUE,0.000681744262454701,-0.000305473934313399
"bivt",5e-04,10000,"0.05",TRUE,0.000464583425832482,-0.000319063060079478
"bivt",5e-04,10000,"0.1",TRUE,0.000426197386849986,-0.000307532157110891
"bivt",5e-04,10000,"0.01",TRUE,0.00068950246874536,-0.000334755381448465
"bivt",5e-04,10000,"0.05",TRUE,0.000331669090381742,-0.000279516592814988
"bivt",5e-04,10000,"0.1",TRUE,0.000285080614906206,-0.000254718712346947
"bivt",5e-04,10000,"0.01",TRUE,0.000480094378821588,-0.00030477300593351
"bivt",5e-04,10000,"0.05",TRUE,0.00102226213424991,-0.000291031375660877
"bivt",5e-04,10000,"0.1",TRUE,0.000968035733152707,-0.00028132321370872
"bivt",5e-04,10000,"0.01",TRUE,0.00124185986218326,-0.000322549218533339
"bivt",5e-04,10000,"0.05",TRUE,0.000529104298202984,-0.000273111994242201
"bivt",5e-04,10000,"0.1",TRUE,0.000420040453459565,-0.000260833395609581
"bivt",5e-04,10000,"0.01",TRUE,0.000603482391912722,-0.000307585784335335
"bivt",5e-04,10000,"0.05",TRUE,0.000526621104680886,-0.000312938496683056
"bivt",5e-04,10000,"0.1",TRUE,0.000458390133850345,-0.000301827542522653
"bivt",5e-04,10000,"0.01",TRUE,0.000702040729454676,-0.000337982540527735
"bivt",5e-04,10000,"0.05",TRUE,0.000550954467764686,-0.000316979871317888
"bivt",5e-04,10000,"0.1",TRUE,0.000480984217179915,-0.00029761636877574
"bivt",5e-04,10000,"0.01",TRUE,0.000790172890878165,-0.000332347447382587
"bivt",5e-04,10000,"0.05",TRUE,0.000410008346309508,-0.000246700271675432
"bivt",5e-04,10000,"0.1",TRUE,0.000347660826858375,-0.000233904730151332
"bivt",5e-04,10000,"0.01",TRUE,0.000778342861722759,-0.000274548638443422
"bivt",5e-04,10000,"0.05",TRUE,0.000367553391000931,-0.000249420578024721
"bivt",5e-04,10000,"0.1",TRUE,0.000332621258732827,-0.000221079263766447
"bivt",5e-04,10000,"0.01",TRUE,0.000462801127985107,-0.000280977724058909
"bivt",5e-04,10000,"0.05",TRUE,0.000549403695757953,-0.000281012322370473
"bivt",5e-04,10000,"0.1",TRUE,0.000526667441093096,-0.000265421975844439
"bivt",5e-04,10000,"0.01",TRUE,0.000688477467519243,-0.000301623990946936
"bivt",5e-04,10000,"0.05",TRUE,0.000398313704370599,-0.000305191256176472
"bivt",5e-04,10000,"0.1",TRUE,0.000355973523682528,-0.000291311358956776
"bivt",5e-04,10000,"0.01",TRUE,0.000567895514449475,-0.000331081377027088
"bivt",5e-04,10000,"0.05",TRUE,0.00043918013550571,-0.00031212252912736
"bivt",5e-04,10000,"0.1",TRUE,0.000390615489288142,-0.000277489211413679
"bivt",5e-04,10000,"0.01",TRUE,0.000545679828341232,-0.00033387808150712
"bivt",5e-04,10000,"0.05",TRUE,0.00102819617551027,-0.000334014860249446
"bivt",5e-04,10000,"0.1",TRUE,0.000754712579949282,-0.000311955070794155
"bivt",5e-04,10000,"0.01",TRUE,0.00112476892472697,-0.000343660963649444
"bivt",5e-04,10000,"0.05",TRUE,0.000364477339048152,-0.000263671482968477
"bivt",5e-04,10000,"0.1",TRUE,0.000260081310242756,-0.000243446857366721
"bivt",5e-04,10000,"0.01",TRUE,0.000490968220325013,-0.000295091801021039
"bivt",5e-04,10000,"0.05",TRUE,0.000519418550769155,-0.00025974141468437
"bivt",5e-04,10000,"0.1",TRUE,0.000415247573613979,-0.000247902973429267
"bivt",5e-04,10000,"0.01",TRUE,0.000687656148166573,-0.000284774839134847
"bivt",5e-04,10000,"0.05",TRUE,0.000415969302992043,-0.000294542069134473
"bivt",5e-04,10000,"0.1",TRUE,0.000351957230012258,-0.000284835855701144
"bivt",5e-04,10000,"0.01",TRUE,0.000565693186115434,-0.000308015496025171
"bivt",5e-04,10000,"0.05",TRUE,0.000428364660544915,-0.000273373267949514
"bivt",5e-04,10000,"0.1",TRUE,0.000413714466516733,-0.000262849822037766
"bivt",5e-04,10000,"0.01",TRUE,0.000571641756521439,-0.00029663458450222
"bivt",5e-04,10000,"0.05",TRUE,0.000386030645272401,-0.000268761333534997
"bivt",5e-04,10000,"0.1",TRUE,0.000283447352273885,-0.000260550440247357
"bivt",5e-04,10000,"0.01",TRUE,0.000457471685499496,-0.000300346059052381
"bivt",5e-04,10000,"0.05",TRUE,0.000769876380093598,-0.00032027468113087
"bivt",5e-04,10000,"0.1",FALSE,0.000598749474110716,-0.000303845405304181
"bivt",5e-04,10000,"0.01",TRUE,0.000866711293212379,-0.000356983321442143
"bivt",5e-04,10000,"0.05",TRUE,0.00035972229120421,-0.000237421720605699
"bivt",5e-04,10000,"0.1",TRUE,0.000278934494260889,-0.000229264397512797
"bivt",5e-04,10000,"0.01",TRUE,0.000453663382827506,-0.000280167520701987
"bivt",5e-04,10000,"0.05",TRUE,0.00115226437333959,-0.000343047567441024
"bivt",5e-04,10000,"0.1",TRUE,0.00091386095913047,-0.00033150457180122
"bivt",5e-04,10000,"0.01",TRUE,0.00131176801999543,-0.000366251627752436
"bivt",5e-04,10000,"0.05",TRUE,0.000367361927580945,-0.000238174930644704
"bivt",5e-04,10000,"0.1",FALSE,0.000283085394435103,-0.000225878194317019
"bivt",5e-04,10000,"0.01",TRUE,0.000427912021420479,-0.000267395992687446
"bivt",5e-04,10000,"0.05",TRUE,0.000821942618217513,-0.00030005133512454
"bivt",5e-04,10000,"0.1",TRUE,0.000644367173384901,-0.000294599312154922
"bivt",5e-04,10000,"0.01",TRUE,0.0010710946052727,-0.000332436928440968
"bivt",5e-04,10000,"0.05",TRUE,0.000335974273335401,-0.000278094748729967
"bivt",5e-04,10000,"0.1",TRUE,0.000290102898461344,-0.000253121298112387
"bivt",5e-04,10000,"0.01",TRUE,0.000443273025718096,-0.000313767940831162
"bivt",5e-04,10000,"0.05",TRUE,0.000456827313206506,-0.000306994028448085
"bivt",5e-04,10000,"0.1",TRUE,0.000406857021248249,-0.000291927218693712
"bivt",5e-04,10000,"0.01",TRUE,0.000913758511659557,-0.000322172884907301
"bivt",5e-04,10000,"0.05",TRUE,0.000397263638374418,-0.000256626615546308
"bivt",5e-04,10000,"0.1",TRUE,0.000332411726234308,-0.000248656705055051
"bivt",5e-04,10000,"0.01",TRUE,0.00054296167269336,-0.000275198753652145
"bivt",5e-04,10000,"0.05",TRUE,0.000332820271671701,-0.000279977184828546
"bivt",5e-04,10000,"0.1",TRUE,0.000265463682849337,-0.000272458687436131
"bivt",5e-04,10000,"0.01",TRUE,0.0005122907509816,-0.000297543017904105
"bivt",5e-04,10000,"0.05",TRUE,0.000441203852080282,-0.00026361061914108
"bivt",5e-04,10000,"0.1",TRUE,0.000359767454411667,-0.000248355791276427
"bivt",5e-04,10000,"0.01",TRUE,0.000569188773603922,-0.00029212065664966
"bivt",5e-04,10000,"0.05",TRUE,0.000512405850197269,-0.000299667411399647
"bivt",5e-04,10000,"0.1",TRUE,0.000469345207923158,-0.000284993283630342
"bivt",5e-04,10000,"0.01",TRUE,0.000810194098462036,-0.000327483393443578
"bivt",5e-04,10000,"0.05",TRUE,0.000389202825005239,-0.000250477115300261
"bivt",5e-04,10000,"0.1",TRUE,0.000330711584086685,-0.000239585523277227
"bivt",5e-04,10000,"0.01",TRUE,0.000501570823903066,-0.000290651990287297
"bivt",5e-04,10000,"0.05",TRUE,0.00047351977500069,-0.000283911135489032
"bivt",5e-04,10000,"0.1",TRUE,0.000419141245505925,-0.000276945349878264
"bivt",5e-04,10000,"0.01",TRUE,0.000604514881054795,-0.000303511595581749
"bivt",5e-04,10000,"0.05",TRUE,0.000542080755773012,-0.00030287037692659
"bivt",5e-04,10000,"0.1",TRUE,0.000437695959059577,-0.000289156743851451
"bivt",5e-04,10000,"0.01",TRUE,0.000807785866383845,-0.000320172023912017
"bivt",5e-04,10000,"0.05",TRUE,0.000549027890386768,-0.000255833773104425
"bivt",5e-04,10000,"0.1",TRUE,0.000464728519661091,-0.000241920709378094
"bivt",5e-04,10000,"0.01",TRUE,0.00068937898477978,-0.000296238289829085
"bivt",5e-04,10000,"0.05",TRUE,0.000450524729882283,-0.000269720427240069
"bivt",5e-04,10000,"0.1",TRUE,0.000384641908831422,-0.000252957850875904
"bivt",5e-04,10000,"0.01",TRUE,0.000644756784871645,-0.000291763096748404
"bivt",5e-04,10000,"0.05",TRUE,0.000621863098512477,-0.000267523752479159
"bivt",5e-04,10000,"0.1",TRUE,0.000489254042404699,-0.000251462907321532
"bivt",5e-04,10000,"0.01",TRUE,0.000797317895363018,-0.000296781959046837
"bivt",5e-04,10000,"0.05",TRUE,0.000404465468479858,-0.000263115691998145
"bivt",5e-04,10000,"0.1",TRUE,0.000335480524159939,-0.00025401044296987
"bivt",5e-04,10000,"0.01",TRUE,0.000694529674741681,-0.000297230374544848
"bivt",5e-04,10000,"0.05",TRUE,0.00074440058087755,-0.00031617334629668
"bivt",5e-04,10000,"0.1",TRUE,0.000582479818593052,-0.000300221093052286
"bivt",5e-04,10000,"0.01",TRUE,0.00107511061526131,-0.000328389392778517
"bivt",5e-04,10000,"0.05",TRUE,0.00111644526098164,-0.000267677167739014
"bivt",5e-04,10000,"0.1",TRUE,0.000909474960493983,-0.000257315860270812
"bivt",5e-04,10000,"0.01",TRUE,0.00161392478492362,-0.000308504343175392
"bivt",5e-04,10000,"0.05",TRUE,0.00047637596421623,-0.000285747324650669
"bivt",5e-04,10000,"0.1",TRUE,0.000380241542657316,-0.000283684016931047
"bivt",5e-04,10000,"0.01",TRUE,0.000617986556249964,-0.000315402520411309
"bivt",5e-04,10000,"0.05",TRUE,0.000409474013291061,-0.000277808862685887
"bivt",5e-04,10000,"0.1",TRUE,0.000335385919188678,-0.000262092811359649
"bivt",5e-04,10000,"0.01",TRUE,0.000558922279329761,-0.00030244851261958
"bivt",5e-04,10000,"0.05",TRUE,0.000701915584823691,-0.000266959259447249
"bivt",5e-04,10000,"0.1",TRUE,0.000648588263359937,-0.000251791782692465
"bivt",5e-04,10000,"0.01",TRUE,0.000906605528834083,-0.000293713498751039
"bivt",5e-04,10000,"0.05",TRUE,0.000834473962055902,-0.000260234176811737
"bivt",5e-04,10000,"0.1",TRUE,0.000655324248626315,-0.000259139995477288
"bivt",5e-04,10000,"0.01",TRUE,0.00119899552871026,-0.000286612052284291
"bivt",5e-04,10000,"0.05",TRUE,0.000450158233503454,-0.000245383887148576
"bivt",5e-04,10000,"0.1",TRUE,0.000345076699510512,-0.000230337282722554
"bivt",5e-04,10000,"0.01",TRUE,0.000617668386334939,-0.000272946699672577
"bivt",5e-04,10000,"0.05",TRUE,0.000351142663252719,-0.0003000716096489
"bivt",5e-04,10000,"0.1",TRUE,0.000308545205620708,-0.000271729863236032
"bivt",5e-04,10000,"0.01",TRUE,0.000425172823189737,-0.000312309818108244
"bivt",5e-04,10000,"0.05",TRUE,0.000471070327881167,-0.000303950071513287
"bivt",5e-04,10000,"0.1",TRUE,0.000320334452515968,-0.000293447172286347
"bivt",5e-04,10000,"0.01",TRUE,0.00068873352161273,-0.000328850085190268
"bivt",5e-04,10000,"0.05",TRUE,0.000350693142175366,-0.000274572974912435
"bivt",5e-04,10000,"0.1",TRUE,0.000317387924743388,-0.000261474004539124
"bivt",5e-04,10000,"0.01",TRUE,0.000557053981993894,-0.000303099594834535
"bivt",5e-04,10000,"0.05",TRUE,0.00050070747661885,-0.000284899294020772
"bivt",5e-04,10000,"0.1",TRUE,0.000432833668152463,-0.000276536557591431
"bivt",5e-04,10000,"0.01",TRUE,0.000702146735165793,-0.000320003884886076
"bivt",5e-04,10000,"0.05",TRUE,0.000527260584165536,-0.000299064927354268
"bivt",5e-04,10000,"0.1",TRUE,0.000467198186715178,-0.00028238644127268
"bivt",5e-04,10000,"0.01",TRUE,0.000753079633656245,-0.000329008218088689
"bivt",5e-04,10000,"0.05",TRUE,0.000704498782078475,-0.000284813981655229
"bivt",5e-04,10000,"0.1",TRUE,0.000523096474426661,-0.000265529998075823
"bivt",5e-04,10000,"0.01",TRUE,0.000828497629450376,-0.000315883653025912
"bivt",5e-04,10000,"0.05",TRUE,0.00040615099620005,-0.000288507619564482
"bivt",5e-04,10000,"0.1",TRUE,0.000352907286187137,-0.000272705185626864
"bivt",5e-04,10000,"0.01",TRUE,0.000675999487911169,-0.000303129546544134
"bivt",5e-04,10000,"0.05",TRUE,0.000913292057154479,-0.000295102449971351
"bivt",5e-04,10000,"0.1",TRUE,0.000753328186969459,-0.000273677984063065
"bivt",5e-04,10000,"0.01",TRUE,0.00127305989788971,-0.000334834420742128
"bivt",5e-04,10000,"0.05",TRUE,0.000446261808587875,-0.000263016199878932
"bivt",5e-04,10000,"0.1",TRUE,0.000331887662488577,-0.000245782115481578
"bivt",5e-04,10000,"0.01",TRUE,0.000736444245230817,-0.00029725382172444
"bivt",5e-04,10000,"0.05",TRUE,0.000803327815011694,-0.000304671305877011
"bivt",5e-04,10000,"0.1",TRUE,0.000714678900306873,-0.000277967624915603
"bivt",5e-04,10000,"0.01",TRUE,0.001160548819412,-0.000321508167134004
"bivt",5e-04,10000,"0.05",TRUE,0.000366147116549041,-0.000267682367457775
"bivt",5e-04,10000,"0.1",TRUE,0.000324535273114152,-0.000255424347622153
"bivt",5e-04,10000,"0.01",TRUE,0.000577248818146987,-0.000290576417281754
"bivt",5e-04,10000,"0.05",TRUE,0.000279198858386987,-0.000264744189321345
"bivt",5e-04,10000,"0.1",TRUE,0.000260584456756983,-0.000248133365081697
"bivt",5e-04,10000,"0.01",TRUE,0.000379390262020937,-0.000286792620262895
"bivt",5e-04,10000,"0.05",TRUE,0.000540618487427422,-0.000296497187283308
"bivt",5e-04,10000,"0.1",FALSE,0.00048013951165501,-0.000271775570092276
"bivt",5e-04,10000,"0.01",TRUE,0.000796050400883263,-0.000322299089860592
"bivt",5e-04,10000,"0.05",TRUE,0.000789735399945226,-0.000302531378884458
"bivt",5e-04,10000,"0.1",TRUE,0.000660784268608195,-0.000288651387204873
"bivt",5e-04,10000,"0.01",TRUE,0.000871954477819976,-0.000324984902698779
"bivt",5e-04,10000,"0.05",TRUE,0.000691301504701582,-0.000344857224235309
"bivt",5e-04,10000,"0.1",TRUE,0.00065763805742882,-0.000327116429371774
"bivt",5e-04,10000,"0.01",TRUE,0.00132447128333001,-0.000357488934975728
"bivt",5e-04,10000,"0.05",TRUE,0.000481619654190797,-0.000263981287451257
"bivt",5e-04,10000,"0.1",TRUE,0.000389441963546893,-0.000250938323189121
"bivt",5e-04,10000,"0.01",TRUE,0.000719792251834237,-0.000291029187803051
"bivt",5e-04,10000,"0.05",TRUE,0.000598495988333994,-0.000293795021924369
"bivt",5e-04,10000,"0.1",TRUE,0.000485015664630772,-0.000283097851646777
"bivt",5e-04,10000,"0.01",TRUE,0.00111863314931605,-0.000317344205692583
"bivt",5e-04,10000,"0.05",TRUE,0.000599998607820997,-0.000289251417994407
"bivt",5e-04,10000,"0.1",TRUE,0.000455995981748669,-0.000284565160482316
"bivt",5e-04,10000,"0.01",TRUE,0.000799435163556071,-0.000312577574683889
"bivt",5e-04,10000,"0.05",TRUE,0.000497957532242598,-0.000250821657221397
"bivt",5e-04,10000,"0.1",TRUE,0.000403515660955397,-0.000234028900034938
"bivt",5e-04,10000,"0.01",TRUE,0.000824640903535409,-0.000273932078911844
"bivt",5e-04,10000,"0.05",TRUE,0.000489688935067284,-0.000283875715614135
"bivt",5e-04,10000,"0.1",TRUE,0.000346363012858338,-0.000267193118311929
"bivt",5e-04,10000,"0.01",TRUE,0.000608341517399384,-0.000310221493429124
"bivt",5e-04,10000,"0.05",TRUE,0.000571284272310503,-0.000270384279689123
"bivt",5e-04,10000,"0.1",TRUE,0.000544525602148528,-0.000249732862169556
"bivt",5e-04,10000,"0.01",TRUE,0.000856373244191792,-0.000292636194893353
"bivt",5e-04,10000,"0.05",TRUE,0.00074317486814785,-0.000272226270461039
"bivt",5e-04,10000,"0.1",TRUE,0.000723844667825313,-0.000259035978456173
"bivt",5e-04,10000,"0.01",TRUE,0.000867461763228123,-0.000313135415248438
"bivt",5e-04,10000,"0.05",TRUE,0.000461658139954678,-0.000264474569016645
"bivt",5e-04,10000,"0.1",TRUE,0.000427371760764743,-0.000244653467848558
"bivt",5e-04,10000,"0.01",TRUE,0.000667354740992207,-0.000299633166939677
"bivt",5e-04,10000,"0.05",TRUE,0.00047991080814324,-0.000256177289155867
"bivt",5e-04,10000,"0.1",TRUE,0.000388631853378999,-0.000246042500187723
"bivt",5e-04,10000,"0.01",TRUE,0.000546675518446125,-0.000282600054443344
"bivt",5e-04,10000,"0.05",TRUE,0.000485896940169188,-0.000299952489750745
"bivt",5e-04,10000,"0.1",TRUE,0.000437449660611457,-0.000279878717776579
"bivt",5e-04,10000,"0.01",TRUE,0.000711666012970397,-0.00032647767323201
"bivt",5e-04,10000,"0.05",TRUE,0.000654901086031854,-0.00033112836833579
"bivt",5e-04,10000,"0.1",TRUE,0.000572127679486715,-0.000305477959852917
"bivt",5e-04,10000,"0.01",TRUE,0.000889132635856625,-0.000353751037319275
"bivt",5e-04,10000,"0.05",TRUE,0.000604229016017981,-0.000272413712991774
"bivt",5e-04,10000,"0.1",TRUE,0.000523278274435374,-0.000254761649169887
"bivt",5e-04,10000,"0.01",TRUE,0.000717726350103351,-0.000294388525604321
"bivt",5e-04,10000,"0.05",TRUE,0.000462977746370273,-0.000271682267253988
"bivt",5e-04,10000,"0.1",TRUE,0.000447333453054154,-0.000233340455963077
"bivt",5e-04,10000,"0.01",TRUE,0.000595181393026179,-0.000284981915585773
"bivt",5e-04,10000,"0.05",TRUE,0.000443567641235997,-0.000270803682719546
"bivt",5e-04,10000,"0.1",TRUE,0.000387478945246505,-0.000260559748274318
"bivt",5e-04,10000,"0.01",TRUE,0.000682433221279336,-0.000283512871496804
"bivt",5e-04,10000,"0.05",TRUE,0.000410741287451439,-0.000274387338434753
"bivt",5e-04,10000,"0.1",TRUE,0.000329221446640758,-0.000259572785061347
"bivt",5e-04,10000,"0.01",TRUE,0.000658494041952145,-0.00031491195773331
"bivt",5e-04,10000,"0.05",TRUE,0.000502809192053009,-0.000256583071564474
"bivt",5e-04,10000,"0.1",TRUE,0.000472400349096443,-0.000240704666855814
"bivt",5e-04,10000,"0.01",TRUE,0.000738043550491252,-0.000283930234856832
"bivt",5e-04,10000,"0.05",TRUE,0.000548890043869956,-0.000290533103334818
"bivt",5e-04,10000,"0.1",TRUE,0.000423123972442301,-0.000266146276870014
"bivt",5e-04,10000,"0.01",TRUE,0.000858016638158045,-0.000306933738515247
"bivt",5e-04,10000,"0.05",TRUE,0.000668634812427722,-0.000284687903766509
"bivt",5e-04,10000,"0.1",TRUE,0.000530629428929535,-0.000276138492643552
"bivt",5e-04,10000,"0.01",TRUE,0.000997466454013005,-0.000329108069985712
"bivt",5e-04,10000,"0.05",TRUE,0.000493642038359514,-0.00026527481900758
"bivt",5e-04,10000,"0.1",TRUE,0.000368266075128235,-0.00025293787478399
"bivt",5e-04,10000,"0.01",TRUE,0.000682297880396793,-0.000313260315307663
"bivt",5e-04,10000,"0.05",TRUE,0.000725653845048786,-0.000283529288126209
"bivt",5e-04,10000,"0.1",TRUE,0.000619878677818535,-0.000263782759059868
"bivt",5e-04,10000,"0.01",TRUE,0.000866562175923281,-0.000301537796880323
"bivt",5e-04,10000,"0.05",TRUE,0.000304447558465562,-0.000297352651414531
"bivt",5e-04,10000,"0.1",TRUE,0.000281224725186911,-0.000270218160932722
"bivt",5e-04,10000,"0.01",TRUE,0.000416224004484619,-0.000311976009149996
"bivt",5e-04,10000,"0.05",TRUE,0.000543604495252047,-0.000301938542434731
"bivt",5e-04,10000,"0.1",TRUE,0.000467582144158539,-0.000284776837876887
"bivt",5e-04,10000,"0.01",TRUE,0.000800633062673156,-0.000335363017104342
"bivt",5e-04,10000,"0.05",TRUE,0.000553784403671135,-0.00027624926806986
"bivt",5e-04,10000,"0.1",TRUE,0.000455714976723795,-0.000251102909344851
"bivt",5e-04,10000,"0.01",TRUE,0.000657559389626143,-0.000320973085685575
"bivt",5e-04,10000,"0.05",TRUE,0.000426453789215944,-0.00028082337660419
"bivt",5e-04,10000,"0.1",TRUE,0.000383000800096591,-0.000258946369822342
"bivt",5e-04,10000,"0.01",TRUE,0.000566192850310298,-0.000300582332467259
"bivt",5e-04,10000,"0.05",TRUE,0.000561666962735492,-0.00026083070932393
"bivt",5e-04,10000,"0.1",TRUE,0.00049181245096129,-0.000252054683602066
"bivt",5e-04,10000,"0.01",TRUE,0.000726767936742961,-0.000290339684898873
"bivt",5e-04,10000,"0.05",TRUE,0.000424773500765363,-0.000290041375556405
"bivt",5e-04,10000,"0.1",TRUE,0.000364309107293237,-0.000272366841170769
"bivt",5e-04,10000,"0.01",TRUE,0.000571669221911612,-0.000333169692527238
"bivt",5e-04,10000,"0.05",TRUE,0.000495697080512412,-0.00028310147399786
"bivt",5e-04,10000,"0.1",TRUE,0.000444486444929936,-0.000263173491119832
"bivt",5e-04,10000,"0.01",TRUE,0.000906702716094544,-0.00030112167165741
"bivt",5e-04,10000,"0.05",TRUE,0.000370834084213392,-0.000277179507541392
"bivt",5e-04,10000,"0.1",TRUE,0.000316676235850235,-0.000265569515492304
"bivt",5e-04,10000,"0.01",TRUE,0.000474676480800035,-0.000289785670813585
"bivt",5e-04,10000,"0.05",TRUE,0.000534743758737044,-0.000260570308669845
"bivt",5e-04,10000,"0.1",TRUE,0.000526505587031089,-0.000235575392138193
"bivt",5e-04,10000,"0.01",TRUE,0.000784346326963486,-0.000299572134047142
"bivt",5e-04,10000,"0.05",TRUE,0.000956138925552405,-0.000294403721723993
"bivt",5e-04,10000,"0.1",TRUE,0.000719707706811164,-0.000275106468060399
"bivt",5e-04,10000,"0.01",TRUE,0.00117547024739756,-0.000330074292497562
"bivt",1e-04,50000,"0.05",TRUE,7.53196379949087e-05,-4.87722642346082e-05
"bivt",1e-04,50000,"0.1",TRUE,5.53649617885814e-05,-4.32411059768712e-05
"bivt",1e-04,50000,"0.01",TRUE,9.33579660821294e-05,-5.53906576691163e-05
"bivt",1e-04,50000,"0.05",TRUE,8.43981710608877e-05,-4.7962476499277e-05
"bivt",1e-04,50000,"0.1",TRUE,7.70919685395425e-05,-4.44905753078194e-05
"bivt",1e-04,50000,"0.01",TRUE,0.000112056587440649,-5.17335281872413e-05
"bivt",1e-04,50000,"0.05",TRUE,9.84004644502751e-05,-4.76596503494169e-05
"bivt",1e-04,50000,"0.1",TRUE,8.40799186970594e-05,-4.61776656376586e-05
"bivt",1e-04,50000,"0.01",TRUE,0.00013734039761902,-5.2359828000478e-05
"bivt",1e-04,50000,"0.05",TRUE,6.45911247544281e-05,-4.30140190071101e-05
"bivt",1e-04,50000,"0.1",TRUE,5.75491170082724e-05,-4.07919392071264e-05
"bivt",1e-04,50000,"0.01",TRUE,8.37814106462879e-05,-5.08677029358847e-05
"bivt",1e-04,50000,"0.05",TRUE,9.09315497097279e-05,-4.27420920647603e-05
"bivt",1e-04,50000,"0.1",TRUE,6.57363546750604e-05,-3.98709766359976e-05
"bivt",1e-04,50000,"0.01",TRUE,0.000111981343888538,-4.97767493238803e-05
"bivt",1e-04,50000,"0.05",TRUE,6.90401549441505e-05,-4.31758109805311e-05
"bivt",1e-04,50000,"0.1",TRUE,5.50209022560155e-05,-4.08998492139716e-05
"bivt",1e-04,50000,"0.01",TRUE,8.6236518415832e-05,-4.92929106042328e-05
"bivt",1e-04,50000,"0.05",TRUE,5.93715956107535e-05,-4.42025133360717e-05
"bivt",1e-04,50000,"0.1",TRUE,5.19834465181491e-05,-4.16865966806257e-05
"bivt",1e-04,50000,"0.01",TRUE,7.98102532244885e-05,-5.20530243748759e-05
"bivt",1e-04,50000,"0.05",TRUE,7.60346977883578e-05,-5.26694748881881e-05
"bivt",1e-04,50000,"0.1",TRUE,6.46360396931626e-05,-4.65588131217121e-05
"bivt",1e-04,50000,"0.01",TRUE,9.17078062056267e-05,-5.55752322919728e-05
"bivt",1e-04,50000,"0.05",TRUE,7.6800023914475e-05,-4.43369917041447e-05
"bivt",1e-04,50000,"0.1",TRUE,6.73872232970421e-05,-4.25550822436484e-05
"bivt",1e-04,50000,"0.01",TRUE,0.000110997854976325,-5.0314668648358e-05
"bivt",1e-04,50000,"0.05",TRUE,6.89106064590137e-05,-4.4277475945511e-05
"bivt",1e-04,50000,"0.1",TRUE,5.32263425132743e-05,-4.11401477905992e-05
"bivt",1e-04,50000,"0.01",TRUE,9.28701256844448e-05,-5.08494530415913e-05
"bivt",1e-04,50000,"0.05",TRUE,5.53825839584616e-05,-4.17945522958196e-05
"bivt",1e-04,50000,"0.1",TRUE,4.45812007493373e-05,-3.72661758892339e-05
"bivt",1e-04,50000,"0.01",TRUE,7.49676007987802e-05,-4.73827775697944e-05
"bivt",1e-04,50000,"0.05",TRUE,6.49233584859653e-05,-4.10166614379044e-05
"bivt",1e-04,50000,"0.1",TRUE,5.57504020617724e-05,-3.75148486350221e-05
"bivt",1e-04,50000,"0.01",TRUE,8.52485589354088e-05,-4.54215024785188e-05
"bivt",1e-04,50000,"0.05",TRUE,5.64210635327739e-05,-4.53131298862432e-05
"bivt",1e-04,50000,"0.1",TRUE,4.96986744727599e-05,-4.17457191172924e-05
"bivt",1e-04,50000,"0.01",TRUE,6.88333913548606e-05,-5.02020946352391e-05
"bivt",1e-04,50000,"0.05",TRUE,6.64903551085228e-05,-4.21265199192877e-05
"bivt",1e-04,50000,"0.1",TRUE,5.22732795628282e-05,-3.84270031905533e-05
"bivt",1e-04,50000,"0.01",TRUE,8.48257304907362e-05,-4.7592004107934e-05
"bivt",1e-04,50000,"0.05",TRUE,4.55757322698612e-05,-4.22607895190534e-05
"bivt",1e-04,50000,"0.1",TRUE,4.46979157176634e-05,-3.94031554593198e-05
"bivt",1e-04,50000,"0.01",TRUE,6.41671354611456e-05,-4.8742908737563e-05
"bivt",1e-04,50000,"0.05",TRUE,8.30870655766805e-05,-4.96374899230432e-05
"bivt",1e-04,50000,"0.1",TRUE,7.08865570471051e-05,-4.74973372439971e-05
"bivt",1e-04,50000,"0.01",TRUE,0.000104139310764934,-5.50992697791719e-05
"bivt",1e-04,50000,"0.05",TRUE,5.61728674674987e-05,-4.16010983840783e-05
"bivt",1e-04,50000,"0.1",TRUE,5.56066745924917e-05,-3.91992336604843e-05
"bivt",1e-04,50000,"0.01",TRUE,7.67720026267858e-05,-4.73017376958135e-05
"bivt",1e-04,50000,"0.05",TRUE,8.86509468652137e-05,-4.5264544089799e-05
"bivt",1e-04,50000,"0.1",TRUE,6.92017062980403e-05,-4.19744712861246e-05
"bivt",1e-04,50000,"0.01",TRUE,0.000116093140677301,-5.14186124627309e-05
"bivt",1e-04,50000,"0.05",TRUE,4.43749416359689e-05,-4.50282844143075e-05
"bivt",1e-04,50000,"0.1",TRUE,4.05705121776487e-05,-4.04369151685858e-05
"bivt",1e-04,50000,"0.01",TRUE,5.90634377934115e-05,-5.34120818560319e-05
"bivt",1e-04,50000,"0.05",TRUE,6.01742481310623e-05,-4.94667870623725e-05
"bivt",1e-04,50000,"0.1",TRUE,5.47728282585635e-05,-4.56554707111195e-05
"bivt",1e-04,50000,"0.01",TRUE,8.62527881698953e-05,-5.41459711767552e-05
"bivt",1e-04,50000,"0.05",TRUE,7.94734062412469e-05,-4.00519848820664e-05
"bivt",1e-04,50000,"0.1",TRUE,6.26464299766675e-05,-3.60398154643026e-05
"bivt",1e-04,50000,"0.01",TRUE,0.000104930369802229,-4.33127620914835e-05
"bivt",1e-04,50000,"0.05",TRUE,6.35291298307381e-05,-4.23411961848496e-05
"bivt",1e-04,50000,"0.1",TRUE,4.79670366390416e-05,-4.01752118662695e-05
"bivt",1e-04,50000,"0.01",TRUE,7.36804138793924e-05,-4.71551841155916e-05
"bivt",1e-04,50000,"0.05",TRUE,8.0455137399914e-05,-4.99908888644607e-05
"bivt",1e-04,50000,"0.1",TRUE,6.32563851117477e-05,-4.43061843478262e-05
"bivt",1e-04,50000,"0.01",TRUE,0.000128906423296057,-5.27167828082231e-05
"bivt",1e-04,50000,"0.05",TRUE,6.70441296695419e-05,-4.13761453274487e-05
"bivt",1e-04,50000,"0.1",TRUE,5.25294959603354e-05,-3.88146699395977e-05
"bivt",1e-04,50000,"0.01",TRUE,8.3655443817026e-05,-4.74622199999824e-05
"bivt",1e-04,50000,"0.05",TRUE,6.33863528181146e-05,-4.80210972704697e-05
"bivt",1e-04,50000,"0.1",TRUE,5.55761389737072e-05,-4.48071132587631e-05
"bivt",1e-04,50000,"0.01",TRUE,7.92404887974329e-05,-5.42581702537227e-05
"bivt",1e-04,50000,"0.05",TRUE,8.43033014953416e-05,-4.57425929213232e-05
"bivt",1e-04,50000,"0.1",TRUE,6.932413730407e-05,-4.34916619100825e-05
"bivt",1e-04,50000,"0.01",TRUE,0.000108532748925368,-4.94954420735675e-05
"bivt",1e-04,50000,"0.05",TRUE,7.49624142160502e-05,-5.268496666744e-05
"bivt",1e-04,50000,"0.1",TRUE,6.00207388694245e-05,-4.6040812775889e-05
"bivt",1e-04,50000,"0.01",TRUE,9.50726583898577e-05,-5.5930843395782e-05
"bivt",1e-04,50000,"0.05",TRUE,6.76575682991119e-05,-4.09919279540958e-05
"bivt",1e-04,50000,"0.1",TRUE,5.48482110983067e-05,-3.96274376902662e-05
"bivt",1e-04,50000,"0.01",TRUE,8.71554142362355e-05,-4.6358739356145e-05
"bivt",1e-04,50000,"0.05",TRUE,7.3108035189617e-05,-4.40054074362671e-05
"bivt",1e-04,50000,"0.1",TRUE,5.76877037000551e-05,-4.10800723188313e-05
"bivt",1e-04,50000,"0.01",TRUE,9.34157635800573e-05,-5.06913870954865e-05
"bivt",1e-04,50000,"0.05",TRUE,8.99638910086847e-05,-5.09338419926085e-05
"bivt",1e-04,50000,"0.1",TRUE,7.03540210127547e-05,-4.79792220738425e-05
"bivt",1e-04,50000,"0.01",TRUE,0.000123118385360228,-5.58496992844597e-05
"bivt",1e-04,50000,"0.05",TRUE,7.18589496504936e-05,-4.81222939306191e-05
"bivt",1e-04,50000,"0.1",TRUE,5.94052919359664e-05,-4.47367398351293e-05
"bivt",1e-04,50000,"0.01",TRUE,0.000107764526043064,-5.56585640229833e-05
"bivt",1e-04,50000,"0.05",TRUE,5.4558848005855e-05,-5.07930629485727e-05
"bivt",1e-04,50000,"0.1",TRUE,4.50927804212058e-05,-4.63530818851183e-05
"bivt",1e-04,50000,"0.01",TRUE,7.7865002543663e-05,-5.27445956797567e-05
"bivt",1e-04,50000,"0.05",TRUE,6.87575644805972e-05,-4.62330599848011e-05
"bivt",1e-04,50000,"0.1",TRUE,5.94908680885457e-05,-4.28415501486095e-05
"bivt",1e-04,50000,"0.01",TRUE,8.932046102518e-05,-5.24412731753527e-05
"bivt",1e-04,50000,"0.05",TRUE,8.37994117200151e-05,-4.68373829660578e-05
"bivt",1e-04,50000,"0.1",TRUE,7.52430800462329e-05,-4.28548936339009e-05
"bivt",1e-04,50000,"0.01",TRUE,0.000128029171256127,-5.08316758611316e-05
"bivt",1e-04,50000,"0.05",TRUE,6.51392610798971e-05,-4.55948246227439e-05
"bivt",1e-04,50000,"0.1",TRUE,5.67543043818781e-05,-4.39800369040903e-05
"bivt",1e-04,50000,"0.01",TRUE,8.70805213206776e-05,-5.17804310389558e-05
"bivt",1e-04,50000,"0.05",TRUE,8.25121770460235e-05,-4.80727502768331e-05
"bivt",1e-04,50000,"0.1",TRUE,7.01915725531828e-05,-4.61277501298773e-05
"bivt",1e-04,50000,"0.01",TRUE,0.000102732380520858,-5.35244976955044e-05
"bivt",1e-04,50000,"0.05",TRUE,7.59096160563107e-05,-4.63927863836502e-05
"bivt",1e-04,50000,"0.1",TRUE,6.74686921239481e-05,-4.46091255517498e-05
"bivt",1e-04,50000,"0.01",TRUE,9.0370929745544e-05,-5.33995241749206e-05
"bivt",1e-04,50000,"0.05",TRUE,9.40962479865084e-05,-4.4979253261283e-05
"bivt",1e-04,50000,"0.1",TRUE,8.20814446052781e-05,-4.30344546792935e-05
"bivt",1e-04,50000,"0.01",TRUE,0.000114131245798087,-5.01023737662544e-05
"bivt",1e-04,50000,"0.05",TRUE,9.60353322328115e-05,-5.20268498714075e-05
"bivt",1e-04,50000,"0.1",FALSE,6.97650366703905e-05,-4.89399335782431e-05
"bivt",1e-04,50000,"0.01",TRUE,0.000164103977535651,-5.81178961029182e-05
"bivt",1e-04,50000,"0.05",TRUE,9.33688284518239e-05,-4.84788500740618e-05
"bivt",1e-04,50000,"0.1",TRUE,8.44003325111202e-05,-4.62334402729614e-05
"bivt",1e-04,50000,"0.01",TRUE,0.000126759786518456,-5.35838973244656e-05
"bivt",1e-04,50000,"0.05",TRUE,8.93935216488537e-05,-4.68758499732662e-05
"bivt",1e-04,50000,"0.1",TRUE,6.38339819507818e-05,-4.4936894040983e-05
"bivt",1e-04,50000,"0.01",TRUE,0.000116108904894616,-5.16747763533679e-05
"bivt",1e-04,50000,"0.05",TRUE,6.22385042369308e-05,-4.96990824092516e-05
"bivt",1e-04,50000,"0.1",TRUE,5.67280247439457e-05,-4.89450765294484e-05
"bivt",1e-04,50000,"0.01",TRUE,7.9581843548468e-05,-5.39040480650965e-05
"bivt",1e-04,50000,"0.05",TRUE,8.18951316714694e-05,-5.05260547229063e-05
"bivt",1e-04,50000,"0.1",TRUE,7.30999118218618e-05,-4.5592433294241e-05
"bivt",1e-04,50000,"0.01",TRUE,0.000116111588586864,-5.54968184006335e-05
"bivt",1e-04,50000,"0.05",TRUE,9.18593819319042e-05,-4.42203138234929e-05
"bivt",1e-04,50000,"0.1",TRUE,6.7409009156703e-05,-4.28031607798121e-05
"bivt",1e-04,50000,"0.01",TRUE,0.000109052353423367,-4.90480265041306e-05
"bivt",1e-04,50000,"0.05",TRUE,5.7888166693351e-05,-4.54514935348954e-05
"bivt",1e-04,50000,"0.1",TRUE,4.59105600518485e-05,-4.24722072193509e-05
"bivt",1e-04,50000,"0.01",TRUE,8.25833555851357e-05,-5.17290428353714e-05
"bivt",1e-04,50000,"0.05",TRUE,8.50188563692118e-05,-4.62363041131282e-05
"bivt",1e-04,50000,"0.1",TRUE,6.89444629004926e-05,-4.46414069360775e-05
"bivt",1e-04,50000,"0.01",TRUE,0.000130690835659824,-4.95674715390624e-05
"bivt",1e-04,50000,"0.05",TRUE,8.98322850123042e-05,-4.47867827863943e-05
"bivt",1e-04,50000,"0.1",TRUE,7.21535055262143e-05,-4.17141470836368e-05
"bivt",1e-04,50000,"0.01",TRUE,0.000105266648316792,-4.87810094914823e-05
"bivt",1e-04,50000,"0.05",TRUE,5.74700573688708e-05,-4.63648728812359e-05
"bivt",1e-04,50000,"0.1",TRUE,4.7595653003904e-05,-4.09083845498929e-05
"bivt",1e-04,50000,"0.01",TRUE,7.81555054924899e-05,-5.05250775397465e-05
"bivt",1e-04,50000,"0.05",TRUE,6.76075351844927e-05,-4.33081000308826e-05
"bivt",1e-04,50000,"0.1",TRUE,6.47020514066536e-05,-4.17425873717779e-05
"bivt",1e-04,50000,"0.01",TRUE,0.000102678748825094,-4.68304067702602e-05
"bivt",1e-04,50000,"0.05",TRUE,8.59419318372768e-05,-4.95384263039086e-05
"bivt",1e-04,50000,"0.1",TRUE,6.82200591384843e-05,-4.80577049851129e-05
"bivt",1e-04,50000,"0.01",TRUE,9.51182547918845e-05,-5.30405070583466e-05
"bivt",1e-04,50000,"0.05",TRUE,5.89868303408912e-05,-4.10637659169698e-05
"bivt",1e-04,50000,"0.1",TRUE,4.87438177756838e-05,-3.80328374734787e-05
"bivt",1e-04,50000,"0.01",TRUE,7.73806612667521e-05,-4.46282468981564e-05
"bivt",1e-04,50000,"0.05",TRUE,6.64905816218847e-05,-5.15763414896633e-05
"bivt",1e-04,50000,"0.1",TRUE,5.39605416379633e-05,-4.77586164051466e-05
"bivt",1e-04,50000,"0.01",TRUE,9.05572461693493e-05,-5.61583637095084e-05
"bivt",1e-04,50000,"0.05",TRUE,6.99228065031256e-05,-4.28772464215702e-05
"bivt",1e-04,50000,"0.1",TRUE,5.61945190392158e-05,-4.01918564918246e-05
"bivt",1e-04,50000,"0.01",TRUE,0.000102380106968534,-4.92107969309356e-05
"bivt",1e-04,50000,"0.05",TRUE,7.86064410693397e-05,-4.48326337254132e-05
"bivt",1e-04,50000,"0.1",TRUE,6.91907761071237e-05,-4.25371904405898e-05
"bivt",1e-04,50000,"0.01",TRUE,0.000100289556230648,-4.95818717641237e-05
"bivt",1e-04,50000,"0.05",TRUE,6.04380515858331e-05,-4.66073811450911e-05
"bivt",1e-04,50000,"0.1",TRUE,5.54667433754165e-05,-4.40217970403213e-05
"bivt",1e-04,50000,"0.01",TRUE,8.06692851023908e-05,-4.80318594477337e-05
"bivt",1e-04,50000,"0.05",TRUE,8.7482318795742e-05,-4.93857160436389e-05
"bivt",1e-04,50000,"0.1",TRUE,6.36099571765566e-05,-4.54262125601479e-05
"bivt",1e-04,50000,"0.01",TRUE,0.000112445610484089,-5.23483036213213e-05
"bivt",1e-04,50000,"0.05",TRUE,7.32662230253807e-05,-4.53202773588863e-05
"bivt",1e-04,50000,"0.1",TRUE,5.92534479349743e-05,-4.32625222393645e-05
"bivt",1e-04,50000,"0.01",TRUE,0.000102875637383369,-5.18810192643956e-05
"bivt",1e-04,50000,"0.05",TRUE,6.99689216895886e-05,-4.21043835301405e-05
"bivt",1e-04,50000,"0.1",TRUE,5.88641194221419e-05,-3.79953721363583e-05
"bivt",1e-04,50000,"0.01",TRUE,8.5150722986426e-05,-4.80885932607504e-05
"bivt",1e-04,50000,"0.05",TRUE,7.48296209972588e-05,-4.52345114473114e-05
"bivt",1e-04,50000,"0.1",TRUE,6.08579840417321e-05,-4.2915167412437e-05
"bivt",1e-04,50000,"0.01",TRUE,9.26111203960463e-05,-5.05502408584327e-05
"bivt",1e-04,50000,"0.05",TRUE,6.9821914917695e-05,-4.58904355349899e-05
"bivt",1e-04,50000,"0.1",TRUE,5.57540383386644e-05,-4.32080852511502e-05
"bivt",1e-04,50000,"0.01",TRUE,7.77674612736795e-05,-5.13844888930218e-05
"bivt",1e-04,50000,"0.05",TRUE,7.16863656850106e-05,-5.11994600307488e-05
"bivt",1e-04,50000,"0.1",TRUE,6.44151766607686e-05,-4.82568203774128e-05
"bivt",1e-04,50000,"0.01",TRUE,8.10311032128028e-05,-5.81921878071922e-05
"bivt",1e-04,50000,"0.05",TRUE,6.76540677286935e-05,-4.81360170823643e-05
"bivt",1e-04,50000,"0.1",TRUE,5.92636717625042e-05,-4.46978651346732e-05
"bivt",1e-04,50000,"0.01",TRUE,9.60542701269731e-05,-5.10421058728259e-05
"bivt",1e-04,50000,"0.05",TRUE,6.48255472520823e-05,-4.12175466262126e-05
"bivt",1e-04,50000,"0.1",TRUE,5.68258977845383e-05,-3.88892999166074e-05
"bivt",1e-04,50000,"0.01",TRUE,9.05664309832557e-05,-4.48159261184416e-05
"bivt",1e-04,50000,"0.05",TRUE,8.62509182239921e-05,-4.84626593544494e-05
"bivt",1e-04,50000,"0.1",TRUE,7.24740362155803e-05,-4.55218329202445e-05
"bivt",1e-04,50000,"0.01",TRUE,0.000114944260508182,-5.12914072038113e-05
"bivt",1e-04,50000,"0.05",TRUE,5.71406415505261e-05,-4.21626136562039e-05
"bivt",1e-04,50000,"0.1",TRUE,4.96575376755229e-05,-3.96181487202718e-05
"bivt",1e-04,50000,"0.01",TRUE,7.95436100792148e-05,-4.74008634386567e-05
"bivt",1e-04,50000,"0.05",TRUE,5.98111112733618e-05,-4.27482392918094e-05
"bivt",1e-04,50000,"0.1",TRUE,5.3593825729939e-05,-3.95536667252126e-05
"bivt",1e-04,50000,"0.01",TRUE,6.93280624630932e-05,-4.77895830500309e-05
"bivt",1e-04,50000,"0.05",TRUE,9.15830043418814e-05,-5.08210195221253e-05
"bivt",1e-04,50000,"0.1",TRUE,6.65945486977672e-05,-4.89487331817752e-05
"bivt",1e-04,50000,"0.01",TRUE,0.000134375259134072,-5.39750032045121e-05
"bivt",1e-04,50000,"0.05",TRUE,6.46940102135873e-05,-4.51980824514199e-05
"bivt",1e-04,50000,"0.1",TRUE,5.59822218696168e-05,-4.15229082272175e-05
"bivt",1e-04,50000,"0.01",TRUE,8.04440385933966e-05,-5.06849154783581e-05
"bivt",1e-04,50000,"0.05",TRUE,5.43276566163027e-05,-4.69014057130962e-05
"bivt",1e-04,50000,"0.1",TRUE,4.81345096314557e-05,-4.3364482607003e-05
"bivt",1e-04,50000,"0.01",TRUE,6.76918663213493e-05,-5.07989053524687e-05
"bivt",1e-04,50000,"0.05",TRUE,0.000103232203949131,-4.902664967968e-05
"bivt",1e-04,50000,"0.1",TRUE,8.88745395796325e-05,-4.64431264868327e-05
"bivt",1e-04,50000,"0.01",TRUE,0.000131758365117104,-5.75023475436291e-05
"bivt",1e-04,50000,"0.05",TRUE,6.59445094407546e-05,-4.2831357654118e-05
"bivt",1e-04,50000,"0.1",TRUE,6.05573296567563e-05,-3.87302775390888e-05
"bivt",1e-04,50000,"0.01",TRUE,8.92231724176205e-05,-4.88163640532212e-05
"bivt",1e-04,50000,"0.05",TRUE,0.000121233231448785,-4.89972161267846e-05
"bivt",1e-04,50000,"0.1",TRUE,0.000102973331760495,-4.71138804757677e-05
"bivt",1e-04,50000,"0.01",TRUE,0.000141393369290695,-5.35907175101063e-05
"bivt",1e-04,50000,"0.05",TRUE,6.00502518346833e-05,-4.04902044456867e-05
"bivt",1e-04,50000,"0.1",TRUE,4.72719605440126e-05,-3.77422709423067e-05
"bivt",1e-04,50000,"0.01",TRUE,8.56882382055427e-05,-4.58556405208633e-05
"bivt",1e-04,50000,"0.05",TRUE,6.88218838723626e-05,-4.57163206558105e-05
"bivt",1e-04,50000,"0.1",TRUE,5.47715403247712e-05,-4.2032186627131e-05
"bivt",1e-04,50000,"0.01",TRUE,9.45836035976158e-05,-4.89268575900046e-05
"bivt",1e-04,50000,"0.05",TRUE,7.97767874312416e-05,-4.55150215011042e-05
"bivt",1e-04,50000,"0.1",TRUE,6.35301757518804e-05,-4.25276442687872e-05
"bivt",1e-04,50000,"0.01",TRUE,0.000107061154639092,-4.92716454036506e-05
"bivt",1e-04,50000,"0.05",TRUE,6.27083868907744e-05,-4.96619642155702e-05
"bivt",1e-04,50000,"0.1",TRUE,5.53317329633921e-05,-4.7520756222613e-05
"bivt",1e-04,50000,"0.01",TRUE,7.89046524529756e-05,-5.38973147279689e-05
"bivt",1e-04,50000,"0.05",TRUE,7.7781241554463e-05,-4.4967118556958e-05
"bivt",1e-04,50000,"0.1",TRUE,6.85471915047899e-05,-4.23504038661893e-05
"bivt",1e-04,50000,"0.01",TRUE,9.08933330295872e-05,-5.06808340189688e-05
"bivt",1e-04,50000,"0.05",TRUE,8.62836619063488e-05,-4.10254199315941e-05
"bivt",1e-04,50000,"0.1",TRUE,7.32302885649665e-05,-3.95895393209406e-05
"bivt",1e-04,50000,"0.01",TRUE,0.000105087476632482,-4.86121460742498e-05
"bivt",1e-04,50000,"0.05",TRUE,7.63388198006765e-05,-4.11499618192081e-05
"bivt",1e-04,50000,"0.1",TRUE,6.6919633355878e-05,-3.8693610161749e-05
"bivt",1e-04,50000,"0.01",TRUE,0.000103600317088969,-4.63742330930796e-05
"bivt",1e-04,50000,"0.05",TRUE,6.97715194231002e-05,-4.11961086350546e-05
"bivt",1e-04,50000,"0.1",TRUE,5.47982386312907e-05,-3.96148929645505e-05
"bivt",1e-04,50000,"0.01",TRUE,0.000117393022389701,-4.68890869282801e-05
"bivt",1e-04,50000,"0.05",TRUE,7.69767758756431e-05,-4.52764328736192e-05
"bivt",1e-04,50000,"0.1",TRUE,5.95438078568349e-05,-4.3927895621063e-05
"bivt",1e-04,50000,"0.01",TRUE,0.00010152872144676,-4.85499680949014e-05
"bivt",1e-04,50000,"0.05",TRUE,8.84448802289744e-05,-4.60642605283823e-05
"bivt",1e-04,50000,"0.1",TRUE,6.81074666128442e-05,-4.37020090958561e-05
"bivt",1e-04,50000,"0.01",TRUE,0.000108141005149149,-5.04367843229146e-05
"bivt",1e-04,50000,"0.05",TRUE,7.39343504343235e-05,-4.61820993151246e-05
"bivt",1e-04,50000,"0.1",TRUE,6.2648342111975e-05,-4.50264118572103e-05
"bivt",1e-04,50000,"0.01",TRUE,9.15373981771892e-05,-5.26110274745068e-05
"bivt",1e-04,50000,"0.05",TRUE,7.60526406939144e-05,-4.74061007794123e-05
"bivt",1e-04,50000,"0.1",TRUE,7.17771080129191e-05,-4.09137197105558e-05
"bivt",1e-04,50000,"0.01",TRUE,8.65129944251269e-05,-5.26190249751609e-05
"bivt",1e-04,50000,"0.05",TRUE,8.94945553359587e-05,-5.10158569760388e-05
"bivt",1e-04,50000,"0.1",TRUE,6.40443294854388e-05,-4.74145848395037e-05
"bivt",1e-04,50000,"0.01",TRUE,0.000148568048063766,-5.6459309355123e-05
"bivt",1e-04,50000,"0.05",TRUE,8.6620141763434e-05,-4.66183570372208e-05
"bivt",1e-04,50000,"0.1",TRUE,7.31557752512947e-05,-4.28551019356748e-05
"bivt",1e-04,50000,"0.01",TRUE,0.000110073300345306,-5.25772528135287e-05
"bivt",1e-04,50000,"0.05",TRUE,7.16412473072092e-05,-4.44860177016522e-05
"bivt",1e-04,50000,"0.1",TRUE,5.88826472748921e-05,-4.35601720697259e-05
"bivt",1e-04,50000,"0.01",TRUE,9.29943470431156e-05,-4.8600112079618e-05
"bivt",1e-04,50000,"0.05",TRUE,5.39651639765073e-05,-4.84427220356822e-05
"bivt",1e-04,50000,"0.1",TRUE,4.62079369359828e-05,-4.65925996358441e-05
"bivt",1e-04,50000,"0.01",TRUE,6.70536686988344e-05,-5.54577375973526e-05
"bivt",1e-04,50000,"0.05",TRUE,6.73745794539191e-05,-4.15821659908188e-05
"bivt",1e-04,50000,"0.1",TRUE,6.16331699657626e-05,-3.9252407608351e-05
"bivt",1e-04,50000,"0.01",TRUE,9.05933279052141e-05,-4.64513295955647e-05
"bivt",1e-04,50000,"0.05",TRUE,5.50569871048533e-05,-4.01782454943001e-05
"bivt",1e-04,50000,"0.1",TRUE,4.98783154402957e-05,-3.84997060991207e-05
"bivt",1e-04,50000,"0.01",TRUE,6.87580576118866e-05,-4.5348710078788e-05
"bivt",1e-04,50000,"0.05",TRUE,7.86273479165962e-05,-5.12397479988066e-05
"bivt",1e-04,50000,"0.1",TRUE,6.99790753131211e-05,-4.81979678061111e-05
"bivt",1e-04,50000,"0.01",TRUE,0.000118922986078844,-5.74263408826471e-05
"bivt",1e-04,50000,"0.05",TRUE,6.85880644921915e-05,-4.46593287493223e-05
"bivt",1e-04,50000,"0.1",TRUE,5.72671147943375e-05,-4.29031522914837e-05
"bivt",1e-04,50000,"0.01",TRUE,8.1162842599331e-05,-4.90147585702033e-05
"bivt",1e-04,50000,"0.05",TRUE,6.92988295500665e-05,-4.78748094160792e-05
"bivt",1e-04,50000,"0.1",TRUE,6.25950544508281e-05,-4.58808722645597e-05
"bivt",1e-04,50000,"0.01",TRUE,9.77666117826349e-05,-5.48927398089513e-05
"bivt",1e-04,50000,"0.05",FALSE,6.45266276385993e-05,-3.87457869910439e-05
"bivt",1e-04,50000,"0.1",FALSE,5.40675736711499e-05,-3.61030803630582e-05
"bivt",1e-04,50000,"0.01",TRUE,0.000109164220791426,-4.43969381588664e-05
"bivt",1e-04,50000,"0.05",TRUE,5.26904046248542e-05,-3.75692503722365e-05
"bivt",1e-04,50000,"0.1",TRUE,4.41306914735871e-05,-3.4157794458043e-05
"bivt",1e-04,50000,"0.01",TRUE,6.08102571979076e-05,-4.25100416929071e-05
"bivt",1e-04,50000,"0.05",TRUE,9.29103528381201e-05,-4.58805074787383e-05
"bivt",1e-04,50000,"0.1",TRUE,7.29039476187515e-05,-4.43606301032396e-05
"bivt",1e-04,50000,"0.01",TRUE,0.000150771814159288,-5.08399631362482e-05
"bivt",1e-04,50000,"0.05",TRUE,7.03436826960759e-05,-4.60583050312525e-05
"bivt",1e-04,50000,"0.1",TRUE,6.72128902012455e-05,-4.30588998731219e-05
"bivt",1e-04,50000,"0.01",TRUE,8.4258060628911e-05,-5.16407139386863e-05
"bivt",1e-04,50000,"0.05",TRUE,8.00873827076074e-05,-5.24118572449454e-05
"bivt",1e-04,50000,"0.1",TRUE,6.7841377103535e-05,-4.91474982679931e-05
"bivt",1e-04,50000,"0.01",TRUE,0.000111888210372456,-5.95743339497036e-05
"bivt",1e-04,50000,"0.05",TRUE,8.83383105036355e-05,-4.41508156006694e-05
"bivt",1e-04,50000,"0.1",TRUE,7.19477038829877e-05,-4.20659002216051e-05
"bivt",1e-04,50000,"0.01",TRUE,0.000117433796699388,-4.84415334975236e-05
"bivt",1e-04,50000,"0.05",FALSE,3.89973487387529e-05,-4.41606215024539e-05
"bivt",1e-04,50000,"0.1",FALSE,3.43935396243845e-05,-4.10311156908922e-05
"bivt",1e-04,50000,"0.01",TRUE,4.81901008297223e-05,-4.94555280973849e-05
"bivt",1e-04,50000,"0.05",TRUE,6.58026462355102e-05,-4.54438811897332e-05
"bivt",1e-04,50000,"0.1",TRUE,6.41514938841324e-05,-4.29803602538506e-05
"bivt",1e-04,50000,"0.01",TRUE,9.35355522672647e-05,-5.16467590420679e-05
"bivt",1e-04,50000,"0.05",TRUE,9.3851411906095e-05,-4.9989549045012e-05
"bivt",1e-04,50000,"0.1",TRUE,7.23215740356606e-05,-4.85356997170496e-05
"bivt",1e-04,50000,"0.01",TRUE,0.000144805926581324,-5.5354204228629e-05
"bivt",1e-04,50000,"0.05",TRUE,9.0331299405938e-05,-4.80057793251818e-05
"bivt",1e-04,50000,"0.1",TRUE,8.5689438405469e-05,-4.48067689414474e-05
"bivt",1e-04,50000,"0.01",TRUE,0.000110909330996905,-5.21822064940376e-05
"bivt",1e-04,50000,"0.05",FALSE,6.46979291835923e-05,-4.77054196443116e-05
"bivt",1e-04,50000,"0.1",FALSE,5.43151069620227e-05,-4.4047483622555e-05
"bivt",1e-04,50000,"0.01",TRUE,8.42989783542333e-05,-5.47484075813067e-05
"bivt",1e-04,50000,"0.05",TRUE,6.65217445872184e-05,-4.3010535934e-05
"bivt",1e-04,50000,"0.1",TRUE,5.6172578944738e-05,-4.08893384117586e-05
"bivt",1e-04,50000,"0.01",TRUE,8.5137002507456e-05,-4.75640494216571e-05
"bivt",1e-04,50000,"0.05",TRUE,7.32452398346139e-05,-4.50121637511864e-05
"bivt",1e-04,50000,"0.1",TRUE,5.92596347034434e-05,-4.3068138946868e-05
"bivt",1e-04,50000,"0.01",TRUE,9.62340649587706e-05,-4.89819520643919e-05
"bivt",1e-04,50000,"0.05",TRUE,8.79273687147782e-05,-5.26933974629668e-05
"bivt",1e-04,50000,"0.1",TRUE,7.26547570794143e-05,-5.19651116396969e-05
"bivt",1e-04,50000,"0.01",TRUE,0.000112290450460515,-5.76273996359585e-05
"bivt",1e-04,50000,"0.05",TRUE,5.54987468910354e-05,-4.66795035082254e-05
"bivt",1e-04,50000,"0.1",TRUE,4.61607732747358e-05,-4.46304915272126e-05
"bivt",1e-04,50000,"0.01",TRUE,8.18881192506745e-05,-5.11482606360099e-05
"bivt",1e-04,50000,"0.05",TRUE,5.67358491101345e-05,-4.65174847598938e-05
"bivt",1e-04,50000,"0.1",TRUE,5.07558015303136e-05,-4.30179419045712e-05
"bivt",1e-04,50000,"0.01",TRUE,7.62548666572976e-05,-5.10818897024657e-05
"bivt",1e-04,50000,"0.05",TRUE,5.05477100255536e-05,-4.09409385975197e-05
"bivt",1e-04,50000,"0.1",TRUE,4.03586875613543e-05,-3.81139446754862e-05
"bivt",1e-04,50000,"0.01",TRUE,7.30401834088535e-05,-4.69889702174935e-05
"bivt",1e-04,50000,"0.05",TRUE,0.00010524176660302,-4.90030961474592e-05
"bivt",1e-04,50000,"0.1",TRUE,9.02861209151003e-05,-4.35763257126385e-05
"bivt",1e-04,50000,"0.01",TRUE,0.000117957661691372,-5.45606408809995e-05
"bivt",1e-04,50000,"0.05",TRUE,5.88004828606581e-05,-4.13957584077947e-05
"bivt",1e-04,50000,"0.1",TRUE,4.73110438832663e-05,-3.87672362660797e-05
"bivt",1e-04,50000,"0.01",TRUE,7.96805444824306e-05,-4.84930458639109e-05
"bivt",1e-04,50000,"0.05",TRUE,7.16357180784184e-05,-4.96137823302302e-05
"bivt",1e-04,50000,"0.1",TRUE,6.09108617345281e-05,-4.73072562241522e-05
"bivt",1e-04,50000,"0.01",TRUE,9.14490715585399e-05,-5.35522506609634e-05
"bivt",1e-04,50000,"0.05",TRUE,5.63349791421728e-05,-3.90667280537482e-05
"bivt",1e-04,50000,"0.1",TRUE,4.62488033017834e-05,-3.73022086996482e-05
"bivt",1e-04,50000,"0.01",TRUE,0.000100185714814689,-4.44221116404474e-05
"bivt",1e-04,50000,"0.05",TRUE,8.10934590980885e-05,-4.59460011738127e-05
"bivt",1e-04,50000,"0.1",TRUE,7.17480021381667e-05,-4.4891619836338e-05
"bivt",1e-04,50000,"0.01",TRUE,0.000116341698174418,-4.87255507430474e-05
"bivt",1e-04,50000,"0.05",TRUE,6.83619256847673e-05,-4.40682430372569e-05
"bivt",1e-04,50000,"0.1",TRUE,6.34857171457238e-05,-4.17462723789706e-05
"bivt",1e-04,50000,"0.01",TRUE,8.90194117108637e-05,-4.94979253360017e-05
"bivt",1e-04,50000,"0.05",FALSE,6.40943003634961e-05,-4.31884359744279e-05
"bivt",1e-04,50000,"0.1",FALSE,5.13556601435257e-05,-4.06585805498524e-05
"bivt",1e-04,50000,"0.01",TRUE,7.7223204048241e-05,-4.57080035092449e-05
"bivt",1e-04,50000,"0.05",FALSE,8.72828412961319e-05,-3.930557697964e-05
"bivt",1e-04,50000,"0.1",FALSE,7.17180877321773e-05,-3.80960060778289e-05
"bivt",1e-04,50000,"0.01",TRUE,0.000129500171845887,-4.27223919812156e-05
"bivt",1e-04,50000,"0.05",FALSE,6.41845418092167e-05,-4.00252088162985e-05
"bivt",1e-04,50000,"0.1",FALSE,5.2061399444362e-05,-3.8406315903485e-05
"bivt",1e-04,50000,"0.01",TRUE,9.12755089260199e-05,-4.4269162845825e-05
"bivt",1e-04,50000,"0.05",FALSE,9.15458382594248e-05,-4.04445905016759e-05
"bivt",1e-04,50000,"0.1",FALSE,6.70251037893171e-05,-3.78638661398535e-05
"bivt",1e-04,50000,"0.01",TRUE,0.000120742811920513,-4.52134210225411e-05
"bivt",1e-04,50000,"0.05",TRUE,7.39518111679866e-05,-4.25933102524182e-05
"bivt",1e-04,50000,"0.1",TRUE,6.0898101903e-05,-4.06540088283357e-05
"bivt",1e-04,50000,"0.01",TRUE,0.000109347708003405,-4.57986148725944e-05
"bivt",1e-04,50000,"0.05",TRUE,8.8487781164051e-05,-4.61899919507635e-05
"bivt",1e-04,50000,"0.1",TRUE,8.04163219907553e-05,-4.31193986658595e-05
"bivt",1e-04,50000,"0.01",TRUE,0.000116994444025396,-4.91972542268744e-05
"bivt",1e-04,50000,"0.05",TRUE,6.54476290288328e-05,-3.89671159038606e-05
"bivt",1e-04,50000,"0.1",TRUE,5.71053275752855e-05,-3.74386328562952e-05
"bivt",1e-04,50000,"0.01",TRUE,9.58132500997541e-05,-4.4895936874158e-05
"bivt",1e-04,50000,"0.05",TRUE,5.48342614301931e-05,-4.6325988555747e-05
"bivt",1e-04,50000,"0.1",TRUE,4.87488292529353e-05,-4.28342637611411e-05
"bivt",1e-04,50000,"0.01",TRUE,7.09607925678854e-05,-5.36067352848953e-05
"bivt",1e-04,50000,"0.05",TRUE,9.00457998829659e-05,-4.40298138879431e-05
"bivt",1e-04,50000,"0.1",TRUE,6.90858335814883e-05,-4.12264766021093e-05
"bivt",1e-04,50000,"0.01",TRUE,0.000127393513843496,-5.07725222100369e-05
"bivt",1e-04,50000,"0.05",TRUE,6.17457220079485e-05,-4.4331030376539e-05
"bivt",1e-04,50000,"0.1",FALSE,5.23878691595747e-05,-4.02898390349276e-05
"bivt",1e-04,50000,"0.01",TRUE,8.68147571336299e-05,-4.94696299683251e-05
"bivt",1e-04,50000,"0.05",TRUE,7.86978263694172e-05,-4.74084493489178e-05
"bivt",1e-04,50000,"0.1",TRUE,6.66916434599942e-05,-4.43789053377456e-05
"bivt",1e-04,50000,"0.01",TRUE,9.97991987548455e-05,-5.11293409757691e-05
"bivt",1e-04,50000,"0.05",TRUE,7.60958153051527e-05,-5.12503059184935e-05
"bivt",1e-04,50000,"0.1",TRUE,6.65338392793959e-05,-4.70582415001799e-05
"bivt",1e-04,50000,"0.01",TRUE,0.000107287725313693,-5.78079190793709e-05
"bivt",1e-04,50000,"0.05",TRUE,5.85272642821785e-05,-4.26317905858448e-05
"bivt",1e-04,50000,"0.1",TRUE,5.22708398713015e-05,-4.16265714702124e-05
"bivt",1e-04,50000,"0.01",TRUE,7.85781494617967e-05,-4.74266481661348e-05
"bivt",1e-04,50000,"0.05",TRUE,6.43450735439108e-05,-4.20743044929225e-05
"bivt",1e-04,50000,"0.1",TRUE,5.51554371051588e-05,-3.96521781422346e-05
"bivt",1e-04,50000,"0.01",TRUE,0.000100086684598999,-4.94118261235342e-05
"bivt",1e-04,50000,"0.05",TRUE,7.33044040678583e-05,-4.27543596080408e-05
"bivt",1e-04,50000,"0.1",TRUE,6.32768155680583e-05,-3.97353951170348e-05
"bivt",1e-04,50000,"0.01",TRUE,9.64241260597487e-05,-4.92453676908479e-05
"bivt",1e-04,50000,"0.05",TRUE,6.63172676858023e-05,-3.94836746497244e-05
"bivt",1e-04,50000,"0.1",TRUE,5.99885384568617e-05,-3.74860494203305e-05
"bivt",1e-04,50000,"0.01",TRUE,8.62807198191667e-05,-4.65000659191653e-05
"bivt",1e-04,50000,"0.05",TRUE,7.48880418793668e-05,-4.7300076040981e-05
"bivt",1e-04,50000,"0.1",TRUE,6.80171236015693e-05,-4.45667018810484e-05
"bivt",1e-04,50000,"0.01",TRUE,9.67699888625048e-05,-5.31682996356813e-05
"bivt",1e-04,50000,"0.05",TRUE,8.65426262197486e-05,-4.32276952196823e-05
"bivt",1e-04,50000,"0.1",TRUE,7.06260646699665e-05,-4.09447331271968e-05
"bivt",1e-04,50000,"0.01",TRUE,0.000100763235505291,-4.86606619850266e-05
"bivt",1e-04,50000,"0.05",TRUE,0.000105379803550046,-4.74570090033769e-05
"bivt",1e-04,50000,"0.1",TRUE,8.50943124294583e-05,-4.5837346884207e-05
"bivt",1e-04,50000,"0.01",TRUE,0.000132659106715432,-5.10761359327333e-05
"bivt",1e-04,50000,"0.05",TRUE,8.00235749891981e-05,-4.72169033182951e-05
"bivt",1e-04,50000,"0.1",TRUE,7.08301970285337e-05,-4.14672057711464e-05
"bivt",1e-04,50000,"0.01",TRUE,9.76884829015033e-05,-5.24819954261537e-05
"bivt",1e-04,50000,"0.05",TRUE,6.270124323677e-05,-4.46442460807917e-05
"bivt",1e-04,50000,"0.1",TRUE,4.85107597014181e-05,-4.16945993347718e-05
"bivt",1e-04,50000,"0.01",TRUE,7.10288557654138e-05,-5.02769137393214e-05
"bivt",1e-04,50000,"0.05",TRUE,7.42283980306003e-05,-4.60507498373918e-05
"bivt",1e-04,50000,"0.1",TRUE,6.46338666497317e-05,-4.29923866642846e-05
"bivt",1e-04,50000,"0.01",TRUE,0.000100545779228602,-5.89105401959138e-05
"bivt",1e-04,50000,"0.05",TRUE,6.47441337582346e-05,-4.51716606123411e-05
"bivt",1e-04,50000,"0.1",TRUE,5.61094915130674e-05,-4.30486070547308e-05
"bivt",1e-04,50000,"0.01",TRUE,7.31074242343365e-05,-4.92969858060129e-05
"bivt",1e-04,50000,"0.05",TRUE,8.04956823938371e-05,-4.8054782533873e-05
"bivt",1e-04,50000,"0.1",TRUE,7.18034664171201e-05,-4.52829199221894e-05
"bivt",1e-04,50000,"0.01",TRUE,0.000111992870587769,-5.53295995523545e-05
"bivt",1e-04,50000,"0.05",TRUE,6.48836557365964e-05,-4.23211966152969e-05
"bivt",1e-04,50000,"0.1",FALSE,5.57366571697403e-05,-3.85212319744596e-05
"bivt",1e-04,50000,"0.01",TRUE,8.66808955233318e-05,-4.52962337701053e-05
"bivt",1e-04,50000,"0.05",TRUE,5.92365395094379e-05,-4.19388315426315e-05
"bivt",1e-04,50000,"0.1",TRUE,4.86936607905937e-05,-3.85384094708873e-05
"bivt",1e-04,50000,"0.01",TRUE,7.51454749172425e-05,-4.74442867162769e-05
"bivt",1e-04,50000,"0.05",TRUE,5.40658116846496e-05,-4.29302595158141e-05
"bivt",1e-04,50000,"0.1",TRUE,4.67033970557858e-05,-3.99247352773262e-05
"bivt",1e-04,50000,"0.01",TRUE,7.49735178115988e-05,-4.88006820872157e-05
"bivt",1e-04,50000,"0.05",TRUE,4.85618185745584e-05,-4.10316606038394e-05
"bivt",1e-04,50000,"0.1",TRUE,4.50476693881493e-05,-3.92568282911122e-05
"bivt",1e-04,50000,"0.01",TRUE,5.66495177373259e-05,-4.5833637073676e-05
"bivt",1e-04,50000,"0.05",TRUE,9.41176572069383e-05,-5.44508619997132e-05
"bivt",1e-04,50000,"0.1",TRUE,8.90010137644878e-05,-5.27280309402781e-05
"bivt",1e-04,50000,"0.01",TRUE,0.000119012487888271,-6.16683288889846e-05
"bivt",1e-04,50000,"0.05",TRUE,9.56453740338496e-05,-5.58915827849396e-05
"bivt",1e-04,50000,"0.1",TRUE,6.16285187171385e-05,-5.04774843140503e-05
"bivt",1e-04,50000,"0.01",TRUE,0.000130335991061653,-5.90185536775335e-05
"bivt",1e-04,50000,"0.05",TRUE,8.43298982951774e-05,-4.67371542017794e-05
"bivt",1e-04,50000,"0.1",TRUE,7.49338126968337e-05,-4.43978792660929e-05
"bivt",1e-04,50000,"0.01",TRUE,0.000116874919088647,-5.22243350384863e-05
"bivt",1e-04,50000,"0.05",TRUE,8.05187721083719e-05,-5.25615660929378e-05
"bivt",1e-04,50000,"0.1",TRUE,6.52367610586016e-05,-4.97777826099115e-05
"bivt",1e-04,50000,"0.01",TRUE,0.000103167241144352,-5.90523706219738e-05
"bivt",1e-04,50000,"0.05",TRUE,7.2212576219505e-05,-4.95247404564373e-05
"bivt",1e-04,50000,"0.1",TRUE,6.04786658880416e-05,-4.62693812605909e-05
"bivt",1e-04,50000,"0.01",TRUE,9.15205793983862e-05,-5.43158100922773e-05
"bivt",1e-04,50000,"0.05",TRUE,9.09162765813691e-05,-4.82358877652414e-05
"bivt",1e-04,50000,"0.1",TRUE,7.59045951369401e-05,-4.64626296795009e-05
"bivt",1e-04,50000,"0.01",TRUE,0.000124552986726215,-5.41801030410443e-05
"bivt",1e-04,50000,"0.05",TRUE,8.90007556573904e-05,-4.73148941595704e-05
"bivt",1e-04,50000,"0.1",TRUE,6.85431758142743e-05,-4.1723022297777e-05
"bivt",1e-04,50000,"0.01",TRUE,0.000119918373378456,-5.2436477823087e-05
"bivt",1e-04,50000,"0.05",TRUE,8.0439587023819e-05,-5.12486694104307e-05
"bivt",1e-04,50000,"0.1",TRUE,7.33699572813112e-05,-4.89278238343523e-05
"bivt",1e-04,50000,"0.01",TRUE,0.000114828930353857,-5.56982524776834e-05
"bivt",1e-04,50000,"0.05",TRUE,6.58886711916263e-05,-4.45315911344473e-05
"bivt",1e-04,50000,"0.1",TRUE,5.38463792018863e-05,-4.21427135221206e-05
"bivt",1e-04,50000,"0.01",TRUE,8.36115025827733e-05,-4.9750298592468e-05
"bivt",1e-04,50000,"0.05",TRUE,7.50757526861275e-05,-4.78120958894909e-05
"bivt",1e-04,50000,"0.1",TRUE,6.65394499295391e-05,-4.36259058995659e-05
"bivt",1e-04,50000,"0.01",TRUE,8.99760057209948e-05,-5.14476858948819e-05
"bivt",1e-04,50000,"0.05",TRUE,7.65587433846034e-05,-5.07252300739311e-05
"bivt",1e-04,50000,"0.1",TRUE,5.80303039879174e-05,-4.54958626397092e-05
"bivt",1e-04,50000,"0.01",TRUE,8.91668529690161e-05,-5.31813201632339e-05
"bivt",1e-04,50000,"0.05",TRUE,5.44883150982807e-05,-4.16884628219071e-05
"bivt",1e-04,50000,"0.1",TRUE,5.1077653396459e-05,-3.97361180606764e-05
"bivt",1e-04,50000,"0.01",TRUE,7.52460049700097e-05,-4.63478086005345e-05
"bivt",1e-04,50000,"0.05",TRUE,0.000114063964372971,-4.99490684564428e-05
"bivt",1e-04,50000,"0.1",TRUE,9.40213610975818e-05,-4.71898559553566e-05
"bivt",1e-04,50000,"0.01",TRUE,0.0001563187012158,-5.44346874660636e-05
"bivt",1e-04,50000,"0.05",TRUE,6.36605251412564e-05,-4.51716065789432e-05
"bivt",1e-04,50000,"0.1",TRUE,4.96278108594297e-05,-4.24272404932813e-05
"bivt",1e-04,50000,"0.01",TRUE,8.85386718657002e-05,-5.13115510574886e-05
"bivt",1e-04,50000,"0.05",TRUE,6.02366525071234e-05,-3.87571019875452e-05
"bivt",1e-04,50000,"0.1",TRUE,4.91456944379424e-05,-3.71667048859591e-05
"bivt",1e-04,50000,"0.01",TRUE,6.97570574987478e-05,-4.24868077559983e-05
"bivt",1e-04,50000,"0.05",TRUE,5.72592298388858e-05,-4.26414724752158e-05
"bivt",1e-04,50000,"0.1",TRUE,4.76454498300514e-05,-3.98962398435399e-05
"bivt",1e-04,50000,"0.01",TRUE,8.25570508001735e-05,-4.54766740428055e-05
"bivt",1e-04,50000,"0.05",TRUE,5.8864166423771e-05,-4.36157608618491e-05
"bivt",1e-04,50000,"0.1",TRUE,5.27737247792123e-05,-3.90575909899426e-05
"bivt",1e-04,50000,"0.01",TRUE,8.05141638141934e-05,-4.8104427745922e-05
"bivt",1e-04,50000,"0.05",TRUE,6.37571082373419e-05,-4.3364005781259e-05
"bivt",1e-04,50000,"0.1",TRUE,5.14052493390296e-05,-4.03458649449787e-05
"bivt",1e-04,50000,"0.01",TRUE,8.88620813389821e-05,-5.094753596675e-05
"bivt",1e-04,50000,"0.05",TRUE,7.1748456200105e-05,-4.20755610521017e-05
"bivt",1e-04,50000,"0.1",TRUE,5.84434937709384e-05,-4.02733551900358e-05
"bivt",1e-04,50000,"0.01",TRUE,9.93732746263545e-05,-4.74347802597716e-05
"bivt",1e-04,50000,"0.05",TRUE,5.8973596141471e-05,-4.68719969783276e-05
"bivt",1e-04,50000,"0.1",TRUE,5.01099311386312e-05,-3.91073038616156e-05
"bivt",1e-04,50000,"0.01",TRUE,0.000104140173936109,-5.35141035636591e-05
"bivt",1e-04,50000,"0.05",TRUE,5.27928332188314e-05,-4.04759606995997e-05
"bivt",1e-04,50000,"0.1",TRUE,4.34088691742332e-05,-3.85725902204112e-05
"bivt",1e-04,50000,"0.01",TRUE,8.85587274899578e-05,-4.67770301964951e-05
"bivt",1e-04,50000,"0.05",TRUE,8.20016985698859e-05,-4.76174739075152e-05
"bivt",1e-04,50000,"0.1",TRUE,6.41790884964985e-05,-4.67447709800318e-05
"bivt",1e-04,50000,"0.01",TRUE,9.44477496682088e-05,-5.15627335301127e-05
"bivt",1e-04,50000,"0.05",TRUE,8.08764185039505e-05,-4.64657213145109e-05
"bivt",1e-04,50000,"0.1",TRUE,6.22954444195136e-05,-4.43768107529443e-05
"bivt",1e-04,50000,"0.01",TRUE,0.000107023063179828,-5.61687644553831e-05
"bivt",1e-04,50000,"0.05",TRUE,6.34272023924487e-05,-4.60156124056246e-05
"bivt",1e-04,50000,"0.1",TRUE,5.47711141591011e-05,-4.35731787909882e-05
"bivt",1e-04,50000,"0.01",TRUE,7.91748833971524e-05,-5.74922292935744e-05
"bivt",1e-04,50000,"0.05",TRUE,7.43504271151908e-05,-4.20694129956799e-05
"bivt",1e-04,50000,"0.1",TRUE,6.22544991621238e-05,-3.93077035776503e-05
"bivt",1e-04,50000,"0.01",TRUE,0.000121503259296013,-4.52654386212674e-05
"bivt",1e-04,50000,"0.05",TRUE,8.36464302353792e-05,-4.37699008900235e-05
"bivt",1e-04,50000,"0.1",TRUE,6.4837260950475e-05,-4.04575954297251e-05
"bivt",1e-04,50000,"0.01",TRUE,0.000110573073776458,-4.92049337566209e-05
"bivt",1e-04,50000,"0.05",TRUE,6.1268894780773e-05,-4.0104195137219e-05
"bivt",1e-04,50000,"0.1",TRUE,4.36622640783574e-05,-3.7892612494824e-05
"bivt",1e-04,50000,"0.01",TRUE,7.99939207153049e-05,-4.36475003039795e-05
"bivt",1e-04,50000,"0.05",TRUE,4.87454886486303e-05,-4.47073756329318e-05
"bivt",1e-04,50000,"0.1",FALSE,4.31802264058932e-05,-4.2229270406274e-05
"bivt",1e-04,50000,"0.01",TRUE,5.72338759873958e-05,-5.00467943998231e-05
"bivt",1e-04,50000,"0.05",TRUE,5.73865128280399e-05,-4.19381062891205e-05
"bivt",1e-04,50000,"0.1",TRUE,4.88907233811795e-05,-4.0127208448477e-05
"bivt",1e-04,50000,"0.01",TRUE,7.89597893493212e-05,-4.57698694650939e-05
"bivt",1e-04,50000,"0.05",TRUE,6.45752362219269e-05,-4.36964093839869e-05
"bivt",1e-04,50000,"0.1",TRUE,5.26093654620308e-05,-3.97092194666996e-05
"bivt",1e-04,50000,"0.01",TRUE,9.067986350211e-05,-4.91751170007092e-05
"bivt",1e-04,50000,"0.05",TRUE,6.44235161437926e-05,-4.49933686177161e-05
"bivt",1e-04,50000,"0.1",TRUE,5.79181967232853e-05,-4.21988489889805e-05
"bivt",1e-04,50000,"0.01",TRUE,8.28644922952452e-05,-4.73641999484852e-05
"bivt",1e-04,50000,"0.05",TRUE,6.27551729270516e-05,-4.7948978836116e-05
"bivt",1e-04,50000,"0.1",TRUE,5.67077272260796e-05,-4.37902811791285e-05
"bivt",1e-04,50000,"0.01",TRUE,8.00632759992612e-05,-5.31287775998534e-05
"bivt",1e-04,50000,"0.05",TRUE,8.50718520258949e-05,-4.81222862189248e-05
"bivt",1e-04,50000,"0.1",TRUE,7.10993078690812e-05,-4.43405586347776e-05
"bivt",1e-04,50000,"0.01",TRUE,0.000113337654947165,-5.25115741470425e-05
"bivt",1e-04,50000,"0.05",TRUE,9.95220410541078e-05,-4.98282772277533e-05
"bivt",1e-04,50000,"0.1",TRUE,7.90889975059955e-05,-4.72923244352417e-05
"bivt",1e-04,50000,"0.01",TRUE,0.000183791988862476,-5.58277655383722e-05
"bivt",1e-04,50000,"0.05",TRUE,5.55780156554576e-05,-4.31348824253709e-05
"bivt",1e-04,50000,"0.1",TRUE,4.61928188420311e-05,-4.10943432004251e-05
"bivt",1e-04,50000,"0.01",TRUE,8.16752808918478e-05,-4.72467718565258e-05
"bivt",1e-04,50000,"0.05",TRUE,6.78497629113174e-05,-4.44093950342227e-05
"bivt",1e-04,50000,"0.1",TRUE,6.18472277279242e-05,-4.20834278792442e-05
"bivt",1e-04,50000,"0.01",TRUE,8.7931367761073e-05,-4.97484861646069e-05
"bivt",1e-04,50000,"0.05",TRUE,7.45199816758438e-05,-4.79948875743139e-05
"bivt",1e-04,50000,"0.1",TRUE,6.7618199372271e-05,-4.48516403264623e-05
"bivt",1e-04,50000,"0.01",TRUE,0.000101028232491398,-5.11375214552661e-05
"bivt",1e-04,50000,"0.05",TRUE,4.74642326777718e-05,-4.18439274305272e-05
"bivt",1e-04,50000,"0.1",TRUE,4.21321454377363e-05,-3.90010023785765e-05
"bivt",1e-04,50000,"0.01",TRUE,6.14439890060138e-05,-4.71031946903605e-05
"bivt",1e-04,50000,"0.05",TRUE,5.10934069623412e-05,-3.96141000740976e-05
"bivt",1e-04,50000,"0.1",TRUE,4.53899374748296e-05,-3.68716590736978e-05
"bivt",1e-04,50000,"0.01",TRUE,6.66775154854808e-05,-4.40955036444522e-05
"bivt",1e-04,50000,"0.05",TRUE,6.53854044378346e-05,-4.59739389913379e-05
"bivt",1e-04,50000,"0.1",TRUE,5.82296879801801e-05,-4.22934413570839e-05
"bivt",1e-04,50000,"0.01",TRUE,8.14571663371341e-05,-4.96967364317582e-05
"bivt",1e-04,50000,"0.05",TRUE,5.78883898122213e-05,-4.43631867447622e-05
"bivt",1e-04,50000,"0.1",TRUE,5.00892024187748e-05,-4.02425108217882e-05
"bivt",1e-04,50000,"0.01",TRUE,7.82893956190523e-05,-4.98242946816959e-05
"bivt",1e-04,50000,"0.05",TRUE,9.59226861849048e-05,-4.96327172413543e-05
"bivt",1e-04,50000,"0.1",TRUE,7.88404512420832e-05,-4.49263028842291e-05
"bivt",1e-04,50000,"0.01",TRUE,0.000112870978921266,-5.74179207127904e-05
"bivt",1e-04,50000,"0.05",TRUE,7.56171189582476e-05,-4.25958520075073e-05
"bivt",1e-04,50000,"0.1",TRUE,6.4883367729308e-05,-3.98072201281674e-05
"bivt",1e-04,50000,"0.01",TRUE,9.43421162049202e-05,-4.57737427146893e-05
"bivt",1e-04,50000,"0.05",TRUE,5.88914456389433e-05,-4.14781105885393e-05
"bivt",1e-04,50000,"0.1",TRUE,4.95059001088369e-05,-3.82389696484752e-05
"bivt",1e-04,50000,"0.01",TRUE,7.93100760557805e-05,-4.56014841996735e-05
"bivt",1e-04,50000,"0.05",TRUE,5.58987980959981e-05,-4.24690038883744e-05
"bivt",1e-04,50000,"0.1",TRUE,4.353970797155e-05,-3.95767717047297e-05
"bivt",1e-04,50000,"0.01",TRUE,7.42600640290648e-05,-4.8415362166352e-05
"bivt",1e-04,50000,"0.05",TRUE,7.24798290053748e-05,-4.4220603990568e-05
"bivt",1e-04,50000,"0.1",TRUE,5.3745494161404e-05,-4.17608715151621e-05
"bivt",1e-04,50000,"0.01",TRUE,9.39122067422059e-05,-4.81154668394914e-05
"bivt",1e-04,50000,"0.05",TRUE,6.6410256513304e-05,-4.58372680282018e-05
"bivt",1e-04,50000,"0.1",TRUE,4.4415964939552e-05,-4.40572835370281e-05
"bivt",1e-04,50000,"0.01",TRUE,8.39941885192916e-05,-5.16266072044158e-05
"bivt",1e-04,50000,"0.05",FALSE,5.48669360849813e-05,-3.92516449393462e-05
"bivt",1e-04,50000,"0.1",FALSE,4.46477209973719e-05,-3.61987187153208e-05
"bivt",1e-04,50000,"0.01",TRUE,8.34920986173595e-05,-4.37510489788767e-05
"bivt",1e-04,50000,"0.05",TRUE,6.89834963345489e-05,-4.36331690971871e-05
"bivt",1e-04,50000,"0.1",TRUE,6.19665950851465e-05,-3.97712768333016e-05
"bivt",1e-04,50000,"0.01",TRUE,0.000104248492246717,-4.78221048627688e-05
"bivt",1e-04,50000,"0.05",TRUE,7.21647031420448e-05,-4.33013148233461e-05
"bivt",1e-04,50000,"0.1",TRUE,6.08697152148022e-05,-4.19633281093038e-05
"bivt",1e-04,50000,"0.01",TRUE,9.1535608723114e-05,-4.89671047739098e-05
"bivt",1e-04,50000,"0.05",TRUE,5.70503163844444e-05,-4.32447920163193e-05
"bivt",1e-04,50000,"0.1",TRUE,4.88197289090103e-05,-4.12281326412769e-05
"bivt",1e-04,50000,"0.01",TRUE,7.79788874101382e-05,-4.70066389795175e-05
"bivt",1e-04,50000,"0.05",TRUE,6.01004783629799e-05,-4.52465081683793e-05
"bivt",1e-04,50000,"0.1",TRUE,5.02700302672502e-05,-4.0434286548594e-05
"bivt",1e-04,50000,"0.01",TRUE,8.31839022081811e-05,-5.03494199896648e-05
"bivt",1e-04,50000,"0.05",TRUE,8.03445381762077e-05,-4.87902991804044e-05
"bivt",1e-04,50000,"0.1",TRUE,6.81563762753513e-05,-4.57826119974977e-05
"bivt",1e-04,50000,"0.01",TRUE,9.55679318018838e-05,-5.09181304041058e-05
"bivt",1e-04,50000,"0.05",TRUE,0.000107504365200429,-4.84494609949161e-05
"bivt",1e-04,50000,"0.1",TRUE,8.61902191066442e-05,-4.58885516983583e-05
"bivt",1e-04,50000,"0.01",TRUE,0.000140536277756948,-5.32047081842254e-05
"bivt",1e-04,50000,"0.05",TRUE,7.91399582156565e-05,-4.2653901654523e-05
"bivt",1e-04,50000,"0.1",TRUE,6.00320604540991e-05,-3.92412885481252e-05
"bivt",1e-04,50000,"0.01",TRUE,9.24464224412118e-05,-4.6343165218367e-05
"bivt",1e-04,50000,"0.05",TRUE,6.4430704479438e-05,-4.67662699391683e-05
"bivt",1e-04,50000,"0.1",TRUE,5.53245496961398e-05,-4.53449419980464e-05
"bivt",1e-04,50000,"0.01",TRUE,9.84370641025638e-05,-5.34513959641759e-05
"bivt",1e-04,50000,"0.05",TRUE,0.000100163560571725,-4.99122176928748e-05
"bivt",1e-04,50000,"0.1",TRUE,8.62286823493207e-05,-4.66663688251808e-05
"bivt",1e-04,50000,"0.01",TRUE,0.000129242518283754,-5.59922733700834e-05
"bivt",1e-04,50000,"0.05",TRUE,7.22763148266406e-05,-4.30258937053868e-05
"bivt",1e-04,50000,"0.1",TRUE,5.52358418939844e-05,-4.01243310767037e-05
"bivt",1e-04,50000,"0.01",TRUE,8.92096277754703e-05,-4.66803813961018e-05
"bivt",1e-04,50000,"0.05",TRUE,7.92424109845565e-05,-4.82132391429137e-05
"bivt",1e-04,50000,"0.1",TRUE,6.58922573392451e-05,-4.62176493873806e-05
"bivt",1e-04,50000,"0.01",TRUE,0.000107384384268702,-5.47552520965922e-05
"bivt",1e-04,50000,"0.05",TRUE,0.000107533660432755,-4.88898355240506e-05
"bivt",1e-04,50000,"0.1",TRUE,0.00010216683925014,-4.48192879070271e-05
"bivt",1e-04,50000,"0.01",TRUE,0.000164366630657513,-5.44967892844665e-05
"bivt",1e-04,50000,"0.05",TRUE,5.75757433490031e-05,-4.10766876826416e-05
"bivt",1e-04,50000,"0.1",TRUE,4.71284239503118e-05,-3.90177058946554e-05
"bivt",1e-04,50000,"0.01",TRUE,0.000114709373907887,-4.4447518003795e-05
"bivt",1e-04,50000,"0.05",TRUE,5.57768229923576e-05,-4.74409534864639e-05
"bivt",1e-04,50000,"0.1",TRUE,5.12962032626345e-05,-4.45841772032913e-05
"bivt",1e-04,50000,"0.01",TRUE,6.13645078003801e-05,-5.05607225645851e-05
"bivt",1e-04,50000,"0.05",TRUE,6.98371105612779e-05,-4.50802362681367e-05
"bivt",1e-04,50000,"0.1",TRUE,5.7346740417109e-05,-4.15671863130087e-05
"bivt",1e-04,50000,"0.01",TRUE,8.84353694236825e-05,-4.8466927321271e-05
"bivt",1e-04,50000,"0.05",TRUE,6.30443717922803e-05,-4.42148413009417e-05
"bivt",1e-04,50000,"0.1",TRUE,5.75330425501209e-05,-4.25726018918154e-05
"bivt",1e-04,50000,"0.01",TRUE,9.23839707793465e-05,-5.05789734917339e-05
"bivt",1e-04,50000,"0.05",TRUE,7.57108927348011e-05,-5.30664488496018e-05
"bivt",1e-04,50000,"0.1",TRUE,6.38680531109848e-05,-4.83835697228338e-05
"bivt",1e-04,50000,"0.01",TRUE,0.000103164057544709,-5.7788809681462e-05
"bivt",1e-04,50000,"0.05",TRUE,7.96033003945758e-05,-5.02408484996448e-05
"bivt",1e-04,50000,"0.1",TRUE,5.74383285133324e-05,-4.72484314025685e-05
"bivt",1e-04,50000,"0.01",TRUE,0.000146102082977971,-5.65045948453109e-05
"bivt",1e-04,50000,"0.05",TRUE,7.09678403797048e-05,-4.73082302164009e-05
"bivt",1e-04,50000,"0.1",FALSE,5.79962040322586e-05,-4.32277609155573e-05
"bivt",1e-04,50000,"0.01",TRUE,9.15742081778125e-05,-5.19711987408682e-05
"bivt",1e-04,50000,"0.05",TRUE,8.55629148112665e-05,-4.23141829790389e-05
"bivt",1e-04,50000,"0.1",TRUE,5.19470453620559e-05,-3.98717627367386e-05
"bivt",1e-04,50000,"0.01",TRUE,9.92415028675627e-05,-4.81950351496552e-05
"bivt",1e-04,50000,"0.05",TRUE,6.2407618502513e-05,-4.88827004456731e-05
"bivt",1e-04,50000,"0.1",TRUE,5.59718914487911e-05,-4.55724426772339e-05
"bivt",1e-04,50000,"0.01",TRUE,7.09341703133533e-05,-5.18321576255879e-05
"bivt",1e-04,50000,"0.05",TRUE,5.10547987093389e-05,-4.06770022266046e-05
"bivt",1e-04,50000,"0.1",TRUE,4.4185996653474e-05,-3.86540102837004e-05
"bivt",1e-04,50000,"0.01",TRUE,7.76454374253047e-05,-4.55236765777091e-05
"bivt",1e-04,50000,"0.05",TRUE,5.06213663233036e-05,-4.08494518450216e-05
"bivt",1e-04,50000,"0.1",TRUE,3.62852948655316e-05,-3.77089086045765e-05
"bivt",1e-04,50000,"0.01",TRUE,5.9631358821442e-05,-4.69434442315834e-05
"bivt",1e-04,50000,"0.05",TRUE,6.85956899618327e-05,-4.43330428953611e-05
"bivt",1e-04,50000,"0.1",TRUE,5.57882104953384e-05,-4.15572470319222e-05
"bivt",1e-04,50000,"0.01",TRUE,8.5554510166038e-05,-4.85492718062141e-05
"bivt",1e-04,50000,"0.05",TRUE,9.39892621063624e-05,-4.75126721133315e-05
"bivt",1e-04,50000,"0.1",TRUE,6.93845129717028e-05,-4.40307134528762e-05
"bivt",1e-04,50000,"0.01",TRUE,0.000117384513069748,-5.38712776376648e-05
"bivt",1e-04,50000,"0.05",TRUE,8.1670107747316e-05,-4.52234096306404e-05
"bivt",1e-04,50000,"0.1",TRUE,6.51573329576513e-05,-4.20053337609982e-05
"bivt",1e-04,50000,"0.01",TRUE,0.000111403762220153,-5.24113963579358e-05
"bivt",1e-04,50000,"0.05",TRUE,7.72715040806743e-05,-4.65765408583292e-05
"bivt",1e-04,50000,"0.1",TRUE,6.68397228545723e-05,-4.53333059993229e-05
"bivt",1e-04,50000,"0.01",TRUE,0.000103016892884138,-5.16277776234612e-05
"bivt",1e-04,50000,"0.05",TRUE,6.94347375084939e-05,-4.22930223999812e-05
"bivt",1e-04,50000,"0.1",TRUE,6.34117571079993e-05,-4.08036044506716e-05
"bivt",1e-04,50000,"0.01",TRUE,9.81052540241144e-05,-4.90602384912165e-05
"bivt",1e-04,50000,"0.05",TRUE,8.40989006384584e-05,-4.96884435790605e-05
"bivt",1e-04,50000,"0.1",TRUE,7.28581434705719e-05,-4.40909367754046e-05
"bivt",1e-04,50000,"0.01",TRUE,0.000101847125186114,-5.24031341381257e-05
"bivt",1e-04,50000,"0.05",TRUE,7.4514407895563e-05,-4.67757474956157e-05
"bivt",1e-04,50000,"0.1",TRUE,5.83771844961692e-05,-4.27591787659323e-05
"bivt",1e-04,50000,"0.01",TRUE,0.000108911632549651,-5.30217926855299e-05
"bivt",1e-04,50000,"0.05",TRUE,6.32770473811637e-05,-4.42982533623326e-05
"bivt",1e-04,50000,"0.1",TRUE,5.38211125275283e-05,-4.1693964056017e-05
"bivt",1e-04,50000,"0.01",TRUE,8.13870719387179e-05,-4.98515202282633e-05
"bivt",1e-04,50000,"0.05",TRUE,7.44811548027055e-05,-5.02367831354001e-05
"bivt",1e-04,50000,"0.1",TRUE,5.77473091899601e-05,-4.7061919064415e-05
"bivt",1e-04,50000,"0.01",TRUE,8.99110051737652e-05,-5.47835138294359e-05
"bivt",1e-04,50000,"0.05",TRUE,5.43465701102409e-05,-4.12803253501779e-05
"bivt",1e-04,50000,"0.1",TRUE,4.68602804410528e-05,-3.86376017175702e-05
"bivt",1e-04,50000,"0.01",TRUE,8.3271371190352e-05,-4.76563499012336e-05
"bivt",1e-04,50000,"0.05",TRUE,8.17167836190582e-05,-4.74989894185381e-05
"bivt",1e-04,50000,"0.1",TRUE,6.94168310026024e-05,-4.51641718934336e-05
"bivt",1e-04,50000,"0.01",TRUE,0.000107659563606426,-4.98938317065735e-05
"bivt",1e-04,50000,"0.05",TRUE,7.31878870210918e-05,-4.86739018151271e-05
"bivt",1e-04,50000,"0.1",TRUE,6.73835161692753e-05,-4.57866369491769e-05
"bivt",1e-04,50000,"0.01",TRUE,9.47857619411564e-05,-5.59849832452177e-05
"bivt",1e-04,50000,"0.05",TRUE,6.5322503668976e-05,-3.6611296758934e-05
"bivt",1e-04,50000,"0.1",TRUE,5.45088166926975e-05,-3.47321272279921e-05
"bivt",1e-04,50000,"0.01",TRUE,9.01238358835221e-05,-4.1552541859454e-05
"bivt",1e-04,50000,"0.05",TRUE,6.40952986715579e-05,-4.16059836395169e-05
"bivt",1e-04,50000,"0.1",TRUE,6.07197085988372e-05,-4.04238508825908e-05
"bivt",1e-04,50000,"0.01",TRUE,8.79243037123365e-05,-4.70964943155215e-05
"bivt",1e-04,50000,"0.05",TRUE,5.4204485058402e-05,-3.86251141115047e-05
"bivt",1e-04,50000,"0.1",TRUE,4.10662744151978e-05,-3.68830826022026e-05
"bivt",1e-04,50000,"0.01",TRUE,7.23816188014017e-05,-4.47674308193016e-05
"bivt",1e-04,50000,"0.05",TRUE,6.54266363757402e-05,-4.78385670083307e-05
"bivt",1e-04,50000,"0.1",TRUE,5.56188247305335e-05,-4.32906844438881e-05
"bivt",1e-04,50000,"0.01",TRUE,9.17887623645185e-05,-5.25272396144114e-05
"bivt",1e-04,50000,"0.05",TRUE,6.62392788880127e-05,-4.94723016583962e-05
"bivt",1e-04,50000,"0.1",TRUE,5.57092003968639e-05,-4.67422326798922e-05
"bivt",1e-04,50000,"0.01",TRUE,0.000117228935504998,-5.68787048834373e-05
"bivt",1e-04,50000,"0.05",TRUE,8.83074013647321e-05,-4.73747798308025e-05
"bivt",1e-04,50000,"0.1",TRUE,6.76580630680471e-05,-4.45672432512372e-05
"bivt",1e-04,50000,"0.01",TRUE,0.00011638114959392,-5.49385294399046e-05
"bivt",1e-04,50000,"0.05",TRUE,7.88768563348139e-05,-4.6522957130761e-05
"bivt",1e-04,50000,"0.1",TRUE,6.53259811676871e-05,-4.39353054796562e-05
"bivt",1e-04,50000,"0.01",TRUE,0.00010583926040267,-5.26037901138939e-05
"bivt",1e-04,50000,"0.05",TRUE,8.8679457565011e-05,-4.76008077336595e-05
"bivt",1e-04,50000,"0.1",TRUE,7.1247385853026e-05,-4.56857272766912e-05
"bivt",1e-04,50000,"0.01",TRUE,0.000107025147619028,-5.10448413380703e-05
"bivt",1e-04,50000,"0.05",TRUE,6.40628150305258e-05,-4.27012999839591e-05
"bivt",1e-04,50000,"0.1",TRUE,5.54790250839316e-05,-4.02395982261462e-05
"bivt",1e-04,50000,"0.01",TRUE,8.29072076761541e-05,-4.86335962085917e-05
"bivt",1e-04,50000,"0.05",TRUE,9.84344118728584e-05,-4.17858846243291e-05
"bivt",1e-04,50000,"0.1",TRUE,7.53862974957067e-05,-3.85218779456512e-05
"bivt",1e-04,50000,"0.01",TRUE,0.00011993951368833,-4.73047653461329e-05
"bivt",1e-04,50000,"0.05",TRUE,7.67791148683952e-05,-3.87852903629013e-05
"bivt",1e-04,50000,"0.1",FALSE,6.91924136745988e-05,-3.63742833407964e-05
"bivt",1e-04,50000,"0.01",TRUE,9.67822017112021e-05,-4.47093308058952e-05
"bivt",1e-04,50000,"0.05",TRUE,7.74850245275293e-05,-5.07109608860433e-05
"bivt",1e-04,50000,"0.1",TRUE,5.92172380341409e-05,-4.86429572268212e-05
"bivt",1e-04,50000,"0.01",TRUE,0.000114980938081777,-5.67145843404711e-05
"bivt",1e-04,50000,"0.05",TRUE,9.38678622029068e-05,-4.06335808451882e-05
"bivt",1e-04,50000,"0.1",TRUE,8.42604334614945e-05,-3.82201473183448e-05
"bivt",1e-04,50000,"0.01",TRUE,0.000113926499627564,-4.55868666499267e-05
"bivt",1e-04,50000,"0.05",TRUE,6.01104083878181e-05,-4.56310683591339e-05
"bivt",1e-04,50000,"0.1",TRUE,5.27620113557317e-05,-4.1169978777284e-05
"bivt",1e-04,50000,"0.01",TRUE,7.90495521807753e-05,-5.13742529653207e-05
"bivt",1e-04,50000,"0.05",TRUE,6.26016483936361e-05,-4.01034254173891e-05
"bivt",1e-04,50000,"0.1",TRUE,5.05517217102578e-05,-3.75238820807943e-05
"bivt",1e-04,50000,"0.01",TRUE,8.56414620545227e-05,-4.44800917522969e-05
"bivt",1e-04,50000,"0.05",TRUE,4.69344563544673e-05,-4.04066054924182e-05
"bivt",1e-04,50000,"0.1",TRUE,4.23858728381609e-05,-3.91643673687469e-05
"bivt",1e-04,50000,"0.01",TRUE,5.830220293597e-05,-4.40825124101029e-05
"bivt",1e-04,50000,"0.05",TRUE,6.19474671505176e-05,-4.19875810354765e-05
"bivt",1e-04,50000,"0.1",TRUE,4.90309263050647e-05,-4.04209756764817e-05
"bivt",1e-04,50000,"0.01",TRUE,7.54459793715071e-05,-4.69135389438735e-05
"bivt",1e-04,50000,"0.05",TRUE,7.79308320848155e-05,-4.52675052868599e-05
"bivt",1e-04,50000,"0.1",TRUE,7.14278150589949e-05,-4.25782065271035e-05
"bivt",1e-04,50000,"0.01",TRUE,8.91993651950934e-05,-5.04223822711005e-05
"bivt",1e-04,50000,"0.05",TRUE,7.79539042886364e-05,-4.76997043630678e-05
"bivt",1e-04,50000,"0.1",TRUE,7.2050916352185e-05,-4.43148629229378e-05
"bivt",1e-04,50000,"0.01",TRUE,0.000100552291840679,-5.25659008937417e-05
"bivt",1e-04,50000,"0.05",TRUE,0.000111449524344377,-4.49916309498035e-05
"bivt",1e-04,50000,"0.1",TRUE,8.83576984885432e-05,-4.11474010100207e-05
"bivt",1e-04,50000,"0.01",TRUE,0.000123543399170027,-5.01600844511853e-05
"bivt",1e-04,50000,"0.05",TRUE,5.54882327893028e-05,-4.22993343078325e-05
"bivt",1e-04,50000,"0.1",TRUE,4.73085789037196e-05,-3.96392654517545e-05
"bivt",1e-04,50000,"0.01",TRUE,7.3496941897486e-05,-4.78197942084712e-05
"bivt",1e-04,50000,"0.05",TRUE,0.000116071996138742,-4.49301762347887e-05
"bivt",1e-04,50000,"0.1",TRUE,9.62609854050692e-05,-4.11095949379111e-05
"bivt",1e-04,50000,"0.01",TRUE,0.000133840424787612,-5.17443339911353e-05
"bivt",1e-04,50000,"0.05",TRUE,6.04861341905073e-05,-4.08252698792092e-05
"bivt",1e-04,50000,"0.1",TRUE,4.88163408742518e-05,-3.83774663194386e-05
"bivt",1e-04,50000,"0.01",TRUE,6.90967438368141e-05,-4.93941134312628e-05
"bivt",1e-04,50000,"0.05",TRUE,8.11095531461307e-05,-5.51117203955194e-05
"bivt",1e-04,50000,"0.1",TRUE,7.4859457472047e-05,-4.98846983333126e-05
"bivt",1e-04,50000,"0.01",TRUE,0.000111901550614007,-5.94625960109567e-05
"bivt",1e-04,50000,"0.05",TRUE,6.92447389469706e-05,-4.57327056398085e-05
"bivt",1e-04,50000,"0.1",TRUE,5.67467415914142e-05,-4.45008496009576e-05
"bivt",1e-04,50000,"0.01",TRUE,8.75369947635463e-05,-4.8572678665071e-05
"bivt",1e-04,50000,"0.05",TRUE,5.24016289044602e-05,-4.76734889872448e-05
"bivt",1e-04,50000,"0.1",TRUE,4.33443177349519e-05,-4.27922765238156e-05
"bivt",1e-04,50000,"0.01",TRUE,7.84330480351142e-05,-5.36606784347649e-05
"bivt",1e-04,50000,"0.05",TRUE,7.83563649874653e-05,-4.19590823963463e-05
"bivt",1e-04,50000,"0.1",TRUE,6.95063766604501e-05,-3.94766524439475e-05
"bivt",1e-04,50000,"0.01",TRUE,9.79275608695551e-05,-4.71645439422434e-05
"bivt",1e-04,50000,"0.05",TRUE,6.43402429052849e-05,-4.13010331001132e-05
"bivt",1e-04,50000,"0.1",TRUE,5.41427979607887e-05,-3.86678646951975e-05
"bivt",1e-04,50000,"0.01",TRUE,8.86333834068876e-05,-4.53803017240507e-05
"bivt",1e-04,50000,"0.05",TRUE,5.34312345469589e-05,-4.11774462546532e-05
"bivt",1e-04,50000,"0.1",TRUE,4.52152482246426e-05,-3.81139321143961e-05
"bivt",1e-04,50000,"0.01",TRUE,7.14257823515486e-05,-4.50631463060949e-05
"bivt",1e-04,50000,"0.05",TRUE,0.000110603554293026,-4.47491925262575e-05
"bivt",1e-04,50000,"0.1",TRUE,8.76692892021456e-05,-4.29389376657092e-05
"bivt",1e-04,50000,"0.01",TRUE,0.000121879002769957,-5.01968880451269e-05
"bivt",1e-04,50000,"0.05",TRUE,6.5715550014726e-05,-4.19909685374596e-05
"bivt",1e-04,50000,"0.1",TRUE,5.73763010322932e-05,-3.93970998853107e-05
"bivt",1e-04,50000,"0.01",TRUE,8.73373944068152e-05,-4.7154709043073e-05
"bivt",1e-04,50000,"0.05",FALSE,4.55825733738742e-05,-4.26544153992785e-05
"bivt",1e-04,50000,"0.1",FALSE,3.97570159771449e-05,-3.89722159102853e-05
"bivt",1e-04,50000,"0.01",TRUE,5.46595753731976e-05,-4.89547706041075e-05
"bivt",1e-04,50000,"0.05",TRUE,5.78226731085595e-05,-4.04114115613924e-05
"bivt",1e-04,50000,"0.1",TRUE,5.00320232199553e-05,-3.64846514587916e-05
"bivt",1e-04,50000,"0.01",TRUE,7.69889872525813e-05,-4.60729126269742e-05
"bivt",1e-04,50000,"0.05",TRUE,0.000104790582526528,-4.4483898345594e-05
"bivt",1e-04,50000,"0.1",TRUE,8.39233718313231e-05,-4.06415617324438e-05
"bivt",1e-04,50000,"0.01",TRUE,0.000123297849717586,-4.68355381764992e-05
"bivt",1e-04,50000,"0.05",TRUE,6.35250540111358e-05,-4.66425808753839e-05
"bivt",1e-04,50000,"0.1",TRUE,5.42840781970293e-05,-4.2333993248243e-05
"bivt",1e-04,50000,"0.01",TRUE,7.49490086028817e-05,-4.97432300940905e-05
"bivt",1e-04,50000,"0.05",TRUE,5.41212646818012e-05,-4.11065359044637e-05
"bivt",1e-04,50000,"0.1",TRUE,4.83351043048937e-05,-3.92130855535795e-05
"bivt",1e-04,50000,"0.01",TRUE,7.1778677413072e-05,-4.47709495362947e-05
"bivt",1e-04,50000,"0.05",TRUE,0.000122497082504966,-5.55059647343433e-05
"bivt",1e-04,50000,"0.1",TRUE,8.94855309139246e-05,-5.23460521762234e-05
"bivt",1e-04,50000,"0.01",TRUE,0.000161279565032772,-6.11196276325775e-05
"bivt",1e-04,50000,"0.05",TRUE,7.65682915029325e-05,-4.26081046907722e-05
"bivt",1e-04,50000,"0.1",TRUE,5.86860657577835e-05,-4.13078615907702e-05
"bivt",1e-04,50000,"0.01",TRUE,0.000156977234407084,-4.83134857657865e-05
"bivt",1e-04,50000,"0.05",TRUE,5.57877884750078e-05,-3.90877407722458e-05
"bivt",1e-04,50000,"0.1",TRUE,4.67706055341795e-05,-3.68793724525386e-05
"bivt",1e-04,50000,"0.01",TRUE,7.66204198580028e-05,-4.38752021492398e-05
"bivt",1e-04,50000,"0.05",TRUE,6.02163264397791e-05,-4.64729440480616e-05
"bivt",1e-04,50000,"0.1",TRUE,5.48501610439749e-05,-4.2770158341241e-05
"bivt",1e-04,50000,"0.01",TRUE,7.6131432892736e-05,-5.42854819136333e-05
"bivt",1e-04,50000,"0.05",TRUE,8.52690500903508e-05,-4.68981455875684e-05
"bivt",1e-04,50000,"0.1",TRUE,7.03106671088499e-05,-4.34993605333832e-05
"bivt",1e-04,50000,"0.01",TRUE,0.000112481870550162,-5.33894335926399e-05
"bivt",1e-04,50000,"0.05",TRUE,7.46114053529395e-05,-4.57471355433118e-05
"bivt",1e-04,50000,"0.1",TRUE,6.73806926611659e-05,-4.25331762089926e-05
"bivt",1e-04,50000,"0.01",TRUE,9.62007340899047e-05,-4.95549226728729e-05
"bivt",1e-04,50000,"0.05",TRUE,6.97321975684852e-05,-4.74722830861249e-05
"bivt",1e-04,50000,"0.1",TRUE,6.20776038498478e-05,-4.49421711172811e-05
"bivt",1e-04,50000,"0.01",TRUE,8.80007132823922e-05,-5.42001434034758e-05
"bivt",1e-04,50000,"0.05",TRUE,7.38593348659615e-05,-4.5822942671544e-05
"bivt",1e-04,50000,"0.1",TRUE,6.32610750228752e-05,-4.30341312130987e-05
"bivt",1e-04,50000,"0.01",TRUE,9.33909196158477e-05,-4.92397524906213e-05
"bivt",1e-04,50000,"0.05",TRUE,6.32526539751032e-05,-4.78452367145705e-05
"bivt",1e-04,50000,"0.1",TRUE,5.22258358529812e-05,-4.51617661897298e-05
"bivt",1e-04,50000,"0.01",TRUE,8.57682177530536e-05,-5.31778253493917e-05
"bivt",1e-04,50000,"0.05",TRUE,9.76414041092027e-05,-4.55777291364919e-05
"bivt",1e-04,50000,"0.1",TRUE,8.29656493956238e-05,-4.36143249144753e-05
"bivt",1e-04,50000,"0.01",TRUE,0.000134714981722225,-4.93972115238994e-05
"bivt",1e-04,50000,"0.05",TRUE,6.01884532418448e-05,-4.5896458894171e-05
"bivt",1e-04,50000,"0.1",TRUE,5.47092215473084e-05,-4.36128628529899e-05
"bivt",1e-04,50000,"0.01",TRUE,8.2324606566831e-05,-5.34818621928658e-05
"bivt",1e-04,50000,"0.05",TRUE,5.97123320740541e-05,-4.41152768575306e-05
"bivt",1e-04,50000,"0.1",TRUE,5.24381820000894e-05,-4.15115145104516e-05
"bivt",1e-04,50000,"0.01",TRUE,7.14084629178391e-05,-4.77632847664095e-05
"bivt",1e-04,50000,"0.05",TRUE,7.58965311451381e-05,-4.39892567480905e-05
"bivt",1e-04,50000,"0.1",TRUE,6.40760067552755e-05,-4.17549756217407e-05
"bivt",1e-04,50000,"0.01",TRUE,9.62772547012735e-05,-4.87038679048608e-05
"bivt",1e-04,50000,"0.05",TRUE,8.73642841177887e-05,-4.99458333291156e-05
"bivt",1e-04,50000,"0.1",TRUE,7.40691642273609e-05,-4.78963861439619e-05
"bivt",1e-04,50000,"0.01",TRUE,0.000104726190064555,-5.58676020823032e-05
"bivt",1e-04,50000,"0.05",TRUE,0.000105962533356142,-4.7319844648097e-05
"bivt",1e-04,50000,"0.1",TRUE,8.09560785679866e-05,-4.29197729615969e-05
"bivt",1e-04,50000,"0.01",TRUE,0.000133580504379331,-5.24946510179531e-05
"bivt",1e-04,50000,"0.05",TRUE,0.000119106634002256,-4.35908367625448e-05
"bivt",1e-04,50000,"0.1",TRUE,9.81745472439525e-05,-4.15267932403172e-05
"bivt",1e-04,50000,"0.01",TRUE,0.000165294004512304,-4.71883149218373e-05
"bivt",1e-04,50000,"0.05",TRUE,7.69443697516977e-05,-4.1734912622731e-05
"bivt",1e-04,50000,"0.1",TRUE,6.71366280189168e-05,-3.93340629828681e-05
"bivt",1e-04,50000,"0.01",TRUE,0.000113815046919852,-4.8673594952934e-05
"bivt",1e-04,50000,"0.05",TRUE,7.6725527977136e-05,-5.01518132032419e-05
"bivt",1e-04,50000,"0.1",TRUE,5.82537982178617e-05,-4.61558446798075e-05
"bivt",1e-04,50000,"0.01",TRUE,0.000119629634647015,-5.25054421007977e-05
"bivt",1e-04,50000,"0.05",TRUE,7.86790998921968e-05,-4.60182111278049e-05
"bivt",1e-04,50000,"0.1",TRUE,6.72216428905533e-05,-4.34350159746578e-05
"bivt",1e-04,50000,"0.01",TRUE,9.92467412041081e-05,-5.10500529714804e-05
"bivt",1e-04,50000,"0.05",TRUE,5.34837185926637e-05,-4.14929115054075e-05
"bivt",1e-04,50000,"0.1",TRUE,4.47238510414611e-05,-3.77486450446663e-05
"bivt",1e-04,50000,"0.01",TRUE,6.40108886256145e-05,-4.9379677406438e-05
"bivt",1e-04,50000,"0.05",TRUE,0.000121739445469396,-5.72036535505981e-05
"bivt",1e-04,50000,"0.1",TRUE,0.000117502516378662,-5.465379257357e-05
"bivt",1e-04,50000,"0.01",TRUE,0.000166414705767422,-6.05189163122615e-05
"bivt",1e-04,50000,"0.05",TRUE,6.14381401962576e-05,-4.41712247808142e-05
"bivt",1e-04,50000,"0.1",TRUE,5.01265987015024e-05,-4.05649402761797e-05
"bivt",1e-04,50000,"0.01",TRUE,7.72400670204784e-05,-4.83547679273725e-05
"bivt",1e-04,50000,"0.05",TRUE,8.16721636715257e-05,-4.78991042377333e-05
"bivt",1e-04,50000,"0.1",TRUE,6.97363547599202e-05,-4.41417294042693e-05
"bivt",1e-04,50000,"0.01",TRUE,0.000121524177827775,-5.10325251818301e-05
"bivt",1e-04,50000,"0.05",TRUE,6.64337842331347e-05,-4.22913884494078e-05
"bivt",1e-04,50000,"0.1",TRUE,5.69789825376634e-05,-3.90176347871051e-05
"bivt",1e-04,50000,"0.01",TRUE,8.07818318545264e-05,-4.93157791248453e-05
"bivt",1e-04,50000,"0.05",TRUE,5.94149315470126e-05,-4.71160825132849e-05
"bivt",1e-04,50000,"0.1",TRUE,5.06023420741529e-05,-4.39078426293906e-05
"bivt",1e-04,50000,"0.01",TRUE,7.76927551556307e-05,-4.92931922617702e-05
"bivt",1e-04,50000,"0.05",TRUE,6.82563793998166e-05,-4.8409001246876e-05
"bivt",1e-04,50000,"0.1",TRUE,5.87697148395295e-05,-4.43246668787515e-05
"bivt",1e-04,50000,"0.01",TRUE,9.71925874380229e-05,-5.34220417314287e-05
"bivt",1e-04,50000,"0.05",TRUE,5.97456454187014e-05,-4.13008458950027e-05
"bivt",1e-04,50000,"0.1",TRUE,5.41467431749419e-05,-4.00349518041196e-05
"bivt",1e-04,50000,"0.01",TRUE,8.19968608174735e-05,-4.63645018489249e-05
"bivt",1e-04,50000,"0.05",TRUE,5.1404374289113e-05,-4.58216536325471e-05
"bivt",1e-04,50000,"0.1",TRUE,4.33941286777648e-05,-4.4486494816462e-05
"bivt",1e-04,50000,"0.01",TRUE,7.18845938277873e-05,-4.98211566370706e-05
"bivt",1e-04,50000,"0.05",TRUE,7.91376018002889e-05,-4.22369673184877e-05
"bivt",1e-04,50000,"0.1",TRUE,6.68539722296967e-05,-4.0116810284965e-05
"bivt",1e-04,50000,"0.01",TRUE,0.000150755577179882,-4.74102684046886e-05
"bivt",1e-04,50000,"0.05",TRUE,8.11496701985104e-05,-4.37548511661073e-05
"bivt",1e-04,50000,"0.1",TRUE,6.77699245383476e-05,-3.89454421816906e-05
"bivt",1e-04,50000,"0.01",TRUE,9.59571870894071e-05,-4.86420415663152e-05
"bivt",1e-04,50000,"0.05",TRUE,7.29718239113753e-05,-4.89315823010123e-05
"bivt",1e-04,50000,"0.1",TRUE,6.33368475757851e-05,-4.64431783544113e-05
"bivt",1e-04,50000,"0.01",TRUE,0.000111060187910778,-5.50041034576696e-05
"bivt",1e-04,50000,"0.05",TRUE,5.02305109734795e-05,-3.96970506127275e-05
"bivt",1e-04,50000,"0.1",FALSE,4.38703574413815e-05,-3.62994555327845e-05
"bivt",1e-04,50000,"0.01",TRUE,6.90600507363194e-05,-4.55406328286655e-05
"bivt",1e-04,50000,"0.05",TRUE,7.43765238054378e-05,-4.01403881253364e-05
"bivt",1e-04,50000,"0.1",TRUE,7.20900863952163e-05,-3.77524968226458e-05
"bivt",1e-04,50000,"0.01",TRUE,0.000107709763395481,-4.30590384408557e-05
"bivt",1e-04,50000,"0.05",TRUE,9.22694597127876e-05,-4.67750116966983e-05
"bivt",1e-04,50000,"0.1",TRUE,8.02256354381828e-05,-4.53092037552294e-05
"bivt",1e-04,50000,"0.01",TRUE,0.000120796335636659,-5.16248986378649e-05
"bivt",1e-04,50000,"0.05",TRUE,7.8930904223073e-05,-3.84402022102527e-05
"bivt",1e-04,50000,"0.1",TRUE,6.29963707783173e-05,-3.58445575080095e-05
"bivt",1e-04,50000,"0.01",TRUE,9.79192722815988e-05,-4.35426762902336e-05
"bivt",1e-04,50000,"0.05",TRUE,6.78907849002877e-05,-4.76311780422323e-05
"bivt",1e-04,50000,"0.1",TRUE,6.4518913294116e-05,-4.61789839701425e-05
"bivt",1e-04,50000,"0.01",TRUE,0.00010006069808428,-5.47628884969419e-05
"bivt",1e-04,50000,"0.05",TRUE,9.22724435985513e-05,-4.75087509622537e-05
"bivt",1e-04,50000,"0.1",TRUE,7.43139517247369e-05,-4.45291765477302e-05
"bivt",1e-04,50000,"0.01",TRUE,0.000108777993818485,-5.47170992912736e-05
"bivt",1e-04,50000,"0.05",TRUE,7.5638025413667e-05,-4.47502970295816e-05
"bivt",1e-04,50000,"0.1",TRUE,6.53193398559141e-05,-4.21034745087134e-05
"bivt",1e-04,50000,"0.01",TRUE,9.48767310262341e-05,-4.9933822689462e-05
"bivt",1e-04,50000,"0.05",TRUE,7.18378986354677e-05,-4.60579978365127e-05
"bivt",1e-04,50000,"0.1",TRUE,5.80481696902308e-05,-4.34608164143324e-05
"bivt",1e-04,50000,"0.01",TRUE,0.000108410589580559,-5.06153104312527e-05
"bivt",1e-04,50000,"0.05",TRUE,6.93642737780002e-05,-5.20184719719856e-05
"bivt",1e-04,50000,"0.1",TRUE,6.01923872942962e-05,-4.93058979594352e-05
"bivt",1e-04,50000,"0.01",TRUE,0.000106418187523402,-5.64488500663363e-05
"bivt",1e-04,50000,"0.05",TRUE,7.70550826793816e-05,-4.40086779118483e-05
"bivt",1e-04,50000,"0.1",TRUE,6.82524279407132e-05,-4.06236363950988e-05
"bivt",1e-04,50000,"0.01",TRUE,9.50895309569592e-05,-4.80996998669408e-05
"bivt",1e-04,50000,"0.05",TRUE,6.06276070957812e-05,-4.79629525880321e-05
"bivt",1e-04,50000,"0.1",TRUE,5.64033373829747e-05,-4.33726154229929e-05
"bivt",1e-04,50000,"0.01",TRUE,8.3274893121916e-05,-4.95839801490456e-05
"bivt",1e-04,50000,"0.05",TRUE,0.000105957049409331,-4.95291943528767e-05
"bivt",1e-04,50000,"0.1",TRUE,8.87231345567159e-05,-4.6280427873574e-05
"bivt",1e-04,50000,"0.01",TRUE,0.000118190541879579,-5.56857485546991e-05
"bivt",1e-04,50000,"0.05",TRUE,6.38619841934634e-05,-4.57191317418341e-05
"bivt",1e-04,50000,"0.1",TRUE,5.79802633893052e-05,-4.45112784543966e-05
"bivt",1e-04,50000,"0.01",TRUE,7.77250770130682e-05,-5.16657669193959e-05
"bivt",1e-04,50000,"0.05",TRUE,6.43904904708223e-05,-4.49316268145381e-05
"bivt",1e-04,50000,"0.1",TRUE,5.12737372718159e-05,-4.28076090432347e-05
"bivt",1e-04,50000,"0.01",TRUE,7.8792902316756e-05,-5.20179242673806e-05
"bivt",1e-04,50000,"0.05",TRUE,5.79611989847893e-05,-4.14760126617708e-05
"bivt",1e-04,50000,"0.1",TRUE,5.33727651202143e-05,-4.01379433577437e-05
"bivt",1e-04,50000,"0.01",TRUE,7.46202774353228e-05,-4.76005092084397e-05
"bivt",1e-04,50000,"0.05",TRUE,5.27276837312801e-05,-4.00343511180149e-05
"bivt",1e-04,50000,"0.1",TRUE,4.37214870837208e-05,-3.69620903056119e-05
"bivt",1e-04,50000,"0.01",TRUE,7.45602327442292e-05,-4.46906105469173e-05
"bivt",1e-04,50000,"0.05",TRUE,6.73404406952791e-05,-4.51238403378408e-05
"bivt",1e-04,50000,"0.1",TRUE,5.76039096481335e-05,-4.23846916172567e-05
"bivt",1e-04,50000,"0.01",TRUE,7.79266972824334e-05,-5.03912341411441e-05
"bivt",1e-04,50000,"0.05",TRUE,6.18604467049376e-05,-4.23892391380652e-05
"bivt",1e-04,50000,"0.1",TRUE,5.17743224923124e-05,-3.94430531153551e-05
"bivt",1e-04,50000,"0.01",TRUE,8.70112872677424e-05,-4.74464458755366e-05
"bivt",1e-04,50000,"0.05",TRUE,8.56573664887152e-05,-4.75784273913787e-05
"bivt",1e-04,50000,"0.1",TRUE,6.00007980839022e-05,-4.49411041022556e-05
"bivt",1e-04,50000,"0.01",TRUE,0.000109821990334943,-5.55443438910541e-05
"bivt",1e-04,50000,"0.05",TRUE,5.89156490408366e-05,-4.30922133579672e-05
"bivt",1e-04,50000,"0.1",TRUE,5.104004545332e-05,-4.08875928252804e-05
"bivt",1e-04,50000,"0.01",TRUE,6.79746085933435e-05,-4.80669299951954e-05
"bivt",1e-04,50000,"0.05",TRUE,8.27269978583815e-05,-4.86610406178259e-05
"bivt",1e-04,50000,"0.1",TRUE,7.11633316261109e-05,-4.41072696702636e-05
"bivt",1e-04,50000,"0.01",TRUE,0.000104966099275407,-5.41347916621451e-05
"bivt",1e-04,50000,"0.05",TRUE,5.83271845956573e-05,-3.89970648186872e-05
"bivt",1e-04,50000,"0.1",TRUE,4.93657955642896e-05,-3.69023788757772e-05
"bivt",1e-04,50000,"0.01",TRUE,7.27653359529079e-05,-4.63083683349046e-05
"bivt",1e-04,50000,"0.05",TRUE,8.45499889409533e-05,-4.48188463211886e-05
"bivt",1e-04,50000,"0.1",TRUE,7.80394500601703e-05,-4.21456925605143e-05
"bivt",1e-04,50000,"0.01",TRUE,0.000104005255629167,-5.07028980656422e-05
"bivt",1e-04,50000,"0.05",TRUE,5.69337912115365e-05,-4.54726567064659e-05
"bivt",1e-04,50000,"0.1",TRUE,5.31168011840215e-05,-4.14617228246814e-05
"bivt",1e-04,50000,"0.01",TRUE,8.1914569929763e-05,-4.90294211621305e-05
"bivt",1e-04,50000,"0.05",TRUE,8.33878410959795e-05,-5.24186753600124e-05
"bivt",1e-04,50000,"0.1",TRUE,6.65212526622502e-05,-5.07981987627018e-05
"bivt",1e-04,50000,"0.01",TRUE,0.000108583055009046,-5.89718849312843e-05
"bivt",1e-04,50000,"0.05",TRUE,6.90584482108153e-05,-4.764268886546e-05
"bivt",1e-04,50000,"0.1",TRUE,5.77707425687701e-05,-4.4423261466022e-05
"bivt",1e-04,50000,"0.01",TRUE,0.000103812966504964,-5.25072721793081e-05
"bivt",1e-04,50000,"0.05",TRUE,0.000106752268670015,-5.91912276520913e-05
"bivt",1e-04,50000,"0.1",TRUE,8.41539551345769e-05,-5.65508142773101e-05
"bivt",1e-04,50000,"0.01",TRUE,0.000128937020799294,-6.24426456447859e-05
"bivt",1e-04,50000,"0.05",TRUE,9.83017185682899e-05,-4.86234908785406e-05
"bivt",1e-04,50000,"0.1",TRUE,8.23326405036955e-05,-4.47549777485365e-05
"bivt",1e-04,50000,"0.01",TRUE,0.000129331203715488,-5.48535405229847e-05
"bivt",1e-04,50000,"0.05",TRUE,5.76468484227297e-05,-4.03092966933651e-05
"bivt",1e-04,50000,"0.1",TRUE,4.70802437091896e-05,-3.80462912484887e-05
"bivt",1e-04,50000,"0.01",TRUE,8.37749890438614e-05,-4.53446858861959e-05
"bivt",1e-04,50000,"0.05",TRUE,6.29349577254179e-05,-3.9579053507544e-05
"bivt",1e-04,50000,"0.1",TRUE,5.68001852445319e-05,-3.68016913349477e-05
"bivt",1e-04,50000,"0.01",TRUE,7.46839910172936e-05,-4.3494418314423e-05
"bivt",1e-04,50000,"0.05",TRUE,5.50771467430426e-05,-4.11543235072989e-05
"bivt",1e-04,50000,"0.1",TRUE,4.4402241345946e-05,-3.86575371832499e-05
"bivt",1e-04,50000,"0.01",TRUE,7.83918742569828e-05,-4.45222720618543e-05
"bivt",1e-04,50000,"0.05",TRUE,5.87903756965194e-05,-4.2191366940179e-05
"bivt",1e-04,50000,"0.1",TRUE,5.24376061755362e-05,-3.87254148031961e-05
"bivt",1e-04,50000,"0.01",TRUE,7.41599091098835e-05,-4.67449568669748e-05
"bivt",1e-04,50000,"0.05",TRUE,5.51630932632592e-05,-4.13452251087429e-05
"bivt",1e-04,50000,"0.1",TRUE,4.17990950456317e-05,-3.80039666790163e-05
"bivt",1e-04,50000,"0.01",TRUE,8.12013473770733e-05,-4.77788277643207e-05
"bivt",1e-04,50000,"0.05",TRUE,6.08435253974978e-05,-4.57288108354923e-05
"bivt",1e-04,50000,"0.1",TRUE,5.65704090642143e-05,-4.37247500924079e-05
"bivt",1e-04,50000,"0.01",TRUE,8.01499873440317e-05,-4.9759248347269e-05
"bivt",1e-04,50000,"0.05",TRUE,5.74090126366539e-05,-4.3642385294569e-05
"bivt",1e-04,50000,"0.1",TRUE,5.38891650673423e-05,-4.11173165075622e-05
"bivt",1e-04,50000,"0.01",TRUE,8.22178440450024e-05,-4.9460376591003e-05
"bivt",1e-04,50000,"0.05",TRUE,5.05463374651717e-05,-4.15486868912454e-05
"bivt",1e-04,50000,"0.1",FALSE,4.07289616840139e-05,-3.89358350320247e-05
"bivt",1e-04,50000,"0.01",TRUE,6.64868776821124e-05,-4.4572250626863e-05
"bivt",1e-04,50000,"0.05",TRUE,6.24781537018702e-05,-4.17102825223647e-05
"bivt",1e-04,50000,"0.1",TRUE,5.63911775454435e-05,-3.976187089046e-05
"bivt",1e-04,50000,"0.01",TRUE,7.72063604245962e-05,-4.60975259329542e-05
"bivt",1e-04,50000,"0.05",TRUE,9.27666879801768e-05,-4.82519328997763e-05
"bivt",1e-04,50000,"0.1",TRUE,7.48618531871092e-05,-4.67987661598778e-05
"bivt",1e-04,50000,"0.01",TRUE,0.000126314782868267,-5.21287648553797e-05
"bivt",1e-04,50000,"0.05",TRUE,9.27265780917351e-05,-4.57792837508937e-05
"bivt",1e-04,50000,"0.1",TRUE,7.37128567669539e-05,-4.3926855802052e-05
"bivt",1e-04,50000,"0.01",TRUE,0.000127275404528559,-5.09166091459015e-05
"bivt",1e-04,50000,"0.05",TRUE,5.87523594186087e-05,-4.41193530101062e-05
"bivt",1e-04,50000,"0.1",TRUE,5.28697062184145e-05,-4.20449619831259e-05
"bivt",1e-04,50000,"0.01",TRUE,7.40774111285211e-05,-4.94032248651788e-05
"bivt",1e-04,50000,"0.05",TRUE,9.71410630008293e-05,-5.19240759257068e-05
"bivt",1e-04,50000,"0.1",TRUE,7.50182087736076e-05,-4.7170262715676e-05
"bivt",1e-04,50000,"0.01",TRUE,0.000122227641304964,-5.61934992303587e-05
"bivt",1e-04,50000,"0.05",TRUE,6.17406257628429e-05,-4.64914701049033e-05
"bivt",1e-04,50000,"0.1",TRUE,5.51439393394392e-05,-4.32916697472258e-05
"bivt",1e-04,50000,"0.01",TRUE,8.72906253983449e-05,-5.06082160036896e-05
"bivt",1e-04,50000,"0.05",TRUE,6.63995599431925e-05,-4.630854752117e-05
"bivt",1e-04,50000,"0.1",TRUE,5.05737973227365e-05,-4.05123931706716e-05
"bivt",1e-04,50000,"0.01",TRUE,9.68074787377742e-05,-5.08748664885785e-05
"bivt",1e-04,50000,"0.05",TRUE,7.23770882362162e-05,-4.31726450975663e-05
"bivt",1e-04,50000,"0.1",TRUE,5.92594270533326e-05,-4.14817878542876e-05
"bivt",1e-04,50000,"0.01",TRUE,0.000109472296352838,-4.65283366029844e-05
"bivt",1e-04,50000,"0.05",TRUE,5.46185853885522e-05,-4.19009863301996e-05
"bivt",1e-04,50000,"0.1",TRUE,4.75616281920244e-05,-4.00999176237015e-05
"bivt",1e-04,50000,"0.01",TRUE,6.76371011417399e-05,-4.55692006835231e-05
"bivt",1e-04,50000,"0.05",TRUE,6.57398467946157e-05,-4.32282581067131e-05
"bivt",1e-04,50000,"0.1",TRUE,5.52442567004834e-05,-4.15767733027479e-05
"bivt",1e-04,50000,"0.01",TRUE,8.69599309665969e-05,-4.55586385098188e-05
"bivt",1e-04,50000,"0.05",TRUE,7.01926208590091e-05,-4.57143608768765e-05
"bivt",1e-04,50000,"0.1",TRUE,5.89833392831999e-05,-4.41538829575755e-05
"bivt",1e-04,50000,"0.01",TRUE,9.96078224653389e-05,-5.2494666281025e-05
"bivt",1e-04,50000,"0.05",TRUE,4.44526544363477e-05,-4.16159118864391e-05
"bivt",1e-04,50000,"0.1",TRUE,3.76642264804056e-05,-3.82285829414358e-05
"bivt",1e-04,50000,"0.01",TRUE,5.60003620281222e-05,-4.52084582389576e-05
"bivt",1e-04,50000,"0.05",TRUE,6.34012254186371e-05,-4.52335517708353e-05
"bivt",1e-04,50000,"0.1",TRUE,5.52298952164173e-05,-4.37739317096479e-05
"bivt",1e-04,50000,"0.01",TRUE,7.81932259218491e-05,-4.8360748044668e-05
"bivt",1e-04,50000,"0.05",TRUE,9.06257645287275e-05,-4.82193517618786e-05
"bivt",1e-04,50000,"0.1",TRUE,7.5608854259287e-05,-4.46333122517411e-05
"bivt",1e-04,50000,"0.01",TRUE,0.000113777234841453,-5.29018935040857e-05
"bivt",1e-04,50000,"0.05",TRUE,8.17694026719393e-05,-4.58738663442249e-05
"bivt",1e-04,50000,"0.1",TRUE,6.90949052480986e-05,-4.20312120403031e-05
"bivt",1e-04,50000,"0.01",TRUE,9.89241850903565e-05,-5.0188108897191e-05
"bivt",1e-04,50000,"0.05",TRUE,7.47642166138241e-05,-4.57357723621744e-05
"bivt",1e-04,50000,"0.1",TRUE,6.47122218031248e-05,-4.32940788906995e-05
"bivt",1e-04,50000,"0.01",TRUE,0.000128546902999487,-5.04061315567933e-05
"bivt",1e-04,50000,"0.05",TRUE,4.34866049555838e-05,-4.46338095008208e-05
"bivt",1e-04,50000,"0.1",TRUE,4.04175848742685e-05,-4.18921747036714e-05
"bivt",1e-04,50000,"0.01",TRUE,5.53848245897834e-05,-5.01083885036643e-05
"bivt",1e-04,50000,"0.05",TRUE,0.000102744291324972,-4.40201268857118e-05
"bivt",1e-04,50000,"0.1",TRUE,9.3167578319894e-05,-4.26146350461196e-05
"bivt",1e-04,50000,"0.01",TRUE,0.000128408251914218,-4.92638989355789e-05
"bivt",1e-04,50000,"0.05",TRUE,8.74652943740268e-05,-4.63136609858458e-05
"bivt",1e-04,50000,"0.1",FALSE,6.57981509002368e-05,-4.28597052899542e-05
"bivt",1e-04,50000,"0.01",TRUE,0.000117480308076129,-5.22873680315173e-05
"bivt",1e-04,50000,"0.05",TRUE,9.60946631819104e-05,-4.52107976505066e-05
"bivt",1e-04,50000,"0.1",TRUE,7.27531450432154e-05,-4.16092423068639e-05
"bivt",1e-04,50000,"0.01",TRUE,0.000123872374564845,-4.96655254396956e-05
"bivt",1e-04,50000,"0.05",TRUE,0.00010727858445343,-4.61082801471611e-05
"bivt",1e-04,50000,"0.1",TRUE,7.96258264964151e-05,-4.38208291183846e-05
"bivt",1e-04,50000,"0.01",TRUE,0.000143753065980065,-4.95336862004604e-05
"bivt",1e-04,50000,"0.05",TRUE,6.02979638674063e-05,-4.02401319312756e-05
"bivt",1e-04,50000,"0.1",TRUE,4.45419350864408e-05,-3.83323904183642e-05
"bivt",1e-04,50000,"0.01",TRUE,9.29975375206511e-05,-4.36093893953672e-05
"bivt",1e-04,50000,"0.05",FALSE,7.23988389975576e-05,-4.20345936881819e-05
"bivt",1e-04,50000,"0.1",FALSE,5.76629326891252e-05,-4.08935054651388e-05
"bivt",1e-04,50000,"0.01",TRUE,8.57903531076351e-05,-4.73830446673052e-05
"bivt",1e-04,50000,"0.05",TRUE,6.84348383497668e-05,-4.76899947276818e-05
"bivt",1e-04,50000,"0.1",TRUE,6.30827809501388e-05,-4.46264530412707e-05
"bivt",1e-04,50000,"0.01",TRUE,9.8083757843177e-05,-5.3193458245121e-05
"bivt",1e-04,50000,"0.05",TRUE,8.74538185430332e-05,-4.319157546485e-05
"bivt",1e-04,50000,"0.1",TRUE,7.8606029309834e-05,-4.0752974373947e-05
"bivt",1e-04,50000,"0.01",TRUE,0.000104670736502408,-4.675733572573e-05
"bivt",1e-04,50000,"0.05",TRUE,5.79633491626834e-05,-4.39702217324686e-05
"bivt",1e-04,50000,"0.1",TRUE,4.4237234135472e-05,-4.15652982425748e-05
"bivt",1e-04,50000,"0.01",TRUE,9.90607550179616e-05,-4.84184554472904e-05
"bivt",1e-04,50000,"0.05",TRUE,0.000130026310577315,-5.17636692654053e-05
"bivt",1e-04,50000,"0.1",TRUE,9.4159153872254e-05,-4.99059408881779e-05
"bivt",1e-04,50000,"0.01",TRUE,0.000151478395962361,-6.01059111602552e-05
"bivt",1e-04,50000,"0.05",TRUE,6.82465356650986e-05,-4.53793174511584e-05
"bivt",1e-04,50000,"0.1",TRUE,5.47726433361883e-05,-4.27199126927323e-05
"bivt",1e-04,50000,"0.01",TRUE,7.85987470921932e-05,-4.8275603125358e-05
"bivt",1e-04,50000,"0.05",TRUE,6.09880982725269e-05,-4.24442669886859e-05
"bivt",1e-04,50000,"0.1",TRUE,4.40109233844265e-05,-3.81768112033431e-05
"bivt",1e-04,50000,"0.01",TRUE,7.69569252912564e-05,-4.7326345550479e-05
"bivt",1e-04,50000,"0.05",TRUE,8.48030284948729e-05,-4.60903751279294e-05
"bivt",1e-04,50000,"0.1",TRUE,6.41193864494609e-05,-4.41620506707888e-05
"bivt",1e-04,50000,"0.01",TRUE,0.00011051585963196,-5.3669233146403e-05
"bivt",1e-04,50000,"0.05",TRUE,7.13806741938282e-05,-4.40224689159813e-05
"bivt",1e-04,50000,"0.1",FALSE,5.24581784996938e-05,-4.13641472840821e-05
"bivt",1e-04,50000,"0.01",TRUE,8.66663991503261e-05,-4.76080507855637e-05
"bivt",1e-04,50000,"0.05",TRUE,7.26847304469424e-05,-4.63438787526426e-05
"bivt",1e-04,50000,"0.1",TRUE,6.19959084758773e-05,-4.51400428406562e-05
"bivt",1e-04,50000,"0.01",TRUE,9.68141247221207e-05,-4.94407163531376e-05
"bivt",1e-04,50000,"0.05",TRUE,5.40226832458858e-05,-4.4062145576854e-05
"bivt",1e-04,50000,"0.1",TRUE,4.48499630312871e-05,-4.26109954513843e-05
"bivt",1e-04,50000,"0.01",TRUE,7.9249216886941e-05,-4.80540612810516e-05
"bivt",1e-04,50000,"0.05",TRUE,0.000104923043713547,-4.52843227297307e-05
"bivt",1e-04,50000,"0.1",TRUE,8.8740754356079e-05,-4.25026780363199e-05
"bivt",1e-04,50000,"0.01",TRUE,0.000123404045732884,-4.96155579604948e-05
"bivt",1e-04,50000,"0.05",TRUE,7.49161283876015e-05,-4.33179321222974e-05
"bivt",1e-04,50000,"0.1",TRUE,6.11990561994534e-05,-4.01847646345509e-05
"bivt",1e-04,50000,"0.01",TRUE,0.000115926637913629,-4.74995191050972e-05
"bivt",1e-04,50000,"0.05",TRUE,5.96609108126053e-05,-4.46254655440607e-05
"bivt",1e-04,50000,"0.1",TRUE,5.23753548393612e-05,-4.22391317818116e-05
"bivt",1e-04,50000,"0.01",TRUE,8.74589545009759e-05,-4.92031887157001e-05
"bivt",1e-04,50000,"0.05",TRUE,8.33083518423482e-05,-4.43907198085721e-05
"bivt",1e-04,50000,"0.1",TRUE,6.57305311238432e-05,-4.21694723135856e-05
"bivt",1e-04,50000,"0.01",TRUE,9.91955043624194e-05,-4.9901026690105e-05
"bivt",1e-04,50000,"0.05",TRUE,5.13144675961258e-05,-4.02830962389839e-05
"bivt",1e-04,50000,"0.1",TRUE,4.37553183238735e-05,-3.728971999393e-05
"bivt",1e-04,50000,"0.01",TRUE,8.51590883817317e-05,-4.51249001370751e-05
"bivt",1e-04,50000,"0.05",TRUE,8.15174567402355e-05,-4.92303449729808e-05
"bivt",1e-04,50000,"0.1",TRUE,7.44279457921071e-05,-4.64522675440794e-05
"bivt",1e-04,50000,"0.01",TRUE,0.000116579829787834,-5.35157046426767e-05
"bivt",1e-04,50000,"0.05",TRUE,6.00624266782256e-05,-4.37018437280797e-05
"bivt",1e-04,50000,"0.1",TRUE,5.20159250065803e-05,-3.95947141892452e-05
"bivt",1e-04,50000,"0.01",TRUE,8.37122159101582e-05,-4.6609444311749e-05
"bivt",1e-04,50000,"0.05",TRUE,8.58867786953306e-05,-5.02189741543164e-05
"bivt",1e-04,50000,"0.1",TRUE,7.03299499495102e-05,-4.83056031989287e-05
"bivt",1e-04,50000,"0.01",TRUE,0.000100643327890612,-5.51249618051146e-05
"bivt",1e-04,50000,"0.05",TRUE,8.9503960068157e-05,-4.91344071913139e-05
"bivt",1e-04,50000,"0.1",TRUE,8.12534935028102e-05,-4.50465770965394e-05
"bivt",1e-04,50000,"0.01",TRUE,0.000108387944221522,-5.67897285459692e-05
"bivt",1e-04,50000,"0.05",TRUE,7.7162494126708e-05,-4.24531159319848e-05
"bivt",1e-04,50000,"0.1",TRUE,6.70442431647073e-05,-4.00031170658352e-05
"bivt",1e-04,50000,"0.01",TRUE,0.000102525561444406,-4.67997686207354e-05
"bivt",1e-04,50000,"0.05",TRUE,5.4646699609543e-05,-4.21527637382575e-05
"bivt",1e-04,50000,"0.1",FALSE,4.20713246578105e-05,-3.94786623941101e-05
"bivt",1e-04,50000,"0.01",TRUE,7.94172380754105e-05,-4.59701831843659e-05
"bivt",1e-04,50000,"0.05",TRUE,5.87185567334933e-05,-4.5647729792933e-05
"bivt",1e-04,50000,"0.1",TRUE,5.20380293486352e-05,-4.2939344208609e-05
"bivt",1e-04,50000,"0.01",TRUE,7.12622654335963e-05,-4.98303794090297e-05
"bivt",1e-04,50000,"0.05",FALSE,6.02540971752602e-05,-4.1683529143668e-05
"bivt",1e-04,50000,"0.1",FALSE,5.09515047241231e-05,-3.951894835001e-05
"bivt",1e-04,50000,"0.01",FALSE,9.07840675244153e-05,-4.47539226789342e-05
"bivt",1e-04,50000,"0.05",TRUE,7.88609847852958e-05,-4.68582151006083e-05
"bivt",1e-04,50000,"0.1",TRUE,6.63244273860783e-05,-4.33085198451691e-05
"bivt",1e-04,50000,"0.01",TRUE,0.000109133681559821,-5.37754185846364e-05
"bivt",1e-04,50000,"0.05",TRUE,5.79223023383713e-05,-4.81269129891182e-05
"bivt",1e-04,50000,"0.1",TRUE,5.17116771115777e-05,-4.46080425812314e-05
"bivt",1e-04,50000,"0.01",TRUE,7.4551243971229e-05,-5.48727246034006e-05
"bivt",1e-04,50000,"0.05",TRUE,6.14939079789041e-05,-4.69618046079342e-05
"bivt",1e-04,50000,"0.1",TRUE,5.79440881576797e-05,-4.39095654703869e-05
"bivt",1e-04,50000,"0.01",TRUE,7.9317612772516e-05,-5.19311659496083e-05
"bivt",1e-04,50000,"0.05",TRUE,7.24642717408527e-05,-4.7955979524161e-05
"bivt",1e-04,50000,"0.1",TRUE,6.03690066819815e-05,-4.53768387962612e-05
"bivt",1e-04,50000,"0.01",TRUE,8.96391249895627e-05,-5.07604046549075e-05
"bivt",1e-04,50000,"0.05",TRUE,7.74571023608675e-05,-4.64445933392676e-05
"bivt",1e-04,50000,"0.1",TRUE,6.75231394736842e-05,-4.32933610971327e-05
"bivt",1e-04,50000,"0.01",TRUE,0.000118085262569266,-4.95709831494674e-05
"bivt",1e-04,50000,"0.05",TRUE,7.23822491430454e-05,-4.64845169275551e-05
"bivt",1e-04,50000,"0.1",TRUE,5.80167082349713e-05,-4.44121093051467e-05
"bivt",1e-04,50000,"0.01",TRUE,0.000106957684044721,-5.08237255250925e-05
"bivt",1e-04,50000,"0.05",TRUE,5.7120643947115e-05,-4.44784905315368e-05
"bivt",1e-04,50000,"0.1",TRUE,4.93431241474779e-05,-4.19603986533967e-05
"bivt",1e-04,50000,"0.01",TRUE,7.86494385758816e-05,-4.95317681497811e-05
"bivt",1e-04,50000,"0.05",TRUE,5.74117299896905e-05,-5.02967663389943e-05
"bivt",1e-04,50000,"0.1",TRUE,5.46089554667508e-05,-4.58468425116847e-05
"bivt",1e-04,50000,"0.01",TRUE,7.1487964826732e-05,-5.43177437583505e-05
"bivt",1e-04,50000,"0.05",TRUE,5.37562363980147e-05,-5.00123855323196e-05
"bivt",1e-04,50000,"0.1",TRUE,4.59951993465003e-05,-4.8029012798451e-05
"bivt",1e-04,50000,"0.01",TRUE,7.34768090052403e-05,-5.17286498632525e-05
"bivt",1e-04,50000,"0.05",TRUE,6.60642782041039e-05,-4.46259105330032e-05
"bivt",1e-04,50000,"0.1",TRUE,5.7937184822579e-05,-4.17736297937429e-05
"bivt",1e-04,50000,"0.01",TRUE,9.3080494028052e-05,-5.0628437874297e-05
"bivt",1e-04,50000,"0.05",TRUE,8.08471870951252e-05,-4.80456019364123e-05
"bivt",1e-04,50000,"0.1",TRUE,6.91630579482655e-05,-4.60713676999402e-05
"bivt",1e-04,50000,"0.01",TRUE,0.000111462385164662,-5.2669872486093e-05
"bivt",1e-04,50000,"0.05",TRUE,5.66441218513665e-05,-4.62410721150733e-05
"bivt",1e-04,50000,"0.1",TRUE,5.10822338550597e-05,-4.35363235391652e-05
"bivt",1e-04,50000,"0.01",TRUE,7.70540366766329e-05,-5.12094865037196e-05
"bivt",1e-04,50000,"0.05",TRUE,6.66132480904024e-05,-4.59753857917128e-05
"bivt",1e-04,50000,"0.1",TRUE,5.43331649744365e-05,-4.19326663272413e-05
"bivt",1e-04,50000,"0.01",TRUE,8.59914681474574e-05,-5.11928546132663e-05
"bivt",1e-04,50000,"0.05",TRUE,6.23886032992722e-05,-4.70108498953461e-05
"bivt",1e-04,50000,"0.1",TRUE,5.25322499640299e-05,-4.40120756676221e-05
"bivt",1e-04,50000,"0.01",TRUE,8.84566140010616e-05,-5.26065584770718e-05
"bivt",1e-04,50000,"0.05",TRUE,5.25960877065147e-05,-4.25778598391227e-05
"bivt",1e-04,50000,"0.1",TRUE,4.51956896414842e-05,-4.0251608911588e-05
"bivt",1e-04,50000,"0.01",TRUE,6.71123181045643e-05,-4.57473750580863e-05
"bivt",1e-04,50000,"0.05",FALSE,4.92375784080282e-05,-3.80305620818966e-05
"bivt",1e-04,50000,"0.1",FALSE,4.07005388917117e-05,-3.59917975093397e-05
"bivt",1e-04,50000,"0.01",TRUE,7.30610086715575e-05,-4.30547006559514e-05
"bivt",1e-04,50000,"0.05",TRUE,5.24268466910762e-05,-3.89202398289719e-05
"bivt",1e-04,50000,"0.1",TRUE,4.31366201042756e-05,-3.52468556966355e-05
"bivt",1e-04,50000,"0.01",TRUE,7.51057995423384e-05,-4.51046557275403e-05
"bivt",1e-04,50000,"0.05",TRUE,5.44403276717199e-05,-4.59920681824371e-05
"bivt",1e-04,50000,"0.1",TRUE,4.1531409333835e-05,-4.00729622680003e-05
"bivt",1e-04,50000,"0.01",TRUE,7.40285923099582e-05,-5.08347168805197e-05
"bivt",1e-04,50000,"0.05",TRUE,8.14013354969574e-05,-5.15733269944546e-05
"bivt",1e-04,50000,"0.1",TRUE,6.76858196297739e-05,-4.76515833808593e-05
"bivt",1e-04,50000,"0.01",TRUE,9.76702423388783e-05,-5.57730990016094e-05
"bivt",1e-04,50000,"0.05",TRUE,8.77921450017732e-05,-4.4129271666317e-05
"bivt",1e-04,50000,"0.1",TRUE,7.04694683085266e-05,-4.05996713550661e-05
"bivt",1e-04,50000,"0.01",TRUE,0.00012323939082683,-4.90067121082805e-05
"bivt",1e-04,50000,"0.05",TRUE,6.79561148279224e-05,-4.32450439149332e-05
"bivt",1e-04,50000,"0.1",TRUE,6.17006461005421e-05,-4.08504082234039e-05
"bivt",1e-04,50000,"0.01",TRUE,8.90980973851922e-05,-4.87771544684278e-05
"bivt",1e-04,50000,"0.05",TRUE,6.41010043304201e-05,-4.22549698973462e-05
"bivt",1e-04,50000,"0.1",TRUE,6.24941050363826e-05,-3.85769220925461e-05
"bivt",1e-04,50000,"0.01",TRUE,8.20426524206029e-05,-4.5274102617238e-05
"bivt",1e-04,50000,"0.05",TRUE,3.76019137259499e-05,-4.45064633924914e-05
"bivt",1e-04,50000,"0.1",TRUE,3.42157665850861e-05,-4.09558495449799e-05
"bivt",1e-04,50000,"0.01",TRUE,4.75808114955822e-05,-4.96214539102703e-05
"bivt",1e-04,50000,"0.05",TRUE,0.000102490678523983,-5.13653663765823e-05
"bivt",1e-04,50000,"0.1",TRUE,9.58511597490204e-05,-4.91073270378212e-05
"bivt",1e-04,50000,"0.01",TRUE,0.000166236689312077,-5.7737310222021e-05
"bivt",1e-04,50000,"0.05",TRUE,7.43490267000452e-05,-5.38529673219249e-05
"bivt",1e-04,50000,"0.1",TRUE,6.7846096644446e-05,-5.07833039325522e-05
"bivt",1e-04,50000,"0.01",TRUE,0.000116193445067895,-5.57120501157183e-05
"bivt",1e-04,50000,"0.05",TRUE,8.12103418389245e-05,-4.17338707201198e-05
"bivt",1e-04,50000,"0.1",TRUE,7.06674187453355e-05,-3.87045601867605e-05
"bivt",1e-04,50000,"0.01",TRUE,0.000106545229286705,-4.63322143366597e-05
"bivt",1e-04,50000,"0.05",TRUE,9.92335101235872e-05,-4.93755946288515e-05
"bivt",1e-04,50000,"0.1",TRUE,7.53228933452668e-05,-4.67262495414606e-05
"bivt",1e-04,50000,"0.01",TRUE,0.000157698281533437,-5.48454385674679e-05
"bivt",1e-04,50000,"0.05",TRUE,0.000114184186578697,-4.76778934702912e-05
"bivt",1e-04,50000,"0.1",TRUE,7.85160787144565e-05,-4.53916187656187e-05
"bivt",1e-04,50000,"0.01",TRUE,0.000141902286562696,-5.21385877558388e-05
"bivt",1e-04,50000,"0.05",TRUE,8.17115811761237e-05,-4.9923531128795e-05
"bivt",1e-04,50000,"0.1",TRUE,7.01148229215435e-05,-4.55372929979911e-05
"bivt",1e-04,50000,"0.01",TRUE,0.00010273508243286,-5.3420260599475e-05
"bivt",1e-04,50000,"0.05",TRUE,5.77633505583671e-05,-4.24732469571078e-05
"bivt",1e-04,50000,"0.1",TRUE,4.6689303257464e-05,-4.09222728156977e-05
"bivt",1e-04,50000,"0.01",TRUE,8.44278690478465e-05,-4.6011039987178e-05
"bivt",1e-04,50000,"0.05",TRUE,7.58925804372457e-05,-4.57703328981705e-05
"bivt",1e-04,50000,"0.1",TRUE,6.21591962965793e-05,-4.29948614435762e-05
"bivt",1e-04,50000,"0.01",TRUE,8.86276120989836e-05,-5.27192625719301e-05
"bivt",1e-04,50000,"0.05",TRUE,5.74029414324185e-05,-4.19353845899488e-05
"bivt",1e-04,50000,"0.1",FALSE,4.0158602662391e-05,-3.91572898081125e-05
"bivt",1e-04,50000,"0.01",TRUE,6.74231171024182e-05,-4.59113668053213e-05
"bivt",1e-04,50000,"0.05",TRUE,6.87370386172077e-05,-5.52951467792373e-05
"bivt",1e-04,50000,"0.1",TRUE,6.01836848861434e-05,-5.07780944622876e-05
"bivt",1e-04,50000,"0.01",TRUE,0.000107705480805489,-5.82934237006868e-05
"bivt",1e-04,50000,"0.05",TRUE,5.86394531839302e-05,-4.44487582106245e-05
"bivt",1e-04,50000,"0.1",TRUE,4.77790494638064e-05,-4.25817452096912e-05
"bivt",1e-04,50000,"0.01",TRUE,8.2928520710017e-05,-4.96727773025715e-05
"bivt",1e-04,50000,"0.05",TRUE,6.05860018320021e-05,-4.95976447820145e-05
"bivt",1e-04,50000,"0.1",TRUE,5.18563351069126e-05,-4.72978947247925e-05
"bivt",1e-04,50000,"0.01",TRUE,7.82696807994316e-05,-5.5490691743928e-05
"bivt",1e-04,50000,"0.05",TRUE,0.000117843158819567,-4.23908413103361e-05
"bivt",1e-04,50000,"0.1",TRUE,0.000101162079232235,-4.0139100275328e-05
"bivt",1e-04,50000,"0.01",TRUE,0.000149078167669758,-4.97868049940754e-05
"bivt",1e-04,50000,"0.05",TRUE,6.01251612040583e-05,-4.52204842590396e-05
"bivt",1e-04,50000,"0.1",TRUE,5.19683849374827e-05,-3.98289704517548e-05
"bivt",1e-04,50000,"0.01",TRUE,7.44922907922173e-05,-4.94576324222408e-05
"bivt",1e-04,50000,"0.05",FALSE,7.02324370728457e-05,-4.22181463013297e-05
"bivt",1e-04,50000,"0.1",FALSE,6.01190110844864e-05,-4.01401364955323e-05
"bivt",1e-04,50000,"0.01",TRUE,8.13948555850562e-05,-4.5909546257784e-05
"bivt",1e-04,50000,"0.05",TRUE,6.74219195225814e-05,-4.40304840309839e-05
"bivt",1e-04,50000,"0.1",TRUE,5.76534815410155e-05,-4.13276115761355e-05
"bivt",1e-04,50000,"0.01",TRUE,8.23783575354824e-05,-4.85090836223428e-05
"bivt",1e-04,50000,"0.05",TRUE,7.98802644353142e-05,-4.57636701678553e-05
"bivt",1e-04,50000,"0.1",TRUE,6.57750256283153e-05,-4.32547918801521e-05
"bivt",1e-04,50000,"0.01",TRUE,9.57241354509854e-05,-5.03017724890143e-05
"bivt",1e-04,50000,"0.05",TRUE,6.66259043873797e-05,-4.37831129677187e-05
"bivt",1e-04,50000,"0.1",TRUE,5.77270840166522e-05,-4.03990303893071e-05
"bivt",1e-04,50000,"0.01",TRUE,8.75752839595412e-05,-4.88720041990553e-05
"bivt",1e-04,50000,"0.05",TRUE,8.29942245421012e-05,-4.29700353830048e-05
"bivt",1e-04,50000,"0.1",TRUE,5.74222223693346e-05,-3.98938205813972e-05
"bivt",1e-04,50000,"0.01",TRUE,0.000107418140401014,-5.02141703384254e-05
"bivt",1e-04,50000,"0.05",TRUE,6.82578010262218e-05,-4.15784245059926e-05
"bivt",1e-04,50000,"0.1",TRUE,6.22538012491413e-05,-3.73911648473855e-05
"bivt",1e-04,50000,"0.01",TRUE,9.26052909879865e-05,-4.50989908854912e-05
"bivt",1e-04,50000,"0.05",TRUE,8.44194803675894e-05,-4.82883491360642e-05
"bivt",1e-04,50000,"0.1",TRUE,6.96147807871466e-05,-4.5786627540207e-05
"bivt",1e-04,50000,"0.01",TRUE,0.000110846093938018,-5.27473604120712e-05
"bivt",1e-04,50000,"0.05",TRUE,5.8888668457864e-05,-4.51304424630565e-05
"bivt",1e-04,50000,"0.1",TRUE,4.86574553700613e-05,-4.07173400694415e-05
"bivt",1e-04,50000,"0.01",TRUE,9.12165686493011e-05,-4.99685556252031e-05
"bivt",1e-04,50000,"0.05",TRUE,6.76421612267057e-05,-4.55406284258391e-05
"bivt",1e-04,50000,"0.1",TRUE,5.94312197685074e-05,-4.24706378341256e-05
"bivt",1e-04,50000,"0.01",TRUE,0.000113760903711665,-5.26437840017051e-05
"bivt",1e-04,50000,"0.05",TRUE,6.97709894273494e-05,-4.98727036111657e-05
"bivt",1e-04,50000,"0.1",TRUE,6.41188478398053e-05,-4.67163183456342e-05
"bivt",1e-04,50000,"0.01",TRUE,9.9040516685302e-05,-5.22267270173016e-05
"bivt",1e-04,50000,"0.05",TRUE,4.86912302099442e-05,-4.09711843890128e-05
"bivt",1e-04,50000,"0.1",TRUE,4.07480201224683e-05,-3.79296726203774e-05
"bivt",1e-04,50000,"0.01",TRUE,6.48334284424546e-05,-4.54169170905973e-05
"bivt",1e-04,50000,"0.05",TRUE,6.50393669712336e-05,-4.18742936889338e-05
"bivt",1e-04,50000,"0.1",TRUE,5.33049922524998e-05,-3.91140773217401e-05
"bivt",1e-04,50000,"0.01",TRUE,8.2701719394928e-05,-4.64156033021838e-05
"bivt",1e-04,50000,"0.05",TRUE,6.00623328458711e-05,-4.87783556607857e-05
"bivt",1e-04,50000,"0.1",TRUE,5.23915583881307e-05,-4.33860551951114e-05
"bivt",1e-04,50000,"0.01",TRUE,6.78790457828596e-05,-5.22065730638969e-05
"bivt",1e-04,50000,"0.05",TRUE,5.94066366998081e-05,-4.37983899904181e-05
"bivt",1e-04,50000,"0.1",TRUE,4.07390824305394e-05,-3.94259468770068e-05
"bivt",1e-04,50000,"0.01",TRUE,7.7209203636892e-05,-4.69882121749695e-05
"bivt",1e-04,50000,"0.05",TRUE,4.45804103082686e-05,-4.04834068339659e-05
"bivt",1e-04,50000,"0.1",TRUE,3.95454814342702e-05,-3.86631813234295e-05
"bivt",1e-04,50000,"0.01",TRUE,5.97801166346573e-05,-4.57929231441175e-05
"bivt",1e-04,50000,"0.05",TRUE,6.56338557268102e-05,-4.39226409629332e-05
"bivt",1e-04,50000,"0.1",TRUE,5.0168568405599e-05,-4.21504003174106e-05
"bivt",1e-04,50000,"0.01",TRUE,9.0149351501749e-05,-4.93137213338331e-05
"bivt",1e-04,50000,"0.05",TRUE,6.01775920959106e-05,-4.51159315247647e-05
"bivt",1e-04,50000,"0.1",TRUE,5.32302867576988e-05,-4.19919838224301e-05
"bivt",1e-04,50000,"0.01",TRUE,7.47269517328751e-05,-4.90030830428709e-05
"bivt",1e-04,50000,"0.05",TRUE,6.36453228914405e-05,-4.24931036698757e-05
"bivt",1e-04,50000,"0.1",TRUE,5.42875943004401e-05,-4.03955380507568e-05
"bivt",1e-04,50000,"0.01",TRUE,9.02742911229592e-05,-4.77698014763833e-05
"bivt",1e-04,50000,"0.05",TRUE,6.87659119479459e-05,-4.51303631216578e-05
"bivt",1e-04,50000,"0.1",FALSE,6.26595257691131e-05,-4.22776455013275e-05
"bivt",1e-04,50000,"0.01",TRUE,9.59599033154412e-05,-4.88818890524847e-05
"bivt",1e-04,50000,"0.05",FALSE,6.01177680000301e-05,-3.92446548491589e-05
"bivt",1e-04,50000,"0.1",FALSE,4.81561808691031e-05,-3.61655717199344e-05
"bivt",1e-04,50000,"0.01",TRUE,7.43781213239739e-05,-4.26505541551925e-05
"bivt",1e-04,50000,"0.05",TRUE,8.18885946918242e-05,-5.09161078818991e-05
"bivt",1e-04,50000,"0.1",TRUE,6.81025210219129e-05,-4.91353300458633e-05
"bivt",1e-04,50000,"0.01",TRUE,0.000100266355332703,-5.58736021429434e-05
"bivt",1e-04,50000,"0.05",TRUE,7.75476846996082e-05,-4.71156879590162e-05
"bivt",1e-04,50000,"0.1",TRUE,6.45635990076338e-05,-4.49092402413844e-05
"bivt",1e-04,50000,"0.01",TRUE,0.00011469952114664,-5.09569521238387e-05
"bivt",1e-04,50000,"0.05",TRUE,6.19091473985011e-05,-4.50409487593104e-05
"bivt",1e-04,50000,"0.1",TRUE,5.63249712389444e-05,-4.18876087720357e-05
"bivt",1e-04,50000,"0.01",TRUE,8.25605280346808e-05,-5.1534644404495e-05
"bivt",1e-04,50000,"0.05",TRUE,6.48033445666587e-05,-4.87226274788417e-05
"bivt",1e-04,50000,"0.1",TRUE,5.9357632270088e-05,-4.44018545511247e-05
"bivt",1e-04,50000,"0.01",TRUE,8.41426425225056e-05,-5.52517062457882e-05
"bivt",1e-04,50000,"0.05",TRUE,8.2124286021982e-05,-4.70222995573428e-05
"bivt",1e-04,50000,"0.1",TRUE,6.61312162093918e-05,-4.46290660445719e-05
"bivt",1e-04,50000,"0.01",TRUE,0.000117474700985556,-5.30338108123344e-05
"bivt",1e-04,50000,"0.05",TRUE,8.72523064106601e-05,-4.02330251062051e-05
"bivt",1e-04,50000,"0.1",TRUE,7.54141601562204e-05,-3.65461687518715e-05
"bivt",1e-04,50000,"0.01",TRUE,0.000123933073802853,-4.59352430888762e-05
"bivt",1e-04,50000,"0.05",TRUE,6.13717676203016e-05,-4.99461947557761e-05
"bivt",1e-04,50000,"0.1",TRUE,5.40504539338677e-05,-4.81344988763666e-05
"bivt",1e-04,50000,"0.01",TRUE,7.75280218483043e-05,-5.57263427836783e-05
"bivt",1e-04,50000,"0.05",TRUE,6.00272373755325e-05,-4.79384496948307e-05
"bivt",1e-04,50000,"0.1",TRUE,5.28359267072289e-05,-4.54556651600963e-05
"bivt",1e-04,50000,"0.01",TRUE,7.93564497373286e-05,-5.35363512506919e-05
"bivt",1e-04,50000,"0.05",TRUE,0.000103060869316973,-4.91709096222478e-05
"bivt",1e-04,50000,"0.1",TRUE,8.36037949168374e-05,-4.87086476214465e-05
"bivt",1e-04,50000,"0.01",TRUE,0.000149820775411924,-5.4028670751813e-05
"bivt",1e-04,50000,"0.05",TRUE,6.32950607229532e-05,-4.241335242685e-05
"bivt",1e-04,50000,"0.1",TRUE,5.07391105859015e-05,-3.95713336613749e-05
"bivt",1e-04,50000,"0.01",TRUE,8.10650001586793e-05,-4.82579466836154e-05
"bivt",1e-04,50000,"0.05",TRUE,7.7987755905154e-05,-3.86025131785303e-05
"bivt",1e-04,50000,"0.1",TRUE,6.97129507825655e-05,-3.59457689370024e-05
"bivt",1e-04,50000,"0.01",TRUE,9.21751695009868e-05,-4.33220848533938e-05
"bivt",1e-04,50000,"0.05",TRUE,8.14816159045523e-05,-4.8706705447537e-05
"bivt",1e-04,50000,"0.1",TRUE,6.69219161982679e-05,-4.31500671229775e-05
"bivt",1e-04,50000,"0.01",TRUE,9.82451009696228e-05,-5.65017272862536e-05
"bivt",1e-04,50000,"0.05",TRUE,8.72083206204965e-05,-5.19103600839352e-05
"bivt",1e-04,50000,"0.1",TRUE,7.58377902572044e-05,-4.86085657600006e-05
"bivt",1e-04,50000,"0.01",TRUE,0.000120030536341526,-5.69839535049679e-05
"bivt",1e-04,50000,"0.05",TRUE,7.22036128414141e-05,-4.55967643969711e-05
"bivt",1e-04,50000,"0.1",TRUE,6.18350487168308e-05,-4.39535214476333e-05
"bivt",1e-04,50000,"0.01",TRUE,0.000101246068578836,-5.01919147995924e-05
"bivt",1e-04,50000,"0.05",TRUE,6.94837689359334e-05,-4.26989967709947e-05
"bivt",1e-04,50000,"0.1",TRUE,5.02139543320439e-05,-3.94797667691824e-05
"bivt",1e-04,50000,"0.01",TRUE,7.92295757415426e-05,-4.80849623938015e-05
"bivt",1e-04,50000,"0.05",TRUE,6.05136657470747e-05,-4.04048716128217e-05
"bivt",1e-04,50000,"0.1",TRUE,5.49077003981268e-05,-3.82339015152918e-05
"bivt",1e-04,50000,"0.01",TRUE,9.04401875303582e-05,-4.45815867780134e-05
"bivt",1e-04,50000,"0.05",TRUE,5.05874884674834e-05,-4.33576150743364e-05
"bivt",1e-04,50000,"0.1",TRUE,4.0170425926809e-05,-4.04065279137774e-05
"bivt",1e-04,50000,"0.01",TRUE,6.25458684258476e-05,-4.8636309086017e-05
"bivt",1e-04,50000,"0.05",TRUE,6.38799791610342e-05,-4.15821037846094e-05
"bivt",1e-04,50000,"0.1",TRUE,5.35463274525038e-05,-4.0964481639973e-05
"bivt",1e-04,50000,"0.01",TRUE,8.63436363779657e-05,-4.65781833558393e-05
"bivt",1e-04,50000,"0.05",TRUE,6.5493124950749e-05,-4.16073585665014e-05
"bivt",1e-04,50000,"0.1",TRUE,5.2687650089285e-05,-3.72584855902607e-05
"bivt",1e-04,50000,"0.01",TRUE,8.15277855543896e-05,-4.56470825578759e-05
"bivt",1e-04,50000,"0.05",TRUE,5.56442985425768e-05,-4.57785918197549e-05
"bivt",1e-04,50000,"0.1",TRUE,5.00025714902434e-05,-4.21021904175705e-05
"bivt",1e-04,50000,"0.01",TRUE,7.72858819169382e-05,-5.12879120921943e-05
"bivt",1e-04,50000,"0.05",TRUE,6.22445010860891e-05,-4.22258434397816e-05
"bivt",1e-04,50000,"0.1",TRUE,5.53607684309024e-05,-4.00916441443265e-05
"bivt",1e-04,50000,"0.01",TRUE,8.96431505292744e-05,-4.66701221664099e-05
"bivt",1e-04,50000,"0.05",TRUE,7.22936441205344e-05,-5.47841846168784e-05
"bivt",1e-04,50000,"0.1",TRUE,5.72792809618589e-05,-4.92913830712668e-05
"bivt",1e-04,50000,"0.01",TRUE,8.30300032527906e-05,-5.71746013831339e-05
"bivt",1e-04,50000,"0.05",TRUE,6.40594009816947e-05,-4.42854439103809e-05
"bivt",1e-04,50000,"0.1",TRUE,5.42890220441099e-05,-4.1547170542714e-05
"bivt",1e-04,50000,"0.01",TRUE,9.1483284967396e-05,-4.88272367239324e-05
"bivt",1e-04,50000,"0.05",TRUE,7.8247764091778e-05,-4.71577397516768e-05
"bivt",1e-04,50000,"0.1",TRUE,7.55720727768651e-05,-4.35029676323159e-05
"bivt",1e-04,50000,"0.01",TRUE,9.64801875573868e-05,-5.17238138812188e-05
"bivt",1e-04,50000,"0.05",TRUE,5.18331636739536e-05,-4.16049034207233e-05
"bivt",1e-04,50000,"0.1",TRUE,4.02957408612242e-05,-3.94122739856591e-05
"bivt",1e-04,50000,"0.01",TRUE,6.13910814956033e-05,-4.69737142282581e-05
"bivt",1e-04,50000,"0.05",TRUE,6.43846145530432e-05,-4.58645028807103e-05
"bivt",1e-04,50000,"0.1",TRUE,5.53352252222316e-05,-4.42920978181598e-05
"bivt",1e-04,50000,"0.01",TRUE,8.72241534835865e-05,-5.0841383996116e-05
"bivt",1e-04,50000,"0.05",TRUE,6.42695315122627e-05,-4.61062823397595e-05
"bivt",1e-04,50000,"0.1",TRUE,5.86446189879018e-05,-4.21266016304159e-05
"bivt",1e-04,50000,"0.01",TRUE,8.26989857612071e-05,-5.15557324878384e-05
"bivt",1e-04,50000,"0.05",TRUE,6.38428626392863e-05,-4.47123036581078e-05
"bivt",1e-04,50000,"0.1",TRUE,5.97936678218254e-05,-4.18539137099867e-05
"bivt",1e-04,50000,"0.01",TRUE,8.77730385015913e-05,-5.13137773939525e-05
"bivt",1e-04,50000,"0.05",TRUE,6.37278409514912e-05,-5.32839635708927e-05
"bivt",1e-04,50000,"0.1",TRUE,5.04144900485344e-05,-5.08242518929658e-05
"bivt",1e-04,50000,"0.01",TRUE,8.37561609340742e-05,-5.74944932745786e-05
"bivt",1e-04,50000,"0.05",TRUE,5.94486574230909e-05,-4.80344896507122e-05
"bivt",1e-04,50000,"0.1",TRUE,5.63891393150225e-05,-4.44895574610194e-05
"bivt",1e-04,50000,"0.01",TRUE,8.66869370692987e-05,-5.10906022055164e-05
"bivt",1e-04,50000,"0.05",TRUE,9.57000388924107e-05,-4.78229483084294e-05
"bivt",1e-04,50000,"0.1",TRUE,6.95343330534923e-05,-4.60781098323706e-05
"bivt",1e-04,50000,"0.01",TRUE,0.000108702490662421,-5.41132690799102e-05
"bivt",1e-04,50000,"0.05",TRUE,5.42505746209424e-05,-4.65657493181937e-05
"bivt",1e-04,50000,"0.1",TRUE,4.30916020830263e-05,-4.45067074991285e-05
"bivt",1e-04,50000,"0.01",TRUE,8.37385694335956e-05,-5.29572347738265e-05
"bivt",1e-04,50000,"0.05",TRUE,9.15846896076156e-05,-4.8166893423366e-05
"bivt",1e-04,50000,"0.1",TRUE,8.23654145251808e-05,-4.54368610394493e-05
"bivt",1e-04,50000,"0.01",TRUE,0.000128570877962696,-5.38515394562781e-05
"bivt",1e-04,50000,"0.05",TRUE,5.8390271923787e-05,-4.61798327809642e-05
"bivt",1e-04,50000,"0.1",TRUE,5.12962583292814e-05,-4.17028002190349e-05
"bivt",1e-04,50000,"0.01",TRUE,0.000101983973113751,-5.17105386519364e-05
"bivt",1e-04,50000,"0.05",TRUE,8.72170649497972e-05,-4.94455950300369e-05
"bivt",1e-04,50000,"0.1",TRUE,6.84593479582588e-05,-4.50365466624534e-05
"bivt",1e-04,50000,"0.01",TRUE,0.000108806905796776,-5.477978094931e-05
"bivt",1e-04,50000,"0.05",TRUE,5.92757639385385e-05,-3.94471275280539e-05
"bivt",1e-04,50000,"0.1",TRUE,4.45958429933368e-05,-3.55611108187241e-05
"bivt",1e-04,50000,"0.01",TRUE,7.98150594792525e-05,-4.28179426566117e-05
"bivt",1e-04,50000,"0.05",TRUE,5.91293705774432e-05,-4.62045114640929e-05
"bivt",1e-04,50000,"0.1",TRUE,5.70099657774481e-05,-4.35184719791303e-05
"bivt",1e-04,50000,"0.01",TRUE,7.33215628628874e-05,-5.17498914604267e-05
"bivt",1e-04,50000,"0.05",TRUE,7.07196164437304e-05,-4.64185405697766e-05
"bivt",1e-04,50000,"0.1",TRUE,5.82505985370795e-05,-4.27878839390716e-05
"bivt",1e-04,50000,"0.01",TRUE,0.000111375126572672,-5.10989655552019e-05
"bivt",1e-04,50000,"0.05",TRUE,9.84965270466396e-05,-4.83554165543921e-05
"bivt",1e-04,50000,"0.1",TRUE,7.84689653536477e-05,-4.5661319738387e-05
"bivt",1e-04,50000,"0.01",TRUE,0.000149498112996505,-5.61928667104393e-05
"bivt",1e-04,50000,"0.05",TRUE,5.76854387598642e-05,-4.90269255756224e-05
"bivt",1e-04,50000,"0.1",TRUE,5.13449164171348e-05,-4.47451326650463e-05
"bivt",1e-04,50000,"0.01",TRUE,6.80414464711274e-05,-5.73411595441571e-05
"bivt",1e-04,50000,"0.05",TRUE,7.90419728874632e-05,-5.0906253960049e-05
"bivt",1e-04,50000,"0.1",TRUE,6.6194247373594e-05,-4.71830989620592e-05
"bivt",1e-04,50000,"0.01",TRUE,0.000114316573987317,-5.50800226024273e-05
"bivt",1e-04,50000,"0.05",TRUE,7.6117219706339e-05,-4.708658304328e-05
"bivt",1e-04,50000,"0.1",TRUE,5.88974516142623e-05,-4.41364748891356e-05
"bivt",1e-04,50000,"0.01",TRUE,9.08451877641216e-05,-5.11376531676813e-05
"bivt",1e-04,50000,"0.05",TRUE,7.28897821147857e-05,-4.37078248563314e-05
"bivt",1e-04,50000,"0.1",TRUE,5.80051556391636e-05,-4.11504015051985e-05
"bivt",1e-04,50000,"0.01",TRUE,0.000113009988421896,-5.21713197847935e-05
"bivt",1e-04,50000,"0.05",TRUE,8.08318836548097e-05,-5.31850938994122e-05
"bivt",1e-04,50000,"0.1",TRUE,6.64951058017299e-05,-5.12255816678112e-05
"bivt",1e-04,50000,"0.01",TRUE,0.000114396496424418,-5.95830603953693e-05
"bivt",1e-04,50000,"0.05",TRUE,7.15728893718867e-05,-4.52514799402524e-05
"bivt",1e-04,50000,"0.1",TRUE,5.96370652904446e-05,-4.22260575618711e-05
"bivt",1e-04,50000,"0.01",TRUE,9.79119524320242e-05,-4.80942977494523e-05
"bivt",1e-04,50000,"0.05",TRUE,6.34751818370322e-05,-4.28771330261275e-05
"bivt",1e-04,50000,"0.1",TRUE,4.65583593387072e-05,-4.07910042679953e-05
"bivt",1e-04,50000,"0.01",TRUE,9.85521299231208e-05,-4.65574858210217e-05
"bivt",1e-04,50000,"0.05",TRUE,7.69997441944094e-05,-4.54128073566916e-05
"bivt",1e-04,50000,"0.1",TRUE,7.45482805256309e-05,-4.24248546689612e-05
"bivt",1e-04,50000,"0.01",TRUE,0.000102225588690278,-4.96381838787125e-05
"bivt",1e-04,50000,"0.05",TRUE,5.3745827992393e-05,-4.33203188128437e-05
"bivt",1e-04,50000,"0.1",TRUE,4.94410922230058e-05,-4.03148315307829e-05
"bivt",1e-04,50000,"0.01",TRUE,7.83043442072213e-05,-4.80998165723089e-05
"bivt",1e-04,50000,"0.05",TRUE,7.43906291545846e-05,-4.87923807864014e-05
"bivt",1e-04,50000,"0.1",TRUE,6.44945981387914e-05,-4.59990909146359e-05
"bivt",1e-04,50000,"0.01",TRUE,0.000105868495358016,-5.33298617093255e-05
"bivt",1e-04,50000,"0.05",TRUE,5.3541752970043e-05,-4.55897350276577e-05
"bivt",1e-04,50000,"0.1",TRUE,4.937803445171e-05,-4.28923620045784e-05
"bivt",1e-04,50000,"0.01",TRUE,8.33292510248686e-05,-4.99109443002974e-05
"bivt",1e-04,50000,"0.05",TRUE,5.44039491087343e-05,-4.45625392131296e-05
"bivt",1e-04,50000,"0.1",TRUE,4.90056355131912e-05,-4.26710341251456e-05
"bivt",1e-04,50000,"0.01",TRUE,6.43811582153988e-05,-4.77281202932664e-05
"bivt",1e-04,50000,"0.05",TRUE,6.88671377151994e-05,-4.47381961762402e-05
"bivt",1e-04,50000,"0.1",TRUE,6.21669689815195e-05,-4.16727781073287e-05
"bivt",1e-04,50000,"0.01",TRUE,8.56764888183892e-05,-4.9704655973372e-05
"bivt",1e-04,50000,"0.05",TRUE,7.36790709848344e-05,-4.41743487773425e-05
"bivt",1e-04,50000,"0.1",TRUE,5.99510078407223e-05,-4.19031701718263e-05
"bivt",1e-04,50000,"0.01",TRUE,9.34846221681944e-05,-4.76023983479241e-05
"bivt",1e-04,50000,"0.05",TRUE,6.03853907700938e-05,-4.12242624111446e-05
"bivt",1e-04,50000,"0.1",TRUE,5.14835092528656e-05,-3.97549642362437e-05
"bivt",1e-04,50000,"0.01",TRUE,7.82272397744556e-05,-4.75970301030179e-05
"bivt",1e-04,50000,"0.05",TRUE,6.20713784444208e-05,-4.77848971597814e-05
"bivt",1e-04,50000,"0.1",TRUE,5.24635832938494e-05,-4.48732485428801e-05
"bivt",1e-04,50000,"0.01",TRUE,8.39481338877637e-05,-5.24312904737881e-05
"bivt",1e-04,50000,"0.05",TRUE,0.000112535982042478,-4.88506852155815e-05
"bivt",1e-04,50000,"0.1",TRUE,8.06717558548036e-05,-4.6458447910121e-05
"bivt",1e-04,50000,"0.01",TRUE,0.000139504842304229,-5.10740190007868e-05
"bivt",1e-04,50000,"0.05",TRUE,6.66549858287356e-05,-3.9436439972702e-05
"bivt",1e-04,50000,"0.1",TRUE,5.78686012791146e-05,-3.71296746288078e-05
"bivt",1e-04,50000,"0.01",TRUE,8.61861020416303e-05,-4.47089984361186e-05
"bivt",1e-04,50000,"0.05",TRUE,7.06710908901273e-05,-4.85041394357014e-05
"bivt",1e-04,50000,"0.1",TRUE,5.94242069514592e-05,-4.6241487457573e-05
"bivt",1e-04,50000,"0.01",TRUE,8.17747629180259e-05,-5.36499510170228e-05
"bivt",1e-04,50000,"0.05",TRUE,8.67531871086898e-05,-5.02365636959013e-05
"bivt",1e-04,50000,"0.1",TRUE,7.38208350267638e-05,-4.53830530393104e-05
"bivt",1e-04,50000,"0.01",TRUE,0.000109554746049567,-5.41796339165436e-05
"bivt",1e-04,50000,"0.05",TRUE,0.000108645709089302,-5.35415115520462e-05
"bivt",1e-04,50000,"0.1",TRUE,7.56129281595923e-05,-5.27091299392019e-05
"bivt",1e-04,50000,"0.01",TRUE,0.000138393899134093,-5.93389849060991e-05
"bivt",1e-04,50000,"0.05",TRUE,6.23163798434691e-05,-4.87286915029047e-05
"bivt",1e-04,50000,"0.1",TRUE,4.9195369644199e-05,-4.79237483215921e-05
"bivt",1e-04,50000,"0.01",TRUE,9.32239122244722e-05,-5.85209294315583e-05
"bivt",1e-04,50000,"0.05",TRUE,8.16178713296113e-05,-4.20869878368697e-05
"bivt",1e-04,50000,"0.1",TRUE,7.95201447061298e-05,-3.9505924557112e-05
"bivt",1e-04,50000,"0.01",TRUE,0.000149267075788319,-4.91887176737127e-05
"bivt",1e-04,50000,"0.05",TRUE,8.92232184870281e-05,-5.13280409489957e-05
"bivt",1e-04,50000,"0.1",TRUE,8.19185472511446e-05,-4.5938262212231e-05
"bivt",1e-04,50000,"0.01",TRUE,0.000100138780846279,-5.43927407922902e-05
"bivt",1e-04,50000,"0.05",TRUE,5.69457282092239e-05,-4.35570072482209e-05
"bivt",1e-04,50000,"0.1",TRUE,4.55271791264982e-05,-3.99407748970282e-05
"bivt",1e-04,50000,"0.01",TRUE,7.39858896548428e-05,-4.99670324978253e-05
"bivt",1e-04,50000,"0.05",TRUE,8.65993914161644e-05,-5.148613083231e-05
"bivt",1e-04,50000,"0.1",TRUE,7.64531983382213e-05,-4.98768808141104e-05
"bivt",1e-04,50000,"0.01",TRUE,0.000109419209976858,-5.66064610521231e-05
"bivt",1e-04,50000,"0.05",TRUE,7.09854046263947e-05,-4.05211677489695e-05
"bivt",1e-04,50000,"0.1",TRUE,6.27182277430239e-05,-3.60701438027295e-05
"bivt",1e-04,50000,"0.01",TRUE,0.000109026883542709,-4.93263102933527e-05
"bivt",1e-04,50000,"0.05",TRUE,0.000105836945574204,-5.4660753849989e-05
"bivt",1e-04,50000,"0.1",TRUE,9.55145561854151e-05,-5.17635134114837e-05
"bivt",1e-04,50000,"0.01",TRUE,0.000136943717617431,-5.77634692453073e-05
