"dist","p","n","alpha","is_covered","c_plus_estimate","c_minus_estimate","xi_hat"
"bivt",0.005,1000,"0.05",TRUE,0.00428786233887858,-0.00320683358898369,0.3201893943542
"bivt",0.005,1000,"0.1",TRUE,0.00382606957374405,-0.00313244449261998,0.3201893943542
"bivt",0.005,1000,"0.01",TRUE,0.00554924298884334,-0.00337302501804586,0.3201893943542
"bivt",0.005,1000,"0.05",TRUE,0.00962938215083541,-0.00466943343202484,0.265935617009026
"bivt",0.005,1000,"0.1",TRUE,0.00786787972537096,-0.0046199356686705,0.265935617009026
"bivt",0.005,1000,"0.01",TRUE,0.0106924149393279,-0.00470734009157759,0.265935617009026
"bivt",0.005,1000,"0.05",TRUE,0.00540719418973992,-0.00362051439401937,0.284346687538358
"bivt",0.005,1000,"0.1",TRUE,0.00462387764088532,-0.00352659993853892,0.284346687538358
"bivt",0.005,1000,"0.01",TRUE,0.00676882167164896,-0.00378975066260778,0.284346687538358
"bivt",0.005,1000,"0.05",TRUE,0.0076424169139518,-0.00480804536816271,0.2225896563125
"bivt",0.005,1000,"0.1",TRUE,0.00697548191735204,-0.00478299568961026,0.2225896563125
"bivt",0.005,1000,"0.01",TRUE,0.0103929156557389,-0.00482313117342893,0.2225896563125
"bivt",0.005,1000,"0.05",TRUE,0.00588055441598407,-0.00394260975784369,0.288306940024452
"bivt",0.005,1000,"0.1",TRUE,0.00559241908039343,-0.00388718261718733,0.288306940024452
"bivt",0.005,1000,"0.01",TRUE,0.00777299382636449,-0.00409301084273507,0.288306940024452
"bivt",0.005,1000,"0.05",TRUE,0.0135420842374105,-0.0024583425182926,0.354376852360649
"bivt",0.005,1000,"0.1",TRUE,0.0124729801465847,-0.00231383357814282,0.354376852360649
"bivt",0.005,1000,"0.01",TRUE,0.014986943348158,-0.00265528935204294,0.354376852360649
"bivt",0.005,1000,"0.05",TRUE,0.00594722794058257,-0.00403209911217922,0.249906294758067
"bivt",0.005,1000,"0.1",TRUE,0.00465758904435957,-0.00393331509781907,0.249906294758067
"bivt",0.005,1000,"0.01",TRUE,0.00775035476016922,-0.00418794991870468,0.249906294758067
"bivt",0.005,1000,"0.05",TRUE,0.00638838390787463,-0.00431990084406973,0.276729162915402
"bivt",0.005,1000,"0.1",TRUE,0.00598834708958849,-0.00425747134282623,0.276729162915402
"bivt",0.005,1000,"0.01",TRUE,0.00952341379832118,-0.00442838405355743,0.276729162915402
"bivt",0.005,1000,"0.05",TRUE,0.00791611287579997,-0.00456850268481248,0.220057276688835
"bivt",0.005,1000,"0.1",TRUE,0.00693747394764018,-0.00449995304904431,0.220057276688835
"bivt",0.005,1000,"0.01",TRUE,0.0108617596295897,-0.00463338368776579,0.220057276688835
"bivt",0.005,1000,"0.05",TRUE,0.00560837681786385,-0.00427908566267298,0.322515831198222
"bivt",0.005,1000,"0.1",TRUE,0.00465122371079184,-0.00424136258202404,0.322515831198222
"bivt",0.005,1000,"0.01",TRUE,0.00867465700438506,-0.00429861788371721,0.322515831198222
"bivt",0.005,1000,"0.05",TRUE,0.00674873511134526,-0.00407213661863033,0.296020091239666
"bivt",0.005,1000,"0.1",TRUE,0.00549953380672459,-0.00399394785770979,0.296020091239666
"bivt",0.005,1000,"0.01",TRUE,0.00937675887917098,-0.00414385701359333,0.296020091239666
"bivt",0.005,1000,"0.05",TRUE,0.00728953587499468,-0.00450531091996596,0.272705994248668
"bivt",0.005,1000,"0.1",TRUE,0.00547227166490462,-0.00448152212831607,0.272705994248668
"bivt",0.005,1000,"0.01",TRUE,0.0125418543670821,-0.00456962771104208,0.272705994248668
"bivt",0.005,1000,"0.05",TRUE,0.0079994195857267,-0.00354310104301962,0.273436907072456
"bivt",0.005,1000,"0.1",TRUE,0.00774505849838992,-0.00346726855479657,0.273436907072456
"bivt",0.005,1000,"0.01",TRUE,0.00851876196319975,-0.00374459571239911,0.273436907072456
"bivt",0.005,1000,"0.05",TRUE,0.00852952229942301,-0.00352022521717672,0.289117261952374
"bivt",0.005,1000,"0.1",TRUE,0.0085230434298951,-0.00343027056221662,0.289117261952374
"bivt",0.005,1000,"0.01",TRUE,0.010215452126051,-0.00368126552433409,0.289117261952374
"bivt",0.005,1000,"0.05",TRUE,0.0119695309523047,-0.00350387975508096,0.346616262645121
"bivt",0.005,1000,"0.1",TRUE,0.0115832813420343,-0.00345166537130245,0.346616262645121
"bivt",0.005,1000,"0.01",TRUE,0.0127211704974195,-0.00356291339074679,0.346616262645121
"bivt",0.005,1000,"0.05",TRUE,0.00763943074437164,-0.00252399663781502,0.420895819280928
"bivt",0.005,1000,"0.1",TRUE,0.00740542619105859,-0.00224666819244197,0.420895819280928
"bivt",0.005,1000,"0.01",TRUE,0.0103424472163996,-0.00265065411516783,0.420895819280928
"bivt",0.005,1000,"0.05",TRUE,0.00395184222000446,-0.00323383371241997,0.390704791274822
"bivt",0.005,1000,"0.1",TRUE,0.00357350789574568,-0.00310176715869642,0.390704791274822
"bivt",0.005,1000,"0.01",TRUE,0.00599220663691386,-0.00329107442388122,0.390704791274822
"bivt",0.005,1000,"0.05",TRUE,0.00570745328226394,-0.00384619892316904,0.292105400201267
"bivt",0.005,1000,"0.1",TRUE,0.00541239023578878,-0.00379545538899598,0.292105400201267
"bivt",0.005,1000,"0.01",TRUE,0.00691640697784181,-0.00401579890041465,0.292105400201267
"bivt",0.005,1000,"0.05",TRUE,0.00681529262606063,-0.00425413044065941,0.316010160308346
"bivt",0.005,1000,"0.1",TRUE,0.00564741333395272,-0.00419956756766957,0.316010160308346
"bivt",0.005,1000,"0.01",TRUE,0.0103452434613727,-0.00439781240977225,0.316010160308346
"bivt",0.005,1000,"0.05",TRUE,0.00619283215541393,-0.0045782039453225,0.272914801919239
"bivt",0.005,1000,"0.1",TRUE,0.00539864631523095,-0.00452542142476184,0.272914801919239
"bivt",0.005,1000,"0.01",TRUE,0.00807277388373304,-0.00462659068718174,0.272914801919239
"bivt",0.005,1000,"0.05",TRUE,0.00667597887013745,-0.00425180004365115,0.256980578007025
"bivt",0.005,1000,"0.1",TRUE,0.00568218125204363,-0.00421831781121401,0.256980578007025
"bivt",0.005,1000,"0.01",TRUE,0.00912942207186885,-0.00433575393010586,0.256980578007025
"bivt",0.005,1000,"0.05",TRUE,0.0070382700668174,-0.00428621058485416,0.29891298770053
"bivt",0.005,1000,"0.1",TRUE,0.00690512009875966,-0.00422414782336075,0.29891298770053
"bivt",0.005,1000,"0.01",TRUE,0.00873989922345978,-0.00438136058112198,0.29891298770053
"bivt",0.005,1000,"0.05",TRUE,0.0133036769743501,-0.00325088103488219,0.381369345189352
"bivt",0.005,1000,"0.1",TRUE,0.0117082865145647,-0.00292708032557675,0.381369345189352
"bivt",0.005,1000,"0.01",TRUE,0.0141214258515608,-0.0034559884663266,0.381369345189352
"bivt",0.005,1000,"0.05",TRUE,0.00522971961039238,-0.00284655585157524,0.315614238795983
"bivt",0.005,1000,"0.1",TRUE,0.00471873224608727,-0.00278231044717064,0.315614238795983
"bivt",0.005,1000,"0.01",TRUE,0.00634223031722813,-0.00313905171644907,0.315614238795983
"bivt",0.005,1000,"0.05",TRUE,0.007360265760953,-0.00414386659665444,0.311481260208243
"bivt",0.005,1000,"0.1",TRUE,0.00675272101111834,-0.00411773545439577,0.311481260208243
"bivt",0.005,1000,"0.01",TRUE,0.00921491105454148,-0.00422512507473497,0.311481260208243
"bivt",0.005,1000,"0.05",TRUE,0.00477133534227761,-0.00389726103465136,0.313424817866534
"bivt",0.005,1000,"0.1",TRUE,0.00397557797502665,-0.00386979076965042,0.313424817866534
"bivt",0.005,1000,"0.01",TRUE,0.00616638185518259,-0.00405398269391918,0.313424817866534
"bivt",0.005,1000,"0.05",TRUE,0.00986431556398284,-0.00470248223483966,0.231854119964475
"bivt",0.005,1000,"0.1",TRUE,0.00910176797384834,-0.00468302329187768,0.231854119964475
"bivt",0.005,1000,"0.01",TRUE,0.0128672558838353,-0.0047482046135548,0.231854119964475
"bivt",0.005,1000,"0.05",TRUE,0.00487357899810251,-0.00396407491209243,0.304811097672658
"bivt",0.005,1000,"0.1",TRUE,0.0044405539197385,-0.00395190313957342,0.304811097672658
"bivt",0.005,1000,"0.01",TRUE,0.00754032359282019,-0.00416181699201269,0.304811097672658
"bivt",0.005,1000,"0.05",TRUE,0.00649530010433847,-0.00424021189812366,0.278520332184158
"bivt",0.005,1000,"0.1",TRUE,0.00542220357194498,-0.00420792711010554,0.278520332184158
"bivt",0.005,1000,"0.01",TRUE,0.00901099267189838,-0.00436744515108823,0.278520332184158
"bivt",0.005,1000,"0.05",TRUE,0.00566645307501156,-0.003944321177165,0.315453948353673
"bivt",0.005,1000,"0.1",TRUE,0.00497285836764027,-0.00387817356249502,0.315453948353673
"bivt",0.005,1000,"0.01",TRUE,0.00825482696027363,-0.00412497644593399,0.315453948353673
"bivt",0.005,1000,"0.05",TRUE,0.0103745869106323,-0.00162486643761677,0.36071046813327
"bivt",0.005,1000,"0.1",TRUE,0.00962641930893104,-0.00154312321533999,0.36071046813327
"bivt",0.005,1000,"0.01",TRUE,0.0121266227878106,-0.00195598646125444,0.36071046813327
"bivt",0.005,1000,"0.05",TRUE,0.00845031335566679,-0.00253349724213125,0.41139188812011
"bivt",0.005,1000,"0.1",TRUE,0.00788881256014862,-0.0024056833864937,0.41139188812011
"bivt",0.005,1000,"0.01",TRUE,0.00971578270895828,-0.00287889788106485,0.41139188812011
"bivt",0.005,1000,"0.05",TRUE,0.00698139632394685,-0.00436699616147955,0.236038950231552
"bivt",0.005,1000,"0.1",TRUE,0.00677070859314091,-0.00430490373592488,0.236038950231552
"bivt",0.005,1000,"0.01",TRUE,0.00776177279872407,-0.00447030041209752,0.236038950231552
"bivt",0.005,1000,"0.05",TRUE,0.0148576500718118,-0.00234658518804351,0.343707029426837
"bivt",0.005,1000,"0.1",TRUE,0.0143669270616712,-0.00216620261832121,0.343707029426837
"bivt",0.005,1000,"0.01",TRUE,0.0157914657098333,-0.00252520341632515,0.343707029426837
"bivt",0.005,1000,"0.05",TRUE,0.00750939619643605,-0.00445071931506922,0.267794017727222
"bivt",0.005,1000,"0.1",TRUE,0.00619953523975249,-0.00439266086396289,0.267794017727222
"bivt",0.005,1000,"0.01",TRUE,0.0123282732768922,-0.0045247395840916,0.267794017727222
"bivt",0.005,1000,"0.05",TRUE,0.00549493086675625,-0.00377768614336993,0.263653608890659
"bivt",0.005,1000,"0.1",TRUE,0.00499202342366554,-0.00373967065639608,0.263653608890659
"bivt",0.005,1000,"0.01",TRUE,0.00739072211258288,-0.00393896627175007,0.263653608890659
"bivt",0.005,1000,"0.05",TRUE,0.00650240182347249,-0.00329958835474495,0.290882849991729
"bivt",0.005,1000,"0.1",TRUE,0.00582153635753212,-0.00309821011006873,0.290882849991729
"bivt",0.005,1000,"0.01",TRUE,0.00702407701249989,-0.00359952525751668,0.290882849991729
"bivt",0.005,1000,"0.05",TRUE,0.00514125249945714,-0.00410899622095202,0.259194137911803
"bivt",0.005,1000,"0.1",TRUE,0.00469886064544797,-0.00402197529617212,0.259194137911803
"bivt",0.005,1000,"0.01",TRUE,0.00736456246834171,-0.00431503451856832,0.259194137911803
"bivt",0.005,1000,"0.05",TRUE,0.00655554025708386,-0.00443297494516832,0.262068276506269
"bivt",0.005,1000,"0.1",TRUE,0.00553493167934582,-0.00432536369047895,0.262068276506269
"bivt",0.005,1000,"0.01",TRUE,0.00786902855760424,-0.0045000797152666,0.262068276506269
"bivt",0.005,1000,"0.05",TRUE,0.00672582076222119,-0.00365287284962173,0.274574188739137
"bivt",0.005,1000,"0.1",TRUE,0.00559761751306196,-0.00362749943840904,0.274574188739137
"bivt",0.005,1000,"0.01",TRUE,0.00725801614437132,-0.00379150970343074,0.274574188739137
"bivt",0.005,1000,"0.05",TRUE,0.0081839265512392,-0.00443549263986488,0.200075283038383
"bivt",0.005,1000,"0.1",TRUE,0.00649686626693041,-0.00438466071158236,0.200075283038383
"bivt",0.005,1000,"0.01",TRUE,0.00969694137273289,-0.00452174023098726,0.200075283038383
"bivt",0.005,1000,"0.05",TRUE,0.00461007949391722,-0.00365662452403136,0.392117480678536
"bivt",0.005,1000,"0.1",TRUE,0.00416925174407441,-0.00350519097829254,0.392117480678536
"bivt",0.005,1000,"0.01",TRUE,0.00673841144606093,-0.00378413942424295,0.392117480678536
"bivt",0.005,1000,"0.05",TRUE,0.00470119916255634,-0.00384057374318442,0.237955746296003
"bivt",0.005,1000,"0.1",TRUE,0.00412408255670036,-0.00372665296031375,0.237955746296003
"bivt",0.005,1000,"0.01",TRUE,0.00682431984445769,-0.00406878532201221,0.237955746296003
"bivt",0.005,1000,"0.05",TRUE,0.0069672477230526,-0.00393378636587747,0.258398169012671
"bivt",0.005,1000,"0.1",TRUE,0.00666259043413105,-0.00386338664444763,0.258398169012671
"bivt",0.005,1000,"0.01",TRUE,0.00756838783298761,-0.00401592126192026,0.258398169012671
"bivt",0.005,1000,"0.05",TRUE,0.0144502339984801,-0.00266228359740938,0.359374382198109
"bivt",0.005,1000,"0.1",TRUE,0.0137412343667214,-0.0025155532560251,0.359374382198109
"bivt",0.005,1000,"0.01",TRUE,0.0153591645192352,-0.00288251852891998,0.359374382198109
"bivt",0.005,1000,"0.05",TRUE,0.0060600396654911,-0.00428196126772767,0.306449821146809
"bivt",0.005,1000,"0.1",TRUE,0.00467315808099005,-0.00421160842122781,0.306449821146809
"bivt",0.005,1000,"0.01",TRUE,0.00767786469783934,-0.00440163459501879,0.306449821146809
"bivt",0.005,1000,"0.05",TRUE,0.00780566382760509,-0.00431016164340912,0.2817055590136
"bivt",0.005,1000,"0.1",TRUE,0.00598015813329527,-0.00426355382103016,0.2817055590136
"bivt",0.005,1000,"0.01",TRUE,0.00939863955989998,-0.00437282439669702,0.2817055590136
"bivt",0.005,1000,"0.05",TRUE,0.0075914993885911,-0.00444260964194486,0.258074860409578
"bivt",0.005,1000,"0.1",TRUE,0.00594640233476088,-0.00441625330542899,0.258074860409578
"bivt",0.005,1000,"0.01",TRUE,0.0127633230539918,-0.00451364074826715,0.258074860409578
"bivt",0.005,1000,"0.05",TRUE,0.00577963794302995,-0.00350896304695651,0.348554559400124
"bivt",0.005,1000,"0.1",TRUE,0.00527237798560359,-0.00341480731215342,0.348554559400124
"bivt",0.005,1000,"0.01",TRUE,0.00797356381034055,-0.00366527800094596,0.348554559400124
"bivt",0.005,1000,"0.05",TRUE,0.00848997829117357,-0.00343914675156229,0.382453776852138
"bivt",0.005,1000,"0.1",TRUE,0.00783141652851127,-0.00315437570739729,0.382453776852138
"bivt",0.005,1000,"0.01",TRUE,0.0102039822662354,-0.00347687804070452,0.382453776852138
"bivt",0.005,1000,"0.05",TRUE,0.0107704670384992,-0.00269798313773224,0.3538864726308
"bivt",0.005,1000,"0.1",TRUE,0.0104978537806426,-0.00261577427797322,0.3538864726308
"bivt",0.005,1000,"0.01",TRUE,0.0117256888491963,-0.002985140201315,0.3538864726308
"bivt",0.005,1000,"0.05",TRUE,0.0157065198487188,-0.0023449778588646,0.326020479141924
"bivt",0.005,1000,"0.1",TRUE,0.0146869510336718,-0.00209473374433082,0.326020479141924
"bivt",0.005,1000,"0.01",TRUE,0.0162770826640691,-0.00266358068931795,0.326020479141924
"bivt",0.005,1000,"0.05",TRUE,0.006576664027517,-0.00409394922016203,0.244321910318753
"bivt",0.005,1000,"0.1",TRUE,0.00612639670973421,-0.00393719907069408,0.244321910318753
"bivt",0.005,1000,"0.01",TRUE,0.00860167254099426,-0.00431561489911545,0.244321910318753
"bivt",0.005,1000,"0.05",TRUE,0.0108677920177109,-0.00465557672951216,0.237020975181852
"bivt",0.005,1000,"0.1",TRUE,0.00951680147308496,-0.00463789411451442,0.237020975181852
"bivt",0.005,1000,"0.01",TRUE,0.0133166907945545,-0.00467073191072473,0.237020975181852
"bivt",0.005,1000,"0.05",TRUE,0.0150594117135939,-0.00281362811786827,0.342143866337999
"bivt",0.005,1000,"0.1",TRUE,0.0141949556788609,-0.00277057388632375,0.342143866337999
"bivt",0.005,1000,"0.01",TRUE,0.0152592090023065,-0.00297971041519918,0.342143866337999
"bivt",0.005,1000,"0.05",TRUE,0.00970656212465972,-0.00457118278290049,0.316463615244523
"bivt",0.005,1000,"0.1",TRUE,0.0075205206016882,-0.0045484970547554,0.316463615244523
"bivt",0.005,1000,"0.01",TRUE,0.0118158401580925,-0.00465099764997339,0.316463615244523
"bivt",0.005,1000,"0.05",TRUE,0.00779885520632127,-0.00445520517411494,0.274749041616875
"bivt",0.005,1000,"0.1",TRUE,0.00690768094140957,-0.00439045700371461,0.274749041616875
"bivt",0.005,1000,"0.01",TRUE,0.0119589252687393,-0.00453667549404836,0.274749041616875
"bivt",0.005,1000,"0.05",TRUE,0.00947081700951846,-0.00305363733534931,0.319714748918454
"bivt",0.005,1000,"0.1",TRUE,0.00928837148403076,-0.00288442276867192,0.319714748918454
"bivt",0.005,1000,"0.01",TRUE,0.0100082267211888,-0.0032935380212455,0.319714748918454
"bivt",0.005,1000,"0.05",TRUE,0.00673589028054077,-0.00425193945318265,0.295462363944345
"bivt",0.005,1000,"0.1",TRUE,0.00561543948788372,-0.00413715711060863,0.295462363944345
"bivt",0.005,1000,"0.01",TRUE,0.00921642882807358,-0.00435439304500064,0.295462363944345
"bivt",0.005,1000,"0.05",TRUE,0.00641082303927322,-0.00404916759278643,0.338694912573275
"bivt",0.005,1000,"0.1",TRUE,0.00521427701141467,-0.00399140642573252,0.338694912573275
"bivt",0.005,1000,"0.01",TRUE,0.00859311960421594,-0.00423930272336187,0.338694912573275
"bivt",0.005,1000,"0.05",TRUE,0.00733267577852439,-0.00323090005781493,0.289069502474953
"bivt",0.005,1000,"0.1",TRUE,0.00693782173860221,-0.00272889104041003,0.289069502474953
"bivt",0.005,1000,"0.01",TRUE,0.00777117166154183,-0.00331141663618019,0.289069502474953
"bivt",0.005,1000,"0.05",TRUE,0.0069498803056253,-0.00291845561412229,0.348400304886177
"bivt",0.005,1000,"0.1",TRUE,0.00617680923477928,-0.00287016074710629,0.348400304886177
"bivt",0.005,1000,"0.01",TRUE,0.00759053497286095,-0.00318753329629109,0.348400304886177
"bivt",0.005,1000,"0.05",TRUE,0.00539584940017315,-0.00393931474292422,0.30017058079098
"bivt",0.005,1000,"0.1",TRUE,0.00484029992572343,-0.00385530271608466,0.30017058079098
"bivt",0.005,1000,"0.01",TRUE,0.00799118752080477,-0.00414197992015159,0.30017058079098
"bivt",0.005,1000,"0.05",TRUE,0.0055287686447039,-0.00409625822998834,0.277895764837921
"bivt",0.005,1000,"0.1",TRUE,0.00488050346362682,-0.00402011577145633,0.277895764837921
"bivt",0.005,1000,"0.01",TRUE,0.00878905939966537,-0.00424976213015372,0.277895764837921
"bivt",0.005,1000,"0.05",TRUE,0.0081072028106573,-0.00444529926623618,0.247288587570765
"bivt",0.005,1000,"0.1",TRUE,0.0065044361714779,-0.00437343174763952,0.247288587570765
"bivt",0.005,1000,"0.01",TRUE,0.00921125707326111,-0.00456817640862794,0.247288587570765
"bivt",0.005,1000,"0.05",TRUE,0.00517963381066343,-0.00365772626619641,0.349984638604083
"bivt",0.005,1000,"0.1",TRUE,0.00432768184088454,-0.00356611795375897,0.349984638604083
"bivt",0.005,1000,"0.01",TRUE,0.00642389975932805,-0.0037566014982826,0.349984638604083
"bivt",0.005,1000,"0.05",TRUE,0.0102799975178261,-0.00455826694261255,0.287618111437873
"bivt",0.005,1000,"0.1",TRUE,0.00828479988533554,-0.00453987375216732,0.287618111437873
"bivt",0.005,1000,"0.01",TRUE,0.011086622734083,-0.00461527486701745,0.287618111437873
"bivt",0.005,1000,"0.05",TRUE,0.00505211332087095,-0.00335285826877962,0.336230198124877
"bivt",0.005,1000,"0.1",TRUE,0.00418129104933615,-0.00332484160842433,0.336230198124877
"bivt",0.005,1000,"0.01",TRUE,0.00644407685063319,-0.00351753567726399,0.336230198124877
"bivt",0.005,1000,"0.05",TRUE,0.00767388697782397,-0.00426070762237115,0.371644822608707
"bivt",0.005,1000,"0.1",TRUE,0.00643956894677199,-0.00422058838672484,0.371644822608707
"bivt",0.005,1000,"0.01",TRUE,0.0111357683694451,-0.00433984125659964,0.371644822608707
"bivt",0.005,1000,"0.05",TRUE,0.00767460637862375,-0.00453466295236611,0.249458284793957
"bivt",0.005,1000,"0.1",TRUE,0.00626034918902581,-0.00447458907696261,0.249458284793957
"bivt",0.005,1000,"0.01",TRUE,0.0106234510996786,-0.00459158408931625,0.249458284793957
"bivt",0.005,1000,"0.05",TRUE,0.0084030992106162,-0.0019597050404661,0.401321104478146
"bivt",0.005,1000,"0.1",TRUE,0.00784745164059576,-0.00180169335432908,0.401321104478146
"bivt",0.005,1000,"0.01",TRUE,0.00959719460039523,-0.00227700863715373,0.401321104478146
"bivt",0.005,1000,"0.05",TRUE,0.00910282149610499,-0.0045015408752171,0.247349710191749
"bivt",0.005,1000,"0.1",TRUE,0.00769765734108681,-0.00446746922631274,0.247349710191749
"bivt",0.005,1000,"0.01",TRUE,0.0141700225639331,-0.00457787554094794,0.247349710191749
"bivt",0.005,1000,"0.05",TRUE,0.0118667242749463,-0.00299717586978638,0.293364746361276
"bivt",0.005,1000,"0.1",TRUE,0.0110301648946138,-0.00287887975544183,0.293364746361276
"bivt",0.005,1000,"0.01",TRUE,0.0126091236994408,-0.00328882946522088,0.293364746361276
"bivt",0.005,1000,"0.05",TRUE,0.00819298815560663,-0.00446167310882339,0.34392055511601
"bivt",0.005,1000,"0.1",TRUE,0.00667485537413353,-0.0043946395654951,0.34392055511601
"bivt",0.005,1000,"0.01",TRUE,0.011324471428725,-0.00451816048757011,0.34392055511601
"bivt",0.005,1000,"0.05",TRUE,0.00649080065866712,-0.00353129629501694,0.340658461717316
"bivt",0.005,1000,"0.1",TRUE,0.00537814625491259,-0.00333535397177481,0.340658461717316
"bivt",0.005,1000,"0.01",TRUE,0.00701234263767629,-0.00375445204437819,0.340658461717316
"bivt",0.005,1000,"0.05",TRUE,0.00753414633159497,-0.00346630830613102,0.262689354915303
"bivt",0.005,1000,"0.1",TRUE,0.00685783471198849,-0.00339679221405627,0.262689354915303
"bivt",0.005,1000,"0.01",TRUE,0.00842677923474749,-0.00378078644229728,0.262689354915303
"bivt",0.005,1000,"0.05",TRUE,0.00831517749017158,-0.00432604633641807,0.263375385069403
"bivt",0.005,1000,"0.1",TRUE,0.00786835840210188,-0.00430230796208223,0.263375385069403
"bivt",0.005,1000,"0.01",TRUE,0.00912264708350366,-0.00443732066023896,0.263375385069403
"bivt",0.005,1000,"0.05",TRUE,0.00522347370612392,-0.00337146840269596,0.310691193052646
"bivt",0.005,1000,"0.1",TRUE,0.00429750867869574,-0.00332040857191178,0.310691193052646
"bivt",0.005,1000,"0.01",TRUE,0.0064122728591812,-0.00359011411368919,0.310691193052646
"bivt",0.005,1000,"0.05",TRUE,0.00638487938453721,-0.0044574405262831,0.277367966605102
"bivt",0.005,1000,"0.1",TRUE,0.00585079084313371,-0.0044431579954391,0.277367966605102
"bivt",0.005,1000,"0.01",TRUE,0.00930453221112288,-0.00453766036547499,0.277367966605102
"bivt",0.005,1000,"0.05",TRUE,0.00683055149255206,-0.00338205625525761,0.311292502089882
"bivt",0.005,1000,"0.1",TRUE,0.00653279824457441,-0.00328941201362731,0.311292502089882
"bivt",0.005,1000,"0.01",TRUE,0.00775566656413219,-0.00366513499890462,0.311292502089882
"bivt",0.005,1000,"0.05",TRUE,0.00588443011669125,-0.00436562761268842,0.269639485749061
"bivt",0.005,1000,"0.1",TRUE,0.0040473381334829,-0.00436062009735628,0.269639485749061
"bivt",0.005,1000,"0.01",TRUE,0.00934631891563609,-0.00444914940875226,0.269639485749061
"bivt",0.005,1000,"0.05",TRUE,0.00590642808754437,-0.00377165999607276,0.266323953663781
"bivt",0.005,1000,"0.1",TRUE,0.0052335322942979,-0.00358010238346923,0.266323953663781
"bivt",0.005,1000,"0.01",TRUE,0.0069520755192839,-0.00388093264936146,0.266323953663781
"bivt",0.005,1000,"0.05",TRUE,0.00488039986400884,-0.00320845075100562,0.317830461634291
"bivt",0.005,1000,"0.1",TRUE,0.00435747131338771,-0.00310530819770174,0.317830461634291
"bivt",0.005,1000,"0.01",TRUE,0.00557330016985547,-0.00337956565013892,0.317830461634291
"bivt",0.005,1000,"0.05",TRUE,0.00470196806093083,-0.00279524452803857,0.341573185035017
"bivt",0.005,1000,"0.1",TRUE,0.00429067550550874,-0.00273953784921286,0.341573185035017
"bivt",0.005,1000,"0.01",TRUE,0.00641018433897854,-0.00301160399316767,0.341573185035017
"bivt",0.005,1000,"0.05",TRUE,0.00657786954083596,-0.00449468663921973,0.265750455266031
"bivt",0.005,1000,"0.1",TRUE,0.00598481964893655,-0.00440868812249275,0.265750455266031
"bivt",0.005,1000,"0.01",TRUE,0.00888457262452462,-0.00458418043391629,0.265750455266031
"bivt",0.005,1000,"0.05",TRUE,0.00665524434508015,-0.00407189021406502,0.36383957573293
"bivt",0.005,1000,"0.1",TRUE,0.00544334673252281,-0.00399041268293497,0.36383957573293
"bivt",0.005,1000,"0.01",TRUE,0.00825203850717642,-0.00410250135689883,0.36383957573293
"bivt",0.005,1000,"0.05",TRUE,0.00615206904441562,-0.00391993578785568,0.343603362642733
"bivt",0.005,1000,"0.1",TRUE,0.00452176667716893,-0.00382226797268899,0.343603362642733
"bivt",0.005,1000,"0.01",TRUE,0.00742197239328359,-0.00406592727967178,0.343603362642733
"bivt",0.005,1000,"0.05",TRUE,0.0108033431508472,-0.00464854501702183,0.287996818129903
"bivt",0.005,1000,"0.1",TRUE,0.00923150656630654,-0.00462705204616001,0.287996818129903
"bivt",0.005,1000,"0.01",TRUE,0.0162580162740805,-0.00469255563438776,0.287996818129903
"bivt",0.005,1000,"0.05",TRUE,0.00555226667549448,-0.0029025640356712,0.304549890778178
"bivt",0.005,1000,"0.1",TRUE,0.00484185830864543,-0.00276183892156652,0.304549890778178
"bivt",0.005,1000,"0.01",TRUE,0.00631520043310874,-0.00318120927919165,0.304549890778178
"bivt",0.005,1000,"0.05",TRUE,0.00648019229635531,-0.00383413107053583,0.377064384887503
"bivt",0.005,1000,"0.1",TRUE,0.0062236076026207,-0.00377580265839166,0.377064384887503
"bivt",0.005,1000,"0.01",TRUE,0.00798291785637235,-0.00391538891049449,0.377064384887503
"bivt",0.005,1000,"0.05",TRUE,0.00760995838711328,-0.00457431871465527,0.215033033390494
"bivt",0.005,1000,"0.1",TRUE,0.00661916937542631,-0.00453176570413336,0.215033033390494
"bivt",0.005,1000,"0.01",TRUE,0.00921735846505418,-0.00463048793996575,0.215033033390494
"bivt",0.005,1000,"0.05",TRUE,0.0101073529839489,-0.00465259499707954,0.241314407469965
"bivt",0.005,1000,"0.1",TRUE,0.00875282510402184,-0.0045928678372663,0.241314407469965
"bivt",0.005,1000,"0.01",TRUE,0.0127691641780923,-0.00467419570672555,0.241314407469965
"bivt",0.005,1000,"0.05",TRUE,0.0105203215304588,-0.00416733273225591,0.298633440375937
"bivt",0.005,1000,"0.1",TRUE,0.0100606809513929,-0.00408511387761131,0.298633440375937
"bivt",0.005,1000,"0.01",TRUE,0.0110894665719424,-0.00419168724681761,0.298633440375937
"bivt",0.005,1000,"0.05",TRUE,0.00604746784439851,-0.00284009500324909,0.377235097396179
"bivt",0.005,1000,"0.1",TRUE,0.00536056312277062,-0.00246358148386307,0.377235097396179
"bivt",0.005,1000,"0.01",TRUE,0.00691390922170318,-0.00311438364777233,0.377235097396179
"bivt",0.005,1000,"0.05",TRUE,0.00863132012789309,-0.00382999691840188,0.304875291504384
"bivt",0.005,1000,"0.1",TRUE,0.0083364569509131,-0.00376941170535079,0.304875291504384
"bivt",0.005,1000,"0.01",TRUE,0.0104407364780802,-0.00391804735801935,0.304875291504384
"bivt",0.005,1000,"0.05",TRUE,0.00904076119379445,-0.00271595790118455,0.327882971667933
"bivt",0.005,1000,"0.1",TRUE,0.0089675454834061,-0.00261265829148452,0.327882971667933
"bivt",0.005,1000,"0.01",TRUE,0.0104320727865442,-0.00299942041851868,0.327882971667933
"bivt",0.005,1000,"0.05",TRUE,0.00815644401599234,-0.00426946307345121,0.292781476550132
"bivt",0.005,1000,"0.1",TRUE,0.00703611915335541,-0.0041568446261664,0.292781476550132
"bivt",0.005,1000,"0.01",TRUE,0.0115186205923802,-0.00437257888846049,0.292781476550132
"bivt",0.005,1000,"0.05",TRUE,0.00547768966661389,-0.00392119661963317,0.328698588230228
"bivt",0.005,1000,"0.1",TRUE,0.00467612712755002,-0.00381662374000175,0.328698588230228
"bivt",0.005,1000,"0.01",TRUE,0.00806857537271044,-0.00406551533427923,0.328698588230228
"bivt",0.005,1000,"0.05",TRUE,0.00644919347016327,-0.00444622469261848,0.244633520930796
"bivt",0.005,1000,"0.1",TRUE,0.0058263172668872,-0.00440859510390761,0.244633520930796
"bivt",0.005,1000,"0.01",TRUE,0.00755938403942447,-0.00450554334930421,0.244633520930796
"bivt",0.005,1000,"0.05",TRUE,0.00627085087626078,-0.00427773929634427,0.287383229632261
"bivt",0.005,1000,"0.1",TRUE,0.0061296213031047,-0.00423391481949418,0.287383229632261
"bivt",0.005,1000,"0.01",TRUE,0.00899605658395343,-0.00437562946390966,0.287383229632261
"bivt",0.005,1000,"0.05",TRUE,0.00604232210312447,-0.00342775824051589,0.250553550256044
"bivt",0.005,1000,"0.1",TRUE,0.00558489348052716,-0.00340557988545027,0.250553550256044
"bivt",0.005,1000,"0.01",TRUE,0.00707729314224211,-0.0035309028584638,0.250553550256044
"bivt",0.005,1000,"0.05",TRUE,0.00497551885039361,-0.003562560871059,0.319552187440435
"bivt",0.005,1000,"0.1",TRUE,0.00443824167960603,-0.0034690091846354,0.319552187440435
"bivt",0.005,1000,"0.01",TRUE,0.00619342283697127,-0.00385288575694877,0.319552187440435
"bivt",0.005,1000,"0.05",FALSE,0.00518079768713968,-0.00363088962255949,0.374511720847688
"bivt",0.005,1000,"0.1",FALSE,0.00478652529896019,-0.00345063520665317,0.374511720847688
"bivt",0.005,1000,"0.01",TRUE,0.00615137758436804,-0.00376913357835819,0.374511720847688
"bivt",0.005,1000,"0.05",TRUE,0.0144197157717414,-0.00478145669060898,0.165646124164164
"bivt",0.005,1000,"0.1",FALSE,0.0102383808553682,-0.00476380411700835,0.165646124164164
"bivt",0.005,1000,"0.01",TRUE,0.0183200358203097,-0.00481112836091149,0.165646124164164
"bivt",0.005,1000,"0.05",TRUE,0.00650603393329272,-0.00390610029880304,0.326991136942991
"bivt",0.005,1000,"0.1",TRUE,0.00592439124382574,-0.00372158779206629,0.326991136942991
"bivt",0.005,1000,"0.01",TRUE,0.00798681364460798,-0.00409914979593243,0.326991136942991
"bivt",0.005,1000,"0.05",TRUE,0.0071912003099773,-0.0039834303877437,0.282200888827823
"bivt",0.005,1000,"0.1",TRUE,0.00666838803415654,-0.00392757710898167,0.282200888827823
"bivt",0.005,1000,"0.01",TRUE,0.00990096464627555,-0.00409071467956645,0.282200888827823
"bivt",0.005,1000,"0.05",TRUE,0.00519394234638398,-0.00376137959619777,0.2494892274542
"bivt",0.005,1000,"0.1",TRUE,0.00474348429344462,-0.00370209957808179,0.2494892274542
"bivt",0.005,1000,"0.01",TRUE,0.00616508095630712,-0.00402235205801452,0.2494892274542
"bivt",0.005,1000,"0.05",TRUE,0.00988301710215819,-0.00476470811957741,0.224766625647308
"bivt",0.005,1000,"0.1",TRUE,0.00850892870877137,-0.00473293834621516,0.224766625647308
"bivt",0.005,1000,"0.01",TRUE,0.0119796323259895,-0.00482017314644158,0.224766625647308
"bivt",0.005,1000,"0.05",TRUE,0.00862302559460004,-0.00473779534475087,0.260176057846514
"bivt",0.005,1000,"0.1",TRUE,0.00751263503168998,-0.00471624649371833,0.260176057846514
"bivt",0.005,1000,"0.01",TRUE,0.0119269140496837,-0.00477330238552172,0.260176057846514
"bivt",0.005,1000,"0.05",TRUE,0.00632188659886259,-0.004023558757127,0.273931939127937
"bivt",0.005,1000,"0.1",TRUE,0.00569933052025949,-0.00390211695430974,0.273931939127937
"bivt",0.005,1000,"0.01",TRUE,0.00803092602826252,-0.00412610551966752,0.273931939127937
"bivt",0.005,1000,"0.05",TRUE,0.00613983540938478,-0.00427146018502314,0.275012838636849
"bivt",0.005,1000,"0.1",TRUE,0.00572688688959285,-0.0041777911136889,0.275012838636849
"bivt",0.005,1000,"0.01",TRUE,0.0093980303952736,-0.00440251131030367,0.275012838636849
"bivt",0.005,1000,"0.05",TRUE,0.0141281243935026,-0.00493089719503066,0.194289144944332
"bivt",0.005,1000,"0.1",TRUE,0.0120442571253755,-0.00491591675310033,0.194289144944332
"bivt",0.005,1000,"0.01",TRUE,0.0197108590097246,-0.00494357378066346,0.194289144944332
"bivt",0.005,1000,"0.05",TRUE,0.00781817332991834,-0.003967752026675,0.292731580671612
"bivt",0.005,1000,"0.1",TRUE,0.00707784285932193,-0.00391331421780892,0.292731580671612
"bivt",0.005,1000,"0.01",TRUE,0.00804720648165503,-0.00410433264170662,0.292731580671612
"bivt",0.005,1000,"0.05",TRUE,0.00805020915557377,-0.00303986350234707,0.303231385853965
"bivt",0.005,1000,"0.1",TRUE,0.00752880116333654,-0.00284970955679772,0.303231385853965
"bivt",0.005,1000,"0.01",TRUE,0.00957749289291004,-0.00329856558547761,0.303231385853965
"bivt",0.005,1000,"0.05",TRUE,0.00883813253493402,-0.00443726486229069,0.306733795594215
"bivt",0.005,1000,"0.1",TRUE,0.00872821440214265,-0.0043969170831687,0.306733795594215
"bivt",0.005,1000,"0.01",TRUE,0.0124885581965892,-0.00448334096928645,0.306733795594215
"bivt",0.005,1000,"0.05",TRUE,0.0108075175684737,-0.00455379061346727,0.263321122209654
"bivt",0.005,1000,"0.1",TRUE,0.00921764428091876,-0.00451938706190114,0.263321122209654
"bivt",0.005,1000,"0.01",TRUE,0.0155833767277942,-0.00458618416552455,0.263321122209654
"bivt",0.005,1000,"0.05",TRUE,0.00841619300564222,-0.00430580076414679,0.275621550185741
"bivt",0.005,1000,"0.1",TRUE,0.00778117162847602,-0.00415606616098608,0.275621550185741
"bivt",0.005,1000,"0.01",TRUE,0.00889601996688899,-0.00438067604085244,0.275621550185741
"bivt",0.005,1000,"0.05",TRUE,0.00899300143627873,-0.00437345060888013,0.259703697474217
"bivt",0.005,1000,"0.1",TRUE,0.00895243477223417,-0.00428082922415646,0.259703697474217
"bivt",0.005,1000,"0.01",TRUE,0.0104347459103106,-0.00445317786584726,0.259703697474217
"bivt",0.005,1000,"0.05",TRUE,0.00920031580113508,-0.00405112816192051,0.311812941150992
"bivt",0.005,1000,"0.1",TRUE,0.00854070159004093,-0.00404189207871538,0.311812941150992
"bivt",0.005,1000,"0.01",TRUE,0.0104047536353554,-0.00407286204096516,0.311812941150992
"bivt",0.005,1000,"0.05",TRUE,0.00744409343217922,-0.00422946077245561,0.241578991299266
"bivt",0.005,1000,"0.1",TRUE,0.00587475782303901,-0.00415504900112362,0.241578991299266
"bivt",0.005,1000,"0.01",TRUE,0.00815455408178686,-0.00430992140468213,0.241578991299266
"bivt",0.005,1000,"0.05",TRUE,0.00640609707103025,-0.0032870843298469,0.328755533464793
"bivt",0.005,1000,"0.1",TRUE,0.00611371971301761,-0.00320540186144939,0.328755533464793
"bivt",0.005,1000,"0.01",TRUE,0.00771244857618577,-0.00338634330699344,0.328755533464793
"bivt",0.005,1000,"0.05",TRUE,0.0110377654219461,-0.00242704843479354,0.349727906732771
"bivt",0.005,1000,"0.1",TRUE,0.0103188144870915,-0.00228681422759947,0.349727906732771
"bivt",0.005,1000,"0.01",TRUE,0.012357750627663,-0.00275748377179832,0.349727906732771
"bivt",0.005,1000,"0.05",TRUE,0.013963347648232,-0.00483184424054382,0.188425513072299
"bivt",0.005,1000,"0.1",TRUE,0.00834620490082399,-0.00482040674214129,0.188425513072299
"bivt",0.005,1000,"0.01",TRUE,0.0147139671527984,-0.00486373974394377,0.188425513072299
"bivt",0.005,1000,"0.05",TRUE,0.00561933231276918,-0.00291808275767814,0.347803865049398
"bivt",0.005,1000,"0.1",TRUE,0.00490730180939514,-0.00284726404079678,0.347803865049398
"bivt",0.005,1000,"0.01",TRUE,0.00631476525443723,-0.00308338898606263,0.347803865049398
"bivt",0.005,1000,"0.05",TRUE,0.00831044050467563,-0.00454050612566191,0.218675827433251
"bivt",0.005,1000,"0.1",TRUE,0.00699031780420707,-0.00449659479444755,0.218675827433251
"bivt",0.005,1000,"0.01",TRUE,0.0111112673127811,-0.00461172137067492,0.218675827433251
"bivt",0.005,1000,"0.05",TRUE,0.00683875075810813,-0.00326602783601753,0.30436633160914
"bivt",0.005,1000,"0.1",TRUE,0.00611177000671166,-0.00321482406658794,0.30436633160914
"bivt",0.005,1000,"0.01",TRUE,0.00774305593663561,-0.00353538076157879,0.30436633160914
"bivt",0.005,1000,"0.05",TRUE,0.00578087177301984,-0.00419941084361264,0.299854943872505
"bivt",0.005,1000,"0.1",TRUE,0.00491305498528863,-0.00413421683779838,0.299854943872505
"bivt",0.005,1000,"0.01",TRUE,0.00819515933221875,-0.00431154115926851,0.299854943872505
"bivt",0.005,1000,"0.05",TRUE,0.0056525727003658,-0.00366163053230279,0.274724361077338
"bivt",0.005,1000,"0.1",TRUE,0.00537813831883748,-0.00361495148864847,0.274724361077338
"bivt",0.005,1000,"0.01",TRUE,0.0069893238644002,-0.00386534100282674,0.274724361077338
"bivt",0.005,1000,"0.05",TRUE,0.00570917759550205,-0.00371864986934112,0.347205146257615
"bivt",0.005,1000,"0.1",TRUE,0.00537946655664493,-0.00365748188402356,0.347205146257615
"bivt",0.005,1000,"0.01",TRUE,0.00678566076594713,-0.00386875092220319,0.347205146257615
"bivt",0.005,1000,"0.05",TRUE,0.00665716901070662,-0.00290224973887156,0.317598942525703
"bivt",0.005,1000,"0.1",TRUE,0.00590637511703833,-0.00280550618970859,0.317598942525703
"bivt",0.005,1000,"0.01",TRUE,0.00690399478860699,-0.00306871265028483,0.317598942525703
"bivt",0.005,1000,"0.05",TRUE,0.00665636111969956,-0.00350747769001301,0.339986219285305
"bivt",0.005,1000,"0.1",TRUE,0.00638813670073915,-0.00343002356422467,0.339986219285305
"bivt",0.005,1000,"0.01",TRUE,0.00711799295138833,-0.00360312889998437,0.339986219285305
"bivt",0.005,1000,"0.05",TRUE,0.00603601297241229,-0.00346817137628814,0.293930919752499
"bivt",0.005,1000,"0.1",TRUE,0.00547129902751438,-0.00343671751902903,0.293930919752499
"bivt",0.005,1000,"0.01",TRUE,0.00671940811705249,-0.00371797551650333,0.293930919752499
"bivt",0.005,1000,"0.05",TRUE,0.010449901980625,-0.0026717989317349,0.409104949126414
"bivt",0.005,1000,"0.1",TRUE,0.00977977941580305,-0.00254802602475883,0.409104949126414
"bivt",0.005,1000,"0.01",TRUE,0.0111231109305416,-0.00282779460568834,0.409104949126414
"bivt",0.005,1000,"0.05",TRUE,0.0053147804918334,-0.00417155759076358,0.330972496022034
"bivt",0.005,1000,"0.1",TRUE,0.00399141297346948,-0.00408719788145558,0.330972496022034
"bivt",0.005,1000,"0.01",TRUE,0.00928090644894243,-0.00423717220074406,0.330972496022034
"bivt",0.005,1000,"0.05",TRUE,0.00965239826127866,-0.00474756054016167,0.226790687639067
"bivt",0.005,1000,"0.1",TRUE,0.00781772813316841,-0.0047118013144793,0.226790687639067
"bivt",0.005,1000,"0.01",TRUE,0.0138033211155228,-0.00477714978282938,0.226790687639067
"bivt",0.005,1000,"0.05",TRUE,0.00562241173042622,-0.0037382403533153,0.273815373799461
"bivt",0.005,1000,"0.1",TRUE,0.0055051894537352,-0.00368169844612087,0.273815373799461
"bivt",0.005,1000,"0.01",TRUE,0.0062577434426018,-0.00382852801347782,0.273815373799461
"bivt",0.005,1000,"0.05",TRUE,0.00578305677681865,-0.00360283391398176,0.31770101890602
"bivt",0.005,1000,"0.1",TRUE,0.00511301016677178,-0.00354065942304314,0.31770101890602
"bivt",0.005,1000,"0.01",TRUE,0.00703832355413991,-0.00373955123832992,0.31770101890602
"bivt",0.005,1000,"0.05",TRUE,0.00762556392151849,-0.00431124989995855,0.241727805877214
"bivt",0.005,1000,"0.1",TRUE,0.00639965302493138,-0.00429862673601613,0.241727805877214
"bivt",0.005,1000,"0.01",TRUE,0.0101113347564225,-0.00440947001693058,0.241727805877214
"bivt",0.005,1000,"0.05",TRUE,0.00564968179845713,-0.00397632638891915,0.286495829253184
"bivt",0.005,1000,"0.1",TRUE,0.00538406473830756,-0.00389158082916863,0.286495829253184
"bivt",0.005,1000,"0.01",TRUE,0.0080060260909477,-0.00413399419362645,0.286495829253184
"bivt",0.005,1000,"0.05",TRUE,0.00717070851045658,-0.00448078436230603,0.344402101212778
"bivt",0.005,1000,"0.1",TRUE,0.00476554802789761,-0.00444307068220516,0.344402101212778
"bivt",0.005,1000,"0.01",TRUE,0.00928692666132491,-0.00452646164020363,0.344402101212778
"bivt",0.005,1000,"0.05",TRUE,0.00733475081111968,-0.0043923271325594,0.203206703930255
"bivt",0.005,1000,"0.1",TRUE,0.00639065395106378,-0.00434863631691385,0.203206703930255
"bivt",0.005,1000,"0.01",TRUE,0.0108008907636613,-0.00450093918067291,0.203206703930255
"bivt",0.005,1000,"0.05",TRUE,0.0115981662286229,-0.00295804170523451,0.351678736281636
"bivt",0.005,1000,"0.1",TRUE,0.0101703442771278,-0.00268909419048943,0.351678736281636
"bivt",0.005,1000,"0.01",TRUE,0.0117525795810031,-0.00306787559623696,0.351678736281636
"bivt",0.005,1000,"0.05",TRUE,0.00743649610840771,-0.00284983432352913,0.339459852486966
"bivt",0.005,1000,"0.1",TRUE,0.00703347410527331,-0.00266197835374749,0.339459852486966
"bivt",0.005,1000,"0.01",TRUE,0.00886115472277046,-0.00297909844315609,0.339459852486966
"bivt",0.005,1000,"0.05",TRUE,0.00684860274908742,-0.00447932460019266,0.273752589789331
"bivt",0.005,1000,"0.1",TRUE,0.00551824858548505,-0.00438755039539606,0.273752589789331
"bivt",0.005,1000,"0.01",TRUE,0.00922459303962069,-0.00460258370188349,0.273752589789331
"bivt",0.005,1000,"0.05",TRUE,0.00749792151353425,-0.003529404284843,0.291580657635241
"bivt",0.005,1000,"0.1",TRUE,0.0064172990062012,-0.00342898468802392,0.291580657635241
"bivt",0.005,1000,"0.01",TRUE,0.00803319433738655,-0.0038443128467167,0.291580657635241
"bivt",0.005,1000,"0.05",TRUE,0.0106050931931649,-0.00477924780660651,0.265584548463534
"bivt",0.005,1000,"0.1",TRUE,0.00824282881920703,-0.00476883276463773,0.265584548463534
"bivt",0.005,1000,"0.01",TRUE,0.0193805129210743,-0.00478934453236517,0.265584548463534
"bivt",0.005,1000,"0.05",TRUE,0.00612043708904439,-0.00379668188264376,0.309874878265252
"bivt",0.005,1000,"0.1",TRUE,0.00593540839593206,-0.00368703640045956,0.309874878265252
"bivt",0.005,1000,"0.01",TRUE,0.00679050198753811,-0.00396591989162731,0.309874878265252
"bivt",0.005,1000,"0.05",TRUE,0.00664031139348669,-0.00441715577075902,0.221280377308247
"bivt",0.005,1000,"0.1",TRUE,0.00590538692958595,-0.00434606712438707,0.221280377308247
"bivt",0.005,1000,"0.01",TRUE,0.00874018099103869,-0.00451353767197214,0.221280377308247
"bivt",0.005,1000,"0.05",TRUE,0.00812471117444174,-0.00434590761007746,0.226769512302881
"bivt",0.005,1000,"0.1",TRUE,0.00623186968954183,-0.00429782464474427,0.226769512302881
"bivt",0.005,1000,"0.01",TRUE,0.0101674552932625,-0.00448610233231115,0.226769512302881
"bivt",0.005,1000,"0.05",TRUE,0.00568242018669453,-0.00378199801086875,0.303992600372905
"bivt",0.005,1000,"0.1",TRUE,0.00542898143546608,-0.00372185353396318,0.303992600372905
"bivt",0.005,1000,"0.01",TRUE,0.00711045862688902,-0.00394855022441346,0.303992600372905
"bivt",0.005,1000,"0.05",TRUE,0.00576238499183393,-0.00278013662865119,0.357022971081731
"bivt",0.005,1000,"0.1",TRUE,0.00528927971397118,-0.00265404439793528,0.357022971081731
"bivt",0.005,1000,"0.01",TRUE,0.0062686100896083,-0.00323971541979047,0.357022971081731
"bivt",0.005,1000,"0.05",TRUE,0.00510362039166375,-0.0042246776128085,0.25485352395099
"bivt",0.005,1000,"0.1",TRUE,0.00397900256639713,-0.00420480663513149,0.25485352395099
"bivt",0.005,1000,"0.01",TRUE,0.00713944077426567,-0.00431373038136984,0.25485352395099
"bivt",0.005,1000,"0.05",TRUE,0.00931670049774851,-0.00401236479035297,0.313222047201936
"bivt",0.005,1000,"0.1",TRUE,0.00892223497435753,-0.00389011501380379,0.313222047201936
"bivt",0.005,1000,"0.01",TRUE,0.01024824835582,-0.00412901228225106,0.313222047201936
"bivt",0.005,1000,"0.05",TRUE,0.00901276887827033,-0.0046270025723147,0.20912124897957
"bivt",0.005,1000,"0.1",TRUE,0.00685809761615571,-0.00457255513633948,0.20912124897957
"bivt",0.005,1000,"0.01",TRUE,0.0116158591977375,-0.00469634623370865,0.20912124897957
"bivt",0.005,1000,"0.05",TRUE,0.0069132841366323,-0.00402083971899154,0.258732546096325
"bivt",0.005,1000,"0.1",TRUE,0.00638878107988713,-0.0039798350104908,0.258732546096325
"bivt",0.005,1000,"0.01",TRUE,0.00816903434109769,-0.00414144582817214,0.258732546096325
"bivt",0.005,1000,"0.05",TRUE,0.00536294959536947,-0.00420849429743506,0.307048142450099
"bivt",0.005,1000,"0.1",TRUE,0.00456994278176922,-0.00415198932672297,0.307048142450099
"bivt",0.005,1000,"0.01",TRUE,0.00746222230449042,-0.00432808799594528,0.307048142450099
"bivt",0.005,1000,"0.05",TRUE,0.00626901298114545,-0.0038028244104822,0.266919559776103
"bivt",0.005,1000,"0.1",TRUE,0.00619386973038419,-0.00372536350713253,0.266919559776103
"bivt",0.005,1000,"0.01",TRUE,0.00760669185008472,-0.0039809792231144,0.266919559776103
"bivt",0.005,1000,"0.05",TRUE,0.00934552272959133,-0.00260865966482293,0.357309745785156
"bivt",0.005,1000,"0.1",TRUE,0.00869401760331053,-0.00242334010692848,0.357309745785156
"bivt",0.005,1000,"0.01",TRUE,0.0105735839193709,-0.00270723885753175,0.357309745785156
"bivt",0.005,1000,"0.05",TRUE,0.00520048516606467,-0.00434478434344317,0.276781482907372
"bivt",0.005,1000,"0.1",TRUE,0.00467375793742227,-0.00429761609101488,0.276781482907372
"bivt",0.005,1000,"0.01",TRUE,0.00854976284746839,-0.00453812273344146,0.276781482907372
"bivt",0.005,1000,"0.05",TRUE,0.00643784516985928,-0.00371336369910066,0.313737362765444
"bivt",0.005,1000,"0.1",TRUE,0.00582111723026866,-0.00359579310373649,0.313737362765444
"bivt",0.005,1000,"0.01",TRUE,0.00743988607112585,-0.00388672024012651,0.313737362765444
"bivt",0.005,1000,"0.05",TRUE,0.00527289956004977,-0.00331630496221601,0.294116587284279
"bivt",0.005,1000,"0.1",TRUE,0.0048802111389585,-0.00322555334394368,0.294116587284279
"bivt",0.005,1000,"0.01",TRUE,0.00626084676267043,-0.0034595321269624,0.294116587284279
"bivt",0.005,1000,"0.05",TRUE,0.00818813002683062,-0.00246369179967814,0.342575622670242
"bivt",0.005,1000,"0.1",TRUE,0.00777904118494438,-0.00218422081214542,0.342575622670242
"bivt",0.005,1000,"0.01",TRUE,0.0100944283032152,-0.00274853304153962,0.342575622670242
"bivt",0.005,1000,"0.05",TRUE,0.00756913159263744,-0.00409034147707644,0.320020927383064
"bivt",0.005,1000,"0.1",TRUE,0.00627100061476111,-0.00404496104506791,0.320020927383064
"bivt",0.005,1000,"0.01",TRUE,0.00987639696663157,-0.00420763156042344,0.320020927383064
"bivt",0.005,1000,"0.05",TRUE,0.00536644621615213,-0.00402117549778487,0.283139072598957
"bivt",0.005,1000,"0.1",TRUE,0.00483143735404345,-0.00388656524700858,0.283139072598957
"bivt",0.005,1000,"0.01",TRUE,0.00705649387853167,-0.00417564397591276,0.283139072598957
"bivt",0.005,1000,"0.05",TRUE,0.00417663096123836,-0.00344940121211707,0.284637620188673
"bivt",0.005,1000,"0.1",TRUE,0.00354203430736817,-0.00337799502020969,0.284637620188673
"bivt",0.005,1000,"0.01",TRUE,0.00605781073678912,-0.00363630077479827,0.284637620188673
"bivt",0.005,1000,"0.05",TRUE,0.00805336734120154,-0.00469362694700888,0.227197116454155
"bivt",0.005,1000,"0.1",TRUE,0.00720925465510135,-0.00466428808115905,0.227197116454155
"bivt",0.005,1000,"0.01",TRUE,0.011529658247892,-0.00476898547693812,0.227197116454155
"bivt",0.005,1000,"0.05",TRUE,0.00700217776418267,-0.003658237176198,0.342059835866806
"bivt",0.005,1000,"0.1",TRUE,0.00633871937911446,-0.003625700175702,0.342059835866806
"bivt",0.005,1000,"0.01",TRUE,0.00826556387935563,-0.00380042111995584,0.342059835866806
"bivt",0.005,1000,"0.05",TRUE,0.00657015901838594,-0.00411463789154951,0.261337003278728
"bivt",0.005,1000,"0.1",TRUE,0.00576532443074479,-0.00395484629970853,0.261337003278728
"bivt",0.005,1000,"0.01",TRUE,0.00807016997456374,-0.0042124853075294,0.261337003278728
"bivt",0.005,1000,"0.05",TRUE,0.0087831932326043,-0.00453084566278901,0.292658886297294
"bivt",0.005,1000,"0.1",TRUE,0.00624812078954316,-0.00450357209980755,0.292658886297294
"bivt",0.005,1000,"0.01",TRUE,0.0119680157685689,-0.00457449838438772,0.292658886297294
"bivt",0.005,1000,"0.05",TRUE,0.00719124950935259,-0.00455579442461519,0.256280552250748
"bivt",0.005,1000,"0.1",TRUE,0.00531429798960739,-0.00450714118924055,0.256280552250748
"bivt",0.005,1000,"0.01",TRUE,0.00974046640146582,-0.0045927100597595,0.256280552250748
"bivt",0.005,1000,"0.05",TRUE,0.00564181368751196,-0.0027584118928847,0.392118271173003
"bivt",0.005,1000,"0.1",TRUE,0.0050928311780934,-0.00260809869278935,0.392118271173003
"bivt",0.005,1000,"0.01",TRUE,0.00813066603337679,-0.00310898858897878,0.392118271173003
"bivt",0.005,1000,"0.05",TRUE,0.00735022648416,-0.00358347345470641,0.329162081025138
"bivt",0.005,1000,"0.1",TRUE,0.00722280348164,-0.00353855410369594,0.329162081025138
"bivt",0.005,1000,"0.01",TRUE,0.00770729887582147,-0.00387286009295038,0.329162081025138
"bivt",0.005,1000,"0.05",TRUE,0.00863924320773354,-0.00416939952001582,0.277390779914695
"bivt",0.005,1000,"0.1",TRUE,0.00766066160528151,-0.00413747768487802,0.277390779914695
"bivt",0.005,1000,"0.01",TRUE,0.00995310113483263,-0.00426320430296494,0.277390779914695
"bivt",0.005,1000,"0.05",TRUE,0.00970257057562848,-0.0039448846959193,0.320062158470288
"bivt",0.005,1000,"0.1",TRUE,0.00940719405835016,-0.00391124297520435,0.320062158470288
"bivt",0.005,1000,"0.01",TRUE,0.0107578463088212,-0.00410555427881691,0.320062158470288
"bivt",0.005,1000,"0.05",TRUE,0.00650185799507089,-0.00447826453675477,0.238671565218143
"bivt",0.005,1000,"0.1",TRUE,0.00566854231554443,-0.00447101557195743,0.238671565218143
"bivt",0.005,1000,"0.01",TRUE,0.00831561909377839,-0.00458220093982323,0.238671565218143
"bivt",0.005,1000,"0.05",TRUE,0.0083834748254344,-0.00353268868120302,0.285236585895154
"bivt",0.005,1000,"0.1",TRUE,0.00790060357482702,-0.00341423124734907,0.285236585895154
"bivt",0.005,1000,"0.01",TRUE,0.008757204456657,-0.00358781305885519,0.285236585895154
"bivt",0.005,1000,"0.05",TRUE,0.0120173739553968,-0.00479515269757872,0.275373868348784
"bivt",0.005,1000,"0.1",TRUE,0.010043171770474,-0.00477208667472406,0.275373868348784
"bivt",0.005,1000,"0.01",TRUE,0.0171479157554085,-0.00482379754898904,0.275373868348784
"bivt",0.005,1000,"0.05",TRUE,0.0128205470610429,-0.00475607241792695,0.20609850381778
"bivt",0.005,1000,"0.1",TRUE,0.0106524406782578,-0.00472909262118624,0.20609850381778
"bivt",0.005,1000,"0.01",TRUE,0.0154552050467896,-0.0048183001209667,0.20609850381778
"bivt",0.005,1000,"0.05",TRUE,0.00732402958645977,-0.00451170991124508,0.23940663677334
"bivt",0.005,1000,"0.1",TRUE,0.00586734635557382,-0.00445635477847464,0.23940663677334
"bivt",0.005,1000,"0.01",TRUE,0.00952590688668957,-0.00458009222065344,0.23940663677334
"bivt",0.005,1000,"0.05",TRUE,0.00644842632766754,-0.00437459158097014,0.29680756534173
"bivt",0.005,1000,"0.1",TRUE,0.00551330763983767,-0.00417729105322731,0.29680756534173
"bivt",0.005,1000,"0.01",TRUE,0.00971930366814815,-0.00450543152942795,0.29680756534173
"bivt",0.005,1000,"0.05",TRUE,0.00935476983663476,-0.00370825711768683,0.27509708582471
"bivt",0.005,1000,"0.1",TRUE,0.00890638850550988,-0.00362717106874853,0.27509708582471
"bivt",0.005,1000,"0.01",TRUE,0.0106349262376927,-0.00390440864706217,0.27509708582471
"bivt",0.005,1000,"0.05",TRUE,0.00849233676815432,-0.00447486122572958,0.246497934401995
"bivt",0.005,1000,"0.1",TRUE,0.00623806117267325,-0.00441004884431967,0.246497934401995
"bivt",0.005,1000,"0.01",TRUE,0.00956872771542181,-0.00449473557189731,0.246497934401995
"bivt",0.005,1000,"0.05",TRUE,0.00723083114304154,-0.00473360008028849,0.211880721472906
"bivt",0.005,1000,"0.1",TRUE,0.00621966847221395,-0.0046997377327313,0.211880721472906
"bivt",0.005,1000,"0.01",TRUE,0.0101716484820782,-0.00477478641972415,0.211880721472906
"bivt",0.005,1000,"0.05",TRUE,0.0101073771944511,-0.00278957489604952,0.315694155447289
"bivt",0.005,1000,"0.1",TRUE,0.00939444666297058,-0.0027023391361679,0.315694155447289
"bivt",0.005,1000,"0.01",TRUE,0.0108679993977687,-0.00309812908400318,0.315694155447289
"bivt",0.005,1000,"0.05",TRUE,0.00957331886706514,-0.0021479266193477,0.4479125269867
"bivt",0.005,1000,"0.1",TRUE,0.00936273767574186,-0.00186999099844852,0.4479125269867
"bivt",0.005,1000,"0.01",TRUE,0.0125657476439734,-0.0024668499738151,0.4479125269867
"bivt",0.005,1000,"0.05",TRUE,0.00646749760118825,-0.00443868142010073,0.292574941484431
"bivt",0.005,1000,"0.1",TRUE,0.00459690863176971,-0.00436673773009008,0.292574941484431
"bivt",0.005,1000,"0.01",TRUE,0.00839831293430094,-0.00451458247316761,0.292574941484431
"bivt",0.005,1000,"0.05",TRUE,0.00526133248708328,-0.00421742372508856,0.253079205282093
"bivt",0.005,1000,"0.1",TRUE,0.00384984081554362,-0.00412406652196638,0.253079205282093
"bivt",0.005,1000,"0.01",TRUE,0.00817219494071504,-0.00434570633494595,0.253079205282093
"bivt",0.005,1000,"0.05",TRUE,0.00697000053893878,-0.00381901641534981,0.313646285970816
"bivt",0.005,1000,"0.1",TRUE,0.00556627403319613,-0.0037616065896536,0.313646285970816
"bivt",0.005,1000,"0.01",TRUE,0.00797789629029862,-0.00397832204941013,0.313646285970816
"bivt",0.005,1000,"0.05",TRUE,0.00444157993662334,-0.00345916188008661,0.308151234932619
"bivt",0.005,1000,"0.1",TRUE,0.0039104342400894,-0.00337978816469242,0.308151234932619
"bivt",0.005,1000,"0.01",TRUE,0.0053982322396739,-0.00353767000448206,0.308151234932619
"bivt",0.005,1000,"0.05",TRUE,0.00546271437810507,-0.00341661331388979,0.240510741057789
"bivt",0.005,1000,"0.1",TRUE,0.00502773385939669,-0.00324623762308213,0.240510741057789
"bivt",0.005,1000,"0.01",TRUE,0.00746695210564948,-0.0036816498315922,0.240510741057789
"bivt",0.005,1000,"0.05",TRUE,0.00572350494610605,-0.00434556434913119,0.278580407380223
"bivt",0.005,1000,"0.1",TRUE,0.00511630615734727,-0.0043032415373684,0.278580407380223
"bivt",0.005,1000,"0.01",TRUE,0.00856302771894311,-0.00441656953374026,0.278580407380223
"bivt",0.005,1000,"0.05",TRUE,0.00767989120993805,-0.00466671839449736,0.200706755699318
"bivt",0.005,1000,"0.1",TRUE,0.00584348825961148,-0.00464588817368902,0.200706755699318
"bivt",0.005,1000,"0.01",TRUE,0.0107767085832677,-0.00472647932351995,0.200706755699318
"bivt",0.005,1000,"0.05",TRUE,0.00711188982748964,-0.00460332959126991,0.269401361184986
"bivt",0.005,1000,"0.1",TRUE,0.00577870234004038,-0.00458115317408283,0.269401361184986
"bivt",0.005,1000,"0.01",TRUE,0.0109030163457924,-0.00468471234481648,0.269401361184986
"bivt",0.005,1000,"0.05",TRUE,0.00583193184169697,-0.0042272580455839,0.296825562662671
"bivt",0.005,1000,"0.1",TRUE,0.00533183792338217,-0.00417880654346508,0.296825562662671
"bivt",0.005,1000,"0.01",TRUE,0.00729479041650284,-0.00427974975994378,0.296825562662671
"bivt",0.005,1000,"0.05",TRUE,0.00679692430454324,-0.00466966027816414,0.248121024590399
"bivt",0.005,1000,"0.1",TRUE,0.00603790417386006,-0.00460195620614985,0.248121024590399
"bivt",0.005,1000,"0.01",TRUE,0.00809199393843198,-0.00472936700247844,0.248121024590399
"bivt",0.005,1000,"0.05",TRUE,0.00600466020074518,-0.00416089576061739,0.311265472075943
"bivt",0.005,1000,"0.1",TRUE,0.00515854612177469,-0.00413028230683716,0.311265472075943
"bivt",0.005,1000,"0.01",TRUE,0.00743739313106566,-0.00425557102656692,0.311265472075943
"bivt",0.005,1000,"0.05",TRUE,0.00522322183496807,-0.00321213208559434,0.30770408260804
"bivt",0.005,1000,"0.1",TRUE,0.00481940586657823,-0.00319023202287088,0.30770408260804
"bivt",0.005,1000,"0.01",TRUE,0.0060082846701477,-0.00344671097482765,0.30770408260804
"bivt",0.005,1000,"0.05",TRUE,0.00548465431305203,-0.00373659645729271,0.244945660725843
"bivt",0.005,1000,"0.1",TRUE,0.00502118888896671,-0.00363391318254687,0.244945660725843
"bivt",0.005,1000,"0.01",TRUE,0.00701411560294888,-0.00404762344969119,0.244945660725843
"bivt",0.005,1000,"0.05",TRUE,0.00533232575718324,-0.00432593140932173,0.298920578596262
"bivt",0.005,1000,"0.1",TRUE,0.00432458605666238,-0.00428213832510086,0.298920578596262
"bivt",0.005,1000,"0.01",TRUE,0.00822375631275901,-0.00438609311109683,0.298920578596262
"bivt",0.005,1000,"0.05",TRUE,0.00913613101321064,-0.00322131550729062,0.312864418423648
"bivt",0.005,1000,"0.1",TRUE,0.00897293821569739,-0.00314575728204704,0.312864418423648
"bivt",0.005,1000,"0.01",TRUE,0.010309875132383,-0.00341730337683128,0.312864418423648
"bivt",0.005,1000,"0.05",TRUE,0.00676300862892287,-0.00419101665779844,0.255695243368955
"bivt",0.005,1000,"0.1",TRUE,0.00560850248710635,-0.00402799623600757,0.255695243368955
"bivt",0.005,1000,"0.01",TRUE,0.00778869638329104,-0.00438024519137999,0.255695243368955
"bivt",0.005,1000,"0.05",TRUE,0.00928320204725329,-0.00484525498574991,0.207568140844334
"bivt",0.005,1000,"0.1",TRUE,0.00789055106686982,-0.00482181692006092,0.207568140844334
"bivt",0.005,1000,"0.01",TRUE,0.0132649747948953,-0.00487087651073397,0.207568140844334
"bivt",0.005,1000,"0.05",TRUE,0.00682424274060802,-0.00451405427165882,0.251830056835959
"bivt",0.005,1000,"0.1",TRUE,0.00575756498660755,-0.00444056603844983,0.251830056835959
"bivt",0.005,1000,"0.01",TRUE,0.00739827147822784,-0.00457396337632448,0.251830056835959
"bivt",0.005,1000,"0.05",TRUE,0.00538200336674861,-0.00437927836619477,0.239874200067416
"bivt",0.005,1000,"0.1",TRUE,0.00461174270349479,-0.00427896455816502,0.239874200067416
"bivt",0.005,1000,"0.01",TRUE,0.00801403228962443,-0.00453647995642484,0.239874200067416
"bivt",0.005,1000,"0.05",TRUE,0.010100410185187,-0.00402362278791835,0.359646749000363
"bivt",0.005,1000,"0.1",TRUE,0.00988601960811943,-0.00399628011047545,0.359646749000363
"bivt",0.005,1000,"0.01",TRUE,0.0106928687522832,-0.0040931253332017,0.359646749000363
"bivt",0.005,1000,"0.05",TRUE,0.00751229792550747,-0.00425363020642629,0.292394065699378
"bivt",0.005,1000,"0.1",TRUE,0.00666140610916363,-0.00410887682038899,0.292394065699378
"bivt",0.005,1000,"0.01",TRUE,0.00899942602782811,-0.00436006905095802,0.292394065699378
"bivt",0.005,1000,"0.05",TRUE,0.00700085656689307,-0.00406664244400251,0.289887057805302
"bivt",0.005,1000,"0.1",TRUE,0.00576088773653444,-0.00396661209870009,0.289887057805302
"bivt",0.005,1000,"0.01",TRUE,0.00755394528426063,-0.004197603438759,0.289887057805302
"bivt",0.005,1000,"0.05",TRUE,0.00529218604483505,-0.00378934632624176,0.307602005319837
"bivt",0.005,1000,"0.1",TRUE,0.00420035208899423,-0.00370387240437553,0.307602005319837
"bivt",0.005,1000,"0.01",TRUE,0.00744144009075254,-0.00394547004454303,0.307602005319837
"bivt",0.005,1000,"0.05",TRUE,0.00790832305117805,-0.00314342554757682,0.279239877738023
"bivt",0.005,1000,"0.1",TRUE,0.00759477772094275,-0.00301907666325781,0.279239877738023
"bivt",0.005,1000,"0.01",TRUE,0.00982894418138745,-0.0033742850031763,0.279239877738023
"bivt",0.005,1000,"0.05",TRUE,0.00684276053616924,-0.0029909995475719,0.393881487853115
"bivt",0.005,1000,"0.1",TRUE,0.00535770332082666,-0.00290120697733278,0.393881487853115
"bivt",0.005,1000,"0.01",TRUE,0.00804014702145268,-0.00319114955027052,0.393881487853115
"bivt",0.005,1000,"0.05",TRUE,0.00919527697529392,-0.00383064580527892,0.347883557354316
"bivt",0.005,1000,"0.1",TRUE,0.00861529098958526,-0.00363776319012699,0.347883557354316
"bivt",0.005,1000,"0.01",TRUE,0.0100771426048745,-0.00399160912307978,0.347883557354316
"bivt",0.005,1000,"0.05",TRUE,0.00739640453032143,-0.00330286175770606,0.310313232329413
"bivt",0.005,1000,"0.1",TRUE,0.00632927903738398,-0.0030568442394865,0.310313232329413
"bivt",0.005,1000,"0.01",TRUE,0.00776216457907921,-0.00353625081043697,0.310313232329413
"bivt",0.005,1000,"0.05",TRUE,0.00619683056781906,-0.00440750259666097,0.224487682283383
"bivt",0.005,1000,"0.1",TRUE,0.00514873746272027,-0.00439097009549771,0.224487682283383
"bivt",0.005,1000,"0.01",TRUE,0.00798154410777017,-0.00450389930405679,0.224487682283383
"bivt",0.005,1000,"0.05",TRUE,0.00616886074100528,-0.00270456280576293,0.310080795696908
"bivt",0.005,1000,"0.1",TRUE,0.00585785449340615,-0.00255497331652881,0.310080795696908
"bivt",0.005,1000,"0.01",TRUE,0.00700295679624792,-0.00291616812724127,0.310080795696908
"bivt",0.005,1000,"0.05",TRUE,0.00685159824875454,-0.0041741960566466,0.257805801417331
"bivt",0.005,1000,"0.1",TRUE,0.00566460311379851,-0.00414307706053909,0.257805801417331
"bivt",0.005,1000,"0.01",TRUE,0.00978999370018408,-0.00428462690909358,0.257805801417331
"bivt",0.005,1000,"0.05",TRUE,0.00683699596876062,-0.00348666217394442,0.351182791838923
"bivt",0.005,1000,"0.1",TRUE,0.00568014934422963,-0.00333236503629529,0.351182791838923
"bivt",0.005,1000,"0.01",TRUE,0.00737599530047985,-0.00369205576136666,0.351182791838923
"bivt",0.005,1000,"0.05",TRUE,0.00714998511394573,-0.00400619377506524,0.318498253314532
"bivt",0.005,1000,"0.1",TRUE,0.00669440578894378,-0.00390420287194888,0.318498253314532
"bivt",0.005,1000,"0.01",TRUE,0.00791143142147731,-0.00407280795783357,0.318498253314532
"bivt",0.005,1000,"0.05",TRUE,0.0062438564393799,-0.00303102903000286,0.348576193374085
"bivt",0.005,1000,"0.1",TRUE,0.00622459268117839,-0.00292693410403091,0.348576193374085
"bivt",0.005,1000,"0.01",TRUE,0.00736436597613209,-0.00309884620828365,0.348576193374085
"bivt",0.005,1000,"0.05",TRUE,0.00739752863544163,-0.00462979920952586,0.245503722096863
"bivt",0.005,1000,"0.1",TRUE,0.00627175382273831,-0.004624919882824,0.245503722096863
"bivt",0.005,1000,"0.01",TRUE,0.0131879579461718,-0.00467929688638486,0.245503722096863
"bivt",0.005,1000,"0.05",TRUE,0.00612038194012774,-0.0043186256924832,0.230540377218019
"bivt",0.005,1000,"0.1",TRUE,0.00601485305523,-0.00430546136818716,0.230540377218019
"bivt",0.005,1000,"0.01",TRUE,0.00830309700654247,-0.00435251953509082,0.230540377218019
"bivt",0.005,1000,"0.05",TRUE,0.00759487862685434,-0.00427977905509144,0.292494310355434
"bivt",0.005,1000,"0.1",TRUE,0.00496372692483326,-0.00423271261488317,0.292494310355434
"bivt",0.005,1000,"0.01",TRUE,0.00862318977518542,-0.00431405309270971,0.292494310355434
"bivt",0.005,1000,"0.05",TRUE,0.00735946703920755,-0.00355712890346573,0.343821849799501
"bivt",0.005,1000,"0.1",TRUE,0.00627769200923934,-0.00342832484353735,0.343821849799501
"bivt",0.005,1000,"0.01",TRUE,0.00770730937533995,-0.00377424991790036,0.343821849799501
"bivt",0.005,1000,"0.05",TRUE,0.00748772624469324,-0.00449079027223877,0.21787384343052
"bivt",0.005,1000,"0.1",TRUE,0.00647832629816474,-0.00446426660381264,0.21787384343052
"bivt",0.005,1000,"0.01",TRUE,0.0106537800168523,-0.00458693688397943,0.21787384343052
"bivt",0.005,1000,"0.05",TRUE,0.00685441710636917,-0.00442855717556031,0.286614095877488
"bivt",0.005,1000,"0.1",TRUE,0.00588363967265492,-0.00435505513381967,0.286614095877488
"bivt",0.005,1000,"0.01",TRUE,0.00898933151504511,-0.00448878332713839,0.286614095877488
"bivt",0.005,1000,"0.05",TRUE,0.00660643642727876,-0.00423867850465226,0.330767964339126
"bivt",0.005,1000,"0.1",TRUE,0.00555672424571997,-0.00420044499094373,0.330767964339126
"bivt",0.005,1000,"0.01",TRUE,0.00842750685442353,-0.00429692915905043,0.330767964339126
"bivt",0.005,1000,"0.05",TRUE,0.00551704590330645,-0.00389003038259235,0.282281415025879
"bivt",0.005,1000,"0.1",TRUE,0.0046130290971177,-0.00383486761421197,0.282281415025879
"bivt",0.005,1000,"0.01",TRUE,0.00648844997803964,-0.00407356602721255,0.282281415025879
"bivt",0.005,1000,"0.05",TRUE,0.00608791408518535,-0.0041035843978431,0.287317693989785
"bivt",0.005,1000,"0.1",TRUE,0.00580787452602732,-0.00398822202771288,0.287317693989785
"bivt",0.005,1000,"0.01",TRUE,0.00800540889556859,-0.0041887572036419,0.287317693989785
"bivt",0.005,1000,"0.05",TRUE,0.00746237180542802,-0.00461165136916603,0.264895833660542
"bivt",0.005,1000,"0.1",TRUE,0.00679163695137732,-0.00457017746661692,0.264895833660542
"bivt",0.005,1000,"0.01",TRUE,0.0105553659062424,-0.00466508817907855,0.264895833660542
"bivt",0.005,1000,"0.05",TRUE,0.00905377341867606,-0.00452936157725221,0.271400710824725
"bivt",0.005,1000,"0.1",TRUE,0.00811652755323727,-0.00448997194110259,0.271400710824725
"bivt",0.005,1000,"0.01",TRUE,0.0104771813792347,-0.00457417183183158,0.271400710824725
"bivt",0.005,1000,"0.05",TRUE,0.00945164043012655,-0.00384132630637954,0.296684382552362
"bivt",0.005,1000,"0.1",TRUE,0.00898243459256535,-0.00367041264953539,0.296684382552362
"bivt",0.005,1000,"0.01",TRUE,0.00995386815317124,-0.00398194733869398,0.296684382552362
"bivt",0.005,1000,"0.05",TRUE,0.00765843967065229,-0.00441345526051774,0.244045111546583
"bivt",0.005,1000,"0.1",TRUE,0.00605019908663602,-0.00436690115115336,0.244045111546583
"bivt",0.005,1000,"0.01",TRUE,0.0107483996504673,-0.00451713484709998,0.244045111546583
"bivt",0.005,1000,"0.05",TRUE,0.00406355550627913,-0.0038208392932959,0.371817056989278
"bivt",0.005,1000,"0.1",TRUE,0.00342851282003312,-0.0037926206038001,0.371817056989278
"bivt",0.005,1000,"0.01",TRUE,0.00519434996101786,-0.00386994931450885,0.371817056989278
"bivt",0.005,1000,"0.05",TRUE,0.00539463800582189,-0.00440200994003815,0.272913797342205
"bivt",0.005,1000,"0.1",TRUE,0.00423290396994001,-0.00438013876254605,0.272913797342205
"bivt",0.005,1000,"0.01",TRUE,0.00702771763402297,-0.00443055906643834,0.272913797342205
"bivt",0.005,1000,"0.05",TRUE,0.00801393555046676,-0.0045696355166338,0.256476567672035
"bivt",0.005,1000,"0.1",TRUE,0.00669371355734127,-0.00449743925592237,0.256476567672035
"bivt",0.005,1000,"0.01",TRUE,0.0123191866325125,-0.00461703138087912,0.256476567672035
"bivt",0.005,1000,"0.05",TRUE,0.00921585094494388,-0.00243144591109779,0.400288952325761
"bivt",0.005,1000,"0.1",TRUE,0.00880892606897211,-0.00232810059875547,0.400288952325761
"bivt",0.005,1000,"0.01",TRUE,0.0101468650375479,-0.0028520816201506,0.400288952325761
"bivt",0.005,1000,"0.05",TRUE,0.00639692027439572,-0.0041439263993063,0.270910645728772
"bivt",0.005,1000,"0.1",TRUE,0.00528071940092215,-0.00409557002311235,0.270910645728772
"bivt",0.005,1000,"0.01",TRUE,0.00791369371846915,-0.00425208591579376,0.270910645728772
"bivt",0.005,1000,"0.05",TRUE,0.00611137899527816,-0.0042621988268843,0.269017833100847
"bivt",0.005,1000,"0.1",TRUE,0.00545553081548537,-0.00421139049161644,0.269017833100847
"bivt",0.005,1000,"0.01",TRUE,0.00914614416512387,-0.00440005134198929,0.269017833100847
"bivt",0.005,1000,"0.05",TRUE,0.00798615185085218,-0.00420887107664218,0.253264077421592
"bivt",0.005,1000,"0.1",TRUE,0.00656788402151782,-0.0041800601942766,0.253264077421592
"bivt",0.005,1000,"0.01",TRUE,0.0082748208536048,-0.00426704772906374,0.253264077421592
"bivt",0.005,1000,"0.05",TRUE,0.00749599097259721,-0.00441690085355646,0.270469583745953
"bivt",0.005,1000,"0.1",TRUE,0.00678723446459535,-0.00435928099108948,0.270469583745953
"bivt",0.005,1000,"0.01",TRUE,0.00858537396222308,-0.00446525986717439,0.270469583745953
"bivt",0.005,1000,"0.05",TRUE,0.00507548452956055,-0.0034398795435575,0.301122354519073
"bivt",0.005,1000,"0.1",TRUE,0.00447631488963307,-0.00338361057850796,0.301122354519073
"bivt",0.005,1000,"0.01",TRUE,0.00656132840459413,-0.00356052646904677,0.301122354519073
"bivt",0.005,1000,"0.05",TRUE,0.00665824348449053,-0.00234281533843767,0.389499495422179
"bivt",0.005,1000,"0.1",TRUE,0.00633370268478534,-0.00221859669485531,0.389499495422179
"bivt",0.005,1000,"0.01",TRUE,0.00730737168118286,-0.00258397891387612,0.389499495422179
"bivt",0.005,1000,"0.05",TRUE,0.00628002516140696,-0.00402623995731094,0.295482164931412
"bivt",0.005,1000,"0.1",TRUE,0.00567183616428943,-0.00400243286655804,0.295482164931412
"bivt",0.005,1000,"0.01",TRUE,0.00724800771712934,-0.00420745597133165,0.295482164931412
"bivt",0.005,1000,"0.05",TRUE,0.00541921170018256,-0.00371344312900989,0.353024883658776
"bivt",0.005,1000,"0.1",TRUE,0.00468042246025118,-0.00364454580800401,0.353024883658776
"bivt",0.005,1000,"0.01",TRUE,0.00732779234526734,-0.0038258768238511,0.353024883658776
"bivt",0.005,1000,"0.05",TRUE,0.0109541874873484,-0.00234206649482719,0.328577414843446
"bivt",0.005,1000,"0.1",TRUE,0.0104566726510877,-0.00201315812753893,0.328577414843446
"bivt",0.005,1000,"0.01",TRUE,0.0118053488793064,-0.00263776000049915,0.328577414843446
"bivt",0.005,1000,"0.05",FALSE,0.00485469598339639,-0.00361504422295776,0.347544842939011
"bivt",0.005,1000,"0.1",FALSE,0.00375457368231753,-0.00341877018900512,0.347544842939011
"bivt",0.005,1000,"0.01",TRUE,0.00618904787879125,-0.00374812126592517,0.347544842939011
"bivt",0.005,1000,"0.05",TRUE,0.0079646371817369,-0.00460081808637685,0.214804568246865
"bivt",0.005,1000,"0.1",TRUE,0.0068218396377104,-0.00455981156841613,0.214804568246865
"bivt",0.005,1000,"0.01",TRUE,0.0105220605859536,-0.0046448727005553,0.214804568246865
"bivt",0.005,1000,"0.05",TRUE,0.00689957177202208,-0.00393739797466571,0.273932666735286
"bivt",0.005,1000,"0.1",TRUE,0.00577391311707295,-0.00388093394170724,0.273932666735286
"bivt",0.005,1000,"0.01",TRUE,0.00829811110892971,-0.00411517537185393,0.273932666735286
"bivt",0.005,1000,"0.05",TRUE,0.00565770939869125,-0.00412247577163921,0.328662375608806
"bivt",0.005,1000,"0.1",TRUE,0.00453231755712546,-0.00407332249238119,0.328662375608806
"bivt",0.005,1000,"0.01",TRUE,0.00908978539695041,-0.00424630597225654,0.328662375608806
"bivt",0.005,1000,"0.05",TRUE,0.00502098347205272,-0.00363277137671793,0.27635227909428
"bivt",0.005,1000,"0.1",TRUE,0.00444273216105095,-0.00357351968510511,0.27635227909428
"bivt",0.005,1000,"0.01",TRUE,0.00693625997010067,-0.00379400768565981,0.27635227909428
"bivt",0.005,1000,"0.05",TRUE,0.0111985223533849,-0.00453201639783004,0.264344519461328
"bivt",0.005,1000,"0.1",TRUE,0.00773062249231192,-0.00449653670045359,0.264344519461328
"bivt",0.005,1000,"0.01",TRUE,0.0132160912229359,-0.00459087465346091,0.264344519461328
"bivt",0.005,1000,"0.05",TRUE,0.00921776300387278,-0.00411959531160787,0.36103911163596
"bivt",0.005,1000,"0.1",TRUE,0.00886779540891755,-0.00404049379485373,0.36103911163596
"bivt",0.005,1000,"0.01",TRUE,0.00995446611370671,-0.00413161224081026,0.36103911163596
"bivt",0.005,1000,"0.05",TRUE,0.00607207421975892,-0.00392732123517597,0.341285854388638
"bivt",0.005,1000,"0.1",TRUE,0.00524784527772613,-0.00389286069439837,0.341285854388638
"bivt",0.005,1000,"0.01",TRUE,0.00677172950126555,-0.00417383270838312,0.341285854388638
"bivt",0.005,1000,"0.05",TRUE,0.00721673260199628,-0.00429709574384394,0.267957708914874
"bivt",0.005,1000,"0.1",TRUE,0.00608451447226718,-0.00427511888460675,0.267957708914874
"bivt",0.005,1000,"0.01",TRUE,0.0097965262123952,-0.00442953327163058,0.267957708914874
"bivt",0.005,1000,"0.05",TRUE,0.00489375206389904,-0.00367458300763982,0.28182261009408
"bivt",0.005,1000,"0.1",TRUE,0.00452020551467762,-0.00363415137981139,0.28182261009408
"bivt",0.005,1000,"0.01",TRUE,0.00616094509423411,-0.00385028188095369,0.28182261009408
"bivt",0.005,1000,"0.05",TRUE,0.00609785704326222,-0.00465399375308898,0.24806898220468
"bivt",0.005,1000,"0.1",TRUE,0.00553862639164804,-0.00462716805923362,0.24806898220468
"bivt",0.005,1000,"0.01",TRUE,0.00734357463114611,-0.00467936410993243,0.24806898220468
"bivt",0.005,1000,"0.05",TRUE,0.00703915578649357,-0.00458534439576379,0.260948356337486
"bivt",0.005,1000,"0.1",TRUE,0.00565887195378199,-0.00447991394969226,0.260948356337486
"bivt",0.005,1000,"0.01",TRUE,0.0122560224776302,-0.00460024455352066,0.260948356337486
"bivt",0.005,1000,"0.05",TRUE,0.00680816924282756,-0.0043720232732041,0.263790743543223
"bivt",0.005,1000,"0.1",TRUE,0.0059607709521727,-0.00429369620372782,0.263790743543223
"bivt",0.005,1000,"0.01",TRUE,0.0113404995805903,-0.00447073782872755,0.263790743543223
"bivt",0.005,1000,"0.05",TRUE,0.00657443273407153,-0.00432989075652527,0.212444381667995
"bivt",0.005,1000,"0.1",TRUE,0.00554276184520751,-0.00428874883722613,0.212444381667995
"bivt",0.005,1000,"0.01",TRUE,0.00862713624824555,-0.00441729566076594,0.212444381667995
"bivt",0.005,1000,"0.05",TRUE,0.00655484197324163,-0.00434851627659431,0.261501566215225
"bivt",0.005,1000,"0.1",TRUE,0.00606232041255277,-0.00425163569219022,0.261501566215225
"bivt",0.005,1000,"0.01",TRUE,0.0092437967486012,-0.00440408055006134,0.261501566215225
"bivt",0.005,1000,"0.05",TRUE,0.00845685647259706,-0.00387857783273805,0.319384219509329
"bivt",0.005,1000,"0.1",TRUE,0.00827905618400605,-0.00376817830693635,0.319384219509329
"bivt",0.005,1000,"0.01",TRUE,0.00973753444544033,-0.00390959695929706,0.319384219509329
"bivt",0.005,1000,"0.05",TRUE,0.00872978057401434,-0.00423903279141099,0.305964787016839
"bivt",0.005,1000,"0.1",TRUE,0.00734725459222935,-0.00416825121357946,0.305964787016839
"bivt",0.005,1000,"0.01",TRUE,0.0111372942806719,-0.0043306271640043,0.305964787016839
"bivt",0.005,1000,"0.05",TRUE,0.00739636713712786,-0.00439067206264549,0.293250494139679
"bivt",0.005,1000,"0.1",TRUE,0.00613392803373344,-0.00432229870766782,0.293250494139679
"bivt",0.005,1000,"0.01",TRUE,0.0113095314641667,-0.00448865668234781,0.293250494139679
"bivt",0.005,1000,"0.05",TRUE,0.00532714006808498,-0.00389541963430812,0.276569906248567
"bivt",0.005,1000,"0.1",TRUE,0.00438022101205553,-0.00383581309031632,0.276569906248567
"bivt",0.005,1000,"0.01",TRUE,0.0064422918617144,-0.00413372628396866,0.276569906248567
"bivt",0.005,1000,"0.05",TRUE,0.00650661048348099,-0.00438314063543623,0.314010463577789
"bivt",0.005,1000,"0.1",TRUE,0.00528106061902463,-0.00430909165560645,0.314010463577789
"bivt",0.005,1000,"0.01",TRUE,0.00774056838985328,-0.00444767073306032,0.314010463577789
"bivt",0.005,1000,"0.05",TRUE,0.0150359087513218,-0.00486066238623846,0.225103017895348
"bivt",0.005,1000,"0.1",TRUE,0.0108142954036536,-0.00483988674231784,0.225103017895348
"bivt",0.005,1000,"0.01",TRUE,0.0188946323488822,-0.00488651812835546,0.225103017895348
"bivt",0.005,1000,"0.05",TRUE,0.00566783925586687,-0.00453866501151338,0.279992623572372
"bivt",0.005,1000,"0.1",TRUE,0.00505161204745912,-0.0045237689907859,0.279992623572372
"bivt",0.005,1000,"0.01",TRUE,0.00948080650596291,-0.00457481343794097,0.279992623572372
"bivt",0.005,1000,"0.05",TRUE,0.00597546332521182,-0.0044215177735177,0.242421049347435
"bivt",0.005,1000,"0.1",TRUE,0.00487395221036012,-0.00428269555438648,0.242421049347435
"bivt",0.005,1000,"0.01",TRUE,0.0078752416114398,-0.00446729722338617,0.242421049347435
"bivt",0.005,1000,"0.05",TRUE,0.0051596915372713,-0.00385289062205327,0.37512159793991
"bivt",0.005,1000,"0.1",TRUE,0.00437015889760245,-0.00373037298080054,0.37512159793991
"bivt",0.005,1000,"0.01",TRUE,0.00752672510265689,-0.00390976362204792,0.37512159793991
"bivt",0.005,1000,"0.05",TRUE,0.00584778000127957,-0.00459678639024142,0.238012703821977
"bivt",0.005,1000,"0.1",TRUE,0.00510495207469916,-0.00458366597766931,0.238012703821977
"bivt",0.005,1000,"0.01",TRUE,0.00894802534539348,-0.00465034866826478,0.238012703821977
"bivt",0.005,1000,"0.05",TRUE,0.00541587860902727,-0.00447943697358038,0.250735507735244
"bivt",0.005,1000,"0.1",TRUE,0.00450378302610298,-0.00443674732975639,0.250735507735244
"bivt",0.005,1000,"0.01",TRUE,0.00763133887211971,-0.00463209223685184,0.250735507735244
"bivt",0.005,1000,"0.05",TRUE,0.00632390635927483,-0.00429846967267208,0.261860295247766
"bivt",0.005,1000,"0.1",TRUE,0.0050778965068907,-0.00427171039674265,0.261860295247766
"bivt",0.005,1000,"0.01",TRUE,0.00851926106199704,-0.00441848234003496,0.261860295247766
"bivt",0.005,1000,"0.05",TRUE,0.00551364970016484,-0.00277478114499997,0.376882263544993
"bivt",0.005,1000,"0.1",TRUE,0.00510835532352212,-0.00272726939546647,0.376882263544993
"bivt",0.005,1000,"0.01",TRUE,0.00580482479624825,-0.00297980673735983,0.376882263544993
"bivt",0.005,1000,"0.05",TRUE,0.0114874473961309,-0.00257895408938613,0.33321724117261
"bivt",0.005,1000,"0.1",TRUE,0.0110588932487173,-0.00254281318716812,0.33321724117261
"bivt",0.005,1000,"0.01",TRUE,0.011904800633462,-0.00274907232640148,0.33321724117261
"bivt",0.005,1000,"0.05",TRUE,0.00806418415436767,-0.00427016540547926,0.304680371914638
"bivt",0.005,1000,"0.1",TRUE,0.00786773052134539,-0.00423515745458599,0.304680371914638
"bivt",0.005,1000,"0.01",TRUE,0.0095550182415074,-0.0043637069108845,0.304680371914638
"bivt",0.005,1000,"0.05",TRUE,0.00623815301879397,-0.00423042243312587,0.240676102054625
"bivt",0.005,1000,"0.1",TRUE,0.00562957682441771,-0.00419113345571258,0.240676102054625
"bivt",0.005,1000,"0.01",TRUE,0.00817808063036311,-0.00435339624332202,0.240676102054625
"bivt",0.005,1000,"0.05",TRUE,0.0109650421921703,-0.00486054576068973,0.256697590303342
"bivt",0.005,1000,"0.1",TRUE,0.00866080854684408,-0.00484362924101227,0.256697590303342
"bivt",0.005,1000,"0.01",TRUE,0.0198485981465115,-0.00489192874667925,0.256697590303342
"bivt",0.005,1000,"0.05",TRUE,0.00650954320990609,-0.00421375254346274,0.196939155647482
"bivt",0.005,1000,"0.1",TRUE,0.00584190466553471,-0.00418544889825122,0.196939155647482
"bivt",0.005,1000,"0.01",TRUE,0.00895342548562907,-0.00429942245658092,0.196939155647482
"bivt",0.005,1000,"0.05",TRUE,0.00567435803663397,-0.00317569042691486,0.352928676001757
"bivt",0.005,1000,"0.1",TRUE,0.00538630498446855,-0.0031547491347319,0.352928676001757
"bivt",0.005,1000,"0.01",TRUE,0.00655211379324686,-0.00334493717615398,0.352928676001757
"bivt",0.005,1000,"0.05",TRUE,0.00538665635267861,-0.00425742299447883,0.293358926031564
"bivt",0.005,1000,"0.1",TRUE,0.00489467198071411,-0.00421449167347383,0.293358926031564
"bivt",0.005,1000,"0.01",TRUE,0.00823860224098138,-0.00432856264579985,0.293358926031564
"bivt",0.005,1000,"0.05",TRUE,0.0059931084075472,-0.00399041374777051,0.2731999969238
"bivt",0.005,1000,"0.1",TRUE,0.00459898060941489,-0.00397244532764878,0.2731999969238
"bivt",0.005,1000,"0.01",TRUE,0.00706304819740095,-0.00416695742335111,0.2731999969238
"bivt",0.005,1000,"0.05",TRUE,0.013760505359093,-0.00204156501507504,0.469546731940829
"bivt",0.005,1000,"0.1",TRUE,0.0132561884230463,-0.00188031307524115,0.469546731940829
"bivt",0.005,1000,"0.01",TRUE,0.0155928797994203,-0.00232426569956128,0.469546731940829
"bivt",0.005,1000,"0.05",TRUE,0.00552914588692,-0.00367691730303623,0.273906131623232
"bivt",0.005,1000,"0.1",TRUE,0.00475945681122891,-0.00363707878622315,0.273906131623232
"bivt",0.005,1000,"0.01",TRUE,0.00670749209451529,-0.00386715918338858,0.273906131623232
"bivt",0.005,1000,"0.05",TRUE,0.0117652724039616,-0.00355093982964644,0.340818924370259
"bivt",0.005,1000,"0.1",TRUE,0.011040113387887,-0.00351183586303867,0.340818924370259
"bivt",0.005,1000,"0.01",TRUE,0.012600367186792,-0.00369523722404189,0.340818924370259
"bivt",0.005,1000,"0.05",FALSE,0.00559404285484153,-0.00380329310673571,0.230215107853562
"bivt",0.005,1000,"0.1",FALSE,0.00491082705121086,-0.00373809633560682,0.230215107853562
"bivt",0.005,1000,"0.01",TRUE,0.00712331135879797,-0.00394473402299692,0.230215107853562
"bivt",0.005,1000,"0.05",TRUE,0.00674095970975789,-0.00383112440640849,0.229073419785345
"bivt",0.005,1000,"0.1",TRUE,0.00635061305735376,-0.0036051735947252,0.229073419785345
"bivt",0.005,1000,"0.01",TRUE,0.00739195761976566,-0.00395117665496826,0.229073419785345
"bivt",0.005,1000,"0.05",TRUE,0.00669751025105464,-0.00401138117921986,0.307761782257658
"bivt",0.005,1000,"0.1",TRUE,0.00561605098981262,-0.00390870449851706,0.307761782257658
"bivt",0.005,1000,"0.01",TRUE,0.00762514251649743,-0.00408299463631762,0.307761782257658
"bivt",0.005,1000,"0.05",TRUE,0.00606058707440678,-0.00397421616080455,0.325683524696246
"bivt",0.005,1000,"0.1",TRUE,0.00524072152254936,-0.00387308891618879,0.325683524696246
"bivt",0.005,1000,"0.01",TRUE,0.00767894787483702,-0.00400388526928092,0.325683524696246
"bivt",0.005,1000,"0.05",TRUE,0.0083223317142779,-0.00461366044368583,0.303720256788593
"bivt",0.005,1000,"0.1",TRUE,0.00624924702433305,-0.00456947606936454,0.303720256788593
"bivt",0.005,1000,"0.01",TRUE,0.00912778023102867,-0.00466379755796017,0.303720256788593
"bivt",0.005,1000,"0.05",TRUE,0.00789131297089117,-0.00420261952934131,0.267470489774753
"bivt",0.005,1000,"0.1",TRUE,0.00758466157332154,-0.00410658462994037,0.267470489774753
"bivt",0.005,1000,"0.01",TRUE,0.00975788113554461,-0.00431142970595278,0.267470489774753
"bivt",0.005,1000,"0.05",TRUE,0.00496578781654049,-0.0039765243820444,0.247151087033727
"bivt",0.005,1000,"0.1",TRUE,0.00438247834284508,-0.0038821207416836,0.247151087033727
"bivt",0.005,1000,"0.01",TRUE,0.00628736373267798,-0.00416213955343309,0.247151087033727
"bivt",0.005,1000,"0.05",TRUE,0.00841527661808948,-0.00446998147693578,0.21788032002853
"bivt",0.005,1000,"0.1",TRUE,0.00661004320707469,-0.00444745435627707,0.21788032002853
"bivt",0.005,1000,"0.01",TRUE,0.011134619616749,-0.00458605623843084,0.21788032002853
"bivt",0.005,1000,"0.05",TRUE,0.0058850449000307,-0.00343658595886687,0.259883498764235
"bivt",0.005,1000,"0.1",TRUE,0.00538679786828881,-0.0033688718520153,0.259883498764235
"bivt",0.005,1000,"0.01",TRUE,0.00659956919231389,-0.00362216210527107,0.259883498764235
"bivt",0.005,1000,"0.05",TRUE,0.00608402444697877,-0.00380321419264696,0.36330568207539
"bivt",0.005,1000,"0.1",TRUE,0.00507090081484535,-0.00378231907355761,0.36330568207539
"bivt",0.005,1000,"0.01",TRUE,0.00671332410898405,-0.00398253482223202,0.36330568207539
"bivt",0.005,1000,"0.05",TRUE,0.00486092692006366,-0.00374577983789774,0.255839308760741
"bivt",0.005,1000,"0.1",TRUE,0.00421735519678761,-0.0035673668363947,0.255839308760741
"bivt",0.005,1000,"0.01",TRUE,0.00604771595460348,-0.00398792052592026,0.255839308760741
"bivt",0.005,1000,"0.05",TRUE,0.0111607916130067,-0.0046350857834695,0.215624759984024
"bivt",0.005,1000,"0.1",TRUE,0.00980387623284941,-0.00461313988053002,0.215624759984024
"bivt",0.005,1000,"0.01",TRUE,0.0126108750079651,-0.00474321327104344,0.215624759984024
"bivt",0.005,1000,"0.05",TRUE,0.00693611060503627,-0.00336385802504787,0.268717441426574
"bivt",0.005,1000,"0.1",TRUE,0.00663879860402178,-0.00328574131307626,0.268717441426574
"bivt",0.005,1000,"0.01",TRUE,0.00847440454548167,-0.00360482224862733,0.268717441426574
"bivt",0.005,1000,"0.05",TRUE,0.00647511474165062,-0.00407014918996274,0.279191496889719
"bivt",0.005,1000,"0.1",TRUE,0.00581604691537289,-0.00401930241398291,0.279191496889719
"bivt",0.005,1000,"0.01",TRUE,0.0100599824218937,-0.00420446382529982,0.279191496889719
"bivt",0.005,1000,"0.05",TRUE,0.00525678620323877,-0.00362470768996775,0.251720980064734
"bivt",0.005,1000,"0.1",TRUE,0.00447775675204543,-0.00344978671654688,0.251720980064734
"bivt",0.005,1000,"0.01",TRUE,0.00619461916803002,-0.0037440792172456,0.251720980064734
"bivt",0.005,1000,"0.05",TRUE,0.00429005430930228,-0.0031517924678655,0.34864222244918
"bivt",0.005,1000,"0.1",TRUE,0.00342993742833328,-0.00312739139189855,0.34864222244918
"bivt",0.005,1000,"0.01",TRUE,0.00514373159538956,-0.00325881551086317,0.34864222244918
"bivt",0.005,1000,"0.05",TRUE,0.014434464558277,-0.0033047833193782,0.321970979236741
"bivt",0.005,1000,"0.1",TRUE,0.0139696848966295,-0.00325966153470123,0.321970979236741
"bivt",0.005,1000,"0.01",TRUE,0.0153955393900018,-0.0034651752196327,0.321970979236741
"bivt",0.005,1000,"0.05",TRUE,0.00784106058599376,-0.00450654571444478,0.246110349161084
"bivt",0.005,1000,"0.1",TRUE,0.00503054308900703,-0.00445721897698918,0.246110349161084
"bivt",0.005,1000,"0.01",TRUE,0.0114282578139743,-0.00455856349897665,0.246110349161084
"bivt",0.005,1000,"0.05",TRUE,0.00942456039595101,-0.00463059878119892,0.241988809254818
"bivt",0.005,1000,"0.1",TRUE,0.0080468389746654,-0.00461713069261725,0.241988809254818
"bivt",0.005,1000,"0.01",TRUE,0.0145623956343338,-0.00466016025787907,0.241988809254818
"bivt",0.005,1000,"0.05",TRUE,0.00881143083740746,-0.00482131696917111,0.219829310963912
"bivt",0.005,1000,"0.1",TRUE,0.00763464887500405,-0.00481342294658754,0.219829310963912
"bivt",0.005,1000,"0.01",TRUE,0.0150605834564349,-0.0048360210714984,0.219829310963912
"bivt",0.005,1000,"0.05",TRUE,0.00639286350437521,-0.00375682497447091,0.354932878898611
"bivt",0.005,1000,"0.1",TRUE,0.00624627821219342,-0.00373273562010465,0.354932878898611
"bivt",0.005,1000,"0.01",TRUE,0.00690287816905553,-0.00391488510418094,0.354932878898611
"bivt",0.005,1000,"0.05",TRUE,0.00622083820039652,-0.00348004078673133,0.366282531314799
"bivt",0.005,1000,"0.1",TRUE,0.0051857331335578,-0.00345011322709706,0.366282531314799
"bivt",0.005,1000,"0.01",TRUE,0.00742485119373494,-0.00365179468127941,0.366282531314799
"bivt",0.005,1000,"0.05",TRUE,0.00700805470617887,-0.00405022198020927,0.219302265073268
"bivt",0.005,1000,"0.1",TRUE,0.00599314752436916,-0.00401187701408523,0.219302265073268
"bivt",0.005,1000,"0.01",TRUE,0.00931657178102795,-0.00415383122742939,0.219302265073268
"bivt",0.005,1000,"0.05",TRUE,0.00441032733900841,-0.00358395952023498,0.267089705980178
"bivt",0.005,1000,"0.1",TRUE,0.0038697790073886,-0.00347381308685358,0.267089705980178
"bivt",0.005,1000,"0.01",TRUE,0.00579147150759128,-0.00364582604969524,0.267089705980178
"bivt",0.005,1000,"0.05",TRUE,0.00731106249839808,-0.0027391243855046,0.346100495516609
"bivt",0.005,1000,"0.1",TRUE,0.00604384440030442,-0.00272452268472181,0.346100495516609
"bivt",0.005,1000,"0.01",TRUE,0.00860948549349903,-0.00282516973398178,0.346100495516609
"bivt",0.005,1000,"0.05",TRUE,0.0117034588935695,-0.00248611395071858,0.38534067052592
"bivt",0.005,1000,"0.1",TRUE,0.0115496449269649,-0.00234607820135654,0.38534067052592
"bivt",0.005,1000,"0.01",TRUE,0.0133783002436058,-0.0027987706998348,0.38534067052592
"bivt",0.005,1000,"0.05",TRUE,0.00618514023752652,-0.00399286313364071,0.286969865532277
"bivt",0.005,1000,"0.1",TRUE,0.00577894237559634,-0.0039532059048927,0.286969865532277
"bivt",0.005,1000,"0.01",TRUE,0.00853222822167582,-0.00408254386391255,0.286969865532277
"bivt",0.005,1000,"0.05",TRUE,0.00650149367717746,-0.00359706580629711,0.299212485819126
"bivt",0.005,1000,"0.1",TRUE,0.0060250401837905,-0.00339320424870147,0.299212485819126
"bivt",0.005,1000,"0.01",TRUE,0.00869738718418495,-0.00373837478407782,0.299212485819126
"bivt",0.005,1000,"0.05",TRUE,0.0105786094820989,-0.00394001979276061,0.283961480522728
"bivt",0.005,1000,"0.1",TRUE,0.00981150588311884,-0.00389086086414145,0.283961480522728
"bivt",0.005,1000,"0.01",TRUE,0.0110116233366238,-0.00400161221207851,0.283961480522728
"bivt",0.005,1000,"0.05",TRUE,0.00498391085833954,-0.00404106161995769,0.234935532163546
"bivt",0.005,1000,"0.1",TRUE,0.00449982551539786,-0.00395872502665834,0.234935532163546
"bivt",0.005,1000,"0.01",TRUE,0.00672155287894976,-0.00412583084839109,0.234935532163546
"bivt",0.005,1000,"0.05",TRUE,0.00556729528209184,-0.00363273355903078,0.304975318894715
"bivt",0.005,1000,"0.1",TRUE,0.0052276494306329,-0.00355969449357491,0.304975318894715
"bivt",0.005,1000,"0.01",TRUE,0.007138952490093,-0.00380664160575622,0.304975318894715
"bivt",0.005,1000,"0.05",TRUE,0.0051005199617281,-0.00434766783967431,0.288992050947708
"bivt",0.005,1000,"0.1",TRUE,0.00432050413581411,-0.0042955244342277,0.288992050947708
"bivt",0.005,1000,"0.01",TRUE,0.00720111447723855,-0.00436647133456229,0.288992050947708
"bivt",0.005,1000,"0.05",FALSE,0.00928662109372519,-0.00314829147445258,0.296247670286179
"bivt",0.005,1000,"0.1",FALSE,0.00914206211647964,-0.00303503878257564,0.296247670286179
"bivt",0.005,1000,"0.01",TRUE,0.0100689863010797,-0.00342434896930657,0.296247670286179
"bivt",0.005,1000,"0.05",TRUE,0.00533257668536342,-0.00327924547221576,0.321851190322874
"bivt",0.005,1000,"0.1",TRUE,0.00411554100620546,-0.00316918223107292,0.321851190322874
"bivt",0.005,1000,"0.01",TRUE,0.00720922829213666,-0.00358888376969293,0.321851190322874
"bivt",0.005,1000,"0.05",TRUE,0.0086316293809813,-0.00246013047343159,0.400429752518514
"bivt",0.005,1000,"0.1",TRUE,0.00846748120771185,-0.00232819430895102,0.400429752518514
"bivt",0.005,1000,"0.01",TRUE,0.0103947072466371,-0.00269434108701695,0.400429752518514
"bivt",0.005,1000,"0.05",TRUE,0.0118611642761922,-0.00240045574274569,0.339864480518329
"bivt",0.005,1000,"0.1",TRUE,0.0113940150109308,-0.00222058818529011,0.339864480518329
"bivt",0.005,1000,"0.01",TRUE,0.0121039519578162,-0.0026187841074295,0.339864480518329
"bivt",0.005,1000,"0.05",TRUE,0.0070123961087026,-0.00455395042056607,0.256308316744476
"bivt",0.005,1000,"0.1",TRUE,0.00664715070380524,-0.00451615009768196,0.256308316744476
"bivt",0.005,1000,"0.01",TRUE,0.00935494522997773,-0.00464827754862301,0.256308316744476
"bivt",0.005,1000,"0.05",TRUE,0.00772304057804208,-0.00432243518736244,0.253778633756644
"bivt",0.005,1000,"0.1",TRUE,0.00707933433051558,-0.00422301755639275,0.253778633756644
"bivt",0.005,1000,"0.01",TRUE,0.00966142637419792,-0.0043927758855081,0.253778633756644
"bivt",0.005,1000,"0.05",TRUE,0.0063002620626231,-0.00394446923927625,0.298965374825366
"bivt",0.005,1000,"0.1",TRUE,0.0043445265582052,-0.00391120613303147,0.298965374825366
"bivt",0.005,1000,"0.01",TRUE,0.00756665443054011,-0.00402434433192761,0.298965374825366
"bivt",0.005,1000,"0.05",TRUE,0.00641801356681201,-0.00391433757361579,0.261559589967556
"bivt",0.005,1000,"0.1",TRUE,0.00592690829137063,-0.00386840250160796,0.261559589967556
"bivt",0.005,1000,"0.01",TRUE,0.00716745194276191,-0.00419771930905727,0.261559589967556
"bivt",0.005,1000,"0.05",TRUE,0.00730797277079204,-0.00454682826839122,0.187565482433793
"bivt",0.005,1000,"0.1",TRUE,0.00715820155962278,-0.00451057789355392,0.187565482433793
"bivt",0.005,1000,"0.01",TRUE,0.0100975367589455,-0.00468968709719161,0.187565482433793
"bivt",0.005,1000,"0.05",TRUE,0.00645456771148975,-0.00447590913219378,0.263644571026541
"bivt",0.005,1000,"0.1",TRUE,0.00606795772793044,-0.0044161968393389,0.263644571026541
"bivt",0.005,1000,"0.01",TRUE,0.00960453987760807,-0.00450680135423679,0.263644571026541
"bivt",0.005,1000,"0.05",TRUE,0.00698741684796468,-0.00367779196375382,0.279699454061752
"bivt",0.005,1000,"0.1",TRUE,0.00615276859440947,-0.00360656866020363,0.279699454061752
"bivt",0.005,1000,"0.01",TRUE,0.00758794394802828,-0.00382843869292109,0.279699454061752
"bivt",0.005,1000,"0.05",TRUE,0.00925603499687878,-0.00452840074052051,0.279576408407411
"bivt",0.005,1000,"0.1",TRUE,0.00869417393554382,-0.00449124382141537,0.279576408407411
"bivt",0.005,1000,"0.01",TRUE,0.0119494866429365,-0.00458834433776951,0.279576408407411
"bivt",0.005,1000,"0.05",TRUE,0.0095005951786779,-0.00416948771686969,0.282848988473622
"bivt",0.005,1000,"0.1",TRUE,0.0086471528401364,-0.00411635028831936,0.282848988473622
"bivt",0.005,1000,"0.01",TRUE,0.0103967692551282,-0.00430789551564337,0.282848988473622
"bivt",0.005,1000,"0.05",TRUE,0.00888521039076597,-0.00365238213554634,0.305108038380151
"bivt",0.005,1000,"0.1",TRUE,0.00858177746090602,-0.00351346387855075,0.305108038380151
"bivt",0.005,1000,"0.01",TRUE,0.0108413392910699,-0.00386087484047029,0.305108038380151
"bivt",0.005,1000,"0.05",TRUE,0.00701205343804201,-0.00409776582115447,0.290402776355341
"bivt",0.005,1000,"0.1",TRUE,0.00612866926239392,-0.00409306479759668,0.290402776355341
"bivt",0.005,1000,"0.01",TRUE,0.00889233896249102,-0.00414387637743331,0.290402776355341
"bivt",0.005,1000,"0.05",TRUE,0.00562543983430874,-0.00414403445441961,0.281240350498973
"bivt",0.005,1000,"0.1",TRUE,0.00486778154565217,-0.0040742972609507,0.281240350498973
"bivt",0.005,1000,"0.01",TRUE,0.00783723847023083,-0.00424243318946604,0.281240350498973
"bivt",0.005,1000,"0.05",TRUE,0.00685839260100937,-0.0039051958534302,0.296100563601543
"bivt",0.005,1000,"0.1",TRUE,0.00671510404982328,-0.00378121375221608,0.296100563601543
"bivt",0.005,1000,"0.01",TRUE,0.00817887546945789,-0.00400364557022914,0.296100563601543
"bivt",0.005,1000,"0.05",TRUE,0.0108152210423632,-0.00247131357533627,0.347769086090642
"bivt",0.005,1000,"0.1",TRUE,0.0105828763782909,-0.00240639856899682,0.347769086090642
"bivt",0.005,1000,"0.01",TRUE,0.0116076734137899,-0.00264946534699773,0.347769086090642
"bivt",0.005,1000,"0.05",TRUE,0.00615250593850876,-0.00416048784796057,0.271274229118325
"bivt",0.005,1000,"0.1",TRUE,0.00558066459428645,-0.00406403567651932,0.271274229118325
"bivt",0.005,1000,"0.01",TRUE,0.00771695625483399,-0.00430841296277266,0.271274229118325
"bivt",0.005,1000,"0.05",TRUE,0.00742884464125926,-0.00280586106067736,0.399309363227545
"bivt",0.005,1000,"0.1",TRUE,0.00730960042664983,-0.00261720428919021,0.399309363227545
"bivt",0.005,1000,"0.01",TRUE,0.0088473976288565,-0.00295019164049892,0.399309363227545
"bivt",0.005,1000,"0.05",TRUE,0.0104258323261041,-0.00470210303504473,0.230972512754018
"bivt",0.005,1000,"0.1",TRUE,0.00833547249608405,-0.00463684409078161,0.230972512754018
"bivt",0.005,1000,"0.01",TRUE,0.0121562425721644,-0.00473894842873695,0.230972512754018
"bivt",0.005,1000,"0.05",TRUE,0.00549225012889124,-0.00332710960328149,0.283671341145826
"bivt",0.005,1000,"0.1",TRUE,0.0045431807850478,-0.00325597969773226,0.283671341145826
"bivt",0.005,1000,"0.01",TRUE,0.00721913002811476,-0.00362957784607861,0.283671341145826
"bivt",0.005,1000,"0.05",TRUE,0.00531176069712608,-0.00320070311619386,0.300078288859635
"bivt",0.005,1000,"0.1",TRUE,0.00438421068080854,-0.00294745740372631,0.300078288859635
"bivt",0.005,1000,"0.01",TRUE,0.00592135860547827,-0.00352055951251953,0.300078288859635
"bivt",0.005,1000,"0.05",TRUE,0.00880270048799709,-0.00458549962448705,0.202362403054617
"bivt",0.005,1000,"0.1",TRUE,0.00830780508574212,-0.00456667692955533,0.202362403054617
"bivt",0.005,1000,"0.01",TRUE,0.0117105629966254,-0.00463702148391972,0.202362403054617
"bivt",0.005,1000,"0.05",TRUE,0.00741045830595675,-0.00424084123651227,0.22755101477567
"bivt",0.005,1000,"0.1",TRUE,0.00708664682522886,-0.00414021979363085,0.22755101477567
"bivt",0.005,1000,"0.01",TRUE,0.00936424036186179,-0.00429717673017043,0.22755101477567
"bivt",0.005,1000,"0.05",TRUE,0.00821520409018032,-0.00452019697948937,0.25311969273681
"bivt",0.005,1000,"0.1",TRUE,0.00730680287545563,-0.00450609999231407,0.25311969273681
"bivt",0.005,1000,"0.01",TRUE,0.00913856726378686,-0.00460658476271596,0.25311969273681
"bivt",0.005,1000,"0.05",TRUE,0.00717481573702566,-0.0046004020036464,0.234567797790086
"bivt",0.005,1000,"0.1",TRUE,0.00628454549854191,-0.00455923810073319,0.234567797790086
"bivt",0.005,1000,"0.01",TRUE,0.00919968981288689,-0.00465023727652262,0.234567797790086
"bivt",0.005,1000,"0.05",TRUE,0.00829604311130083,-0.00231012576190689,0.311627877496601
"bivt",0.005,1000,"0.1",TRUE,0.00803643248991608,-0.00206357552079852,0.311627877496601
"bivt",0.005,1000,"0.01",TRUE,0.00903525765531057,-0.00260745970105871,0.311627877496601
"bivt",0.005,1000,"0.05",TRUE,0.00909829787129097,-0.00467291449084602,0.226392495316171
"bivt",0.005,1000,"0.1",TRUE,0.00726797151351465,-0.004640871323248,0.226392495316171
"bivt",0.005,1000,"0.01",TRUE,0.0140540655175627,-0.00470860888924152,0.226392495316171
"bivt",0.005,1000,"0.05",TRUE,0.00568210041413829,-0.00317923408922283,0.302904080144555
"bivt",0.005,1000,"0.1",TRUE,0.00531605917330689,-0.00313120156048444,0.302904080144555
"bivt",0.005,1000,"0.01",TRUE,0.00711804019536766,-0.003383975792488,0.302904080144555
"bivt",0.005,1000,"0.05",TRUE,0.00937661044331236,-0.00377769089532326,0.29556651294634
"bivt",0.005,1000,"0.1",TRUE,0.00928690285914288,-0.00377259401026488,0.29556651294634
"bivt",0.005,1000,"0.01",TRUE,0.010348285496504,-0.00391165653458597,0.29556651294634
"bivt",0.005,1000,"0.05",TRUE,0.00763005508884465,-0.00430364356070459,0.251935625287806
"bivt",0.005,1000,"0.1",TRUE,0.00590834124610579,-0.00425932407541688,0.251935625287806
"bivt",0.005,1000,"0.01",TRUE,0.0102079438084866,-0.00441836899062221,0.251935625287806
"bivt",0.005,1000,"0.05",TRUE,0.0152590000184103,-0.00183064572891199,0.380528092298061
"bivt",0.005,1000,"0.1",TRUE,0.0144496801747586,-0.00165576258206023,0.380528092298061
"bivt",0.005,1000,"0.01",TRUE,0.0162009936686233,-0.00216895571467846,0.380528092298061
"bivt",0.005,1000,"0.05",TRUE,0.00924512450243796,-0.00474029485829637,0.254990461741458
"bivt",0.005,1000,"0.1",TRUE,0.00766405694826667,-0.00473678545223996,0.254990461741458
"bivt",0.005,1000,"0.01",TRUE,0.0115929067992191,-0.00477175564073675,0.254990461741458
"bivt",0.005,1000,"0.05",TRUE,0.00769629310144422,-0.00433933057570185,0.315964778347714
"bivt",0.005,1000,"0.1",TRUE,0.00680188648580873,-0.00428098186468037,0.315964778347714
"bivt",0.005,1000,"0.01",TRUE,0.0115335311356241,-0.00437591364070378,0.315964778347714
"bivt",0.005,1000,"0.05",TRUE,0.00675611786169421,-0.00414498202124312,0.258958330775139
"bivt",0.005,1000,"0.1",TRUE,0.00534142954455898,-0.0041277891458283,0.258958330775139
"bivt",0.005,1000,"0.01",TRUE,0.0083598014222748,-0.00427637326728708,0.258958330775139
"bivt",0.005,1000,"0.05",TRUE,0.00535717944557006,-0.00429386255750442,0.309759964645123
"bivt",0.005,1000,"0.1",TRUE,0.00484543848455391,-0.00426056163143713,0.309759964645123
"bivt",0.005,1000,"0.01",TRUE,0.00701142329258683,-0.0044051101381809,0.309759964645123
"bivt",0.005,1000,"0.05",TRUE,0.0075317975093821,-0.00365573162366186,0.284930248621665
"bivt",0.005,1000,"0.1",TRUE,0.00640466024342067,-0.00360116992815754,0.284930248621665
"bivt",0.005,1000,"0.01",TRUE,0.00834463465699097,-0.0038729310957493,0.284930248621665
"bivt",0.005,1000,"0.05",TRUE,0.0107443269781801,-0.00208588861289825,0.334570674551218
"bivt",0.005,1000,"0.1",TRUE,0.00976423347314189,-0.00183424345862148,0.334570674551218
"bivt",0.005,1000,"0.01",TRUE,0.0107916477125436,-0.00235031174584227,0.334570674551218
"bivt",0.005,1000,"0.05",TRUE,0.0054324328108269,-0.00408855710685946,0.306905940477296
"bivt",0.005,1000,"0.1",TRUE,0.00489341339161644,-0.00406352433632385,0.306905940477296
"bivt",0.005,1000,"0.01",TRUE,0.00702496879522994,-0.00414150190409176,0.306905940477296
"bivt",0.005,1000,"0.05",TRUE,0.00579528895942037,-0.00378014409551899,0.337891574668483
"bivt",0.005,1000,"0.1",TRUE,0.00520553231570068,-0.00372882312913645,0.337891574668483
"bivt",0.005,1000,"0.01",TRUE,0.00739084254639507,-0.0039396739137001,0.337891574668483
"bivt",0.005,1000,"0.05",TRUE,0.0061526450435636,-0.00427939461315043,0.293420799282052
"bivt",0.005,1000,"0.1",TRUE,0.00535031034505952,-0.00423863747347325,0.293420799282052
"bivt",0.005,1000,"0.01",TRUE,0.00782514246160208,-0.0044094926586645,0.293420799282052
"bivt",0.005,1000,"0.05",TRUE,0.00681123274891034,-0.00431550668041687,0.295960405545592
"bivt",0.005,1000,"0.1",TRUE,0.00564871951327886,-0.00430506586354916,0.295960405545592
"bivt",0.005,1000,"0.01",TRUE,0.00836812543277162,-0.00445427005714881,0.295960405545592
"bivt",0.005,1000,"0.05",TRUE,0.015120964887278,-0.00490492564857562,0.166195188843885
"bivt",0.005,1000,"0.1",TRUE,0.011519002126477,-0.004883387927389,0.166195188843885
"bivt",0.005,1000,"0.01",TRUE,0.0215128172557312,-0.00492448439368019,0.166195188843885
"bivt",0.005,1000,"0.05",TRUE,0.00708587655077389,-0.0036751791797523,0.317368280077238
"bivt",0.005,1000,"0.1",TRUE,0.00688892622103286,-0.00349460320246552,0.317368280077238
"bivt",0.005,1000,"0.01",TRUE,0.00969442667388471,-0.00400245163661179,0.317368280077238
"bivt",0.005,1000,"0.05",TRUE,0.00603358381474642,-0.00418148676848744,0.250186748287759
"bivt",0.005,1000,"0.1",TRUE,0.00545110909483311,-0.00404924090034821,0.250186748287759
"bivt",0.005,1000,"0.01",TRUE,0.00796078383368392,-0.00427829582721522,0.250186748287759
"bivt",0.005,1000,"0.05",TRUE,0.00685446212566486,-0.00398454789197717,0.245622110236423
"bivt",0.005,1000,"0.1",TRUE,0.00570042401690711,-0.00396729957029229,0.245622110236423
"bivt",0.005,1000,"0.01",TRUE,0.00855450983434399,-0.00410640337286537,0.245622110236423
"bivt",0.005,1000,"0.05",TRUE,0.00472245648728026,-0.00323816878374897,0.290264490223717
"bivt",0.005,1000,"0.1",TRUE,0.00388550167961554,-0.00319339358647638,0.290264490223717
"bivt",0.005,1000,"0.01",TRUE,0.00595149074685853,-0.00337325508124868,0.290264490223717
"bivt",0.005,1000,"0.05",TRUE,0.0062732730781799,-0.00349972739578047,0.292195580507501
"bivt",0.005,1000,"0.1",TRUE,0.00605164354799112,-0.00345506425676495,0.292195580507501
"bivt",0.005,1000,"0.01",TRUE,0.0077572009365003,-0.00377503211508082,0.292195580507501
"bivt",0.005,1000,"0.05",TRUE,0.00471087251050202,-0.00366392823792689,0.316248857346649
"bivt",0.005,1000,"0.1",TRUE,0.00374664151237005,-0.00364552286387662,0.316248857346649
"bivt",0.005,1000,"0.01",TRUE,0.00573678544075071,-0.00387736177021291,0.316248857346649
"bivt",0.005,1000,"0.05",TRUE,0.00487728957523218,-0.00402523189658153,0.283368640870252
"bivt",0.005,1000,"0.1",TRUE,0.00462323079087489,-0.00393581881271111,0.283368640870252
"bivt",0.005,1000,"0.01",TRUE,0.00540058959278111,-0.00408183705616173,0.283368640870252
"bivt",0.005,1000,"0.05",TRUE,0.00832801474860477,-0.00294982311678805,0.376222408427201
"bivt",0.005,1000,"0.1",TRUE,0.00825750566549679,-0.002832165368869,0.376222408427201
"bivt",0.005,1000,"0.01",TRUE,0.00903879001221365,-0.00319254847000101,0.376222408427201
"bivt",0.005,1000,"0.05",TRUE,0.00551207091947346,-0.00398340681132737,0.259291972624236
"bivt",0.005,1000,"0.1",TRUE,0.00547686650848262,-0.00389927241064848,0.259291972624236
"bivt",0.005,1000,"0.01",TRUE,0.0065783268569032,-0.00403986584485054,0.259291972624236
"bivt",0.005,1000,"0.05",TRUE,0.00539477068612989,-0.00404253065654335,0.336462142567783
"bivt",0.005,1000,"0.1",TRUE,0.00437437369968869,-0.00389666339428356,0.336462142567783
"bivt",0.005,1000,"0.01",TRUE,0.00769352148432654,-0.00414154018878416,0.336462142567783
"bivt",0.005,1000,"0.05",TRUE,0.00507906003319708,-0.00379043492768827,0.296243345630631
"bivt",0.005,1000,"0.1",TRUE,0.00441053138591392,-0.00375024229583959,0.296243345630631
"bivt",0.005,1000,"0.01",TRUE,0.00684868969338964,-0.00409922602348526,0.296243345630631
"bivt",0.005,1000,"0.05",TRUE,0.00581064769385577,-0.00369667380665283,0.305946547533892
"bivt",0.005,1000,"0.1",TRUE,0.00452768479103568,-0.00362063114768089,0.305946547533892
"bivt",0.005,1000,"0.01",TRUE,0.00719962605561422,-0.00383853165861875,0.305946547533892
"bivt",0.005,1000,"0.05",TRUE,0.00805152933560399,-0.00412799306300398,0.324484859861417
"bivt",0.005,1000,"0.1",TRUE,0.00710094364633187,-0.00405946428186477,0.324484859861417
"bivt",0.005,1000,"0.01",TRUE,0.00973507425494724,-0.00419348686365749,0.324484859861417
"bivt",0.005,1000,"0.05",TRUE,0.00626275700336471,-0.00423137779035542,0.214222951043939
"bivt",0.005,1000,"0.1",TRUE,0.00475316220814106,-0.00419519129507587,0.214222951043939
"bivt",0.005,1000,"0.01",TRUE,0.00784470173521663,-0.00431047564598995,0.214222951043939
"bivt",0.005,1000,"0.05",TRUE,0.00671555357065038,-0.00411574049521094,0.298034929307059
"bivt",0.005,1000,"0.1",TRUE,0.00624936249106229,-0.00401340210141321,0.298034929307059
"bivt",0.005,1000,"0.01",TRUE,0.00846354781409394,-0.0042091373956734,0.298034929307059
"bivt",0.005,1000,"0.05",TRUE,0.00805225872421635,-0.0020935661664074,0.396917857335478
"bivt",0.005,1000,"0.1",TRUE,0.00765782894240773,-0.00190131504168818,0.396917857335478
"bivt",0.005,1000,"0.01",TRUE,0.010273952950095,-0.00224721992473415,0.396917857335478
"bivt",0.005,1000,"0.05",TRUE,0.0083447756641305,-0.00462555101037843,0.214508893036033
"bivt",0.005,1000,"0.1",TRUE,0.0072775907884991,-0.00460422101553617,0.214508893036033
"bivt",0.005,1000,"0.01",TRUE,0.0114925784247184,-0.00467103712825728,0.214508893036033
"bivt",0.005,1000,"0.05",TRUE,0.00557349932750221,-0.00309899173151789,0.369681171706617
"bivt",0.005,1000,"0.1",TRUE,0.00505850772858577,-0.00298042375257697,0.369681171706617
"bivt",0.005,1000,"0.01",TRUE,0.00630193728276676,-0.00348162139474455,0.369681171706617
"bivt",0.005,1000,"0.05",TRUE,0.00877786141457206,-0.00255431319090301,0.295937799312156
"bivt",0.005,1000,"0.1",TRUE,0.00836754631585394,-0.00230130552859589,0.295937799312156
"bivt",0.005,1000,"0.01",TRUE,0.0103831759186999,-0.00265515026073456,0.295937799312156
"bivt",0.005,1000,"0.05",TRUE,0.00860786748986637,-0.00293140707199932,0.325475727671877
"bivt",0.005,1000,"0.1",TRUE,0.00807373580555528,-0.00279460961917208,0.325475727671877
"bivt",0.005,1000,"0.01",TRUE,0.00908333167299505,-0.00317287713193002,0.325475727671877
"bivt",0.005,1000,"0.05",TRUE,0.00677275504949009,-0.0042444155193781,0.280891696816895
"bivt",0.005,1000,"0.1",TRUE,0.00576121366752105,-0.00421956849076299,0.280891696816895
"bivt",0.005,1000,"0.01",TRUE,0.00802680272927592,-0.00435745826088664,0.280891696816895
"bivt",0.005,1000,"0.05",TRUE,0.00921557422095922,-0.00382501674397615,0.319441953495671
"bivt",0.005,1000,"0.1",TRUE,0.0088858930791087,-0.00373010016523843,0.319441953495671
"bivt",0.005,1000,"0.01",TRUE,0.00983225054997857,-0.00393846852826261,0.319441953495671
"bivt",0.005,1000,"0.05",TRUE,0.00952085975478292,-0.00305302634223404,0.342343481024929
"bivt",0.005,1000,"0.1",TRUE,0.00937068720916189,-0.00298679420581235,0.342343481024929
"bivt",0.005,1000,"0.01",TRUE,0.0106223652173933,-0.00320247009567069,0.342343481024929
"bivt",0.005,1000,"0.05",TRUE,0.00833962081564993,-0.0044394981618813,0.239703271501584
"bivt",0.005,1000,"0.1",TRUE,0.00808736734961957,-0.0043955522633223,0.239703271501584
"bivt",0.005,1000,"0.01",TRUE,0.00960633342111902,-0.00453485254418781,0.239703271501584
"bivt",0.005,1000,"0.05",TRUE,0.00506878317255826,-0.00412774614597135,0.249777073782048
"bivt",0.005,1000,"0.1",TRUE,0.00438345815265378,-0.00407122179738377,0.249777073782048
"bivt",0.005,1000,"0.01",TRUE,0.00773821137336103,-0.00422918185162042,0.249777073782048
"bivt",0.005,1000,"0.05",TRUE,0.00691214589191782,-0.00426591972299484,0.273520617552543
"bivt",0.005,1000,"0.1",TRUE,0.00524951271630833,-0.00419309815556971,0.273520617552543
"bivt",0.005,1000,"0.01",TRUE,0.009480133976671,-0.00436128073579134,0.273520617552543
"bivt",0.005,1000,"0.05",TRUE,0.00749673615221624,-0.00451216477320702,0.240050538661406
"bivt",0.005,1000,"0.1",TRUE,0.0057897875229417,-0.00448759622674619,0.240050538661406
"bivt",0.005,1000,"0.01",TRUE,0.00950807768143646,-0.00460541067954714,0.240050538661406
"bivt",0.005,1000,"0.05",TRUE,0.0112087731113268,-0.00473694326189663,0.193442822300924
"bivt",0.005,1000,"0.1",TRUE,0.0079542668915091,-0.00470036620655909,0.193442822300924
"bivt",0.005,1000,"0.01",TRUE,0.0153088678581071,-0.00478775112434558,0.193442822300924
"bivt",0.005,1000,"0.05",TRUE,0.00484082592432047,-0.00333815057634082,0.307935869238299
"bivt",0.005,1000,"0.1",TRUE,0.00402082106954352,-0.00319597696047247,0.307935869238299
"bivt",0.005,1000,"0.01",TRUE,0.00546174591523654,-0.00346821299802598,0.307935869238299
"bivt",0.005,1000,"0.05",TRUE,0.00747026896920965,-0.00476253160957056,0.231669034170754
"bivt",0.005,1000,"0.1",TRUE,0.00693525307293593,-0.00472943167696933,0.231669034170754
"bivt",0.005,1000,"0.01",TRUE,0.0100400867057214,-0.00479716176389506,0.231669034170754
"bivt",0.005,1000,"0.05",TRUE,0.00614281676938468,-0.00423401738169916,0.258942070931533
"bivt",0.005,1000,"0.1",TRUE,0.00508490812176722,-0.00419773049140321,0.258942070931533
"bivt",0.005,1000,"0.01",TRUE,0.00803533892959049,-0.00441395196329038,0.258942070931533
"bivt",0.005,1000,"0.05",TRUE,0.0156271208743563,-0.0048686124834356,0.184212585518166
"bivt",0.005,1000,"0.1",TRUE,0.0143984693288186,-0.00483831859052983,0.184212585518166
"bivt",0.005,1000,"0.01",TRUE,0.0196336426416992,-0.00488918266721114,0.184212585518166
"bivt",0.005,1000,"0.05",TRUE,0.00492094479413078,-0.00366042903399857,0.3210791283277
"bivt",0.005,1000,"0.1",TRUE,0.00469031618638861,-0.0036443963421347,0.3210791283277
"bivt",0.005,1000,"0.01",TRUE,0.00629438013191867,-0.00382786634407443,0.3210791283277
"bivt",0.005,1000,"0.05",TRUE,0.00553585297707799,-0.00401968093970788,0.32798816849016
"bivt",0.005,1000,"0.1",TRUE,0.0042511753699776,-0.00396961422511641,0.32798816849016
"bivt",0.005,1000,"0.01",TRUE,0.00770300070609637,-0.00410050035143468,0.32798816849016
"bivt",0.005,1000,"0.05",TRUE,0.00673866490630754,-0.00418751187923963,0.27277579633626
"bivt",0.005,1000,"0.1",TRUE,0.00584053349712716,-0.00417829414959101,0.27277579633626
"bivt",0.005,1000,"0.01",TRUE,0.00773827698714951,-0.0043222729793125,0.27277579633626
"bivt",0.005,1000,"0.05",TRUE,0.00717060181603027,-0.00373373145429229,0.293718020522915
"bivt",0.005,1000,"0.1",TRUE,0.00699610596515738,-0.0035486482325121,0.293718020522915
"bivt",0.005,1000,"0.01",TRUE,0.00777660247841348,-0.00397014665092785,0.293718020522915
"bivt",0.005,1000,"0.05",TRUE,0.00947638879270919,-0.0026192068072286,0.323267825251765
"bivt",0.005,1000,"0.1",TRUE,0.00939972276257962,-0.00236499974167319,0.323267825251765
"bivt",0.005,1000,"0.01",TRUE,0.0114148793756179,-0.00286505251806631,0.323267825251765
"bivt",0.005,1000,"0.05",TRUE,0.00771956287744082,-0.00405522233024144,0.363686795525148
"bivt",0.005,1000,"0.1",TRUE,0.0066519690870193,-0.00400218807894679,0.363686795525148
"bivt",0.005,1000,"0.01",TRUE,0.00842875405169232,-0.00415420035057185,0.363686795525148
"bivt",0.005,1000,"0.05",TRUE,0.00629503312112563,-0.00392771476463772,0.334513405761102
"bivt",0.005,1000,"0.1",TRUE,0.00443918942322805,-0.00376289094471541,0.334513405761102
"bivt",0.005,1000,"0.01",TRUE,0.00778963220089677,-0.00399517210983363,0.334513405761102
"bivt",0.005,1000,"0.05",TRUE,0.0102104607745592,-0.00336790822980938,0.298058251509349
"bivt",0.005,1000,"0.1",TRUE,0.0101393248558273,-0.00323164091999123,0.298058251509349
"bivt",0.005,1000,"0.01",TRUE,0.0107461869474165,-0.00355014356848451,0.298058251509349
"bivt",0.005,1000,"0.05",TRUE,0.00536177619205525,-0.00254955780766815,0.409187756028158
"bivt",0.005,1000,"0.1",TRUE,0.00415215640224657,-0.00240776491391453,0.409187756028158
"bivt",0.005,1000,"0.01",TRUE,0.00580839816504207,-0.00263782028849873,0.409187756028158
"bivt",0.005,1000,"0.05",TRUE,0.00922244913236749,-0.00474868080649031,0.244552118928886
"bivt",0.005,1000,"0.1",TRUE,0.00677008450606198,-0.00473594706568907,0.244552118928886
"bivt",0.005,1000,"0.01",TRUE,0.0156759608853771,-0.00477111434171835,0.244552118928886
"bivt",0.005,1000,"0.05",TRUE,0.00880091102161665,-0.00312905551857928,0.292144362709376
"bivt",0.005,1000,"0.1",TRUE,0.00870645380778682,-0.00298527862449001,0.292144362709376
"bivt",0.005,1000,"0.01",TRUE,0.00986545135658934,-0.0032694444922755,0.292144362709376
"bivt",0.005,1000,"0.05",TRUE,0.00568382233213365,-0.00432460025089828,0.209928180797845
"bivt",0.005,1000,"0.1",TRUE,0.00476910309599874,-0.00425254327178512,0.209928180797845
"bivt",0.005,1000,"0.01",TRUE,0.00793544549332255,-0.00449383673206455,0.209928180797845
"bivt",0.005,1000,"0.05",TRUE,0.010039060534406,-0.00440646245973401,0.294078029250673
"bivt",0.005,1000,"0.1",TRUE,0.00948096943508973,-0.00432260554911231,0.294078029250673
"bivt",0.005,1000,"0.01",TRUE,0.0107084966846926,-0.00444883143262164,0.294078029250673
"bivt",0.005,1000,"0.05",TRUE,0.00729452733543929,-0.00406375303484033,0.327406854323003
"bivt",0.005,1000,"0.1",TRUE,0.00667156717067189,-0.00401891025672733,0.327406854323003
"bivt",0.005,1000,"0.01",TRUE,0.00885490814653168,-0.00416687697674537,0.327406854323003
"bivt",0.005,1000,"0.05",TRUE,0.00924831850935495,-0.00293412387735288,0.301468077104403
"bivt",0.005,1000,"0.1",TRUE,0.0084277211594985,-0.00274421557413588,0.301468077104403
"bivt",0.005,1000,"0.01",TRUE,0.0101361823329396,-0.00316417354077437,0.301468077104403
"bivt",0.005,1000,"0.05",TRUE,0.0065553326734111,-0.00440680639237559,0.261840950825829
"bivt",0.005,1000,"0.1",TRUE,0.0054790429166228,-0.00436069608835848,0.261840950825829
"bivt",0.005,1000,"0.01",TRUE,0.00933218439777929,-0.00449304815460778,0.261840950825829
"bivt",0.005,1000,"0.05",TRUE,0.00628027454985892,-0.00311046048900669,0.329348086836883
"bivt",0.005,1000,"0.1",TRUE,0.00596762487194535,-0.00296014598003624,0.329348086836883
"bivt",0.005,1000,"0.01",TRUE,0.00763208456093179,-0.00320244394880947,0.329348086836883
"bivt",0.005,1000,"0.05",TRUE,0.00756033213330635,-0.00344964027809941,0.359338142847947
"bivt",0.005,1000,"0.1",TRUE,0.00719894023338238,-0.00338508486475454,0.359338142847947
"bivt",0.005,1000,"0.01",TRUE,0.00832023205001136,-0.00356003936224537,0.359338142847947
"bivt",0.005,1000,"0.05",TRUE,0.0075842394319781,-0.00438861733658866,0.263249700128469
"bivt",0.005,1000,"0.1",TRUE,0.00681180306908223,-0.00432932204852215,0.263249700128469
"bivt",0.005,1000,"0.01",TRUE,0.00921640719794905,-0.00448213223391516,0.263249700128469
"bivt",0.005,1000,"0.05",TRUE,0.00716472277315747,-0.00311264105748325,0.335151505641537
"bivt",0.005,1000,"0.1",TRUE,0.00625695965069752,-0.00308659040001003,0.335151505641537
"bivt",0.005,1000,"0.01",TRUE,0.00918589404319118,-0.00331070797356737,0.335151505641537
"bivt",0.005,1000,"0.05",TRUE,0.0116487340623216,-0.00392012122854944,0.284513571829684
"bivt",0.005,1000,"0.1",TRUE,0.0109050137642272,-0.00379481955156463,0.284513571829684
"bivt",0.005,1000,"0.01",TRUE,0.012326299561874,-0.00410525859097691,0.284513571829684
"bivt",0.005,1000,"0.05",TRUE,0.00686405553421685,-0.00370372638090908,0.27562954697336
"bivt",0.005,1000,"0.1",TRUE,0.00607405804925814,-0.00366164804925052,0.27562954697336
"bivt",0.005,1000,"0.01",TRUE,0.00846960277510751,-0.00381058808731748,0.27562954697336
"bivt",0.005,1000,"0.05",TRUE,0.00600569250352078,-0.00366032288756241,0.305579610375712
"bivt",0.005,1000,"0.1",TRUE,0.00584555115877921,-0.00361743714376002,0.305579610375712
"bivt",0.005,1000,"0.01",TRUE,0.00729877898371192,-0.00377006270934593,0.305579610375712
"bivt",0.005,1000,"0.05",TRUE,0.00639773921231458,-0.00417290961411245,0.260139552895758
"bivt",0.005,1000,"0.1",TRUE,0.00574406110790919,-0.00408969721562922,0.260139552895758
"bivt",0.005,1000,"0.01",TRUE,0.00858908981476039,-0.00437213516136759,0.260139552895758
"bivt",0.005,1000,"0.05",TRUE,0.0220949101485069,-0.00190991992701493,0.442641217291808
"bivt",0.005,1000,"0.1",TRUE,0.021590323126946,-0.00174334292004627,0.442641217291808
"bivt",0.005,1000,"0.01",TRUE,0.0235613428566082,-0.00231633244096709,0.442641217291808
"bivt",0.005,1000,"0.05",TRUE,0.0122834124375076,-0.00191956588304167,0.414925279137066
"bivt",0.005,1000,"0.1",TRUE,0.0120281903151649,-0.00176696604772943,0.414925279137066
"bivt",0.005,1000,"0.01",TRUE,0.013221028854042,-0.00231725992454131,0.414925279137066
"bivt",0.005,1000,"0.05",TRUE,0.0085763638758256,-0.00410579686941287,0.275397680476984
"bivt",0.005,1000,"0.1",TRUE,0.00814101785476902,-0.00407299208839294,0.275397680476984
"bivt",0.005,1000,"0.01",TRUE,0.00902211099594641,-0.00419370269247589,0.275397680476984
"bivt",0.005,1000,"0.05",TRUE,0.00641473523927118,-0.00275055597603214,0.321520180978647
"bivt",0.005,1000,"0.1",TRUE,0.00590039486189869,-0.00263680351015866,0.321520180978647
"bivt",0.005,1000,"0.01",TRUE,0.00823641325275913,-0.00292452399474779,0.321520180978647
"bivt",0.005,1000,"0.05",TRUE,0.00728644036221298,-0.00436232511461454,0.245436788287319
"bivt",0.005,1000,"0.1",TRUE,0.00690118516405136,-0.004299731426473,0.245436788287319
"bivt",0.005,1000,"0.01",TRUE,0.00896305861125146,-0.00444236194489121,0.245436788287319
"bivt",0.005,1000,"0.05",TRUE,0.00647826397983759,-0.0044685915837342,0.276166151287275
"bivt",0.005,1000,"0.1",TRUE,0.00527327136985068,-0.00431876635764747,0.276166151287275
"bivt",0.005,1000,"0.01",TRUE,0.00923076669238355,-0.00455507301081089,0.276166151287275
"bivt",0.005,1000,"0.05",TRUE,0.00559461916623827,-0.00422488270670842,0.311432546093387
"bivt",0.005,1000,"0.1",TRUE,0.00480358462653475,-0.00412233881136053,0.311432546093387
"bivt",0.005,1000,"0.01",TRUE,0.00919642385456549,-0.00436490905761764,0.311432546093387
"bivt",0.005,1000,"0.05",TRUE,0.0115308642595903,-0.00296038013124934,0.408882241903497
"bivt",0.005,1000,"0.1",TRUE,0.0104233226435927,-0.00276828164914473,0.408882241903497
"bivt",0.005,1000,"0.01",TRUE,0.0116580222826529,-0.00314751951966656,0.408882241903497
"bivt",0.005,1000,"0.05",TRUE,0.0102502827041203,-0.00381426708833129,0.262016718148792
"bivt",0.005,1000,"0.1",TRUE,0.00970329536764324,-0.00375676884645386,0.262016718148792
"bivt",0.005,1000,"0.01",TRUE,0.0111100854467082,-0.00398424695682007,0.262016718148792
"bivt",0.005,1000,"0.05",TRUE,0.00707346317181726,-0.00456680262356854,0.259402824028791
"bivt",0.005,1000,"0.1",TRUE,0.00561551534145661,-0.00454006317269954,0.259402824028791
"bivt",0.005,1000,"0.01",TRUE,0.0103812799616456,-0.00461900936525931,0.259402824028791
"bivt",0.005,1000,"0.05",TRUE,0.00929654587471778,-0.00390349297243224,0.336950728157208
"bivt",0.005,1000,"0.1",TRUE,0.00810300565826001,-0.00385018382502284,0.336950728157208
"bivt",0.005,1000,"0.01",TRUE,0.00991805697815812,-0.00405401447802294,0.336950728157208
"bivt",0.005,1000,"0.05",TRUE,0.00578326534679707,-0.00416445136081252,0.289580348460454
"bivt",0.005,1000,"0.1",TRUE,0.00401641607958695,-0.00410182604202237,0.289580348460454
"bivt",0.005,1000,"0.01",TRUE,0.00681491146176464,-0.00424640621600586,0.289580348460454
"bivt",0.005,1000,"0.05",TRUE,0.00529309679949082,-0.00363961068052122,0.30254011740542
"bivt",0.005,1000,"0.1",TRUE,0.00465963925142697,-0.00349730810641381,0.30254011740542
"bivt",0.005,1000,"0.01",TRUE,0.00621308013043506,-0.00389023915690277,0.30254011740542
"bivt",0.005,1000,"0.05",TRUE,0.00631272999954802,-0.00413522377482812,0.293432407258372
"bivt",0.005,1000,"0.1",TRUE,0.00605943378345007,-0.00410684379073773,0.293432407258372
"bivt",0.005,1000,"0.01",TRUE,0.00735388630179594,-0.00430212653928612,0.293432407258372
"bivt",0.005,1000,"0.05",TRUE,0.005759616952502,-0.00412077461578296,0.240644690661697
"bivt",0.005,1000,"0.1",TRUE,0.00466238368741407,-0.00407612766601606,0.240644690661697
"bivt",0.005,1000,"0.01",TRUE,0.00756553637613915,-0.00422444026616897,0.240644690661697
"bivt",0.005,1000,"0.05",TRUE,0.00652853795498596,-0.00420087122525629,0.260223727218368
"bivt",0.005,1000,"0.1",TRUE,0.00554681746230015,-0.00412402331861756,0.260223727218368
"bivt",0.005,1000,"0.01",TRUE,0.00817022539968354,-0.0042637995158848,0.260223727218368
"bivt",0.005,1000,"0.05",TRUE,0.00802914412405789,-0.00367886091282166,0.312509667755629
"bivt",0.005,1000,"0.1",TRUE,0.00649731259596971,-0.00358713885272682,0.312509667755629
"bivt",0.005,1000,"0.01",TRUE,0.00876481852424749,-0.00384993881009237,0.312509667755629
"bivt",0.005,1000,"0.05",TRUE,0.0056994643606866,-0.00341883715150751,0.253833362213448
"bivt",0.005,1000,"0.1",FALSE,0.00535677808450016,-0.00330720947078372,0.253833362213448
"bivt",0.005,1000,"0.01",TRUE,0.00648929021119637,-0.00362798362462833,0.253833362213448
"bivt",0.005,1000,"0.05",TRUE,0.0066511473644367,-0.00265168372951266,0.351181696373941
"bivt",0.005,1000,"0.1",TRUE,0.00552799537464074,-0.00251189694129458,0.351181696373941
"bivt",0.005,1000,"0.01",TRUE,0.00791872046613508,-0.00294917232459367,0.351181696373941
"bivt",0.005,1000,"0.05",TRUE,0.00569790945108093,-0.00425080099814826,0.257632213122605
"bivt",0.005,1000,"0.1",TRUE,0.00503008244674795,-0.00416803992219047,0.257632213122605
"bivt",0.005,1000,"0.01",TRUE,0.00739945337439134,-0.00442853044280668,0.257632213122605
"bivt",0.005,1000,"0.05",TRUE,0.00671960654466273,-0.00439798403872328,0.256422844657116
"bivt",0.005,1000,"0.1",TRUE,0.00467961355885309,-0.00434793894975121,0.256422844657116
"bivt",0.005,1000,"0.01",TRUE,0.00897701228660977,-0.00448986086616435,0.256422844657116
"bivt",0.005,1000,"0.05",TRUE,0.00677531128609604,-0.00406572577956586,0.309711274922622
"bivt",0.005,1000,"0.1",TRUE,0.00573704226036097,-0.00401115541796428,0.309711274922622
"bivt",0.005,1000,"0.01",TRUE,0.00926487590686672,-0.00426796245724326,0.309711274922622
"bivt",0.005,1000,"0.05",TRUE,0.00749025810323801,-0.00420803124038337,0.24860014073161
"bivt",0.005,1000,"0.1",TRUE,0.00583593753010197,-0.00409194039956211,0.24860014073161
"bivt",0.005,1000,"0.01",TRUE,0.00842435271582048,-0.00441821179036565,0.24860014073161
"bivt",0.005,1000,"0.05",TRUE,0.00443604776008834,-0.00391870472965767,0.345006702850177
"bivt",0.005,1000,"0.1",TRUE,0.00350807450655714,-0.00388891777055483,0.345006702850177
"bivt",0.005,1000,"0.01",TRUE,0.00603766507847528,-0.003956057308944,0.345006702850177
"bivt",0.005,1000,"0.05",TRUE,0.00802104393738618,-0.00431211471349033,0.235423870962366
"bivt",0.005,1000,"0.1",TRUE,0.00617640848969047,-0.00429699687897281,0.235423870962366
"bivt",0.005,1000,"0.01",TRUE,0.00995768112129266,-0.004378418771698,0.235423870962366
"bivt",0.005,1000,"0.05",TRUE,0.00512847582468265,-0.00416850761318725,0.263112410011944
"bivt",0.005,1000,"0.1",TRUE,0.00456656543368247,-0.00408209830682161,0.263112410011944
"bivt",0.005,1000,"0.01",TRUE,0.0067947922317112,-0.00423337921874954,0.263112410011944
"bivt",0.005,1000,"0.05",TRUE,0.00720706394718745,-0.00463956958196752,0.22553887579198
"bivt",0.005,1000,"0.1",TRUE,0.00563775110655812,-0.00462410879352408,0.22553887579198
"bivt",0.005,1000,"0.01",TRUE,0.0111691447229696,-0.00470097377062396,0.22553887579198
"bivt",0.005,1000,"0.05",TRUE,0.00558803009768897,-0.00403124764317202,0.284557437935846
"bivt",0.005,1000,"0.1",TRUE,0.00489140256562123,-0.00396890943228257,0.284557437935846
"bivt",0.005,1000,"0.01",TRUE,0.00709293848685047,-0.0041799074952415,0.284557437935846
"bivt",0.005,1000,"0.05",TRUE,0.00720000833187922,-0.00433562397703103,0.293215107632425
"bivt",0.005,1000,"0.1",TRUE,0.0062932510355135,-0.00428724121049605,0.293215107632425
"bivt",0.005,1000,"0.01",TRUE,0.00922188939635453,-0.00439013427946127,0.293215107632425
"bivt",0.005,1000,"0.05",TRUE,0.00707316795907966,-0.00426401568530186,0.253563208448631
"bivt",0.005,1000,"0.1",TRUE,0.0064962093423576,-0.00419903817071867,0.253563208448631
"bivt",0.005,1000,"0.01",TRUE,0.00896321416834829,-0.00434373541735612,0.253563208448631
"bivt",0.005,1000,"0.05",TRUE,0.00865190424774224,-0.00315690394413144,0.292295186601856
"bivt",0.005,1000,"0.1",TRUE,0.00818330775280993,-0.00301444888436838,0.292295186601856
"bivt",0.005,1000,"0.01",TRUE,0.00942103145646464,-0.00338386698199857,0.292295186601856
"bivt",0.005,1000,"0.05",TRUE,0.014308893343992,-0.00479784467187389,0.229695849563063
"bivt",0.005,1000,"0.1",TRUE,0.0109450501039003,-0.00479207145850553,0.229695849563063
"bivt",0.005,1000,"0.01",TRUE,0.0187020471683589,-0.00482891983551904,0.229695849563063
"bivt",0.005,1000,"0.05",TRUE,0.0069587854439276,-0.00410639580517287,0.252100413128502
"bivt",0.005,1000,"0.1",TRUE,0.00662055222664645,-0.00409445641614507,0.252100413128502
"bivt",0.005,1000,"0.01",TRUE,0.00844169296201109,-0.00431920493955059,0.252100413128502
"bivt",0.005,1000,"0.05",TRUE,0.00526251189068159,-0.00359560317375712,0.308685710528745
"bivt",0.005,1000,"0.1",TRUE,0.00520766102551296,-0.00355297598419563,0.308685710528745
"bivt",0.005,1000,"0.01",TRUE,0.00625587990704343,-0.00382840872612683,0.308685710528745
"bivt",0.005,1000,"0.05",TRUE,0.00662420889557803,-0.00428524249795947,0.258329448972589
"bivt",0.005,1000,"0.1",TRUE,0.00603623695544686,-0.00416208500860107,0.258329448972589
"bivt",0.005,1000,"0.01",TRUE,0.00979158426098447,-0.00433256099180293,0.258329448972589
"bivt",0.005,1000,"0.05",TRUE,0.0065038988524057,-0.00341402729674172,0.347812436470002
"bivt",0.005,1000,"0.1",TRUE,0.00619044781219586,-0.00338733494419159,0.347812436470002
"bivt",0.005,1000,"0.01",TRUE,0.00770038272192135,-0.0036215809099423,0.347812436470002
"bivt",0.005,1000,"0.05",TRUE,0.00646396916031301,-0.00442347773582098,0.30450971891974
"bivt",0.005,1000,"0.1",TRUE,0.00584179093276887,-0.00440827609866356,0.30450971891974
"bivt",0.005,1000,"0.01",TRUE,0.00952493582618966,-0.00445984284088786,0.30450971891974
"bivt",0.005,1000,"0.05",TRUE,0.0160729670745928,-0.0049405432538126,0.174163523077225
"bivt",0.005,1000,"0.1",TRUE,0.0114212109784429,-0.00493716711507187,0.174163523077225
"bivt",0.005,1000,"0.01",TRUE,0.0227962012108068,-0.00495925094726713,0.174163523077225
"bivt",0.005,1000,"0.05",TRUE,0.0125249635250915,-0.00256320469035924,0.367963460839287
"bivt",0.005,1000,"0.1",TRUE,0.0118328010591041,-0.00251815485549779,0.367963460839287
"bivt",0.005,1000,"0.01",TRUE,0.0132290698412677,-0.0028709992974901,0.367963460839287
"bivt",0.005,1000,"0.05",TRUE,0.00999397821837623,-0.00290069597294832,0.359042066431783
"bivt",0.005,1000,"0.1",TRUE,0.00976416992154697,-0.00282927704882635,0.359042066431783
"bivt",0.005,1000,"0.01",TRUE,0.0110509937417452,-0.00350286131156552,0.359042066431783
"bivt",0.005,1000,"0.05",TRUE,0.00717608241786958,-0.00418570948545524,0.266355193417903
"bivt",0.005,1000,"0.1",TRUE,0.0060139973192164,-0.00410190301052296,0.266355193417903
"bivt",0.005,1000,"0.01",TRUE,0.0113669633049067,-0.00424925516149561,0.266355193417903
"bivt",0.005,1000,"0.05",TRUE,0.00808519614951642,-0.00453057091209186,0.235976831752125
"bivt",0.005,1000,"0.1",TRUE,0.00705301632332378,-0.00448970363425955,0.235976831752125
"bivt",0.005,1000,"0.01",TRUE,0.0102191762085602,-0.00455020900869223,0.235976831752125
"bivt",0.005,1000,"0.05",TRUE,0.00635590944721742,-0.00404549353450651,0.268544386606164
"bivt",0.005,1000,"0.1",TRUE,0.00565425117373094,-0.00398147080993938,0.268544386606164
"bivt",0.005,1000,"0.01",TRUE,0.00863514895295218,-0.0041720285070967,0.268544386606164
"bivt",0.005,1000,"0.05",TRUE,0.00653393051979778,-0.00391294401463816,0.271726935104639
"bivt",0.005,1000,"0.1",TRUE,0.00561059387738658,-0.00386710029951239,0.271726935104639
"bivt",0.005,1000,"0.01",TRUE,0.00800088395951551,-0.00408665460682161,0.271726935104639
"bivt",0.005,1000,"0.05",TRUE,0.00709234215449167,-0.00368580101863493,0.250882507459199
"bivt",0.005,1000,"0.1",TRUE,0.00614845949085509,-0.00356323197152341,0.250882507459199
"bivt",0.005,1000,"0.01",TRUE,0.00829002926248168,-0.00388140596782807,0.250882507459199
"bivt",0.005,1000,"0.05",TRUE,0.00600870880184941,-0.00428557149413894,0.305763115256845
"bivt",0.005,1000,"0.1",TRUE,0.00512079661390771,-0.00427086994707993,0.305763115256845
"bivt",0.005,1000,"0.01",TRUE,0.00865170040393856,-0.0043853538984257,0.305763115256845
"bivt",0.005,1000,"0.05",TRUE,0.00720818894837797,-0.00425768966409161,0.237271394427709
"bivt",0.005,1000,"0.1",TRUE,0.0058244155188559,-0.00422314983228809,0.237271394427709
"bivt",0.005,1000,"0.01",TRUE,0.0087263465942054,-0.00437236227478544,0.237271394427709
"bivt",0.005,1000,"0.05",TRUE,0.00552943494439866,-0.00379793981617575,0.326963810170794
"bivt",0.005,1000,"0.1",TRUE,0.00509762218063769,-0.0036892633008011,0.326963810170794
"bivt",0.005,1000,"0.01",TRUE,0.00639617218063436,-0.00388052984017475,0.326963810170794
"bivt",0.005,1000,"0.05",TRUE,0.00722951161496657,-0.0042280435097704,0.257690391310689
"bivt",0.005,1000,"0.1",TRUE,0.00576187027412744,-0.00417734589582374,0.257690391310689
"bivt",0.005,1000,"0.01",TRUE,0.0104782009692488,-0.00430361996844949,0.257690391310689
"bivt",0.005,1000,"0.05",TRUE,0.00615017351539291,-0.00395154823741681,0.369702791037498
"bivt",0.005,1000,"0.1",TRUE,0.00473806829646015,-0.00390584026938029,0.369702791037498
"bivt",0.005,1000,"0.01",TRUE,0.00685041633048895,-0.00408000730954508,0.369702791037498
"bivt",0.005,1000,"0.05",TRUE,0.00517158942348487,-0.00410796701335693,0.330915709825176
"bivt",0.005,1000,"0.1",TRUE,0.00486014280921584,-0.00409345483720472,0.330915709825176
"bivt",0.005,1000,"0.01",TRUE,0.00628626954802608,-0.00417232293925611,0.330915709825176
"bivt",0.005,1000,"0.05",TRUE,0.0153048554871031,-0.00231495405149167,0.36068925696239
"bivt",0.005,1000,"0.1",TRUE,0.0148774450901024,-0.00218856472375118,0.36068925696239
"bivt",0.005,1000,"0.01",TRUE,0.0157147479561313,-0.00254072277846412,0.36068925696239
"bivt",0.005,1000,"0.05",TRUE,0.00636910598913973,-0.0041574431215522,0.294101812584228
"bivt",0.005,1000,"0.1",TRUE,0.00582004278190164,-0.00415589792156504,0.294101812584228
"bivt",0.005,1000,"0.01",TRUE,0.00989798167386462,-0.00420764230850727,0.294101812584228
"bivt",0.005,1000,"0.05",TRUE,0.00487917761735564,-0.00347274877864202,0.36572576751059
"bivt",0.005,1000,"0.1",TRUE,0.00464339936436041,-0.00331228476365006,0.36572576751059
"bivt",0.005,1000,"0.01",TRUE,0.00542674931415304,-0.00368240951183077,0.36572576751059
"bivt",0.005,1000,"0.05",TRUE,0.005131953387749,-0.00381138841596649,0.294978991693945
"bivt",0.005,1000,"0.1",TRUE,0.0039254490021125,-0.00377664753288988,0.294978991693945
"bivt",0.005,1000,"0.01",TRUE,0.006830789510149,-0.00411612249126432,0.294978991693945
"bivt",0.005,1000,"0.05",TRUE,0.00708112373542621,-0.00271462751158538,0.364207098721103
"bivt",0.005,1000,"0.1",TRUE,0.00628741648042118,-0.00251181964132995,0.364207098721103
"bivt",0.005,1000,"0.01",TRUE,0.00782268073647415,-0.00288586817671587,0.364207098721103
"bivt",0.005,1000,"0.05",TRUE,0.0047590884342946,-0.00381096172617913,0.25170188793451
"bivt",0.005,1000,"0.1",TRUE,0.0044257526296104,-0.00368511434134554,0.25170188793451
"bivt",0.005,1000,"0.01",TRUE,0.00580805846932858,-0.00402368647519088,0.25170188793451
"bivt",0.005,1000,"0.05",TRUE,0.00887904503566929,-0.00292873387814111,0.303362146338489
"bivt",0.005,1000,"0.1",TRUE,0.00754669828613922,-0.002828957664505,0.303362146338489
"bivt",0.005,1000,"0.01",TRUE,0.0095897789091144,-0.0031776341141658,0.303362146338489
"bivt",0.005,1000,"0.05",TRUE,0.00960961642046729,-0.00373928320740239,0.366195035532008
"bivt",0.005,1000,"0.1",TRUE,0.00889326497879168,-0.00371063299609466,0.366195035532008
"bivt",0.005,1000,"0.01",TRUE,0.0105001905880724,-0.00383023215875695,0.366195035532008
"bivt",0.005,1000,"0.05",TRUE,0.00705672503914606,-0.00400181424624561,0.267972412131585
"bivt",0.005,1000,"0.1",TRUE,0.00517729241568554,-0.00395248060370157,0.267972412131585
"bivt",0.005,1000,"0.01",TRUE,0.00969420775521671,-0.004133063860255,0.267972412131585
"bivt",0.005,1000,"0.05",TRUE,0.00967261000904176,-0.00470218061333334,0.258856106339702
"bivt",0.005,1000,"0.1",TRUE,0.00787663024229214,-0.00468533690934484,0.258856106339702
"bivt",0.005,1000,"0.01",TRUE,0.0146367771517502,-0.00477343761911791,0.258856106339702
"bivt",0.005,1000,"0.05",TRUE,0.00539210337342126,-0.00430035125549264,0.32824276953131
"bivt",0.005,1000,"0.1",TRUE,0.00443615354615705,-0.00425167490563504,0.32824276953131
"bivt",0.005,1000,"0.01",TRUE,0.00707228550963135,-0.00440122083385328,0.32824276953131
"bivt",0.005,1000,"0.05",TRUE,0.00814992749818011,-0.00468682672502041,0.210944254489134
"bivt",0.005,1000,"0.1",TRUE,0.00657541898878785,-0.00467645177475899,0.210944254489134
"bivt",0.005,1000,"0.01",TRUE,0.0125129844587503,-0.00470247649686368,0.210944254489134
"bivt",0.005,1000,"0.05",TRUE,0.00596398850486565,-0.00368337731118831,0.302930364928826
"bivt",0.005,1000,"0.1",TRUE,0.00572580835914763,-0.00362559188299515,0.302930364928826
"bivt",0.005,1000,"0.01",TRUE,0.00756041748365404,-0.00392323794692448,0.302930364928826
"bivt",0.005,1000,"0.05",TRUE,0.00681425935638552,-0.00404703873389499,0.237237569054038
"bivt",0.005,1000,"0.1",TRUE,0.00669794685571362,-0.00395452638879035,0.237237569054038
"bivt",0.005,1000,"0.01",TRUE,0.00741422939692256,-0.00425381582108156,0.237237569054038
"bivt",0.005,1000,"0.05",TRUE,0.0049237408686832,-0.00427598176200079,0.369995915282483
"bivt",0.005,1000,"0.1",TRUE,0.00414883873988209,-0.00422253420721123,0.369995915282483
"bivt",0.005,1000,"0.01",TRUE,0.00725741061681178,-0.0043990669844461,0.369995915282483
"bivt",0.005,1000,"0.05",TRUE,0.00669849448190303,-0.00432139016101969,0.242880699963867
"bivt",0.005,1000,"0.1",TRUE,0.00579231137520395,-0.00424292000799721,0.242880699963867
"bivt",0.005,1000,"0.01",TRUE,0.00918437614947874,-0.00444557261752927,0.242880699963867
"bivt",0.005,1000,"0.05",TRUE,0.00618510689988197,-0.00452477221677559,0.263842944354861
"bivt",0.005,1000,"0.1",TRUE,0.00506184060596413,-0.00445388419813708,0.263842944354861
"bivt",0.005,1000,"0.01",TRUE,0.00960299965123738,-0.00462122405149126,0.263842944354861
"bivt",0.005,1000,"0.05",TRUE,0.00463949637082012,-0.00330419088110047,0.344077799291489
"bivt",0.005,1000,"0.1",TRUE,0.00433176477285084,-0.00312959927865293,0.344077799291489
"bivt",0.005,1000,"0.01",TRUE,0.00581293867912993,-0.00359389632279917,0.344077799291489
"bivt",0.005,1000,"0.05",TRUE,0.00524263386721411,-0.00409547761460083,0.247563159744507
"bivt",0.005,1000,"0.1",TRUE,0.00430425114048466,-0.00407125048564272,0.247563159744507
"bivt",0.005,1000,"0.01",TRUE,0.0073726823043447,-0.00436448505757238,0.247563159744507
"bivt",0.005,1000,"0.05",TRUE,0.0062448199516458,-0.00322483606409022,0.310420413492261
"bivt",0.005,1000,"0.1",TRUE,0.00615031916432623,-0.00303144455377281,0.310420413492261
"bivt",0.005,1000,"0.01",TRUE,0.00681575398619344,-0.00338008791480089,0.310420413492261
"bivt",0.005,1000,"0.05",TRUE,0.00506305335122703,-0.0043481386235622,0.264635040820522
"bivt",0.005,1000,"0.1",TRUE,0.00426417207450647,-0.00427285363821434,0.264635040820522
"bivt",0.005,1000,"0.01",TRUE,0.00660505828731344,-0.00438230283214395,0.264635040820522
"bivt",0.005,1000,"0.05",TRUE,0.00615730745274103,-0.00420022643624532,0.27092776893154
"bivt",0.005,1000,"0.1",TRUE,0.00537072607455798,-0.00414984201440867,0.27092776893154
"bivt",0.005,1000,"0.01",TRUE,0.00795134662716335,-0.00430926890371199,0.27092776893154
"bivt",0.005,1000,"0.05",TRUE,0.00605739373300094,-0.00433115969395626,0.262124885443849
"bivt",0.005,1000,"0.1",TRUE,0.00534473783602867,-0.00420521305217654,0.262124885443849
"bivt",0.005,1000,"0.01",TRUE,0.00831280329699208,-0.00436708247259993,0.262124885443849
"bivt",0.005,1000,"0.05",TRUE,0.00591443574271803,-0.0039548109584407,0.282248884855881
"bivt",0.005,1000,"0.1",TRUE,0.00554393827662862,-0.00388957902997106,0.282248884855881
"bivt",0.005,1000,"0.01",TRUE,0.00707658124435607,-0.00409702256568314,0.282248884855881
"bivt",0.005,1000,"0.05",TRUE,0.011292333742961,-0.0047554332900131,0.232822279909737
"bivt",0.005,1000,"0.1",TRUE,0.0092788553999042,-0.00470610722013741,0.232822279909737
"bivt",0.005,1000,"0.01",TRUE,0.0146450018924998,-0.00481180068181343,0.232822279909737
"bivt",0.005,1000,"0.05",TRUE,0.0114571232793987,-0.00476180919292507,0.257283464584199
"bivt",0.005,1000,"0.1",TRUE,0.00855289712340218,-0.00475589116287571,0.257283464584199
"bivt",0.005,1000,"0.01",TRUE,0.0156249958845242,-0.00477996847264216,0.257283464584199
"bivt",0.005,1000,"0.05",TRUE,0.00775542620552608,-0.00447171471715927,0.343605964363679
"bivt",0.005,1000,"0.1",TRUE,0.00590284914779708,-0.00439885145417975,0.343605964363679
"bivt",0.005,1000,"0.01",TRUE,0.0106698878881822,-0.00452785973471205,0.343605964363679
"bivt",0.005,1000,"0.05",TRUE,0.00574422220158413,-0.00435031652312157,0.270157407760935
"bivt",0.005,1000,"0.1",TRUE,0.00551874511527757,-0.00422117863737549,0.270157407760935
"bivt",0.005,1000,"0.01",TRUE,0.00802492398546902,-0.00443634329574199,0.270157407760935
"bivt",0.005,1000,"0.05",TRUE,0.00626178969827957,-0.00439292444879261,0.240440758256671
"bivt",0.005,1000,"0.1",TRUE,0.00574790002534226,-0.00428034620012542,0.240440758256671
"bivt",0.005,1000,"0.01",TRUE,0.00895010650116157,-0.00444375161567824,0.240440758256671
"bivt",0.005,1000,"0.05",TRUE,0.013288738399642,-0.00486121899165374,0.236969130226968
"bivt",0.005,1000,"0.1",TRUE,0.0104439566696389,-0.00484625828939451,0.236969130226968
"bivt",0.005,1000,"0.01",TRUE,0.0173168250237277,-0.00487313943642432,0.236969130226968
"bivt",0.005,1000,"0.05",TRUE,0.00652713555581555,-0.00430037484671943,0.308171751025456
"bivt",0.005,1000,"0.1",TRUE,0.00584315870813326,-0.00429419114273802,0.308171751025456
"bivt",0.005,1000,"0.01",TRUE,0.00893650698493294,-0.00438040719265018,0.308171751025456
"bivt",0.005,1000,"0.05",TRUE,0.00755605419250909,-0.00393222301036098,0.307152425777131
"bivt",0.005,1000,"0.1",TRUE,0.00716115071424275,-0.00385438867925759,0.307152425777131
"bivt",0.005,1000,"0.01",TRUE,0.00794851499730302,-0.00398983097833842,0.307152425777131
"bivt",0.005,1000,"0.05",TRUE,0.00536294183057799,-0.0036733485323549,0.318444336426989
"bivt",0.005,1000,"0.1",TRUE,0.00444724239281475,-0.00361751709802259,0.318444336426989
"bivt",0.005,1000,"0.01",TRUE,0.00714405996703127,-0.00384187786580494,0.318444336426989
"bivt",0.005,1000,"0.05",TRUE,0.0108607181259344,-0.00474717561497727,0.270702139780551
"bivt",0.005,1000,"0.1",TRUE,0.0078216411189829,-0.00471843283779923,0.270702139780551
"bivt",0.005,1000,"0.01",TRUE,0.0149816449055519,-0.00477578176502463,0.270702139780551
"bivt",0.001,5000,"0.05",TRUE,0.000586317261026641,-0.000707431059712863,0.307417108240626
"bivt",0.001,5000,"0.1",FALSE,0.000497207516243654,-0.00069100495398575,0.307417108240626
"bivt",0.001,5000,"0.01",TRUE,0.000722228836934029,-0.000730432956961355,0.307417108240626
"bivt",0.001,5000,"0.05",TRUE,0.000650912187561921,-0.000795549645621284,0.259220717384505
"bivt",0.001,5000,"0.1",TRUE,0.000566880501986983,-0.000777221151880808,0.259220717384505
"bivt",0.001,5000,"0.01",TRUE,0.000825603616683087,-0.000816485652007332,0.259220717384505
"bivt",0.001,5000,"0.05",TRUE,0.000681068895535676,-0.000749991355232567,0.289288190644889
"bivt",0.001,5000,"0.1",TRUE,0.000542434361732307,-0.000747926339073019,0.289288190644889
"bivt",0.001,5000,"0.01",TRUE,0.000808509965337228,-0.000773082664243042,0.289288190644889
"bivt",0.001,5000,"0.05",TRUE,0.00141464596911219,-0.00047812638536391,0.321129713043986
"bivt",0.001,5000,"0.1",TRUE,0.00133798759172699,-0.000451436272273911,0.321129713043986
"bivt",0.001,5000,"0.01",TRUE,0.00158244765167021,-0.000513670958541619,0.321129713043986
"bivt",0.001,5000,"0.05",TRUE,0.000668165492917467,-0.00044764025368184,0.261729243995458
"bivt",0.001,5000,"0.1",TRUE,0.000573404092307572,-0.000428160050315266,0.261729243995458
"bivt",0.001,5000,"0.01",TRUE,0.000789498453091682,-0.00048394479207707,0.261729243995458
"bivt",0.001,5000,"0.05",TRUE,0.00265391213380874,-0.000519530927184081,0.304052889911446
"bivt",0.001,5000,"0.1",TRUE,0.0025909987102914,-0.00051583801306602,0.304052889911446
"bivt",0.001,5000,"0.01",TRUE,0.00282913764900838,-0.000543773111658358,0.304052889911446
"bivt",0.001,5000,"0.05",TRUE,0.00122958190629168,-0.000526524176761233,0.272198873647968
"bivt",0.001,5000,"0.1",TRUE,0.00117396040635022,-0.000481279308410925,0.272198873647968
"bivt",0.001,5000,"0.01",TRUE,0.00138990284575895,-0.000561624091311893,0.272198873647968
"bivt",0.001,5000,"0.05",TRUE,0.00158014076654848,-0.000629726093472899,0.341655434824207
"bivt",0.001,5000,"0.1",TRUE,0.00149027658382763,-0.000600101135635613,0.341655434824207
"bivt",0.001,5000,"0.01",TRUE,0.00169012700296608,-0.000640823118809215,0.341655434824207
"bivt",0.001,5000,"0.05",TRUE,0.000862664330379036,-0.000772043458284743,0.268572537854956
"bivt",0.001,5000,"0.1",TRUE,0.00082273622761146,-0.000759435168090667,0.268572537854956
"bivt",0.001,5000,"0.01",TRUE,0.00103386463470894,-0.000785845856497863,0.268572537854956
"bivt",0.001,5000,"0.05",TRUE,0.000583966509073722,-0.000628205646158813,0.280509198555519
"bivt",0.001,5000,"0.1",TRUE,0.0005239585695105,-0.000621947530634872,0.280509198555519
"bivt",0.001,5000,"0.01",TRUE,0.000762739426930401,-0.000655268312944323,0.280509198555519
"bivt",0.001,5000,"0.05",TRUE,0.00061643610890517,-0.00060770444003351,0.262190759650292
"bivt",0.001,5000,"0.1",TRUE,0.000537222825439695,-0.000586358862339391,0.262190759650292
"bivt",0.001,5000,"0.01",TRUE,0.000751598645276565,-0.000650330395980146,0.262190759650292
"bivt",0.001,5000,"0.05",TRUE,0.00222736921011017,-0.000591849725032731,0.317762724597986
"bivt",0.001,5000,"0.1",TRUE,0.00209434128727878,-0.000590617810484876,0.317762724597986
"bivt",0.001,5000,"0.01",TRUE,0.00231528679301629,-0.000603250146859243,0.317762724597986
"bivt",0.001,5000,"0.05",TRUE,0.000620961727210783,-0.000879533202117108,0.26671543365332
"bivt",0.001,5000,"0.1",TRUE,0.000544747199722778,-0.000876125728664156,0.26671543365332
"bivt",0.001,5000,"0.01",TRUE,0.000896876903695992,-0.000885998392950619,0.26671543365332
"bivt",0.001,5000,"0.05",TRUE,0.00222020220060961,-0.000531537343296349,0.264116235164725
"bivt",0.001,5000,"0.1",TRUE,0.00211547494495676,-0.000527668646462,0.264116235164725
"bivt",0.001,5000,"0.01",TRUE,0.00233523686478098,-0.000598735969375405,0.264116235164725
"bivt",0.001,5000,"0.05",TRUE,0.000556352418120795,-0.000627085949172957,0.28032526650063
"bivt",0.001,5000,"0.1",TRUE,0.000495175998038161,-0.000612975574016734,0.28032526650063
"bivt",0.001,5000,"0.01",TRUE,0.000706247311262568,-0.000652106394422714,0.28032526650063
"bivt",0.001,5000,"0.05",TRUE,0.000910943142857902,-0.000440439704773548,0.317564660661253
"bivt",0.001,5000,"0.1",TRUE,0.000894143595765116,-0.000418858807488101,0.317564660661253
"bivt",0.001,5000,"0.01",TRUE,0.00109756690858473,-0.00046795597136836,0.317564660661253
"bivt",0.001,5000,"0.05",TRUE,0.00114276908682741,-0.000663177637811526,0.27782697019658
"bivt",0.001,5000,"0.1",TRUE,0.00104407570085542,-0.0006379755475155,0.27782697019658
"bivt",0.001,5000,"0.01",TRUE,0.00133719314402871,-0.00070041207081084,0.27782697019658
"bivt",0.001,5000,"0.05",TRUE,0.000688968736762426,-0.000571869463414874,0.277291250092214
"bivt",0.001,5000,"0.1",TRUE,0.000626179927019343,-0.000563653801393564,0.277291250092214
"bivt",0.001,5000,"0.01",TRUE,0.000980902626641368,-0.000624449060898489,0.277291250092214
"bivt",0.001,5000,"0.05",TRUE,0.000889511281185167,-0.000635423645319748,0.296288175411518
"bivt",0.001,5000,"0.1",TRUE,0.000724645979679792,-0.000608758477845941,0.296288175411518
"bivt",0.001,5000,"0.01",TRUE,0.00099293121452144,-0.000658312065551889,0.296288175411518
"bivt",0.001,5000,"0.05",TRUE,0.00109817953751789,-0.00060648446839187,0.260445305320619
"bivt",0.001,5000,"0.1",TRUE,0.00108977752845012,-0.000585354805524847,0.260445305320619
"bivt",0.001,5000,"0.01",TRUE,0.00136546191994342,-0.000650210902922859,0.260445305320619
"bivt",0.001,5000,"0.05",TRUE,0.00064108205149669,-0.00055208091874838,0.298139481490603
"bivt",0.001,5000,"0.1",TRUE,0.000595836117299269,-0.000528500586418262,0.298139481490603
"bivt",0.001,5000,"0.01",TRUE,0.000711014642206966,-0.000587606164149892,0.298139481490603
"bivt",0.001,5000,"0.05",TRUE,0.00294498832187737,-0.000299451244043413,0.327629781040268
"bivt",0.001,5000,"0.1",TRUE,0.00291327065860709,-0.000263523576470814,0.327629781040268
"bivt",0.001,5000,"0.01",TRUE,0.00312909085169434,-0.000333573133502034,0.327629781040268
"bivt",0.001,5000,"0.05",TRUE,0.000896974373172832,-0.000809049678114034,0.263279341446512
"bivt",0.001,5000,"0.1",TRUE,0.000861609084999633,-0.000804599117579836,0.263279341446512
"bivt",0.001,5000,"0.01",TRUE,0.000973594913123301,-0.000819412386038067,0.263279341446512
"bivt",0.001,5000,"0.05",TRUE,0.00156225988864914,-0.000615478752260845,0.298041150057841
"bivt",0.001,5000,"0.1",TRUE,0.00145935353266936,-0.000607625157977151,0.298041150057841
"bivt",0.001,5000,"0.01",TRUE,0.00174390232479427,-0.000660198176235209,0.298041150057841
"bivt",0.001,5000,"0.05",TRUE,0.000645632532167394,-0.00082579709209659,0.258512610656197
"bivt",0.001,5000,"0.1",TRUE,0.000559893392299715,-0.000816886775706835,0.258512610656197
"bivt",0.001,5000,"0.01",TRUE,0.000934427483465963,-0.000843575561913363,0.258512610656197
"bivt",0.001,5000,"0.05",TRUE,0.000532208395522593,-0.000836179909807759,0.274784959788182
"bivt",0.001,5000,"0.1",TRUE,0.00045441139261097,-0.000829782342488377,0.274784959788182
"bivt",0.001,5000,"0.01",TRUE,0.000664810839527031,-0.000847730883835398,0.274784959788182
"bivt",0.001,5000,"0.05",TRUE,0.000693863395713713,-0.000498123270562147,0.31207396872592
"bivt",0.001,5000,"0.1",TRUE,0.000665261550520298,-0.000475615210375137,0.31207396872592
"bivt",0.001,5000,"0.01",TRUE,0.000835378802140766,-0.00054182320112009,0.31207396872592
"bivt",0.001,5000,"0.05",TRUE,0.000699638211193801,-0.000766079801260133,0.285167763551968
"bivt",0.001,5000,"0.1",TRUE,0.000625675288196008,-0.000760122749392771,0.285167763551968
"bivt",0.001,5000,"0.01",TRUE,0.00100882312576908,-0.00078370186814455,0.285167763551968
"bivt",0.001,5000,"0.05",TRUE,0.00101520646145374,-0.000419970293256569,0.307626254275034
"bivt",0.001,5000,"0.1",TRUE,0.000881061632598055,-0.000407820398019797,0.307626254275034
"bivt",0.001,5000,"0.01",TRUE,0.00110517875305863,-0.000458860165995716,0.307626254275034
"bivt",0.001,5000,"0.05",TRUE,0.000945498985351788,-0.000754711935814132,0.27440550143992
"bivt",0.001,5000,"0.1",TRUE,0.000931162928861443,-0.000746122954440131,0.27440550143992
"bivt",0.001,5000,"0.01",TRUE,0.00113378999435738,-0.00076615216007087,0.27440550143992
"bivt",0.001,5000,"0.05",TRUE,0.00143253179797209,-0.000545238179613936,0.306318793414423
"bivt",0.001,5000,"0.1",TRUE,0.00136893378265795,-0.000543601666650737,0.306318793414423
"bivt",0.001,5000,"0.01",TRUE,0.00169920342455486,-0.000569281267106259,0.306318793414423
"bivt",0.001,5000,"0.05",TRUE,0.00118647791759444,-0.000602281431707999,0.284021605117637
"bivt",0.001,5000,"0.1",TRUE,0.00108876759949991,-0.000591257553631443,0.284021605117637
"bivt",0.001,5000,"0.01",TRUE,0.0013463040715425,-0.00063353977419434,0.284021605117637
"bivt",0.001,5000,"0.05",TRUE,0.000596193775749601,-0.000812009598998904,0.266394655945175
"bivt",0.001,5000,"0.1",TRUE,0.000486314183850811,-0.000796679137791618,0.266394655945175
"bivt",0.001,5000,"0.01",TRUE,0.000781412299857735,-0.000818151884460114,0.266394655945175
"bivt",0.001,5000,"0.05",TRUE,0.00106506253135895,-0.000689316383033748,0.284651191318322
"bivt",0.001,5000,"0.1",TRUE,0.000920970445032157,-0.000680627509676414,0.284651191318322
"bivt",0.001,5000,"0.01",TRUE,0.00124195795888701,-0.000709123046474588,0.284651191318322
"bivt",0.001,5000,"0.05",TRUE,0.000543143253057938,-0.000660354146371456,0.281287050544978
"bivt",0.001,5000,"0.1",TRUE,0.000481456004050508,-0.00064181821977999,0.281287050544978
"bivt",0.001,5000,"0.01",TRUE,0.000671345536601599,-0.000702828124457634,0.281287050544978
"bivt",0.001,5000,"0.05",TRUE,0.00216918934401192,-0.000467972040805996,0.298235125494435
"bivt",0.001,5000,"0.1",TRUE,0.00206748465095504,-0.00046163995220246,0.298235125494435
"bivt",0.001,5000,"0.01",TRUE,0.00247257281035538,-0.000515444524363414,0.298235125494435
"bivt",0.001,5000,"0.05",TRUE,0.000812812011224655,-0.000476499448612967,0.300106016485339
"bivt",0.001,5000,"0.1",TRUE,0.000779884760597589,-0.000462010656203168,0.300106016485339
"bivt",0.001,5000,"0.01",TRUE,0.000881395375230538,-0.000524700416804094,0.300106016485339
"bivt",0.001,5000,"0.05",TRUE,0.000697717105267276,-0.000652869904644724,0.265510763524689
"bivt",0.001,5000,"0.1",TRUE,0.000666034475471679,-0.000629500674779215,0.265510763524689
"bivt",0.001,5000,"0.01",TRUE,0.000923337439834175,-0.000678471681047497,0.265510763524689
"bivt",0.001,5000,"0.05",TRUE,0.00151024993419931,-0.000614460920801017,0.295765200450492
"bivt",0.001,5000,"0.1",TRUE,0.00138107823065017,-0.00061125413784486,0.295765200450492
"bivt",0.001,5000,"0.01",TRUE,0.00163942772783194,-0.000643510666551776,0.295765200450492
"bivt",0.001,5000,"0.05",TRUE,0.000695528210032659,-0.000774012658198769,0.265282528430057
"bivt",0.001,5000,"0.1",TRUE,0.000583178815195154,-0.000767971304769069,0.265282528430057
"bivt",0.001,5000,"0.01",TRUE,0.000884046438610394,-0.000798779642832531,0.265282528430057
"bivt",0.001,5000,"0.05",TRUE,0.000952917975734143,-0.000557075160625328,0.293391114745795
"bivt",0.001,5000,"0.1",TRUE,0.000927413331787751,-0.000523843733264457,0.293391114745795
"bivt",0.001,5000,"0.01",TRUE,0.00105511694881344,-0.000590163603861423,0.293391114745795
"bivt",0.001,5000,"0.05",TRUE,0.00237684395661161,-0.00058688169449329,0.242518626378437
"bivt",0.001,5000,"0.1",TRUE,0.00234703990616263,-0.000583823778842684,0.242518626378437
"bivt",0.001,5000,"0.01",TRUE,0.00258128607602104,-0.000607635714943065,0.242518626378437
"bivt",0.001,5000,"0.05",TRUE,0.000910989555719485,-0.000898387406120245,0.227295818540317
"bivt",0.001,5000,"0.1",TRUE,0.000789817704568342,-0.000896509975237183,0.227295818540317
"bivt",0.001,5000,"0.01",TRUE,0.00124678793767462,-0.000916456514095701,0.227295818540317
"bivt",0.001,5000,"0.05",TRUE,0.00104180011485371,-0.000609720895659922,0.306300237313273
"bivt",0.001,5000,"0.1",TRUE,0.00099379894617318,-0.000582796203405716,0.306300237313273
"bivt",0.001,5000,"0.01",TRUE,0.00123111747855063,-0.000647518313655596,0.306300237313273
"bivt",0.001,5000,"0.05",TRUE,0.0010939281866024,-0.000395075213967025,0.293596940757454
"bivt",0.001,5000,"0.1",TRUE,0.00105725606945335,-0.000380035192661726,0.293596940757454
"bivt",0.001,5000,"0.01",TRUE,0.00122087871599972,-0.000434607210092676,0.293596940757454
"bivt",0.001,5000,"0.05",TRUE,0.00207507410023319,-0.000625530234447994,0.284234161496145
"bivt",0.001,5000,"0.1",TRUE,0.00199316191869931,-0.000599722779935367,0.284234161496145
"bivt",0.001,5000,"0.01",TRUE,0.00220386736994109,-0.000645392455103128,0.284234161496145
"bivt",0.001,5000,"0.05",TRUE,0.000574810931233899,-0.000685717556549441,0.296953102771149
"bivt",0.001,5000,"0.1",TRUE,0.000484081777986571,-0.000669493732804765,0.296953102771149
"bivt",0.001,5000,"0.01",TRUE,0.000816360614426695,-0.000711738073797443,0.296953102771149
"bivt",0.001,5000,"0.05",TRUE,0.00348923567896139,-0.000413098424449427,0.328113419550147
"bivt",0.001,5000,"0.1",TRUE,0.00346859431460067,-0.000405930523463961,0.328113419550147
"bivt",0.001,5000,"0.01",TRUE,0.00370860796641667,-0.000429159267855732,0.328113419550147
"bivt",0.001,5000,"0.05",TRUE,0.000687170936206765,-0.000739273779151815,0.261900124033433
"bivt",0.001,5000,"0.1",TRUE,0.000618623022510838,-0.000706340574370116,0.261900124033433
"bivt",0.001,5000,"0.01",TRUE,0.000773604254829183,-0.000756917566056063,0.261900124033433
"bivt",0.001,5000,"0.05",TRUE,0.000753515658535336,-0.000808185917968953,0.239711218620664
"bivt",0.001,5000,"0.1",TRUE,0.000614126070998619,-0.000797287151222168,0.239711218620664
"bivt",0.001,5000,"0.01",TRUE,0.000988035079390059,-0.000829370895263991,0.239711218620664
"bivt",0.001,5000,"0.05",TRUE,0.00120436443965426,-0.000351535289770768,0.29152523023821
"bivt",0.001,5000,"0.1",TRUE,0.00110102418881274,-0.000307378483394409,0.29152523023821
"bivt",0.001,5000,"0.01",TRUE,0.00130695937941096,-0.000395765560120777,0.29152523023821
"bivt",0.001,5000,"0.05",TRUE,0.000854929439206458,-0.000911842531392668,0.23080665902603
"bivt",0.001,5000,"0.1",TRUE,0.000678477194396427,-0.000905720685545193,0.23080665902603
"bivt",0.001,5000,"0.01",TRUE,0.00120009230350218,-0.000920425484935078,0.23080665902603
"bivt",0.001,5000,"0.05",TRUE,0.000895649312489732,-0.000653265854665863,0.275627484284904
"bivt",0.001,5000,"0.1",TRUE,0.000773786832808683,-0.000644210409352784,0.275627484284904
"bivt",0.001,5000,"0.01",TRUE,0.00108150733650125,-0.000675882375556378,0.275627484284904
"bivt",0.001,5000,"0.05",TRUE,0.000723887838310796,-0.000714282829052087,0.221296403973547
"bivt",0.001,5000,"0.1",FALSE,0.000648849419952759,-0.000698105776798514,0.221296403973547
"bivt",0.001,5000,"0.01",TRUE,0.00087490465231857,-0.000758654793971181,0.221296403973547
"bivt",0.001,5000,"0.05",TRUE,0.000870163675404441,-0.000865265308005841,0.238441305150283
"bivt",0.001,5000,"0.1",TRUE,0.000709650326112871,-0.000854573049290362,0.238441305150283
"bivt",0.001,5000,"0.01",TRUE,0.00108507090934827,-0.000874659738370921,0.238441305150283
"bivt",0.001,5000,"0.05",TRUE,0.00064292227309373,-0.000652692461479412,0.266023667357905
"bivt",0.001,5000,"0.1",TRUE,0.000584675148374546,-0.000615392925031301,0.266023667357905
"bivt",0.001,5000,"0.01",TRUE,0.000843258296500157,-0.000685082632118129,0.266023667357905
"bivt",0.001,5000,"0.05",TRUE,0.000994661518664756,-0.000414269397745056,0.31466536243708
"bivt",0.001,5000,"0.1",TRUE,0.000881248977530068,-0.000404581956192071,0.31466536243708
"bivt",0.001,5000,"0.01",TRUE,0.00125072873415158,-0.000456579269930384,0.31466536243708
"bivt",0.001,5000,"0.05",TRUE,0.000731389301519822,-0.000591326135850239,0.289183942418145
"bivt",0.001,5000,"0.1",TRUE,0.000640023859147369,-0.000584334432648154,0.289183942418145
"bivt",0.001,5000,"0.01",TRUE,0.000936029008468455,-0.000633256853585085,0.289183942418145
"bivt",0.001,5000,"0.05",TRUE,0.000727672016305108,-0.000706810097693672,0.230892839305201
"bivt",0.001,5000,"0.1",TRUE,0.000682601677741775,-0.000697522304853676,0.230892839305201
"bivt",0.001,5000,"0.01",TRUE,0.000873683258977212,-0.000741429898593535,0.230892839305201
"bivt",0.001,5000,"0.05",TRUE,0.000460975856160313,-0.000594770499103197,0.28453110289007
"bivt",0.001,5000,"0.1",TRUE,0.000418245702726077,-0.000588816668901399,0.28453110289007
"bivt",0.001,5000,"0.01",TRUE,0.000574934711403106,-0.000627707914801607,0.28453110289007
"bivt",0.001,5000,"0.05",TRUE,0.00136417502153264,-0.000563917531681898,0.358032798523392
"bivt",0.001,5000,"0.1",TRUE,0.00131416553707515,-0.000545207749945216,0.358032798523392
"bivt",0.001,5000,"0.01",TRUE,0.00159462105168518,-0.000611374126035913,0.358032798523392
"bivt",0.001,5000,"0.05",TRUE,0.00071896152954584,-0.000680760064654918,0.273738131410692
"bivt",0.001,5000,"0.1",TRUE,0.000587864595256828,-0.000667493423551283,0.273738131410692
"bivt",0.001,5000,"0.01",TRUE,0.000881947238951869,-0.000693099379618998,0.273738131410692
"bivt",0.001,5000,"0.05",TRUE,0.00120749253484607,-0.000449181002809105,0.319952713687836
"bivt",0.001,5000,"0.1",TRUE,0.00116486213090801,-0.00044147056620695,0.319952713687836
"bivt",0.001,5000,"0.01",TRUE,0.00134435528150163,-0.000497083084105854,0.319952713687836
"bivt",0.001,5000,"0.05",TRUE,0.000657233077387164,-0.000567159349538752,0.273840043145325
"bivt",0.001,5000,"0.1",TRUE,0.000602561829588444,-0.000555420135734076,0.273840043145325
"bivt",0.001,5000,"0.01",TRUE,0.00106161253617724,-0.000615271297605572,0.273840043145325
"bivt",0.001,5000,"0.05",TRUE,0.00123220847043401,-0.000500609616812253,0.328710725490163
"bivt",0.001,5000,"0.1",TRUE,0.00117345112060679,-0.000492215572254281,0.328710725490163
"bivt",0.001,5000,"0.01",TRUE,0.00137697969064634,-0.00052893647429866,0.328710725490163
"bivt",0.001,5000,"0.05",TRUE,0.000525081015472342,-0.000591654588698746,0.311616263577929
"bivt",0.001,5000,"0.1",TRUE,0.000477488837944213,-0.000564792954967655,0.311616263577929
"bivt",0.001,5000,"0.01",TRUE,0.000655305206745318,-0.00061015559126721,0.311616263577929
"bivt",0.001,5000,"0.05",TRUE,0.00189389735831082,-0.000394170012764111,0.306419545131223
"bivt",0.001,5000,"0.1",TRUE,0.0018706776702443,-0.000351626982631912,0.306419545131223
"bivt",0.001,5000,"0.01",TRUE,0.00203541661478826,-0.000422362050874684,0.306419545131223
"bivt",0.001,5000,"0.05",TRUE,0.00101134273388427,-0.000477065984795512,0.286259413360127
"bivt",0.001,5000,"0.1",TRUE,0.00095685057113741,-0.000453176931426185,0.286259413360127
"bivt",0.001,5000,"0.01",TRUE,0.00122172113942198,-0.00053454051821353,0.286259413360127
"bivt",0.001,5000,"0.05",TRUE,0.000975383549134255,-0.000904357448643141,0.206220202659994
"bivt",0.001,5000,"0.1",TRUE,0.000807911253392065,-0.000897181323783623,0.206220202659994
"bivt",0.001,5000,"0.01",TRUE,0.0013668692452872,-0.000923912294657025,0.206220202659994
"bivt",0.001,5000,"0.05",TRUE,0.00062102635386269,-0.00074936893865477,0.25329576838949
"bivt",0.001,5000,"0.1",TRUE,0.000559260215335807,-0.000739799198343713,0.25329576838949
"bivt",0.001,5000,"0.01",TRUE,0.000770862773014416,-0.00078509506838151,0.25329576838949
"bivt",0.001,5000,"0.05",TRUE,0.00139502767322909,-0.000635705835706635,0.309565386067344
"bivt",0.001,5000,"0.1",TRUE,0.00125428502739879,-0.000616769028889406,0.309565386067344
"bivt",0.001,5000,"0.01",TRUE,0.0014221153405714,-0.000648188851526412,0.309565386067344
"bivt",0.001,5000,"0.05",TRUE,0.000651978174207085,-0.000827229889404363,0.314043886366985
"bivt",0.001,5000,"0.1",TRUE,0.000544022220724472,-0.000825460335558477,0.314043886366985
"bivt",0.001,5000,"0.01",TRUE,0.00083774783894725,-0.000834189353215426,0.314043886366985
"bivt",0.001,5000,"0.05",TRUE,0.000696574176533601,-0.000796906419682642,0.290261121529089
"bivt",0.001,5000,"0.1",TRUE,0.000662653918084274,-0.000790099471253758,0.290261121529089
"bivt",0.001,5000,"0.01",TRUE,0.000844743995494173,-0.000805241008071095,0.290261121529089
"bivt",0.001,5000,"0.05",TRUE,0.000663377368911037,-0.000820687415630698,0.269901942059763
"bivt",0.001,5000,"0.1",TRUE,0.000574711091803521,-0.000814244466218675,0.269901942059763
"bivt",0.001,5000,"0.01",TRUE,0.000791413242135303,-0.000843410811512592,0.269901942059763
"bivt",0.001,5000,"0.05",TRUE,0.000743244259421866,-0.000753316365841804,0.282626870678994
"bivt",0.001,5000,"0.1",TRUE,0.000589805918544121,-0.000741455107792725,0.282626870678994
"bivt",0.001,5000,"0.01",TRUE,0.000819174959718634,-0.000771832758012891,0.282626870678994
"bivt",0.001,5000,"0.05",TRUE,0.000958226431014122,-0.000570266063172114,0.277937720478747
"bivt",0.001,5000,"0.1",TRUE,0.000912812108210549,-0.00056182261413697,0.277937720478747
"bivt",0.001,5000,"0.01",TRUE,0.00112467059790572,-0.000592329591764286,0.277937720478747
"bivt",0.001,5000,"0.05",TRUE,0.00178804210589593,-0.000564374621635775,0.277551968834328
"bivt",0.001,5000,"0.1",TRUE,0.00165341927446353,-0.000546678860312467,0.277551968834328
"bivt",0.001,5000,"0.01",TRUE,0.00195799958976063,-0.000588862630785536,0.277551968834328
"bivt",0.001,5000,"0.05",TRUE,0.000743324114905273,-0.000851107928276166,0.239161194225985
"bivt",0.001,5000,"0.1",TRUE,0.000644291087000479,-0.000841730662639693,0.239161194225985
"bivt",0.001,5000,"0.01",TRUE,0.000918338421446202,-0.00085663177125068,0.239161194225985
"bivt",0.001,5000,"0.05",TRUE,0.000783763822989044,-0.000605328674546215,0.294101113485427
"bivt",0.001,5000,"0.1",TRUE,0.000711213874146815,-0.000583740385017567,0.294101113485427
"bivt",0.001,5000,"0.01",TRUE,0.000894138611870299,-0.000624660038702451,0.294101113485427
"bivt",0.001,5000,"0.05",TRUE,0.000903631717026831,-0.000849326634229029,0.2238259837876
"bivt",0.001,5000,"0.1",TRUE,0.000797396209989582,-0.00084439119078951,0.2238259837876
"bivt",0.001,5000,"0.01",TRUE,0.00110429898690998,-0.000863719883020728,0.2238259837876
"bivt",0.001,5000,"0.05",TRUE,0.000604908682684918,-0.000771381235942602,0.254730031103202
"bivt",0.001,5000,"0.1",TRUE,0.000527438565258797,-0.000759388266876713,0.254730031103202
"bivt",0.001,5000,"0.01",TRUE,0.000777108913465559,-0.000797459688889499,0.254730031103202
"bivt",0.001,5000,"0.05",TRUE,0.000659011389644075,-0.000792452730487512,0.280660601854072
"bivt",0.001,5000,"0.1",TRUE,0.000569380358507639,-0.000781998581226483,0.280660601854072
"bivt",0.001,5000,"0.01",TRUE,0.000860900363982116,-0.000805888542815321,0.280660601854072
"bivt",0.001,5000,"0.05",TRUE,0.00125788825986479,-0.000561341384393197,0.313247168434081
"bivt",0.001,5000,"0.1",TRUE,0.00121500330838127,-0.000557220084540366,0.313247168434081
"bivt",0.001,5000,"0.01",TRUE,0.00151192626101189,-0.000588947307002335,0.313247168434081
"bivt",0.001,5000,"0.05",TRUE,0.00092228936838863,-0.000494162453826893,0.27203753274369
"bivt",0.001,5000,"0.1",TRUE,0.000814322941256854,-0.000476187472100616,0.27203753274369
"bivt",0.001,5000,"0.01",TRUE,0.00104460613438727,-0.000539612098007613,0.27203753274369
"bivt",0.001,5000,"0.05",TRUE,0.000943819211937544,-0.000486482913735936,0.277507546294704
"bivt",0.001,5000,"0.1",TRUE,0.000877534684747844,-0.000469601274438176,0.277507546294704
"bivt",0.001,5000,"0.01",TRUE,0.00112214320691828,-0.000542046694308212,0.277507546294704
"bivt",0.001,5000,"0.05",TRUE,0.000922903363741434,-0.000560739672057599,0.256441929169436
"bivt",0.001,5000,"0.1",TRUE,0.000908703166149795,-0.000540378359815407,0.256441929169436
"bivt",0.001,5000,"0.01",TRUE,0.00118253957744856,-0.00058205520450721,0.256441929169436
"bivt",0.001,5000,"0.05",TRUE,0.000500545203684573,-0.000601894325969312,0.295729187899481
"bivt",0.001,5000,"0.1",TRUE,0.000424886714942268,-0.000595574664114531,0.295729187899481
"bivt",0.001,5000,"0.01",TRUE,0.000725051863501872,-0.000628288556959865,0.295729187899481
"bivt",0.001,5000,"0.05",TRUE,0.000567202138065662,-0.00070901834030159,0.280652202995559
"bivt",0.001,5000,"0.1",TRUE,0.000510114095569691,-0.000669857123343612,0.280652202995559
"bivt",0.001,5000,"0.01",TRUE,0.000698009890789092,-0.000715719833934909,0.280652202995559
"bivt",0.001,5000,"0.05",TRUE,0.000576491670895074,-0.000752896929191151,0.273366834242332
"bivt",0.001,5000,"0.1",TRUE,0.000486472874667059,-0.000720138769987267,0.273366834242332
"bivt",0.001,5000,"0.01",TRUE,0.000724038893354794,-0.000783076741469724,0.273366834242332
"bivt",0.001,5000,"0.05",TRUE,0.000575312018776687,-0.000760532893218022,0.262817046697925
"bivt",0.001,5000,"0.1",TRUE,0.000538192709929062,-0.000749325201093892,0.262817046697925
"bivt",0.001,5000,"0.01",TRUE,0.000769375788877376,-0.000782738663674978,0.262817046697925
"bivt",0.001,5000,"0.05",TRUE,0.000730760145952413,-0.000862646074488939,0.243966776605964
"bivt",0.001,5000,"0.1",TRUE,0.000605491983100331,-0.000856577372125819,0.243966776605964
"bivt",0.001,5000,"0.01",TRUE,0.00101507839285256,-0.000885515725402458,0.243966776605964
"bivt",0.001,5000,"0.05",TRUE,0.00142388099982443,-0.000337392121496905,0.347942784998017
"bivt",0.001,5000,"0.1",TRUE,0.00137732803141503,-0.000310657188793344,0.347942784998017
"bivt",0.001,5000,"0.01",TRUE,0.0016141420932022,-0.000358679035436573,0.347942784998017
"bivt",0.001,5000,"0.05",TRUE,0.00115496579623453,-0.0004899715418025,0.266536313886032
"bivt",0.001,5000,"0.1",TRUE,0.00106996886345336,-0.000437722466658883,0.266536313886032
"bivt",0.001,5000,"0.01",TRUE,0.00129299665977335,-0.000551244247764511,0.266536313886032
"bivt",0.001,5000,"0.05",TRUE,0.000723452826203564,-0.00085988972078263,0.253787448382214
"bivt",0.001,5000,"0.1",TRUE,0.000661257164106294,-0.000852587940532611,0.253787448382214
"bivt",0.001,5000,"0.01",TRUE,0.000936001379644453,-0.0008674666533966,0.253787448382214
"bivt",0.001,5000,"0.05",TRUE,0.000684894278009079,-0.000583839987789614,0.249348164230687
"bivt",0.001,5000,"0.1",TRUE,0.000622903432925951,-0.000564429547000849,0.249348164230687
"bivt",0.001,5000,"0.01",TRUE,0.00078549796745685,-0.000631183184749877,0.249348164230687
"bivt",0.001,5000,"0.05",TRUE,0.000854102971394631,-0.00080291067218963,0.235957745838119
"bivt",0.001,5000,"0.1",TRUE,0.000789019676481702,-0.000795781735864454,0.235957745838119
"bivt",0.001,5000,"0.01",TRUE,0.00117557129470582,-0.000819139025926406,0.235957745838119
"bivt",0.001,5000,"0.05",TRUE,0.0020708773372494,-0.000305289812900521,0.313503519000856
"bivt",0.001,5000,"0.1",TRUE,0.00203710729552423,-0.000275804412049717,0.313503519000856
"bivt",0.001,5000,"0.01",TRUE,0.00235613142361411,-0.000351903772565562,0.313503519000856
"bivt",0.001,5000,"0.05",TRUE,0.00081985751272973,-0.000660022631458532,0.253036245722141
"bivt",0.001,5000,"0.1",TRUE,0.000757661441260288,-0.00064568486788079,0.253036245722141
"bivt",0.001,5000,"0.01",TRUE,0.00110210093455443,-0.000695116732682603,0.253036245722141
"bivt",0.001,5000,"0.05",TRUE,0.000988898547706139,-0.00059473989777513,0.283839679541969
"bivt",0.001,5000,"0.1",TRUE,0.000955428138362214,-0.000582686424775756,0.283839679541969
"bivt",0.001,5000,"0.01",TRUE,0.00107022974633063,-0.000629064250634447,0.283839679541969
"bivt",0.001,5000,"0.05",TRUE,0.000874035936525791,-0.000592497824051361,0.269908091192166
"bivt",0.001,5000,"0.1",TRUE,0.00086050985623612,-0.000581614736284156,0.269908091192166
"bivt",0.001,5000,"0.01",TRUE,0.00099657358754807,-0.000627819884751994,0.269908091192166
"bivt",0.001,5000,"0.05",TRUE,0.000607282462829519,-0.000762756196610165,0.286830640947766
"bivt",0.001,5000,"0.1",TRUE,0.000534584250404388,-0.0007445635439001,0.286830640947766
"bivt",0.001,5000,"0.01",TRUE,0.000766395256281231,-0.000781135162272996,0.286830640947766
"bivt",0.001,5000,"0.05",TRUE,0.000634278860866006,-0.000718365619678014,0.25257473438503
"bivt",0.001,5000,"0.1",TRUE,0.000583933991840666,-0.000686744237597913,0.25257473438503
"bivt",0.001,5000,"0.01",TRUE,0.000737016099837858,-0.000731725859702809,0.25257473438503
"bivt",0.001,5000,"0.05",TRUE,0.000787093011322669,-0.000761162752568106,0.266952296821779
"bivt",0.001,5000,"0.1",TRUE,0.000599088702402114,-0.000747318458634237,0.266952296821779
"bivt",0.001,5000,"0.01",TRUE,0.000995163721892862,-0.000785694219351897,0.266952296821779
"bivt",0.001,5000,"0.05",TRUE,0.000833968426063464,-0.000834202631072196,0.240564871971583
"bivt",0.001,5000,"0.1",TRUE,0.000728321227123354,-0.000824591325003832,0.240564871971583
"bivt",0.001,5000,"0.01",TRUE,0.00116829324215517,-0.000844449793496936,0.240564871971583
"bivt",0.001,5000,"0.05",TRUE,0.000602362559980045,-0.00068050561445757,0.263225863094377
"bivt",0.001,5000,"0.1",TRUE,0.000542501203160954,-0.000666005020578253,0.263225863094377
"bivt",0.001,5000,"0.01",TRUE,0.000887965646604239,-0.000703097121822535,0.263225863094377
"bivt",0.001,5000,"0.05",TRUE,0.00057494368787334,-0.0005918196626209,0.264255067191612
"bivt",0.001,5000,"0.1",TRUE,0.000527070624305919,-0.000574984782844461,0.264255067191612
"bivt",0.001,5000,"0.01",TRUE,0.000727778629777865,-0.00063932428158204,0.264255067191612
"bivt",0.001,5000,"0.05",TRUE,0.000688846148985199,-0.000750658433782107,0.278605071264974
"bivt",0.001,5000,"0.1",TRUE,0.000555170143035261,-0.000738307182320899,0.278605071264974
"bivt",0.001,5000,"0.01",TRUE,0.000806072330318769,-0.00077300733637388,0.278605071264974
"bivt",0.001,5000,"0.05",TRUE,0.00204433718330443,-0.000416135800501621,0.277582447762077
"bivt",0.001,5000,"0.1",TRUE,0.00192707106956164,-0.000391446576284151,0.277582447762077
"bivt",0.001,5000,"0.01",TRUE,0.00234329412045189,-0.000443899954568408,0.277582447762077
"bivt",0.001,5000,"0.05",TRUE,0.000646583642250913,-0.000672815023935898,0.251539792430876
"bivt",0.001,5000,"0.1",TRUE,0.000572596485747115,-0.000659193059093658,0.251539792430876
"bivt",0.001,5000,"0.01",TRUE,0.000824574697277478,-0.000701787961346074,0.251539792430876
"bivt",0.001,5000,"0.05",TRUE,0.000827477652045368,-0.000655091274111738,0.290084163933801
"bivt",0.001,5000,"0.1",TRUE,0.00078676573974784,-0.000641594440266322,0.290084163933801
"bivt",0.001,5000,"0.01",TRUE,0.000919428442421205,-0.000678490127567761,0.290084163933801
"bivt",0.001,5000,"0.05",TRUE,0.0016344680581571,-0.000364298107417306,0.274593784193763
"bivt",0.001,5000,"0.1",TRUE,0.00152854994124662,-0.00034792518232894,0.274593784193763
"bivt",0.001,5000,"0.01",TRUE,0.00179093649243907,-0.000394830937364199,0.274593784193763
"bivt",0.001,5000,"0.05",TRUE,0.000928571086678862,-0.000829453584118317,0.236073731005059
"bivt",0.001,5000,"0.1",TRUE,0.000891486684392148,-0.000825027403191672,0.236073731005059
"bivt",0.001,5000,"0.01",TRUE,0.00113864754785182,-0.000839199994934445,0.236073731005059
"bivt",0.001,5000,"0.05",TRUE,0.000699127089177691,-0.000765090403917509,0.256325410600839
"bivt",0.001,5000,"0.1",TRUE,0.00061868486597039,-0.000760142586490385,0.256325410600839
"bivt",0.001,5000,"0.01",TRUE,0.000815070477166866,-0.000777168387148225,0.256325410600839
"bivt",0.001,5000,"0.05",TRUE,0.00072746807607467,-0.00067719501808255,0.315311151618243
"bivt",0.001,5000,"0.1",TRUE,0.000650543390606604,-0.000642092553600454,0.315311151618243
"bivt",0.001,5000,"0.01",TRUE,0.000865563884382842,-0.000703014400458693,0.315311151618243
"bivt",0.001,5000,"0.05",TRUE,0.00070821052033748,-0.000796751953200863,0.217431209922246
"bivt",0.001,5000,"0.1",TRUE,0.000621819666673305,-0.000788027396774632,0.217431209922246
"bivt",0.001,5000,"0.01",TRUE,0.000812611954193487,-0.000814693555701472,0.217431209922246
"bivt",0.001,5000,"0.05",TRUE,0.000923750849979107,-0.000570861089157825,0.292921691946991
"bivt",0.001,5000,"0.1",TRUE,0.000803796138028225,-0.000556338911566298,0.292921691946991
"bivt",0.001,5000,"0.01",TRUE,0.00112906396099036,-0.000607906310853743,0.292921691946991
"bivt",0.001,5000,"0.05",TRUE,0.00164363074828374,-0.000513193199996769,0.278227017935761
"bivt",0.001,5000,"0.1",TRUE,0.00156157685775297,-0.000495578140040892,0.278227017935761
"bivt",0.001,5000,"0.01",TRUE,0.00185009164952283,-0.000532069101131218,0.278227017935761
"bivt",0.001,5000,"0.05",TRUE,0.000817129129987309,-0.000472097290293806,0.300734202299247
"bivt",0.001,5000,"0.1",TRUE,0.000753216563302288,-0.000464564223012825,0.300734202299247
"bivt",0.001,5000,"0.01",TRUE,0.00106538384237641,-0.000494420321495004,0.300734202299247
"bivt",0.001,5000,"0.05",TRUE,0.000662328378825676,-0.000527601780299165,0.278537172435904
"bivt",0.001,5000,"0.1",TRUE,0.000615877642280069,-0.000509926526163284,0.278537172435904
"bivt",0.001,5000,"0.01",TRUE,0.000755898797931355,-0.000549833298879938,0.278537172435904
"bivt",0.001,5000,"0.05",TRUE,0.000746507723806389,-0.000757138619020493,0.246866902411964
"bivt",0.001,5000,"0.1",TRUE,0.00073200992196964,-0.000752263174989437,0.246866902411964
"bivt",0.001,5000,"0.01",TRUE,0.000935521958067988,-0.000773950878251078,0.246866902411964
"bivt",0.001,5000,"0.05",TRUE,0.000696209567709426,-0.000797370058192507,0.232634007195987
"bivt",0.001,5000,"0.1",TRUE,0.000608383795886029,-0.000788419873929297,0.232634007195987
"bivt",0.001,5000,"0.01",TRUE,0.000941100936737685,-0.000820648766858094,0.232634007195987
"bivt",0.001,5000,"0.05",TRUE,0.0011747658475708,-0.000447952533031629,0.29204643125572
"bivt",0.001,5000,"0.1",TRUE,0.00112484923487279,-0.000416842897143479,0.29204643125572
"bivt",0.001,5000,"0.01",TRUE,0.00132918672203841,-0.000475178195573769,0.29204643125572
"bivt",0.001,5000,"0.05",TRUE,0.000783351258517662,-0.000889248903852625,0.211794946415133
"bivt",0.001,5000,"0.1",TRUE,0.000662322298434821,-0.000886602080382288,0.211794946415133
"bivt",0.001,5000,"0.01",TRUE,0.00105685005366022,-0.000899637544874994,0.211794946415133
"bivt",0.001,5000,"0.05",TRUE,0.00132376334219841,-0.000256109277365302,0.348421834048965
"bivt",0.001,5000,"0.1",TRUE,0.0012844341411145,-0.000232328582132571,0.348421834048965
"bivt",0.001,5000,"0.01",TRUE,0.00147866772149885,-0.000297418389162206,0.348421834048965
"bivt",0.001,5000,"0.05",TRUE,0.000598934390920079,-0.00080050031667634,0.284863839017472
"bivt",0.001,5000,"0.1",TRUE,0.000574209798002449,-0.000795560612923359,0.284863839017472
"bivt",0.001,5000,"0.01",TRUE,0.000767239107028171,-0.000811871323594905,0.284863839017472
"bivt",0.001,5000,"0.05",TRUE,0.00252765567371146,-0.000359841950089193,0.336620204096044
"bivt",0.001,5000,"0.1",TRUE,0.00240650707641281,-0.000336579670030225,0.336620204096044
"bivt",0.001,5000,"0.01",TRUE,0.00276648150828934,-0.000391504223508384,0.336620204096044
"bivt",0.001,5000,"0.05",TRUE,0.000890057370328007,-0.000934544971561149,0.216240703451385
"bivt",0.001,5000,"0.1",TRUE,0.000748903269340597,-0.000926597739525121,0.216240703451385
"bivt",0.001,5000,"0.01",TRUE,0.00113871329876495,-0.000938865230987142,0.216240703451385
"bivt",0.001,5000,"0.05",TRUE,0.000854281517275706,-0.000897429268446048,0.244605253491236
"bivt",0.001,5000,"0.1",TRUE,0.000730278697799913,-0.000896009762708557,0.244605253491236
"bivt",0.001,5000,"0.01",TRUE,0.00110391349275081,-0.000904939218992741,0.244605253491236
"bivt",0.001,5000,"0.05",TRUE,0.000697807054096595,-0.000839989535093335,0.237478051909401
"bivt",0.001,5000,"0.1",TRUE,0.000620366211130603,-0.000828153348092636,0.237478051909401
"bivt",0.001,5000,"0.01",TRUE,0.000874452874464847,-0.000848681410783508,0.237478051909401
"bivt",0.001,5000,"0.05",TRUE,0.00105194047416955,-0.000652779029943876,0.295999132965482
"bivt",0.001,5000,"0.1",TRUE,0.000998760931315717,-0.00063532620817784,0.295999132965482
"bivt",0.001,5000,"0.01",TRUE,0.00116753075279523,-0.000703089114242136,0.295999132965482
"bivt",0.001,5000,"0.05",TRUE,0.000650374830723375,-0.000623828556747871,0.310951729572652
"bivt",0.001,5000,"0.1",TRUE,0.000591173995225323,-0.000601683591483339,0.310951729572652
"bivt",0.001,5000,"0.01",TRUE,0.000818405797009764,-0.000646278522271092,0.310951729572652
"bivt",0.001,5000,"0.05",TRUE,0.000620349676569607,-0.000794151252866323,0.261669822137979
"bivt",0.001,5000,"0.1",TRUE,0.000536685052991374,-0.000790083863900784,0.261669822137979
"bivt",0.001,5000,"0.01",TRUE,0.000817009299511331,-0.000809739936704718,0.261669822137979
"bivt",0.001,5000,"0.05",TRUE,0.000638972571998606,-0.000756062235486838,0.257227200550872
"bivt",0.001,5000,"0.1",TRUE,0.000568355662064239,-0.000744187344302624,0.257227200550872
"bivt",0.001,5000,"0.01",TRUE,0.000867439505010289,-0.000777108094598435,0.257227200550872
"bivt",0.001,5000,"0.05",TRUE,0.00145518239720668,-0.00063458746082217,0.331089702760822
"bivt",0.001,5000,"0.1",TRUE,0.00144468540221369,-0.000625751484451139,0.331089702760822
"bivt",0.001,5000,"0.01",TRUE,0.00154116397214635,-0.000657558569067682,0.331089702760822
"bivt",0.001,5000,"0.05",TRUE,0.00289144207048129,-0.000269480536719846,0.342260841068211
"bivt",0.001,5000,"0.1",TRUE,0.00274783733258322,-0.000247582351166741,0.342260841068211
"bivt",0.001,5000,"0.01",TRUE,0.00304036765103142,-0.000318595678009768,0.342260841068211
"bivt",0.001,5000,"0.05",TRUE,0.0027043489409785,-0.000308361206700181,0.329296505024938
"bivt",0.001,5000,"0.1",TRUE,0.00267114647680127,-0.000286800618061409,0.329296505024938
"bivt",0.001,5000,"0.01",TRUE,0.00285692980737111,-0.000358532442549468,0.329296505024938
"bivt",0.001,5000,"0.05",TRUE,0.000570636006377195,-0.000783922432241754,0.280493535111093
"bivt",0.001,5000,"0.1",TRUE,0.000530693840422289,-0.000776050467836931,0.280493535111093
"bivt",0.001,5000,"0.01",TRUE,0.000738960853238312,-0.000792734994197853,0.280493535111093
"bivt",0.001,5000,"0.05",TRUE,0.00159610076853915,-0.000391995355262122,0.305020866030469
"bivt",0.001,5000,"0.1",TRUE,0.001487395351884,-0.000369037138511923,0.305020866030469
"bivt",0.001,5000,"0.01",TRUE,0.00169914561778175,-0.000436004518749764,0.305020866030469
"bivt",0.001,5000,"0.05",TRUE,0.00056113943469983,-0.000656577966044402,0.283300137230103
"bivt",0.001,5000,"0.1",TRUE,0.000463445730642193,-0.000645435086897049,0.283300137230103
"bivt",0.001,5000,"0.01",TRUE,0.000680098542588246,-0.000687817791611094,0.283300137230103
"bivt",0.001,5000,"0.05",TRUE,0.000820724723073994,-0.000851761488870376,0.214424157991747
"bivt",0.001,5000,"0.1",TRUE,0.000734358963155092,-0.000847818744399579,0.214424157991747
"bivt",0.001,5000,"0.01",TRUE,0.00109791785672286,-0.00087318299050607,0.214424157991747
"bivt",0.001,5000,"0.05",TRUE,0.000971175930693963,-0.000735396394263018,0.255756499317405
"bivt",0.001,5000,"0.1",TRUE,0.000921675574328315,-0.000719225396449337,0.255756499317405
"bivt",0.001,5000,"0.01",TRUE,0.00112913906616467,-0.000767181940075554,0.255756499317405
"bivt",0.001,5000,"0.05",TRUE,0.000710669569383825,-0.000871835425177071,0.272012166806987
"bivt",0.001,5000,"0.1",TRUE,0.000589375652529721,-0.000858948043748743,0.272012166806987
"bivt",0.001,5000,"0.01",TRUE,0.000941972135062305,-0.000880450961421962,0.272012166806987
"bivt",0.001,5000,"0.05",TRUE,0.000559828198213641,-0.000721638458182986,0.277702217781167
"bivt",0.001,5000,"0.1",TRUE,0.000511610774651506,-0.000698366451054414,0.277702217781167
"bivt",0.001,5000,"0.01",TRUE,0.0007956835088515,-0.000741812863166336,0.277702217781167
"bivt",0.001,5000,"0.05",TRUE,0.0014323139043555,-0.000488570297331262,0.290315129903526
"bivt",0.001,5000,"0.1",TRUE,0.00141212950042398,-0.000479479409818211,0.290315129903526
"bivt",0.001,5000,"0.01",TRUE,0.0015912777179154,-0.000533805920733335,0.290315129903526
"bivt",0.001,5000,"0.05",TRUE,0.000714531488931519,-0.000785725202969553,0.261309015263396
"bivt",0.001,5000,"0.1",TRUE,0.000643896960659867,-0.000781038317030209,0.261309015263396
"bivt",0.001,5000,"0.01",TRUE,0.000981201246605259,-0.000797304659347494,0.261309015263396
"bivt",0.001,5000,"0.05",TRUE,0.000739005182326219,-0.000742174757926272,0.253337085616798
"bivt",0.001,5000,"0.1",TRUE,0.000576248786170452,-0.000718601454657624,0.253337085616798
"bivt",0.001,5000,"0.01",TRUE,0.000867643334757747,-0.000774906667838188,0.253337085616798
"bivt",0.001,5000,"0.05",TRUE,0.00257513316019922,-0.000378096570586491,0.311589443176178
"bivt",0.001,5000,"0.1",TRUE,0.0024362928172603,-0.000371062488754407,0.311589443176178
"bivt",0.001,5000,"0.01",TRUE,0.00280713875521936,-0.000400848192368526,0.311589443176178
"bivt",0.001,5000,"0.05",TRUE,0.000843785781409898,-0.000798657240735004,0.274753672648875
"bivt",0.001,5000,"0.1",TRUE,0.000726191812279781,-0.000792306140242213,0.274753672648875
"bivt",0.001,5000,"0.01",TRUE,0.00102562258726036,-0.000820718472042253,0.274753672648875
"bivt",0.001,5000,"0.05",TRUE,0.000897134744937232,-0.000591267338633505,0.305633412425134
"bivt",0.001,5000,"0.1",TRUE,0.000824035594301495,-0.000578372840335126,0.305633412425134
"bivt",0.001,5000,"0.01",TRUE,0.0010327636223181,-0.000616179291136634,0.305633412425134
"bivt",0.001,5000,"0.05",TRUE,0.00115971640621233,-0.000465639922183452,0.288222972033595
"bivt",0.001,5000,"0.1",TRUE,0.00107227577809089,-0.000445569987847047,0.288222972033595
"bivt",0.001,5000,"0.01",TRUE,0.00142042798304147,-0.000516909052503065,0.288222972033595
"bivt",0.001,5000,"0.05",TRUE,0.000870066049660824,-0.000718528064036625,0.261414646908015
"bivt",0.001,5000,"0.1",TRUE,0.000789503602476445,-0.000701021895583246,0.261414646908015
"bivt",0.001,5000,"0.01",TRUE,0.00100383908792555,-0.000735738298364536,0.261414646908015
"bivt",0.001,5000,"0.05",TRUE,0.000776816885858552,-0.000837074988888826,0.26534518174438
"bivt",0.001,5000,"0.1",TRUE,0.000654262490666153,-0.000830851160410524,0.26534518174438
"bivt",0.001,5000,"0.01",TRUE,0.000874921616282845,-0.000853292420943463,0.26534518174438
"bivt",0.001,5000,"0.05",TRUE,0.000682734215186461,-0.000768534111164435,0.260103905974331
"bivt",0.001,5000,"0.1",TRUE,0.000570626586863425,-0.000756390535710693,0.260103905974331
"bivt",0.001,5000,"0.01",TRUE,0.000830952921820406,-0.00080318560386131,0.260103905974331
"bivt",0.001,5000,"0.05",TRUE,0.000679647767977677,-0.000811513304054743,0.290184771478195
"bivt",0.001,5000,"0.1",TRUE,0.000609151042194288,-0.000800431514923831,0.290184771478195
"bivt",0.001,5000,"0.01",TRUE,0.000843377103271478,-0.000829796309869169,0.290184771478195
"bivt",0.001,5000,"0.05",TRUE,0.00071061934822658,-0.000718489937563208,0.266373834705073
"bivt",0.001,5000,"0.1",TRUE,0.000630503952555439,-0.000674591719839598,0.266373834705073
"bivt",0.001,5000,"0.01",TRUE,0.000798788359542117,-0.000733771607188485,0.266373834705073
"bivt",0.001,5000,"0.05",TRUE,0.00062762555364491,-0.000833746872537702,0.242269590046092
"bivt",0.001,5000,"0.1",TRUE,0.000562630225212318,-0.000824442278343522,0.242269590046092
"bivt",0.001,5000,"0.01",TRUE,0.000882496223101565,-0.000846407749495475,0.242269590046092
"bivt",0.001,5000,"0.05",TRUE,0.000538043425496831,-0.000707998915195908,0.256456998331268
"bivt",0.001,5000,"0.1",TRUE,0.000479580680922726,-0.000689866682350897,0.256456998331268
"bivt",0.001,5000,"0.01",TRUE,0.000648992314787605,-0.000730255071731324,0.256456998331268
"bivt",0.001,5000,"0.05",TRUE,0.000535425434611766,-0.000797814877529471,0.257719863513425
"bivt",0.001,5000,"0.1",TRUE,0.000463996748236214,-0.000789036954442629,0.257719863513425
"bivt",0.001,5000,"0.01",TRUE,0.0006322613658889,-0.00081568846899238,0.257719863513425
"bivt",0.001,5000,"0.05",TRUE,0.00123398160790102,-0.000684028936487997,0.263714557391933
"bivt",0.001,5000,"0.1",TRUE,0.00120455689344041,-0.000663275413893414,0.263714557391933
"bivt",0.001,5000,"0.01",TRUE,0.00137423988390062,-0.00071657394763828,0.263714557391933
"bivt",0.001,5000,"0.05",TRUE,0.000682300259308772,-0.000777469384125986,0.245718277672892
"bivt",0.001,5000,"0.1",TRUE,0.000561305072278984,-0.000762916143001422,0.245718277672892
"bivt",0.001,5000,"0.01",TRUE,0.0009050080686792,-0.00078920246281261,0.245718277672892
"bivt",0.001,5000,"0.05",TRUE,0.000496136264236318,-0.000741923625610098,0.256065808300054
"bivt",0.001,5000,"0.1",TRUE,0.000456038138662,-0.000718547062615044,0.256065808300054
"bivt",0.001,5000,"0.01",TRUE,0.000683367711016942,-0.000750220655128718,0.256065808300054
"bivt",0.001,5000,"0.05",TRUE,0.000624764262169142,-0.000728792120775978,0.285504625640093
"bivt",0.001,5000,"0.1",TRUE,0.000552423481658889,-0.000719851482160764,0.285504625640093
"bivt",0.001,5000,"0.01",TRUE,0.000786108421968336,-0.000737192886512808,0.285504625640093
"bivt",0.001,5000,"0.05",TRUE,0.00133265234831513,-0.000628132008478321,0.275915468900687
"bivt",0.001,5000,"0.1",TRUE,0.00124450094029758,-0.000622847443900333,0.275915468900687
"bivt",0.001,5000,"0.01",TRUE,0.00153470337605266,-0.000653851785811336,0.275915468900687
"bivt",0.001,5000,"0.05",TRUE,0.0013644033181068,-0.000559380016699069,0.293429952387301
"bivt",0.001,5000,"0.1",TRUE,0.00130536825237782,-0.000548183423942589,0.293429952387301
"bivt",0.001,5000,"0.01",TRUE,0.00159756618953732,-0.00057750217967646,0.293429952387301
"bivt",0.001,5000,"0.05",TRUE,0.00186990599266516,-0.000342985769836505,0.338968120044823
"bivt",0.001,5000,"0.1",TRUE,0.00184771996259429,-0.000305456261702381,0.338968120044823
"bivt",0.001,5000,"0.01",TRUE,0.00200153380324216,-0.000387117989967372,0.338968120044823
"bivt",0.001,5000,"0.05",TRUE,0.00150809089861354,-0.000571320792033119,0.275832909360382
"bivt",0.001,5000,"0.1",TRUE,0.0014419465768614,-0.000555262040718824,0.275832909360382
"bivt",0.001,5000,"0.01",TRUE,0.00170085206894857,-0.000582256399694115,0.275832909360382
"bivt",0.001,5000,"0.05",TRUE,0.000580258699254497,-0.000691230223405954,0.269284815703195
"bivt",0.001,5000,"0.1",TRUE,0.000486226311218144,-0.000672801204049965,0.269284815703195
"bivt",0.001,5000,"0.01",TRUE,0.000751630904294988,-0.000718643336923999,0.269284815703195
"bivt",0.001,5000,"0.05",TRUE,0.000562865241728786,-0.000826333217049276,0.264077010832102
"bivt",0.001,5000,"0.1",TRUE,0.000515484101025817,-0.000816599310738281,0.264077010832102
"bivt",0.001,5000,"0.01",TRUE,0.000678227953774764,-0.000834578411035335,0.264077010832102
"bivt",0.001,5000,"0.05",TRUE,0.000569034217526476,-0.000661604103935361,0.276653333750147
"bivt",0.001,5000,"0.1",TRUE,0.000515549790048621,-0.000647735593676963,0.276653333750147
"bivt",0.001,5000,"0.01",TRUE,0.000692000854517532,-0.000682284743671406,0.276653333750147
"bivt",0.001,5000,"0.05",TRUE,0.0011295636800195,-0.000713956268699886,0.319263759978412
"bivt",0.001,5000,"0.1",TRUE,0.00109135607815821,-0.000709170642978425,0.319263759978412
"bivt",0.001,5000,"0.01",TRUE,0.00126601756697142,-0.000735920745459099,0.319263759978412
"bivt",0.001,5000,"0.05",TRUE,0.000628690352585317,-0.000634043308718254,0.277209418425749
"bivt",0.001,5000,"0.1",TRUE,0.000578951693974161,-0.000616634483246638,0.277209418425749
"bivt",0.001,5000,"0.01",TRUE,0.000735457807471646,-0.00066754822042543,0.277209418425749
"bivt",0.001,5000,"0.05",TRUE,0.00096325751672593,-0.000498728746992352,0.259490613121055
"bivt",0.001,5000,"0.1",TRUE,0.000881686458710048,-0.000484747617985575,0.259490613121055
"bivt",0.001,5000,"0.01",TRUE,0.00109696123415168,-0.000524198221226835,0.259490613121055
"bivt",0.001,5000,"0.05",TRUE,0.000599294643243499,-0.000712831182487617,0.252098963444671
"bivt",0.001,5000,"0.1",TRUE,0.000492045684051941,-0.00068168326808659,0.252098963444671
"bivt",0.001,5000,"0.01",TRUE,0.000798911821467595,-0.000750487592666875,0.252098963444671
"bivt",0.001,5000,"0.05",TRUE,0.000864078621467241,-0.000772616262699668,0.259487408796956
"bivt",0.001,5000,"0.1",TRUE,0.000688163963262485,-0.000761272118632831,0.259487408796956
"bivt",0.001,5000,"0.01",TRUE,0.00113640333148476,-0.000800074036108035,0.259487408796956
"bivt",0.001,5000,"0.05",TRUE,0.000743014546066914,-0.00056547073043804,0.292231723882937
"bivt",0.001,5000,"0.1",TRUE,0.000645153067930213,-0.000558125506064761,0.292231723882937
"bivt",0.001,5000,"0.01",TRUE,0.000803638559789037,-0.000612736071184593,0.292231723882937
"bivt",0.001,5000,"0.05",TRUE,0.00223759199839244,-0.000273183757178092,0.321405439800725
"bivt",0.001,5000,"0.1",TRUE,0.00213259044769117,-0.000253952489316977,0.321405439800725
"bivt",0.001,5000,"0.01",TRUE,0.00236064160104413,-0.000304470419429462,0.321405439800725
"bivt",0.001,5000,"0.05",TRUE,0.00169920599879481,-0.000712084032238945,0.264070950682936
"bivt",0.001,5000,"0.1",TRUE,0.00166832361554046,-0.000694805918569541,0.264070950682936
"bivt",0.001,5000,"0.01",TRUE,0.00195505346488956,-0.000726222476368101,0.264070950682936
"bivt",0.001,5000,"0.05",TRUE,0.000718662961024431,-0.000853995407791374,0.242378715536593
"bivt",0.001,5000,"0.1",TRUE,0.000600206644977855,-0.000851058534452571,0.242378715536593
"bivt",0.001,5000,"0.01",TRUE,0.00082177959642531,-0.000854995788992987,0.242378715536593
"bivt",0.001,5000,"0.05",TRUE,0.000899326986227854,-0.000551075765234955,0.280080999164636
"bivt",0.001,5000,"0.1",TRUE,0.000867769777119729,-0.000545052787293546,0.280080999164636
"bivt",0.001,5000,"0.01",TRUE,0.00107017456331514,-0.000605323255421201,0.280080999164636
"bivt",0.001,5000,"0.05",TRUE,0.00210714634859117,-0.000478564865775139,0.276999706571972
"bivt",0.001,5000,"0.1",TRUE,0.0020458665467517,-0.000456472932435694,0.276999706571972
"bivt",0.001,5000,"0.01",TRUE,0.00221271751062923,-0.00050489332630987,0.276999706571972
"bivt",0.001,5000,"0.05",TRUE,0.000728486358217078,-0.000567113081337074,0.278715697016249
"bivt",0.001,5000,"0.1",TRUE,0.000639900062142168,-0.000561593923045769,0.278715697016249
"bivt",0.001,5000,"0.01",TRUE,0.000874055527345646,-0.000598373520347851,0.278715697016249
"bivt",0.001,5000,"0.05",TRUE,0.000926474084129458,-0.000860488361808677,0.248996207711833
"bivt",0.001,5000,"0.1",TRUE,0.00085733117089236,-0.000856730188820621,0.248996207711833
"bivt",0.001,5000,"0.01",TRUE,0.00118030509844815,-0.00086762069917076,0.248996207711833
"bivt",0.001,5000,"0.05",TRUE,0.000697150879965682,-0.00053885947892112,0.302257184654439
"bivt",0.001,5000,"0.1",TRUE,0.000596022398946132,-0.000529860061413215,0.302257184654439
"bivt",0.001,5000,"0.01",TRUE,0.000940085834080194,-0.000583853729489217,0.302257184654439
"bivt",0.001,5000,"0.05",TRUE,0.00121289187652788,-0.000732756500669763,0.294950122557794
"bivt",0.001,5000,"0.1",TRUE,0.00116809796936266,-0.00070781629828232,0.294950122557794
"bivt",0.001,5000,"0.01",TRUE,0.00128747178439307,-0.00074924559671396,0.294950122557794
"bivt",0.001,5000,"0.05",TRUE,0.00160454721189161,-0.000600311099722725,0.320315377516762
"bivt",0.001,5000,"0.1",TRUE,0.00152646710695523,-0.000582120882650222,0.320315377516762
"bivt",0.001,5000,"0.01",TRUE,0.0017632548875206,-0.000627135352367736,0.320315377516762
"bivt",0.001,5000,"0.05",TRUE,0.000690749994211846,-0.000870715691809767,0.276919779455612
"bivt",0.001,5000,"0.1",TRUE,0.000622030669189849,-0.000868507209195614,0.276919779455612
"bivt",0.001,5000,"0.01",TRUE,0.000834223099091865,-0.000885359480428802,0.276919779455612
"bivt",0.001,5000,"0.05",TRUE,0.000828819718082458,-0.000858080547603377,0.202879181777552
"bivt",0.001,5000,"0.1",TRUE,0.000671123557806295,-0.000849897134925562,0.202879181777552
"bivt",0.001,5000,"0.01",TRUE,0.00104123965521947,-0.000866013723764114,0.202879181777552
"bivt",0.001,5000,"0.05",TRUE,0.0010881604871327,-0.000621466825579305,0.281423092827759
"bivt",0.001,5000,"0.1",TRUE,0.0010034220934265,-0.000604695681810463,0.281423092827759
"bivt",0.001,5000,"0.01",TRUE,0.00127920342689904,-0.000634517118886515,0.281423092827759
"bivt",0.001,5000,"0.05",TRUE,0.000991430935547654,-0.000920801494662331,0.21041770049361
"bivt",0.001,5000,"0.1",TRUE,0.000835754463647805,-0.000915468624539444,0.21041770049361
"bivt",0.001,5000,"0.01",TRUE,0.00116481777213703,-0.000930451681773197,0.21041770049361
"bivt",0.001,5000,"0.05",TRUE,0.000739926120989611,-0.000697069095114547,0.237452652740217
"bivt",0.001,5000,"0.1",TRUE,0.000648067528046011,-0.000683977765951332,0.237452652740217
"bivt",0.001,5000,"0.01",TRUE,0.000902106913455605,-0.000721854870841131,0.237452652740217
"bivt",0.001,5000,"0.05",TRUE,0.00154638798626075,-0.00040819717575111,0.320498330514935
"bivt",0.001,5000,"0.1",TRUE,0.00148491783880791,-0.000376623955126764,0.320498330514935
"bivt",0.001,5000,"0.01",TRUE,0.00179564679019204,-0.000442227787464499,0.320498330514935
"bivt",0.001,5000,"0.05",TRUE,0.00191577789702824,-0.000505185121249407,0.319184681997554
"bivt",0.001,5000,"0.1",TRUE,0.00168587858339985,-0.000494459815171575,0.319184681997554
"bivt",0.001,5000,"0.01",TRUE,0.00203581816727411,-0.000514937710104566,0.319184681997554
"bivt",0.001,5000,"0.05",TRUE,0.000835969351821585,-0.000741524019548651,0.287378591731849
"bivt",0.001,5000,"0.1",TRUE,0.000627733935567606,-0.000730255313846429,0.287378591731849
"bivt",0.001,5000,"0.01",TRUE,0.000964123551937862,-0.000753557646669234,0.287378591731849
"bivt",0.001,5000,"0.05",TRUE,0.000500310758616348,-0.000690132633660266,0.260669383929738
"bivt",0.001,5000,"0.1",TRUE,0.000435747107623416,-0.000682311626377716,0.260669383929738
"bivt",0.001,5000,"0.01",TRUE,0.00064680457323038,-0.000727722645308531,0.260669383929738
"bivt",0.001,5000,"0.05",TRUE,0.00115046293955704,-0.000726228300619839,0.284294327377636
"bivt",0.001,5000,"0.1",TRUE,0.0011463719626774,-0.0007179618584047,0.284294327377636
"bivt",0.001,5000,"0.01",TRUE,0.00133426759652499,-0.000745662672179118,0.284294327377636
"bivt",0.001,5000,"0.05",TRUE,0.00123666291924484,-0.000710055977003372,0.276553698658735
"bivt",0.001,5000,"0.1",TRUE,0.00119851229920255,-0.000687308292843236,0.276553698658735
"bivt",0.001,5000,"0.01",TRUE,0.00128145033947816,-0.000746167203644307,0.276553698658735
"bivt",0.001,5000,"0.05",TRUE,0.000612813821318093,-0.000739584082378662,0.288032160377982
"bivt",0.001,5000,"0.1",TRUE,0.000541314117102354,-0.000729481036789591,0.288032160377982
"bivt",0.001,5000,"0.01",TRUE,0.00081247829468695,-0.000757675740313067,0.288032160377982
"bivt",0.001,5000,"0.05",TRUE,0.000579255300579457,-0.000669699030725744,0.237214932731876
"bivt",0.001,5000,"0.1",TRUE,0.000515926123175305,-0.00065220233755002,0.237214932731876
"bivt",0.001,5000,"0.01",TRUE,0.00071146920594433,-0.000709184730337579,0.237214932731876
"bivt",0.001,5000,"0.05",TRUE,0.0018525255329588,-0.000489604459456281,0.299478014071044
"bivt",0.001,5000,"0.1",TRUE,0.0018336792788553,-0.000479194843301845,0.299478014071044
"bivt",0.001,5000,"0.01",TRUE,0.00213222613057058,-0.000530492167950884,0.299478014071044
"bivt",0.001,5000,"0.05",TRUE,0.000731743579522225,-0.00082753891725961,0.23396200374817
"bivt",0.001,5000,"0.1",TRUE,0.000672438442632579,-0.000821437235249068,0.23396200374817
"bivt",0.001,5000,"0.01",TRUE,0.000959210748014929,-0.000841778238135909,0.23396200374817
"bivt",0.001,5000,"0.05",TRUE,0.00074043891478824,-0.000844335554976104,0.245144936319595
"bivt",0.001,5000,"0.1",TRUE,0.000659284922654833,-0.000833062976766711,0.245144936319595
"bivt",0.001,5000,"0.01",TRUE,0.000922330940559381,-0.000856934448819811,0.245144936319595
"bivt",0.001,5000,"0.05",TRUE,0.000823487230697561,-0.000761724668315336,0.2306202664392
"bivt",0.001,5000,"0.1",TRUE,0.000702383678469097,-0.000740877096586304,0.2306202664392
"bivt",0.001,5000,"0.01",TRUE,0.000986333684657559,-0.000783319767100241,0.2306202664392
"bivt",0.001,5000,"0.05",TRUE,0.00148763274466156,-0.000499085093213726,0.282886956254761
"bivt",0.001,5000,"0.1",TRUE,0.00143140983989246,-0.000483088586663721,0.282886956254761
"bivt",0.001,5000,"0.01",TRUE,0.00171165880636136,-0.000535051588358795,0.282886956254761
"bivt",0.001,5000,"0.05",TRUE,0.000734589196969536,-0.000641987987970455,0.28576042047114
"bivt",0.001,5000,"0.1",TRUE,0.000647404590330176,-0.000620228411599451,0.28576042047114
"bivt",0.001,5000,"0.01",TRUE,0.000849838795193878,-0.000667663757965803,0.28576042047114
"bivt",0.001,5000,"0.05",TRUE,0.00260365979581206,-0.000548013378583431,0.28676981206974
"bivt",0.001,5000,"0.1",TRUE,0.00249574131365439,-0.000542800692409895,0.28676981206974
"bivt",0.001,5000,"0.01",TRUE,0.00272780885222564,-0.00056168896459347,0.28676981206974
"bivt",0.001,5000,"0.05",TRUE,0.000944854639465456,-0.000830812748437105,0.273396951667693
"bivt",0.001,5000,"0.1",TRUE,0.000826227709250218,-0.000828269238587679,0.273396951667693
"bivt",0.001,5000,"0.01",TRUE,0.00121184327846338,-0.000838104555485584,0.273396951667693
"bivt",0.001,5000,"0.05",TRUE,0.00144145492591999,-0.000433430654203159,0.304461367658602
"bivt",0.001,5000,"0.1",TRUE,0.00140087557762927,-0.000391277580922014,0.304461367658602
"bivt",0.001,5000,"0.01",TRUE,0.00167232250313124,-0.000463276771718657,0.304461367658602
"bivt",0.001,5000,"0.05",TRUE,0.000779786920415931,-0.000648891381289955,0.278948538464171
"bivt",0.001,5000,"0.1",TRUE,0.000701265470759344,-0.00063908525312027,0.278948538464171
"bivt",0.001,5000,"0.01",TRUE,0.000915601942507789,-0.000672107328250772,0.278948538464171
"bivt",0.001,5000,"0.05",TRUE,0.00234062314338682,-0.000555371631576608,0.303627408564402
"bivt",0.001,5000,"0.1",TRUE,0.00220224002991754,-0.00054294290187674,0.303627408564402
"bivt",0.001,5000,"0.01",TRUE,0.00251731414257069,-0.000578295118367925,0.303627408564402
"bivt",0.001,5000,"0.05",TRUE,0.000637651125129163,-0.000731942981805848,0.270308145576321
"bivt",0.001,5000,"0.1",TRUE,0.000521316753219955,-0.00072564530907877,0.270308145576321
"bivt",0.001,5000,"0.01",TRUE,0.000802530661956337,-0.000736721083763892,0.270308145576321
"bivt",0.001,5000,"0.05",TRUE,0.00173415871943136,-0.000445572173729818,0.315142141299208
"bivt",0.001,5000,"0.1",TRUE,0.00161743693705249,-0.000420837126105864,0.315142141299208
"bivt",0.001,5000,"0.01",TRUE,0.00188795973513191,-0.000475538341207424,0.315142141299208
"bivt",0.001,5000,"0.05",TRUE,0.000672630194742979,-0.000718800301507102,0.28053395002281
"bivt",0.001,5000,"0.1",TRUE,0.000584140059917982,-0.000700190214386652,0.28053395002281
"bivt",0.001,5000,"0.01",TRUE,0.000837126146575357,-0.000751644434769835,0.28053395002281
"bivt",0.001,5000,"0.05",TRUE,0.000572799685478161,-0.000738610921211206,0.233952967409754
"bivt",0.001,5000,"0.1",TRUE,0.000514613226895665,-0.000732610634131227,0.233952967409754
"bivt",0.001,5000,"0.01",TRUE,0.000776640888749337,-0.00076783089924092,0.233952967409754
"bivt",0.001,5000,"0.05",TRUE,0.000989582392315513,-0.000337800224245566,0.291886951407172
"bivt",0.001,5000,"0.1",TRUE,0.000851871619048367,-0.000314273327128283,0.291886951407172
"bivt",0.001,5000,"0.01",TRUE,0.00120329577879737,-0.000402763454070727,0.291886951407172
"bivt",0.001,5000,"0.05",TRUE,0.000669435349892718,-0.000765195874519334,0.280461605360981
"bivt",0.001,5000,"0.1",TRUE,0.000578112925571911,-0.000763381553192975,0.280461605360981
"bivt",0.001,5000,"0.01",TRUE,0.000890476992991242,-0.000790095984596328,0.280461605360981
"bivt",0.001,5000,"0.05",TRUE,0.00116608108508709,-0.000700076760297638,0.299250007539396
"bivt",0.001,5000,"0.1",TRUE,0.00104202301796852,-0.00069405247758358,0.299250007539396
"bivt",0.001,5000,"0.01",TRUE,0.00122025238567619,-0.000713035093011753,0.299250007539396
"bivt",0.001,5000,"0.05",TRUE,0.000705925761590402,-0.000732036261158597,0.251337062671236
"bivt",0.001,5000,"0.1",TRUE,0.000603316454032898,-0.000715738822923905,0.251337062671236
"bivt",0.001,5000,"0.01",TRUE,0.000819325870172879,-0.000772444114253004,0.251337062671236
"bivt",0.001,5000,"0.05",TRUE,0.000678529630529108,-0.000812690198273881,0.23057483475672
"bivt",0.001,5000,"0.1",TRUE,0.000587756752138066,-0.000804064285924891,0.23057483475672
"bivt",0.001,5000,"0.01",TRUE,0.000903285863067592,-0.000832748478916679,0.23057483475672
"bivt",0.001,5000,"0.05",TRUE,0.00120885933475114,-0.000687081654272696,0.294253750920693
"bivt",0.001,5000,"0.1",TRUE,0.00120162994595597,-0.000680059057903013,0.294253750920693
"bivt",0.001,5000,"0.01",TRUE,0.00133074799449615,-0.000727312829659711,0.294253750920693
"bivt",0.001,5000,"0.05",TRUE,0.000652273395522513,-0.000718489668937299,0.275192849283398
"bivt",0.001,5000,"0.1",TRUE,0.000578369272630016,-0.00070794964054193,0.275192849283398
"bivt",0.001,5000,"0.01",TRUE,0.000867928760444651,-0.000734883728899538,0.275192849283398
"bivt",0.001,5000,"0.05",TRUE,0.000596656810156284,-0.000757628877838664,0.245563983548736
"bivt",0.001,5000,"0.1",TRUE,0.000525099785960833,-0.000750596650726409,0.245563983548736
"bivt",0.001,5000,"0.01",TRUE,0.000769076158731511,-0.000769524850368128,0.245563983548736
"bivt",0.001,5000,"0.05",TRUE,0.00273103111100158,-0.000302465281292191,0.304156354356871
"bivt",0.001,5000,"0.1",TRUE,0.00261762313378349,-0.000264880270448559,0.304156354356871
"bivt",0.001,5000,"0.01",TRUE,0.00299929727823342,-0.000343923117006355,0.304156354356871
"bivt",0.001,5000,"0.05",TRUE,0.0010233259702543,-0.000941906630788529,0.194842762873112
"bivt",0.001,5000,"0.1",TRUE,0.000874761389565155,-0.000935263568822135,0.194842762873112
"bivt",0.001,5000,"0.01",TRUE,0.0014357404284081,-0.000951845739718599,0.194842762873112
"bivt",0.001,5000,"0.05",TRUE,0.000897622052795034,-0.00086806283698011,0.253267650991464
"bivt",0.001,5000,"0.1",TRUE,0.000707224343756242,-0.000860012873830583,0.253267650991464
"bivt",0.001,5000,"0.01",TRUE,0.00107111296448867,-0.000878664814897897,0.253267650991464
"bivt",0.001,5000,"0.05",TRUE,0.000725560537736733,-0.000874838070437662,0.235941186380204
"bivt",0.001,5000,"0.1",TRUE,0.000649319893366342,-0.00086844992355968,0.235941186380204
"bivt",0.001,5000,"0.01",TRUE,0.000826760390061202,-0.000880374422962342,0.235941186380204
"bivt",0.001,5000,"0.05",TRUE,0.00129243908749761,-0.000705779886106174,0.267067710044539
"bivt",0.001,5000,"0.1",TRUE,0.0012184438534203,-0.000696699274892432,0.267067710044539
"bivt",0.001,5000,"0.01",TRUE,0.00138282756938701,-0.000729566265858006,0.267067710044539
"bivt",0.001,5000,"0.05",TRUE,0.00215202289296505,-0.000400678614470904,0.350767918933132
"bivt",0.001,5000,"0.1",TRUE,0.00212400511878647,-0.000370661964007437,0.350767918933132
"bivt",0.001,5000,"0.01",TRUE,0.00239115498602697,-0.000450588013585932,0.350767918933132
"bivt",0.001,5000,"0.05",TRUE,0.00120858028990199,-0.000658084847478698,0.29328758775455
"bivt",0.001,5000,"0.1",TRUE,0.00118531286305346,-0.000645540845416511,0.29328758775455
"bivt",0.001,5000,"0.01",TRUE,0.00141593271207308,-0.00067815499695993,0.29328758775455
"bivt",0.001,5000,"0.05",TRUE,0.000512200457469652,-0.000580053236928864,0.304160297654434
"bivt",0.001,5000,"0.1",TRUE,0.000429931806659921,-0.000569656628699314,0.304160297654434
"bivt",0.001,5000,"0.01",TRUE,0.000639640145517941,-0.000606116017083531,0.304160297654434
"bivt",0.001,5000,"0.05",TRUE,0.000573331984892507,-0.000785633581256404,0.310241268440934
"bivt",0.001,5000,"0.1",FALSE,0.000504998769877842,-0.000771153809390786,0.310241268440934
"bivt",0.001,5000,"0.01",TRUE,0.000845846133458831,-0.000804253999577296,0.310241268440934
"bivt",0.001,5000,"0.05",TRUE,0.00161308351427538,-0.000800338072825976,0.272079172912466
"bivt",0.001,5000,"0.1",TRUE,0.00159081404483873,-0.000799835117210173,0.272079172912466
"bivt",0.001,5000,"0.01",TRUE,0.00166692492503872,-0.000820423859076927,0.272079172912466
"bivt",0.001,5000,"0.05",TRUE,0.0020351117761442,-0.000522246578308603,0.288350934810262
"bivt",0.001,5000,"0.1",TRUE,0.00184176022715375,-0.000501745633417781,0.288350934810262
"bivt",0.001,5000,"0.01",TRUE,0.00216332257489569,-0.000553102508776122,0.288350934810262
"bivt",0.001,5000,"0.05",TRUE,0.00103247399562441,-0.00065532774093558,0.297780836470875
"bivt",0.001,5000,"0.1",TRUE,0.000932810593924867,-0.000624805810643417,0.297780836470875
"bivt",0.001,5000,"0.01",TRUE,0.00114411548121673,-0.000696818398929476,0.297780836470875
"bivt",0.001,5000,"0.05",TRUE,0.000623982873132044,-0.000772044371962052,0.28052499850549
"bivt",0.001,5000,"0.1",TRUE,0.000567208652998086,-0.000754843617625266,0.28052499850549
"bivt",0.001,5000,"0.01",TRUE,0.000883487218093335,-0.000790137189450878,0.28052499850549
"bivt",0.001,5000,"0.05",TRUE,0.000593958428955131,-0.000677421031003281,0.240370436159455
"bivt",0.001,5000,"0.1",TRUE,0.000515675278084675,-0.000668785822131746,0.240370436159455
"bivt",0.001,5000,"0.01",TRUE,0.000736475147398306,-0.000696394205886895,0.240370436159455
"bivt",0.001,5000,"0.05",TRUE,0.000847525292668828,-0.000539006223641439,0.314568963276577
"bivt",0.001,5000,"0.1",TRUE,0.000803590529531499,-0.000523701832595591,0.314568963276577
"bivt",0.001,5000,"0.01",TRUE,0.000999623278285083,-0.000568967149861069,0.314568963276577
"bivt",0.001,5000,"0.05",TRUE,0.000781589911549066,-0.000811219990593289,0.249232346830094
"bivt",0.001,5000,"0.1",TRUE,0.000684362761603378,-0.000800499578390115,0.249232346830094
"bivt",0.001,5000,"0.01",TRUE,0.000943718181202197,-0.00084592695971285,0.249232346830094
"bivt",0.001,5000,"0.05",TRUE,0.00174531294213828,-0.000693128734201252,0.291817623376646
"bivt",0.001,5000,"0.1",TRUE,0.0016991801921026,-0.000684970162411822,0.291817623376646
"bivt",0.001,5000,"0.01",TRUE,0.00199927700025539,-0.000713331888752148,0.291817623376646
"bivt",0.001,5000,"0.05",TRUE,0.000610500005246688,-0.000790834524794615,0.237216589159279
"bivt",0.001,5000,"0.1",TRUE,0.000573005870393364,-0.000779559957113645,0.237216589159279
"bivt",0.001,5000,"0.01",TRUE,0.000784085459147884,-0.000797864217926701,0.237216589159279
"bivt",0.001,5000,"0.05",TRUE,0.00058533682524665,-0.00081643705973939,0.244430844969635
"bivt",0.001,5000,"0.1",TRUE,0.000504463300927707,-0.000798115010128752,0.244430844969635
"bivt",0.001,5000,"0.01",TRUE,0.000753935552836079,-0.00083344611543724,0.244430844969635
"bivt",0.001,5000,"0.05",TRUE,0.00062455769297322,-0.000790218638187493,0.275089603288787
"bivt",0.001,5000,"0.1",TRUE,0.000537839847030837,-0.000777397858895698,0.275089603288787
"bivt",0.001,5000,"0.01",TRUE,0.000710340102127038,-0.000798656313411859,0.275089603288787
"bivt",0.001,5000,"0.05",TRUE,0.000879146053993282,-0.000699952884017291,0.282658612742458
"bivt",0.001,5000,"0.1",TRUE,0.000839468313030025,-0.000696162102345327,0.282658612742458
"bivt",0.001,5000,"0.01",TRUE,0.00108678643817417,-0.000723431924663442,0.282658612742458
"bivt",0.001,5000,"0.05",TRUE,0.000627960530553074,-0.000742243950951823,0.286887205791483
"bivt",0.001,5000,"0.1",TRUE,0.000548554264222402,-0.000732731965462458,0.286887205791483
"bivt",0.001,5000,"0.01",TRUE,0.000777188313996842,-0.000754787747004319,0.286887205791483
"bivt",0.001,5000,"0.05",TRUE,0.000530430001074253,-0.000773658620481267,0.262237821659064
"bivt",0.001,5000,"0.1",TRUE,0.000467970016056132,-0.000760207421918914,0.262237821659064
"bivt",0.001,5000,"0.01",TRUE,0.000796138521398441,-0.000780843960770653,0.262237821659064
"bivt",0.001,5000,"0.05",TRUE,0.000752353528178147,-0.000895677053193467,0.207299890191774
"bivt",0.001,5000,"0.1",TRUE,0.000669341874111987,-0.000893788657099264,0.207299890191774
"bivt",0.001,5000,"0.01",TRUE,0.000912566141220205,-0.000908679306493073,0.207299890191774
"bivt",0.001,5000,"0.05",TRUE,0.00167155017483622,-0.000478856674400786,0.297417947855835
"bivt",0.001,5000,"0.1",TRUE,0.00165939442489171,-0.000448709708787427,0.297417947855835
"bivt",0.001,5000,"0.01",TRUE,0.00176976650018253,-0.000526868449459997,0.297417947855835
"bivt",0.001,5000,"0.05",TRUE,0.000855511818108176,-0.000885082504006504,0.250727779915946
"bivt",0.001,5000,"0.1",TRUE,0.000741349463790437,-0.000876473254769462,0.250727779915946
"bivt",0.001,5000,"0.01",TRUE,0.00102648974444703,-0.00089727288298492,0.250727779915946
"bivt",0.001,5000,"0.05",TRUE,0.000697135626078381,-0.000741304683140131,0.270717924934976
"bivt",0.001,5000,"0.1",TRUE,0.00065649405676522,-0.000737688153710853,0.270717924934976
"bivt",0.001,5000,"0.01",TRUE,0.00082737272154834,-0.000755876135027092,0.270717924934976
"bivt",0.001,5000,"0.05",TRUE,0.000767622852580813,-0.000849614140062653,0.290697341420185
"bivt",0.001,5000,"0.1",TRUE,0.000678940972416446,-0.000837735391543161,0.290697341420185
"bivt",0.001,5000,"0.01",TRUE,0.00107750258529465,-0.000855019930579805,0.290697341420185
"bivt",0.001,5000,"0.05",TRUE,0.00148133764158063,-0.000551345702141824,0.297694424457799
"bivt",0.001,5000,"0.1",TRUE,0.00145969583514133,-0.000530095593551481,0.297694424457799
"bivt",0.001,5000,"0.01",TRUE,0.00155827796230069,-0.00060960605306581,0.297694424457799
"bivt",0.001,5000,"0.05",TRUE,0.00131067140338755,-0.000609851052438751,0.289565002721499
"bivt",0.001,5000,"0.1",TRUE,0.00123421737189898,-0.000594475663137957,0.289565002721499
"bivt",0.001,5000,"0.01",TRUE,0.00147752623254723,-0.00061647467796081,0.289565002721499
"bivt",0.001,5000,"0.05",TRUE,0.00145823785417932,-0.00058406342211802,0.300246177429556
"bivt",0.001,5000,"0.1",TRUE,0.0014075517941927,-0.000579413144869959,0.300246177429556
"bivt",0.001,5000,"0.01",TRUE,0.0016099738749321,-0.000612719462453747,0.300246177429556
"bivt",0.001,5000,"0.05",TRUE,0.00185897656875465,-0.000716505487547091,0.28748729856676
"bivt",0.001,5000,"0.1",TRUE,0.00177373931423612,-0.000706131285930812,0.28748729856676
"bivt",0.001,5000,"0.01",TRUE,0.00198371011720429,-0.000739799536924307,0.28748729856676
"bivt",0.001,5000,"0.05",TRUE,0.000936709242478529,-0.000556427696343949,0.293183346686424
"bivt",0.001,5000,"0.1",TRUE,0.000863939794307019,-0.000543837964737935,0.293183346686424
"bivt",0.001,5000,"0.01",TRUE,0.00109747871591605,-0.000574083756558745,0.293183346686424
"bivt",0.001,5000,"0.05",TRUE,0.00207961590146822,-0.000645197143117655,0.280224574895226
"bivt",0.001,5000,"0.1",TRUE,0.00200943354853133,-0.000620820067402142,0.280224574895226
"bivt",0.001,5000,"0.01",TRUE,0.0023078914133867,-0.000676488252439533,0.280224574895226
"bivt",0.001,5000,"0.05",TRUE,0.001229294858049,-0.000501843348528269,0.286907125214384
"bivt",0.001,5000,"0.1",TRUE,0.00113686773413365,-0.000488329713678775,0.286907125214384
"bivt",0.001,5000,"0.01",TRUE,0.00125765020659662,-0.000509488416416095,0.286907125214384
"bivt",0.001,5000,"0.05",TRUE,0.00159965322842027,-0.000534404172281804,0.302194806094285
"bivt",0.001,5000,"0.1",TRUE,0.00152255841748587,-0.000520644791956753,0.302194806094285
"bivt",0.001,5000,"0.01",TRUE,0.00176781031587695,-0.000591168307385512,0.302194806094285
"bivt",0.001,5000,"0.05",TRUE,0.00112567663388621,-0.000803006551658397,0.22831928612968
"bivt",0.001,5000,"0.1",TRUE,0.00108541766125441,-0.000787453782888802,0.22831928612968
"bivt",0.001,5000,"0.01",TRUE,0.00138602913474978,-0.000809306863728031,0.22831928612968
"bivt",0.001,5000,"0.05",TRUE,0.00143394320880335,-0.000483018273783074,0.299841104334742
"bivt",0.001,5000,"0.1",TRUE,0.00125811021772341,-0.000457567465200172,0.299841104334742
"bivt",0.001,5000,"0.01",TRUE,0.00163173785814251,-0.000509629017550662,0.299841104334742
"bivt",0.001,5000,"0.05",TRUE,0.000854982370792843,-0.000619457861908114,0.293160235430827
"bivt",0.001,5000,"0.1",TRUE,0.000756987216781447,-0.000606779109694684,0.293160235430827
"bivt",0.001,5000,"0.01",TRUE,0.00104780810158966,-0.000666767879353728,0.293160235430827
"bivt",0.001,5000,"0.05",TRUE,0.00119843350110535,-0.000640590985017057,0.282575774605402
"bivt",0.001,5000,"0.1",TRUE,0.00116542643812816,-0.000617798665587921,0.282575774605402
"bivt",0.001,5000,"0.01",TRUE,0.00140982704646957,-0.000658406674234121,0.282575774605402
"bivt",0.001,5000,"0.05",TRUE,0.000767969620244073,-0.000835424694058501,0.244888745915469
"bivt",0.001,5000,"0.1",TRUE,0.000630684125127781,-0.000815406728452255,0.244888745915469
"bivt",0.001,5000,"0.01",TRUE,0.000947805167034734,-0.000842900053783848,0.244888745915469
"bivt",0.001,5000,"0.05",TRUE,0.00120933736126439,-0.000435847434944022,0.298429610350851
"bivt",0.001,5000,"0.1",TRUE,0.0011280827316781,-0.000415225029967733,0.298429610350851
"bivt",0.001,5000,"0.01",TRUE,0.00141532047670485,-0.000457332509336778,0.298429610350851
"bivt",0.001,5000,"0.05",TRUE,0.000704315758230913,-0.000436991388794823,0.299465458866859
"bivt",0.001,5000,"0.1",TRUE,0.000591422622027491,-0.000420713081707555,0.299465458866859
"bivt",0.001,5000,"0.01",TRUE,0.000908924518889366,-0.000481889953317175,0.299465458866859
"bivt",0.001,5000,"0.05",TRUE,0.000780447224158716,-0.000749047580573672,0.296253533935854
"bivt",0.001,5000,"0.1",TRUE,0.000553392594202154,-0.000735380838012344,0.296253533935854
"bivt",0.001,5000,"0.01",TRUE,0.0009778142930949,-0.000760307122526588,0.296253533935854
"bivt",0.001,5000,"0.05",TRUE,0.000662844189495542,-0.000811299597770764,0.243859916877267
"bivt",0.001,5000,"0.1",TRUE,0.000548445032207521,-0.000803419187206726,0.243859916877267
"bivt",0.001,5000,"0.01",TRUE,0.000767246796040214,-0.000824625707296837,0.243859916877267
"bivt",0.001,5000,"0.05",FALSE,0.00053832579247053,-0.000704134560748595,0.304907817681614
"bivt",0.001,5000,"0.1",FALSE,0.000441311097743515,-0.000681056130083799,0.304907817681614
"bivt",0.001,5000,"0.01",TRUE,0.00067743365655693,-0.000721691394865012,0.304907817681614
"bivt",0.001,5000,"0.05",TRUE,0.000679635217645413,-0.000769095041558213,0.23498056865138
"bivt",0.001,5000,"0.1",TRUE,0.000618412995499469,-0.000761393141490872,0.23498056865138
"bivt",0.001,5000,"0.01",TRUE,0.000834195494898104,-0.000781585942797765,0.23498056865138
"bivt",0.001,5000,"0.05",TRUE,0.000790074204727391,-0.000852485711780918,0.275504352609311
"bivt",0.001,5000,"0.1",TRUE,0.000679703663681124,-0.000841630737834017,0.275504352609311
"bivt",0.001,5000,"0.01",TRUE,0.000966368991398825,-0.00085979209015065,0.275504352609311
"bivt",0.001,5000,"0.05",TRUE,0.000906636877744602,-0.000804538866752653,0.236164196103544
"bivt",0.001,5000,"0.1",TRUE,0.00085923176076526,-0.000801465335778641,0.236164196103544
"bivt",0.001,5000,"0.01",TRUE,0.00103836606602325,-0.000822536027289627,0.236164196103544
"bivt",0.001,5000,"0.05",TRUE,0.00194715958224844,-0.000622993854108911,0.28049468161962
"bivt",0.001,5000,"0.1",TRUE,0.00179087851946323,-0.000606255517080174,0.28049468161962
"bivt",0.001,5000,"0.01",TRUE,0.00210142085464176,-0.000653268847328663,0.28049468161962
"bivt",0.001,5000,"0.05",TRUE,0.00156375366003475,-0.000603614146667475,0.254571905257401
"bivt",0.001,5000,"0.1",TRUE,0.00149831303061263,-0.000584187335907236,0.254571905257401
"bivt",0.001,5000,"0.01",TRUE,0.00164462938234829,-0.000628997799149091,0.254571905257401
"bivt",0.001,5000,"0.05",TRUE,0.000905922210443317,-0.000933102171532598,0.226773766177058
"bivt",0.001,5000,"0.1",TRUE,0.000775386622027927,-0.000928429644403571,0.226773766177058
"bivt",0.001,5000,"0.01",TRUE,0.00118399310996573,-0.000934952024602958,0.226773766177058
"bivt",0.001,5000,"0.05",TRUE,0.000529963474399964,-0.000782871440036407,0.27249636712673
"bivt",0.001,5000,"0.1",TRUE,0.000477894016969734,-0.000774935157826221,0.27249636712673
"bivt",0.001,5000,"0.01",TRUE,0.000737537031800478,-0.000804058446400866,0.27249636712673
"bivt",0.001,5000,"0.05",TRUE,0.00289096253121067,-0.000260542060432475,0.357026712393749
"bivt",0.001,5000,"0.1",TRUE,0.0028114537436515,-0.000241532648528279,0.357026712393749
"bivt",0.001,5000,"0.01",TRUE,0.00312610579005254,-0.000323071844673873,0.357026712393749
"bivt",0.001,5000,"0.05",TRUE,0.0011849088120411,-0.000805765830945918,0.286362045459384
"bivt",0.001,5000,"0.1",TRUE,0.0010116747064912,-0.000791664409593355,0.286362045459384
"bivt",0.001,5000,"0.01",TRUE,0.0014631161065796,-0.00082674679873062,0.286362045459384
"bivt",0.001,5000,"0.05",TRUE,0.000959968007824087,-0.000907775894074351,0.189765650370424
"bivt",0.001,5000,"0.1",TRUE,0.00082702000581338,-0.00090464869058001,0.189765650370424
"bivt",0.001,5000,"0.01",TRUE,0.00117740707148966,-0.000921266305057391,0.189765650370424
"bivt",0.001,5000,"0.05",TRUE,0.00306449668983542,-0.000470184882662508,0.271124647497006
"bivt",0.001,5000,"0.1",TRUE,0.00304250410556278,-0.000453248416221865,0.271124647497006
"bivt",0.001,5000,"0.01",TRUE,0.00330038944444877,-0.000506684315562966,0.271124647497006
"bivt",0.001,5000,"0.05",TRUE,0.000751934724113828,-0.00079585741189774,0.205472225080217
"bivt",0.001,5000,"0.1",TRUE,0.000666917839781682,-0.000786360764734203,0.205472225080217
"bivt",0.001,5000,"0.01",TRUE,0.000987486680071415,-0.00081979877299924,0.205472225080217
"bivt",0.001,5000,"0.05",TRUE,0.000633679851740046,-0.00076511091933958,0.263886579501937
"bivt",0.001,5000,"0.1",TRUE,0.000537706028791404,-0.000750703496392314,0.263886579501937
"bivt",0.001,5000,"0.01",TRUE,0.000807704232626379,-0.000780411243504789,0.263886579501937
"bivt",0.001,5000,"0.05",TRUE,0.000641939836141564,-0.000753004752615126,0.255405475442441
"bivt",0.001,5000,"0.1",TRUE,0.000597752155417626,-0.000719475214245916,0.255405475442441
"bivt",0.001,5000,"0.01",TRUE,0.000871878105108419,-0.000771707701258412,0.255405475442441
"bivt",0.001,5000,"0.05",TRUE,0.000642593703968244,-0.000638862812463308,0.30772092635106
"bivt",0.001,5000,"0.1",TRUE,0.00054340534283835,-0.00063226085686362,0.30772092635106
"bivt",0.001,5000,"0.01",TRUE,0.000846262736332248,-0.0006594605616177,0.30772092635106
"bivt",0.001,5000,"0.05",TRUE,0.000847534082359047,-0.000533529784710408,0.270804781217181
"bivt",0.001,5000,"0.1",TRUE,0.000757105820965436,-0.000508546291867865,0.270804781217181
"bivt",0.001,5000,"0.01",TRUE,0.000900435993638429,-0.000556643141389078,0.270804781217181
"bivt",0.001,5000,"0.05",TRUE,0.000658691368577209,-0.000804141371497689,0.266459802114266
"bivt",0.001,5000,"0.1",TRUE,0.000553440249616959,-0.000786229029468095,0.266459802114266
"bivt",0.001,5000,"0.01",TRUE,0.000830348023777281,-0.000812047924274034,0.266459802114266
"bivt",0.001,5000,"0.05",TRUE,0.000939012768555035,-0.00055187795861244,0.292702533269353
"bivt",0.001,5000,"0.1",TRUE,0.000866542076804383,-0.000539517007695505,0.292702533269353
"bivt",0.001,5000,"0.01",TRUE,0.00101930203606711,-0.000576813950246789,0.292702533269353
"bivt",0.001,5000,"0.05",TRUE,0.000594219272006357,-0.000819201818661376,0.270150831872985
"bivt",0.001,5000,"0.1",TRUE,0.000539022044092601,-0.000814397316765313,0.270150831872985
"bivt",0.001,5000,"0.01",TRUE,0.000757723244660404,-0.000839136407945049,0.270150831872985
"bivt",0.001,5000,"0.05",TRUE,0.000699492474253217,-0.000715919102932879,0.256294590919156
"bivt",0.001,5000,"0.1",TRUE,0.0005696845024045,-0.000701707853275544,0.256294590919156
"bivt",0.001,5000,"0.01",TRUE,0.000783427689832185,-0.000728892207432223,0.256294590919156
"bivt",0.001,5000,"0.05",TRUE,0.000982250214390018,-0.000835247945921501,0.286452188357429
"bivt",0.001,5000,"0.1",TRUE,0.000890751135238971,-0.000834996139229505,0.286452188357429
"bivt",0.001,5000,"0.01",TRUE,0.00114755119188855,-0.000851581800182238,0.286452188357429
"bivt",0.001,5000,"0.05",TRUE,0.0025204358674854,-0.000411789837180393,0.31525635113831
"bivt",0.001,5000,"0.1",TRUE,0.00248658814759348,-0.000407029965983196,0.31525635113831
"bivt",0.001,5000,"0.01",TRUE,0.00257625305281041,-0.000421607142917385,0.31525635113831
"bivt",0.001,5000,"0.05",TRUE,0.000618293403319133,-0.000812891477266611,0.233881271315455
"bivt",0.001,5000,"0.1",TRUE,0.000518645399123347,-0.000798913777436005,0.233881271315455
"bivt",0.001,5000,"0.01",TRUE,0.000744350097927664,-0.000826828453782238,0.233881271315455
"bivt",0.001,5000,"0.05",TRUE,0.000707569118508805,-0.000868826907620083,0.243913918719986
"bivt",0.001,5000,"0.1",TRUE,0.000632240433528978,-0.000864344333702957,0.243913918719986
"bivt",0.001,5000,"0.01",TRUE,0.000871355196972374,-0.000877899769722563,0.243913918719986
"bivt",0.001,5000,"0.05",TRUE,0.00163309302227962,-0.000798364856706205,0.272990005043172
"bivt",0.001,5000,"0.1",TRUE,0.00155040069266599,-0.000778528981684892,0.272990005043172
"bivt",0.001,5000,"0.01",TRUE,0.00169927788738795,-0.000810458691945893,0.272990005043172
"bivt",0.001,5000,"0.05",TRUE,0.000754246167206808,-0.000763331691231481,0.290290821214007
"bivt",0.001,5000,"0.1",TRUE,0.000708725965284895,-0.000754077991693005,0.290290821214007
"bivt",0.001,5000,"0.01",TRUE,0.00091354285139498,-0.000781594554637838,0.290290821214007
"bivt",0.001,5000,"0.05",TRUE,0.00146926567721939,-0.000338699234683706,0.312822679960333
"bivt",0.001,5000,"0.1",TRUE,0.0014295473077434,-0.000312726947150796,0.312822679960333
"bivt",0.001,5000,"0.01",TRUE,0.00154301871969191,-0.000368332548667723,0.312822679960333
"bivt",0.001,5000,"0.05",TRUE,0.000680335155494766,-0.000874929537461944,0.232723938598185
"bivt",0.001,5000,"0.1",TRUE,0.000621951494352002,-0.000871474445918638,0.232723938598185
"bivt",0.001,5000,"0.01",TRUE,0.000878947149332615,-0.000881039227107466,0.232723938598185
"bivt",0.001,5000,"0.05",TRUE,0.00249945581519701,-0.000297322063005422,0.32835731394036
"bivt",0.001,5000,"0.1",TRUE,0.00240421062657946,-0.000269927387739422,0.32835731394036
"bivt",0.001,5000,"0.01",TRUE,0.00272712712043569,-0.000379414755916652,0.32835731394036
"bivt",0.001,5000,"0.05",TRUE,0.000642779719762186,-0.000873920921063301,0.214748254044419
"bivt",0.001,5000,"0.1",TRUE,0.000576131745380668,-0.000867860211852285,0.214748254044419
"bivt",0.001,5000,"0.01",TRUE,0.000853124314306306,-0.000880846589937528,0.214748254044419
"bivt",0.001,5000,"0.05",TRUE,0.000889427722376054,-0.000887815272337827,0.236555192081192
"bivt",0.001,5000,"0.1",TRUE,0.000752614052566395,-0.000886745666353145,0.236555192081192
"bivt",0.001,5000,"0.01",TRUE,0.00120597601831333,-0.000904650331087042,0.236555192081192
"bivt",0.001,5000,"0.05",TRUE,0.000713113909554914,-0.000799237695697689,0.237539477855831
"bivt",0.001,5000,"0.1",TRUE,0.000544569555764069,-0.00078612260938568,0.237539477855831
"bivt",0.001,5000,"0.01",TRUE,0.000844574102441455,-0.00081833772812004,0.237539477855831
"bivt",0.001,5000,"0.05",TRUE,0.000787284945520385,-0.000628858832086491,0.315301355109395
"bivt",0.001,5000,"0.1",FALSE,0.000626183693367585,-0.000591445219660783,0.315301355109395
"bivt",0.001,5000,"0.01",TRUE,0.000937262103253586,-0.000647246369741477,0.315301355109395
"bivt",0.001,5000,"0.05",TRUE,0.000663350604722851,-0.000781544370891391,0.248776984781129
"bivt",0.001,5000,"0.1",TRUE,0.000598427847178915,-0.000776085386105666,0.248776984781129
"bivt",0.001,5000,"0.01",TRUE,0.000855460683171993,-0.000795671344202987,0.248776984781129
"bivt",0.001,5000,"0.05",TRUE,0.000662043939029669,-0.000806165186167667,0.26402581392464
"bivt",0.001,5000,"0.1",TRUE,0.000588224308297975,-0.000801316246720474,0.26402581392464
"bivt",0.001,5000,"0.01",TRUE,0.000797812407397268,-0.00082823967029111,0.26402581392464
"bivt",0.001,5000,"0.05",TRUE,0.0011418622887846,-0.000498201743510228,0.289059870477612
"bivt",0.001,5000,"0.1",TRUE,0.00107518276238604,-0.000478327961377482,0.289059870477612
"bivt",0.001,5000,"0.01",TRUE,0.00130460522755548,-0.000537440885513791,0.289059870477612
"bivt",0.001,5000,"0.05",TRUE,0.000680598708414476,-0.00069025878301205,0.244051399650491
"bivt",0.001,5000,"0.1",TRUE,0.000556010132471754,-0.000682537444654916,0.244051399650491
"bivt",0.001,5000,"0.01",TRUE,0.000840761972014724,-0.000722920059669195,0.244051399650491
"bivt",0.001,5000,"0.05",TRUE,0.000708343791428552,-0.000726959626294798,0.279109972970067
"bivt",0.001,5000,"0.1",TRUE,0.000625843564262615,-0.000715395094103698,0.279109972970067
"bivt",0.001,5000,"0.01",TRUE,0.000871247258304824,-0.000743354894960832,0.279109972970067
"bivt",0.001,5000,"0.05",TRUE,0.000765449480760858,-0.000903760122544819,0.257816229154528
"bivt",0.001,5000,"0.1",TRUE,0.000703812841883068,-0.000898905131264521,0.257816229154528
"bivt",0.001,5000,"0.01",TRUE,0.00109602776681238,-0.000909339374669923,0.257816229154528
"bivt",0.001,5000,"0.05",TRUE,0.000733780882151507,-0.000809591792994105,0.238877100522881
"bivt",0.001,5000,"0.1",TRUE,0.000587352503577361,-0.000799986544467441,0.238877100522881
"bivt",0.001,5000,"0.01",TRUE,0.000898288148456359,-0.000824040793417838,0.238877100522881
"bivt",0.001,5000,"0.05",TRUE,0.00113208386958253,-0.000660738251669484,0.287771450307084
"bivt",0.001,5000,"0.1",TRUE,0.00110164221181114,-0.000627526279647891,0.287771450307084
"bivt",0.001,5000,"0.01",TRUE,0.00123113027724603,-0.000692104716145195,0.287771450307084
"bivt",0.001,5000,"0.05",TRUE,0.000526515241094725,-0.000747317150136055,0.298787153529952
"bivt",0.001,5000,"0.1",TRUE,0.000448324423621404,-0.000728689842259279,0.298787153529952
"bivt",0.001,5000,"0.01",TRUE,0.000682695492913974,-0.00076794175421394,0.298787153529952
"bivt",0.001,5000,"0.05",TRUE,0.00291956977020166,-0.0004841275683205,0.337234463145894
"bivt",0.001,5000,"0.1",TRUE,0.0027702080359034,-0.000475525168570216,0.337234463145894
"bivt",0.001,5000,"0.01",TRUE,0.00310822577701888,-0.000528342045448631,0.337234463145894
"bivt",0.001,5000,"0.05",TRUE,0.00126861759611819,-0.000680384179068703,0.284881720848717
"bivt",0.001,5000,"0.1",TRUE,0.00118159530829792,-0.000671178486636951,0.284881720848717
"bivt",0.001,5000,"0.01",TRUE,0.00146531081215946,-0.000713608183272117,0.284881720848717
"bivt",0.001,5000,"0.05",TRUE,0.000630848190817009,-0.000670231051136694,0.273417312023836
"bivt",0.001,5000,"0.1",TRUE,0.00060402576977525,-0.00064852648861398,0.273417312023836
"bivt",0.001,5000,"0.01",TRUE,0.000796890065505586,-0.000683962006395187,0.273417312023836
"bivt",0.001,5000,"0.05",TRUE,0.000686619916112121,-0.000845794646934181,0.257895567064317
"bivt",0.001,5000,"0.1",TRUE,0.000569582996219962,-0.000836318214269028,0.257895567064317
"bivt",0.001,5000,"0.01",TRUE,0.000879656303845289,-0.000851469650008464,0.257895567064317
"bivt",0.001,5000,"0.05",TRUE,0.00122313248625614,-0.000591908744500704,0.243726620039215
"bivt",0.001,5000,"0.1",TRUE,0.00109355188651131,-0.000573918328720405,0.243726620039215
"bivt",0.001,5000,"0.01",TRUE,0.00148797648061375,-0.000612182269870744,0.243726620039215
"bivt",0.001,5000,"0.05",TRUE,0.000814226681045804,-0.000793792165379736,0.264619033005287
"bivt",0.001,5000,"0.1",TRUE,0.00077041022997267,-0.000784785490573605,0.264619033005287
"bivt",0.001,5000,"0.01",TRUE,0.000899351590285063,-0.000812365812848435,0.264619033005287
"bivt",0.001,5000,"0.05",TRUE,0.00138938368261886,-0.000762244262117441,0.292080389739525
"bivt",0.001,5000,"0.1",TRUE,0.00119783710027972,-0.000761482511115696,0.292080389739525
"bivt",0.001,5000,"0.01",TRUE,0.00159751143177919,-0.000783920594262254,0.292080389739525
"bivt",0.001,5000,"0.05",TRUE,0.00133532636175273,-0.000542407042261076,0.262979011934521
"bivt",0.001,5000,"0.1",TRUE,0.00125460124030313,-0.00051013174838795,0.262979011934521
"bivt",0.001,5000,"0.01",TRUE,0.0015905820104032,-0.000578183048260935,0.262979011934521
"bivt",0.001,5000,"0.05",TRUE,0.00113596108258644,-0.00045820447985788,0.302796671138244
"bivt",0.001,5000,"0.1",TRUE,0.00100685348245933,-0.000441252350237453,0.302796671138244
"bivt",0.001,5000,"0.01",TRUE,0.00123040286982695,-0.000503685172079351,0.302796671138244
"bivt",0.001,5000,"0.05",TRUE,0.000610891571390977,-0.000651411876688233,0.272552396865516
"bivt",0.001,5000,"0.1",TRUE,0.000558346783526295,-0.000625605803855756,0.272552396865516
"bivt",0.001,5000,"0.01",TRUE,0.000756687980986168,-0.000675804949936909,0.272552396865516
"bivt",0.001,5000,"0.05",TRUE,0.000642538419845222,-0.000685223520387893,0.26134552638344
"bivt",0.001,5000,"0.1",TRUE,0.000551413980792726,-0.000667278162836713,0.26134552638344
"bivt",0.001,5000,"0.01",TRUE,0.000813260289991028,-0.000695070186759623,0.26134552638344
"bivt",0.001,5000,"0.05",TRUE,0.000636618899158207,-0.000720549785963655,0.255374799822174
"bivt",0.001,5000,"0.1",TRUE,0.00053658871950207,-0.000711646501072643,0.255374799822174
"bivt",0.001,5000,"0.01",TRUE,0.000757094167939455,-0.000731020163352148,0.255374799822174
"bivt",0.001,5000,"0.05",TRUE,0.000744075766607735,-0.000698131685281476,0.257436062402264
"bivt",0.001,5000,"0.1",TRUE,0.000675801087787705,-0.000684130249829824,0.257436062402264
"bivt",0.001,5000,"0.01",TRUE,0.000878302104944935,-0.000704672343764249,0.257436062402264
"bivt",0.001,5000,"0.05",TRUE,0.000862505947614558,-0.000515874097706148,0.291803818020146
"bivt",0.001,5000,"0.1",TRUE,0.000832316809948096,-0.000493157448631871,0.291803818020146
"bivt",0.001,5000,"0.01",TRUE,0.00107488682836276,-0.000557756608764138,0.291803818020146
"bivt",0.001,5000,"0.05",TRUE,0.00301031256261799,-0.000431112815379679,0.315488592953217
"bivt",0.001,5000,"0.1",TRUE,0.00277651317438707,-0.000405439154622522,0.315488592953217
"bivt",0.001,5000,"0.01",TRUE,0.0032534645775965,-0.000462060811585118,0.315488592953217
"bivt",0.001,5000,"0.05",TRUE,0.000681139616056056,-0.000770974459631337,0.292327162051892
"bivt",0.001,5000,"0.1",TRUE,0.00062310749770688,-0.000760800117422812,0.292327162051892
"bivt",0.001,5000,"0.01",TRUE,0.000864646903119901,-0.000785574410519528,0.292327162051892
"bivt",0.001,5000,"0.05",TRUE,0.00090678399590556,-0.000786920572446847,0.267184895698548
"bivt",0.001,5000,"0.1",TRUE,0.000870570317944669,-0.000770351858592145,0.267184895698548
"bivt",0.001,5000,"0.01",TRUE,0.00102160163040229,-0.000796837223957106,0.267184895698548
"bivt",0.001,5000,"0.05",TRUE,0.00175848036775757,-0.000505344268941949,0.30391054648329
"bivt",0.001,5000,"0.1",TRUE,0.00159013845458879,-0.000479270406897337,0.30391054648329
"bivt",0.001,5000,"0.01",TRUE,0.0018722285208438,-0.000545602555847084,0.30391054648329
"bivt",0.001,5000,"0.05",TRUE,0.00123357571081036,-0.000713110881334707,0.237227323479449
"bivt",0.001,5000,"0.1",TRUE,0.00122125299066114,-0.000706499433330593,0.237227323479449
"bivt",0.001,5000,"0.01",TRUE,0.0014577307915305,-0.000746900677966377,0.237227323479449
"bivt",0.001,5000,"0.05",TRUE,0.00139585690839955,-0.00049051727254585,0.271491653331643
"bivt",0.001,5000,"0.1",TRUE,0.00127237552459934,-0.000476631352910345,0.271491653331643
"bivt",0.001,5000,"0.01",TRUE,0.00159871129593328,-0.000520948840086374,0.271491653331643
"bivt",0.001,5000,"0.05",TRUE,0.000691604935652202,-0.00073974065792006,0.248675345526811
"bivt",0.001,5000,"0.1",TRUE,0.000611215444379217,-0.000725134335564358,0.248675345526811
"bivt",0.001,5000,"0.01",TRUE,0.000839661418040697,-0.000762188510715489,0.248675345526811
"bivt",0.001,5000,"0.05",TRUE,0.00136312515711104,-0.000695694114111137,0.274297730328396
"bivt",0.001,5000,"0.1",TRUE,0.00126400102504548,-0.000680488726549002,0.274297730328396
"bivt",0.001,5000,"0.01",TRUE,0.00171066550701579,-0.000714388021847953,0.274297730328396
"bivt",0.001,5000,"0.05",TRUE,0.00166347654152005,-0.000593711018474667,0.293833875295198
"bivt",0.001,5000,"0.1",TRUE,0.00161583843165536,-0.000573143165581425,0.293833875295198
"bivt",0.001,5000,"0.01",TRUE,0.0017567448027997,-0.000626977846614415,0.293833875295198
"bivt",0.001,5000,"0.05",TRUE,0.000880497205772702,-0.000700828119703771,0.271174294579618
"bivt",0.001,5000,"0.1",TRUE,0.000748329642555047,-0.000685520179812338,0.271174294579618
"bivt",0.001,5000,"0.01",TRUE,0.00114821128049119,-0.000726932604469318,0.271174294579618
"bivt",0.001,5000,"0.05",TRUE,0.00145703671368946,-0.000401964268027915,0.288314564367501
"bivt",0.001,5000,"0.1",TRUE,0.00131108451577366,-0.00038666385257581,0.288314564367501
"bivt",0.001,5000,"0.01",TRUE,0.00157286920664873,-0.00043241644980407,0.288314564367501
"bivt",0.001,5000,"0.05",TRUE,0.000755911492625431,-0.000838519712611867,0.292599653193991
"bivt",0.001,5000,"0.1",TRUE,0.000608318313296337,-0.000833182594758409,0.292599653193991
"bivt",0.001,5000,"0.01",TRUE,0.000884071529823844,-0.000845995475211451,0.292599653193991
"bivt",0.001,5000,"0.05",TRUE,0.0008500042448616,-0.000751453223216826,0.280908554782823
"bivt",0.001,5000,"0.1",TRUE,0.000725241013962734,-0.000748119232117377,0.280908554782823
"bivt",0.001,5000,"0.01",TRUE,0.00108099189403842,-0.000781363094904109,0.280908554782823
"bivt",0.001,5000,"0.05",TRUE,0.00182145572802426,-0.00033251895849492,0.271878608782487
"bivt",0.001,5000,"0.1",FALSE,0.00168979241017794,-0.000298643622738725,0.271878608782487
"bivt",0.001,5000,"0.01",TRUE,0.00212373642994718,-0.000387831418187808,0.271878608782487
"bivt",0.001,5000,"0.05",TRUE,0.00198394621460384,-0.00028550772405909,0.315753633452512
"bivt",0.001,5000,"0.1",TRUE,0.00185919272905837,-0.000264711108509882,0.315753633452512
"bivt",0.001,5000,"0.01",TRUE,0.0021416653336055,-0.000325341512106646,0.315753633452512
"bivt",0.001,5000,"0.05",TRUE,0.000818333418248395,-0.000664735720376015,0.237507216333394
"bivt",0.001,5000,"0.1",TRUE,0.000790415317843944,-0.000651402378508732,0.237507216333394
"bivt",0.001,5000,"0.01",TRUE,0.000900208549335371,-0.000677709235484369,0.237507216333394
"bivt",0.001,5000,"0.05",TRUE,0.000635999669563547,-0.000646896960566559,0.255338915853654
"bivt",0.001,5000,"0.1",TRUE,0.000546188939588722,-0.000623175424674035,0.255338915853654
"bivt",0.001,5000,"0.01",TRUE,0.000742687319354314,-0.000674228299119276,0.255338915853654
"bivt",0.001,5000,"0.05",TRUE,0.000743017693239119,-0.000735926280488685,0.276775351189803
"bivt",0.001,5000,"0.1",TRUE,0.000680188051474513,-0.000725135469846766,0.276775351189803
"bivt",0.001,5000,"0.01",TRUE,0.000984233986414483,-0.000757483061711056,0.276775351189803
"bivt",0.001,5000,"0.05",TRUE,0.000733714363001072,-0.000864265690816977,0.242654639606828
"bivt",0.001,5000,"0.1",TRUE,0.000637842768815057,-0.000862476794949766,0.242654639606828
"bivt",0.001,5000,"0.01",TRUE,0.000887550262951256,-0.000867184286724505,0.242654639606828
"bivt",0.001,5000,"0.05",TRUE,0.000960661312289569,-0.000696385716190363,0.27106714314852
"bivt",0.001,5000,"0.1",TRUE,0.000895250901954995,-0.000688199698483206,0.27106714314852
"bivt",0.001,5000,"0.01",TRUE,0.00106067537996455,-0.00072138831986903,0.27106714314852
"bivt",0.001,5000,"0.05",TRUE,0.00223316944512473,-0.000345453712971605,0.375734715134719
"bivt",0.001,5000,"0.1",TRUE,0.0021712233772508,-0.000331809434542451,0.375734715134719
"bivt",0.001,5000,"0.01",TRUE,0.00240214637519938,-0.000381101798839587,0.375734715134719
"bivt",0.001,5000,"0.05",TRUE,0.000637799801390466,-0.000671564550409863,0.321802118335837
"bivt",0.001,5000,"0.1",FALSE,0.000535759727741891,-0.000660804726355033,0.321802118335837
"bivt",0.001,5000,"0.01",TRUE,0.00078879932267266,-0.000706843806198137,0.321802118335837
"bivt",0.001,5000,"0.05",TRUE,0.000874059091033614,-0.000698402650388035,0.271605104394193
"bivt",0.001,5000,"0.1",TRUE,0.000850896053645131,-0.000679754428880489,0.271605104394193
"bivt",0.001,5000,"0.01",TRUE,0.00104698102873984,-0.000715602312993516,0.271605104394193
"bivt",0.001,5000,"0.05",TRUE,0.000763271304810489,-0.000785543352803647,0.235228567582982
"bivt",0.001,5000,"0.1",TRUE,0.000649236130008146,-0.000770099089419021,0.235228567582982
"bivt",0.001,5000,"0.01",TRUE,0.000960086894851822,-0.000807201663400495,0.235228567582982
"bivt",0.001,5000,"0.05",TRUE,0.00120958346327617,-0.000580396499283328,0.281733724749003
"bivt",0.001,5000,"0.1",TRUE,0.00119163367131673,-0.000574311150924608,0.281733724749003
"bivt",0.001,5000,"0.01",TRUE,0.00132054066487609,-0.000641552435741671,0.281733724749003
"bivt",0.001,5000,"0.05",TRUE,0.000983714871797388,-0.000639694984531035,0.267075645854908
"bivt",0.001,5000,"0.1",TRUE,0.00097443878603816,-0.000625458437172326,0.267075645854908
"bivt",0.001,5000,"0.01",TRUE,0.00105164801400637,-0.000656989345685711,0.267075645854908
"bivt",0.001,5000,"0.05",TRUE,0.00318745810415534,-0.00030881488445233,0.354163758673214
"bivt",0.001,5000,"0.1",TRUE,0.00317776914155939,-0.00027772941342181,0.354163758673214
"bivt",0.001,5000,"0.01",TRUE,0.0033713236317041,-0.000351478274902264,0.354163758673214
"bivt",0.001,5000,"0.05",TRUE,0.000891926840944933,-0.000658912553633346,0.257184051011819
"bivt",0.001,5000,"0.1",TRUE,0.000854411021786247,-0.000652140306539341,0.257184051011819
"bivt",0.001,5000,"0.01",TRUE,0.00103649962012766,-0.000679768320603922,0.257184051011819
"bivt",0.001,5000,"0.05",TRUE,0.000634926899893394,-0.00075370060845715,0.244243960005005
"bivt",0.001,5000,"0.1",TRUE,0.000592809105215661,-0.000742847907722911,0.244243960005005
"bivt",0.001,5000,"0.01",TRUE,0.000825109448187314,-0.000775033804755601,0.244243960005005
"bivt",0.001,5000,"0.05",TRUE,0.000896807399200266,-0.000902273224615093,0.218395944308952
"bivt",0.001,5000,"0.1",TRUE,0.000760597050876044,-0.000896434570237741,0.218395944308952
"bivt",0.001,5000,"0.01",TRUE,0.00125474208328942,-0.000911419622390818,0.218395944308952
"bivt",0.001,5000,"0.05",TRUE,0.000873499590209355,-0.000934037213172467,0.214586789544352
"bivt",0.001,5000,"0.1",TRUE,0.000734334541852286,-0.000933787297086736,0.214586789544352
"bivt",0.001,5000,"0.01",TRUE,0.00118709225406931,-0.000935861153398061,0.214586789544352
"bivt",0.001,5000,"0.05",TRUE,0.000605845194765249,-0.000635380171000407,0.293929324562444
"bivt",0.001,5000,"0.1",TRUE,0.000549258650884489,-0.000623633733174583,0.293929324562444
"bivt",0.001,5000,"0.01",TRUE,0.000826419861969375,-0.0006658220010688,0.293929324562444
"bivt",0.001,5000,"0.05",TRUE,0.000587418078251392,-0.000693686833153996,0.275061807430765
"bivt",0.001,5000,"0.1",TRUE,0.00051601687857607,-0.000680757039097898,0.275061807430765
"bivt",0.001,5000,"0.01",TRUE,0.000716718979301642,-0.000712334425307809,0.275061807430765
"bivt",0.001,5000,"0.05",TRUE,0.000673805582224703,-0.000861892484411118,0.269980248479633
"bivt",0.001,5000,"0.1",TRUE,0.000621643173910885,-0.000852432369994351,0.269980248479633
"bivt",0.001,5000,"0.01",TRUE,0.00108033315702213,-0.000877877641944158,0.269980248479633
"bivt",0.001,5000,"0.05",TRUE,0.00183271429236326,-0.000473832499413671,0.263350358480379
"bivt",0.001,5000,"0.1",TRUE,0.00165001235043719,-0.000458057193827408,0.263350358480379
"bivt",0.001,5000,"0.01",TRUE,0.00200992830870983,-0.000511498882613562,0.263350358480379
"bivt",0.001,5000,"0.05",TRUE,0.000762372450931612,-0.000858578334378844,0.266602312103925
"bivt",0.001,5000,"0.1",TRUE,0.000646218388209426,-0.000849089198880066,0.266602312103925
"bivt",0.001,5000,"0.01",TRUE,0.000905276967866102,-0.00087222247771796,0.266602312103925
"bivt",0.001,5000,"0.05",TRUE,0.000771183785257127,-0.000790678822042338,0.232668989910354
"bivt",0.001,5000,"0.1",TRUE,0.000664088278271782,-0.000787615341948543,0.232668989910354
"bivt",0.001,5000,"0.01",TRUE,0.00107775579541467,-0.000821104550069093,0.232668989910354
"bivt",0.001,5000,"0.05",TRUE,0.000819496273883265,-0.000828465871715809,0.2454391155237
"bivt",0.001,5000,"0.1",TRUE,0.000733731825697219,-0.000815630083379012,0.2454391155237
"bivt",0.001,5000,"0.01",TRUE,0.000909957687915412,-0.000847603499721864,0.2454391155237
"bivt",0.001,5000,"0.05",TRUE,0.000798495684902031,-0.000838463763065894,0.234324654837178
"bivt",0.001,5000,"0.1",TRUE,0.000686256852115493,-0.000827745969383834,0.234324654837178
"bivt",0.001,5000,"0.01",TRUE,0.00103103525542719,-0.000852286394029989,0.234324654837178
"bivt",0.001,5000,"0.05",TRUE,0.000962245611273699,-0.000553912891440577,0.355938228395756
"bivt",0.001,5000,"0.1",TRUE,0.000867024507087518,-0.0005436234268986,0.355938228395756
"bivt",0.001,5000,"0.01",TRUE,0.00104221667308988,-0.000587808415907088,0.355938228395756
"bivt",0.001,5000,"0.05",TRUE,0.000995413929501839,-0.000707048490216263,0.302794763539571
"bivt",0.001,5000,"0.1",TRUE,0.000910507162266737,-0.000699320418324941,0.302794763539571
"bivt",0.001,5000,"0.01",TRUE,0.00121313365001495,-0.000735299420278112,0.302794763539571
"bivt",0.001,5000,"0.05",TRUE,0.000578535290213314,-0.000689837877543519,0.27305073432341
"bivt",0.001,5000,"0.1",TRUE,0.000492114404720944,-0.000666092744706506,0.27305073432341
"bivt",0.001,5000,"0.01",TRUE,0.000739049874952191,-0.000704283935295304,0.27305073432341
"bivt",0.001,5000,"0.05",TRUE,0.000641105665137824,-0.000580807990938982,0.319027609100604
"bivt",0.001,5000,"0.1",TRUE,0.0006001703578108,-0.000555870883941268,0.319027609100604
"bivt",0.001,5000,"0.01",TRUE,0.000944467098535283,-0.0006059716215095,0.319027609100604
"bivt",0.001,5000,"0.05",TRUE,0.00118432819226895,-0.000394542017419292,0.299010560882328
"bivt",0.001,5000,"0.1",TRUE,0.00105982128295049,-0.000379411754495738,0.299010560882328
"bivt",0.001,5000,"0.01",TRUE,0.00145164851474484,-0.000417657228590252,0.299010560882328
"bivt",0.001,5000,"0.05",TRUE,0.000891855825731215,-0.000756927032156063,0.254952119348517
"bivt",0.001,5000,"0.1",TRUE,0.000828767338531143,-0.0007560030167652,0.254952119348517
"bivt",0.001,5000,"0.01",TRUE,0.000978980271669845,-0.000777928873037797,0.254952119348517
"bivt",0.001,5000,"0.05",TRUE,0.00131407107958973,-0.00034190379555752,0.313454885284988
"bivt",0.001,5000,"0.1",TRUE,0.00123483014448293,-0.000316302647278729,0.313454885284988
"bivt",0.001,5000,"0.01",TRUE,0.00147902429342057,-0.000376137475171886,0.313454885284988
"bivt",0.001,5000,"0.05",TRUE,0.000741582585765063,-0.000667699862009832,0.261323094042529
"bivt",0.001,5000,"0.1",TRUE,0.000674742275899918,-0.000661536975627896,0.261323094042529
"bivt",0.001,5000,"0.01",TRUE,0.000844631958585335,-0.000705929730881892,0.261323094042529
"bivt",0.001,5000,"0.05",TRUE,0.000733127879785206,-0.00075576487920307,0.286436082891774
"bivt",0.001,5000,"0.1",TRUE,0.000651211907786488,-0.000743673671141113,0.286436082891774
"bivt",0.001,5000,"0.01",TRUE,0.000971178215301218,-0.000778193408641403,0.286436082891774
"bivt",0.001,5000,"0.05",TRUE,0.00208051782190719,-0.000342264532490988,0.306892886886559
"bivt",0.001,5000,"0.1",TRUE,0.00202905500490348,-0.000285389750666239,0.306892886886559
"bivt",0.001,5000,"0.01",TRUE,0.00225194208520131,-0.00037368269776669,0.306892886886559
"bivt",0.001,5000,"0.05",TRUE,0.0018336864562534,-0.000588225910034343,0.27369488233287
"bivt",0.001,5000,"0.1",TRUE,0.0017897925201077,-0.00055152587258754,0.27369488233287
"bivt",0.001,5000,"0.01",TRUE,0.00199196353782592,-0.000620067358338419,0.27369488233287
"bivt",0.001,5000,"0.05",TRUE,0.000657572890837894,-0.000743296422566596,0.225400996179127
"bivt",0.001,5000,"0.1",TRUE,0.000534078455375074,-0.000728169137382052,0.225400996179127
"bivt",0.001,5000,"0.01",TRUE,0.000809969789054057,-0.000765865027645683,0.225400996179127
"bivt",0.001,5000,"0.05",TRUE,0.000852261258083425,-0.000738914674058807,0.270945666038389
"bivt",0.001,5000,"0.1",TRUE,0.000734674385924967,-0.000727072048711129,0.270945666038389
"bivt",0.001,5000,"0.01",TRUE,0.00104673252640921,-0.000750866879289964,0.270945666038389
"bivt",0.001,5000,"0.05",TRUE,0.00216301713294169,-0.000280881914143479,0.315882710162134
"bivt",0.001,5000,"0.1",TRUE,0.00212147153018167,-0.000255868128259158,0.315882710162134
"bivt",0.001,5000,"0.01",TRUE,0.00234040437975783,-0.000332560867226803,0.315882710162134
"bivt",0.001,5000,"0.05",TRUE,0.000698715883779384,-0.000790345630891835,0.276761818665832
"bivt",0.001,5000,"0.1",TRUE,0.000683630197594681,-0.000781320395653582,0.276761818665832
"bivt",0.001,5000,"0.01",TRUE,0.000897439479967952,-0.000809966862728699,0.276761818665832
"bivt",0.001,5000,"0.05",TRUE,0.00199378533235661,-0.000353232565808678,0.280659605131494
"bivt",0.001,5000,"0.1",TRUE,0.00193242037787567,-0.000314285168636255,0.280659605131494
"bivt",0.001,5000,"0.01",TRUE,0.00220999256108969,-0.00041484040196324,0.280659605131494
"bivt",0.001,5000,"0.05",TRUE,0.00179245303097959,-0.00046908100763508,0.280219527501362
"bivt",0.001,5000,"0.1",TRUE,0.00172729746960284,-0.000435502014110694,0.280219527501362
"bivt",0.001,5000,"0.01",TRUE,0.00204178899190533,-0.000526275141677871,0.280219527501362
"bivt",0.001,5000,"0.05",TRUE,0.000794452377919136,-0.000833731075484109,0.236575283199107
"bivt",0.001,5000,"0.1",TRUE,0.000569589713172541,-0.000824143082970978,0.236575283199107
"bivt",0.001,5000,"0.01",TRUE,0.000976537946021195,-0.000848207499435348,0.236575283199107
"bivt",0.001,5000,"0.05",TRUE,0.000641193411824532,-0.000796112004686918,0.308403571038779
"bivt",0.001,5000,"0.1",TRUE,0.000573152291140992,-0.000785179280680512,0.308403571038779
"bivt",0.001,5000,"0.01",TRUE,0.000830172950719244,-0.000804694245875283,0.308403571038779
"bivt",0.001,5000,"0.05",TRUE,0.000615428475049042,-0.000784255927722106,0.28218455983926
"bivt",0.001,5000,"0.1",TRUE,0.000523899860079761,-0.000779233073629401,0.28218455983926
"bivt",0.001,5000,"0.01",TRUE,0.000767993520039687,-0.00080406254667295,0.28218455983926
"bivt",0.001,5000,"0.05",TRUE,0.000826919580714934,-0.000886065130346637,0.195432760513235
"bivt",0.001,5000,"0.1",TRUE,0.000693292445106071,-0.000876834712104273,0.195432760513235
"bivt",0.001,5000,"0.01",TRUE,0.001065390231297,-0.000904760499543577,0.195432760513235
"bivt",0.001,5000,"0.05",TRUE,0.00059132477595632,-0.000850304101646251,0.259419444179004
"bivt",0.001,5000,"0.1",TRUE,0.000470307651761661,-0.000842737906602314,0.259419444179004
"bivt",0.001,5000,"0.01",TRUE,0.000807285842197494,-0.000859550405319597,0.259419444179004
"bivt",0.001,5000,"0.05",TRUE,0.000656715164358157,-0.000788968335533011,0.281339972544623
"bivt",0.001,5000,"0.1",TRUE,0.000525603066884155,-0.000784135340664652,0.281339972544623
"bivt",0.001,5000,"0.01",TRUE,0.000846943780913077,-0.000820740942171043,0.281339972544623
"bivt",0.001,5000,"0.05",TRUE,0.000637967511998453,-0.000740752324010063,0.257446897275963
"bivt",0.001,5000,"0.1",TRUE,0.000553235719703982,-0.000732910657584622,0.257446897275963
"bivt",0.001,5000,"0.01",TRUE,0.000688717995416672,-0.000751991658288329,0.257446897275963
"bivt",0.001,5000,"0.05",TRUE,0.000589795452337718,-0.000590236613527687,0.291224704927148
"bivt",0.001,5000,"0.1",TRUE,0.000535288696822205,-0.000563759809622895,0.291224704927148
"bivt",0.001,5000,"0.01",TRUE,0.000715274968917908,-0.000641536213634983,0.291224704927148
"bivt",0.001,5000,"0.05",TRUE,0.00174502361703849,-0.000508052021013314,0.296227019410895
"bivt",0.001,5000,"0.1",TRUE,0.00173605143080212,-0.000498601549974854,0.296227019410895
"bivt",0.001,5000,"0.01",TRUE,0.00190972370477872,-0.000556475405261968,0.296227019410895
"bivt",0.001,5000,"0.05",TRUE,0.000910128008437251,-0.00059560613192217,0.24213217326894
"bivt",0.001,5000,"0.1",TRUE,0.000854315074457303,-0.000579435055564359,0.24213217326894
"bivt",0.001,5000,"0.01",TRUE,0.00103296829157511,-0.000632935847421069,0.24213217326894
"bivt",0.001,5000,"0.05",TRUE,0.000622477553521563,-0.000738377215591803,0.261117985721373
"bivt",0.001,5000,"0.1",TRUE,0.000501459065518769,-0.000734009685684664,0.261117985721373
"bivt",0.001,5000,"0.01",TRUE,0.000769137137874924,-0.000751964989274018,0.261117985721373
"bivt",0.001,5000,"0.05",TRUE,0.000764286310001796,-0.000680273108801365,0.258286022657365
"bivt",0.001,5000,"0.1",TRUE,0.000697443884992892,-0.000666150143023078,0.258286022657365
"bivt",0.001,5000,"0.01",TRUE,0.000905130427193764,-0.000723773525281382,0.258286022657365
"bivt",0.001,5000,"0.05",TRUE,0.00127190400893248,-0.000827665814354322,0.259273214748416
"bivt",0.001,5000,"0.1",TRUE,0.00112531294698527,-0.000815824072004867,0.259273214748416
"bivt",0.001,5000,"0.01",TRUE,0.00133951858908541,-0.000837996951367861,0.259273214748416
"bivt",0.001,5000,"0.05",TRUE,0.000489364078282906,-0.000678511129455379,0.27703050398984
"bivt",0.001,5000,"0.1",TRUE,0.000436005293040345,-0.000658307598148338,0.27703050398984
"bivt",0.001,5000,"0.01",TRUE,0.000544969133625145,-0.000699346244679907,0.27703050398984
"bivt",0.001,5000,"0.05",TRUE,0.000773236870311799,-0.000795857613071408,0.224077672545703
"bivt",0.001,5000,"0.1",TRUE,0.000637317806449697,-0.000791187127521204,0.224077672545703
"bivt",0.001,5000,"0.01",TRUE,0.00106718107581938,-0.000826565862130225,0.224077672545703
"bivt",0.001,5000,"0.05",TRUE,0.000838529392304812,-0.000860152597930445,0.230243977157235
"bivt",0.001,5000,"0.1",TRUE,0.000737083325161834,-0.000854513042156272,0.230243977157235
"bivt",0.001,5000,"0.01",TRUE,0.00104223564357869,-0.000869255488422383,0.230243977157235
"bivt",0.001,5000,"0.05",TRUE,0.000730322613260523,-0.000781242261057477,0.223207679878507
"bivt",0.001,5000,"0.1",TRUE,0.000660516738547847,-0.000772297417137217,0.223207679878507
"bivt",0.001,5000,"0.01",TRUE,0.000877841589599435,-0.000808050074806275,0.223207679878507
"bivt",0.001,5000,"0.05",TRUE,0.000878497855874563,-0.000873494753648108,0.223941478383569
"bivt",0.001,5000,"0.1",TRUE,0.000769863958442204,-0.000869823478211479,0.223941478383569
"bivt",0.001,5000,"0.01",TRUE,0.00106956289172891,-0.000881547040832598,0.223941478383569
"bivt",0.001,5000,"0.05",TRUE,0.000704851524893227,-0.000799044960209846,0.259565852305549
"bivt",0.001,5000,"0.1",TRUE,0.000610710820374487,-0.000793353588066029,0.259565852305549
"bivt",0.001,5000,"0.01",TRUE,0.000870621887821268,-0.000820202610426938,0.259565852305549
"bivt",0.001,5000,"0.05",TRUE,0.000656430710676983,-0.000770712673267265,0.289839562281549
"bivt",0.001,5000,"0.1",TRUE,0.000553239199558463,-0.000758297350895602,0.289839562281549
"bivt",0.001,5000,"0.01",TRUE,0.00083532146972905,-0.000782230181524375,0.289839562281549
"bivt",0.001,5000,"0.05",TRUE,0.000626214717048458,-0.000880091761035947,0.267733139642996
"bivt",0.001,5000,"0.1",TRUE,0.000524497293420414,-0.000875454103611429,0.267733139642996
"bivt",0.001,5000,"0.01",TRUE,0.000825815398231735,-0.000888422324250826,0.267733139642996
"bivt",0.001,5000,"0.05",TRUE,0.000629826740311783,-0.000505568999318888,0.283155497879749
"bivt",0.001,5000,"0.1",TRUE,0.000563998513510396,-0.000489454790448678,0.283155497879749
"bivt",0.001,5000,"0.01",TRUE,0.000804478540758174,-0.000542910047321393,0.283155497879749
"bivt",0.001,5000,"0.05",TRUE,0.0017548715334046,-0.000705163861035176,0.261181105479067
"bivt",0.001,5000,"0.1",TRUE,0.00158344440545977,-0.000687838060162778,0.261181105479067
"bivt",0.001,5000,"0.01",TRUE,0.00188467632324523,-0.000724176625790467,0.261181105479067
"bivt",0.001,5000,"0.05",TRUE,0.000763489082510535,-0.000710290984895913,0.273809317711169
"bivt",0.001,5000,"0.1",TRUE,0.000691254588144515,-0.000706280943938192,0.273809317711169
"bivt",0.001,5000,"0.01",TRUE,0.00110146288670578,-0.000734230406900371,0.273809317711169
"bivt",0.001,5000,"0.05",TRUE,0.00153957288878911,-0.000652762274019542,0.259312807392367
"bivt",0.001,5000,"0.1",TRUE,0.00143357224792968,-0.000619274227708476,0.259312807392367
"bivt",0.001,5000,"0.01",TRUE,0.0016372432465622,-0.000679765094155552,0.259312807392367
"bivt",0.001,5000,"0.05",TRUE,0.000478305600209695,-0.00057684982675205,0.277055213573348
"bivt",0.001,5000,"0.1",TRUE,0.000402830773218461,-0.000565656780790945,0.277055213573348
"bivt",0.001,5000,"0.01",TRUE,0.000569537358802147,-0.00060944098731268,0.277055213573348
"bivt",0.001,5000,"0.05",TRUE,0.000619550959446938,-0.000825051790878812,0.240052629330923
"bivt",0.001,5000,"0.1",TRUE,0.000529609804484533,-0.000820728455266273,0.240052629330923
"bivt",0.001,5000,"0.01",TRUE,0.000789716179182307,-0.000833623003602317,0.240052629330923
"bivt",0.001,5000,"0.05",TRUE,0.00102661219455817,-0.000613512092801067,0.295907828132822
"bivt",0.001,5000,"0.1",TRUE,0.000983399487521875,-0.000594219269411163,0.295907828132822
"bivt",0.001,5000,"0.01",TRUE,0.0013045357597769,-0.000649901848221142,0.295907828132822
"bivt",0.001,5000,"0.05",TRUE,0.00107125328938999,-0.00057398396303593,0.275467261453281
"bivt",0.001,5000,"0.1",TRUE,0.00101928224337385,-0.000551041021924062,0.275467261453281
"bivt",0.001,5000,"0.01",TRUE,0.0013212612270919,-0.00059968489803842,0.275467261453281
"bivt",0.001,5000,"0.05",TRUE,0.000806854158152752,-0.000585034969146706,0.330870749785128
"bivt",0.001,5000,"0.1",TRUE,0.00078766768131792,-0.000566569219454132,0.330870749785128
"bivt",0.001,5000,"0.01",TRUE,0.000949362973011634,-0.000600636982382926,0.330870749785128
"bivt",0.001,5000,"0.05",TRUE,0.00107759993687837,-0.000666014680734671,0.313601990964365
"bivt",0.001,5000,"0.1",TRUE,0.00100673667075908,-0.000661239937135238,0.313601990964365
"bivt",0.001,5000,"0.01",TRUE,0.00124865755710511,-0.000689120587735571,0.313601990964365
"bivt",0.001,5000,"0.05",TRUE,0.000982712190999984,-0.000553960290388735,0.272874473622611
"bivt",0.001,5000,"0.1",TRUE,0.000907289963079095,-0.000531005541103486,0.272874473622611
"bivt",0.001,5000,"0.01",TRUE,0.00112904395389815,-0.000579830631805992,0.272874473622611
"bivt",0.001,5000,"0.05",TRUE,0.000595467282216935,-0.000595664349633454,0.295604277599427
"bivt",0.001,5000,"0.1",TRUE,0.000499563118351345,-0.00058670358639246,0.295604277599427
"bivt",0.001,5000,"0.01",TRUE,0.000913118391778155,-0.000614219979882007,0.295604277599427
"bivt",0.001,5000,"0.05",TRUE,0.00250760156637061,-0.000269085215940337,0.35284304940227
"bivt",0.001,5000,"0.1",TRUE,0.00248660820045711,-0.000238776038330735,0.35284304940227
"bivt",0.001,5000,"0.01",TRUE,0.00263556999093097,-0.000294391628131208,0.35284304940227
"bivt",0.001,5000,"0.05",TRUE,0.0016761519578828,-0.00033061272291266,0.296985398916504
"bivt",0.001,5000,"0.1",TRUE,0.00155046856626282,-0.000312664802440711,0.296985398916504
"bivt",0.001,5000,"0.01",TRUE,0.00173088065361423,-0.000363151865422739,0.296985398916504
"bivt",0.001,5000,"0.05",TRUE,0.000700213872724342,-0.000796748024739917,0.242182373157805
"bivt",0.001,5000,"0.1",TRUE,0.000560268229023978,-0.000789791223640792,0.242182373157805
"bivt",0.001,5000,"0.01",TRUE,0.000947431778870223,-0.000816092245841088,0.242182373157805
"bivt",0.001,5000,"0.05",TRUE,0.000674881401857425,-0.000763414418624483,0.255663412619283
"bivt",0.001,5000,"0.1",TRUE,0.000639172763360807,-0.000750130904937742,0.255663412619283
"bivt",0.001,5000,"0.01",TRUE,0.000887558318421426,-0.000781097390779205,0.255663412619283
"bivt",0.001,5000,"0.05",TRUE,0.000608531027734764,-0.000661416959742201,0.241877549750422
"bivt",0.001,5000,"0.1",TRUE,0.000514497593845137,-0.000651834452430457,0.241877549750422
"bivt",0.001,5000,"0.01",TRUE,0.000769422046527606,-0.000684023858184451,0.241877549750422
"bivt",0.001,5000,"0.05",TRUE,0.000676232635571475,-0.000813215303629246,0.224689282532342
"bivt",0.001,5000,"0.1",TRUE,0.000571330454766114,-0.000795174275753104,0.224689282532342
"bivt",0.001,5000,"0.01",TRUE,0.000828865036354473,-0.000822944790211143,0.224689282532342
"bivt",0.001,5000,"0.05",TRUE,0.000694838486607113,-0.000692600783993682,0.254377455110768
"bivt",0.001,5000,"0.1",TRUE,0.000605292953915671,-0.000679986048615741,0.254377455110768
"bivt",0.001,5000,"0.01",TRUE,0.000901447352917914,-0.000736976423628241,0.254377455110768
"bivt",0.001,5000,"0.05",TRUE,0.000829649765435482,-0.000604323297028413,0.277433786968119
"bivt",0.001,5000,"0.1",TRUE,0.000634803240264519,-0.000601286568716101,0.277433786968119
"bivt",0.001,5000,"0.01",TRUE,0.00106518410787146,-0.000640583744261026,0.277433786968119
"bivt",0.001,5000,"0.05",TRUE,0.00167049472320562,-0.000338275552959503,0.300083111050272
"bivt",0.001,5000,"0.1",TRUE,0.00151655263701569,-0.000294527357288327,0.300083111050272
"bivt",0.001,5000,"0.01",TRUE,0.00180915002988829,-0.000393002000121885,0.300083111050272
"bivt",0.001,5000,"0.05",TRUE,0.000682596186940421,-0.000828864776334299,0.275646024454857
"bivt",0.001,5000,"0.1",TRUE,0.000565628157185075,-0.000812681649464117,0.275646024454857
"bivt",0.001,5000,"0.01",TRUE,0.000909630140833316,-0.000861054481837104,0.275646024454857
"bivt",0.001,5000,"0.05",TRUE,0.00128751283543096,-0.000565855017597236,0.261583221638804
"bivt",0.001,5000,"0.1",TRUE,0.00123826888459721,-0.000536618769166426,0.261583221638804
"bivt",0.001,5000,"0.01",TRUE,0.00148656526705039,-0.000607508979177308,0.261583221638804
"bivt",0.001,5000,"0.05",TRUE,0.00067236533779528,-0.000906691721525381,0.227106136985663
"bivt",0.001,5000,"0.1",TRUE,0.000598880816454477,-0.000894024670498427,0.227106136985663
"bivt",0.001,5000,"0.01",TRUE,0.000900849630985906,-0.000910503764644902,0.227106136985663
"bivt",0.001,5000,"0.05",TRUE,0.000761303587465542,-0.000869138511033432,0.244040605042251
"bivt",0.001,5000,"0.1",TRUE,0.000686126704187722,-0.000856563719720837,0.244040605042251
"bivt",0.001,5000,"0.01",TRUE,0.000992034896873926,-0.000879825501795506,0.244040605042251
"bivt",0.001,5000,"0.05",TRUE,0.001308329091854,-0.000689505716713739,0.295772482429558
"bivt",0.001,5000,"0.1",TRUE,0.0012242236139003,-0.00068824705182792,0.295772482429558
"bivt",0.001,5000,"0.01",TRUE,0.00149399635165679,-0.000704836144336407,0.295772482429558
"bivt",0.001,5000,"0.05",TRUE,0.00190108365442606,-0.000538323335118076,0.309242102329071
"bivt",0.001,5000,"0.1",TRUE,0.00187686718579538,-0.000535855534981978,0.309242102329071
"bivt",0.001,5000,"0.01",TRUE,0.00221540619111165,-0.000576187411690382,0.309242102329071
"bivt",0.001,5000,"0.05",TRUE,0.000861251616201712,-0.00057195203513245,0.288651780432703
"bivt",0.001,5000,"0.1",TRUE,0.00071950641386305,-0.000553492154794228,0.288651780432703
"bivt",0.001,5000,"0.01",TRUE,0.00106950026935256,-0.000593221230469414,0.288651780432703
"bivt",0.001,5000,"0.05",TRUE,0.00061235131866586,-0.000632327433612771,0.30946156259697
"bivt",0.001,5000,"0.1",TRUE,0.000498206399885079,-0.000610226126581611,0.30946156259697
"bivt",0.001,5000,"0.01",TRUE,0.000723949061059956,-0.00065583628515638,0.30946156259697
"bivt",0.001,5000,"0.05",TRUE,0.000582402611622851,-0.000730960494344073,0.269892017160718
"bivt",0.001,5000,"0.1",TRUE,0.000542549332578068,-0.000721573953876658,0.269892017160718
"bivt",0.001,5000,"0.01",TRUE,0.000864634742833103,-0.000747956783243501,0.269892017160718
"bivt",0.001,5000,"0.05",TRUE,0.00106135710470179,-0.00069353041750264,0.253137858803315
"bivt",0.001,5000,"0.1",TRUE,0.00096976787411397,-0.00067763480726367,0.253137858803315
"bivt",0.001,5000,"0.01",TRUE,0.00123724817574267,-0.000714777249881083,0.253137858803315
"bivt",0.001,5000,"0.05",TRUE,0.00237291311169621,-0.000508511736305882,0.282895919029167
"bivt",0.001,5000,"0.1",TRUE,0.00228214669044498,-0.000491331503174814,0.282895919029167
"bivt",0.001,5000,"0.01",TRUE,0.00241894119474936,-0.000523894187606492,0.282895919029167
"bivt",0.001,5000,"0.05",TRUE,0.000706005729279292,-0.000787551328574129,0.226795186907051
"bivt",0.001,5000,"0.1",TRUE,0.000581794948589317,-0.000785713617687223,0.226795186907051
"bivt",0.001,5000,"0.01",TRUE,0.000891203585010517,-0.000798986981122782,0.226795186907051
"bivt",0.001,5000,"0.05",TRUE,0.000588981630520237,-0.000641393773440668,0.267471955516317
"bivt",0.001,5000,"0.1",TRUE,0.000517340354888017,-0.000635505519933116,0.267471955516317
"bivt",0.001,5000,"0.01",TRUE,0.000697320069903015,-0.000679627359975859,0.267471955516317
"bivt",0.001,5000,"0.05",TRUE,0.000763197977260318,-0.000652916238274466,0.278879950535599
"bivt",0.001,5000,"0.1",TRUE,0.000694275489233265,-0.000647957711151357,0.278879950535599
"bivt",0.001,5000,"0.01",TRUE,0.000924464583608303,-0.000682313620432114,0.278879950535599
"bivt",0.001,5000,"0.05",TRUE,0.00117396440584969,-0.000609277952741124,0.27304735476078
"bivt",0.001,5000,"0.1",TRUE,0.0011115983783348,-0.000582794410850917,0.27304735476078
"bivt",0.001,5000,"0.01",TRUE,0.00131117860611561,-0.000630929666163665,0.27304735476078
"bivt",0.001,5000,"0.05",TRUE,0.00196335648986885,-0.000380906893144878,0.314502501504225
"bivt",0.001,5000,"0.1",TRUE,0.00187853099316786,-0.000346356731376531,0.314502501504225
"bivt",0.001,5000,"0.01",TRUE,0.00216476947052286,-0.00042681920180544,0.314502501504225
"bivt",0.001,5000,"0.05",TRUE,0.000640934845365666,-0.000670158816227678,0.275079524608203
"bivt",0.001,5000,"0.1",TRUE,0.000556079011734533,-0.000664308962180465,0.275079524608203
"bivt",0.001,5000,"0.01",TRUE,0.000785733839018837,-0.000692680251011055,0.275079524608203
"bivt",0.001,5000,"0.05",TRUE,0.00161657863099469,-0.00049158900021295,0.278704743043173
"bivt",0.001,5000,"0.1",TRUE,0.00144622118698897,-0.00045857336759435,0.278704743043173
"bivt",0.001,5000,"0.01",TRUE,0.00176400525064654,-0.000546102583164722,0.278704743043173
"bivt",0.001,5000,"0.05",TRUE,0.00145813043422856,-0.000560489346106976,0.269754515333659
"bivt",0.001,5000,"0.1",TRUE,0.00125843773303899,-0.000539016900365877,0.269754515333659
"bivt",0.001,5000,"0.01",TRUE,0.00162309063237736,-0.000615456193180602,0.269754515333659
"bivt",0.001,5000,"0.05",TRUE,0.00122638309967235,-0.000617739800154227,0.267721178753389
"bivt",0.001,5000,"0.1",TRUE,0.00116832405418947,-0.000609524804720391,0.267721178753389
"bivt",0.001,5000,"0.01",TRUE,0.00130416367873444,-0.000662037264826907,0.267721178753389
"bivt",0.001,5000,"0.05",TRUE,0.00188122148252199,-0.000526235337889977,0.293117441220329
"bivt",0.001,5000,"0.1",TRUE,0.00176399942625667,-0.000509484147625411,0.293117441220329
"bivt",0.001,5000,"0.01",TRUE,0.0021769172482638,-0.000558564783279079,0.293117441220329
"bivt",0.001,5000,"0.05",TRUE,0.0011090934629508,-0.000419211641683012,0.280249109460669
"bivt",0.001,5000,"0.1",TRUE,0.000922460916895446,-0.000391916644573073,0.280249109460669
"bivt",0.001,5000,"0.01",TRUE,0.00125507167753242,-0.00046473487850766,0.280249109460669
"bivt",0.001,5000,"0.05",TRUE,0.000958435975300501,-0.000732527372191693,0.296509941543094
"bivt",0.001,5000,"0.1",TRUE,0.000857831980803925,-0.000720901209616883,0.296509941543094
"bivt",0.001,5000,"0.01",TRUE,0.00105337083195104,-0.000762011686087205,0.296509941543094
"bivt",0.001,5000,"0.05",TRUE,0.000804154618263866,-0.000641012039621459,0.290977248566874
"bivt",0.001,5000,"0.1",TRUE,0.000772771160607779,-0.000611667886796369,0.290977248566874
"bivt",0.001,5000,"0.01",TRUE,0.000923290937996607,-0.00067886612252791,0.290977248566874
"bivt",0.001,5000,"0.05",TRUE,0.000673723227879774,-0.000736791411510239,0.247464236650491
"bivt",0.001,5000,"0.1",TRUE,0.000592378604608827,-0.000726573076072018,0.247464236650491
"bivt",0.001,5000,"0.01",TRUE,0.000913020018255508,-0.000755445469538842,0.247464236650491
"bivt",0.001,5000,"0.05",TRUE,0.00140413004389362,-0.000489419369426601,0.300860168013984
"bivt",0.001,5000,"0.1",TRUE,0.00132407727236671,-0.000476246919817493,0.300860168013984
"bivt",0.001,5000,"0.01",TRUE,0.00155631200582997,-0.000540677553087933,0.300860168013984
"bivt",0.001,5000,"0.05",TRUE,0.00106324039228397,-0.000606876816959348,0.310203211293929
"bivt",0.001,5000,"0.1",TRUE,0.000973002296355286,-0.000586762466286672,0.310203211293929
"bivt",0.001,5000,"0.01",TRUE,0.001164613973843,-0.000637289816993301,0.310203211293929
"bivt",0.001,5000,"0.05",TRUE,0.000671013892089881,-0.000759803438384428,0.294330483688384
"bivt",0.001,5000,"0.1",TRUE,0.000564369121356152,-0.000744037934182548,0.294330483688384
"bivt",0.001,5000,"0.01",TRUE,0.000893335416037963,-0.000778393637162129,0.294330483688384
"bivt",0.001,5000,"0.05",TRUE,0.000783847949003097,-0.000734999862606183,0.236937192582693
"bivt",0.001,5000,"0.1",TRUE,0.000658390441283971,-0.000717903232719958,0.236937192582693
"bivt",0.001,5000,"0.01",TRUE,0.000947362845944104,-0.000748071441287446,0.236937192582693
"bivt",0.001,5000,"0.05",TRUE,0.00134475095042429,-0.000498994848900842,0.317888499865294
"bivt",0.001,5000,"0.1",TRUE,0.0011947548267473,-0.000491306494096316,0.317888499865294
"bivt",0.001,5000,"0.01",TRUE,0.00152493581676906,-0.000515596398883116,0.317888499865294
"bivt",0.001,5000,"0.05",TRUE,0.000993774076666227,-0.000487770118236862,0.341011486640623
"bivt",0.001,5000,"0.1",TRUE,0.000952643131166182,-0.000469435210920277,0.341011486640623
"bivt",0.001,5000,"0.01",TRUE,0.00104983855143282,-0.000512900964212203,0.341011486640623
"bivt",0.001,5000,"0.05",TRUE,0.000730479418256968,-0.00055319816188615,0.327218815978509
"bivt",0.001,5000,"0.1",TRUE,0.000696909489593174,-0.000539274712379536,0.327218815978509
"bivt",0.001,5000,"0.01",TRUE,0.00092167944853086,-0.000588456477072847,0.327218815978509
"bivt",0.001,5000,"0.05",TRUE,0.00118357829659741,-0.000685122731266841,0.250123378294419
"bivt",0.001,5000,"0.1",TRUE,0.00109952665023642,-0.000676766884577917,0.250123378294419
"bivt",0.001,5000,"0.01",TRUE,0.00127020847198616,-0.000703929910169776,0.250123378294419
"bivt",0.001,5000,"0.05",TRUE,0.00103293545924413,-0.000711011722370579,0.280171329911264
"bivt",0.001,5000,"0.1",TRUE,0.00101316318233582,-0.000706118081617706,0.280171329911264
"bivt",0.001,5000,"0.01",TRUE,0.0011308418383312,-0.000743000838978935,0.280171329911264
"bivt",0.001,5000,"0.05",TRUE,0.000874898545012322,-0.000855854901278647,0.253535214487386
"bivt",0.001,5000,"0.1",TRUE,0.000658205332212971,-0.000848420442690751,0.253535214487386
"bivt",0.001,5000,"0.01",TRUE,0.00128454396628375,-0.000867228023979148,0.253535214487386
"bivt",0.001,5000,"0.05",TRUE,0.00141956648766176,-0.000797349704383937,0.259669828305191
"bivt",0.001,5000,"0.1",TRUE,0.00128129718603485,-0.000787967814458863,0.259669828305191
"bivt",0.001,5000,"0.01",TRUE,0.00159926182160984,-0.000814665837324641,0.259669828305191
"bivt",0.001,5000,"0.05",TRUE,0.00102102608458094,-0.000647120335588464,0.270768519365994
"bivt",0.001,5000,"0.1",TRUE,0.00084270827114202,-0.000633756223318957,0.270768519365994
"bivt",0.001,5000,"0.01",TRUE,0.00111766663344801,-0.000672318201316271,0.270768519365994
"bivt",0.001,5000,"0.05",TRUE,0.0012230854648233,-0.000463491883636496,0.308191808575254
"bivt",0.001,5000,"0.1",TRUE,0.00120280256818283,-0.000441766343899601,0.308191808575254
"bivt",0.001,5000,"0.01",TRUE,0.00152535958990929,-0.000511908685714992,0.308191808575254
"bivt",0.001,5000,"0.05",TRUE,0.000933727444807376,-0.000741844809245514,0.305216680567009
"bivt",0.001,5000,"0.1",TRUE,0.000836194097301597,-0.000736781704882837,0.305216680567009
"bivt",0.001,5000,"0.01",TRUE,0.00100760847908137,-0.000757035796787052,0.305216680567009
"bivt",0.001,5000,"0.05",TRUE,0.000988168426797935,-0.00065606958751236,0.259213505113387
"bivt",0.001,5000,"0.1",TRUE,0.000923130224455334,-0.000644810440764441,0.259213505113387
"bivt",0.001,5000,"0.01",TRUE,0.00109846292586674,-0.000684024118274958,0.259213505113387
"bivt",0.001,5000,"0.05",TRUE,0.00314320285143329,-0.000286999670744197,0.341933282518412
"bivt",0.001,5000,"0.1",TRUE,0.0031340460709346,-0.000261682549607967,0.341933282518412
"bivt",0.001,5000,"0.01",TRUE,0.00344095470042791,-0.000330955973111727,0.341933282518412
"bivt",0.001,5000,"0.05",TRUE,0.000886949902283493,-0.000797523790308966,0.258518134070087
"bivt",0.001,5000,"0.1",TRUE,0.000694518320766605,-0.000793524668758948,0.258518134070087
"bivt",0.001,5000,"0.01",TRUE,0.00113879444179707,-0.000812240563146786,0.258518134070087
"bivt",0.001,5000,"0.05",TRUE,0.000686577497457669,-0.000818455754073717,0.230820885670001
"bivt",0.001,5000,"0.1",TRUE,0.000583131055628662,-0.000813153041588466,0.230820885670001
"bivt",0.001,5000,"0.01",TRUE,0.000973104656746171,-0.000848695946407224,0.230820885670001
"bivt",0.001,5000,"0.05",TRUE,0.000720426713946251,-0.000797344684981068,0.234293241752082
"bivt",0.001,5000,"0.1",TRUE,0.000677399735564567,-0.000784030392341109,0.234293241752082
"bivt",0.001,5000,"0.01",TRUE,0.000847957187780937,-0.000811696950029808,0.234293241752082
"bivt",0.001,5000,"0.05",TRUE,0.000694082160246439,-0.000682129671187221,0.269875156091819
"bivt",0.001,5000,"0.1",TRUE,0.000629501796750308,-0.000668083468042076,0.269875156091819
"bivt",0.001,5000,"0.01",TRUE,0.000779687022672859,-0.000700635079576986,0.269875156091819
"bivt",0.001,5000,"0.05",TRUE,0.000627597913518643,-0.000625008812873596,0.281816352900363
"bivt",0.001,5000,"0.1",TRUE,0.00054372785361841,-0.000610760042367847,0.281816352900363
"bivt",0.001,5000,"0.01",TRUE,0.000723103127724239,-0.00066064261429487,0.281816352900363
"bivt",0.001,5000,"0.05",TRUE,0.00241075326574658,-0.000619005236768378,0.338560986923165
"bivt",0.001,5000,"0.1",TRUE,0.00235225541197259,-0.000604206082268031,0.338560986923165
"bivt",0.001,5000,"0.01",TRUE,0.00256002507964713,-0.000635332200252909,0.338560986923165
"bivt",0.001,5000,"0.05",TRUE,0.000686254847604582,-0.000649940906273447,0.284774710170467
"bivt",0.001,5000,"0.1",TRUE,0.000647863941542818,-0.000636037708217904,0.284774710170467
"bivt",0.001,5000,"0.01",TRUE,0.000746276348092612,-0.000669547502473628,0.284774710170467
"bivt",0.001,5000,"0.05",TRUE,0.00121594159821095,-0.000514918788246904,0.291385911480858
"bivt",0.001,5000,"0.1",TRUE,0.00117198394821416,-0.000501371130720807,0.291385911480858
"bivt",0.001,5000,"0.01",TRUE,0.00130879432688215,-0.000543024877502831,0.291385911480858
"bivt",0.001,5000,"0.05",TRUE,0.000583463173262937,-0.000688418837580596,0.317504945789796
"bivt",0.001,5000,"0.1",TRUE,0.000488458516330624,-0.000671396164402862,0.317504945789796
"bivt",0.001,5000,"0.01",TRUE,0.000729111107666383,-0.000706710398094752,0.317504945789796
"bivt",0.001,5000,"0.05",TRUE,0.000723371477838393,-0.000541875294501133,0.307738204770387
"bivt",0.001,5000,"0.1",TRUE,0.000646432454206262,-0.000527079457246536,0.307738204770387
"bivt",0.001,5000,"0.01",TRUE,0.000845292235212439,-0.000575046036655366,0.307738204770387
"bivt",0.001,5000,"0.05",TRUE,0.000697793321919403,-0.000734897081648291,0.260775285311843
"bivt",0.001,5000,"0.1",TRUE,0.000593319072387692,-0.000711803099807342,0.260775285311843
"bivt",0.001,5000,"0.01",TRUE,0.000879605486082367,-0.000765969301250365,0.260775285311843
"bivt",0.001,5000,"0.05",TRUE,0.000805849229171234,-0.000763393574804835,0.247672047782921
"bivt",0.001,5000,"0.1",TRUE,0.000747790663508865,-0.00075424337263485,0.247672047782921
"bivt",0.001,5000,"0.01",TRUE,0.000919997395362438,-0.000790558626255899,0.247672047782921
"bivt",0.001,5000,"0.05",TRUE,0.00106171779855058,-0.000926039035794496,0.195822982236266
"bivt",0.001,5000,"0.1",TRUE,0.000906747176760409,-0.00092200715993364,0.195822982236266
"bivt",0.001,5000,"0.01",TRUE,0.00129787883753743,-0.00093435545740875,0.195822982236266
"bivt",0.001,5000,"0.05",TRUE,0.000666909878103248,-0.000752084321473013,0.307952015819061
"bivt",0.001,5000,"0.1",TRUE,0.000526133728974756,-0.00074575365823123,0.307952015819061
"bivt",0.001,5000,"0.01",TRUE,0.000805113436976769,-0.000768907268507052,0.307952015819061
"bivt",0.001,5000,"0.05",TRUE,0.00223425242933959,-0.000251340807217621,0.365471824451292
"bivt",0.001,5000,"0.1",TRUE,0.00211242387348366,-0.000240382602858275,0.365471824451292
"bivt",0.001,5000,"0.01",TRUE,0.00254660607058591,-0.000288194471718646,0.365471824451292
"bivt",0.001,5000,"0.05",TRUE,0.000916106862659202,-0.000553252494349999,0.278478642160797
"bivt",0.001,5000,"0.1",TRUE,0.000803955434248097,-0.000547647759067956,0.278478642160797
"bivt",0.001,5000,"0.01",TRUE,0.00108437140027211,-0.000585515396966647,0.278478642160797
"bivt",0.001,5000,"0.05",TRUE,0.000639572532109518,-0.000672837304878691,0.26562069003103
"bivt",0.001,5000,"0.1",TRUE,0.000567622441448851,-0.000655726282197228,0.26562069003103
"bivt",0.001,5000,"0.01",TRUE,0.00102367820535277,-0.000705112082982667,0.26562069003103
"bivt",0.001,5000,"0.05",TRUE,0.000663222540888777,-0.000745831975102743,0.269289727545994
"bivt",0.001,5000,"0.1",TRUE,0.000606041216132915,-0.000725532147452339,0.269289727545994
"bivt",0.001,5000,"0.01",TRUE,0.000788219651101917,-0.000761582632554788,0.269289727545994
"bivt",0.001,5000,"0.05",TRUE,0.00129573464567882,-0.000695315961552979,0.29811104570628
"bivt",0.001,5000,"0.1",TRUE,0.00127812266439441,-0.000690016615437958,0.29811104570628
"bivt",0.001,5000,"0.01",TRUE,0.00133276222131326,-0.00070749251937842,0.29811104570628
"bivt",0.001,5000,"0.05",TRUE,0.000640842593373221,-0.000717481351015443,0.251941525432118
"bivt",0.001,5000,"0.1",TRUE,0.000564390128555054,-0.000702577265669177,0.251941525432118
"bivt",0.001,5000,"0.01",TRUE,0.000840556114338309,-0.000734842830171863,0.251941525432118
"bivt",0.001,5000,"0.05",TRUE,0.000557599130108718,-0.000693495124291545,0.278738845718179
"bivt",0.001,5000,"0.1",TRUE,0.000513626099074911,-0.000677011428273427,0.278738845718179
"bivt",0.001,5000,"0.01",TRUE,0.000812326791287126,-0.000704811078900256,0.278738845718179
"bivt",0.001,5000,"0.05",TRUE,0.000594224564256346,-0.000679311756646012,0.289836123212805
"bivt",0.001,5000,"0.1",TRUE,0.000505544720652975,-0.000660460799641379,0.289836123212805
"bivt",0.001,5000,"0.01",TRUE,0.000734115203877183,-0.000714740505087095,0.289836123212805
"bivt",0.001,5000,"0.05",TRUE,0.00313081392995262,-0.000294163912748383,0.352153151196683
"bivt",0.001,5000,"0.1",TRUE,0.00289515292777642,-0.000285056810288447,0.352153151196683
"bivt",0.001,5000,"0.01",TRUE,0.00320786865315244,-0.000303927564870047,0.352153151196683
"bivt",0.001,5000,"0.05",TRUE,0.00114944747275564,-0.000596058375939587,0.352759012115747
"bivt",0.001,5000,"0.1",TRUE,0.00108743050264128,-0.000576236418263662,0.352759012115747
"bivt",0.001,5000,"0.01",TRUE,0.00125589256453961,-0.000620273272220382,0.352759012115747
"bivt",0.001,5000,"0.05",TRUE,0.000627112486968688,-0.000782723949632614,0.262214188054228
"bivt",0.001,5000,"0.1",TRUE,0.000553972507823492,-0.000774797486993668,0.262214188054228
"bivt",0.001,5000,"0.01",TRUE,0.000856070936511671,-0.000806529645567218,0.262214188054228
"bivt",0.001,5000,"0.05",TRUE,0.0006066703359904,-0.000788116250929542,0.263119940817078
"bivt",0.001,5000,"0.1",TRUE,0.000522205460033638,-0.000783050704140607,0.263119940817078
"bivt",0.001,5000,"0.01",TRUE,0.000925250997943569,-0.000794625963512492,0.263119940817078
"bivt",0.001,5000,"0.05",TRUE,0.00138230287329181,-0.000332897556595477,0.28041033075313
"bivt",0.001,5000,"0.1",TRUE,0.00131074781817488,-0.000317308301816005,0.28041033075313
"bivt",0.001,5000,"0.01",TRUE,0.00148786946147719,-0.000379128975158027,0.28041033075313
"bivt",0.001,5000,"0.05",TRUE,0.00173939760871611,-0.00066316844755654,0.279767814345492
"bivt",0.001,5000,"0.1",TRUE,0.0016685869145219,-0.000638398861932824,0.279767814345492
"bivt",0.001,5000,"0.01",TRUE,0.00200317096389769,-0.000691971245144305,0.279767814345492
"bivt",0.001,5000,"0.05",TRUE,0.000834806457906257,-0.000595468124793167,0.303572091479238
"bivt",0.001,5000,"0.1",TRUE,0.000763242116323573,-0.000591498481911089,0.303572091479238
"bivt",0.001,5000,"0.01",TRUE,0.000935299130402308,-0.000634027216109358,0.303572091479238
"bivt",0.001,5000,"0.05",TRUE,0.00244822578909522,-0.000291133522262387,0.293135888976318
"bivt",0.001,5000,"0.1",TRUE,0.00240332997826535,-0.000258165025625595,0.293135888976318
"bivt",0.001,5000,"0.01",TRUE,0.00276567947309109,-0.000340487811489999,0.293135888976318
"bivt",0.001,5000,"0.05",TRUE,0.00157551842295276,-0.00040718534459611,0.321390974022655
"bivt",0.001,5000,"0.1",TRUE,0.00151915972857787,-0.000401186837774911,0.321390974022655
"bivt",0.001,5000,"0.01",TRUE,0.00178208386147692,-0.000434175148104101,0.321390974022655
"bivt",0.001,5000,"0.05",TRUE,0.000697816492037354,-0.000802102096848979,0.246427703111927
"bivt",0.001,5000,"0.1",TRUE,0.000601494706804393,-0.000798470569368306,0.246427703111927
"bivt",0.001,5000,"0.01",TRUE,0.00101778363336866,-0.000810271961087251,0.246427703111927
"bivt",0.001,5000,"0.05",TRUE,0.00148277525655324,-0.000485855083419388,0.29054279254048
"bivt",0.001,5000,"0.1",TRUE,0.00130025529563541,-0.000466349264198769,0.29054279254048
"bivt",0.001,5000,"0.01",TRUE,0.00163796326580966,-0.000522007988582694,0.29054279254048
"bivt",0.001,5000,"0.05",TRUE,0.00160368064660063,-0.000485047399118369,0.335177665762548
"bivt",0.001,5000,"0.1",TRUE,0.00156451366919831,-0.000469231240685442,0.335177665762548
"bivt",0.001,5000,"0.01",TRUE,0.00168049980156012,-0.000512988837591059,0.335177665762548
"bivt",0.001,5000,"0.05",TRUE,0.000841818326048831,-0.000712989613839059,0.228179706924363
"bivt",0.001,5000,"0.1",TRUE,0.000737061678203706,-0.000707820744986957,0.228179706924363
"bivt",0.001,5000,"0.01",TRUE,0.000977817458532264,-0.000753537369645653,0.228179706924363
"bivt",0.001,5000,"0.05",TRUE,0.00133537395700203,-0.000584633368150262,0.306869740239693
"bivt",0.001,5000,"0.1",TRUE,0.00127944061232756,-0.000573259022426084,0.306869740239693
"bivt",0.001,5000,"0.01",TRUE,0.00146911653108252,-0.000607787019199899,0.306869740239693
"bivt",0.001,5000,"0.05",TRUE,0.0012984710032132,-0.000507634010229835,0.297795242904663
"bivt",0.001,5000,"0.1",TRUE,0.00124310097499685,-0.00049946382404545,0.297795242904663
"bivt",0.001,5000,"0.01",TRUE,0.00151942700547753,-0.000532951362618309,0.297795242904663
"bivt",0.001,5000,"0.05",TRUE,0.0014853649600639,-0.000613432812378823,0.293711867678124
"bivt",0.001,5000,"0.1",TRUE,0.00145879280326846,-0.000595924586095322,0.293711867678124
"bivt",0.001,5000,"0.01",TRUE,0.00155391401011629,-0.000636407890335451,0.293711867678124
"bivt",5e-04,10000,"0.05",TRUE,0.000297037094574373,-0.000246044764958012,0.294514870705216
"bivt",5e-04,10000,"0.1",TRUE,0.000263362253020904,-0.000235724571437485,0.294514870705216
"bivt",5e-04,10000,"0.01",TRUE,0.000347985805259877,-0.000256190352403753,0.294514870705216
"bivt",5e-04,10000,"0.05",TRUE,0.000426409967709225,-0.000201870779145647,0.270010242168922
"bivt",5e-04,10000,"0.1",TRUE,0.000380048303267907,-0.000188773715484351,0.270010242168922
"bivt",5e-04,10000,"0.01",TRUE,0.000485361584886335,-0.00022027561604406,0.270010242168922
"bivt",5e-04,10000,"0.05",TRUE,0.000282629335247957,-0.000401335177479898,0.247436524766988
"bivt",5e-04,10000,"0.1",TRUE,0.000248699698246366,-0.000397235799598078,0.247436524766988
"bivt",5e-04,10000,"0.01",TRUE,0.000340025414864737,-0.000405466906595639,0.247436524766988
"bivt",5e-04,10000,"0.05",TRUE,0.000647022152992256,-0.000312145139792635,0.302530484297704
"bivt",5e-04,10000,"0.1",TRUE,0.000577865093384694,-0.000310276924266427,0.302530484297704
"bivt",5e-04,10000,"0.01",TRUE,0.000682096387849229,-0.000316735371009023,0.302530484297704
"bivt",5e-04,10000,"0.05",TRUE,0.000328883918093266,-0.000297523549206698,0.281713250308329
"bivt",5e-04,10000,"0.1",TRUE,0.00026822421749533,-0.000291043260110926,0.281713250308329
"bivt",5e-04,10000,"0.01",TRUE,0.000385479043971532,-0.000319072959505964,0.281713250308329
"bivt",5e-04,10000,"0.05",TRUE,0.000294088282008424,-0.000415901788371445,0.234120732738289
"bivt",5e-04,10000,"0.1",TRUE,0.000264211794101109,-0.000410269155085827,0.234120732738289
"bivt",5e-04,10000,"0.01",TRUE,0.000358210090168299,-0.00042182707278176,0.234120732738289
"bivt",5e-04,10000,"0.05",TRUE,0.000369720306314466,-0.000330861631448726,0.263599763202634
"bivt",5e-04,10000,"0.1",TRUE,0.00035685557524069,-0.000328034997083891,0.263599763202634
"bivt",5e-04,10000,"0.01",TRUE,0.000465961792185753,-0.000339420504441032,0.263599763202634
"bivt",5e-04,10000,"0.05",TRUE,0.000808575524157665,-0.000135744034558774,0.308118333821941
"bivt",5e-04,10000,"0.1",TRUE,0.000796266003608198,-0.000131508781974549,0.308118333821941
"bivt",5e-04,10000,"0.01",TRUE,0.000847504803832481,-0.000165227348421715,0.308118333821941
"bivt",5e-04,10000,"0.05",TRUE,0.000443370164789912,-0.000242477366534602,0.302930207562368
"bivt",5e-04,10000,"0.1",TRUE,0.000427233056747471,-0.000236437753641504,0.302930207562368
"bivt",5e-04,10000,"0.01",TRUE,0.000473966278682227,-0.000254977599517037,0.302930207562368
"bivt",5e-04,10000,"0.05",TRUE,0.00025637538125789,-0.000390611021191999,0.250571127611647
"bivt",5e-04,10000,"0.1",TRUE,0.000231631097407639,-0.000387228601811538,0.250571127611647
"bivt",5e-04,10000,"0.01",TRUE,0.00032596901841207,-0.000398945448218895,0.250571127611647
"bivt",5e-04,10000,"0.05",TRUE,0.000725671876318443,-0.000267360287335147,0.305913006340242
"bivt",5e-04,10000,"0.1",TRUE,0.000668130438282349,-0.000259568731807279,0.305913006340242
"bivt",5e-04,10000,"0.01",TRUE,0.000790091752088233,-0.000280951968065548,0.305913006340242
"bivt",5e-04,10000,"0.05",TRUE,0.000228191022641881,-0.000322133734395262,0.260951353277107
"bivt",5e-04,10000,"0.1",TRUE,0.000188163640419765,-0.000316110335673885,0.260951353277107
"bivt",5e-04,10000,"0.01",TRUE,0.000279216310289298,-0.000335849525169282,0.260951353277107
"bivt",5e-04,10000,"0.05",TRUE,0.000233453727771686,-0.000392724255177173,0.275926845960643
"bivt",5e-04,10000,"0.1",TRUE,0.000227232258014521,-0.000385662181485873,0.275926845960643
"bivt",5e-04,10000,"0.01",TRUE,0.000295095833637884,-0.000397294745524792,0.275926845960643
"bivt",5e-04,10000,"0.05",TRUE,0.000205344604487765,-0.000272779834758963,0.274129015238447
"bivt",5e-04,10000,"0.1",TRUE,0.000189437573247279,-0.000266663059923704,0.274129015238447
"bivt",5e-04,10000,"0.01",TRUE,0.000259827055117352,-0.00028945288826128,0.274129015238447
"bivt",5e-04,10000,"0.05",FALSE,0.000220204700711033,-0.000269112980379884,0.319475001807251
"bivt",5e-04,10000,"0.1",FALSE,0.000208145424175172,-0.000257072776289277,0.319475001807251
"bivt",5e-04,10000,"0.01",FALSE,0.000307132711811329,-0.000281138229350221,0.319475001807251
"bivt",5e-04,10000,"0.05",TRUE,0.000262724048977989,-0.000403043966073896,0.219395954290785
"bivt",5e-04,10000,"0.1",TRUE,0.000231738805495629,-0.000400519460930048,0.219395954290785
"bivt",5e-04,10000,"0.01",TRUE,0.000349321413456664,-0.000408934257732306,0.219395954290785
"bivt",5e-04,10000,"0.05",TRUE,0.000534583788406251,-0.000255368270479383,0.30986074179107
"bivt",5e-04,10000,"0.1",TRUE,0.000493618451081874,-0.000250809475023687,0.30986074179107
"bivt",5e-04,10000,"0.01",TRUE,0.000590676534641877,-0.000266710970075246,0.30986074179107
"bivt",5e-04,10000,"0.05",TRUE,0.000283246145505604,-0.000414899841481114,0.258479490867908
"bivt",5e-04,10000,"0.1",TRUE,0.000236910305601625,-0.000411698386278117,0.258479490867908
"bivt",5e-04,10000,"0.01",TRUE,0.000360139537550914,-0.000422293235627061,0.258479490867908
"bivt",5e-04,10000,"0.05",TRUE,0.000236975515133101,-0.000382019512105579,0.271327400141899
"bivt",5e-04,10000,"0.1",TRUE,0.000207020733728951,-0.0003767451476308,0.271327400141899
"bivt",5e-04,10000,"0.01",TRUE,0.000319368622040503,-0.000385514443771571,0.271327400141899
"bivt",5e-04,10000,"0.05",TRUE,0.00102690073469512,-0.00017989431272527,0.29312191614653
"bivt",5e-04,10000,"0.1",TRUE,0.00100839179697322,-0.00017668757882259,0.29312191614653
"bivt",5e-04,10000,"0.01",TRUE,0.00108571227261418,-0.000191437557821309,0.29312191614653
"bivt",5e-04,10000,"0.05",TRUE,0.00027918227752883,-0.000387475364492609,0.263782301790144
"bivt",5e-04,10000,"0.1",TRUE,0.000245091684559766,-0.00038316323620653,0.263782301790144
"bivt",5e-04,10000,"0.01",TRUE,0.000354799306569105,-0.000395009865571073,0.263782301790144
"bivt",5e-04,10000,"0.05",TRUE,0.000946614668119299,-0.000130509618747111,0.302406179795163
"bivt",5e-04,10000,"0.1",TRUE,0.000936803098300093,-0.000119388485277707,0.302406179795163
"bivt",5e-04,10000,"0.01",TRUE,0.00104097645503804,-0.000157953099231681,0.302406179795163
"bivt",5e-04,10000,"0.05",TRUE,0.000234801081579071,-0.000402434528694192,0.285107934437008
"bivt",5e-04,10000,"0.1",TRUE,0.00020466089901361,-0.000401283042825919,0.285107934437008
"bivt",5e-04,10000,"0.01",TRUE,0.000291024188788025,-0.00040922158865219,0.285107934437008
"bivt",5e-04,10000,"0.05",TRUE,0.000227848869594649,-0.000393858813528155,0.251736582778921
"bivt",5e-04,10000,"0.1",TRUE,0.000202740219786782,-0.000389835547320661,0.251736582778921
"bivt",5e-04,10000,"0.01",TRUE,0.000315767441994801,-0.000399079129458407,0.251736582778921
"bivt",5e-04,10000,"0.05",TRUE,0.000551295561446628,-0.000358988947601984,0.292171182734979
"bivt",5e-04,10000,"0.1",TRUE,0.000531886910672487,-0.000357940550796712,0.292171182734979
"bivt",5e-04,10000,"0.01",TRUE,0.000593159616621225,-0.000364761394617,0.292171182734979
"bivt",5e-04,10000,"0.05",TRUE,0.000234542914555575,-0.000388779375201098,0.262576775516524
"bivt",5e-04,10000,"0.1",TRUE,0.000214594762038246,-0.000387135429605506,0.262576775516524
"bivt",5e-04,10000,"0.01",TRUE,0.000274338560127265,-0.000396116931200945,0.262576775516524
"bivt",5e-04,10000,"0.05",TRUE,0.000220958454860987,-0.000373303211235457,0.25936011422408
"bivt",5e-04,10000,"0.1",TRUE,0.000204589053066007,-0.000367787963129997,0.25936011422408
"bivt",5e-04,10000,"0.01",TRUE,0.00026170216505677,-0.000382342158688797,0.25936011422408
"bivt",5e-04,10000,"0.05",TRUE,0.000626640550301176,-0.000339871046489116,0.261678031883247
"bivt",5e-04,10000,"0.1",TRUE,0.000612752073507625,-0.000337914972084019,0.261678031883247
"bivt",5e-04,10000,"0.01",TRUE,0.000701577987141101,-0.000347172520049088,0.261678031883247
"bivt",5e-04,10000,"0.05",TRUE,0.000858250136725552,-0.000244283049580433,0.350210735382607
"bivt",5e-04,10000,"0.1",TRUE,0.000837842290733288,-0.000236370817563217,0.350210735382607
"bivt",5e-04,10000,"0.01",TRUE,0.000901472571879948,-0.000259132733594059,0.350210735382607
"bivt",5e-04,10000,"0.05",TRUE,0.000226557023657643,-0.000302134333347886,0.25129816438622
"bivt",5e-04,10000,"0.1",TRUE,0.000199369957848542,-0.000295844085209836,0.25129816438622
"bivt",5e-04,10000,"0.01",TRUE,0.000276805926719051,-0.000317350736612067,0.25129816438622
"bivt",5e-04,10000,"0.05",TRUE,0.000330421545645161,-0.000209026926203613,0.292218806862878
"bivt",5e-04,10000,"0.1",TRUE,0.00030823719645763,-0.000200551962418507,0.292218806862878
"bivt",5e-04,10000,"0.01",TRUE,0.000374894373504302,-0.000221249102834532,0.292218806862878
"bivt",5e-04,10000,"0.05",TRUE,0.000238034467581361,-0.000294685419317245,0.249876930381126
"bivt",5e-04,10000,"0.1",TRUE,0.000219489725337507,-0.000290779344973688,0.249876930381126
"bivt",5e-04,10000,"0.01",TRUE,0.000297767489876594,-0.000305353948506424,0.249876930381126
"bivt",5e-04,10000,"0.05",TRUE,0.000325949186123103,-0.000245596893378671,0.267621066048812
"bivt",5e-04,10000,"0.1",TRUE,0.000311859136925422,-0.000239773624502139,0.267621066048812
"bivt",5e-04,10000,"0.01",TRUE,0.000361599519355898,-0.000261570387118388,0.267621066048812
"bivt",5e-04,10000,"0.05",TRUE,0.000266538645356319,-0.000339359173592814,0.268359692012241
"bivt",5e-04,10000,"0.1",TRUE,0.000226120410997544,-0.000337122167097014,0.268359692012241
"bivt",5e-04,10000,"0.01",TRUE,0.000297946399087729,-0.000346421466908625,0.268359692012241
"bivt",5e-04,10000,"0.05",TRUE,0.000291050675462949,-0.000418420021865493,0.240823026655415
"bivt",5e-04,10000,"0.1",TRUE,0.000240183926171003,-0.000413683013203869,0.240823026655415
"bivt",5e-04,10000,"0.01",TRUE,0.000368649487320721,-0.000423522109751148,0.240823026655415
"bivt",5e-04,10000,"0.05",TRUE,0.000252257302971098,-0.00037743758838855,0.249152836054793
"bivt",5e-04,10000,"0.1",TRUE,0.000216382587374863,-0.000371605337481181,0.249152836054793
"bivt",5e-04,10000,"0.01",TRUE,0.000317447280577711,-0.000384602089352248,0.249152836054793
"bivt",5e-04,10000,"0.05",TRUE,0.000274945512343322,-0.000364626767713636,0.287873818398484
"bivt",5e-04,10000,"0.1",TRUE,0.00025691219280517,-0.000358188063945117,0.287873818398484
"bivt",5e-04,10000,"0.01",TRUE,0.000322282835133086,-0.000376884923217278,0.287873818398484
"bivt",5e-04,10000,"0.05",TRUE,0.000451908338628403,-0.000282399059530767,0.245628370195659
"bivt",5e-04,10000,"0.1",TRUE,0.000433293667790114,-0.000274947135686025,0.245628370195659
"bivt",5e-04,10000,"0.01",TRUE,0.000505791727738906,-0.000300751173547396,0.245628370195659
"bivt",5e-04,10000,"0.05",TRUE,0.000245835889986029,-0.00036849612344682,0.282772563007152
"bivt",5e-04,10000,"0.1",TRUE,0.00020644196403112,-0.000363000287439661,0.282772563007152
"bivt",5e-04,10000,"0.01",TRUE,0.000307248379621308,-0.000379994250104708,0.282772563007152
"bivt",5e-04,10000,"0.05",TRUE,0.000234321218832807,-0.000275035478215029,0.268867186976132
"bivt",5e-04,10000,"0.1",TRUE,0.000206973661230628,-0.000267205399334084,0.268867186976132
"bivt",5e-04,10000,"0.01",TRUE,0.000277285674949382,-0.000289061112673122,0.268867186976132
"bivt",5e-04,10000,"0.05",TRUE,0.00022292998647572,-0.00038945804646653,0.268274287807426
"bivt",5e-04,10000,"0.1",TRUE,0.000187352390400327,-0.000387163120296808,0.268274287807426
"bivt",5e-04,10000,"0.01",TRUE,0.000263100013028151,-0.00039690166094684,0.268274287807426
"bivt",5e-04,10000,"0.05",TRUE,0.000256132692126896,-0.000355130340614315,0.254962850430936
"bivt",5e-04,10000,"0.1",TRUE,0.000215235539239829,-0.000347454124000565,0.254962850430936
"bivt",5e-04,10000,"0.01",TRUE,0.000337800799322392,-0.000362828657330749,0.254962850430936
"bivt",5e-04,10000,"0.05",TRUE,0.000413675114269402,-0.000339835515065954,0.245556760087118
"bivt",5e-04,10000,"0.1",TRUE,0.000386016275471247,-0.000334677391477518,0.245556760087118
"bivt",5e-04,10000,"0.01",TRUE,0.000496868811121441,-0.000349707645386681,0.245556760087118
"bivt",5e-04,10000,"0.05",TRUE,0.000191797699895776,-0.000283852632743591,0.290833683424679
"bivt",5e-04,10000,"0.1",TRUE,0.000162677504365425,-0.000277310277475445,0.290833683424679
"bivt",5e-04,10000,"0.01",TRUE,0.000239614210453609,-0.000295118726773627,0.290833683424679
"bivt",5e-04,10000,"0.05",TRUE,0.000259209946600833,-0.000414660311661384,0.256161852178973
"bivt",5e-04,10000,"0.1",TRUE,0.000225851138750503,-0.000411830124717125,0.256161852178973
"bivt",5e-04,10000,"0.01",TRUE,0.000343816832250864,-0.000423842212187831,0.256161852178973
"bivt",5e-04,10000,"0.05",TRUE,0.000832839968530823,-0.000133048589273104,0.28833987456503
"bivt",5e-04,10000,"0.1",TRUE,0.000806828836110255,-0.000121866837977132,0.28833987456503
"bivt",5e-04,10000,"0.01",TRUE,0.000913342362437365,-0.00015520898345407,0.28833987456503
"bivt",5e-04,10000,"0.05",TRUE,0.000362547830351376,-0.000318666854054359,0.281370150739477
"bivt",5e-04,10000,"0.1",TRUE,0.000321037607453539,-0.00030804886647328,0.281370150739477
"bivt",5e-04,10000,"0.01",TRUE,0.000377613043797541,-0.000328951294986919,0.281370150739477
"bivt",5e-04,10000,"0.05",TRUE,0.000203683042596874,-0.00032510874779032,0.294212078060369
"bivt",5e-04,10000,"0.1",TRUE,0.000181109197439104,-0.000321592652954624,0.294212078060369
"bivt",5e-04,10000,"0.01",TRUE,0.000242696024338091,-0.000337969589308233,0.294212078060369
"bivt",5e-04,10000,"0.05",TRUE,0.000456964709264731,-0.000140315392076437,0.293020940693622
"bivt",5e-04,10000,"0.1",TRUE,0.000447753217994509,-0.000127808615071878,0.293020940693622
"bivt",5e-04,10000,"0.01",TRUE,0.000498095206895132,-0.000165745695915459,0.293020940693622
"bivt",5e-04,10000,"0.05",TRUE,0.000308243808666243,-0.000247928900285981,0.270826244851013
"bivt",5e-04,10000,"0.1",TRUE,0.000282938614967438,-0.000237432483014471,0.270826244851013
"bivt",5e-04,10000,"0.01",TRUE,0.000373075203912664,-0.000273360446928141,0.270826244851013
"bivt",5e-04,10000,"0.05",TRUE,0.00027145916908089,-0.000397158153739078,0.273560487685699
"bivt",5e-04,10000,"0.1",TRUE,0.00021166077062788,-0.0003931319819751,0.273560487685699
"bivt",5e-04,10000,"0.01",TRUE,0.000338731034420244,-0.000402496167371847,0.273560487685699
"bivt",5e-04,10000,"0.05",TRUE,0.00019092957640978,-0.0003705712903134,0.273742809117558
"bivt",5e-04,10000,"0.1",TRUE,0.00016918471423599,-0.000366909379511944,0.273742809117558
"bivt",5e-04,10000,"0.01",TRUE,0.000259533546277234,-0.000382336561986266,0.273742809117558
"bivt",5e-04,10000,"0.05",TRUE,0.000330948475203547,-0.000309041395557283,0.305214816235479
"bivt",5e-04,10000,"0.1",TRUE,0.000301134561579922,-0.000301848350277624,0.305214816235479
"bivt",5e-04,10000,"0.01",TRUE,0.000467281469180383,-0.000325681556124304,0.305214816235479
"bivt",5e-04,10000,"0.05",TRUE,0.000427259068634163,-0.000369741271344077,0.26631688813184
"bivt",5e-04,10000,"0.1",TRUE,0.000378101265786951,-0.000366459391536359,0.26631688813184
"bivt",5e-04,10000,"0.01",TRUE,0.000473024764942517,-0.000375922008968473,0.26631688813184
"bivt",5e-04,10000,"0.05",FALSE,0.0002269728170587,-0.000304536277243854,0.312612646826652
"bivt",5e-04,10000,"0.1",FALSE,0.000190625749057174,-0.000299386017651183,0.312612646826652
"bivt",5e-04,10000,"0.01",FALSE,0.000250389356329698,-0.000321830591220995,0.312612646826652
"bivt",5e-04,10000,"0.05",TRUE,0.000343571390542403,-0.000322547537675509,0.26030239854163
"bivt",5e-04,10000,"0.1",TRUE,0.000316900828405116,-0.000319247034340965,0.26030239854163
"bivt",5e-04,10000,"0.01",TRUE,0.00039760906226521,-0.00033826298658771,0.26030239854163
"bivt",5e-04,10000,"0.05",TRUE,0.000458969961553269,-0.000300017316450549,0.28747174870952
"bivt",5e-04,10000,"0.1",TRUE,0.000431347743604575,-0.000286246548358864,0.28747174870952
"bivt",5e-04,10000,"0.01",TRUE,0.000546226347328822,-0.000310819912599552,0.28747174870952
"bivt",5e-04,10000,"0.05",TRUE,0.000217100605267218,-0.000399796820065589,0.247624656564691
"bivt",5e-04,10000,"0.1",TRUE,0.000194126631620253,-0.000395321423827096,0.247624656564691
"bivt",5e-04,10000,"0.01",TRUE,0.000282622084391849,-0.000407676257733826,0.247624656564691
"bivt",5e-04,10000,"0.05",FALSE,0.000261318098797179,-0.000304161751842251,0.299375290702591
"bivt",5e-04,10000,"0.1",FALSE,0.000226713331008192,-0.000302137018730106,0.299375290702591
"bivt",5e-04,10000,"0.01",TRUE,0.000295037992039302,-0.000311058737342716,0.299375290702591
"bivt",5e-04,10000,"0.05",TRUE,0.000228573934228739,-0.000345323670446029,0.262911572074558
"bivt",5e-04,10000,"0.1",TRUE,0.000210454420977846,-0.000337071858366009,0.262911572074558
"bivt",5e-04,10000,"0.01",TRUE,0.000303755554595822,-0.000356905914929647,0.262911572074558
"bivt",5e-04,10000,"0.05",TRUE,0.000246733230743203,-0.000341520863300035,0.256284758748828
"bivt",5e-04,10000,"0.1",TRUE,0.000205787893952963,-0.000334763601009346,0.256284758748828
"bivt",5e-04,10000,"0.01",TRUE,0.000287132546243268,-0.000348096067020025,0.256284758748828
"bivt",5e-04,10000,"0.05",TRUE,0.000363705237840187,-0.000283431573583179,0.301378870467585
"bivt",5e-04,10000,"0.1",TRUE,0.000315807718987113,-0.000280730060273261,0.301378870467585
"bivt",5e-04,10000,"0.01",TRUE,0.000406273717139589,-0.000298134078608625,0.301378870467585
"bivt",5e-04,10000,"0.05",TRUE,0.00107943305364665,-0.000359567428060284,0.242262387083383
"bivt",5e-04,10000,"0.1",TRUE,0.00100013585505592,-0.000356563621749986,0.242262387083383
"bivt",5e-04,10000,"0.01",TRUE,0.0011203264584807,-0.000367619452264037,0.242262387083383
"bivt",5e-04,10000,"0.05",TRUE,0.000652352453228694,-0.000230348855314264,0.295516755745754
"bivt",5e-04,10000,"0.1",TRUE,0.000621368197656273,-0.000223274462656076,0.295516755745754
"bivt",5e-04,10000,"0.01",TRUE,0.000733376591215649,-0.000237650824930032,0.295516755745754
"bivt",5e-04,10000,"0.05",TRUE,0.000283417754342939,-0.000430609946049119,0.250693876125353
"bivt",5e-04,10000,"0.1",TRUE,0.000255901635021306,-0.000428847861828637,0.250693876125353
"bivt",5e-04,10000,"0.01",TRUE,0.000341304941643112,-0.000434309155161927,0.250693876125353
"bivt",5e-04,10000,"0.05",TRUE,0.000272147354790292,-0.000422370487356458,0.237855284342557
"bivt",5e-04,10000,"0.1",TRUE,0.000226410086095612,-0.000419256000104898,0.237855284342557
"bivt",5e-04,10000,"0.01",TRUE,0.000328879114830364,-0.000431019249054613,0.237855284342557
"bivt",5e-04,10000,"0.05",TRUE,0.000811521818170105,-0.000198312796195064,0.292022024890713
"bivt",5e-04,10000,"0.1",TRUE,0.000784710844569883,-0.000178587451605705,0.292022024890713
"bivt",5e-04,10000,"0.01",TRUE,0.000896307650640868,-0.00021620585692478,0.292022024890713
"bivt",5e-04,10000,"0.05",TRUE,0.00034883228502028,-0.000420595043681093,0.246018584221739
"bivt",5e-04,10000,"0.1",TRUE,0.000278538401717584,-0.000416374635600006,0.246018584221739
"bivt",5e-04,10000,"0.01",TRUE,0.000391274904435652,-0.000421985046297239,0.246018584221739
"bivt",5e-04,10000,"0.05",TRUE,0.000483249277287151,-0.000287576013787836,0.267766563940646
"bivt",5e-04,10000,"0.1",TRUE,0.000468912590720232,-0.000284754721074525,0.267766563940646
"bivt",5e-04,10000,"0.01",TRUE,0.000575420694898746,-0.000302940948079624,0.267766563940646
"bivt",5e-04,10000,"0.05",TRUE,0.000243126639560876,-0.000405366681257916,0.247088917954371
"bivt",5e-04,10000,"0.1",TRUE,0.000214727915775657,-0.000403196724312344,0.247088917954371
"bivt",5e-04,10000,"0.01",TRUE,0.000330001115097364,-0.000413200392882519,0.247088917954371
"bivt",5e-04,10000,"0.05",TRUE,0.000221686363026185,-0.000375115332333748,0.259207610085274
"bivt",5e-04,10000,"0.1",TRUE,0.000201246663415247,-0.000368459630218074,0.259207610085274
"bivt",5e-04,10000,"0.01",TRUE,0.000289415348389359,-0.000384903917893325,0.259207610085274
"bivt",5e-04,10000,"0.05",TRUE,0.000286312366857171,-0.000405935792182247,0.242046641454517
"bivt",5e-04,10000,"0.1",TRUE,0.000244543770203598,-0.000400395251939898,0.242046641454517
"bivt",5e-04,10000,"0.01",TRUE,0.000436452715637313,-0.000410782855828251,0.242046641454517
"bivt",5e-04,10000,"0.05",TRUE,0.000518310255158393,-0.000278579179455904,0.305549974575965
"bivt",5e-04,10000,"0.1",TRUE,0.00050423192745219,-0.00027578950181089,0.305549974575965
"bivt",5e-04,10000,"0.01",TRUE,0.000545083666090828,-0.000289346872686552,0.305549974575965
"bivt",5e-04,10000,"0.05",TRUE,0.000557617835887061,-0.000276586705380411,0.278300453911905
"bivt",5e-04,10000,"0.1",TRUE,0.000477072679353837,-0.000267564413779078,0.278300453911905
"bivt",5e-04,10000,"0.01",TRUE,0.000588831553775908,-0.000289333284122306,0.278300453911905
"bivt",5e-04,10000,"0.05",TRUE,0.000238910087733265,-0.00032082727766548,0.263216603056095
"bivt",5e-04,10000,"0.1",TRUE,0.000202979160224906,-0.000318746204898055,0.263216603056095
"bivt",5e-04,10000,"0.01",TRUE,0.000304177750339234,-0.000335889925630797,0.263216603056095
"bivt",5e-04,10000,"0.05",TRUE,0.000247602871159319,-0.00037227397460817,0.241739017804907
"bivt",5e-04,10000,"0.1",TRUE,0.000219544582837797,-0.000363568984630308,0.241739017804907
"bivt",5e-04,10000,"0.01",TRUE,0.000291263868375695,-0.000379005375226094,0.241739017804907
"bivt",5e-04,10000,"0.05",TRUE,0.000278157376694072,-0.000299719261297854,0.278028651095165
"bivt",5e-04,10000,"0.1",TRUE,0.000263103299480974,-0.000290618359432969,0.278028651095165
"bivt",5e-04,10000,"0.01",TRUE,0.000351117184278461,-0.000309847298992867,0.278028651095165
"bivt",5e-04,10000,"0.05",TRUE,0.000228480367009795,-0.000343683967219625,0.278241819224218
"bivt",5e-04,10000,"0.1",FALSE,0.000201119654560759,-0.000338295290883232,0.278241819224218
"bivt",5e-04,10000,"0.01",TRUE,0.000299155434405263,-0.000353060129779787,0.278241819224218
"bivt",5e-04,10000,"0.05",TRUE,0.000297064406188714,-0.00034731684321257,0.280844905109972
"bivt",5e-04,10000,"0.1",TRUE,0.000280354345433419,-0.000338583034483733,0.280844905109972
"bivt",5e-04,10000,"0.01",TRUE,0.000324105579404338,-0.000353334407719043,0.280844905109972
"bivt",5e-04,10000,"0.05",TRUE,0.000544155719465479,-0.000242447579396521,0.294017604691277
"bivt",5e-04,10000,"0.1",TRUE,0.000524206356831429,-0.000235788805742569,0.294017604691277
"bivt",5e-04,10000,"0.01",TRUE,0.000624858596400511,-0.000261063265783211,0.294017604691277
"bivt",5e-04,10000,"0.05",TRUE,0.000602511458192352,-0.000237548237965873,0.283973006830593
"bivt",5e-04,10000,"0.1",TRUE,0.000573546759895275,-0.000231687912609818,0.283973006830593
"bivt",5e-04,10000,"0.01",TRUE,0.000707165098449982,-0.000252969757401686,0.283973006830593
"bivt",5e-04,10000,"0.05",TRUE,0.000223178902451668,-0.000340555994206679,0.254893812119614
"bivt",5e-04,10000,"0.1",TRUE,0.00020136968536615,-0.000337033865882342,0.254893812119614
"bivt",5e-04,10000,"0.01",TRUE,0.00027191498701811,-0.000355442039351341,0.254893812119614
"bivt",5e-04,10000,"0.05",TRUE,0.000288378520624041,-0.000313075157644256,0.257928675385122
"bivt",5e-04,10000,"0.1",TRUE,0.000255308284218921,-0.000309102886909593,0.257928675385122
"bivt",5e-04,10000,"0.01",TRUE,0.000332153972300168,-0.000322455786919851,0.257928675385122
"bivt",5e-04,10000,"0.05",TRUE,0.000515204607988512,-0.000237390462743695,0.263632677418708
"bivt",5e-04,10000,"0.1",TRUE,0.000471425556630282,-0.000229952751730624,0.263632677418708
"bivt",5e-04,10000,"0.01",TRUE,0.000619266157426242,-0.000252547077961359,0.263632677418708
"bivt",5e-04,10000,"0.05",FALSE,0.00022998770427055,-0.000370758991033634,0.302224366150803
"bivt",5e-04,10000,"0.1",FALSE,0.000207502929466847,-0.000363988729465235,0.302224366150803
"bivt",5e-04,10000,"0.01",TRUE,0.000323788795987321,-0.000379550602474656,0.302224366150803
"bivt",5e-04,10000,"0.05",TRUE,0.00021157167768341,-0.000388433959938616,0.250333023264302
"bivt",5e-04,10000,"0.1",TRUE,0.000186417838979317,-0.000384178208426755,0.250333023264302
"bivt",5e-04,10000,"0.01",TRUE,0.000266598423095828,-0.000396913327961189,0.250333023264302
"bivt",5e-04,10000,"0.05",TRUE,0.000957151379995655,-0.000146223189963975,0.326419097536914
"bivt",5e-04,10000,"0.1",TRUE,0.000908085029991717,-0.000140252872985974,0.326419097536914
"bivt",5e-04,10000,"0.01",TRUE,0.00103919425429631,-0.000162602146870604,0.326419097536914
"bivt",5e-04,10000,"0.05",TRUE,0.000687906562320669,-0.000302202935771919,0.292895026773592
"bivt",5e-04,10000,"0.1",TRUE,0.000645949553233818,-0.000300772994737752,0.292895026773592
"bivt",5e-04,10000,"0.01",TRUE,0.000754965390612582,-0.000321193453839321,0.292895026773592
"bivt",5e-04,10000,"0.05",TRUE,0.000258884103752626,-0.00041924265196605,0.242596522708982
"bivt",5e-04,10000,"0.1",TRUE,0.00022275345938265,-0.000417304097425586,0.242596522708982
"bivt",5e-04,10000,"0.01",TRUE,0.00033541286749936,-0.000425611954619528,0.242596522708982
"bivt",5e-04,10000,"0.05",TRUE,0.000329411542420607,-0.000453082013442535,0.197738783057306
"bivt",5e-04,10000,"0.1",TRUE,0.000280347717310741,-0.000450734896573608,0.197738783057306
"bivt",5e-04,10000,"0.01",TRUE,0.000425181613438673,-0.000455003461587578,0.197738783057306
"bivt",5e-04,10000,"0.05",TRUE,0.000226059012894297,-0.000370830753643083,0.253002033431572
"bivt",5e-04,10000,"0.1",TRUE,0.000204305612359055,-0.00036736062687634,0.253002033431572
"bivt",5e-04,10000,"0.01",TRUE,0.0002676760977817,-0.00039030102754779,0.253002033431572
"bivt",5e-04,10000,"0.05",TRUE,0.000244382241182808,-0.000374629161336778,0.248442385848344
"bivt",5e-04,10000,"0.1",TRUE,0.000217811786866132,-0.000370634003205893,0.248442385848344
"bivt",5e-04,10000,"0.01",TRUE,0.000287395094491012,-0.000381684694988457,0.248442385848344
"bivt",5e-04,10000,"0.05",TRUE,0.000218095991200988,-0.000331617905415189,0.268972049185914
"bivt",5e-04,10000,"0.1",TRUE,0.000187160397910528,-0.000323044440653887,0.268972049185914
"bivt",5e-04,10000,"0.01",TRUE,0.000259995452350695,-0.00034336859731702,0.268972049185914
"bivt",5e-04,10000,"0.05",TRUE,0.000267845894528013,-0.000334595060119493,0.267704505902517
"bivt",5e-04,10000,"0.1",TRUE,0.000238959792828889,-0.000332368844997991,0.267704505902517
"bivt",5e-04,10000,"0.01",TRUE,0.000295923237245171,-0.000342528007467905,0.267704505902517
"bivt",5e-04,10000,"0.05",TRUE,0.000385499308135432,-0.000300361383512984,0.256157012339457
"bivt",5e-04,10000,"0.1",TRUE,0.000362981023705735,-0.000293421062347733,0.256157012339457
"bivt",5e-04,10000,"0.01",TRUE,0.000451209794318133,-0.000307883801606546,0.256157012339457
"bivt",5e-04,10000,"0.05",TRUE,0.000292713614937472,-0.000394745777125136,0.251266569569917
"bivt",5e-04,10000,"0.1",TRUE,0.000253205687375654,-0.00038886339959704,0.251266569569917
"bivt",5e-04,10000,"0.01",TRUE,0.000354233901761621,-0.000403579063538948,0.251266569569917
"bivt",5e-04,10000,"0.05",TRUE,0.000310435996985248,-0.000217481861086515,0.314784793146862
"bivt",5e-04,10000,"0.1",TRUE,0.000282260852698944,-0.000207248726263608,0.314784793146862
"bivt",5e-04,10000,"0.01",TRUE,0.000374876378503995,-0.00023695532799932,0.314784793146862
"bivt",5e-04,10000,"0.05",TRUE,0.000258658236782513,-0.000359865004000808,0.271533520186165
"bivt",5e-04,10000,"0.1",TRUE,0.000225402643514074,-0.000351393916372556,0.271533520186165
"bivt",5e-04,10000,"0.01",TRUE,0.000306059168299131,-0.000375896722707371,0.271533520186165
"bivt",5e-04,10000,"0.05",TRUE,0.00026193760576878,-0.000365013161053524,0.258042668832036
"bivt",5e-04,10000,"0.1",TRUE,0.000219203980669853,-0.000358916784657361,0.258042668832036
"bivt",5e-04,10000,"0.01",TRUE,0.000336330385592879,-0.000372950912915238,0.258042668832036
"bivt",5e-04,10000,"0.05",TRUE,0.000791769108163524,-0.000248174472153981,0.281056508618736
"bivt",5e-04,10000,"0.1",TRUE,0.000765014656947346,-0.000237800181541917,0.281056508618736
"bivt",5e-04,10000,"0.01",TRUE,0.000847446410168791,-0.000261386556839135,0.281056508618736
"bivt",5e-04,10000,"0.05",TRUE,0.000217011005874926,-0.000325585650932052,0.270709467247643
"bivt",5e-04,10000,"0.1",TRUE,0.00019411699511416,-0.000322114554891289,0.270709467247643
"bivt",5e-04,10000,"0.01",TRUE,0.000280417032019673,-0.000332793237786406,0.270709467247643
"bivt",5e-04,10000,"0.05",TRUE,0.000740953641128573,-0.000141734446529618,0.298906693747951
"bivt",5e-04,10000,"0.1",TRUE,0.000690251493462631,-0.000128333106431118,0.298906693747951
"bivt",5e-04,10000,"0.01",TRUE,0.000795280023734844,-0.000156752709323004,0.298906693747951
"bivt",5e-04,10000,"0.05",TRUE,0.00044132493745647,-0.00025878289675446,0.276498252555401
"bivt",5e-04,10000,"0.1",TRUE,0.00038854355574851,-0.000251993222640844,0.276498252555401
"bivt",5e-04,10000,"0.01",TRUE,0.000493257370683857,-0.000274701803801338,0.276498252555401
"bivt",5e-04,10000,"0.05",TRUE,0.000907959941182045,-0.000205790089499179,0.335459662926327
"bivt",5e-04,10000,"0.1",TRUE,0.000889811207675352,-0.000197992547123378,0.335459662926327
"bivt",5e-04,10000,"0.01",TRUE,0.000965749950015708,-0.000218808040203589,0.335459662926327
"bivt",5e-04,10000,"0.05",TRUE,0.000336420360912098,-0.000260775126387171,0.299173244124142
"bivt",5e-04,10000,"0.1",TRUE,0.000316358731911088,-0.000257628746545821,0.299173244124142
"bivt",5e-04,10000,"0.01",TRUE,0.00038451727448115,-0.000270241406821549,0.299173244124142
"bivt",5e-04,10000,"0.05",TRUE,0.000353941844341018,-0.000299562203389885,0.267344659125821
"bivt",5e-04,10000,"0.1",TRUE,0.00031286774707788,-0.000291158847483452,0.267344659125821
"bivt",5e-04,10000,"0.01",TRUE,0.000430675233867834,-0.000312021392118375,0.267344659125821
"bivt",5e-04,10000,"0.05",TRUE,0.000254025081414481,-0.000341637411425107,0.276129618279909
"bivt",5e-04,10000,"0.1",TRUE,0.000221884914715201,-0.000338127296399406,0.276129618279909
"bivt",5e-04,10000,"0.01",TRUE,0.000311161256647744,-0.00036617065162363,0.276129618279909
"bivt",5e-04,10000,"0.05",TRUE,0.000514720733425204,-0.000253781504639079,0.27415636064951
"bivt",5e-04,10000,"0.1",TRUE,0.000508109325025241,-0.000248099710874907,0.27415636064951
"bivt",5e-04,10000,"0.01",TRUE,0.000556021639998232,-0.00027244339105668,0.27415636064951
"bivt",5e-04,10000,"0.05",TRUE,0.00054853689201501,-0.00030537056698427,0.267097423466988
"bivt",5e-04,10000,"0.1",TRUE,0.000485954685379456,-0.000301057207053752,0.267097423466988
"bivt",5e-04,10000,"0.01",TRUE,0.000610917134534271,-0.000327209885457037,0.267097423466988
"bivt",5e-04,10000,"0.05",TRUE,0.000208375270151301,-0.000283560405194097,0.284963000909208
"bivt",5e-04,10000,"0.1",TRUE,0.000186881798369879,-0.000266628211104249,0.284963000909208
"bivt",5e-04,10000,"0.01",TRUE,0.00025240985493168,-0.00028706355874276,0.284963000909208
"bivt",5e-04,10000,"0.05",TRUE,0.000283047874846547,-0.00038590211799626,0.220430904510393
"bivt",5e-04,10000,"0.1",TRUE,0.000258386545631816,-0.00038048822957884,0.220430904510393
"bivt",5e-04,10000,"0.01",TRUE,0.000352116735657797,-0.000394178188821603,0.220430904510393
"bivt",5e-04,10000,"0.05",TRUE,0.000399263099592012,-0.000269518379871382,0.289670341462126
"bivt",5e-04,10000,"0.1",TRUE,0.000375028361354827,-0.000266245545315944,0.289670341462126
"bivt",5e-04,10000,"0.01",TRUE,0.000460349341980001,-0.000280508396608263,0.289670341462126
"bivt",5e-04,10000,"0.05",TRUE,0.000306410953437834,-0.000325149796070188,0.288745656213254
"bivt",5e-04,10000,"0.1",TRUE,0.000282038892596713,-0.000320670101556328,0.288745656213254
"bivt",5e-04,10000,"0.01",TRUE,0.000397482343616386,-0.000328300315774226,0.288745656213254
"bivt",5e-04,10000,"0.05",TRUE,0.000586870725944181,-0.000452183083727564,0.228428035076794
"bivt",5e-04,10000,"0.1",TRUE,0.000576020253139666,-0.000451247694695924,0.228428035076794
"bivt",5e-04,10000,"0.01",TRUE,0.000641874739987935,-0.00045429422836511,0.228428035076794
"bivt",5e-04,10000,"0.05",TRUE,0.000779774294983304,-0.000159767932841643,0.290978588607521
"bivt",5e-04,10000,"0.1",TRUE,0.000700499726788851,-0.000147778220061651,0.290978588607521
"bivt",5e-04,10000,"0.01",TRUE,0.000853551221687499,-0.000174485205041671,0.290978588607521
"bivt",5e-04,10000,"0.05",TRUE,0.000203702763382611,-0.000307867877410651,0.279436335169034
"bivt",5e-04,10000,"0.1",TRUE,0.00016963663774203,-0.000297902202262606,0.279436335169034
"bivt",5e-04,10000,"0.01",TRUE,0.000263086128696062,-0.000312662909927318,0.279436335169034
"bivt",5e-04,10000,"0.05",TRUE,0.000821613630849523,-0.000222964786599632,0.280821630141405
"bivt",5e-04,10000,"0.1",TRUE,0.000814661250754903,-0.000218803713223191,0.280821630141405
"bivt",5e-04,10000,"0.01",TRUE,0.000911699580283716,-0.000236880139524888,0.280821630141405
"bivt",5e-04,10000,"0.05",TRUE,0.000256598618751897,-0.000428545884515907,0.276461303548097
"bivt",5e-04,10000,"0.1",TRUE,0.000214312496797952,-0.000427131519446074,0.276461303548097
"bivt",5e-04,10000,"0.01",TRUE,0.000321193430899907,-0.000431988132150234,0.276461303548097
"bivt",5e-04,10000,"0.05",TRUE,0.000225142000623963,-0.000371190127075576,0.220373765974063
"bivt",5e-04,10000,"0.1",TRUE,0.000199651290805893,-0.000366698579843216,0.220373765974063
"bivt",5e-04,10000,"0.01",TRUE,0.000287415975257852,-0.000379103159159085,0.220373765974063
"bivt",5e-04,10000,"0.05",TRUE,0.00024814678934482,-0.000401105641079881,0.234641750211542
"bivt",5e-04,10000,"0.1",TRUE,0.000224865555851615,-0.000397753283107427,0.234641750211542
"bivt",5e-04,10000,"0.01",TRUE,0.000290733399965579,-0.000410296792050814,0.234641750211542
"bivt",5e-04,10000,"0.05",TRUE,0.000317804243287245,-0.000242758812003377,0.312786705177183
"bivt",5e-04,10000,"0.1",TRUE,0.000292398299511653,-0.000231823063273746,0.312786705177183
"bivt",5e-04,10000,"0.01",TRUE,0.000368320727727422,-0.000263244737682564,0.312786705177183
"bivt",5e-04,10000,"0.05",TRUE,0.000338869473122372,-0.000450500323298721,0.200287180007983
"bivt",5e-04,10000,"0.1",TRUE,0.000315433687605897,-0.000446948499543009,0.200287180007983
"bivt",5e-04,10000,"0.01",TRUE,0.000452826925124278,-0.000456350796783898,0.200287180007983
"bivt",5e-04,10000,"0.05",TRUE,0.00044943028335608,-0.000159159774345467,0.293314192750119
"bivt",5e-04,10000,"0.1",TRUE,0.000417795254823205,-0.000153963856018596,0.293314192750119
"bivt",5e-04,10000,"0.01",TRUE,0.000575177770736001,-0.000196924220470841,0.293314192750119
"bivt",5e-04,10000,"0.05",TRUE,0.000467461043672947,-0.000186028765654883,0.331322225600677
"bivt",5e-04,10000,"0.1",TRUE,0.000399924081913674,-0.000170344686424555,0.331322225600677
"bivt",5e-04,10000,"0.01",TRUE,0.00053028608924682,-0.00019492598483813,0.331322225600677
"bivt",5e-04,10000,"0.05",TRUE,0.00019547648657972,-0.000349263902135635,0.239943933076092
"bivt",5e-04,10000,"0.1",TRUE,0.000179299443425495,-0.000346204613747506,0.239943933076092
"bivt",5e-04,10000,"0.01",TRUE,0.000253793731585942,-0.000358966675475845,0.239943933076092
"bivt",5e-04,10000,"0.05",TRUE,0.000443168291659408,-0.000296600390727719,0.272822079428565
"bivt",5e-04,10000,"0.1",TRUE,0.000399274988259621,-0.000289505788230364,0.272822079428565
"bivt",5e-04,10000,"0.01",TRUE,0.000447529314208284,-0.000304327908332698,0.272822079428565
"bivt",5e-04,10000,"0.05",TRUE,0.000254408266830491,-0.000391968681901093,0.263569732771417
"bivt",5e-04,10000,"0.1",TRUE,0.000238376688154342,-0.000389609426443242,0.263569732771417
"bivt",5e-04,10000,"0.01",TRUE,0.000304983688162497,-0.00039896631760768,0.263569732771417
"bivt",5e-04,10000,"0.05",TRUE,0.000590423074997755,-0.000152071838420765,0.339367175688989
"bivt",5e-04,10000,"0.1",TRUE,0.00058023534757588,-0.000140453685358532,0.339367175688989
"bivt",5e-04,10000,"0.01",TRUE,0.00066644629210535,-0.000169786004307994,0.339367175688989
"bivt",5e-04,10000,"0.05",TRUE,0.000867813223420666,-0.000148236959383551,0.309804874353511
"bivt",5e-04,10000,"0.1",TRUE,0.000814314269625796,-0.000131925659398148,0.309804874353511
"bivt",5e-04,10000,"0.01",TRUE,0.000922956870699086,-0.000171182266375018,0.309804874353511
"bivt",5e-04,10000,"0.05",TRUE,0.000306775186235929,-0.000245061698752621,0.300935959670918
"bivt",5e-04,10000,"0.1",TRUE,0.000284489320103498,-0.00023714782444731,0.300935959670918
"bivt",5e-04,10000,"0.01",TRUE,0.000355950435136091,-0.000261128637909605,0.300935959670918
"bivt",5e-04,10000,"0.05",TRUE,0.000577311009543825,-0.000344273045394083,0.281007950777854
"bivt",5e-04,10000,"0.1",TRUE,0.000540854901499898,-0.000340048071078467,0.281007950777854
"bivt",5e-04,10000,"0.01",TRUE,0.000610921481880892,-0.000351961417597772,0.281007950777854
"bivt",5e-04,10000,"0.05",TRUE,0.000294311565822333,-0.000392183076895188,0.277734220991275
"bivt",5e-04,10000,"0.1",TRUE,0.000264167493923786,-0.000388035598958154,0.277734220991275
"bivt",5e-04,10000,"0.01",TRUE,0.00033998530125671,-0.000401180894868139,0.277734220991275
"bivt",5e-04,10000,"0.05",TRUE,0.000573947276275071,-0.00015968128528566,0.314207618725334
"bivt",5e-04,10000,"0.1",TRUE,0.000507054583948259,-0.000153260000057568,0.314207618725334
"bivt",5e-04,10000,"0.01",TRUE,0.00063657514046753,-0.000175737748345224,0.314207618725334
"bivt",5e-04,10000,"0.05",TRUE,0.00065943497909239,-0.00028114874757447,0.268846353996445
"bivt",5e-04,10000,"0.1",TRUE,0.000627633653627938,-0.000269400999244797,0.268846353996445
"bivt",5e-04,10000,"0.01",TRUE,0.000743836761555098,-0.000295140010175407,0.268846353996445
"bivt",5e-04,10000,"0.05",TRUE,0.000353055549127749,-0.000461211417445814,0.211611825787841
"bivt",5e-04,10000,"0.1",TRUE,0.000320135550152422,-0.00046014662656266,0.211611825787841
"bivt",5e-04,10000,"0.01",TRUE,0.000485666421942622,-0.000464218697101431,0.211611825787841
"bivt",5e-04,10000,"0.05",TRUE,0.000247379775430575,-0.000430561948536109,0.243322616586032
"bivt",5e-04,10000,"0.1",TRUE,0.000209096654140076,-0.000426292525179169,0.243322616586032
"bivt",5e-04,10000,"0.01",TRUE,0.000344814448949351,-0.000434432786388915,0.243322616586032
"bivt",5e-04,10000,"0.05",TRUE,0.000563915453329628,-0.000341538561660179,0.282224683083788
"bivt",5e-04,10000,"0.1",TRUE,0.000505120355822148,-0.000338935662296107,0.282224683083788
"bivt",5e-04,10000,"0.01",TRUE,0.000602022902835993,-0.000353731885164143,0.282224683083788
"bivt",5e-04,10000,"0.05",TRUE,0.000558557948767151,-0.00013274628573369,0.3329057508647
"bivt",5e-04,10000,"0.1",TRUE,0.000525272108046861,-0.000121979052739051,0.3329057508647
"bivt",5e-04,10000,"0.01",TRUE,0.000575897915506379,-0.000150135162294285,0.3329057508647
"bivt",5e-04,10000,"0.05",TRUE,0.000305288227471764,-0.000291163820265057,0.288283736615629
"bivt",5e-04,10000,"0.1",TRUE,0.000274315267072261,-0.000283933209637796,0.288283736615629
"bivt",5e-04,10000,"0.01",TRUE,0.000333370736057347,-0.000298623108411532,0.288283736615629
"bivt",5e-04,10000,"0.05",TRUE,0.000226625045342006,-0.000328886959081729,0.272885515936562
"bivt",5e-04,10000,"0.1",TRUE,0.000200932626446051,-0.00031642363993649,0.272885515936562
"bivt",5e-04,10000,"0.01",TRUE,0.000305469727523771,-0.000338809430809311,0.272885515936562
"bivt",5e-04,10000,"0.05",TRUE,0.000354131201698446,-0.000212155935625995,0.279054228143315
"bivt",5e-04,10000,"0.1",TRUE,0.000321262232006027,-0.00020821165647889,0.279054228143315
"bivt",5e-04,10000,"0.01",TRUE,0.000380883141596376,-0.000219434941376979,0.279054228143315
"bivt",5e-04,10000,"0.05",TRUE,0.000292791204617687,-0.000220116613402403,0.282527119943762
"bivt",5e-04,10000,"0.1",TRUE,0.000255471216733221,-0.000200276384212143,0.282527119943762
"bivt",5e-04,10000,"0.01",TRUE,0.000349933668695354,-0.000228194871201135,0.282527119943762
"bivt",5e-04,10000,"0.05",TRUE,0.000325103139154683,-0.000271248010146084,0.284593599401428
"bivt",5e-04,10000,"0.1",TRUE,0.00029032946609738,-0.000266444438879799,0.284593599401428
"bivt",5e-04,10000,"0.01",TRUE,0.000392616374682841,-0.000291980795572717,0.284593599401428
"bivt",5e-04,10000,"0.05",TRUE,0.000372491827696172,-0.000309038675010566,0.288494773471746
"bivt",5e-04,10000,"0.1",TRUE,0.000325458286149984,-0.000300014119038417,0.288494773471746
"bivt",5e-04,10000,"0.01",TRUE,0.000425954905877398,-0.000317681718925487,0.288494773471746
"bivt",5e-04,10000,"0.05",TRUE,0.000329819606654066,-0.000421725533682237,0.257738816626134
"bivt",5e-04,10000,"0.1",TRUE,0.000290108083880651,-0.000419788378433988,0.257738816626134
"bivt",5e-04,10000,"0.01",TRUE,0.000385555529729801,-0.000426111896063061,0.257738816626134
"bivt",5e-04,10000,"0.05",TRUE,0.000612862486097723,-0.000230310080844871,0.327736134245733
"bivt",5e-04,10000,"0.1",TRUE,0.000553688734219146,-0.000220567689769841,0.327736134245733
"bivt",5e-04,10000,"0.01",TRUE,0.000632222052725757,-0.000239866489056828,0.327736134245733
"bivt",5e-04,10000,"0.05",TRUE,0.000293502571928032,-0.000327249121544124,0.231153726123507
"bivt",5e-04,10000,"0.1",TRUE,0.00026430157224161,-0.000322343604308647,0.231153726123507
"bivt",5e-04,10000,"0.01",TRUE,0.000345705989669711,-0.000336809102896609,0.231153726123507
"bivt",5e-04,10000,"0.05",TRUE,0.000282954296289875,-0.000433581780352658,0.250930849175214
"bivt",5e-04,10000,"0.1",TRUE,0.000248943109095536,-0.000430479920713157,0.250930849175214
"bivt",5e-04,10000,"0.01",TRUE,0.000363266181916723,-0.000435392937931597,0.250930849175214
"bivt",5e-04,10000,"0.05",TRUE,0.000398222111849642,-0.000276311396797704,0.300776893300399
"bivt",5e-04,10000,"0.1",TRUE,0.000360438143063045,-0.000269863380874975,0.300776893300399
"bivt",5e-04,10000,"0.01",TRUE,0.000411414409918958,-0.000297909950159881,0.300776893300399
"bivt",5e-04,10000,"0.05",TRUE,0.000286499331915638,-0.000306537165501775,0.248061520405235
"bivt",5e-04,10000,"0.1",TRUE,0.000274014949919664,-0.000301299457281854,0.248061520405235
"bivt",5e-04,10000,"0.01",TRUE,0.000325169124215677,-0.000321287484743664,0.248061520405235
"bivt",5e-04,10000,"0.05",TRUE,0.000421382083705022,-0.000340603176766284,0.314910183282079
"bivt",5e-04,10000,"0.1",TRUE,0.000378831298010844,-0.000338567442017985,0.314910183282079
"bivt",5e-04,10000,"0.01",TRUE,0.000483354378522193,-0.000345549544950032,0.314910183282079
"bivt",5e-04,10000,"0.05",TRUE,0.000257213288894277,-0.000249170352570734,0.288839312041834
"bivt",5e-04,10000,"0.1",TRUE,0.000218201533468024,-0.000242882974402471,0.288839312041834
"bivt",5e-04,10000,"0.01",TRUE,0.000312193162794388,-0.000264604235840991,0.288839312041834
"bivt",5e-04,10000,"0.05",TRUE,0.000202228262540413,-0.000383345017854438,0.279272455390795
"bivt",5e-04,10000,"0.1",TRUE,0.0001909455913691,-0.000380611850359779,0.279272455390795
"bivt",5e-04,10000,"0.01",TRUE,0.000241589504519077,-0.00039299590717744,0.279272455390795
"bivt",5e-04,10000,"0.05",TRUE,0.000628481816331558,-0.000360293587550924,0.273151970289991
"bivt",5e-04,10000,"0.1",TRUE,0.00060080824571255,-0.000356710100294832,0.273151970289991
"bivt",5e-04,10000,"0.01",TRUE,0.000674034671804038,-0.000365918474539465,0.273151970289991
"bivt",5e-04,10000,"0.05",TRUE,0.00029812692775688,-0.000284680315561906,0.282536816168181
"bivt",5e-04,10000,"0.1",TRUE,0.000256637973163903,-0.00027211778771966,0.282536816168181
"bivt",5e-04,10000,"0.01",TRUE,0.000312198108937918,-0.000297761059483208,0.282536816168181
"bivt",5e-04,10000,"0.05",TRUE,0.000580974366129682,-0.000299596675531247,0.300898063929717
"bivt",5e-04,10000,"0.1",TRUE,0.000556562723126833,-0.000294218520601812,0.300898063929717
"bivt",5e-04,10000,"0.01",TRUE,0.000644005341307042,-0.000307279324084609,0.300898063929717
"bivt",5e-04,10000,"0.05",TRUE,0.000268256002583385,-0.000399782881175385,0.26957899171738
"bivt",5e-04,10000,"0.1",TRUE,0.00022202639668829,-0.000396051753028851,0.26957899171738
"bivt",5e-04,10000,"0.01",TRUE,0.000305306487756295,-0.000404090594607634,0.26957899171738
"bivt",5e-04,10000,"0.05",TRUE,0.00033423100174173,-0.000355938524680559,0.279422096496873
"bivt",5e-04,10000,"0.1",TRUE,0.000303700946974467,-0.000351197347542168,0.279422096496873
"bivt",5e-04,10000,"0.01",TRUE,0.000394127595121343,-0.000366903149048593,0.279422096496873
"bivt",5e-04,10000,"0.05",TRUE,0.000396342567440143,-0.000308805514340892,0.264492634120665
"bivt",5e-04,10000,"0.1",TRUE,0.000392848419455361,-0.000304346684707511,0.264492634120665
"bivt",5e-04,10000,"0.01",TRUE,0.000515902879342051,-0.000320769619419255,0.264492634120665
"bivt",5e-04,10000,"0.05",TRUE,0.000403165203671999,-0.00035745373487245,0.274845342691809
"bivt",5e-04,10000,"0.1",TRUE,0.000357326216003624,-0.000351667197725325,0.274845342691809
"bivt",5e-04,10000,"0.01",TRUE,0.000468789514999183,-0.000368916016928911,0.274845342691809
"bivt",5e-04,10000,"0.05",TRUE,0.000249464583707454,-0.000399763172166582,0.247447191408622
"bivt",5e-04,10000,"0.1",TRUE,0.000228426566191056,-0.000395286616685099,0.247447191408622
"bivt",5e-04,10000,"0.01",TRUE,0.0002965672343264,-0.000405291441898492,0.247447191408622
"bivt",5e-04,10000,"0.05",TRUE,0.000293309349391297,-0.000394748556363005,0.252588965987167
"bivt",5e-04,10000,"0.1",TRUE,0.000244569543620626,-0.000388789936811742,0.252588965987167
"bivt",5e-04,10000,"0.01",TRUE,0.000346580865158389,-0.000404844722086143,0.252588965987167
"bivt",5e-04,10000,"0.05",TRUE,0.000263744472998482,-0.000340014891642374,0.257499052971707
"bivt",5e-04,10000,"0.1",TRUE,0.000227268379696561,-0.000333901529784163,0.257499052971707
"bivt",5e-04,10000,"0.01",TRUE,0.000330928455690311,-0.000354871107764941,0.257499052971707
"bivt",5e-04,10000,"0.05",TRUE,0.000267875518283958,-0.000384270984544847,0.260784882060855
"bivt",5e-04,10000,"0.1",TRUE,0.000230854739360192,-0.000374322663950143,0.260784882060855
"bivt",5e-04,10000,"0.01",TRUE,0.000357805687551553,-0.000390777262454739,0.260784882060855
"bivt",5e-04,10000,"0.05",TRUE,0.000232704511390705,-0.00034295942048746,0.275384165561438
"bivt",5e-04,10000,"0.1",TRUE,0.00019749671427829,-0.000334491409545269,0.275384165561438
"bivt",5e-04,10000,"0.01",TRUE,0.000285842447691683,-0.000349340351845049,0.275384165561438
"bivt",5e-04,10000,"0.05",TRUE,0.000277149317367624,-0.000353478861772649,0.256164935891437
"bivt",5e-04,10000,"0.1",TRUE,0.000252946873671824,-0.000348877083278157,0.256164935891437
"bivt",5e-04,10000,"0.01",TRUE,0.000496617092947481,-0.000360483550101127,0.256164935891437
"bivt",5e-04,10000,"0.05",TRUE,0.00028951919306656,-0.000315996000201687,0.270265925675419
"bivt",5e-04,10000,"0.1",TRUE,0.000247223145434462,-0.00030406183778194,0.270265925675419
"bivt",5e-04,10000,"0.01",TRUE,0.000326856969345206,-0.000329640923620241,0.270265925675419
"bivt",5e-04,10000,"0.05",TRUE,0.000311797490459436,-0.000404449889134869,0.215534115107663
"bivt",5e-04,10000,"0.1",TRUE,0.000260822126931163,-0.000400173925385918,0.215534115107663
"bivt",5e-04,10000,"0.01",TRUE,0.000419337427055431,-0.000410297544369539,0.215534115107663
"bivt",5e-04,10000,"0.05",TRUE,0.000226381647320983,-0.000308482592968716,0.274845146159503
"bivt",5e-04,10000,"0.1",TRUE,0.000201880335599728,-0.000301576565976235,0.274845146159503
"bivt",5e-04,10000,"0.01",TRUE,0.000287468716241103,-0.0003217308798364,0.274845146159503
"bivt",5e-04,10000,"0.05",TRUE,0.00024174257451395,-0.000409359884573119,0.285332320896388
"bivt",5e-04,10000,"0.1",TRUE,0.000202323047766414,-0.000404401088067765,0.285332320896388
"bivt",5e-04,10000,"0.01",TRUE,0.00027893946655467,-0.000417139186356989,0.285332320896388
"bivt",5e-04,10000,"0.05",TRUE,0.00024287504339786,-0.000345565804264879,0.2728035502845
"bivt",5e-04,10000,"0.1",TRUE,0.000211425296213677,-0.000332941993199457,0.2728035502845
"bivt",5e-04,10000,"0.01",TRUE,0.000300116322828403,-0.000355993043925185,0.2728035502845
"bivt",5e-04,10000,"0.05",TRUE,0.000244880235713976,-0.000319538272905945,0.267678070792345
"bivt",5e-04,10000,"0.1",TRUE,0.000204370316263141,-0.000315490583736533,0.267678070792345
"bivt",5e-04,10000,"0.01",TRUE,0.000315574471858179,-0.000327720540517063,0.267678070792345
"bivt",5e-04,10000,"0.05",TRUE,0.000248308991420234,-0.000370311314658086,0.271384136283263
"bivt",5e-04,10000,"0.1",TRUE,0.000225314021569661,-0.000367626869611128,0.271384136283263
"bivt",5e-04,10000,"0.01",TRUE,0.000319676639318354,-0.000378755584321682,0.271384136283263
"bivt",5e-04,10000,"0.05",TRUE,0.000351967845735706,-0.000297606312838816,0.256302804314995
"bivt",5e-04,10000,"0.1",TRUE,0.000344690554922958,-0.000293766202444097,0.256302804314995
"bivt",5e-04,10000,"0.01",TRUE,0.000448451504685604,-0.000311596287559983,0.256302804314995
"bivt",5e-04,10000,"0.05",TRUE,0.000195042559349912,-0.000310674227819707,0.294231075235634
"bivt",5e-04,10000,"0.1",TRUE,0.000175560691731142,-0.000303327746286402,0.294231075235634
"bivt",5e-04,10000,"0.01",TRUE,0.000279387079656827,-0.000321250293274921,0.294231075235634
"bivt",5e-04,10000,"0.05",TRUE,0.000281084576546158,-0.000383572666742319,0.239770042233449
"bivt",5e-04,10000,"0.1",TRUE,0.000246469838204584,-0.000378953585046853,0.239770042233449
"bivt",5e-04,10000,"0.01",TRUE,0.000331496813619304,-0.000390264530757596,0.239770042233449
"bivt",5e-04,10000,"0.05",TRUE,0.00027573778083519,-0.000433967842827992,0.260049243051384
"bivt",5e-04,10000,"0.1",TRUE,0.000241883921901706,-0.000430151640547782,0.260049243051384
"bivt",5e-04,10000,"0.01",TRUE,0.000331365432001334,-0.000439605475171276,0.260049243051384
"bivt",5e-04,10000,"0.05",TRUE,0.000489842335639176,-0.000271414483743324,0.293046431820288
"bivt",5e-04,10000,"0.1",TRUE,0.000458506480507276,-0.000263563797597284,0.293046431820288
"bivt",5e-04,10000,"0.01",TRUE,0.000548178070648786,-0.00027992841209835,0.293046431820288
"bivt",5e-04,10000,"0.05",TRUE,0.000451411463426694,-0.000325166819765449,0.296740800623392
"bivt",5e-04,10000,"0.1",TRUE,0.000420972324487814,-0.000317785975923949,0.296740800623392
"bivt",5e-04,10000,"0.01",TRUE,0.000466367764097794,-0.000331424075172636,0.296740800623392
"bivt",5e-04,10000,"0.05",TRUE,0.000242764789507776,-0.000342649548805061,0.237293990577015
"bivt",5e-04,10000,"0.1",TRUE,0.000214854634357538,-0.000339585741682126,0.237293990577015
"bivt",5e-04,10000,"0.01",TRUE,0.000302061120482774,-0.000349614826509454,0.237293990577015
"bivt",5e-04,10000,"0.05",TRUE,0.000224310647744843,-0.000396775964133545,0.275725419062952
"bivt",5e-04,10000,"0.1",TRUE,0.000195713784296133,-0.000394394549933473,0.275725419062952
"bivt",5e-04,10000,"0.01",TRUE,0.000269063445708197,-0.000402700698021613,0.275725419062952
"bivt",5e-04,10000,"0.05",TRUE,0.000315641826119829,-0.000249924120008381,0.279106040793225
"bivt",5e-04,10000,"0.1",TRUE,0.000293736198363651,-0.000244667483244386,0.279106040793225
"bivt",5e-04,10000,"0.01",TRUE,0.000392917102270907,-0.000263476036956182,0.279106040793225
"bivt",5e-04,10000,"0.05",TRUE,0.000392325725555485,-0.000250744346694813,0.286977686642841
"bivt",5e-04,10000,"0.1",TRUE,0.000373020915288777,-0.000239648844987935,0.286977686642841
"bivt",5e-04,10000,"0.01",TRUE,0.000420211493366561,-0.000266464102755558,0.286977686642841
"bivt",5e-04,10000,"0.05",TRUE,0.00057912668786126,-0.000203488114654205,0.32430528949565
"bivt",5e-04,10000,"0.1",TRUE,0.000548535848768431,-0.000196205958441509,0.32430528949565
"bivt",5e-04,10000,"0.01",TRUE,0.000648098925201488,-0.000224123876453414,0.32430528949565
"bivt",5e-04,10000,"0.05",TRUE,0.000346647176990501,-0.000319377653377262,0.284945244931503
"bivt",5e-04,10000,"0.1",TRUE,0.000331786659433298,-0.000311093031845804,0.284945244931503
"bivt",5e-04,10000,"0.01",TRUE,0.000400674623169569,-0.000326252391855556,0.284945244931503
"bivt",5e-04,10000,"0.05",TRUE,0.000442634841822709,-0.000347172745014733,0.311908039707494
"bivt",5e-04,10000,"0.1",TRUE,0.000419725985263319,-0.000342009537796741,0.311908039707494
"bivt",5e-04,10000,"0.01",TRUE,0.000527420091491768,-0.000350818929968359,0.311908039707494
"bivt",5e-04,10000,"0.05",TRUE,0.000296790600616344,-0.000241276497688767,0.299143451288397
"bivt",5e-04,10000,"0.1",TRUE,0.000286801266307882,-0.000235311902770015,0.299143451288397
"bivt",5e-04,10000,"0.01",TRUE,0.000346737536349061,-0.000255955412485716,0.299143451288397
"bivt",5e-04,10000,"0.05",TRUE,0.000418564996884083,-0.000297035682880994,0.262509885820676
"bivt",5e-04,10000,"0.1",TRUE,0.000402256255134843,-0.000285767252379685,0.262509885820676
"bivt",5e-04,10000,"0.01",TRUE,0.000483397488503387,-0.000309758376116502,0.262509885820676
"bivt",5e-04,10000,"0.05",TRUE,0.000330494971794168,-0.000296556313106297,0.24885169492167
"bivt",5e-04,10000,"0.1",TRUE,0.000292303018509478,-0.000286612191105139,0.24885169492167
"bivt",5e-04,10000,"0.01",TRUE,0.000389019670426586,-0.000309747031866623,0.24885169492167
"bivt",5e-04,10000,"0.05",TRUE,0.000239699415281806,-0.000384088219181115,0.233766840271452
"bivt",5e-04,10000,"0.1",TRUE,0.000205893565725477,-0.000381527254007515,0.233766840271452
"bivt",5e-04,10000,"0.01",TRUE,0.000338943780816192,-0.000391895610510767,0.233766840271452
"bivt",5e-04,10000,"0.05",TRUE,0.0003120095206829,-0.000210442294170601,0.312396748194349
"bivt",5e-04,10000,"0.1",TRUE,0.000279671368910358,-0.000208806851489733,0.312396748194349
"bivt",5e-04,10000,"0.01",TRUE,0.000329215773913031,-0.000226566359520715,0.312396748194349
"bivt",5e-04,10000,"0.05",TRUE,0.000284010466990353,-0.000419442442728916,0.287803419928817
"bivt",5e-04,10000,"0.1",TRUE,0.000246779465445865,-0.000416503044589704,0.287803419928817
"bivt",5e-04,10000,"0.01",TRUE,0.000357077894686081,-0.00042642055421997,0.287803419928817
"bivt",5e-04,10000,"0.05",TRUE,0.000420788480406156,-0.000318614389049593,0.249353144815314
"bivt",5e-04,10000,"0.1",TRUE,0.000396887937917865,-0.000313561946324428,0.249353144815314
"bivt",5e-04,10000,"0.01",TRUE,0.000444020651052016,-0.000327448885130434,0.249353144815314
"bivt",5e-04,10000,"0.05",TRUE,0.000513054420232681,-0.000340903711789581,0.267856050666819
"bivt",5e-04,10000,"0.1",TRUE,0.000495756164055014,-0.000336486133446556,0.267856050666819
"bivt",5e-04,10000,"0.01",TRUE,0.00055219376911085,-0.00034752559226035,0.267856050666819
"bivt",5e-04,10000,"0.05",TRUE,0.000317604008383821,-0.000416824187733536,0.219999563556005
"bivt",5e-04,10000,"0.1",TRUE,0.000283773094995183,-0.000411193108835443,0.219999563556005
"bivt",5e-04,10000,"0.01",TRUE,0.000427333628284656,-0.000424628623084327,0.219999563556005
"bivt",5e-04,10000,"0.05",TRUE,0.000214946292777672,-0.000359319293594034,0.277713787098749
"bivt",5e-04,10000,"0.1",TRUE,0.000192346810010678,-0.000356088169987534,0.277713787098749
"bivt",5e-04,10000,"0.01",TRUE,0.000250211939798954,-0.000367672483420639,0.277713787098749
"bivt",5e-04,10000,"0.05",TRUE,0.000536601296399973,-0.00022755532448088,0.333611092450487
"bivt",5e-04,10000,"0.1",TRUE,0.000505716701775771,-0.000225538687037319,0.333611092450487
"bivt",5e-04,10000,"0.01",TRUE,0.000604230123958144,-0.000237899571593046,0.333611092450487
"bivt",5e-04,10000,"0.05",TRUE,0.000278333453894142,-0.000383841808177644,0.225212179657899
"bivt",5e-04,10000,"0.1",TRUE,0.000245321067782627,-0.000379382864303165,0.225212179657899
"bivt",5e-04,10000,"0.01",TRUE,0.000343694018116731,-0.000387928201831925,0.225212179657899
"bivt",5e-04,10000,"0.05",TRUE,0.000232863692025883,-0.000375597462526101,0.284545203025435
"bivt",5e-04,10000,"0.1",TRUE,0.000212457087692017,-0.000372807666467491,0.284545203025435
"bivt",5e-04,10000,"0.01",TRUE,0.0002980646243683,-0.000382293738109465,0.284545203025435
"bivt",5e-04,10000,"0.05",TRUE,0.000279796410779988,-0.000383194736150552,0.24363042639882
"bivt",5e-04,10000,"0.1",TRUE,0.000242716851396233,-0.000380064101955694,0.24363042639882
"bivt",5e-04,10000,"0.01",TRUE,0.000341614116315453,-0.000396332191122229,0.24363042639882
"bivt",5e-04,10000,"0.05",TRUE,0.00022216275280365,-0.000387600812245709,0.257723302856205
"bivt",5e-04,10000,"0.1",TRUE,0.000194383128683637,-0.000383445898137347,0.257723302856205
"bivt",5e-04,10000,"0.01",TRUE,0.000296860154466383,-0.000394897209027094,0.257723302856205
"bivt",5e-04,10000,"0.05",TRUE,0.000333789859615724,-0.000303495843967668,0.289094465360049
"bivt",5e-04,10000,"0.1",TRUE,0.000298052954669111,-0.000296643841506842,0.289094465360049
"bivt",5e-04,10000,"0.01",TRUE,0.000389906145715747,-0.000313787128907706,0.289094465360049
"bivt",5e-04,10000,"0.05",TRUE,0.000282025062824906,-0.00035621439310939,0.277883151498109
"bivt",5e-04,10000,"0.1",TRUE,0.000243205692309706,-0.000352265124928367,0.277883151498109
"bivt",5e-04,10000,"0.01",TRUE,0.000341524104822331,-0.00036330685691585,0.277883151498109
"bivt",5e-04,10000,"0.05",TRUE,0.000273653227775769,-0.000449816772587635,0.249765170969767
"bivt",5e-04,10000,"0.1",TRUE,0.000232762335666833,-0.000445844418960096,0.249765170969767
"bivt",5e-04,10000,"0.01",TRUE,0.000427927564685927,-0.000451465577194165,0.249765170969767
"bivt",5e-04,10000,"0.05",TRUE,0.000283219593836752,-0.000245423165564043,0.301312147843822
"bivt",5e-04,10000,"0.1",TRUE,0.000241137262002857,-0.000241126525515979,0.301312147843822
"bivt",5e-04,10000,"0.01",TRUE,0.000313536865991211,-0.000258627177408386,0.301312147843822
"bivt",5e-04,10000,"0.05",TRUE,0.000250680682172896,-0.000338518625291743,0.268733029946148
"bivt",5e-04,10000,"0.1",TRUE,0.000198804922352734,-0.000332194192652981,0.268733029946148
"bivt",5e-04,10000,"0.01",TRUE,0.000310290130647318,-0.000352551349752513,0.268733029946148
"bivt",5e-04,10000,"0.05",TRUE,0.000589116003417689,-0.000299236058555242,0.273421590775434
"bivt",5e-04,10000,"0.1",TRUE,0.000517793315870071,-0.000292892836122716,0.273421590775434
"bivt",5e-04,10000,"0.01",TRUE,0.000664380550853141,-0.000307482009414925,0.273421590775434
"bivt",5e-04,10000,"0.05",TRUE,0.00102605904868412,-0.000175381762122191,0.30607264812258
"bivt",5e-04,10000,"0.1",TRUE,0.00101135910537391,-0.00017027405762318,0.30607264812258
"bivt",5e-04,10000,"0.01",TRUE,0.00104937602092158,-0.000201581071488411,0.30607264812258
"bivt",5e-04,10000,"0.05",TRUE,0.00086970672736867,-0.000202181581910563,0.291260244876173
"bivt",5e-04,10000,"0.1",TRUE,0.000841801731764111,-0.000190262944005265,0.291260244876173
"bivt",5e-04,10000,"0.01",TRUE,0.000917177224022439,-0.000210606481316809,0.291260244876173
"bivt",5e-04,10000,"0.05",TRUE,0.00032095178789706,-0.000426199235088769,0.226673403464052
"bivt",5e-04,10000,"0.1",TRUE,0.00029608081707336,-0.00042319896401625,0.226673403464052
"bivt",5e-04,10000,"0.01",TRUE,0.000373323927139614,-0.000432580763580565,0.226673403464052
"bivt",5e-04,10000,"0.05",TRUE,0.000595838439663026,-0.000154150044530858,0.286378391116336
"bivt",5e-04,10000,"0.1",TRUE,0.000567821369949172,-0.000150104293393805,0.286378391116336
"bivt",5e-04,10000,"0.01",TRUE,0.00066912415042465,-0.000174358952463377,0.286378391116336
"bivt",5e-04,10000,"0.05",TRUE,0.000219436640898097,-0.000347261805496636,0.275065716628675
"bivt",5e-04,10000,"0.1",TRUE,0.000176360566082527,-0.000341793837279221,0.275065716628675
"bivt",5e-04,10000,"0.01",TRUE,0.000292492442624151,-0.000353537877285878,0.275065716628675
"bivt",5e-04,10000,"0.05",TRUE,0.000310048832286614,-0.000401767469048923,0.258690825378739
"bivt",5e-04,10000,"0.1",TRUE,0.000242937838187567,-0.000399923932688594,0.258690825378739
"bivt",5e-04,10000,"0.01",TRUE,0.000385203369133073,-0.000407380110590318,0.258690825378739
"bivt",5e-04,10000,"0.05",TRUE,0.000221366631592007,-0.000337597096250196,0.286172701201866
"bivt",5e-04,10000,"0.1",TRUE,0.00021069776068396,-0.000331454556524998,0.286172701201866
"bivt",5e-04,10000,"0.01",TRUE,0.000271649502669677,-0.000344994591725216,0.286172701201866
"bivt",5e-04,10000,"0.05",TRUE,0.000249398702535279,-0.000401628561385355,0.24898716508616
"bivt",5e-04,10000,"0.1",TRUE,0.000230188103125374,-0.000399344501266755,0.24898716508616
"bivt",5e-04,10000,"0.01",TRUE,0.00032767053874166,-0.000413899761600825,0.24898716508616
"bivt",5e-04,10000,"0.05",TRUE,0.000278641385279118,-0.000363708981137878,0.243665447541896
"bivt",5e-04,10000,"0.1",TRUE,0.000245868292208147,-0.000357194066151166,0.243665447541896
"bivt",5e-04,10000,"0.01",TRUE,0.000337985308664599,-0.000370017799069523,0.243665447541896
"bivt",5e-04,10000,"0.05",TRUE,0.000277724323861285,-0.000411973468028903,0.257152181144069
"bivt",5e-04,10000,"0.1",TRUE,0.000246963021240844,-0.000408317653242965,0.257152181144069
"bivt",5e-04,10000,"0.01",TRUE,0.000384175489481229,-0.000419542186078175,0.257152181144069
"bivt",5e-04,10000,"0.05",TRUE,0.000278304411273265,-0.000418228586856242,0.227305931104866
"bivt",5e-04,10000,"0.1",TRUE,0.000226871861963451,-0.00041442147343957,0.227305931104866
"bivt",5e-04,10000,"0.01",TRUE,0.000357142306280344,-0.000430970733732848,0.227305931104866
"bivt",5e-04,10000,"0.05",TRUE,0.000360562087065696,-0.000295876671829504,0.267955620873449
"bivt",5e-04,10000,"0.1",TRUE,0.000331444113247828,-0.000287353492647668,0.267955620873449
"bivt",5e-04,10000,"0.01",TRUE,0.000384082353149185,-0.000309566330646912,0.267955620873449
"bivt",5e-04,10000,"0.05",TRUE,0.000251866466370377,-0.000352949058234213,0.271765663902835
"bivt",5e-04,10000,"0.1",TRUE,0.00023670951983647,-0.00034873260991933,0.271765663902835
"bivt",5e-04,10000,"0.01",TRUE,0.000336812460992213,-0.000366107687679454,0.271765663902835
"bivt",5e-04,10000,"0.05",TRUE,0.000359751844937338,-0.000450582322896184,0.247263396364416
"bivt",5e-04,10000,"0.1",TRUE,0.00030032628080041,-0.00044886716256399,0.247263396364416
"bivt",5e-04,10000,"0.01",TRUE,0.000436674002503966,-0.000452449254768645,0.247263396364416
"bivt",5e-04,10000,"0.05",TRUE,0.00020955063001868,-0.000328389271156787,0.272262806909307
"bivt",5e-04,10000,"0.1",TRUE,0.000174004369210499,-0.000322667038040933,0.272262806909307
"bivt",5e-04,10000,"0.01",TRUE,0.000264173953777055,-0.000344780070232391,0.272262806909307
"bivt",5e-04,10000,"0.05",TRUE,0.000266701986916205,-0.00034709838093199,0.272078740366565
"bivt",5e-04,10000,"0.1",TRUE,0.000244196676064704,-0.000338316348799606,0.272078740366565
"bivt",5e-04,10000,"0.01",TRUE,0.000301471699538888,-0.000356452726211317,0.272078740366565
"bivt",5e-04,10000,"0.05",TRUE,0.000477868777561532,-0.000371697571771631,0.265104052980379
"bivt",5e-04,10000,"0.1",TRUE,0.000443004238192707,-0.000370364193550667,0.265104052980379
"bivt",5e-04,10000,"0.01",TRUE,0.000510441174698652,-0.000379275530099671,0.265104052980379
"bivt",5e-04,10000,"0.05",TRUE,0.00025001087998038,-0.000393739445719803,0.244982745733014
"bivt",5e-04,10000,"0.1",TRUE,0.000205970239797291,-0.000389600524709026,0.244982745733014
"bivt",5e-04,10000,"0.01",TRUE,0.00031475421004498,-0.000402486025344151,0.244982745733014
"bivt",5e-04,10000,"0.05",TRUE,0.000238996228291583,-0.000351499739393346,0.25647269976321
"bivt",5e-04,10000,"0.1",TRUE,0.000212757234855786,-0.000349068517772875,0.25647269976321
"bivt",5e-04,10000,"0.01",TRUE,0.000320787529688648,-0.0003610901158527,0.25647269976321
"bivt",5e-04,10000,"0.05",TRUE,0.000275043102195654,-0.00043023377401815,0.235235418065401
"bivt",5e-04,10000,"0.1",TRUE,0.000229738732075912,-0.000427293328158341,0.235235418065401
"bivt",5e-04,10000,"0.01",TRUE,0.000351594104463034,-0.000437007626918732,0.235235418065401
"bivt",5e-04,10000,"0.05",TRUE,0.000239940354765369,-0.000379705558304018,0.246787204447173
"bivt",5e-04,10000,"0.1",TRUE,0.000200566748097142,-0.000375245782268909,0.246787204447173
"bivt",5e-04,10000,"0.01",TRUE,0.000285829975254854,-0.00038593885687619,0.246787204447173
"bivt",5e-04,10000,"0.05",TRUE,0.000300392077444804,-0.000419394754938767,0.209360330009339
"bivt",5e-04,10000,"0.1",TRUE,0.000250678919466814,-0.000415442934145726,0.209360330009339
"bivt",5e-04,10000,"0.01",TRUE,0.000394643070385208,-0.000426618338117085,0.209360330009339
"bivt",5e-04,10000,"0.05",TRUE,0.000257827507980069,-0.00040509932458898,0.2386839014577
"bivt",5e-04,10000,"0.1",TRUE,0.000208556151639523,-0.000401156366311758,0.2386839014577
"bivt",5e-04,10000,"0.01",TRUE,0.000311681679093733,-0.000411536832571468,0.2386839014577
"bivt",5e-04,10000,"0.05",TRUE,0.000284341638336079,-0.000302854432335908,0.267914674164861
"bivt",5e-04,10000,"0.1",TRUE,0.000256594558733352,-0.000300963656308617,0.267914674164861
"bivt",5e-04,10000,"0.01",TRUE,0.000342535707245666,-0.000313027143800981,0.267914674164861
"bivt",5e-04,10000,"0.05",TRUE,0.000223897924462759,-0.000347493660719029,0.265344555474803
"bivt",5e-04,10000,"0.1",TRUE,0.000196372933695392,-0.000343355919416913,0.265344555474803
"bivt",5e-04,10000,"0.01",TRUE,0.000258729013373964,-0.000355183084382755,0.265344555474803
"bivt",5e-04,10000,"0.05",TRUE,0.000531463748100029,-0.000287062252986733,0.280457272010373
"bivt",5e-04,10000,"0.1",TRUE,0.00049121052393451,-0.000278374606326506,0.280457272010373
"bivt",5e-04,10000,"0.01",TRUE,0.000553120920625145,-0.000295463828491067,0.280457272010373
"bivt",5e-04,10000,"0.05",TRUE,0.00025289941092956,-0.000348140670213261,0.284043231966001
"bivt",5e-04,10000,"0.1",TRUE,0.000203869005247278,-0.000346134949388819,0.284043231966001
"bivt",5e-04,10000,"0.01",TRUE,0.000331864100044609,-0.000359645833093784,0.284043231966001
"bivt",5e-04,10000,"0.05",TRUE,0.000212798517553096,-0.000419829606368902,0.257546150770003
"bivt",5e-04,10000,"0.1",TRUE,0.000185363805829039,-0.000416793675403294,0.257546150770003
"bivt",5e-04,10000,"0.01",TRUE,0.000268290815260563,-0.000426085643066838,0.257546150770003
"bivt",5e-04,10000,"0.05",TRUE,0.000467778947123834,-0.000332297965979888,0.248931642984937
"bivt",5e-04,10000,"0.1",TRUE,0.00042049876993174,-0.00032710372930253,0.248931642984937
"bivt",5e-04,10000,"0.01",TRUE,0.000505543499326413,-0.000343232714450797,0.248931642984937
"bivt",5e-04,10000,"0.05",TRUE,0.000213045238933762,-0.000390144773700844,0.256711009810707
"bivt",5e-04,10000,"0.1",TRUE,0.000191738555327503,-0.000384096290467686,0.256711009810707
"bivt",5e-04,10000,"0.01",TRUE,0.000276366360683898,-0.000397744285949381,0.256711009810707
"bivt",5e-04,10000,"0.05",TRUE,0.000616955396784824,-0.00022197362279497,0.285913701614855
"bivt",5e-04,10000,"0.1",TRUE,0.0005879221973049,-0.00021700370209427,0.285913701614855
"bivt",5e-04,10000,"0.01",TRUE,0.000656711386171109,-0.000233805744403258,0.285913701614855
"bivt",5e-04,10000,"0.05",FALSE,0.000205848123128494,-0.0003017876618041,0.300222020792506
"bivt",5e-04,10000,"0.1",FALSE,0.000186961329121198,-0.000294902767643099,0.300222020792506
"bivt",5e-04,10000,"0.01",TRUE,0.000265356290385885,-0.000314064915926005,0.300222020792506
"bivt",5e-04,10000,"0.05",TRUE,0.000353468717969486,-0.000380451966195415,0.314774658985451
"bivt",5e-04,10000,"0.1",TRUE,0.000336818327873251,-0.00037709709790541,0.314774658985451
"bivt",5e-04,10000,"0.01",TRUE,0.000421100012464366,-0.000385109583880015,0.314774658985451
"bivt",5e-04,10000,"0.05",TRUE,0.000247567729659154,-0.000367398246847539,0.263136240606989
"bivt",5e-04,10000,"0.1",TRUE,0.000208382642697466,-0.000361809535343814,0.263136240606989
"bivt",5e-04,10000,"0.01",TRUE,0.000324248408351072,-0.000373018680043126,0.263136240606989
"bivt",5e-04,10000,"0.05",TRUE,0.000262830782291761,-0.000341062324998921,0.29940478754703
"bivt",5e-04,10000,"0.1",TRUE,0.000233569685822587,-0.000331002988527062,0.29940478754703
"bivt",5e-04,10000,"0.01",TRUE,0.000296538797388959,-0.000349667910764368,0.29940478754703
"bivt",5e-04,10000,"0.05",TRUE,0.000264192478387607,-0.000340406118639569,0.263311214390757
"bivt",5e-04,10000,"0.1",TRUE,0.000224317583778429,-0.00033453994341878,0.263311214390757
"bivt",5e-04,10000,"0.01",TRUE,0.000324856609345271,-0.00034687679730341,0.263311214390757
"bivt",5e-04,10000,"0.05",TRUE,0.000433626103470898,-0.000290699924917728,0.287973290010334
"bivt",5e-04,10000,"0.1",TRUE,0.000417192669132674,-0.000279712572782618,0.287973290010334
"bivt",5e-04,10000,"0.01",TRUE,0.000455996584038035,-0.000304908052710639,0.287973290010334
"bivt",5e-04,10000,"0.05",TRUE,0.000285977900758142,-0.000417247684025978,0.251652600337181
"bivt",5e-04,10000,"0.1",TRUE,0.000231617721280908,-0.000413883547774883,0.251652600337181
"bivt",5e-04,10000,"0.01",TRUE,0.000372426569915661,-0.000423722953239792,0.251652600337181
"bivt",5e-04,10000,"0.05",TRUE,0.000443236723051871,-0.000209946837306209,0.261608773894872
"bivt",5e-04,10000,"0.1",TRUE,0.00041786605996331,-0.000202153320197958,0.261608773894872
"bivt",5e-04,10000,"0.01",TRUE,0.000524762133497936,-0.000226150617623626,0.261608773894872
"bivt",5e-04,10000,"0.05",TRUE,0.00046634315857022,-0.00035365752757063,0.253917353561843
"bivt",5e-04,10000,"0.1",TRUE,0.000418071434618981,-0.00035271407233313,0.253917353561843
"bivt",5e-04,10000,"0.01",TRUE,0.000509534081532872,-0.000359235566548686,0.253917353561843
"bivt",5e-04,10000,"0.05",TRUE,0.000295178406202155,-0.000388864680543144,0.251176824068834
"bivt",5e-04,10000,"0.1",TRUE,0.000250816349259956,-0.00038399580366009,0.251176824068834
"bivt",5e-04,10000,"0.01",TRUE,0.000344808660109606,-0.000395566241372421,0.251176824068834
"bivt",5e-04,10000,"0.05",TRUE,0.000229508091628464,-0.000375852718242783,0.254264776505935
"bivt",5e-04,10000,"0.1",TRUE,0.000208662513712441,-0.000371009755794635,0.254264776505935
"bivt",5e-04,10000,"0.01",TRUE,0.000324414404805023,-0.000383022449169499,0.254264776505935
"bivt",5e-04,10000,"0.05",TRUE,0.000272291462749706,-0.000381755787252346,0.257112477359556
"bivt",5e-04,10000,"0.1",TRUE,0.000245609086748876,-0.000374350599673609,0.257112477359556
"bivt",5e-04,10000,"0.01",TRUE,0.000330361121577111,-0.000388644284473009,0.257112477359556
"bivt",5e-04,10000,"0.05",TRUE,0.000279331711129021,-0.00034434994283316,0.241319141646702
"bivt",5e-04,10000,"0.1",TRUE,0.000236690324546002,-0.000340949253800832,0.241319141646702
"bivt",5e-04,10000,"0.01",TRUE,0.000317493403336989,-0.000350331145429766,0.241319141646702
"bivt",5e-04,10000,"0.05",TRUE,0.000292446784314872,-0.000326632462029146,0.267046756036685
"bivt",5e-04,10000,"0.1",TRUE,0.000269051872370662,-0.000323339288231574,0.267046756036685
"bivt",5e-04,10000,"0.01",TRUE,0.000318764441586149,-0.000340109412760076,0.267046756036685
"bivt",5e-04,10000,"0.05",TRUE,0.000258264259990365,-0.000354257345594963,0.244581771794878
"bivt",5e-04,10000,"0.1",TRUE,0.000206436561499296,-0.000351477079791826,0.244581771794878
"bivt",5e-04,10000,"0.01",TRUE,0.000322983314187557,-0.000359967896344986,0.244581771794878
"bivt",5e-04,10000,"0.05",TRUE,0.000969941977592832,-0.000143938812551318,0.31597914066028
"bivt",5e-04,10000,"0.1",TRUE,0.00093993522438471,-0.00013559914086286,0.31597914066028
"bivt",5e-04,10000,"0.01",TRUE,0.00112613809880594,-0.000159202243899866,0.31597914066028
"bivt",5e-04,10000,"0.05",TRUE,0.00021687220159627,-0.00032642533316238,0.249624832084336
"bivt",5e-04,10000,"0.1",TRUE,0.000187644151902303,-0.000318179279545474,0.249624832084336
"bivt",5e-04,10000,"0.01",TRUE,0.000280197958889493,-0.000337193008264895,0.249624832084336
"bivt",5e-04,10000,"0.05",TRUE,0.000230432556051783,-0.000351325103314391,0.249737401141098
"bivt",5e-04,10000,"0.1",TRUE,0.000202018938969022,-0.0003412162160295,0.249737401141098
"bivt",5e-04,10000,"0.01",TRUE,0.000316333151581966,-0.000366951739265364,0.249737401141098
"bivt",5e-04,10000,"0.05",TRUE,0.000275326080184111,-0.000408522545239197,0.224117583850739
"bivt",5e-04,10000,"0.1",TRUE,0.000253473696003165,-0.000404152450464558,0.224117583850739
"bivt",5e-04,10000,"0.01",TRUE,0.000361387700524002,-0.000420541978427784,0.224117583850739
"bivt",5e-04,10000,"0.05",TRUE,0.000236175805103653,-0.000385863083206817,0.273870254880348
"bivt",5e-04,10000,"0.1",TRUE,0.00022552557701887,-0.000380574671939945,0.273870254880348
"bivt",5e-04,10000,"0.01",TRUE,0.000299765677582311,-0.000394986991335094,0.273870254880348
"bivt",5e-04,10000,"0.05",TRUE,0.000247559426026884,-0.000392937399721905,0.246126400319608
"bivt",5e-04,10000,"0.1",TRUE,0.000203919155176827,-0.000388361107582028,0.246126400319608
"bivt",5e-04,10000,"0.01",TRUE,0.000344064532092821,-0.000399039475125149,0.246126400319608
"bivt",5e-04,10000,"0.05",TRUE,0.000705818807319077,-0.000117913254075647,0.314060543689623
"bivt",5e-04,10000,"0.1",TRUE,0.000693050378452954,-0.000107319037691024,0.314060543689623
"bivt",5e-04,10000,"0.01",TRUE,0.00078049085105192,-0.000141645864594501,0.314060543689623
"bivt",5e-04,10000,"0.05",TRUE,0.0002663386459097,-0.000403568720300887,0.243269342728126
"bivt",5e-04,10000,"0.1",TRUE,0.000212972833010053,-0.000401263133313764,0.243269342728126
"bivt",5e-04,10000,"0.01",TRUE,0.000332187231818319,-0.000406249438665483,0.243269342728126
"bivt",5e-04,10000,"0.05",TRUE,0.000573703316077671,-0.000195677620686687,0.316628048963116
"bivt",5e-04,10000,"0.1",TRUE,0.000528387546765878,-0.000189147172884415,0.316628048963116
"bivt",5e-04,10000,"0.01",TRUE,0.000614599284229974,-0.000216992863011077,0.316628048963116
"bivt",5e-04,10000,"0.05",TRUE,0.000357737581779895,-0.000307256912319572,0.271602075727293
"bivt",5e-04,10000,"0.1",TRUE,0.000349540474008616,-0.000303357602508562,0.271602075727293
"bivt",5e-04,10000,"0.01",TRUE,0.000388566286170242,-0.000315720144716343,0.271602075727293
"bivt",5e-04,10000,"0.05",TRUE,0.000459133102761755,-0.000263737620277638,0.29324222495371
"bivt",5e-04,10000,"0.1",TRUE,0.000437612462239697,-0.000260012566154287,0.29324222495371
"bivt",5e-04,10000,"0.01",TRUE,0.000496425051451102,-0.000284000382640689,0.29324222495371
"bivt",5e-04,10000,"0.05",TRUE,0.000337980470998754,-0.000424825515575692,0.262762603131896
"bivt",5e-04,10000,"0.1",TRUE,0.000324931002933226,-0.000421975597703573,0.262762603131896
"bivt",5e-04,10000,"0.01",TRUE,0.000419377049167577,-0.000430865251068116,0.262762603131896
"bivt",5e-04,10000,"0.05",TRUE,0.000238364446274535,-0.000405548263591937,0.239850212026252
"bivt",5e-04,10000,"0.1",TRUE,0.000206897036553708,-0.000403519949914258,0.239850212026252
"bivt",5e-04,10000,"0.01",TRUE,0.000337229935283441,-0.000411496072223849,0.239850212026252
"bivt",5e-04,10000,"0.05",TRUE,0.000461036004455101,-0.00036530655495046,0.289791448717353
"bivt",5e-04,10000,"0.1",TRUE,0.000432558430205868,-0.000363875573933968,0.289791448717353
"bivt",5e-04,10000,"0.01",TRUE,0.000532603708403812,-0.000379044422433283,0.289791448717353
"bivt",5e-04,10000,"0.05",TRUE,0.000445085935014963,-0.000289583237160733,0.279978660404486
"bivt",5e-04,10000,"0.1",TRUE,0.000389083744586661,-0.000285583283311761,0.279978660404486
"bivt",5e-04,10000,"0.01",TRUE,0.000502928498977809,-0.000312994201952062,0.279978660404486
"bivt",5e-04,10000,"0.05",TRUE,0.000273496025661312,-0.000366159423467232,0.223851767330618
"bivt",5e-04,10000,"0.1",TRUE,0.000239574985832528,-0.000360801640689107,0.223851767330618
"bivt",5e-04,10000,"0.01",TRUE,0.00034015257124502,-0.000369830129501839,0.223851767330618
"bivt",5e-04,10000,"0.05",TRUE,0.000687070318897393,-0.00020302275374702,0.268114293354544
"bivt",5e-04,10000,"0.1",TRUE,0.00067264201204754,-0.000192980315748835,0.268114293354544
"bivt",5e-04,10000,"0.01",TRUE,0.000745124064600581,-0.00022212629815234,0.268114293354544
"bivt",5e-04,10000,"0.05",TRUE,0.0002566334553373,-0.000399643567172081,0.230790657028119
"bivt",5e-04,10000,"0.1",TRUE,0.000226964722525925,-0.000395838461386491,0.230790657028119
"bivt",5e-04,10000,"0.01",TRUE,0.000343988370430994,-0.000408531668299923,0.230790657028119
"bivt",5e-04,10000,"0.05",FALSE,0.000299895498280414,-0.000267305093467355,0.23106409949709
"bivt",5e-04,10000,"0.1",FALSE,0.000267516440934534,-0.000262236604735845,0.23106409949709
"bivt",5e-04,10000,"0.01",FALSE,0.000385935709290371,-0.000277045280428231,0.23106409949709
"bivt",5e-04,10000,"0.05",TRUE,0.000244297662297095,-0.000366695884756469,0.249438953516188
"bivt",5e-04,10000,"0.1",TRUE,0.000214195424340595,-0.00036202353076929,0.249438953516188
"bivt",5e-04,10000,"0.01",TRUE,0.000276784888901733,-0.000376143510768845,0.249438953516188
"bivt",5e-04,10000,"0.05",TRUE,0.000302565022221027,-0.000271907574117837,0.253651066142652
"bivt",5e-04,10000,"0.1",TRUE,0.00025694073034849,-0.000266204992044821,0.253651066142652
"bivt",5e-04,10000,"0.01",TRUE,0.000347077680474915,-0.000307164858634414,0.253651066142652
"bivt",5e-04,10000,"0.05",TRUE,0.000274814446881018,-0.000398721875588937,0.260339451264188
"bivt",5e-04,10000,"0.1",TRUE,0.000240423563814764,-0.000393932682227528,0.260339451264188
"bivt",5e-04,10000,"0.01",TRUE,0.000348096249589354,-0.000404083411331872,0.260339451264188
"bivt",5e-04,10000,"0.05",TRUE,0.000852499228737839,-0.000207807812180099,0.30336614398132
"bivt",5e-04,10000,"0.1",TRUE,0.000808560964220841,-0.000202939824378272,0.30336614398132
"bivt",5e-04,10000,"0.01",TRUE,0.000880210013905403,-0.000232596298356924,0.30336614398132
"bivt",5e-04,10000,"0.05",TRUE,0.000665886840310817,-0.00037716532943721,0.273886961551574
"bivt",5e-04,10000,"0.1",TRUE,0.000652082026314015,-0.000375663317724873,0.273886961551574
"bivt",5e-04,10000,"0.01",TRUE,0.000730459797288242,-0.000390065280234557,0.273886961551574
"bivt",5e-04,10000,"0.05",TRUE,0.000305977933262525,-0.000386712282891406,0.220158450305355
"bivt",5e-04,10000,"0.1",TRUE,0.000261635343233962,-0.000380681157601707,0.220158450305355
"bivt",5e-04,10000,"0.01",TRUE,0.000378465115124291,-0.000405741760144646,0.220158450305355
"bivt",5e-04,10000,"0.05",TRUE,0.000247493873765838,-0.000362496713601987,0.2658651133781
"bivt",5e-04,10000,"0.1",TRUE,0.000218985392263979,-0.000358997199535411,0.2658651133781
"bivt",5e-04,10000,"0.01",TRUE,0.000307584296000031,-0.000367152011107084,0.2658651133781
"bivt",5e-04,10000,"0.05",TRUE,0.000238146179953618,-0.000393563024527218,0.284894066341965
"bivt",5e-04,10000,"0.1",TRUE,0.000209606453586879,-0.000388983207132418,0.284894066341965
"bivt",5e-04,10000,"0.01",TRUE,0.000298867146807765,-0.000399215612673035,0.284894066341965
"bivt",5e-04,10000,"0.05",TRUE,0.000352590747630824,-0.000331542863984617,0.299806805659986
"bivt",5e-04,10000,"0.1",TRUE,0.000313069039520169,-0.000325071230733958,0.299806805659986
"bivt",5e-04,10000,"0.01",TRUE,0.000376890055118948,-0.000342559416196188,0.299806805659986
"bivt",5e-04,10000,"0.05",TRUE,0.000223028383510402,-0.000444872716154252,0.264404246056759
"bivt",5e-04,10000,"0.1",TRUE,0.000207181287650579,-0.000443858048192801,0.264404246056759
"bivt",5e-04,10000,"0.01",TRUE,0.000279750485416822,-0.000446292960840629,0.264404246056759
"bivt",5e-04,10000,"0.05",TRUE,0.000337817462499948,-0.000267654387986021,0.263516575831499
"bivt",5e-04,10000,"0.1",TRUE,0.000329807283331715,-0.000261271777660634,0.263516575831499
"bivt",5e-04,10000,"0.01",TRUE,0.000372188719314055,-0.000279098606920251,0.263516575831499
"bivt",5e-04,10000,"0.05",TRUE,0.000510768141499641,-0.000260004489184286,0.301137083727151
"bivt",5e-04,10000,"0.1",TRUE,0.000486377334095583,-0.000246753326299091,0.301137083727151
"bivt",5e-04,10000,"0.01",TRUE,0.000581769228887715,-0.000274510757431099,0.301137083727151
"bivt",5e-04,10000,"0.05",TRUE,0.000733123159296705,-0.00019365637389565,0.310040665743852
"bivt",5e-04,10000,"0.1",TRUE,0.000682923414318595,-0.00019045627214223,0.310040665743852
"bivt",5e-04,10000,"0.01",TRUE,0.00079178989064824,-0.00021067343179776,0.310040665743852
"bivt",5e-04,10000,"0.05",TRUE,0.000541332414633418,-0.000255060172417456,0.290401768421221
"bivt",5e-04,10000,"0.1",TRUE,0.000523485891497403,-0.000248489252378752,0.290401768421221
"bivt",5e-04,10000,"0.01",TRUE,0.000625816308060077,-0.000274771246740861,0.290401768421221
"bivt",5e-04,10000,"0.05",FALSE,0.000194896292510717,-0.000248883449944019,0.326477087513433
"bivt",5e-04,10000,"0.1",FALSE,0.000166005916678603,-0.000242960291583177,0.326477087513433
"bivt",5e-04,10000,"0.01",TRUE,0.000286641808548372,-0.000261774270561856,0.326477087513433
"bivt",5e-04,10000,"0.05",TRUE,0.000853713244571134,-0.000221096616726071,0.29564735215964
"bivt",5e-04,10000,"0.1",TRUE,0.000800901687185435,-0.000214100145616328,0.29564735215964
"bivt",5e-04,10000,"0.01",TRUE,0.000913319415996288,-0.000238966750689222,0.29564735215964
"bivt",5e-04,10000,"0.05",TRUE,0.00115034013105968,-0.000362299942459565,0.290959392536564
"bivt",5e-04,10000,"0.1",TRUE,0.00107443429256622,-0.000360170983541489,0.290959392536564
"bivt",5e-04,10000,"0.01",TRUE,0.00120753548662702,-0.000377031094485824,0.290959392536564
"bivt",5e-04,10000,"0.05",TRUE,0.000193979862991737,-0.000269155358843557,0.250059015121561
"bivt",5e-04,10000,"0.1",TRUE,0.000175769679305536,-0.00026346150964045,0.250059015121561
"bivt",5e-04,10000,"0.01",TRUE,0.000234146298478535,-0.000282075200235698,0.250059015121561
"bivt",5e-04,10000,"0.05",TRUE,0.000224727197943731,-0.000328999526875267,0.250102609652113
"bivt",5e-04,10000,"0.1",TRUE,0.000200503225991457,-0.000326147291566356,0.250102609652113
"bivt",5e-04,10000,"0.01",TRUE,0.000267038715414463,-0.000334603985484419,0.250102609652113
"bivt",5e-04,10000,"0.05",TRUE,0.000362081399931452,-0.000306816129603944,0.2740162493402
"bivt",5e-04,10000,"0.1",TRUE,0.000341456494167078,-0.000302805886110259,0.2740162493402
"bivt",5e-04,10000,"0.01",TRUE,0.000433361717351572,-0.000328910923389285,0.2740162493402
"bivt",5e-04,10000,"0.05",TRUE,0.000597129264944813,-0.000364260092874341,0.2667078992415
"bivt",5e-04,10000,"0.1",TRUE,0.000550042508984149,-0.000359467093512613,0.2667078992415
"bivt",5e-04,10000,"0.01",TRUE,0.000640593982195606,-0.000371435032716706,0.2667078992415
"bivt",5e-04,10000,"0.05",TRUE,0.000217827495160589,-0.000350628955734645,0.267860915080544
"bivt",5e-04,10000,"0.1",TRUE,0.00018614295602748,-0.000344618141612,0.267860915080544
"bivt",5e-04,10000,"0.01",TRUE,0.00026957970648807,-0.000361612788664934,0.267860915080544
"bivt",5e-04,10000,"0.05",TRUE,0.000285909037234045,-0.000384367627171079,0.248675759385973
"bivt",5e-04,10000,"0.1",TRUE,0.000242449047535386,-0.000377757822524244,0.248675759385973
"bivt",5e-04,10000,"0.01",TRUE,0.000355035730189779,-0.000396560337688541,0.248675759385973
"bivt",5e-04,10000,"0.05",TRUE,0.000227084804214354,-0.000373676146533536,0.302201731586878
"bivt",5e-04,10000,"0.1",TRUE,0.00021215131582643,-0.000371682505015353,0.302201731586878
"bivt",5e-04,10000,"0.01",TRUE,0.000301630232172286,-0.000381735827233606,0.302201731586878
"bivt",5e-04,10000,"0.05",TRUE,0.000201854880694606,-0.000306330806994577,0.286946541874695
"bivt",5e-04,10000,"0.1",TRUE,0.00017547416471208,-0.00030338207138589,0.286946541874695
"bivt",5e-04,10000,"0.01",TRUE,0.000267565382391534,-0.000318226518478945,0.286946541874695
"bivt",5e-04,10000,"0.05",TRUE,0.000285903607470269,-0.000272231116506856,0.288702060410193
"bivt",5e-04,10000,"0.1",TRUE,0.000270101470292439,-0.000264505855534323,0.288702060410193
"bivt",5e-04,10000,"0.01",TRUE,0.000316287145316838,-0.000292019747174085,0.288702060410193
"bivt",5e-04,10000,"0.05",TRUE,0.000242124209915487,-0.000396379604813778,0.223111790779057
"bivt",5e-04,10000,"0.1",TRUE,0.000219426813057768,-0.00039341103327702,0.223111790779057
"bivt",5e-04,10000,"0.01",TRUE,0.000325307691229811,-0.000402775603624035,0.223111790779057
"bivt",5e-04,10000,"0.05",TRUE,0.000297047498527408,-0.000285272406911695,0.300714523944015
"bivt",5e-04,10000,"0.1",TRUE,0.000269044818372376,-0.000275302603892804,0.300714523944015
"bivt",5e-04,10000,"0.01",TRUE,0.000330215392709023,-0.00029744579157956,0.300714523944015
"bivt",5e-04,10000,"0.05",TRUE,0.000526624358475083,-0.000297950664573272,0.283932988298463
"bivt",5e-04,10000,"0.1",TRUE,0.000510339315586184,-0.000292530905162186,0.283932988298463
"bivt",5e-04,10000,"0.01",TRUE,0.000575399440716521,-0.000310911330722575,0.283932988298463
"bivt",5e-04,10000,"0.05",TRUE,0.000468042919753565,-0.000314474696940641,0.254517798151245
"bivt",5e-04,10000,"0.1",TRUE,0.000449749111971886,-0.000311848251215116,0.254517798151245
"bivt",5e-04,10000,"0.01",TRUE,0.000594558438220281,-0.000334464809566926,0.254517798151245
"bivt",5e-04,10000,"0.05",TRUE,0.000339080873120633,-0.000339925105102507,0.296120608767292
"bivt",5e-04,10000,"0.1",TRUE,0.000323891786982552,-0.00033946181845451,0.296120608767292
"bivt",5e-04,10000,"0.01",TRUE,0.000391738836507208,-0.000351764004038307,0.296120608767292
"bivt",5e-04,10000,"0.05",TRUE,0.000276333792238114,-0.000412564482942111,0.270010809156516
"bivt",5e-04,10000,"0.1",TRUE,0.000245673616878979,-0.000409630925302879,0.270010809156516
"bivt",5e-04,10000,"0.01",TRUE,0.000366656519321292,-0.00041563188087445,0.270010809156516
"bivt",5e-04,10000,"0.05",TRUE,0.000778689726898139,-0.000333762686099761,0.278652987587209
"bivt",5e-04,10000,"0.1",TRUE,0.000763446834855047,-0.000313255715822022,0.278652987587209
"bivt",5e-04,10000,"0.01",TRUE,0.00083598306225874,-0.000340799725862224,0.278652987587209
"bivt",5e-04,10000,"0.05",TRUE,0.000290469599828909,-0.000341328993728721,0.251246818942415
"bivt",5e-04,10000,"0.1",TRUE,0.000231985657077188,-0.000336954604581668,0.251246818942415
"bivt",5e-04,10000,"0.01",TRUE,0.000396821752953696,-0.000352794418319513,0.251246818942415
"bivt",5e-04,10000,"0.05",TRUE,0.000253864852698607,-0.000291627803870569,0.271208248440859
"bivt",5e-04,10000,"0.1",TRUE,0.000217253602597531,-0.000286233177175264,0.271208248440859
"bivt",5e-04,10000,"0.01",TRUE,0.000311874292811977,-0.000309410538812081,0.271208248440859
"bivt",5e-04,10000,"0.05",TRUE,0.000257901487695055,-0.000363378931859543,0.244056135879838
"bivt",5e-04,10000,"0.1",TRUE,0.00021949463291489,-0.000359266749174414,0.244056135879838
"bivt",5e-04,10000,"0.01",TRUE,0.000325310944909131,-0.000371966591959354,0.244056135879838
"bivt",5e-04,10000,"0.05",TRUE,0.000297053297835559,-0.000430363597171334,0.233706289299591
"bivt",5e-04,10000,"0.1",TRUE,0.000257850804519801,-0.000427021262970371,0.233706289299591
"bivt",5e-04,10000,"0.01",TRUE,0.000390993659592491,-0.000432652641868621,0.233706289299591
"bivt",5e-04,10000,"0.05",TRUE,0.000254372151907657,-0.000443274995074102,0.231963421493837
"bivt",5e-04,10000,"0.1",TRUE,0.000219901242384987,-0.000440918392256077,0.231963421493837
"bivt",5e-04,10000,"0.01",TRUE,0.000329669597418166,-0.000447933273127329,0.231963421493837
"bivt",5e-04,10000,"0.05",TRUE,0.000247445556922679,-0.000310888857996478,0.266340023780755
"bivt",5e-04,10000,"0.1",TRUE,0.000211609458050981,-0.000303213097323816,0.266340023780755
"bivt",5e-04,10000,"0.01",TRUE,0.000317771039939369,-0.000316415102471361,0.266340023780755
"bivt",5e-04,10000,"0.05",TRUE,0.000543191020313684,-0.000227242667351113,0.303443237660508
"bivt",5e-04,10000,"0.1",TRUE,0.000513276572200359,-0.000208831258852989,0.303443237660508
"bivt",5e-04,10000,"0.01",TRUE,0.000604619105159593,-0.000243347666043649,0.303443237660508
"bivt",5e-04,10000,"0.05",TRUE,0.000265182450754108,-0.000455971036207075,0.215843293363271
"bivt",5e-04,10000,"0.1",TRUE,0.000235265121115742,-0.000455751248728863,0.215843293363271
"bivt",5e-04,10000,"0.01",TRUE,0.00038282021781681,-0.000459026688722709,0.215843293363271
"bivt",5e-04,10000,"0.05",TRUE,0.000242351053323202,-0.000336591371143442,0.274190333524932
"bivt",5e-04,10000,"0.1",TRUE,0.000218876117732419,-0.00033251330605162,0.274190333524932
"bivt",5e-04,10000,"0.01",TRUE,0.000309500332309388,-0.00034912294780672,0.274190333524932
"bivt",5e-04,10000,"0.05",TRUE,0.000393963063627954,-0.000447350974008215,0.19918542684147
"bivt",5e-04,10000,"0.1",TRUE,0.000346660649260098,-0.000445263492925948,0.19918542684147
"bivt",5e-04,10000,"0.01",TRUE,0.000560638112212539,-0.00045220438199598,0.19918542684147
"bivt",5e-04,10000,"0.05",TRUE,0.000251877453018899,-0.00043401115613432,0.238375299962054
"bivt",5e-04,10000,"0.1",TRUE,0.000229736776342457,-0.000433177200270806,0.238375299962054
"bivt",5e-04,10000,"0.01",TRUE,0.000333748855434505,-0.000437628631591822,0.238375299962054
"bivt",5e-04,10000,"0.05",TRUE,0.000649004503774178,-0.000226353152900893,0.27839932431166
"bivt",5e-04,10000,"0.1",TRUE,0.000618362428233664,-0.000219572877249686,0.27839932431166
"bivt",5e-04,10000,"0.01",TRUE,0.000726742470681952,-0.00024604618752299,0.27839932431166
"bivt",5e-04,10000,"0.05",TRUE,0.000204349337101395,-0.000307291538119769,0.262751202737941
"bivt",5e-04,10000,"0.1",TRUE,0.000179509507607953,-0.000303923335592809,0.262751202737941
"bivt",5e-04,10000,"0.01",TRUE,0.000260502694946164,-0.00032520028317093,0.262751202737941
"bivt",5e-04,10000,"0.05",TRUE,0.000273117994494351,-0.000377770870248748,0.272101806859973
"bivt",5e-04,10000,"0.1",TRUE,0.000237589689037891,-0.000373631360731646,0.272101806859973
"bivt",5e-04,10000,"0.01",TRUE,0.000353419909750392,-0.000388397296213285,0.272101806859973
"bivt",5e-04,10000,"0.05",TRUE,0.000325995877786018,-0.000235204753670589,0.271391075565775
"bivt",5e-04,10000,"0.1",TRUE,0.000289583697269706,-0.000217262694907717,0.271391075565775
"bivt",5e-04,10000,"0.01",TRUE,0.000373663136886824,-0.000257983474689636,0.271391075565775
"bivt",5e-04,10000,"0.05",TRUE,0.000632595177606088,-0.000132421472183441,0.315496929922967
"bivt",5e-04,10000,"0.1",TRUE,0.000623509983179017,-0.000121746333257478,0.315496929922967
"bivt",5e-04,10000,"0.01",TRUE,0.00067422182227454,-0.000155163287146264,0.315496929922967
"bivt",5e-04,10000,"0.05",TRUE,0.000420203538915778,-0.000292573379353558,0.270701035918946
"bivt",5e-04,10000,"0.1",TRUE,0.000393292075925041,-0.000286545989997225,0.270701035918946
"bivt",5e-04,10000,"0.01",TRUE,0.000484699550535875,-0.000301757656702441,0.270701035918946
"bivt",5e-04,10000,"0.05",TRUE,0.000385649237182485,-0.000191724698343967,0.271105549787973
"bivt",5e-04,10000,"0.1",TRUE,0.000333502625341173,-0.000182059460366638,0.271105549787973
"bivt",5e-04,10000,"0.01",TRUE,0.000465485837036358,-0.00021371012202659,0.271105549787973
"bivt",5e-04,10000,"0.05",TRUE,0.000859512916287746,-0.000259500510057825,0.298153907792465
"bivt",5e-04,10000,"0.1",TRUE,0.000840137367642945,-0.000254737932966507,0.298153907792465
"bivt",5e-04,10000,"0.01",TRUE,0.00092663789324952,-0.000265041579848645,0.298153907792465
"bivt",5e-04,10000,"0.05",TRUE,0.000501715491792166,-0.000227547084206889,0.270610968609895
"bivt",5e-04,10000,"0.1",TRUE,0.000468977403240077,-0.000214609809020656,0.270610968609895
"bivt",5e-04,10000,"0.01",TRUE,0.000521323769006563,-0.000244479994867104,0.270610968609895
"bivt",5e-04,10000,"0.05",TRUE,0.000293311511523082,-0.000376740452525255,0.263968995097714
"bivt",5e-04,10000,"0.1",TRUE,0.00026005013873356,-0.000373328829212254,0.263968995097714
"bivt",5e-04,10000,"0.01",TRUE,0.000338837059417012,-0.000389175711969208,0.263968995097714
"bivt",5e-04,10000,"0.05",TRUE,0.000324710362743106,-0.00029873024373741,0.249271218203967
"bivt",5e-04,10000,"0.1",TRUE,0.000308037995162227,-0.000292853230277934,0.249271218203967
"bivt",5e-04,10000,"0.01",TRUE,0.000372983676755677,-0.000313207887654732,0.249271218203967
"bivt",5e-04,10000,"0.05",TRUE,0.000241839217192717,-0.000417741518758827,0.228744402477698
"bivt",5e-04,10000,"0.1",TRUE,0.000207114548320161,-0.000412786738933336,0.228744402477698
"bivt",5e-04,10000,"0.01",TRUE,0.000312876656828493,-0.000423173331781491,0.228744402477698
"bivt",5e-04,10000,"0.05",TRUE,0.000416035258499068,-0.000367323855154989,0.274567257356774
"bivt",5e-04,10000,"0.1",TRUE,0.000388193895487058,-0.000366091116115312,0.274567257356774
"bivt",5e-04,10000,"0.01",TRUE,0.000474636193150126,-0.000376254384609093,0.274567257356774
"bivt",5e-04,10000,"0.05",TRUE,0.000238613628682636,-0.000375869693644201,0.271123558438261
"bivt",5e-04,10000,"0.1",TRUE,0.000204764888508488,-0.000369780137827244,0.271123558438261
"bivt",5e-04,10000,"0.01",TRUE,0.000310148988953424,-0.000381283786698843,0.271123558438261
"bivt",5e-04,10000,"0.05",TRUE,0.000253874555896175,-0.000378299967631027,0.257129028912993
"bivt",5e-04,10000,"0.1",TRUE,0.000223598493605987,-0.000370719091334956,0.257129028912993
"bivt",5e-04,10000,"0.01",TRUE,0.000328161796602972,-0.000387392679418106,0.257129028912993
"bivt",5e-04,10000,"0.05",TRUE,0.000712572211388159,-0.00028654773950448,0.281951014760239
"bivt",5e-04,10000,"0.1",TRUE,0.000678736235538668,-0.000284201211458473,0.281951014760239
"bivt",5e-04,10000,"0.01",TRUE,0.000779028046412017,-0.000310008186432374,0.281951014760239
"bivt",5e-04,10000,"0.05",TRUE,0.00148392344136618,-0.000252193854828348,0.3019192530518
"bivt",5e-04,10000,"0.1",TRUE,0.00134296212965862,-0.000249381104798933,0.3019192530518
"bivt",5e-04,10000,"0.01",TRUE,0.0016496715421126,-0.000259369010878295,0.3019192530518
"bivt",5e-04,10000,"0.05",TRUE,0.000418126264619495,-0.000278495876067183,0.32173688530745
"bivt",5e-04,10000,"0.1",TRUE,0.0003874084445788,-0.000270118912780233,0.32173688530745
"bivt",5e-04,10000,"0.01",TRUE,0.000479354806597673,-0.00028730763630751,0.32173688530745
"bivt",5e-04,10000,"0.05",TRUE,0.000218973603903643,-0.000361523925806409,0.254417754817656
"bivt",5e-04,10000,"0.1",TRUE,0.000190162385665569,-0.000359877882676908,0.254417754817656
"bivt",5e-04,10000,"0.01",TRUE,0.000267494827449249,-0.000375467821429295,0.254417754817656
"bivt",5e-04,10000,"0.05",TRUE,0.000232221134381708,-0.000417101400089131,0.274409606861034
"bivt",5e-04,10000,"0.1",TRUE,0.000201384022766003,-0.000415162440419719,0.274409606861034
"bivt",5e-04,10000,"0.01",TRUE,0.000281719413290692,-0.000425134040340275,0.274409606861034
"bivt",5e-04,10000,"0.05",TRUE,0.000264649097099252,-0.000296766769033192,0.25774136857401
"bivt",5e-04,10000,"0.1",TRUE,0.000244025802218035,-0.000293278845791083,0.25774136857401
"bivt",5e-04,10000,"0.01",TRUE,0.000316840519130742,-0.000314858498135177,0.25774136857401
"bivt",5e-04,10000,"0.05",TRUE,0.00023489255420678,-0.000396008420548785,0.24279574647301
"bivt",5e-04,10000,"0.1",TRUE,0.00020372267291104,-0.000390634914244259,0.24279574647301
"bivt",5e-04,10000,"0.01",TRUE,0.00028037795855785,-0.000404279085734986,0.24279574647301
"bivt",5e-04,10000,"0.05",TRUE,0.000294262220048147,-0.000309252316226927,0.300207330699601
"bivt",5e-04,10000,"0.1",TRUE,0.00027656172331473,-0.000306608818315564,0.300207330699601
"bivt",5e-04,10000,"0.01",TRUE,0.000344864114570493,-0.000322783728493997,0.300207330699601
"bivt",5e-04,10000,"0.05",TRUE,0.000602318825906021,-0.000351162571605614,0.277059865340332
"bivt",5e-04,10000,"0.1",TRUE,0.000573402165383716,-0.000343884253690223,0.277059865340332
"bivt",5e-04,10000,"0.01",TRUE,0.000673721997564083,-0.000360015447154943,0.277059865340332
"bivt",5e-04,10000,"0.05",TRUE,0.00051083044955968,-0.000371238244314482,0.272155108771431
"bivt",5e-04,10000,"0.1",TRUE,0.000488348182305198,-0.000368020337486793,0.272155108771431
"bivt",5e-04,10000,"0.01",TRUE,0.000548936925773806,-0.000381372462800686,0.272155108771431
"bivt",5e-04,10000,"0.05",TRUE,0.000458543262847716,-0.000322031969764188,0.266276800888233
"bivt",5e-04,10000,"0.1",TRUE,0.000430898549302793,-0.000311488131487529,0.266276800888233
"bivt",5e-04,10000,"0.01",TRUE,0.000537303329174245,-0.00033506773546873,0.266276800888233
"bivt",5e-04,10000,"0.05",TRUE,0.000223694869300264,-0.000387422209515304,0.261958812772924
"bivt",5e-04,10000,"0.1",TRUE,0.00019770481826444,-0.000385944901602167,0.261958812772924
"bivt",5e-04,10000,"0.01",TRUE,0.000280101673999692,-0.000392870928439774,0.261958812772924
"bivt",5e-04,10000,"0.05",TRUE,0.000681625598201079,-0.000187825946744238,0.288330399586897
"bivt",5e-04,10000,"0.1",TRUE,0.000614724128812879,-0.000170887601069355,0.288330399586897
"bivt",5e-04,10000,"0.01",TRUE,0.000730974565250996,-0.000197850671832221,0.288330399586897
"bivt",5e-04,10000,"0.05",TRUE,0.000225924267037505,-0.000362468708178411,0.231043507039011
"bivt",5e-04,10000,"0.1",TRUE,0.000214057709404793,-0.000360217242928746,0.231043507039011
"bivt",5e-04,10000,"0.01",TRUE,0.000271541430706562,-0.000369521784935068,0.231043507039011
"bivt",5e-04,10000,"0.05",TRUE,0.000416066435749385,-0.000350667115829636,0.260146541741795
"bivt",5e-04,10000,"0.1",TRUE,0.00037135851250086,-0.000348133185362324,0.260146541741795
"bivt",5e-04,10000,"0.01",TRUE,0.000446036988262674,-0.00035581568113903,0.260146541741795
"bivt",5e-04,10000,"0.05",TRUE,0.00031653679350218,-0.000448574163548067,0.192960027713517
"bivt",5e-04,10000,"0.1",TRUE,0.000271475707242917,-0.000445672908299634,0.192960027713517
"bivt",5e-04,10000,"0.01",TRUE,0.000398829135522757,-0.000451687141379204,0.192960027713517
"bivt",5e-04,10000,"0.05",TRUE,0.000267241360378101,-0.000373032072127221,0.258530379809169
"bivt",5e-04,10000,"0.1",TRUE,0.000219136112378809,-0.000368741334404863,0.258530379809169
"bivt",5e-04,10000,"0.01",TRUE,0.00032972760551659,-0.000382205448208859,0.258530379809169
"bivt",5e-04,10000,"0.05",TRUE,0.000386571329096662,-0.000297430121807835,0.274861644110887
"bivt",5e-04,10000,"0.1",TRUE,0.000381268259985512,-0.000294525426079581,0.274861644110887
"bivt",5e-04,10000,"0.01",TRUE,0.000438768539721109,-0.000319175245926068,0.274861644110887
"bivt",5e-04,10000,"0.05",TRUE,0.000273596987535567,-0.000333069961581361,0.302636565521347
"bivt",5e-04,10000,"0.1",TRUE,0.000241047556736082,-0.0003293333330595,0.302636565521347
"bivt",5e-04,10000,"0.01",TRUE,0.000348285991711409,-0.000343780527247357,0.302636565521347
"bivt",5e-04,10000,"0.05",TRUE,0.000345313853158636,-0.000252374239976862,0.286166589669781
"bivt",5e-04,10000,"0.1",TRUE,0.000328686805209082,-0.000246305033448592,0.286166589669781
"bivt",5e-04,10000,"0.01",TRUE,0.000386457388598978,-0.000264496924218852,0.286166589669781
"bivt",5e-04,10000,"0.05",TRUE,0.000977110795298346,-0.000216183085119584,0.314330326497723
"bivt",5e-04,10000,"0.1",TRUE,0.000932066523075512,-0.000206451955875275,0.314330326497723
"bivt",5e-04,10000,"0.01",TRUE,0.00101789237965012,-0.000236663743818305,0.314330326497723
"bivt",5e-04,10000,"0.05",TRUE,0.000509090694522651,-0.00026316164510108,0.280754558786311
"bivt",5e-04,10000,"0.1",TRUE,0.000471853106402421,-0.000256951217585649,0.280754558786311
"bivt",5e-04,10000,"0.01",TRUE,0.000589592558404069,-0.000277822692226222,0.280754558786311
"bivt",5e-04,10000,"0.05",TRUE,0.000799849699453436,-0.000329984610039581,0.271584603598291
"bivt",5e-04,10000,"0.1",TRUE,0.000709912977648446,-0.000328620079677487,0.271584603598291
"bivt",5e-04,10000,"0.01",TRUE,0.000890965803647108,-0.000340080237339486,0.271584603598291
"bivt",5e-04,10000,"0.05",TRUE,0.000294951277815833,-0.000259053619235127,0.278415610145878
"bivt",5e-04,10000,"0.1",TRUE,0.000277042544947521,-0.000252402452611456,0.278415610145878
"bivt",5e-04,10000,"0.01",TRUE,0.000333931682334982,-0.000278507479915497,0.278415610145878
"bivt",5e-04,10000,"0.05",TRUE,0.000316223787625903,-0.000308019112355828,0.263806955455402
"bivt",5e-04,10000,"0.1",TRUE,0.000289704778430294,-0.000299809586343351,0.263806955455402
"bivt",5e-04,10000,"0.01",TRUE,0.000403939588956998,-0.000320535692833589,0.263806955455402
"bivt",5e-04,10000,"0.05",TRUE,0.00047740612355036,-0.000233788323221591,0.258400822530032
"bivt",5e-04,10000,"0.1",TRUE,0.000471605596305754,-0.000224655459161779,0.258400822530032
"bivt",5e-04,10000,"0.01",TRUE,0.000542278638580952,-0.000257165475151526,0.258400822530032
"bivt",5e-04,10000,"0.05",TRUE,0.000714241484788045,-0.000351000497972932,0.256489683720498
"bivt",5e-04,10000,"0.1",TRUE,0.00066708028267614,-0.000340488138927572,0.256489683720498
"bivt",5e-04,10000,"0.01",TRUE,0.000760968061392758,-0.000357753635115215,0.256489683720498
"bivt",5e-04,10000,"0.05",TRUE,0.000398441871010138,-0.000269732920526227,0.284076422981762
"bivt",5e-04,10000,"0.1",TRUE,0.00037600051345217,-0.000260729786161206,0.284076422981762
"bivt",5e-04,10000,"0.01",TRUE,0.000443746756358156,-0.000284797786260132,0.284076422981762
"bivt",5e-04,10000,"0.05",TRUE,0.000349900809829409,-0.000313863536099508,0.261622467207474
"bivt",5e-04,10000,"0.1",TRUE,0.000318661082790346,-0.000310263019634924,0.261622467207474
"bivt",5e-04,10000,"0.01",TRUE,0.00038529989120204,-0.0003243402128219,0.261622467207474
"bivt",5e-04,10000,"0.05",TRUE,0.000570784767735875,-0.000304376311973893,0.283215883747008
"bivt",5e-04,10000,"0.1",TRUE,0.000563798323407913,-0.000300776964234017,0.283215883747008
"bivt",5e-04,10000,"0.01",TRUE,0.000625423241012742,-0.000315097700485515,0.283215883747008
"bivt",5e-04,10000,"0.05",TRUE,0.000233282671473043,-0.000370446351580462,0.244677003077795
"bivt",5e-04,10000,"0.1",TRUE,0.00020714673047946,-0.000364405643338541,0.244677003077795
"bivt",5e-04,10000,"0.01",TRUE,0.000293715305777033,-0.000381413553865926,0.244677003077795
"bivt",5e-04,10000,"0.05",TRUE,0.000247184189441514,-0.000397869852444203,0.261360268074833
"bivt",5e-04,10000,"0.1",TRUE,0.000220557942254898,-0.000393810567616256,0.261360268074833
"bivt",5e-04,10000,"0.01",TRUE,0.000311621824074873,-0.000402785253506565,0.261360268074833
"bivt",5e-04,10000,"0.05",TRUE,0.000338598411107391,-0.000390052342730539,0.254900083215568
"bivt",5e-04,10000,"0.1",TRUE,0.000283627931095961,-0.000386123696219061,0.254900083215568
"bivt",5e-04,10000,"0.01",TRUE,0.000401564472172548,-0.000397724711129282,0.254900083215568
"bivt",5e-04,10000,"0.05",TRUE,0.000236583186180073,-0.000353693401478506,0.252802305064556
"bivt",5e-04,10000,"0.1",TRUE,0.000191880658913023,-0.000348207558943995,0.252802305064556
"bivt",5e-04,10000,"0.01",TRUE,0.000294920203678311,-0.000361258708894381,0.252802305064556
"bivt",5e-04,10000,"0.05",TRUE,0.000269131193451821,-0.000341217903378361,0.272561751430228
"bivt",5e-04,10000,"0.1",TRUE,0.000214687639796595,-0.00033302118897641,0.272561751430228
"bivt",5e-04,10000,"0.01",TRUE,0.000317408926741804,-0.000351847016357691,0.272561751430228
"bivt",5e-04,10000,"0.05",TRUE,0.000275308555190917,-0.000415796629322002,0.248208566880425
"bivt",5e-04,10000,"0.1",TRUE,0.000233930046419462,-0.000411602566604115,0.248208566880425
"bivt",5e-04,10000,"0.01",TRUE,0.00033481104649861,-0.000419347448737231,0.248208566880425
"bivt",5e-04,10000,"0.05",TRUE,0.000213235132128889,-0.000337499377155516,0.26074379107739
"bivt",5e-04,10000,"0.1",TRUE,0.000189629959682357,-0.000335609593527596,0.26074379107739
"bivt",5e-04,10000,"0.01",TRUE,0.000277547424796452,-0.000352032533218559,0.26074379107739
"bivt",5e-04,10000,"0.05",TRUE,0.000261362441511781,-0.000321529344513629,0.264090995885433
"bivt",5e-04,10000,"0.1",TRUE,0.00024132491175412,-0.000318938851431823,0.264090995885433
"bivt",5e-04,10000,"0.01",TRUE,0.000316577761406337,-0.000333495418551007,0.264090995885433
"bivt",5e-04,10000,"0.05",TRUE,0.000935754482553958,-0.000210366571816642,0.316142476874911
"bivt",5e-04,10000,"0.1",TRUE,0.000886121308925895,-0.000206318132644226,0.316142476874911
"bivt",5e-04,10000,"0.01",TRUE,0.00105824297602187,-0.000226922269771386,0.316142476874911
"bivt",5e-04,10000,"0.05",TRUE,0.000250820733342372,-0.000351719775165005,0.247302088480889
"bivt",5e-04,10000,"0.1",TRUE,0.000218427962961389,-0.000343674713073358,0.247302088480889
"bivt",5e-04,10000,"0.01",TRUE,0.000287912236018785,-0.00036169256408124,0.247302088480889
"bivt",5e-04,10000,"0.05",TRUE,0.000243201710880721,-0.000393779106746558,0.255924748416458
"bivt",5e-04,10000,"0.1",TRUE,0.000205378643259689,-0.00039316464856265,0.255924748416458
"bivt",5e-04,10000,"0.01",TRUE,0.000341103567732182,-0.000403881618280732,0.255924748416458
"bivt",5e-04,10000,"0.05",TRUE,0.000326067203457685,-0.000276021056146715,0.306417605223011
"bivt",5e-04,10000,"0.1",TRUE,0.000307913509935827,-0.000270755660967993,0.306417605223011
"bivt",5e-04,10000,"0.01",TRUE,0.000368967838878492,-0.000298406709311001,0.306417605223011
"bivt",5e-04,10000,"0.05",TRUE,0.000221519646722774,-0.000372518010210574,0.274598690706709
"bivt",5e-04,10000,"0.1",TRUE,0.000197869387993138,-0.000366866937405533,0.274598690706709
"bivt",5e-04,10000,"0.01",TRUE,0.000290748196642768,-0.000380627311959214,0.274598690706709
"bivt",5e-04,10000,"0.05",TRUE,0.000248798794641704,-0.000358527648078514,0.269626403794669
"bivt",5e-04,10000,"0.1",TRUE,0.000218512372579527,-0.0003535235593616,0.269626403794669
"bivt",5e-04,10000,"0.01",TRUE,0.000302887313775349,-0.000368491537392955,0.269626403794669
"bivt",5e-04,10000,"0.05",TRUE,0.000221731981091409,-0.000354328720460517,0.260207233928371
"bivt",5e-04,10000,"0.1",TRUE,0.000188702045949771,-0.000349584864389132,0.260207233928371
"bivt",5e-04,10000,"0.01",TRUE,0.00027158232147575,-0.000365521697655571,0.260207233928371
"bivt",5e-04,10000,"0.05",TRUE,0.000468787488594829,-0.000299135868368443,0.278374890843952
"bivt",5e-04,10000,"0.1",TRUE,0.000447296515102005,-0.00029451671503119,0.278374890843952
"bivt",5e-04,10000,"0.01",TRUE,0.000543171207277616,-0.00031001671612265,0.278374890843952
"bivt",5e-04,10000,"0.05",TRUE,0.000237002549214348,-0.000302328213236577,0.271276844451676
"bivt",5e-04,10000,"0.1",TRUE,0.000201666861814418,-0.000295731764873192,0.271276844451676
"bivt",5e-04,10000,"0.01",TRUE,0.000285482520297009,-0.000309997066902798,0.271276844451676
"bivt",5e-04,10000,"0.05",TRUE,0.00030433572177368,-0.000366143668335284,0.303774346196895
"bivt",5e-04,10000,"0.1",TRUE,0.000278932936474277,-0.000357636060880986,0.303774346196895
"bivt",5e-04,10000,"0.01",TRUE,0.000346141490634249,-0.000374669347181579,0.303774346196895
"bivt",5e-04,10000,"0.05",TRUE,0.000292383604751849,-0.000416531050902179,0.23245383967885
"bivt",5e-04,10000,"0.1",TRUE,0.000275460911337382,-0.000414452715278772,0.23245383967885
"bivt",5e-04,10000,"0.01",TRUE,0.000374065290425225,-0.000425242231513447,0.23245383967885
"bivt",5e-04,10000,"0.05",TRUE,0.000220140682755842,-0.000337306533766858,0.281199815494114
"bivt",5e-04,10000,"0.1",TRUE,0.000184901555225231,-0.000330688111925289,0.281199815494114
"bivt",5e-04,10000,"0.01",TRUE,0.000303773741996284,-0.000345837235036998,0.281199815494114
"bivt",5e-04,10000,"0.05",TRUE,0.000248719159236446,-0.000299147285274497,0.309871377148059
"bivt",5e-04,10000,"0.1",TRUE,0.000207425073215181,-0.000296532996610291,0.309871377148059
"bivt",5e-04,10000,"0.01",TRUE,0.000316027383382345,-0.000306722787338887,0.309871377148059
"bivt",5e-04,10000,"0.05",TRUE,0.000272431770126774,-0.000280454729853601,0.287811645300779
"bivt",5e-04,10000,"0.1",TRUE,0.000253062701820763,-0.000276872319972954,0.287811645300779
"bivt",5e-04,10000,"0.01",TRUE,0.000324092235816835,-0.00029166842579295,0.287811645300779
"bivt",5e-04,10000,"0.05",TRUE,0.000292818156702665,-0.000423472711115811,0.231232929463367
"bivt",5e-04,10000,"0.1",TRUE,0.000266784829070305,-0.000421328240964747,0.231232929463367
"bivt",5e-04,10000,"0.01",TRUE,0.000359299307825331,-0.000425536540874459,0.231232929463367
"bivt",5e-04,10000,"0.05",FALSE,0.000226908892934292,-0.000268299632488861,0.330148322864518
"bivt",5e-04,10000,"0.1",FALSE,0.000204876865450314,-0.000263439432086863,0.330148322864518
"bivt",5e-04,10000,"0.01",FALSE,0.000299716056747316,-0.000274405300271093,0.330148322864518
"bivt",5e-04,10000,"0.05",TRUE,0.000631001629806271,-0.000259951577388822,0.311631206552552
"bivt",5e-04,10000,"0.1",TRUE,0.000615671052530247,-0.000246737823187664,0.311631206552552
"bivt",5e-04,10000,"0.01",TRUE,0.000688245992752221,-0.000280319708948399,0.311631206552552
"bivt",5e-04,10000,"0.05",TRUE,0.000408353230846097,-0.000181918832869649,0.268838636881989
"bivt",5e-04,10000,"0.1",TRUE,0.000395138867555758,-0.000176634064981965,0.268838636881989
"bivt",5e-04,10000,"0.01",TRUE,0.000485613693963141,-0.000199191580755646,0.268838636881989
"bivt",5e-04,10000,"0.05",TRUE,0.00032107878621082,-0.000266484060260984,0.306255000313959
"bivt",5e-04,10000,"0.1",FALSE,0.000282484312014225,-0.000252507941876361,0.306255000313959
"bivt",5e-04,10000,"0.01",TRUE,0.000351661990769932,-0.000280258524648671,0.306255000313959
"bivt",5e-04,10000,"0.05",TRUE,0.000519693845196552,-0.000304651249413792,0.290995292224281
"bivt",5e-04,10000,"0.1",TRUE,0.000494970415000399,-0.000297867385768283,0.290995292224281
"bivt",5e-04,10000,"0.01",TRUE,0.000608521408686265,-0.000313739681234425,0.290995292224281
"bivt",5e-04,10000,"0.05",FALSE,0.000262423543423538,-0.000406448048292337,0.297797549089549
"bivt",5e-04,10000,"0.1",FALSE,0.000234666361817455,-0.000402699545677743,0.297797549089549
"bivt",5e-04,10000,"0.01",TRUE,0.000332046028166899,-0.000411324504454946,0.297797549089549
"bivt",5e-04,10000,"0.05",TRUE,0.000261043428620644,-0.000410292257728806,0.278247186517526
"bivt",5e-04,10000,"0.1",TRUE,0.000229861618779271,-0.000402009515432776,0.278247186517526
"bivt",5e-04,10000,"0.01",TRUE,0.000332580011435368,-0.000413550754899477,0.278247186517526
"bivt",5e-04,10000,"0.05",TRUE,0.000239355700100159,-0.00034944417037024,0.271970147368388
"bivt",5e-04,10000,"0.1",TRUE,0.000212327896204807,-0.000343084809570517,0.271970147368388
"bivt",5e-04,10000,"0.01",TRUE,0.000290011350045321,-0.000355068975143038,0.271970147368388
"bivt",5e-04,10000,"0.05",TRUE,0.000233670338701026,-0.000420030252580354,0.262593222426305
"bivt",5e-04,10000,"0.1",TRUE,0.000201014603907558,-0.000418086033991494,0.262593222426305
"bivt",5e-04,10000,"0.01",TRUE,0.000282644326093855,-0.000425964024734731,0.262593222426305
"bivt",5e-04,10000,"0.05",TRUE,0.000975614664007714,-0.000132596372837672,0.31000778434804
"bivt",5e-04,10000,"0.1",TRUE,0.000940663587547371,-0.000122578679045584,0.31000778434804
"bivt",5e-04,10000,"0.01",TRUE,0.00101505882167373,-0.000150230284670916,0.31000778434804
"bivt",5e-04,10000,"0.05",TRUE,0.000298366512415891,-0.000285266277518361,0.266534535331536
"bivt",5e-04,10000,"0.1",TRUE,0.000286172642455491,-0.00027531343260827,0.266534535331536
"bivt",5e-04,10000,"0.01",TRUE,0.000343477677643046,-0.000298238235452796,0.266534535331536
"bivt",5e-04,10000,"0.05",TRUE,0.000285502899035531,-0.000268064878857501,0.284548983924414
"bivt",5e-04,10000,"0.1",TRUE,0.000276768425223956,-0.000257496585321674,0.284548983924414
"bivt",5e-04,10000,"0.01",TRUE,0.000352473024858214,-0.000278501792062659,0.284548983924414
"bivt",5e-04,10000,"0.05",TRUE,0.000670004719838346,-0.000161575196565343,0.307355000585965
"bivt",5e-04,10000,"0.1",TRUE,0.000648423775503996,-0.000152481297268707,0.307355000585965
"bivt",5e-04,10000,"0.01",TRUE,0.000711818978902129,-0.000173954914757801,0.307355000585965
"bivt",5e-04,10000,"0.05",TRUE,0.000707304722600146,-0.000281956257057157,0.25936922799324
"bivt",5e-04,10000,"0.1",TRUE,0.000692590904135917,-0.000276320312601916,0.25936922799324
"bivt",5e-04,10000,"0.01",TRUE,0.000775123959559542,-0.000300734873723319,0.25936922799324
"bivt",5e-04,10000,"0.05",TRUE,0.000279307771599361,-0.000371490284169778,0.272096963098145
"bivt",5e-04,10000,"0.1",TRUE,0.000262005559257903,-0.000366407218426616,0.272096963098145
"bivt",5e-04,10000,"0.01",TRUE,0.000331041256650062,-0.000381874264298486,0.272096963098145
"bivt",5e-04,10000,"0.05",TRUE,0.000252443566613212,-0.000368634829919313,0.257013154656029
"bivt",5e-04,10000,"0.1",TRUE,0.000219157671518236,-0.000362825235531287,0.257013154656029
"bivt",5e-04,10000,"0.01",TRUE,0.000311379436812608,-0.000381904507793768,0.257013154656029
"bivt",5e-04,10000,"0.05",TRUE,0.000934269947304065,-0.000205959757064036,0.319540694174023
"bivt",5e-04,10000,"0.1",TRUE,0.00092038402541953,-0.000195588751770688,0.319540694174023
"bivt",5e-04,10000,"0.01",TRUE,0.00101307674780538,-0.00022083353457127,0.319540694174023
"bivt",5e-04,10000,"0.05",TRUE,0.000209960590427644,-0.000262440243579256,0.265920719134257
"bivt",5e-04,10000,"0.1",TRUE,0.000169388178290412,-0.000256831627495741,0.265920719134257
"bivt",5e-04,10000,"0.01",TRUE,0.000249530842286028,-0.000275916600478659,0.265920719134257
"bivt",5e-04,10000,"0.05",TRUE,0.000195347049526213,-0.000322730160690957,0.275656088398307
"bivt",5e-04,10000,"0.1",TRUE,0.00016733488307352,-0.00031568024056759,0.275656088398307
"bivt",5e-04,10000,"0.01",TRUE,0.000255599106402073,-0.000343195080616884,0.275656088398307
"bivt",5e-04,10000,"0.05",TRUE,0.000247935037721025,-0.000346994678713065,0.24945163062569
"bivt",5e-04,10000,"0.1",TRUE,0.000224025305270224,-0.000342979783926504,0.24945163062569
"bivt",5e-04,10000,"0.01",TRUE,0.000317502101594968,-0.000353002947331845,0.24945163062569
"bivt",5e-04,10000,"0.05",TRUE,0.000320976269630714,-0.000333177940747058,0.268837888609581
"bivt",5e-04,10000,"0.1",TRUE,0.000271392450680255,-0.000324558097973053,0.268837888609581
"bivt",5e-04,10000,"0.01",TRUE,0.000391199735942044,-0.000348023840960565,0.268837888609581
"bivt",5e-04,10000,"0.05",TRUE,0.00124501164509351,-0.00028111840038648,0.343486222329933
"bivt",5e-04,10000,"0.1",TRUE,0.00117284173747886,-0.000279754690042798,0.343486222329933
"bivt",5e-04,10000,"0.01",TRUE,0.00135796895803228,-0.000288107299096231,0.343486222329933
"bivt",5e-04,10000,"0.05",TRUE,0.000716541296137351,-0.000204234206522186,0.317065610190657
"bivt",5e-04,10000,"0.1",TRUE,0.000682600275802479,-0.000194286208825147,0.317065610190657
"bivt",5e-04,10000,"0.01",TRUE,0.000801636447928154,-0.00021862089974303,0.317065610190657
"bivt",5e-04,10000,"0.05",TRUE,0.000272899047251374,-0.000411439616701821,0.230690273186987
"bivt",5e-04,10000,"0.1",TRUE,0.000235984115338853,-0.000410010996001033,0.230690273186987
"bivt",5e-04,10000,"0.01",TRUE,0.000362912350168702,-0.00041772948011244,0.230690273186987
"bivt",5e-04,10000,"0.05",TRUE,0.000745725961990748,-0.000212936851564582,0.281862488187568
"bivt",5e-04,10000,"0.1",TRUE,0.000685629107465818,-0.000207249922440627,0.281862488187568
"bivt",5e-04,10000,"0.01",TRUE,0.000817144457692909,-0.0002270002799207,0.281862488187568
"bivt",5e-04,10000,"0.05",TRUE,0.000246562769119094,-0.000348362598191586,0.260988646832361
"bivt",5e-04,10000,"0.1",TRUE,0.000206480950279836,-0.000342550322120741,0.260988646832361
"bivt",5e-04,10000,"0.01",TRUE,0.000318906995550356,-0.000356140421807831,0.260988646832361
"bivt",5e-04,10000,"0.05",TRUE,0.000261407221285712,-0.00035168185638006,0.232156489885694
"bivt",5e-04,10000,"0.1",TRUE,0.000234819108457895,-0.000342594404643478,0.232156489885694
"bivt",5e-04,10000,"0.01",TRUE,0.000310912010157338,-0.000361278665792374,0.232156489885694
"bivt",5e-04,10000,"0.05",TRUE,0.000248645937480915,-0.000287753457909384,0.289842180841415
"bivt",5e-04,10000,"0.1",TRUE,0.000232062839938979,-0.000283925880314939,0.289842180841415
"bivt",5e-04,10000,"0.01",TRUE,0.000284068856164025,-0.000303056768427548,0.289842180841415
"bivt",5e-04,10000,"0.05",TRUE,0.000204823233125609,-0.000375697651177944,0.285959761851317
"bivt",5e-04,10000,"0.1",TRUE,0.00017639811269571,-0.000370720469176073,0.285959761851317
"bivt",5e-04,10000,"0.01",TRUE,0.000275039509079158,-0.000382961720053072,0.285959761851317
"bivt",5e-04,10000,"0.05",TRUE,0.000224403278496591,-0.000356921242867684,0.254242618239976
"bivt",5e-04,10000,"0.1",TRUE,0.000194441308828088,-0.000353983522488561,0.254242618239976
"bivt",5e-04,10000,"0.01",TRUE,0.000288981290046858,-0.000363375163412686,0.254242618239976
"bivt",5e-04,10000,"0.05",TRUE,0.000234618302520048,-0.000263668037899318,0.27512110411554
"bivt",5e-04,10000,"0.1",TRUE,0.000216175678125884,-0.000258272440763969,0.27512110411554
"bivt",5e-04,10000,"0.01",TRUE,0.000269277578994044,-0.000278406934785573,0.27512110411554
"bivt",5e-04,10000,"0.05",TRUE,0.000434651074857171,-0.000191721354463192,0.314128508327573
"bivt",5e-04,10000,"0.1",TRUE,0.00042464318138539,-0.00017841926774776,0.314128508327573
"bivt",5e-04,10000,"0.01",TRUE,0.000480457020334444,-0.000200420540455374,0.314128508327573
"bivt",5e-04,10000,"0.05",TRUE,0.000497872402060239,-0.000280250668113593,0.306812064853974
"bivt",5e-04,10000,"0.1",TRUE,0.000477479368305783,-0.000277150670146216,0.306812064853974
"bivt",5e-04,10000,"0.01",TRUE,0.000606391347165293,-0.000290717941581486,0.306812064853974
"bivt",5e-04,10000,"0.05",FALSE,0.000416288697553144,-0.000181543270791684,0.337889496453115
"bivt",5e-04,10000,"0.1",FALSE,0.000410004010577745,-0.000176925659618944,0.337889496453115
"bivt",5e-04,10000,"0.01",TRUE,0.000490647086283438,-0.00019943593344728,0.337889496453115
"bivt",5e-04,10000,"0.05",TRUE,0.000290783746246046,-0.000393787414481868,0.256643643171057
"bivt",5e-04,10000,"0.1",TRUE,0.000252463711437067,-0.000390698527690999,0.256643643171057
"bivt",5e-04,10000,"0.01",TRUE,0.000371733316313836,-0.000398883484127035,0.256643643171057
"bivt",5e-04,10000,"0.05",TRUE,0.000247275187591132,-0.000397408487508675,0.256469332898924
"bivt",5e-04,10000,"0.1",TRUE,0.000213883827422516,-0.000391451399938019,0.256469332898924
"bivt",5e-04,10000,"0.01",TRUE,0.000370947296226824,-0.000403806744241642,0.256469332898924
"bivt",5e-04,10000,"0.05",TRUE,0.000316410348006579,-0.00041369368797461,0.229235168012189
"bivt",5e-04,10000,"0.1",TRUE,0.000264851744895676,-0.000412358470353299,0.229235168012189
"bivt",5e-04,10000,"0.01",TRUE,0.000393563079133795,-0.000421590369332839,0.229235168012189
"bivt",5e-04,10000,"0.05",TRUE,0.00066196869902279,-0.000321648510300391,0.254180734566338
"bivt",5e-04,10000,"0.1",TRUE,0.000612018705232834,-0.000318264448057754,0.254180734566338
"bivt",5e-04,10000,"0.01",TRUE,0.000766260483387319,-0.000330778036487702,0.254180734566338
"bivt",5e-04,10000,"0.05",TRUE,0.00028496889841235,-0.000348196358853541,0.238628570154782
"bivt",5e-04,10000,"0.1",TRUE,0.000255404686584907,-0.00034265562872071,0.238628570154782
"bivt",5e-04,10000,"0.01",TRUE,0.000332403049827152,-0.000353804045132171,0.238628570154782
"bivt",5e-04,10000,"0.05",TRUE,0.000301616178729483,-0.000370480015839904,0.299564785905027
"bivt",5e-04,10000,"0.1",TRUE,0.000283097143051053,-0.000368002324243712,0.299564785905027
"bivt",5e-04,10000,"0.01",TRUE,0.000353370221080804,-0.000380123481227104,0.299564785905027
"bivt",5e-04,10000,"0.05",TRUE,0.000243776025537099,-0.00036013669305363,0.280416537894569
"bivt",5e-04,10000,"0.1",TRUE,0.000207569149443765,-0.000355781821069147,0.280416537894569
"bivt",5e-04,10000,"0.01",TRUE,0.000303309360285509,-0.000369427492044811,0.280416537894569
"bivt",5e-04,10000,"0.05",TRUE,0.000359567665174512,-0.000300802326268289,0.29513772832079
"bivt",5e-04,10000,"0.1",TRUE,0.000336624113491871,-0.000292602444564972,0.29513772832079
"bivt",5e-04,10000,"0.01",TRUE,0.000439619776348571,-0.0003108177244501,0.29513772832079
"bivt",5e-04,10000,"0.05",TRUE,0.00023533921963001,-0.00036037742789376,0.253040889032977
"bivt",5e-04,10000,"0.1",TRUE,0.00019942279028887,-0.000357768876806637,0.253040889032977
"bivt",5e-04,10000,"0.01",TRUE,0.00029269461674922,-0.000368550149146585,0.253040889032977
"bivt",5e-04,10000,"0.05",TRUE,0.000246709182103562,-0.000374578609799523,0.276195844677593
"bivt",5e-04,10000,"0.1",TRUE,0.000216830629104846,-0.000371816700123081,0.276195844677593
"bivt",5e-04,10000,"0.01",TRUE,0.00028610568565708,-0.000382812546034983,0.276195844677593
"bivt",5e-04,10000,"0.05",TRUE,0.000490672771841681,-0.000298270312720079,0.296941916921592
"bivt",5e-04,10000,"0.1",TRUE,0.00048378999646519,-0.000293855375989654,0.296941916921592
"bivt",5e-04,10000,"0.01",TRUE,0.000548133061143091,-0.000310381435344044,0.296941916921592
"bivt",5e-04,10000,"0.05",TRUE,0.000647542464563462,-0.000224200293230486,0.291618768522771
"bivt",5e-04,10000,"0.1",TRUE,0.000575277980031441,-0.000216759656850685,0.291618768522771
"bivt",5e-04,10000,"0.01",TRUE,0.000699608906613009,-0.000248952673537085,0.291618768522771
"bivt",5e-04,10000,"0.05",TRUE,0.000256410038509734,-0.000414246647131401,0.270379535817146
"bivt",5e-04,10000,"0.1",TRUE,0.000218470787889707,-0.000411969121765909,0.270379535817146
"bivt",5e-04,10000,"0.01",TRUE,0.000312209023369084,-0.000416472298506782,0.270379535817146
"bivt",5e-04,10000,"0.05",TRUE,0.000909644986117229,-0.000204503551900235,0.343986783346659
"bivt",5e-04,10000,"0.1",TRUE,0.00086269526287025,-0.000195310893219424,0.343986783346659
"bivt",5e-04,10000,"0.01",TRUE,0.000986092434400189,-0.000219665311429261,0.343986783346659
"bivt",5e-04,10000,"0.05",TRUE,0.000304977258226409,-0.000433506035341377,0.227938879695769
"bivt",5e-04,10000,"0.1",TRUE,0.000271728574928643,-0.00043012744808482,0.227938879695769
"bivt",5e-04,10000,"0.01",TRUE,0.000361299524315334,-0.000439247597553372,0.227938879695769
"bivt",5e-04,10000,"0.05",TRUE,0.00026212779650152,-0.000400254572706726,0.236528093212864
"bivt",5e-04,10000,"0.1",TRUE,0.000226236630901043,-0.000396668557514295,0.236528093212864
"bivt",5e-04,10000,"0.01",TRUE,0.000324751069384963,-0.000407801141250044,0.236528093212864
"bivt",5e-04,10000,"0.05",TRUE,0.00029402908542711,-0.000409968131286811,0.233255227210079
"bivt",5e-04,10000,"0.1",TRUE,0.000262617453798554,-0.000404431619560346,0.233255227210079
"bivt",5e-04,10000,"0.01",TRUE,0.00037112850616538,-0.000414648182191423,0.233255227210079
"bivt",5e-04,10000,"0.05",TRUE,0.000293998845788435,-0.00038235483011692,0.234035842976478
"bivt",5e-04,10000,"0.1",TRUE,0.000257828951111128,-0.000372981998022928,0.234035842976478
"bivt",5e-04,10000,"0.01",TRUE,0.000346927969670673,-0.000387927143949628,0.234035842976478
"bivt",5e-04,10000,"0.05",TRUE,0.000634487841759297,-0.000248522962130877,0.314265692270657
"bivt",5e-04,10000,"0.1",TRUE,0.000587260276627101,-0.000242990480331041,0.314265692270657
"bivt",5e-04,10000,"0.01",TRUE,0.000735771157460931,-0.000262550074869789,0.314265692270657
"bivt",5e-04,10000,"0.05",TRUE,0.000456305120887222,-0.000221970635141962,0.301013023028584
"bivt",5e-04,10000,"0.1",TRUE,0.000434783999089431,-0.000207307908582957,0.301013023028584
"bivt",5e-04,10000,"0.01",TRUE,0.00054345961064211,-0.00023287124733054,0.301013023028584
"bivt",5e-04,10000,"0.05",TRUE,0.000218685973419564,-0.000366616787327293,0.264142332090049
"bivt",5e-04,10000,"0.1",TRUE,0.000200306292434847,-0.000363472305694084,0.264142332090049
"bivt",5e-04,10000,"0.01",TRUE,0.000314856707698886,-0.00037832733815668,0.264142332090049
"bivt",5e-04,10000,"0.05",TRUE,0.000395446618791028,-0.000229480061085924,0.276359977782909
"bivt",5e-04,10000,"0.1",TRUE,0.000380155859529816,-0.000222057786189906,0.276359977782909
"bivt",5e-04,10000,"0.01",TRUE,0.00045536506428273,-0.000259662204089183,0.276359977782909
"bivt",5e-04,10000,"0.05",TRUE,0.000285642355677195,-0.000381435796645018,0.235592205903167
"bivt",5e-04,10000,"0.1",TRUE,0.000253065921192183,-0.000379669927403063,0.235592205903167
"bivt",5e-04,10000,"0.01",TRUE,0.00034593877937354,-0.00038572929002465,0.235592205903167
"bivt",5e-04,10000,"0.05",TRUE,0.000630784240910343,-0.000314556890052929,0.27957343639227
"bivt",5e-04,10000,"0.1",TRUE,0.000597745621887976,-0.000303942351767132,0.27957343639227
"bivt",5e-04,10000,"0.01",TRUE,0.000680841425156719,-0.000323309981972136,0.27957343639227
"bivt",5e-04,10000,"0.05",TRUE,0.000235588026134503,-0.000399885234731301,0.248337061358481
"bivt",5e-04,10000,"0.1",TRUE,0.000207862850364237,-0.000396618880231298,0.248337061358481
"bivt",5e-04,10000,"0.01",TRUE,0.000323505910127115,-0.000409920314288653,0.248337061358481
"bivt",5e-04,10000,"0.05",TRUE,0.0002208706254388,-0.000289036537269534,0.267769118740624
"bivt",5e-04,10000,"0.1",TRUE,0.000193573938093067,-0.000286036893482542,0.267769118740624
"bivt",5e-04,10000,"0.01",TRUE,0.000267145098589456,-0.000307099038767995,0.267769118740624
"bivt",5e-04,10000,"0.05",TRUE,0.000854017191571007,-0.000176801865170005,0.337159493338164
"bivt",5e-04,10000,"0.1",TRUE,0.000789482828702368,-0.000168315387832385,0.337159493338164
"bivt",5e-04,10000,"0.01",TRUE,0.000896069971959366,-0.000201638796929233,0.337159493338164
"bivt",5e-04,10000,"0.05",TRUE,0.000402970352458375,-0.000366673070161163,0.280979372350496
"bivt",5e-04,10000,"0.1",TRUE,0.000386349480610492,-0.00036065612196752,0.280979372350496
"bivt",5e-04,10000,"0.01",TRUE,0.000478388082311169,-0.000370320254112073,0.280979372350496
"bivt",5e-04,10000,"0.05",TRUE,0.000228228279364162,-0.000335243859196143,0.271600213978401
"bivt",5e-04,10000,"0.1",TRUE,0.000196281212658914,-0.000330446922920027,0.271600213978401
"bivt",5e-04,10000,"0.01",TRUE,0.00032356010541654,-0.000357196192174233,0.271600213978401
"bivt",5e-04,10000,"0.05",TRUE,0.000263259182208217,-0.000308486256513821,0.286471915774103
"bivt",5e-04,10000,"0.1",TRUE,0.000243184276364577,-0.000302926435598441,0.286471915774103
"bivt",5e-04,10000,"0.01",TRUE,0.000310949945376347,-0.000326557899489346,0.286471915774103
"bivt",5e-04,10000,"0.05",TRUE,0.000344781793585096,-0.0002550599158113,0.284720572623675
"bivt",5e-04,10000,"0.1",TRUE,0.000319953573858104,-0.000252780543139885,0.284720572623675
"bivt",5e-04,10000,"0.01",TRUE,0.000431087797520087,-0.000273828361918093,0.284720572623675
"bivt",5e-04,10000,"0.05",TRUE,0.000248494686282367,-0.000342281315141313,0.262322953735467
"bivt",5e-04,10000,"0.1",TRUE,0.000213804642386124,-0.00033298848997149,0.262322953735467
"bivt",5e-04,10000,"0.01",TRUE,0.000306820125110902,-0.00035054134670581,0.262322953735467
"bivt",5e-04,10000,"0.05",TRUE,0.000273595179357784,-0.000374919871022712,0.260687816835443
"bivt",5e-04,10000,"0.1",TRUE,0.00023481784689317,-0.000371995510066607,0.260687816835443
"bivt",5e-04,10000,"0.01",TRUE,0.00032027781367948,-0.00037843468985146,0.260687816835443
"bivt",5e-04,10000,"0.05",TRUE,0.000809226174803463,-0.000177971527672996,0.280643223940577
"bivt",5e-04,10000,"0.1",TRUE,0.000775292628783216,-0.000175227677720865,0.280643223940577
"bivt",5e-04,10000,"0.01",TRUE,0.000927242163359556,-0.000203270233756676,0.280643223940577
"bivt",5e-04,10000,"0.05",TRUE,0.00025114735956706,-0.000354276922032016,0.281948687124184
"bivt",5e-04,10000,"0.1",TRUE,0.000230614659824785,-0.000346196607649808,0.281948687124184
"bivt",5e-04,10000,"0.01",TRUE,0.000313450649464577,-0.000362921427905393,0.281948687124184
"bivt",5e-04,10000,"0.05",TRUE,0.000319169388472882,-0.000325855453121055,0.2442799112976
"bivt",5e-04,10000,"0.1",TRUE,0.000308922303333521,-0.000321592962876068,0.2442799112976
"bivt",5e-04,10000,"0.01",TRUE,0.000374442575085511,-0.000332332855870425,0.2442799112976
"bivt",5e-04,10000,"0.05",TRUE,0.000231659787152225,-0.00041350431661984,0.272852244837705
"bivt",5e-04,10000,"0.1",TRUE,0.000200801293282857,-0.000410059181733691,0.272852244837705
"bivt",5e-04,10000,"0.01",TRUE,0.000293158728584045,-0.000418889835503793,0.272852244837705
"bivt",5e-04,10000,"0.05",FALSE,0.000238474118623262,-0.000378716814348427,0.308251604106926
"bivt",5e-04,10000,"0.1",FALSE,0.000196092836067858,-0.000375940132360765,0.308251604106926
"bivt",5e-04,10000,"0.01",TRUE,0.00030028217707905,-0.000387382370988677,0.308251604106926
"bivt",5e-04,10000,"0.05",TRUE,0.000796502849892086,-0.000147290239414247,0.279442877962892
"bivt",5e-04,10000,"0.1",TRUE,0.000733145737495849,-0.000143908997072778,0.279442877962892
"bivt",5e-04,10000,"0.01",TRUE,0.000873437373854413,-0.00016250485689398,0.279442877962892
"bivt",5e-04,10000,"0.05",TRUE,0.000319660440014307,-0.000388629154205069,0.243954199002537
"bivt",5e-04,10000,"0.1",TRUE,0.00030074498998641,-0.00038052755665639,0.243954199002537
"bivt",5e-04,10000,"0.01",TRUE,0.000376722322187633,-0.000398802132447093,0.243954199002537
"bivt",5e-04,10000,"0.05",TRUE,0.000467310532590573,-0.000359496755774221,0.256609170434498
"bivt",5e-04,10000,"0.1",TRUE,0.000387670460463924,-0.00035276234946033,0.256609170434498
"bivt",5e-04,10000,"0.01",TRUE,0.000544968023969846,-0.000369060169589412,0.256609170434498
"bivt",5e-04,10000,"0.05",TRUE,0.000342487381073254,-0.000316189099315336,0.311672372272997
"bivt",5e-04,10000,"0.1",TRUE,0.000298084245166377,-0.000313691443419183,0.311672372272997
"bivt",5e-04,10000,"0.01",TRUE,0.000377128714392713,-0.000329699756460103,0.311672372272997
"bivt",5e-04,10000,"0.05",TRUE,0.000266280228316113,-0.000443093576069966,0.251719073234144
"bivt",5e-04,10000,"0.1",TRUE,0.000224892250472434,-0.000441235038011766,0.251719073234144
"bivt",5e-04,10000,"0.01",TRUE,0.000340568609347902,-0.000445894970310622,0.251719073234144
"bivt",5e-04,10000,"0.05",TRUE,0.000214219486304877,-0.000343412436522987,0.27082733190435
"bivt",5e-04,10000,"0.1",TRUE,0.00018445614737146,-0.000342667009807759,0.27082733190435
"bivt",5e-04,10000,"0.01",TRUE,0.000263962045545946,-0.00035355520527912,0.27082733190435
"bivt",5e-04,10000,"0.05",TRUE,0.000229336614372364,-0.000335992616760111,0.273721767048088
"bivt",5e-04,10000,"0.1",TRUE,0.000201216660534054,-0.000333184284688593,0.273721767048088
"bivt",5e-04,10000,"0.01",TRUE,0.000319194407376884,-0.000346001534544331,0.273721767048088
"bivt",5e-04,10000,"0.05",TRUE,0.000534035597315513,-0.000250498730579388,0.285565723053986
"bivt",5e-04,10000,"0.1",TRUE,0.000494750501590087,-0.000240302174688131,0.285565723053986
"bivt",5e-04,10000,"0.01",TRUE,0.000584422183142858,-0.000262170761396334,0.285565723053986
"bivt",5e-04,10000,"0.05",TRUE,0.000194525507317212,-0.000264730900650443,0.262685451159436
"bivt",5e-04,10000,"0.1",TRUE,0.000166810909497153,-0.000259346570317226,0.262685451159436
"bivt",5e-04,10000,"0.01",TRUE,0.000246516825700789,-0.000276218710478727,0.262685451159436
"bivt",5e-04,10000,"0.05",TRUE,0.000659959769264356,-0.000249083532198751,0.309833189602657
"bivt",5e-04,10000,"0.1",TRUE,0.000639714839354456,-0.000229796708437049,0.309833189602657
"bivt",5e-04,10000,"0.01",TRUE,0.000749350095685642,-0.000269163300561984,0.309833189602657
"bivt",5e-04,10000,"0.05",TRUE,0.000752668135109992,-0.000338560463962298,0.28157579696729
"bivt",5e-04,10000,"0.1",TRUE,0.000709752428184407,-0.000337228308447362,0.28157579696729
"bivt",5e-04,10000,"0.01",TRUE,0.000817524614230785,-0.000347359721701887,0.28157579696729
"bivt",5e-04,10000,"0.05",TRUE,0.000466729605865724,-0.000200274371604097,0.282288439780699
"bivt",5e-04,10000,"0.1",TRUE,0.000429509777201769,-0.000186857509773349,0.282288439780699
"bivt",5e-04,10000,"0.01",TRUE,0.000593799755632209,-0.000218213064158453,0.282288439780699
"bivt",5e-04,10000,"0.05",TRUE,0.00030872786337254,-0.000368624588701048,0.240918429115855
"bivt",5e-04,10000,"0.1",TRUE,0.000290515248567956,-0.000364428061928109,0.240918429115855
"bivt",5e-04,10000,"0.01",TRUE,0.000342961272189446,-0.000380260975436154,0.240918429115855
"bivt",5e-04,10000,"0.05",TRUE,0.000252045161381759,-0.000375711823497375,0.267703478883739
"bivt",5e-04,10000,"0.1",TRUE,0.000199036261495434,-0.000372319131938318,0.267703478883739
"bivt",5e-04,10000,"0.01",TRUE,0.000296559512055227,-0.000381774814556015,0.267703478883739
"bivt",5e-04,10000,"0.05",TRUE,0.000650285551375422,-0.000308806845146282,0.284277349885396
"bivt",5e-04,10000,"0.1",TRUE,0.000627584100593769,-0.000303725460129809,0.284277349885396
"bivt",5e-04,10000,"0.01",TRUE,0.000667204117886294,-0.000317864126199191,0.284277349885396
"bivt",5e-04,10000,"0.05",TRUE,0.000241754993279488,-0.000293931331159901,0.286231995031714
"bivt",5e-04,10000,"0.1",TRUE,0.000208766500377181,-0.000282457639288556,0.286231995031714
"bivt",5e-04,10000,"0.01",TRUE,0.000290959512507982,-0.000311417055995703,0.286231995031714
"bivt",5e-04,10000,"0.05",TRUE,0.000273790917345143,-0.000318835021481164,0.251736997900639
"bivt",5e-04,10000,"0.1",TRUE,0.000231408565360542,-0.00031187438581835,0.251736997900639
"bivt",5e-04,10000,"0.01",TRUE,0.000317670712822721,-0.000330244324430012,0.251736997900639
"bivt",5e-04,10000,"0.05",TRUE,0.0002990083012514,-0.00034908508859459,0.237952825445362
"bivt",5e-04,10000,"0.1",TRUE,0.000250689679723865,-0.000343054591365952,0.237952825445362
"bivt",5e-04,10000,"0.01",TRUE,0.000345072703312568,-0.00035857913002718,0.237952825445362
"bivt",5e-04,10000,"0.05",TRUE,0.000216659371619412,-0.000388255278551713,0.253213009138313
"bivt",5e-04,10000,"0.1",TRUE,0.000189479216390635,-0.000385396977911071,0.253213009138313
"bivt",5e-04,10000,"0.01",TRUE,0.000265486822889242,-0.000393193448506067,0.253213009138313
"bivt",5e-04,10000,"0.05",TRUE,0.000501441928893812,-0.000391384979168824,0.259468951231015
"bivt",5e-04,10000,"0.1",TRUE,0.000493045475883951,-0.000387340550035622,0.259468951231015
"bivt",5e-04,10000,"0.01",TRUE,0.000552524983179741,-0.000399016206647825,0.259468951231015
"bivt",5e-04,10000,"0.05",FALSE,0.000200671222065944,-0.000304953402375403,0.312531875971556
"bivt",5e-04,10000,"0.1",FALSE,0.000176131909145534,-0.000301316986300436,0.312531875971556
"bivt",5e-04,10000,"0.01",FALSE,0.00025850224582672,-0.000319699614280579,0.312531875971556
"bivt",5e-04,10000,"0.05",FALSE,0.000210031063841485,-0.000336503801620263,0.303362064374268
"bivt",5e-04,10000,"0.1",FALSE,0.000184112657830011,-0.000333915906471505,0.303362064374268
"bivt",5e-04,10000,"0.01",TRUE,0.000263285240294572,-0.000347126914226654,0.303362064374268
"bivt",5e-04,10000,"0.05",TRUE,0.000289351513608936,-0.000241074546039198,0.265842883412242
"bivt",5e-04,10000,"0.1",TRUE,0.000257964455763727,-0.000230317156659661,0.265842883412242
"bivt",5e-04,10000,"0.01",TRUE,0.0003270297189141,-0.000254166458101119,0.265842883412242
"bivt",5e-04,10000,"0.05",TRUE,0.000235669347410158,-0.000351665267435438,0.256970529997848
"bivt",5e-04,10000,"0.1",TRUE,0.00022853279840743,-0.000351096089779218,0.256970529997848
"bivt",5e-04,10000,"0.01",TRUE,0.000299184129860075,-0.000357191191303233,0.256970529997848
"bivt",5e-04,10000,"0.05",TRUE,0.000273672628641127,-0.000396186497450517,0.236022666011345
"bivt",5e-04,10000,"0.1",TRUE,0.000219107110471135,-0.00039146819534889,0.236022666011345
"bivt",5e-04,10000,"0.01",TRUE,0.000344727430688573,-0.000404612594683361,0.236022666011345
"bivt",5e-04,10000,"0.05",TRUE,0.00022462039995987,-0.000289960916247475,0.275708045727266
"bivt",5e-04,10000,"0.1",TRUE,0.000203638026467102,-0.00028278059018571,0.275708045727266
"bivt",5e-04,10000,"0.01",TRUE,0.000292751704310686,-0.000312939646338555,0.275708045727266
"bivt",5e-04,10000,"0.05",TRUE,0.000452305834721533,-0.000268104092687652,0.283456319816344
"bivt",5e-04,10000,"0.1",TRUE,0.000416263708310863,-0.000260123624493422,0.283456319816344
"bivt",5e-04,10000,"0.01",TRUE,0.000520615132810287,-0.000284775798282276,0.283456319816344
"bivt",5e-04,10000,"0.05",TRUE,0.000220621643547019,-0.000271799936568298,0.2988825703507
"bivt",5e-04,10000,"0.1",TRUE,0.000183046667117315,-0.000254543953105648,0.2988825703507
"bivt",5e-04,10000,"0.01",TRUE,0.000303735598186906,-0.000280997982474357,0.2988825703507
"bivt",5e-04,10000,"0.05",TRUE,0.000302064645195571,-0.000388518115828556,0.236391039353208
"bivt",5e-04,10000,"0.1",TRUE,0.000240087780682428,-0.000380600832303313,0.236391039353208
"bivt",5e-04,10000,"0.01",TRUE,0.000380689077115855,-0.000395235312690764,0.236391039353208
"bivt",5e-04,10000,"0.05",TRUE,0.000276379671827857,-0.000322794811175027,0.289947069825393
"bivt",5e-04,10000,"0.1",TRUE,0.000247790073041249,-0.000317603569485077,0.289947069825393
"bivt",5e-04,10000,"0.01",TRUE,0.000341713088440209,-0.000332975212204945,0.289947069825393
"bivt",5e-04,10000,"0.05",TRUE,0.000260135071120646,-0.000418289919181455,0.229031165932884
"bivt",5e-04,10000,"0.1",TRUE,0.000225713610958308,-0.000416095248067461,0.229031165932884
"bivt",5e-04,10000,"0.01",TRUE,0.00031862566049338,-0.000426505975026761,0.229031165932884
"bivt",5e-04,10000,"0.05",TRUE,0.000421273782061633,-0.000324084080622912,0.255345611024942
"bivt",5e-04,10000,"0.1",TRUE,0.00040366663031905,-0.000319337399736649,0.255345611024942
"bivt",5e-04,10000,"0.01",TRUE,0.00047973404566923,-0.000335711437249585,0.255345611024942
"bivt",5e-04,10000,"0.05",TRUE,0.000182258666554215,-0.000290205286770097,0.253456891396144
"bivt",5e-04,10000,"0.1",TRUE,0.000156364946721815,-0.000282915195518343,0.253456891396144
"bivt",5e-04,10000,"0.01",TRUE,0.000268260355703376,-0.000301885849322725,0.253456891396144
"bivt",5e-04,10000,"0.05",TRUE,0.000204243458380288,-0.000281549708097186,0.281434982678579
"bivt",5e-04,10000,"0.1",TRUE,0.000189753240573419,-0.000276776294647579,0.281434982678579
"bivt",5e-04,10000,"0.01",TRUE,0.000276930853427439,-0.000294277727108618,0.281434982678579
"bivt",5e-04,10000,"0.05",TRUE,0.00134023751756026,-0.00018262142480466,0.30096500891891
"bivt",5e-04,10000,"0.1",TRUE,0.0012909540069059,-0.000170279774380661,0.30096500891891
"bivt",5e-04,10000,"0.01",TRUE,0.00144047524701168,-0.000195530363279045,0.30096500891891
"bivt",5e-04,10000,"0.05",TRUE,0.00035413521424554,-0.000324565432495131,0.290780592148316
"bivt",5e-04,10000,"0.1",TRUE,0.000341696477631222,-0.000321635347960467,0.290780592148316
"bivt",5e-04,10000,"0.01",TRUE,0.000476739777831413,-0.000335115801854995,0.290780592148316
"bivt",5e-04,10000,"0.05",TRUE,0.000539011912279015,-0.000181000367633632,0.276690181045918
"bivt",5e-04,10000,"0.1",TRUE,0.000530193825261492,-0.000169318958278837,0.276690181045918
"bivt",5e-04,10000,"0.01",TRUE,0.000569470914782363,-0.00020059508542038,0.276690181045918
"bivt",5e-04,10000,"0.05",TRUE,0.000242963792529112,-0.000329406257664846,0.239002641227846
"bivt",5e-04,10000,"0.1",TRUE,0.000226968265223074,-0.000322587470907832,0.239002641227846
"bivt",5e-04,10000,"0.01",TRUE,0.000338609055741854,-0.000345119234253902,0.239002641227846
"bivt",5e-04,10000,"0.05",TRUE,0.000357387738625518,-0.000283118169825821,0.296721823228807
"bivt",5e-04,10000,"0.1",TRUE,0.000298769304191785,-0.000276292954751589,0.296721823228807
"bivt",5e-04,10000,"0.01",TRUE,0.000436536545800174,-0.00029816159417139,0.296721823228807
"bivt",5e-04,10000,"0.05",TRUE,0.000499359690382209,-0.000285844892093884,0.26375294128818
"bivt",5e-04,10000,"0.1",TRUE,0.000400589083564286,-0.000282594489614149,0.26375294128818
"bivt",5e-04,10000,"0.01",TRUE,0.000546241931148135,-0.000305493630321906,0.26375294128818
"bivt",5e-04,10000,"0.05",TRUE,0.000673376872663438,-0.000284819753592016,0.300227397264557
"bivt",5e-04,10000,"0.1",TRUE,0.000616236162625107,-0.000278426319643637,0.300227397264557
"bivt",5e-04,10000,"0.01",TRUE,0.000704249757326266,-0.000293717544112055,0.300227397264557
"bivt",5e-04,10000,"0.05",TRUE,0.000293883233991064,-0.00037045247829229,0.257258054640095
"bivt",5e-04,10000,"0.1",TRUE,0.00025968244058414,-0.000365382421677341,0.257258054640095
"bivt",5e-04,10000,"0.01",TRUE,0.000384787083360244,-0.000374437635239467,0.257258054640095
"bivt",5e-04,10000,"0.05",TRUE,0.000929692751793013,-0.000283187030579249,0.309067359377354
"bivt",5e-04,10000,"0.1",TRUE,0.000904736710069195,-0.000278716442567775,0.309067359377354
"bivt",5e-04,10000,"0.01",TRUE,0.000981357223390141,-0.000290866425914672,0.309067359377354
"bivt",5e-04,10000,"0.05",TRUE,0.000215667004409971,-0.000320195650446179,0.253399087944419
"bivt",5e-04,10000,"0.1",TRUE,0.00019147395319381,-0.000313568441072457,0.253399087944419
"bivt",5e-04,10000,"0.01",TRUE,0.000257033220311557,-0.00032778285102574,0.253399087944419
"bivt",1e-04,50000,"0.05",TRUE,9.58921591313159e-05,-3.54108816584598e-05,0.265856703606311
"bivt",1e-04,50000,"0.1",TRUE,9.12190571449862e-05,-3.45362385056815e-05,0.265856703606311
"bivt",1e-04,50000,"0.01",TRUE,0.000103211593303839,-3.66806776941831e-05,0.265856703606311
"bivt",1e-04,50000,"0.05",TRUE,2.80396431476381e-05,-6.48099694766033e-05,0.266323911211173
"bivt",1e-04,50000,"0.1",TRUE,2.48682113867763e-05,-6.29169995298687e-05,0.266323911211173
"bivt",1e-04,50000,"0.01",TRUE,3.3622215197487e-05,-6.68094465224113e-05,0.266323911211173
"bivt",1e-04,50000,"0.05",TRUE,2.70033524311175e-05,-7.10465708120278e-05,0.251942957430497
"bivt",1e-04,50000,"0.1",TRUE,2.40889863759461e-05,-7.05211835240617e-05,0.251942957430497
"bivt",1e-04,50000,"0.01",TRUE,3.25501436397493e-05,-7.20832029773813e-05,0.251942957430497
"bivt",1e-04,50000,"0.05",TRUE,0.000103286912501806,-3.10879663158739e-05,0.298290855322711
"bivt",1e-04,50000,"0.1",TRUE,0.000100539108839783,-2.98139688491856e-05,0.298290855322711
"bivt",1e-04,50000,"0.01",TRUE,0.000113483176343462,-3.33848907813523e-05,0.298290855322711
"bivt",1e-04,50000,"0.05",TRUE,9.15397724608464e-05,-3.20478629018565e-05,0.269995006501998
"bivt",1e-04,50000,"0.1",TRUE,8.91660208877464e-05,-3.06721348424851e-05,0.269995006501998
"bivt",1e-04,50000,"0.01",TRUE,0.000100134213531021,-3.60002634700252e-05,0.269995006501998
"bivt",1e-04,50000,"0.05",TRUE,2.64284232884658e-05,-5.46591785122972e-05,0.246282441428203
"bivt",1e-04,50000,"0.1",TRUE,2.31431021659998e-05,-5.38253929454786e-05,0.246282441428203
"bivt",1e-04,50000,"0.01",TRUE,3.3813020163266e-05,-5.59062397781459e-05,0.246282441428203
"bivt",1e-04,50000,"0.05",TRUE,7.42753669382777e-05,-6.62278749669789e-05,0.258275072606431
"bivt",1e-04,50000,"0.1",TRUE,7.009360504024e-05,-6.58862175617177e-05,0.258275072606431
"bivt",1e-04,50000,"0.01",TRUE,8.41410812047605e-05,-6.77515276237441e-05,0.258275072606431
"bivt",1e-04,50000,"0.05",TRUE,2.9515891650668e-05,-5.90932926116328e-05,0.23463762470415
"bivt",1e-04,50000,"0.1",TRUE,2.55763589397471e-05,-5.84245258030532e-05,0.23463762470415
"bivt",1e-04,50000,"0.01",TRUE,3.55870644933978e-05,-6.10336102618904e-05,0.23463762470415
"bivt",1e-04,50000,"0.05",TRUE,9.69646258288727e-05,-4.48691654940712e-05,0.271722007336428
"bivt",1e-04,50000,"0.1",TRUE,9.11276731783967e-05,-4.43539016456152e-05,0.271722007336428
"bivt",1e-04,50000,"0.01",TRUE,0.000105689877162201,-4.7742301747964e-05,0.271722007336428
"bivt",1e-04,50000,"0.05",TRUE,2.20900555812764e-05,-5.77306682007255e-05,0.271535271893571
"bivt",1e-04,50000,"0.1",TRUE,1.9897358939677e-05,-5.68923703968898e-05,0.271535271893571
"bivt",1e-04,50000,"0.01",TRUE,2.7287495284136e-05,-5.91772504328057e-05,0.271535271893571
"bivt",1e-04,50000,"0.05",TRUE,5.82161613401384e-05,-5.80990213668407e-05,0.24872012643853
"bivt",1e-04,50000,"0.1",TRUE,5.56281185803291e-05,-5.62831078234044e-05,0.24872012643853
"bivt",1e-04,50000,"0.01",TRUE,6.30555089877229e-05,-6.00841103401585e-05,0.24872012643853
"bivt",1e-04,50000,"0.05",TRUE,2.480043590503e-05,-6.30613383066106e-05,0.272043114759069
"bivt",1e-04,50000,"0.1",TRUE,2.2068670951324e-05,-6.24464035153528e-05,0.272043114759069
"bivt",1e-04,50000,"0.01",TRUE,3.18839036046401e-05,-6.43769912602308e-05,0.272043114759069
"bivt",1e-04,50000,"0.05",TRUE,2.845287510645e-05,-6.74117993380851e-05,0.254200160921598
"bivt",1e-04,50000,"0.1",TRUE,2.56545819187702e-05,-6.65361492225972e-05,0.254200160921598
"bivt",1e-04,50000,"0.01",TRUE,3.55518739813684e-05,-6.8586351798506e-05,0.254200160921598
"bivt",1e-04,50000,"0.05",TRUE,2.7091356316364e-05,-6.86638093463828e-05,0.241844951012078
"bivt",1e-04,50000,"0.1",TRUE,2.40266269658409e-05,-6.80094082548757e-05,0.241844951012078
"bivt",1e-04,50000,"0.01",TRUE,3.42752046142475e-05,-7.1078648999941e-05,0.241844951012078
"bivt",1e-04,50000,"0.05",TRUE,6.0220008215754e-05,-4.86807875963883e-05,0.279143111876757
"bivt",1e-04,50000,"0.1",TRUE,5.85916012821167e-05,-4.74346185093074e-05,0.279143111876757
"bivt",1e-04,50000,"0.01",TRUE,7.28749808432154e-05,-5.07628673902452e-05,0.279143111876757
"bivt",1e-04,50000,"0.05",TRUE,3.86606362002873e-05,-5.41440253125446e-05,0.261280679976526
"bivt",1e-04,50000,"0.1",TRUE,3.56633989188702e-05,-5.31636252753308e-05,0.261280679976526
"bivt",1e-04,50000,"0.01",TRUE,4.31277220095699e-05,-5.59965621129588e-05,0.261280679976526
"bivt",1e-04,50000,"0.05",TRUE,7.87092373537124e-05,-4.37371871427337e-05,0.271588238609903
"bivt",1e-04,50000,"0.1",TRUE,7.27113746473475e-05,-4.25964203593477e-05,0.271588238609903
"bivt",1e-04,50000,"0.01",TRUE,8.176562430844e-05,-4.52080704454107e-05,0.271588238609903
"bivt",1e-04,50000,"0.05",TRUE,2.83895456858056e-05,-6.47688334959718e-05,0.254005990041795
"bivt",1e-04,50000,"0.1",TRUE,2.60670306976241e-05,-6.43061176782267e-05,0.254005990041795
"bivt",1e-04,50000,"0.01",TRUE,3.54524893750225e-05,-6.57709223212174e-05,0.254005990041795
"bivt",1e-04,50000,"0.05",TRUE,2.48505326960566e-05,-7.10029815465731e-05,0.263027646588093
"bivt",1e-04,50000,"0.1",TRUE,2.27773031783306e-05,-7.03013907137916e-05,0.263027646588093
"bivt",1e-04,50000,"0.01",TRUE,3.15101434491508e-05,-7.23114178507174e-05,0.263027646588093
"bivt",1e-04,50000,"0.05",TRUE,3.03769008604654e-05,-7.57764246820621e-05,0.249565522968148
"bivt",1e-04,50000,"0.1",TRUE,2.65163564216801e-05,-7.51945529007688e-05,0.249565522968148
"bivt",1e-04,50000,"0.01",TRUE,3.81492767522629e-05,-7.69096167953543e-05,0.249565522968148
"bivt",1e-04,50000,"0.05",TRUE,8.55586065729959e-05,-5.71193304237428e-05,0.275452427804185
"bivt",1e-04,50000,"0.1",TRUE,8.10191520367919e-05,-5.65291007845166e-05,0.275452427804185
"bivt",1e-04,50000,"0.01",TRUE,9.49378584591117e-05,-5.89870544492055e-05,0.275452427804185
"bivt",1e-04,50000,"0.05",FALSE,3.77417658482798e-05,-5.28272327119398e-05,0.28467323870323
"bivt",1e-04,50000,"0.1",FALSE,3.49487588713243e-05,-5.24965028363495e-05,0.28467323870323
"bivt",1e-04,50000,"0.01",TRUE,4.43725730376116e-05,-5.5477329990544e-05,0.28467323870323
"bivt",1e-04,50000,"0.05",TRUE,5.4010524762526e-05,-6.88400444218161e-05,0.269600316817788
"bivt",1e-04,50000,"0.1",TRUE,4.72775403853443e-05,-6.78388452065882e-05,0.269600316817788
"bivt",1e-04,50000,"0.01",TRUE,5.765457021521e-05,-7.00387689397175e-05,0.269600316817788
"bivt",1e-04,50000,"0.05",TRUE,5.93913573515867e-05,-5.46780521552363e-05,0.268260524111884
"bivt",1e-04,50000,"0.1",TRUE,5.51122649698391e-05,-5.42659075699796e-05,0.268260524111884
"bivt",1e-04,50000,"0.01",TRUE,6.23955307671594e-05,-5.65778582309948e-05,0.268260524111884
"bivt",1e-04,50000,"0.05",TRUE,3.27445383145342e-05,-7.49565755531366e-05,0.238791671351551
"bivt",1e-04,50000,"0.1",TRUE,2.97219469940788e-05,-7.40781925249372e-05,0.238791671351551
"bivt",1e-04,50000,"0.01",TRUE,4.71803733592067e-05,-7.63841759223442e-05,0.238791671351551
"bivt",1e-04,50000,"0.05",TRUE,3.50828280015455e-05,-5.77352959994197e-05,0.254452338437513
"bivt",1e-04,50000,"0.1",TRUE,3.15683317671036e-05,-5.69403928043733e-05,0.254452338437513
"bivt",1e-04,50000,"0.01",TRUE,4.13824383757901e-05,-5.96304551474497e-05,0.254452338437513
"bivt",1e-04,50000,"0.05",TRUE,9.33806409846313e-05,-3.94252946646478e-05,0.286932554897216
"bivt",1e-04,50000,"0.1",TRUE,8.88052309669382e-05,-3.82858168355456e-05,0.286932554897216
"bivt",1e-04,50000,"0.01",TRUE,0.000100908535825574,-4.15179949556808e-05,0.286932554897216
"bivt",1e-04,50000,"0.05",TRUE,0.000147559243647976,-3.81789266763859e-05,0.28237632905057
"bivt",1e-04,50000,"0.1",TRUE,0.000144894361013124,-3.70382813677849e-05,0.28237632905057
"bivt",1e-04,50000,"0.01",TRUE,0.000166992572725377,-4.01681274652826e-05,0.28237632905057
"bivt",1e-04,50000,"0.05",FALSE,3.07532790205414e-05,-7.09454737741938e-05,0.274351761712758
"bivt",1e-04,50000,"0.1",FALSE,2.60248381526908e-05,-7.0578086544481e-05,0.274351761712758
"bivt",1e-04,50000,"0.01",TRUE,3.66524784583794e-05,-7.19762472854921e-05,0.274351761712758
"bivt",1e-04,50000,"0.05",TRUE,2.58970535679796e-05,-5.6831650998239e-05,0.260662188950356
"bivt",1e-04,50000,"0.1",TRUE,2.28228294945536e-05,-5.596792331499e-05,0.260662188950356
"bivt",1e-04,50000,"0.01",TRUE,3.23611943131466e-05,-5.83249953653138e-05,0.260662188950356
"bivt",1e-04,50000,"0.05",TRUE,2.72881052032721e-05,-6.73892638310571e-05,0.258260146587097
"bivt",1e-04,50000,"0.1",TRUE,2.41090943879741e-05,-6.65707177618273e-05,0.258260146587097
"bivt",1e-04,50000,"0.01",TRUE,3.2003225856426e-05,-6.84047578779088e-05,0.258260146587097
"bivt",1e-04,50000,"0.05",TRUE,6.68946240291129e-05,-4.1927720712467e-05,0.24507571982963
"bivt",1e-04,50000,"0.1",TRUE,6.26607508037974e-05,-4.05132391895768e-05,0.24507571982963
"bivt",1e-04,50000,"0.01",TRUE,7.36164889338971e-05,-4.39444532739078e-05,0.24507571982963
"bivt",1e-04,50000,"0.05",TRUE,7.5238324715094e-05,-5.54486239423277e-05,0.25926834745298
"bivt",1e-04,50000,"0.1",TRUE,7.37715823499293e-05,-5.4339593722422e-05,0.25926834745298
"bivt",1e-04,50000,"0.01",TRUE,8.07986393022412e-05,-5.83709460111442e-05,0.25926834745298
"bivt",1e-04,50000,"0.05",TRUE,2.4121368826103e-05,-3.89382112858907e-05,0.264144328468163
"bivt",1e-04,50000,"0.1",TRUE,2.05340186665157e-05,-3.78527588819171e-05,0.264144328468163
"bivt",1e-04,50000,"0.01",TRUE,3.04769481416027e-05,-4.07936619566577e-05,0.264144328468163
"bivt",1e-04,50000,"0.05",TRUE,2.73735128978927e-05,-6.04525329920194e-05,0.256061787794181
"bivt",1e-04,50000,"0.1",TRUE,2.47134877897083e-05,-5.94109883653542e-05,0.256061787794181
"bivt",1e-04,50000,"0.01",TRUE,3.18453947252777e-05,-6.19883355960063e-05,0.256061787794181
"bivt",1e-04,50000,"0.05",TRUE,2.98348904133327e-05,-6.69891519751468e-05,0.240267347704155
"bivt",1e-04,50000,"0.1",TRUE,2.63127384940482e-05,-6.64314467282995e-05,0.240267347704155
"bivt",1e-04,50000,"0.01",TRUE,3.72050514236588e-05,-6.83892443723395e-05,0.240267347704155
"bivt",1e-04,50000,"0.05",TRUE,3.10134374318153e-05,-7.51474313865677e-05,0.211538090708155
"bivt",1e-04,50000,"0.1",TRUE,2.78437692798078e-05,-7.409965370175e-05,0.211538090708155
"bivt",1e-04,50000,"0.01",TRUE,3.83986126748446e-05,-7.62998108742549e-05,0.211538090708155
"bivt",1e-04,50000,"0.05",TRUE,0.000102957642214296,-6.292776885822e-05,0.256912334435123
"bivt",1e-04,50000,"0.1",TRUE,0.00010012611656617,-6.18906691033557e-05,0.256912334435123
"bivt",1e-04,50000,"0.01",TRUE,0.000109479929952514,-6.41785958839282e-05,0.256912334435123
"bivt",1e-04,50000,"0.05",TRUE,2.85658644129724e-05,-6.44551771405459e-05,0.224359775329176
"bivt",1e-04,50000,"0.1",TRUE,2.71614785087876e-05,-6.28392338629794e-05,0.224359775329176
"bivt",1e-04,50000,"0.01",TRUE,3.35669895412538e-05,-6.54766628798814e-05,0.224359775329176
"bivt",1e-04,50000,"0.05",TRUE,3.0345529812029e-05,-7.66871414326955e-05,0.231587404601232
"bivt",1e-04,50000,"0.1",TRUE,2.49275921875731e-05,-7.63549411609642e-05,0.231587404601232
"bivt",1e-04,50000,"0.01",TRUE,3.52522251634321e-05,-7.757456648301e-05,0.231587404601232
"bivt",1e-04,50000,"0.05",TRUE,0.000138873177463669,-2.15259799335004e-05,0.264455442898118
"bivt",1e-04,50000,"0.1",FALSE,0.000134701452889861,-1.90335339892986e-05,0.264455442898118
"bivt",1e-04,50000,"0.01",TRUE,0.000150547100945798,-2.37947444328089e-05,0.264455442898118
"bivt",1e-04,50000,"0.05",TRUE,6.306624215284e-05,-6.00738295901386e-05,0.245207318933321
"bivt",1e-04,50000,"0.1",TRUE,5.58282173165869e-05,-5.88407015201851e-05,0.245207318933321
"bivt",1e-04,50000,"0.01",TRUE,7.03682853450932e-05,-6.1378814857369e-05,0.245207318933321
"bivt",1e-04,50000,"0.05",TRUE,7.66229328352471e-05,-5.5354289689887e-05,0.276855908660885
"bivt",1e-04,50000,"0.1",TRUE,7.22410347911914e-05,-5.42227411522049e-05,0.276855908660885
"bivt",1e-04,50000,"0.01",TRUE,9.05560041490558e-05,-5.65261547096381e-05,0.276855908660885
"bivt",1e-04,50000,"0.05",TRUE,3.56610542247022e-05,-6.26455209474155e-05,0.260480584157346
"bivt",1e-04,50000,"0.1",TRUE,3.44209297051645e-05,-6.13898355569341e-05,0.260480584157346
"bivt",1e-04,50000,"0.01",TRUE,3.95925839505712e-05,-6.41555399355922e-05,0.260480584157346
"bivt",1e-04,50000,"0.05",TRUE,7.30515807125686e-05,-4.30066075770063e-05,0.264590793845536
"bivt",1e-04,50000,"0.1",TRUE,6.91562300790459e-05,-4.16585858121253e-05,0.264590793845536
"bivt",1e-04,50000,"0.01",TRUE,7.87278323680101e-05,-4.59905283770302e-05,0.264590793845536
"bivt",1e-04,50000,"0.05",TRUE,5.86668113016063e-05,-5.3187885389706e-05,0.271262163258038
"bivt",1e-04,50000,"0.1",TRUE,5.47410578731979e-05,-5.19541116201248e-05,0.271262163258038
"bivt",1e-04,50000,"0.01",TRUE,6.61441947087361e-05,-5.50386394996604e-05,0.271262163258038
"bivt",1e-04,50000,"0.05",TRUE,0.000120560949558568,-5.18632323532494e-05,0.289334564120016
"bivt",1e-04,50000,"0.1",TRUE,0.000115226676664357,-5.12135092250126e-05,0.289334564120016
"bivt",1e-04,50000,"0.01",TRUE,0.000126228057806064,-5.36379558984245e-05,0.289334564120016
"bivt",1e-04,50000,"0.05",TRUE,7.74153457424333e-05,-6.04646252693756e-05,0.277373282658738
"bivt",1e-04,50000,"0.1",TRUE,7.2607597180441e-05,-5.97805076301725e-05,0.277373282658738
"bivt",1e-04,50000,"0.01",TRUE,8.50611970405047e-05,-6.10202402184515e-05,0.277373282658738
"bivt",1e-04,50000,"0.05",TRUE,9.84384324475319e-05,-5.54181444852071e-05,0.233249568785792
"bivt",1e-04,50000,"0.1",TRUE,9.58584275587449e-05,-5.47357276083914e-05,0.233249568785792
"bivt",1e-04,50000,"0.01",TRUE,0.000106486799863294,-5.71131615090375e-05,0.233249568785792
"bivt",1e-04,50000,"0.05",TRUE,2.66087446762247e-05,-6.3494824859942e-05,0.261783784543737
"bivt",1e-04,50000,"0.1",TRUE,2.41110529162452e-05,-6.26868475506783e-05,0.261783784543737
"bivt",1e-04,50000,"0.01",TRUE,3.41383231438746e-05,-6.52095025308643e-05,0.261783784543737
"bivt",1e-04,50000,"0.05",TRUE,0.000125877820950922,-5.98389405746131e-05,0.278530521942071
"bivt",1e-04,50000,"0.1",TRUE,0.000122629553235871,-5.92678518741414e-05,0.278530521942071
"bivt",1e-04,50000,"0.01",TRUE,0.000140496463020103,-6.08450122580102e-05,0.278530521942071
"bivt",1e-04,50000,"0.05",TRUE,2.62118850718636e-05,-6.84670675170948e-05,0.261587640935217
"bivt",1e-04,50000,"0.1",TRUE,2.37585385133937e-05,-6.79634708549595e-05,0.261587640935217
"bivt",1e-04,50000,"0.01",TRUE,3.02561528829196e-05,-6.93791952552121e-05,0.261587640935217
"bivt",1e-04,50000,"0.05",TRUE,6.45324579223096e-05,-2.31071450253334e-05,0.264998687233783
"bivt",1e-04,50000,"0.1",TRUE,6.25835008670494e-05,-2.18078796793578e-05,0.264998687233783
"bivt",1e-04,50000,"0.01",TRUE,7.12375545665183e-05,-2.6027884109698e-05,0.264998687233783
"bivt",1e-04,50000,"0.05",TRUE,9.91995757206902e-05,-3.46807634669231e-05,0.280354537738524
"bivt",1e-04,50000,"0.1",TRUE,9.49666720199195e-05,-3.37903214535943e-05,0.280354537738524
"bivt",1e-04,50000,"0.01",TRUE,0.000106528907200485,-3.80311723577341e-05,0.280354537738524
"bivt",1e-04,50000,"0.05",TRUE,2.360975528594e-05,-5.18457486054797e-05,0.269203063787107
"bivt",1e-04,50000,"0.1",TRUE,2.09646087776124e-05,-5.11438740832552e-05,0.269203063787107
"bivt",1e-04,50000,"0.01",TRUE,2.89364421457672e-05,-5.41476030318115e-05,0.269203063787107
"bivt",1e-04,50000,"0.05",TRUE,0.000113354361214883,-2.13224658407715e-05,0.302195135070435
"bivt",1e-04,50000,"0.1",TRUE,0.000106617619439141,-2.00802089617134e-05,0.302195135070435
"bivt",1e-04,50000,"0.01",TRUE,0.000119653229739639,-2.33491880508269e-05,0.302195135070435
"bivt",1e-04,50000,"0.05",TRUE,3.12250611450058e-05,-8.30137146695777e-05,0.224385266044086
"bivt",1e-04,50000,"0.1",TRUE,2.5792271231937e-05,-8.2144163891178e-05,0.224385266044086
"bivt",1e-04,50000,"0.01",TRUE,4.1158687530211e-05,-8.38762805547752e-05,0.224385266044086
"bivt",1e-04,50000,"0.05",TRUE,6.07449994321185e-05,-4.98650264202587e-05,0.289443736929744
"bivt",1e-04,50000,"0.1",TRUE,5.75473782977327e-05,-4.89517839365153e-05,0.289443736929744
"bivt",1e-04,50000,"0.01",TRUE,6.70017680021781e-05,-5.15617844257139e-05,0.289443736929744
"bivt",1e-04,50000,"0.05",TRUE,7.63093773333756e-05,-2.78254429143111e-05,0.296336161481602
"bivt",1e-04,50000,"0.1",TRUE,7.15038759766768e-05,-2.73368221166834e-05,0.296336161481602
"bivt",1e-04,50000,"0.01",TRUE,7.97636998368514e-05,-3.164215655614e-05,0.296336161481602
"bivt",1e-04,50000,"0.05",TRUE,2.59706247369495e-05,-7.29909726516249e-05,0.243648295237295
"bivt",1e-04,50000,"0.1",TRUE,2.34205409708009e-05,-7.25568000152006e-05,0.243648295237295
"bivt",1e-04,50000,"0.01",TRUE,3.02419892259039e-05,-7.40591190557561e-05,0.243648295237295
"bivt",1e-04,50000,"0.05",FALSE,2.41685228109663e-05,-4.51152278965648e-05,0.290554965717862
"bivt",1e-04,50000,"0.1",FALSE,2.26313152427615e-05,-4.40896188396574e-05,0.290554965717862
"bivt",1e-04,50000,"0.01",FALSE,2.91596078678719e-05,-4.80844024525407e-05,0.290554965717862
"bivt",1e-04,50000,"0.05",TRUE,2.64550221690014e-05,-6.8730020776307e-05,0.250394913557037
"bivt",1e-04,50000,"0.1",TRUE,2.4111242685591e-05,-6.80453919377047e-05,0.250394913557037
"bivt",1e-04,50000,"0.01",TRUE,3.63195761697887e-05,-6.94210043759076e-05,0.250394913557037
"bivt",1e-04,50000,"0.05",TRUE,4.54020853620503e-05,-2.9450137482575e-05,0.268579703553285
"bivt",1e-04,50000,"0.1",TRUE,4.31956509889936e-05,-2.83930401240239e-05,0.268579703553285
"bivt",1e-04,50000,"0.01",TRUE,5.50002434597644e-05,-3.22981578039746e-05,0.268579703553285
"bivt",1e-04,50000,"0.05",FALSE,3.82677283086307e-05,-4.78020350654429e-05,0.305494274253994
"bivt",1e-04,50000,"0.1",FALSE,3.78772027559308e-05,-4.71788588522425e-05,0.305494274253994
"bivt",1e-04,50000,"0.01",FALSE,4.05911504197059e-05,-5.00301502604287e-05,0.305494274253994
"bivt",1e-04,50000,"0.05",TRUE,6.17586210519821e-05,-5.63656600209775e-05,0.265343304450151
"bivt",1e-04,50000,"0.1",TRUE,5.97030437248703e-05,-5.49886504166921e-05,0.265343304450151
"bivt",1e-04,50000,"0.01",TRUE,6.95843645289671e-05,-5.82278797147223e-05,0.265343304450151
"bivt",1e-04,50000,"0.05",TRUE,3.34969662785261e-05,-4.14140975738802e-05,0.276378519383374
"bivt",1e-04,50000,"0.1",TRUE,3.18008133169774e-05,-4.04283791719316e-05,0.276378519383374
"bivt",1e-04,50000,"0.01",TRUE,3.65136671590455e-05,-4.39908801305506e-05,0.276378519383374
"bivt",1e-04,50000,"0.05",TRUE,2.82367620105675e-05,-7.37034532804917e-05,0.23235784667946
"bivt",1e-04,50000,"0.1",TRUE,2.54682800525589e-05,-7.29164991507396e-05,0.23235784667946
"bivt",1e-04,50000,"0.01",TRUE,3.35978304294756e-05,-7.47371693848938e-05,0.23235784667946
"bivt",1e-04,50000,"0.05",FALSE,2.32527636923192e-05,-4.77471538149499e-05,0.285278794486601
"bivt",1e-04,50000,"0.1",FALSE,2.07148698274531e-05,-4.68112893510039e-05,0.285278794486601
"bivt",1e-04,50000,"0.01",FALSE,2.88221400995909e-05,-4.99447878204774e-05,0.285278794486601
"bivt",1e-04,50000,"0.05",TRUE,0.000122200060545315,-5.23778978907561e-05,0.271311045934849
"bivt",1e-04,50000,"0.1",TRUE,0.000115560756622033,-5.16043695098229e-05,0.271311045934849
"bivt",1e-04,50000,"0.01",TRUE,0.000128697387375199,-5.51193718758073e-05,0.271311045934849
"bivt",1e-04,50000,"0.05",TRUE,9.1064357432382e-05,-3.75087364346769e-05,0.271113714358699
"bivt",1e-04,50000,"0.1",TRUE,8.71248486646963e-05,-3.53025330823762e-05,0.271113714358699
"bivt",1e-04,50000,"0.01",TRUE,9.89930247811797e-05,-3.94037152314313e-05,0.271113714358699
"bivt",1e-04,50000,"0.05",TRUE,6.8754545571654e-05,-3.00509045137311e-05,0.271279323403304
"bivt",1e-04,50000,"0.1",TRUE,6.58935167485099e-05,-2.88388113457733e-05,0.271279323403304
"bivt",1e-04,50000,"0.01",TRUE,7.18216942120598e-05,-3.19174409054107e-05,0.271279323403304
"bivt",1e-04,50000,"0.05",TRUE,2.59001482648384e-05,-6.28815616604858e-05,0.244766715733353
"bivt",1e-04,50000,"0.1",TRUE,2.36790206165231e-05,-6.19521988539391e-05,0.244766715733353
"bivt",1e-04,50000,"0.01",TRUE,3.18498103170593e-05,-6.46625210693977e-05,0.244766715733353
"bivt",1e-04,50000,"0.05",TRUE,2.73815636124352e-05,-7.14065134012893e-05,0.240446942742545
"bivt",1e-04,50000,"0.1",TRUE,2.39835962539673e-05,-7.04919788305075e-05,0.240446942742545
"bivt",1e-04,50000,"0.01",TRUE,3.85008188423695e-05,-7.22806530876994e-05,0.240446942742545
"bivt",1e-04,50000,"0.05",TRUE,6.23074461846566e-05,-5.76762632323688e-05,0.256469518365943
"bivt",1e-04,50000,"0.1",TRUE,5.8368631640706e-05,-5.67098471868166e-05,0.256469518365943
"bivt",1e-04,50000,"0.01",TRUE,6.90854265211714e-05,-5.93818578066656e-05,0.256469518365943
"bivt",1e-04,50000,"0.05",TRUE,9.91342686006407e-05,-1.89503481083615e-05,0.288329941134242
"bivt",1e-04,50000,"0.1",TRUE,9.75673929334644e-05,-1.69795262823386e-05,0.288329941134242
"bivt",1e-04,50000,"0.01",TRUE,0.000103478050666277,-2.12068832329441e-05,0.288329941134242
"bivt",1e-04,50000,"0.05",TRUE,2.97512176636365e-05,-7.1365592647629e-05,0.265862153686227
"bivt",1e-04,50000,"0.1",TRUE,2.55877533485724e-05,-7.02036859332692e-05,0.265862153686227
"bivt",1e-04,50000,"0.01",TRUE,3.52464772953926e-05,-7.2248874355142e-05,0.265862153686227
"bivt",1e-04,50000,"0.05",TRUE,9.38687633466197e-05,-4.20525593194582e-05,0.278841717959847
"bivt",1e-04,50000,"0.1",TRUE,9.05299213824453e-05,-4.14662019178167e-05,0.278841717959847
"bivt",1e-04,50000,"0.01",TRUE,9.99730492946768e-05,-4.4155760693769e-05,0.278841717959847
"bivt",1e-04,50000,"0.05",TRUE,2.5914819864051e-05,-6.63889767769536e-05,0.242341067289174
"bivt",1e-04,50000,"0.1",TRUE,2.24343381337117e-05,-6.53725975596399e-05,0.242341067289174
"bivt",1e-04,50000,"0.01",TRUE,3.36758235302426e-05,-6.79399504487412e-05,0.242341067289174
"bivt",1e-04,50000,"0.05",TRUE,9.86810700731698e-05,-2.96069546456556e-05,0.278592687410455
"bivt",1e-04,50000,"0.1",TRUE,9.44481341065694e-05,-2.87012556207308e-05,0.278592687410455
"bivt",1e-04,50000,"0.01",TRUE,0.000104241139937833,-3.20576635270837e-05,0.278592687410455
"bivt",1e-04,50000,"0.05",TRUE,2.4600587489667e-05,-5.28206617211573e-05,0.259291280534078
"bivt",1e-04,50000,"0.1",TRUE,2.3007491256438e-05,-5.13024834986032e-05,0.259291280534078
"bivt",1e-04,50000,"0.01",TRUE,2.86596720623409e-05,-5.51252503732273e-05,0.259291280534078
"bivt",1e-04,50000,"0.05",TRUE,0.000203973167952703,-3.83442100365375e-05,0.307603569864554
"bivt",1e-04,50000,"0.1",TRUE,0.000202426932482351,-3.72892398108939e-05,0.307603569864554
"bivt",1e-04,50000,"0.01",TRUE,0.000218124149945569,-4.18984280489531e-05,0.307603569864554
"bivt",1e-04,50000,"0.05",TRUE,9.90286007708038e-05,-5.38816947466133e-05,0.272914053605932
"bivt",1e-04,50000,"0.1",TRUE,9.4863592915218e-05,-5.26852974659628e-05,0.272914053605932
"bivt",1e-04,50000,"0.01",TRUE,0.000108684701647551,-5.4705388934398e-05,0.272914053605932
"bivt",1e-04,50000,"0.05",TRUE,7.77349172397731e-05,-3.84860793016111e-05,0.286958067251345
"bivt",1e-04,50000,"0.1",TRUE,7.53910893003758e-05,-3.68001303077909e-05,0.286958067251345
"bivt",1e-04,50000,"0.01",TRUE,8.63909328301386e-05,-3.97760143738172e-05,0.286958067251345
"bivt",1e-04,50000,"0.05",TRUE,3.50669577315322e-05,-5.03136024533539e-05,0.267868732602269
"bivt",1e-04,50000,"0.1",TRUE,3.15443423451245e-05,-4.88628585322298e-05,0.267868732602269
"bivt",1e-04,50000,"0.01",TRUE,4.67767474207294e-05,-5.20894947140174e-05,0.267868732602269
"bivt",1e-04,50000,"0.05",TRUE,6.58152947201599e-05,-4.46543861723187e-05,0.253907697297023
"bivt",1e-04,50000,"0.1",TRUE,5.88600054069868e-05,-4.36447775947716e-05,0.253907697297023
"bivt",1e-04,50000,"0.01",TRUE,7.29769478495288e-05,-4.72488120861472e-05,0.253907697297023
"bivt",1e-04,50000,"0.05",TRUE,7.42384239566685e-05,-6.13187128478176e-05,0.253846085777189
"bivt",1e-04,50000,"0.1",TRUE,7.20344161981537e-05,-5.98752822694556e-05,0.253846085777189
"bivt",1e-04,50000,"0.01",TRUE,8.14547758395048e-05,-6.26845097958721e-05,0.253846085777189
"bivt",1e-04,50000,"0.05",TRUE,2.62276509236476e-05,-5.1022589560569e-05,0.270332812299117
"bivt",1e-04,50000,"0.1",TRUE,2.34978039543814e-05,-5.05073957887745e-05,0.270332812299117
"bivt",1e-04,50000,"0.01",TRUE,3.14815075473627e-05,-5.26805560998429e-05,0.270332812299117
"bivt",1e-04,50000,"0.05",TRUE,0.000162380558691173,-1.88222734725255e-05,0.305547279788036
"bivt",1e-04,50000,"0.1",TRUE,0.000156129993020165,-1.66352063611993e-05,0.305547279788036
"bivt",1e-04,50000,"0.01",TRUE,0.000166036989734343,-2.12760507091191e-05,0.305547279788036
"bivt",1e-04,50000,"0.05",TRUE,2.67564058452589e-05,-5.4748006420804e-05,0.244959708277824
"bivt",1e-04,50000,"0.1",TRUE,2.33934235522712e-05,-5.3702958028872e-05,0.244959708277824
"bivt",1e-04,50000,"0.01",TRUE,3.24493246645804e-05,-5.61740764110763e-05,0.244959708277824
"bivt",1e-04,50000,"0.05",TRUE,3.13343544979431e-05,-6.69645091807926e-05,0.257648018630379
"bivt",1e-04,50000,"0.1",TRUE,2.70418206411222e-05,-6.59580128938868e-05,0.257648018630379
"bivt",1e-04,50000,"0.01",TRUE,3.838370418643e-05,-6.91191681420738e-05,0.257648018630379
"bivt",1e-04,50000,"0.05",FALSE,2.23054425741173e-05,-4.76591718938831e-05,0.290971786601646
"bivt",1e-04,50000,"0.1",FALSE,2.11371897408622e-05,-4.65537806884987e-05,0.290971786601646
"bivt",1e-04,50000,"0.01",FALSE,2.92037564147878e-05,-4.84695954970382e-05,0.290971786601646
"bivt",1e-04,50000,"0.05",FALSE,4.6920844263136e-05,-3.85351121879717e-05,0.294429099646787
"bivt",1e-04,50000,"0.1",FALSE,4.47202817906314e-05,-3.76135913325787e-05,0.294429099646787
"bivt",1e-04,50000,"0.01",FALSE,5.22625874650526e-05,-4.08357189277864e-05,0.294429099646787
"bivt",1e-04,50000,"0.05",TRUE,3.05808217231062e-05,-7.27091745439296e-05,0.258804874607376
"bivt",1e-04,50000,"0.1",TRUE,2.58372930961315e-05,-7.22896266739302e-05,0.258804874607376
"bivt",1e-04,50000,"0.01",TRUE,4.01370903567438e-05,-7.38879913861647e-05,0.258804874607376
"bivt",1e-04,50000,"0.05",TRUE,3.29089705459356e-05,-3.86175143387559e-05,0.269504677168273
"bivt",1e-04,50000,"0.1",TRUE,2.9079617738591e-05,-3.73898793036368e-05,0.269504677168273
"bivt",1e-04,50000,"0.01",TRUE,3.70960091292802e-05,-4.12050187019143e-05,0.269504677168273
"bivt",1e-04,50000,"0.05",TRUE,3.02815353937105e-05,-4.3863301400052e-05,0.276226961718187
"bivt",1e-04,50000,"0.1",TRUE,2.80252191985174e-05,-4.30064703183757e-05,0.276226961718187
"bivt",1e-04,50000,"0.01",TRUE,3.72015213962386e-05,-4.4766994281142e-05,0.276226961718187
"bivt",1e-04,50000,"0.05",TRUE,2.44643218920901e-05,-5.46997282848524e-05,0.254507251390964
"bivt",1e-04,50000,"0.1",TRUE,2.2169776625707e-05,-5.35866916859018e-05,0.254507251390964
"bivt",1e-04,50000,"0.01",TRUE,3.07488831828023e-05,-5.7275019797392e-05,0.254507251390964
"bivt",1e-04,50000,"0.05",TRUE,0.000144189011085205,-2.31591991857699e-05,0.288302518943536
"bivt",1e-04,50000,"0.1",TRUE,0.00013879089238028,-2.25132292251572e-05,0.288302518943536
"bivt",1e-04,50000,"0.01",TRUE,0.000146728964202392,-2.56271630241765e-05,0.288302518943536
"bivt",1e-04,50000,"0.05",TRUE,3.02069293326025e-05,-6.44967930343829e-05,0.24593385943641
"bivt",1e-04,50000,"0.1",TRUE,2.61999280831526e-05,-6.35542447460736e-05,0.24593385943641
"bivt",1e-04,50000,"0.01",TRUE,3.62247353952945e-05,-6.54974485155811e-05,0.24593385943641
"bivt",1e-04,50000,"0.05",TRUE,2.77217920832237e-05,-5.13401959652825e-05,0.261158408820422
"bivt",1e-04,50000,"0.1",TRUE,2.34005690546107e-05,-5.04024284661553e-05,0.261158408820422
"bivt",1e-04,50000,"0.01",TRUE,3.29273899370198e-05,-5.35718640607198e-05,0.261158408820422
"bivt",1e-04,50000,"0.05",TRUE,2.88747471403819e-05,-7.40336200771895e-05,0.233353491944237
"bivt",1e-04,50000,"0.1",TRUE,2.57182488556583e-05,-7.36734617864492e-05,0.233353491944237
"bivt",1e-04,50000,"0.01",TRUE,3.3287695788405e-05,-7.46879853932962e-05,0.233353491944237
"bivt",1e-04,50000,"0.05",TRUE,3.11666744801712e-05,-6.08388415215268e-05,0.250730752213727
"bivt",1e-04,50000,"0.1",TRUE,2.62286652745198e-05,-6.02179309533475e-05,0.250730752213727
"bivt",1e-04,50000,"0.01",TRUE,3.6765262261635e-05,-6.27455264384663e-05,0.250730752213727
"bivt",1e-04,50000,"0.05",TRUE,5.18713218258376e-05,-6.58374205635993e-05,0.258729685813777
"bivt",1e-04,50000,"0.1",TRUE,4.89806482187151e-05,-6.50451710229136e-05,0.258729685813777
"bivt",1e-04,50000,"0.01",TRUE,5.674389331578e-05,-6.65541947051976e-05,0.258729685813777
"bivt",1e-04,50000,"0.05",TRUE,3.90912106139141e-05,-4.70713510771444e-05,0.26917317200297
"bivt",1e-04,50000,"0.1",TRUE,3.69913697068852e-05,-4.56384334214332e-05,0.26917317200297
"bivt",1e-04,50000,"0.01",TRUE,4.38775945472185e-05,-4.90022156865768e-05,0.26917317200297
"bivt",1e-04,50000,"0.05",TRUE,5.52561418094663e-05,-6.20470400863146e-05,0.230754627229587
"bivt",1e-04,50000,"0.1",TRUE,4.51745623079687e-05,-6.15071137638851e-05,0.230754627229587
"bivt",1e-04,50000,"0.01",TRUE,6.04338344716266e-05,-6.33658477677148e-05,0.230754627229587
"bivt",1e-04,50000,"0.05",TRUE,4.14027439419595e-05,-6.48967017557494e-05,0.251746117039559
"bivt",1e-04,50000,"0.1",TRUE,3.73167829685514e-05,-6.40041051327643e-05,0.251746117039559
"bivt",1e-04,50000,"0.01",TRUE,4.68215220263766e-05,-6.6729974839342e-05,0.251746117039559
"bivt",1e-04,50000,"0.05",TRUE,4.88522980652441e-05,-4.91984681584352e-05,0.263733251268797
"bivt",1e-04,50000,"0.1",TRUE,4.61546544659172e-05,-4.8133161756432e-05,0.263733251268797
"bivt",1e-04,50000,"0.01",TRUE,6.02795536460019e-05,-5.06808393095795e-05,0.263733251268797
"bivt",1e-04,50000,"0.05",FALSE,6.77963159250078e-05,-3.90289947060939e-05,0.298609876141368
"bivt",1e-04,50000,"0.1",FALSE,6.24972807555651e-05,-3.84799872069644e-05,0.298609876141368
"bivt",1e-04,50000,"0.01",TRUE,7.20848564467197e-05,-4.14768084581019e-05,0.298609876141368
"bivt",1e-04,50000,"0.05",FALSE,2.60989711962081e-05,-6.7790634365681e-05,0.273651342088379
"bivt",1e-04,50000,"0.1",FALSE,2.28753475367474e-05,-6.71694643939592e-05,0.273651342088379
"bivt",1e-04,50000,"0.01",TRUE,3.35597470908014e-05,-6.9620153750058e-05,0.273651342088379
"bivt",1e-04,50000,"0.05",TRUE,2.91989396937013e-05,-8.26173324086133e-05,0.228648473407434
"bivt",1e-04,50000,"0.1",TRUE,2.61263239556687e-05,-8.22792822383121e-05,0.228648473407434
"bivt",1e-04,50000,"0.01",TRUE,3.62856430020637e-05,-8.32460071221407e-05,0.228648473407434
"bivt",1e-04,50000,"0.05",TRUE,2.84307407896066e-05,-5.87836299113907e-05,0.269766949469187
"bivt",1e-04,50000,"0.1",TRUE,2.44164252865207e-05,-5.82109976640796e-05,0.269766949469187
"bivt",1e-04,50000,"0.01",TRUE,3.50826200230334e-05,-5.98440813366825e-05,0.269766949469187
"bivt",1e-04,50000,"0.05",TRUE,2.76178902807791e-05,-7.306474384509e-05,0.248078134183363
"bivt",1e-04,50000,"0.1",TRUE,2.35998905133577e-05,-7.2632042711927e-05,0.248078134183363
"bivt",1e-04,50000,"0.01",TRUE,3.39829620682177e-05,-7.45572812190502e-05,0.248078134183363
"bivt",1e-04,50000,"0.05",TRUE,2.7363964642312e-05,-6.2096214483264e-05,0.26662480075083
"bivt",1e-04,50000,"0.1",TRUE,2.33853553393541e-05,-6.11689484227717e-05,0.26662480075083
"bivt",1e-04,50000,"0.01",TRUE,3.4150092712084e-05,-6.48341332726564e-05,0.26662480075083
"bivt",1e-04,50000,"0.05",TRUE,2.712787360092e-05,-6.45817645563182e-05,0.254794889294057
"bivt",1e-04,50000,"0.1",TRUE,2.3847539676204e-05,-6.36892844433738e-05,0.254794889294057
"bivt",1e-04,50000,"0.01",TRUE,3.39615307685011e-05,-6.6693917836073e-05,0.254794889294057
"bivt",1e-04,50000,"0.05",TRUE,2.7225110622881e-05,-6.69548288805189e-05,0.24261432298417
"bivt",1e-04,50000,"0.1",TRUE,2.32741219598785e-05,-6.59321397518149e-05,0.24261432298417
"bivt",1e-04,50000,"0.01",TRUE,3.09941781873678e-05,-6.85962707356312e-05,0.24261432298417
"bivt",1e-04,50000,"0.05",TRUE,2.97258066234244e-05,-5.67228453211515e-05,0.239499976182476
"bivt",1e-04,50000,"0.1",TRUE,2.61144160777314e-05,-5.60713871885158e-05,0.239499976182476
"bivt",1e-04,50000,"0.01",TRUE,3.62477852743086e-05,-5.81197606234135e-05,0.239499976182476
"bivt",1e-04,50000,"0.05",TRUE,7.17518047447516e-05,-6.4408774434193e-05,0.267556694860494
"bivt",1e-04,50000,"0.1",TRUE,6.74009795190661e-05,-6.31506265064601e-05,0.267556694860494
"bivt",1e-04,50000,"0.01",TRUE,7.82505534623384e-05,-6.5638805578818e-05,0.267556694860494
"bivt",1e-04,50000,"0.05",TRUE,5.9195218049722e-05,-5.85475006137605e-05,0.275954254449381
"bivt",1e-04,50000,"0.1",TRUE,5.63928803780531e-05,-5.71612743560201e-05,0.275954254449381
"bivt",1e-04,50000,"0.01",TRUE,6.41308104836475e-05,-6.02148643147492e-05,0.275954254449381
"bivt",1e-04,50000,"0.05",TRUE,6.32972016243903e-05,-2.12712616721662e-05,0.262850278334216
"bivt",1e-04,50000,"0.1",TRUE,6.02126632400934e-05,-1.98426638398619e-05,0.262850278334216
"bivt",1e-04,50000,"0.01",TRUE,7.15793476427821e-05,-2.49647242101744e-05,0.262850278334216
"bivt",1e-04,50000,"0.05",TRUE,3.35367795641522e-05,-7.70572519451743e-05,0.235869769143197
"bivt",1e-04,50000,"0.1",TRUE,2.96258899892754e-05,-7.63815722350118e-05,0.235869769143197
"bivt",1e-04,50000,"0.01",TRUE,4.28688501788702e-05,-7.80350773192778e-05,0.235869769143197
"bivt",1e-04,50000,"0.05",FALSE,2.74582141009332e-05,-3.40137952384078e-05,0.289427329735959
"bivt",1e-04,50000,"0.1",FALSE,2.46585619621397e-05,-3.22852428750448e-05,0.289427329735959
"bivt",1e-04,50000,"0.01",FALSE,3.27835177941623e-05,-3.64132771872459e-05,0.289427329735959
"bivt",1e-04,50000,"0.05",TRUE,4.99906903778942e-05,-3.3433636452944e-05,0.294236287913729
"bivt",1e-04,50000,"0.1",TRUE,4.76095604080705e-05,-3.28264473752371e-05,0.294236287913729
"bivt",1e-04,50000,"0.01",TRUE,5.46978083255781e-05,-3.53462534203434e-05,0.294236287913729
"bivt",1e-04,50000,"0.05",TRUE,3.52859033935427e-05,-3.78812067475468e-05,0.278207533031125
"bivt",1e-04,50000,"0.1",TRUE,3.40108272930218e-05,-3.69948538040958e-05,0.278207533031125
"bivt",1e-04,50000,"0.01",TRUE,3.94111034975961e-05,-4.07085394555347e-05,0.278207533031125
"bivt",1e-04,50000,"0.05",TRUE,7.92266683391621e-05,-5.25484409643775e-05,0.262696674090332
"bivt",1e-04,50000,"0.1",TRUE,7.51732333527905e-05,-5.19470471177792e-05,0.262696674090332
"bivt",1e-04,50000,"0.01",TRUE,8.286667365382e-05,-5.49387505558913e-05,0.262696674090332
"bivt",1e-04,50000,"0.05",TRUE,5.26802537711035e-05,-4.87198542930447e-05,0.24871369549297
"bivt",1e-04,50000,"0.1",TRUE,4.97196694494689e-05,-4.77084473202681e-05,0.24871369549297
"bivt",1e-04,50000,"0.01",TRUE,5.79321964204564e-05,-5.09805836637441e-05,0.24871369549297
"bivt",1e-04,50000,"0.05",TRUE,2.75379249648805e-05,-6.24088527774319e-05,0.268667510946894
"bivt",1e-04,50000,"0.1",TRUE,2.52563957513461e-05,-6.16284570027178e-05,0.268667510946894
"bivt",1e-04,50000,"0.01",TRUE,3.11685693554379e-05,-6.42208804735098e-05,0.268667510946894
"bivt",1e-04,50000,"0.05",TRUE,8.28644222602839e-05,-5.99102560930039e-05,0.283462597131006
"bivt",1e-04,50000,"0.1",TRUE,7.98865507335818e-05,-5.88544636246556e-05,0.283462597131006
"bivt",1e-04,50000,"0.01",TRUE,8.58829377383801e-05,-6.14120345546816e-05,0.283462597131006
"bivt",1e-04,50000,"0.05",TRUE,4.01412575243355e-05,-4.7179916432798e-05,0.267247611983219
"bivt",1e-04,50000,"0.1",TRUE,3.72418115666683e-05,-4.57258040462723e-05,0.267247611983219
"bivt",1e-04,50000,"0.01",TRUE,4.38952191207953e-05,-4.98283068027659e-05,0.267247611983219
"bivt",1e-04,50000,"0.05",TRUE,2.75871109434624e-05,-6.87304356373906e-05,0.254390007820732
"bivt",1e-04,50000,"0.1",TRUE,2.44209853994557e-05,-6.75816525107814e-05,0.254390007820732
"bivt",1e-04,50000,"0.01",TRUE,3.4751020419943e-05,-7.04496991357438e-05,0.254390007820732
"bivt",1e-04,50000,"0.05",TRUE,2.75153319830419e-05,-5.86691705358777e-05,0.25885092511869
"bivt",1e-04,50000,"0.1",TRUE,2.37960995597378e-05,-5.73923304404392e-05,0.25885092511869
"bivt",1e-04,50000,"0.01",TRUE,3.43084467177761e-05,-6.05767079066235e-05,0.25885092511869
"bivt",1e-04,50000,"0.05",TRUE,4.11016324785926e-05,-4.09657974048922e-05,0.259916030013243
"bivt",1e-04,50000,"0.1",TRUE,3.85008541866776e-05,-3.95311899269263e-05,0.259916030013243
"bivt",1e-04,50000,"0.01",TRUE,4.55502165485283e-05,-4.45151773386052e-05,0.259916030013243
"bivt",1e-04,50000,"0.05",TRUE,5.34173401649146e-05,-5.56721609867185e-05,0.247321685245651
"bivt",1e-04,50000,"0.1",TRUE,4.93743185574046e-05,-5.51440160919243e-05,0.247321685245651
"bivt",1e-04,50000,"0.01",TRUE,5.76037626188004e-05,-5.70771576899814e-05,0.247321685245651
"bivt",1e-04,50000,"0.05",TRUE,2.94512061598737e-05,-5.75354242364464e-05,0.267501492580577
"bivt",1e-04,50000,"0.1",TRUE,2.47857839810334e-05,-5.67977768437062e-05,0.267501492580577
"bivt",1e-04,50000,"0.01",TRUE,3.65435129987443e-05,-5.95932197513322e-05,0.267501492580577
"bivt",1e-04,50000,"0.05",TRUE,9.485285981806e-05,-4.51071197011329e-05,0.282638191622979
"bivt",1e-04,50000,"0.1",TRUE,9.2843548868707e-05,-4.38742046400311e-05,0.282638191622979
"bivt",1e-04,50000,"0.01",TRUE,0.000101609233975241,-4.67579286290781e-05,0.282638191622979
"bivt",1e-04,50000,"0.05",TRUE,5.20102139171719e-05,-7.5291101905305e-05,0.241361824875514
"bivt",1e-04,50000,"0.1",TRUE,4.84098956157009e-05,-7.43363494819189e-05,0.241361824875514
"bivt",1e-04,50000,"0.01",TRUE,5.36039789999429e-05,-7.6512296488742e-05,0.241361824875514
"bivt",1e-04,50000,"0.05",TRUE,2.6974081046433e-05,-5.99183757967931e-05,0.258943865125557
"bivt",1e-04,50000,"0.1",TRUE,2.39603241160821e-05,-5.88058431830695e-05,0.258943865125557
"bivt",1e-04,50000,"0.01",TRUE,3.261945668157e-05,-6.18482668047778e-05,0.258943865125557
"bivt",1e-04,50000,"0.05",TRUE,0.000119484623174549,-1.8104688909921e-05,0.295386659525846
"bivt",1e-04,50000,"0.1",TRUE,0.000114511254673377,-1.66310199460088e-05,0.295386659525846
"bivt",1e-04,50000,"0.01",TRUE,0.000125059925235155,-2.04237947590087e-05,0.295386659525846
"bivt",1e-04,50000,"0.05",TRUE,2.80591129289383e-05,-6.21047293723996e-05,0.249918006445999
"bivt",1e-04,50000,"0.1",TRUE,2.28834933807842e-05,-6.08404216257536e-05,0.249918006445999
"bivt",1e-04,50000,"0.01",TRUE,3.39464713688181e-05,-6.43338389641599e-05,0.249918006445999
"bivt",1e-04,50000,"0.05",TRUE,6.43448786133742e-05,-4.19877344180031e-05,0.259728506475751
"bivt",1e-04,50000,"0.1",TRUE,6.08276307425747e-05,-4.03657611811013e-05,0.259728506475751
"bivt",1e-04,50000,"0.01",TRUE,7.24733449606791e-05,-4.40275388114001e-05,0.259728506475751
"bivt",1e-04,50000,"0.05",TRUE,2.70044855352397e-05,-7.30454893093956e-05,0.2455555172075
"bivt",1e-04,50000,"0.1",TRUE,2.4511748538587e-05,-7.25427448509782e-05,0.2455555172075
"bivt",1e-04,50000,"0.01",TRUE,3.35677509962022e-05,-7.40925884891714e-05,0.2455555172075
"bivt",1e-04,50000,"0.05",TRUE,5.16984062635695e-05,-5.05804662521021e-05,0.257997366404291
"bivt",1e-04,50000,"0.1",TRUE,4.85212997954473e-05,-4.93753098569264e-05,0.257997366404291
"bivt",1e-04,50000,"0.01",TRUE,6.12558095249956e-05,-5.35014350841293e-05,0.257997366404291
"bivt",1e-04,50000,"0.05",TRUE,3.54148112585146e-05,-5.99224142365793e-05,0.275009944850726
"bivt",1e-04,50000,"0.1",TRUE,3.31223108108777e-05,-5.94273588253247e-05,0.275009944850726
"bivt",1e-04,50000,"0.01",TRUE,4.276126786105e-05,-6.10600677273923e-05,0.275009944850726
"bivt",1e-04,50000,"0.05",TRUE,5.45979682301335e-05,-4.52890251792526e-05,0.27459373634326
"bivt",1e-04,50000,"0.1",TRUE,5.09654799812802e-05,-4.46870150108775e-05,0.27459373634326
"bivt",1e-04,50000,"0.01",TRUE,6.17064892793521e-05,-4.67710972073854e-05,0.27459373634326
"bivt",1e-04,50000,"0.05",TRUE,2.62557388578312e-05,-5.9962989013798e-05,0.258734742881486
"bivt",1e-04,50000,"0.1",TRUE,2.28553769416762e-05,-5.8973478558473e-05,0.258734742881486
"bivt",1e-04,50000,"0.01",TRUE,3.01868471017028e-05,-6.18670642022005e-05,0.258734742881486
"bivt",1e-04,50000,"0.05",TRUE,2.41978112899623e-05,-6.62118329031318e-05,0.250878804557725
"bivt",1e-04,50000,"0.1",TRUE,2.20638793817839e-05,-6.50842757451016e-05,0.250878804557725
"bivt",1e-04,50000,"0.01",TRUE,3.1486710560265e-05,-6.75575968469977e-05,0.250878804557725
"bivt",1e-04,50000,"0.05",TRUE,2.38362027369041e-05,-6.21211837223328e-05,0.268273818671401
"bivt",1e-04,50000,"0.1",TRUE,2.08267796821187e-05,-6.17717964105122e-05,0.268273818671401
"bivt",1e-04,50000,"0.01",TRUE,2.92383372622919e-05,-6.40183341519492e-05,0.268273818671401
"bivt",1e-04,50000,"0.05",TRUE,7.89922246022222e-05,-4.29176589024575e-05,0.271015747240464
"bivt",1e-04,50000,"0.1",TRUE,7.71308309225663e-05,-4.18067935738371e-05,0.271015747240464
"bivt",1e-04,50000,"0.01",TRUE,8.78874193718886e-05,-4.60467818935893e-05,0.271015747240464
"bivt",1e-04,50000,"0.05",TRUE,3.27020195204684e-05,-3.43573957099223e-05,0.268946374586192
"bivt",1e-04,50000,"0.1",TRUE,2.91513555492697e-05,-3.25414258570112e-05,0.268946374586192
"bivt",1e-04,50000,"0.01",TRUE,3.97242808437268e-05,-3.68330806974442e-05,0.268946374586192
"bivt",1e-04,50000,"0.05",TRUE,3.87571721426863e-05,-6.2527289430029e-05,0.238775654911137
"bivt",1e-04,50000,"0.1",TRUE,3.44578465693635e-05,-6.14016560583048e-05,0.238775654911137
"bivt",1e-04,50000,"0.01",TRUE,4.82801435159199e-05,-6.38363501152099e-05,0.238775654911137
"bivt",1e-04,50000,"0.05",TRUE,6.99200170123435e-05,-3.36340885062256e-05,0.268080335436227
"bivt",1e-04,50000,"0.1",TRUE,6.8544725027442e-05,-3.19926786820333e-05,0.268080335436227
"bivt",1e-04,50000,"0.01",TRUE,8.05718150273717e-05,-3.63667541711257e-05,0.268080335436227
"bivt",1e-04,50000,"0.05",TRUE,7.32030781129611e-05,-4.39790135943652e-05,0.271614194935468
"bivt",1e-04,50000,"0.1",TRUE,7.13752410157623e-05,-4.25179256551777e-05,0.271614194935468
"bivt",1e-04,50000,"0.01",TRUE,8.21074890797124e-05,-4.5427331850036e-05,0.271614194935468
"bivt",1e-04,50000,"0.05",TRUE,3.1008940038835e-05,-4.36995017888648e-05,0.262287974811461
"bivt",1e-04,50000,"0.1",TRUE,2.97263792263257e-05,-4.27393809171742e-05,0.262287974811461
"bivt",1e-04,50000,"0.01",TRUE,3.85952977076022e-05,-4.68935826074618e-05,0.262287974811461
"bivt",1e-04,50000,"0.05",TRUE,2.64065313174083e-05,-6.73913805256172e-05,0.24908494283763
"bivt",1e-04,50000,"0.1",TRUE,2.31944342246698e-05,-6.69231853811502e-05,0.24908494283763
"bivt",1e-04,50000,"0.01",TRUE,3.05124657249885e-05,-6.87459447826944e-05,0.24908494283763
"bivt",1e-04,50000,"0.05",TRUE,9.84654649051039e-05,-3.8707471887373e-05,0.287100340437756
"bivt",1e-04,50000,"0.1",TRUE,9.56313999410791e-05,-3.78456568892849e-05,0.287100340437756
"bivt",1e-04,50000,"0.01",TRUE,0.000109664908302817,-4.14468984936264e-05,0.287100340437756
"bivt",1e-04,50000,"0.05",FALSE,2.40821300554568e-05,-5.66608835101925e-05,0.281604393345677
"bivt",1e-04,50000,"0.1",FALSE,2.07585199206669e-05,-5.59201921392905e-05,0.281604393345677
"bivt",1e-04,50000,"0.01",TRUE,3.0054191663813e-05,-5.84342440550995e-05,0.281604393345677
"bivt",1e-04,50000,"0.05",FALSE,4.04863341480731e-05,-3.93674841198766e-05,0.285037037652112
"bivt",1e-04,50000,"0.1",FALSE,3.89528424327387e-05,-3.79319256523013e-05,0.285037037652112
"bivt",1e-04,50000,"0.01",FALSE,4.59938753355388e-05,-4.12479276742448e-05,0.285037037652112
"bivt",1e-04,50000,"0.05",TRUE,7.76847198197916e-05,-5.92888689143381e-05,0.271634378021709
"bivt",1e-04,50000,"0.1",TRUE,7.46645636400338e-05,-5.81472398205726e-05,0.271634378021709
"bivt",1e-04,50000,"0.01",TRUE,8.54971294473723e-05,-6.11301146992547e-05,0.271634378021709
"bivt",1e-04,50000,"0.05",TRUE,2.79941192716842e-05,-7.14316194770402e-05,0.239414809282161
"bivt",1e-04,50000,"0.1",TRUE,2.47444491781588e-05,-7.03850336817629e-05,0.239414809282161
"bivt",1e-04,50000,"0.01",TRUE,3.57973137607621e-05,-7.25719485540888e-05,0.239414809282161
"bivt",1e-04,50000,"0.05",TRUE,2.62773538424294e-05,-7.35666444762077e-05,0.255621452335141
"bivt",1e-04,50000,"0.1",TRUE,2.2924394656021e-05,-7.30477156113124e-05,0.255621452335141
"bivt",1e-04,50000,"0.01",TRUE,3.36735348814833e-05,-7.42402876007103e-05,0.255621452335141
"bivt",1e-04,50000,"0.05",TRUE,2.94865770072935e-05,-7.18523332945758e-05,0.238078698099621
"bivt",1e-04,50000,"0.1",TRUE,2.67559667226655e-05,-7.13484155588962e-05,0.238078698099621
"bivt",1e-04,50000,"0.01",TRUE,3.57084384120657e-05,-7.30418525133386e-05,0.238078698099621
"bivt",1e-04,50000,"0.05",TRUE,3.82284410652955e-05,-4.27166367657019e-05,0.282305382753777
"bivt",1e-04,50000,"0.1",TRUE,3.57537427342689e-05,-4.1431233554364e-05,0.282305382753777
"bivt",1e-04,50000,"0.01",TRUE,4.4644111320364e-05,-4.43036584574236e-05,0.282305382753777
"bivt",1e-04,50000,"0.05",TRUE,3.955544840081e-05,-5.41290696150899e-05,0.273992468433542
"bivt",1e-04,50000,"0.1",TRUE,3.78680701030477e-05,-5.29348773777876e-05,0.273992468433542
"bivt",1e-04,50000,"0.01",TRUE,4.54422765135216e-05,-5.56527490946219e-05,0.273992468433542
"bivt",1e-04,50000,"0.05",TRUE,2.99561651678838e-05,-6.85559802414015e-05,0.238327088057931
"bivt",1e-04,50000,"0.1",TRUE,2.6088624183344e-05,-6.76120877387328e-05,0.238327088057931
"bivt",1e-04,50000,"0.01",TRUE,3.53040068347642e-05,-6.96489697247772e-05,0.238327088057931
"bivt",1e-04,50000,"0.05",TRUE,3.9139216142752e-05,-6.04974392573706e-05,0.270368080721135
"bivt",1e-04,50000,"0.1",TRUE,3.58262510006472e-05,-5.93323308106702e-05,0.270368080721135
"bivt",1e-04,50000,"0.01",TRUE,4.5365644820173e-05,-6.13725787241787e-05,0.270368080721135
"bivt",1e-04,50000,"0.05",TRUE,2.62154604191896e-05,-5.58394896211523e-05,0.26033856885779
"bivt",1e-04,50000,"0.1",TRUE,2.36877721975095e-05,-5.35715369693276e-05,0.26033856885779
"bivt",1e-04,50000,"0.01",TRUE,3.59096348135577e-05,-5.79334186250601e-05,0.26033856885779
"bivt",1e-04,50000,"0.05",TRUE,2.36166871785392e-05,-6.57767106741159e-05,0.251480821484304
"bivt",1e-04,50000,"0.1",TRUE,2.02536114268748e-05,-6.49415215328926e-05,0.251480821484304
"bivt",1e-04,50000,"0.01",TRUE,2.96151882985308e-05,-6.66394715694009e-05,0.251480821484304
"bivt",1e-04,50000,"0.05",TRUE,0.000130541517515897,-2.95318405357703e-05,0.280178344022128
"bivt",1e-04,50000,"0.1",TRUE,0.00012904880768087,-2.76164748388146e-05,0.280178344022128
"bivt",1e-04,50000,"0.01",TRUE,0.000136147266542403,-3.18741948340263e-05,0.280178344022128
"bivt",1e-04,50000,"0.05",TRUE,7.46674764934398e-05,-3.44127782829431e-05,0.301676038565785
"bivt",1e-04,50000,"0.1",TRUE,6.73755548182721e-05,-3.30342146372464e-05,0.301676038565785
"bivt",1e-04,50000,"0.01",TRUE,8.61282127931415e-05,-3.56454615700449e-05,0.301676038565785
"bivt",1e-04,50000,"0.05",TRUE,2.56325372040101e-05,-4.94952071462626e-05,0.256760616917963
"bivt",1e-04,50000,"0.1",TRUE,2.24872126611014e-05,-4.81619935685361e-05,0.256760616917963
"bivt",1e-04,50000,"0.01",TRUE,3.01986902030354e-05,-5.02422358040255e-05,0.256760616917963
"bivt",1e-04,50000,"0.05",FALSE,2.58529124671686e-05,-6.46849829445085e-05,0.281182387696265
"bivt",1e-04,50000,"0.1",FALSE,2.21076735353695e-05,-6.4251963007399e-05,0.281182387696265
"bivt",1e-04,50000,"0.01",FALSE,3.10000186959312e-05,-6.61629547540073e-05,0.281182387696265
"bivt",1e-04,50000,"0.05",TRUE,8.33702786252153e-05,-5.75762239964652e-05,0.273398765793316
"bivt",1e-04,50000,"0.1",TRUE,8.07057345834768e-05,-5.64932122544433e-05,0.273398765793316
"bivt",1e-04,50000,"0.01",TRUE,9.1511285894344e-05,-6.01513481011608e-05,0.273398765793316
"bivt",1e-04,50000,"0.05",TRUE,0.000169136222413009,-3.85560367278805e-05,0.288113866712332
"bivt",1e-04,50000,"0.1",TRUE,0.000165422859332047,-3.71468125394396e-05,0.288113866712332
"bivt",1e-04,50000,"0.01",TRUE,0.000177257561094593,-4.13505026936652e-05,0.288113866712332
"bivt",1e-04,50000,"0.05",TRUE,2.92437636370481e-05,-7.33097291366814e-05,0.247025214437643
"bivt",1e-04,50000,"0.1",TRUE,2.6509864255532e-05,-7.2889615154079e-05,0.247025214437643
"bivt",1e-04,50000,"0.01",TRUE,3.6496477863793e-05,-7.40035252711673e-05,0.247025214437643
"bivt",1e-04,50000,"0.05",TRUE,5.87735077467764e-05,-5.47419863274873e-05,0.255936149976212
"bivt",1e-04,50000,"0.1",TRUE,5.63197918453165e-05,-5.32496627902465e-05,0.255936149976212
"bivt",1e-04,50000,"0.01",TRUE,7.00975547948986e-05,-5.66818478963394e-05,0.255936149976212
"bivt",1e-04,50000,"0.05",TRUE,3.08619640195039e-05,-5.53363783036355e-05,0.257505875604984
"bivt",1e-04,50000,"0.1",TRUE,2.7531662152054e-05,-5.47826766223039e-05,0.257505875604984
"bivt",1e-04,50000,"0.01",TRUE,3.79135658031051e-05,-5.71884849712777e-05,0.257505875604984
"bivt",1e-04,50000,"0.05",TRUE,4.61149621790129e-05,-4.20600074882779e-05,0.284910458525472
"bivt",1e-04,50000,"0.1",FALSE,4.22951429278359e-05,-4.14170442521595e-05,0.284910458525472
"bivt",1e-04,50000,"0.01",TRUE,5.07980938678119e-05,-4.3205300586224e-05,0.284910458525472
"bivt",1e-04,50000,"0.05",TRUE,4.23542906489944e-05,-4.83902280231352e-05,0.264203421468905
"bivt",1e-04,50000,"0.1",TRUE,3.90001959183897e-05,-4.69096958381276e-05,0.264203421468905
"bivt",1e-04,50000,"0.01",TRUE,4.91552825821248e-05,-4.98445545929594e-05,0.264203421468905
"bivt",1e-04,50000,"0.05",TRUE,2.88269482667491e-05,-6.79449195713018e-05,0.26105878014397
"bivt",1e-04,50000,"0.1",TRUE,2.66968125790426e-05,-6.74448378997972e-05,0.26105878014397
"bivt",1e-04,50000,"0.01",TRUE,3.70592233268094e-05,-6.87943141930201e-05,0.26105878014397
"bivt",1e-04,50000,"0.05",TRUE,8.90772367513415e-05,-4.20700790344709e-05,0.272396830389803
"bivt",1e-04,50000,"0.1",TRUE,8.46305274526282e-05,-4.14166027164927e-05,0.272396830389803
"bivt",1e-04,50000,"0.01",TRUE,9.58109477720447e-05,-4.42623846478314e-05,0.272396830389803
"bivt",1e-04,50000,"0.05",TRUE,0.000125167293411453,-3.5726972398117e-05,0.28932125300659
"bivt",1e-04,50000,"0.1",TRUE,0.000119727097683873,-3.5354647394606e-05,0.28932125300659
"bivt",1e-04,50000,"0.01",TRUE,0.000137481378931616,-3.70480056292021e-05,0.28932125300659
"bivt",1e-04,50000,"0.05",TRUE,2.82469954462441e-05,-6.68919050572374e-05,0.259034199863009
"bivt",1e-04,50000,"0.1",TRUE,2.46869585224569e-05,-6.57200040591656e-05,0.259034199863009
"bivt",1e-04,50000,"0.01",TRUE,3.46047755399124e-05,-6.83775520033432e-05,0.259034199863009
"bivt",1e-04,50000,"0.05",TRUE,6.69976391665531e-05,-5.90733729181858e-05,0.270730735983636
"bivt",1e-04,50000,"0.1",TRUE,6.12189772203842e-05,-5.85998693619838e-05,0.270730735983636
"bivt",1e-04,50000,"0.01",TRUE,7.22603913127361e-05,-6.05817750536827e-05,0.270730735983636
"bivt",1e-04,50000,"0.05",TRUE,2.53123684774953e-05,-6.20219218185233e-05,0.263946581759706
"bivt",1e-04,50000,"0.1",TRUE,2.26654468673844e-05,-6.1334948005258e-05,0.263946581759706
"bivt",1e-04,50000,"0.01",TRUE,3.15912810376505e-05,-6.3626480516125e-05,0.263946581759706
"bivt",1e-04,50000,"0.05",TRUE,4.72099088878086e-05,-6.64160010555583e-05,0.266729653225915
"bivt",1e-04,50000,"0.1",TRUE,4.19375936230088e-05,-6.5937110067292e-05,0.266729653225915
"bivt",1e-04,50000,"0.01",TRUE,5.1869624699175e-05,-6.77683795161752e-05,0.266729653225915
"bivt",1e-04,50000,"0.05",TRUE,0.000120486407914802,-4.20602286526759e-05,0.282226902948559
"bivt",1e-04,50000,"0.1",TRUE,0.000113471138435921,-4.08756183063791e-05,0.282226902948559
"bivt",1e-04,50000,"0.01",TRUE,0.000138985904342119,-4.33816971753532e-05,0.282226902948559
"bivt",1e-04,50000,"0.05",TRUE,3.35088955612794e-05,-8.02084893242201e-05,0.238557173541491
"bivt",1e-04,50000,"0.1",TRUE,3.00134496982354e-05,-7.94591399289827e-05,0.238557173541491
"bivt",1e-04,50000,"0.01",TRUE,4.06235312235684e-05,-8.15982154947516e-05,0.238557173541491
"bivt",1e-04,50000,"0.05",TRUE,8.53318910466945e-05,-2.56130437951307e-05,0.273852352750239
"bivt",1e-04,50000,"0.1",TRUE,8.22351219157287e-05,-2.38401833250229e-05,0.273852352750239
"bivt",1e-04,50000,"0.01",TRUE,9.37800479450203e-05,-3.02378015291287e-05,0.273852352750239
"bivt",1e-04,50000,"0.05",TRUE,3.03135515311793e-05,-6.76232376369059e-05,0.254969853579063
"bivt",1e-04,50000,"0.1",TRUE,2.61680607513652e-05,-6.7159923807422e-05,0.254969853579063
"bivt",1e-04,50000,"0.01",TRUE,3.87476187753246e-05,-6.92119789868835e-05,0.254969853579063
"bivt",1e-04,50000,"0.05",TRUE,2.54235049158836e-05,-6.45351929853487e-05,0.274003267615535
"bivt",1e-04,50000,"0.1",TRUE,2.23331289520779e-05,-6.39982351136791e-05,0.274003267615535
"bivt",1e-04,50000,"0.01",TRUE,3.10163744748065e-05,-6.67007308457279e-05,0.274003267615535
"bivt",1e-04,50000,"0.05",TRUE,3.42235715776928e-05,-4.22334203387695e-05,0.280349600269127
"bivt",1e-04,50000,"0.1",TRUE,3.19447348955243e-05,-4.15885574985262e-05,0.280349600269127
"bivt",1e-04,50000,"0.01",TRUE,4.06071493111169e-05,-4.44903197198498e-05,0.280349600269127
"bivt",1e-04,50000,"0.05",TRUE,4.62412832512467e-05,-6.849962388657e-05,0.265907234032353
"bivt",1e-04,50000,"0.1",TRUE,4.46092685757952e-05,-6.78983864043463e-05,0.265907234032353
"bivt",1e-04,50000,"0.01",TRUE,4.99037217023317e-05,-7.03544109334604e-05,0.265907234032353
"bivt",1e-04,50000,"0.05",TRUE,2.87936513926509e-05,-7.33695452699167e-05,0.231776331604858
"bivt",1e-04,50000,"0.1",TRUE,2.45850944950111e-05,-7.24297836021786e-05,0.231776331604858
"bivt",1e-04,50000,"0.01",TRUE,3.78523622541979e-05,-7.47115807665477e-05,0.231776331604858
"bivt",1e-04,50000,"0.05",TRUE,2.81237754179438e-05,-5.35366113313146e-05,0.266638897022447
"bivt",1e-04,50000,"0.1",TRUE,2.42236165284983e-05,-5.26888948924394e-05,0.266638897022447
"bivt",1e-04,50000,"0.01",TRUE,3.4833372979503e-05,-5.55450268026265e-05,0.266638897022447
"bivt",1e-04,50000,"0.05",TRUE,0.000223136207677398,-1.76340470482028e-05,0.284046834640816
"bivt",1e-04,50000,"0.1",TRUE,0.000219597658474802,-1.64956629830613e-05,0.284046834640816
"bivt",1e-04,50000,"0.01",TRUE,0.000235718509276907,-2.03191455647368e-05,0.284046834640816
"bivt",1e-04,50000,"0.05",TRUE,0.000122211386256728,-4.22788489635152e-05,0.277736488029186
"bivt",1e-04,50000,"0.1",TRUE,0.000117189271435696,-4.12237335403127e-05,0.277736488029186
"bivt",1e-04,50000,"0.01",TRUE,0.000133008383163419,-4.40616473620703e-05,0.277736488029186
"bivt",1e-04,50000,"0.05",TRUE,5.50945486841594e-05,-4.03177380581856e-05,0.255892938345935
"bivt",1e-04,50000,"0.1",TRUE,4.95415232498782e-05,-3.91694223046233e-05,0.255892938345935
"bivt",1e-04,50000,"0.01",TRUE,5.92650401265535e-05,-4.30166540004223e-05,0.255892938345935
"bivt",1e-04,50000,"0.05",TRUE,2.86253020010083e-05,-7.14152899768729e-05,0.256182903591764
"bivt",1e-04,50000,"0.1",TRUE,2.44341800512449e-05,-7.082154466701e-05,0.256182903591764
"bivt",1e-04,50000,"0.01",TRUE,3.32387555101586e-05,-7.27349364295532e-05,0.256182903591764
"bivt",1e-04,50000,"0.05",TRUE,6.80188029625457e-05,-4.3322551140289e-05,0.261989660101926
"bivt",1e-04,50000,"0.1",TRUE,6.55056134208233e-05,-4.23797730534203e-05,0.261989660101926
"bivt",1e-04,50000,"0.01",TRUE,7.26334060889903e-05,-4.44787435454228e-05,0.261989660101926
"bivt",1e-04,50000,"0.05",TRUE,2.48155852757524e-05,-5.33396910339105e-05,0.264547409725177
"bivt",1e-04,50000,"0.1",TRUE,2.18549380144906e-05,-5.21738383624011e-05,0.264547409725177
"bivt",1e-04,50000,"0.01",TRUE,3.06727422737954e-05,-5.45294928392125e-05,0.264547409725177
"bivt",1e-04,50000,"0.05",TRUE,5.30302868041802e-05,-6.06505171263898e-05,0.252369853404651
"bivt",1e-04,50000,"0.1",TRUE,5.10819579201927e-05,-6.0088489418709e-05,0.252369853404651
"bivt",1e-04,50000,"0.01",TRUE,5.95697963755765e-05,-6.19779881433298e-05,0.252369853404651
"bivt",1e-04,50000,"0.05",TRUE,3.28780358977868e-05,-6.43391204486828e-05,0.236533334805557
"bivt",1e-04,50000,"0.1",TRUE,2.81567396307091e-05,-6.33110988046969e-05,0.236533334805557
"bivt",1e-04,50000,"0.01",TRUE,4.01484020620209e-05,-6.63825908601787e-05,0.236533334805557
"bivt",1e-04,50000,"0.05",TRUE,2.48055289673106e-05,-5.42918088973261e-05,0.263009996555257
"bivt",1e-04,50000,"0.1",TRUE,2.14894394592514e-05,-5.35676648866585e-05,0.263009996555257
"bivt",1e-04,50000,"0.01",TRUE,2.94332066490649e-05,-5.59928508155736e-05,0.263009996555257
"bivt",1e-04,50000,"0.05",FALSE,2.90985520269502e-05,-6.91907314022108e-05,0.275400513282803
"bivt",1e-04,50000,"0.1",FALSE,2.56634225611857e-05,-6.88036697184855e-05,0.275400513282803
"bivt",1e-04,50000,"0.01",FALSE,3.58114175594322e-05,-7.08716889670723e-05,0.275400513282803
"bivt",1e-04,50000,"0.05",TRUE,2.7169655802759e-05,-6.79144041911436e-05,0.25422839104397
"bivt",1e-04,50000,"0.1",TRUE,2.43979446585244e-05,-6.73707230491958e-05,0.25422839104397
"bivt",1e-04,50000,"0.01",TRUE,3.25560170692056e-05,-6.94334602260547e-05,0.25422839104397
"bivt",1e-04,50000,"0.05",TRUE,2.93259586326279e-05,-7.51615919813088e-05,0.261762691730859
"bivt",1e-04,50000,"0.1",TRUE,2.696151488584e-05,-7.4858233542848e-05,0.261762691730859
"bivt",1e-04,50000,"0.01",TRUE,3.39787381602297e-05,-7.63525925423607e-05,0.261762691730859
"bivt",1e-04,50000,"0.05",TRUE,8.95367736916114e-05,-3.28938877916917e-05,0.27929283619086
"bivt",1e-04,50000,"0.1",TRUE,8.62410776945736e-05,-3.08698972292787e-05,0.27929283619086
"bivt",1e-04,50000,"0.01",TRUE,0.000102796979733073,-3.57767154092279e-05,0.27929283619086
"bivt",1e-04,50000,"0.05",TRUE,2.56115959450039e-05,-6.64050121369177e-05,0.257319947653753
"bivt",1e-04,50000,"0.1",TRUE,2.25078428735871e-05,-6.57767811877324e-05,0.257319947653753
"bivt",1e-04,50000,"0.01",TRUE,3.28840124631918e-05,-6.87402266580286e-05,0.257319947653753
"bivt",1e-04,50000,"0.05",TRUE,2.90978374572654e-05,-6.61942967461785e-05,0.254733839436658
"bivt",1e-04,50000,"0.1",TRUE,2.61402797827994e-05,-6.46641637252636e-05,0.254733839436658
"bivt",1e-04,50000,"0.01",TRUE,3.65530677261049e-05,-6.71984685707939e-05,0.254733839436658
"bivt",1e-04,50000,"0.05",TRUE,4.27122733275209e-05,-4.6504258488318e-05,0.265052727469226
"bivt",1e-04,50000,"0.1",TRUE,3.76914201293026e-05,-4.60494248316849e-05,0.265052727469226
"bivt",1e-04,50000,"0.01",TRUE,4.93516930816547e-05,-4.88861887845972e-05,0.265052727469226
"bivt",1e-04,50000,"0.05",TRUE,0.000149119763600825,-3.71120762508384e-05,0.270151898396203
"bivt",1e-04,50000,"0.1",TRUE,0.000142621315062936,-3.57022911473469e-05,0.270151898396203
"bivt",1e-04,50000,"0.01",TRUE,0.000160318034326713,-4.13363891340346e-05,0.270151898396203
"bivt",1e-04,50000,"0.05",TRUE,2.61448320522246e-05,-5.81285928921508e-05,0.258293424230509
"bivt",1e-04,50000,"0.1",TRUE,2.31621654517507e-05,-5.73323461384528e-05,0.258293424230509
"bivt",1e-04,50000,"0.01",TRUE,3.19824516717887e-05,-5.97305315052476e-05,0.258293424230509
"bivt",1e-04,50000,"0.05",TRUE,0.000116355576879784,-6.22009452134393e-05,0.257389909700883
"bivt",1e-04,50000,"0.1",TRUE,0.000115375902733317,-6.12992273212674e-05,0.257389909700883
"bivt",1e-04,50000,"0.01",TRUE,0.000125170939751876,-6.34296626026594e-05,0.257389909700883
"bivt",1e-04,50000,"0.05",TRUE,2.66646474691499e-05,-6.98861348599224e-05,0.251565719778248
"bivt",1e-04,50000,"0.1",TRUE,2.22756177627739e-05,-6.972126607389e-05,0.251565719778248
"bivt",1e-04,50000,"0.01",TRUE,3.36642803821622e-05,-7.11145190234767e-05,0.251565719778248
"bivt",1e-04,50000,"0.05",TRUE,2.7989105358973e-05,-7.18296584820286e-05,0.258168877443644
"bivt",1e-04,50000,"0.1",TRUE,2.37992405610523e-05,-7.13852199735077e-05,0.258168877443644
"bivt",1e-04,50000,"0.01",TRUE,3.23939871543869e-05,-7.33392080489619e-05,0.258168877443644
"bivt",1e-04,50000,"0.05",TRUE,2.49496226339317e-05,-5.3734078818114e-05,0.27255835850661
"bivt",1e-04,50000,"0.1",TRUE,2.21902842240837e-05,-5.31136638540972e-05,0.27255835850661
"bivt",1e-04,50000,"0.01",TRUE,3.22838800542907e-05,-5.62851093220243e-05,0.27255835850661
"bivt",1e-04,50000,"0.05",TRUE,4.47755030184066e-05,-5.42119064887578e-05,0.282992199089612
"bivt",1e-04,50000,"0.1",TRUE,4.30216140113721e-05,-5.28006807592141e-05,0.282992199089612
"bivt",1e-04,50000,"0.01",TRUE,5.08928186019471e-05,-5.63933420816857e-05,0.282992199089612
"bivt",1e-04,50000,"0.05",TRUE,3.0207596753307e-05,-5.35780320279153e-05,0.255313474688194
"bivt",1e-04,50000,"0.1",TRUE,2.65231884885685e-05,-5.27551435657735e-05,0.255313474688194
"bivt",1e-04,50000,"0.01",TRUE,3.59196966926102e-05,-5.56953747905606e-05,0.255313474688194
"bivt",1e-04,50000,"0.05",TRUE,2.52033684583123e-05,-5.61092697155927e-05,0.263539042061461
"bivt",1e-04,50000,"0.1",TRUE,2.16449463756082e-05,-5.46887981113091e-05,0.263539042061461
"bivt",1e-04,50000,"0.01",TRUE,3.21811856673586e-05,-5.76058631201724e-05,0.263539042061461
"bivt",1e-04,50000,"0.05",TRUE,2.89052473769723e-05,-6.11630600390791e-05,0.260075997347499
"bivt",1e-04,50000,"0.1",TRUE,2.5124475831002e-05,-6.00932883154225e-05,0.260075997347499
"bivt",1e-04,50000,"0.01",TRUE,3.8374731767381e-05,-6.23210630277697e-05,0.260075997347499
"bivt",1e-04,50000,"0.05",TRUE,2.93573952099922e-05,-8.05995210169324e-05,0.228531617559811
"bivt",1e-04,50000,"0.1",TRUE,2.63463832549537e-05,-8.02195752733797e-05,0.228531617559811
"bivt",1e-04,50000,"0.01",TRUE,3.78932906551509e-05,-8.1465954517013e-05,0.228531617559811
"bivt",1e-04,50000,"0.05",TRUE,3.18165645485913e-05,-6.49988847430602e-05,0.261960060854917
"bivt",1e-04,50000,"0.1",TRUE,2.91555622048298e-05,-6.46216891047159e-05,0.261960060854917
"bivt",1e-04,50000,"0.01",TRUE,3.52896821495216e-05,-6.63831328673348e-05,0.261960060854917
"bivt",1e-04,50000,"0.05",TRUE,2.70640383610895e-05,-6.16256419203365e-05,0.238050493501595
"bivt",1e-04,50000,"0.1",TRUE,2.35976975474959e-05,-6.08979836813828e-05,0.238050493501595
"bivt",1e-04,50000,"0.01",TRUE,3.4434039358149e-05,-6.2988704305812e-05,0.238050493501595
"bivt",1e-04,50000,"0.05",TRUE,4.82903222841277e-05,-5.8706122211145e-05,0.240549749961575
"bivt",1e-04,50000,"0.1",TRUE,4.25371348044346e-05,-5.80095358749086e-05,0.240549749961575
"bivt",1e-04,50000,"0.01",TRUE,5.09694322021217e-05,-5.97001886058713e-05,0.240549749961575
"bivt",1e-04,50000,"0.05",TRUE,3.98673352441172e-05,-5.58893495133721e-05,0.258974125273575
"bivt",1e-04,50000,"0.1",TRUE,3.81202903761766e-05,-5.41240726904173e-05,0.258974125273575
"bivt",1e-04,50000,"0.01",TRUE,4.56807303136718e-05,-5.695627167836e-05,0.258974125273575
"bivt",1e-04,50000,"0.05",TRUE,2.47683028237718e-05,-6.25604422154587e-05,0.264963852706443
"bivt",1e-04,50000,"0.1",TRUE,2.1772083708649e-05,-6.22029856610758e-05,0.264963852706443
"bivt",1e-04,50000,"0.01",TRUE,3.01201938325379e-05,-6.38202831472803e-05,0.264963852706443
"bivt",1e-04,50000,"0.05",TRUE,2.94348781597758e-05,-6.89374386508679e-05,0.245289955592393
"bivt",1e-04,50000,"0.1",TRUE,2.63029407761748e-05,-6.87792045593202e-05,0.245289955592393
"bivt",1e-04,50000,"0.01",TRUE,3.55649697848828e-05,-7.00838583830225e-05,0.245289955592393
"bivt",1e-04,50000,"0.05",TRUE,2.4755837592117e-05,-6.17550220277465e-05,0.237914774803523
"bivt",1e-04,50000,"0.1",TRUE,2.19492942028994e-05,-6.10990019249487e-05,0.237914774803523
"bivt",1e-04,50000,"0.01",TRUE,3.07378529516175e-05,-6.28689029611844e-05,0.237914774803523
"bivt",1e-04,50000,"0.05",TRUE,3.54719930165051e-05,-7.27766850615388e-05,0.249279516781078
"bivt",1e-04,50000,"0.1",TRUE,3.30307061591988e-05,-7.17270582734209e-05,0.249279516781078
"bivt",1e-04,50000,"0.01",TRUE,4.0248477384315e-05,-7.35078796903226e-05,0.249279516781078
"bivt",1e-04,50000,"0.05",TRUE,5.56780694864859e-05,-3.98120964709468e-05,0.24578333113104
"bivt",1e-04,50000,"0.1",TRUE,5.37168713086536e-05,-3.77960490721907e-05,0.24578333113104
"bivt",1e-04,50000,"0.01",TRUE,6.23109436587738e-05,-4.21237092470257e-05,0.24578333113104
"bivt",1e-04,50000,"0.05",TRUE,2.59085478045528e-05,-6.09253386175079e-05,0.264542430255367
"bivt",1e-04,50000,"0.1",TRUE,2.37004848848904e-05,-5.9956806592474e-05,0.264542430255367
"bivt",1e-04,50000,"0.01",TRUE,3.29968519242539e-05,-6.25089313901937e-05,0.264542430255367
"bivt",1e-04,50000,"0.05",TRUE,7.43455837789133e-05,-4.1796841411744e-05,0.263512828639379
"bivt",1e-04,50000,"0.1",TRUE,6.97609958970703e-05,-3.96088511956979e-05,0.263512828639379
"bivt",1e-04,50000,"0.01",TRUE,7.93903084642506e-05,-4.33643374321184e-05,0.263512828639379
"bivt",1e-04,50000,"0.05",TRUE,7.52584179144985e-05,-4.85753965534834e-05,0.270182374914506
"bivt",1e-04,50000,"0.1",TRUE,7.18756423870543e-05,-4.7893276715271e-05,0.270182374914506
"bivt",1e-04,50000,"0.01",TRUE,8.01101359920372e-05,-4.94397215943518e-05,0.270182374914506
"bivt",1e-04,50000,"0.05",TRUE,8.05380203378846e-05,-4.05312547543942e-05,0.271669874887128
"bivt",1e-04,50000,"0.1",TRUE,7.84955874483945e-05,-3.99146192239789e-05,0.271669874887128
"bivt",1e-04,50000,"0.01",TRUE,8.77068873736497e-05,-4.19694670382224e-05,0.271669874887128
"bivt",1e-04,50000,"0.05",TRUE,2.67089735945907e-05,-6.74906892426569e-05,0.241361257507548
"bivt",1e-04,50000,"0.1",TRUE,2.36332027614905e-05,-6.63814459901949e-05,0.241361257507548
"bivt",1e-04,50000,"0.01",TRUE,3.43524707040916e-05,-6.87935439666046e-05,0.241361257507548
"bivt",1e-04,50000,"0.05",TRUE,6.56810956660942e-05,-4.17881072893028e-05,0.27599827452013
"bivt",1e-04,50000,"0.1",TRUE,6.41246502959843e-05,-4.02768223234316e-05,0.27599827452013
"bivt",1e-04,50000,"0.01",TRUE,7.77685430332163e-05,-4.32351235943188e-05,0.27599827452013
"bivt",1e-04,50000,"0.05",TRUE,3.25010848133531e-05,-5.84628597213415e-05,0.235677014399344
"bivt",1e-04,50000,"0.1",TRUE,2.87926957708931e-05,-5.72668832446561e-05,0.235677014399344
"bivt",1e-04,50000,"0.01",TRUE,4.00950663860014e-05,-6.14813661300552e-05,0.235677014399344
"bivt",1e-04,50000,"0.05",TRUE,2.75641805893354e-05,-6.18576695604201e-05,0.264420735679954
"bivt",1e-04,50000,"0.1",TRUE,2.35834610582155e-05,-6.1145007911808e-05,0.264420735679954
"bivt",1e-04,50000,"0.01",TRUE,3.44830793690734e-05,-6.30727640053013e-05,0.264420735679954
"bivt",1e-04,50000,"0.05",TRUE,2.74009967890267e-05,-5.53828805880809e-05,0.272848804003753
"bivt",1e-04,50000,"0.1",TRUE,2.34533650670018e-05,-5.44932205719852e-05,0.272848804003753
"bivt",1e-04,50000,"0.01",TRUE,3.26050484000216e-05,-5.69504170954456e-05,0.272848804003753
"bivt",1e-04,50000,"0.05",TRUE,3.43748388150455e-05,-5.49457074346982e-05,0.25699005450779
"bivt",1e-04,50000,"0.1",TRUE,2.81646844967391e-05,-5.45191050222064e-05,0.25699005450779
"bivt",1e-04,50000,"0.01",TRUE,3.9962204633277e-05,-5.74319332169624e-05,0.25699005450779
"bivt",1e-04,50000,"0.05",TRUE,0.00017066788772921,-5.01627136306373e-05,0.273172902473517
"bivt",1e-04,50000,"0.1",TRUE,0.000166413334014182,-4.84388505435309e-05,0.273172902473517
"bivt",1e-04,50000,"0.01",TRUE,0.000180147489878975,-5.15603045559049e-05,0.273172902473517
"bivt",1e-04,50000,"0.05",TRUE,7.43412052433514e-05,-5.40260895719829e-05,0.257540201572378
"bivt",1e-04,50000,"0.1",TRUE,6.69156680601169e-05,-5.27749629203282e-05,0.257540201572378
"bivt",1e-04,50000,"0.01",TRUE,8.07901277557278e-05,-5.57470615863827e-05,0.257540201572378
"bivt",1e-04,50000,"0.05",TRUE,6.65385052361561e-05,-4.34989056685575e-05,0.297559977127586
"bivt",1e-04,50000,"0.1",TRUE,6.07614444208366e-05,-4.28139577777738e-05,0.297559977127586
"bivt",1e-04,50000,"0.01",TRUE,7.29745365737344e-05,-4.54062778425496e-05,0.297559977127586
"bivt",1e-04,50000,"0.05",TRUE,0.000171664046784099,-4.47247096079713e-05,0.270598718720695
"bivt",1e-04,50000,"0.1",TRUE,0.000169710099521386,-4.40213370792177e-05,0.270598718720695
"bivt",1e-04,50000,"0.01",TRUE,0.00017760841138973,-4.74901714911422e-05,0.270598718720695
"bivt",1e-04,50000,"0.05",TRUE,2.59739393517779e-05,-6.18740584828642e-05,0.267706915349615
"bivt",1e-04,50000,"0.1",TRUE,2.27932091206907e-05,-6.08854130411403e-05,0.267706915349615
"bivt",1e-04,50000,"0.01",TRUE,3.20032048185777e-05,-6.37627246832762e-05,0.267706915349615
"bivt",1e-04,50000,"0.05",TRUE,3.06307504875476e-05,-6.42825605163462e-05,0.246849387038691
"bivt",1e-04,50000,"0.1",TRUE,2.74773244383669e-05,-6.38730694530608e-05,0.246849387038691
"bivt",1e-04,50000,"0.01",TRUE,3.70885313441542e-05,-6.62980637893737e-05,0.246849387038691
"bivt",1e-04,50000,"0.05",TRUE,4.22236130921941e-05,-4.39037470001372e-05,0.268691261486282
"bivt",1e-04,50000,"0.1",TRUE,3.99313917343898e-05,-4.28119721635979e-05,0.268691261486282
"bivt",1e-04,50000,"0.01",TRUE,4.35200466018859e-05,-4.61823876760604e-05,0.268691261486282
"bivt",1e-04,50000,"0.05",TRUE,3.24379810898359e-05,-6.07311986632029e-05,0.255081219582446
"bivt",1e-04,50000,"0.1",TRUE,3.09420375947493e-05,-5.98903438210161e-05,0.255081219582446
"bivt",1e-04,50000,"0.01",TRUE,4.07961734932057e-05,-6.18597621937174e-05,0.255081219582446
"bivt",1e-04,50000,"0.05",TRUE,2.69993921186768e-05,-6.31442720669242e-05,0.245512664924962
"bivt",1e-04,50000,"0.1",TRUE,2.37239655479396e-05,-6.26422575129279e-05,0.245512664924962
"bivt",1e-04,50000,"0.01",TRUE,3.45061357627629e-05,-6.4717813759456e-05,0.245512664924962
"bivt",1e-04,50000,"0.05",TRUE,2.56206697621616e-05,-7.46207016221557e-05,0.272261587080565
"bivt",1e-04,50000,"0.1",TRUE,2.23699724385776e-05,-7.37788462346891e-05,0.272261587080565
"bivt",1e-04,50000,"0.01",TRUE,3.40134872393681e-05,-7.55270759875663e-05,0.272261587080565
"bivt",1e-04,50000,"0.05",TRUE,0.00015559093804567,-2.46961702909923e-05,0.281966046487469
"bivt",1e-04,50000,"0.1",TRUE,0.000149401867565986,-2.35395492546312e-05,0.281966046487469
"bivt",1e-04,50000,"0.01",TRUE,0.000163617063863452,-2.91253949855036e-05,0.281966046487469
"bivt",1e-04,50000,"0.05",TRUE,3.06661564344143e-05,-6.60238284909393e-05,0.250658514969503
"bivt",1e-04,50000,"0.1",TRUE,2.69108742731142e-05,-6.41660360638378e-05,0.250658514969503
"bivt",1e-04,50000,"0.01",TRUE,3.65729540343412e-05,-6.68018308608993e-05,0.250658514969503
"bivt",1e-04,50000,"0.05",TRUE,9.76927448741734e-05,-4.55971388927853e-05,0.278387396039444
"bivt",1e-04,50000,"0.1",TRUE,9.02213168059641e-05,-4.50265850968508e-05,0.278387396039444
"bivt",1e-04,50000,"0.01",TRUE,0.000108099958597564,-4.81365537462811e-05,0.278387396039444
"bivt",1e-04,50000,"0.05",TRUE,2.75494836721108e-05,-5.32803362673265e-05,0.270099801012704
"bivt",1e-04,50000,"0.1",TRUE,2.42086280744545e-05,-5.20057034718231e-05,0.270099801012704
"bivt",1e-04,50000,"0.01",TRUE,3.39962889103333e-05,-5.45583376499572e-05,0.270099801012704
"bivt",1e-04,50000,"0.05",TRUE,8.00911927760015e-05,-6.77188658217658e-05,0.236065404541822
"bivt",1e-04,50000,"0.1",TRUE,7.573885034917e-05,-6.62754009331248e-05,0.236065404541822
"bivt",1e-04,50000,"0.01",TRUE,8.64748663141097e-05,-6.90375418631184e-05,0.236065404541822
"bivt",1e-04,50000,"0.05",TRUE,2.60421318996348e-05,-6.17723113398383e-05,0.250485358108904
"bivt",1e-04,50000,"0.1",TRUE,2.32638622047278e-05,-6.09797672534689e-05,0.250485358108904
"bivt",1e-04,50000,"0.01",TRUE,3.22163213000606e-05,-6.38439513514833e-05,0.250485358108904
"bivt",1e-04,50000,"0.05",TRUE,2.68099085437696e-05,-5.39020357813309e-05,0.26883328115419
"bivt",1e-04,50000,"0.1",TRUE,2.27209144303832e-05,-5.25046893651956e-05,0.26883328115419
"bivt",1e-04,50000,"0.01",TRUE,3.08789030726917e-05,-5.550356346592e-05,0.26883328115419
"bivt",1e-04,50000,"0.05",TRUE,3.03341347018438e-05,-7.55437557558852e-05,0.253611905546207
"bivt",1e-04,50000,"0.1",TRUE,2.52590263686106e-05,-7.4646678794348e-05,0.253611905546207
"bivt",1e-04,50000,"0.01",TRUE,3.7490337264895e-05,-7.734750246444e-05,0.253611905546207
"bivt",1e-04,50000,"0.05",TRUE,0.000101584222979323,-6.47231944621554e-05,0.261818660249323
"bivt",1e-04,50000,"0.1",TRUE,9.85278996567685e-05,-6.36244960150551e-05,0.261818660249323
"bivt",1e-04,50000,"0.01",TRUE,0.000109292079810768,-6.60221685257842e-05,0.261818660249323
"bivt",1e-04,50000,"0.05",TRUE,2.83593904388725e-05,-6.02579403458853e-05,0.25123953677425
"bivt",1e-04,50000,"0.1",TRUE,2.5660529590164e-05,-5.98404529198043e-05,0.25123953677425
"bivt",1e-04,50000,"0.01",TRUE,3.44064745489583e-05,-6.17355143946282e-05,0.25123953677425
"bivt",1e-04,50000,"0.05",TRUE,5.26461854244029e-05,-6.38586559939582e-05,0.271077349320115
"bivt",1e-04,50000,"0.1",TRUE,5.06636950225157e-05,-6.32434841811188e-05,0.271077349320115
"bivt",1e-04,50000,"0.01",TRUE,5.57206904846256e-05,-6.46561113187294e-05,0.271077349320115
"bivt",1e-04,50000,"0.05",TRUE,6.76421097289234e-05,-4.91594229415031e-05,0.2582204271574
"bivt",1e-04,50000,"0.1",TRUE,6.47553050085923e-05,-4.82817054754304e-05,0.2582204271574
"bivt",1e-04,50000,"0.01",TRUE,7.59635591591266e-05,-5.33067296337015e-05,0.2582204271574
"bivt",1e-04,50000,"0.05",TRUE,2.70853445533018e-05,-7.01828580687711e-05,0.232651257165094
"bivt",1e-04,50000,"0.1",TRUE,2.32637413634165e-05,-6.92926535672759e-05,0.232651257165094
"bivt",1e-04,50000,"0.01",TRUE,3.6720315841321e-05,-7.14795739385392e-05,0.232651257165094
"bivt",1e-04,50000,"0.05",TRUE,6.83701067775547e-05,-5.22656199675658e-05,0.257647213048999
"bivt",1e-04,50000,"0.1",TRUE,6.44136212392092e-05,-5.13555335077015e-05,0.257647213048999
"bivt",1e-04,50000,"0.01",TRUE,7.93198389147977e-05,-5.31827720390737e-05,0.257647213048999
"bivt",1e-04,50000,"0.05",TRUE,6.18109491758879e-05,-4.67921668423776e-05,0.282133675738779
"bivt",1e-04,50000,"0.1",TRUE,5.92207593801067e-05,-4.55232628475511e-05,0.282133675738779
"bivt",1e-04,50000,"0.01",TRUE,7.28447193347394e-05,-4.88615142392139e-05,0.282133675738779
"bivt",1e-04,50000,"0.05",TRUE,2.91578439476443e-05,-6.50259275442142e-05,0.247975116046536
"bivt",1e-04,50000,"0.1",TRUE,2.55795678228743e-05,-6.39898340930383e-05,0.247975116046536
"bivt",1e-04,50000,"0.01",TRUE,3.55390885848556e-05,-6.68083376239167e-05,0.247975116046536
"bivt",1e-04,50000,"0.05",TRUE,2.88719869420782e-05,-6.58778476473427e-05,0.23800318509865
"bivt",1e-04,50000,"0.1",TRUE,2.43430805564462e-05,-6.48426766551349e-05,0.23800318509865
"bivt",1e-04,50000,"0.01",TRUE,3.6808673342021e-05,-6.72489984673818e-05,0.23800318509865
"bivt",1e-04,50000,"0.05",TRUE,2.5486046138812e-05,-6.17008856953536e-05,0.26909265363758
"bivt",1e-04,50000,"0.1",TRUE,2.19966899186838e-05,-6.09108549888769e-05,0.26909265363758
"bivt",1e-04,50000,"0.01",TRUE,3.19452956385377e-05,-6.37861524893353e-05,0.26909265363758
"bivt",1e-04,50000,"0.05",TRUE,2.84084254860525e-05,-5.93970419370501e-05,0.251022816063267
"bivt",1e-04,50000,"0.1",TRUE,2.5601841274298e-05,-5.87335746484447e-05,0.251022816063267
"bivt",1e-04,50000,"0.01",TRUE,3.45424377931416e-05,-6.11654506127309e-05,0.251022816063267
"bivt",1e-04,50000,"0.05",TRUE,2.62076810763357e-05,-6.02178939923574e-05,0.274311663547465
"bivt",1e-04,50000,"0.1",TRUE,2.23598868185087e-05,-5.87989243882556e-05,0.274311663547465
"bivt",1e-04,50000,"0.01",TRUE,3.21465467279832e-05,-6.14274136900946e-05,0.274311663547465
"bivt",1e-04,50000,"0.05",TRUE,9.87871644745696e-05,-4.76046773006054e-05,0.268784948466919
"bivt",1e-04,50000,"0.1",TRUE,9.40587277357004e-05,-4.663886235771e-05,0.268784948466919
"bivt",1e-04,50000,"0.01",TRUE,0.000106672451806987,-4.92701318872916e-05,0.268784948466919
"bivt",1e-04,50000,"0.05",TRUE,9.84884964541189e-05,-2.39819258562328e-05,0.270247142055177
"bivt",1e-04,50000,"0.1",TRUE,9.50302189448126e-05,-2.21142043404491e-05,0.270247142055177
"bivt",1e-04,50000,"0.01",TRUE,0.000110369433437109,-2.53380060166758e-05,0.270247142055177
"bivt",1e-04,50000,"0.05",TRUE,3.0165193901736e-05,-5.36266523695046e-05,0.237472856326247
"bivt",1e-04,50000,"0.1",TRUE,2.51688814435608e-05,-5.30472042168686e-05,0.237472856326247
"bivt",1e-04,50000,"0.01",TRUE,3.53003488969421e-05,-5.59549114779535e-05,0.237472856326247
"bivt",1e-04,50000,"0.05",TRUE,2.51183843095982e-05,-5.85524752906767e-05,0.267442603570192
"bivt",1e-04,50000,"0.1",TRUE,2.11544276598723e-05,-5.70093783380584e-05,0.267442603570192
"bivt",1e-04,50000,"0.01",TRUE,3.01484576763221e-05,-5.99226371399445e-05,0.267442603570192
"bivt",1e-04,50000,"0.05",TRUE,3.06811796440957e-05,-6.89081445178837e-05,0.246250596999503
"bivt",1e-04,50000,"0.1",TRUE,2.72946515483881e-05,-6.8230461983492e-05,0.246250596999503
"bivt",1e-04,50000,"0.01",TRUE,3.58982477989069e-05,-7.00489366826735e-05,0.246250596999503
"bivt",1e-04,50000,"0.05",TRUE,2.96892066921203e-05,-7.00990187939756e-05,0.26074093942488
"bivt",1e-04,50000,"0.1",TRUE,2.57047671420661e-05,-6.95356370768658e-05,0.26074093942488
"bivt",1e-04,50000,"0.01",TRUE,3.82356356938648e-05,-7.15389926010535e-05,0.26074093942488
"bivt",1e-04,50000,"0.05",TRUE,6.70725205102784e-05,-3.89759140108292e-05,0.255769270500032
"bivt",1e-04,50000,"0.1",TRUE,6.4164727872027e-05,-3.79272854170551e-05,0.255769270500032
"bivt",1e-04,50000,"0.01",TRUE,7.41963887427301e-05,-4.08164777522603e-05,0.255769270500032
"bivt",1e-04,50000,"0.05",TRUE,5.93712141877728e-05,-6.01530673923714e-05,0.28337809999544
"bivt",1e-04,50000,"0.1",TRUE,5.6199867558682e-05,-5.9434659295509e-05,0.28337809999544
"bivt",1e-04,50000,"0.01",TRUE,6.22351982516982e-05,-6.24976875380284e-05,0.28337809999544
"bivt",1e-04,50000,"0.05",TRUE,0.000126531983685173,-6.01576315720762e-05,0.248855336720447
"bivt",1e-04,50000,"0.1",TRUE,0.000122129129709971,-5.9588554541957e-05,0.248855336720447
"bivt",1e-04,50000,"0.01",TRUE,0.000135734202350731,-6.11931407046001e-05,0.248855336720447
"bivt",1e-04,50000,"0.05",TRUE,5.24963257495451e-05,-5.24701203485021e-05,0.264059308983217
"bivt",1e-04,50000,"0.1",TRUE,4.88157163823685e-05,-5.08547812191045e-05,0.264059308983217
"bivt",1e-04,50000,"0.01",TRUE,5.89453986673267e-05,-5.42768426272931e-05,0.264059308983217
"bivt",1e-04,50000,"0.05",TRUE,4.36117763752634e-05,-4.22871423787102e-05,0.28068645352495
"bivt",1e-04,50000,"0.1",TRUE,4.15485215433341e-05,-4.05469293663383e-05,0.28068645352495
"bivt",1e-04,50000,"0.01",TRUE,5.10903564220108e-05,-4.33052416607005e-05,0.28068645352495
"bivt",1e-04,50000,"0.05",TRUE,8.70213451887322e-05,-4.64091076056578e-05,0.260965488864153
"bivt",1e-04,50000,"0.1",TRUE,8.32509230628878e-05,-4.56977161270221e-05,0.260965488864153
"bivt",1e-04,50000,"0.01",TRUE,9.37507368201208e-05,-4.84320947072771e-05,0.260965488864153
"bivt",1e-04,50000,"0.05",TRUE,4.27148903452817e-05,-5.41315283868508e-05,0.28798737079022
"bivt",1e-04,50000,"0.1",TRUE,3.99747578808767e-05,-5.34640097523571e-05,0.28798737079022
"bivt",1e-04,50000,"0.01",TRUE,4.81148157655372e-05,-5.57616835869929e-05,0.28798737079022
"bivt",1e-04,50000,"0.05",TRUE,2.60201993415683e-05,-5.65927558311358e-05,0.257134374275735
"bivt",1e-04,50000,"0.1",TRUE,2.23886799139533e-05,-5.56858591378027e-05,0.257134374275735
"bivt",1e-04,50000,"0.01",TRUE,3.39612065793762e-05,-5.88502988344113e-05,0.257134374275735
"bivt",1e-04,50000,"0.05",TRUE,3.3145192999952e-05,-4.78241788587474e-05,0.255779410843841
"bivt",1e-04,50000,"0.1",TRUE,3.09231545597091e-05,-4.6347568156275e-05,0.255779410843841
"bivt",1e-04,50000,"0.01",TRUE,3.65410048825346e-05,-5.02960249110572e-05,0.255779410843841
"bivt",1e-04,50000,"0.05",TRUE,2.56972757971004e-05,-4.28644254214647e-05,0.272355232691607
"bivt",1e-04,50000,"0.1",TRUE,2.1823946281951e-05,-4.13643472939141e-05,0.272355232691607
"bivt",1e-04,50000,"0.01",TRUE,2.96356537406504e-05,-4.59603259097534e-05,0.272355232691607
"bivt",1e-04,50000,"0.05",TRUE,8.07852343179296e-05,-6.5369635563428e-05,0.248964964338598
"bivt",1e-04,50000,"0.1",TRUE,7.88858028168891e-05,-6.42679979884367e-05,0.248964964338598
"bivt",1e-04,50000,"0.01",TRUE,8.85475159042695e-05,-6.78465654671194e-05,0.248964964338598
"bivt",1e-04,50000,"0.05",TRUE,3.33146863101309e-05,-7.92290184559117e-05,0.236748758034071
"bivt",1e-04,50000,"0.1",TRUE,3.05609366843424e-05,-7.85963217941533e-05,0.236748758034071
"bivt",1e-04,50000,"0.01",TRUE,4.01743220787716e-05,-8.00761765052146e-05,0.236748758034071
"bivt",1e-04,50000,"0.05",FALSE,3.10668736588743e-05,-4.46504622560765e-05,0.28680702087072
"bivt",1e-04,50000,"0.1",FALSE,2.78678543563502e-05,-4.35698480526346e-05,0.28680702087072
"bivt",1e-04,50000,"0.01",FALSE,3.70163269172323e-05,-4.69795497994022e-05,0.28680702087072
"bivt",1e-04,50000,"0.05",TRUE,0.000105867478105151,-2.30298473110262e-05,0.298366212484263
"bivt",1e-04,50000,"0.1",TRUE,0.000102212066821513,-2.20278353364343e-05,0.298366212484263
"bivt",1e-04,50000,"0.01",TRUE,0.000111256987146643,-2.54408935248501e-05,0.298366212484263
"bivt",1e-04,50000,"0.05",TRUE,2.6645348231663e-05,-5.56617674610832e-05,0.239982431162678
"bivt",1e-04,50000,"0.1",TRUE,2.30185752197891e-05,-5.47315553602204e-05,0.239982431162678
"bivt",1e-04,50000,"0.01",TRUE,3.2407159800325e-05,-5.74423905822462e-05,0.239982431162678
"bivt",1e-04,50000,"0.05",TRUE,2.65232879781699e-05,-6.02381777078941e-05,0.256992864366547
"bivt",1e-04,50000,"0.1",TRUE,2.52107176006925e-05,-5.94164350228173e-05,0.256992864366547
"bivt",1e-04,50000,"0.01",TRUE,3.49167686804881e-05,-6.18333258209906e-05,0.256992864366547
"bivt",1e-04,50000,"0.05",TRUE,4.53988788399211e-05,-6.6417458627902e-05,0.241603047767703
"bivt",1e-04,50000,"0.1",TRUE,4.29818503343712e-05,-6.57510334375933e-05,0.241603047767703
"bivt",1e-04,50000,"0.01",TRUE,5.11183838395384e-05,-6.82906892075062e-05,0.241603047767703
"bivt",1e-04,50000,"0.05",TRUE,4.38658695429168e-05,-6.38075217741688e-05,0.249791450084506
"bivt",1e-04,50000,"0.1",TRUE,3.69382553387368e-05,-6.32595135395543e-05,0.249791450084506
"bivt",1e-04,50000,"0.01",TRUE,5.12304828575016e-05,-6.57212964082066e-05,0.249791450084506
"bivt",1e-04,50000,"0.05",TRUE,8.77691142756868e-05,-4.80296601041494e-05,0.263763787378478
"bivt",1e-04,50000,"0.1",TRUE,8.28411337081545e-05,-4.72544775937299e-05,0.263763787378478
"bivt",1e-04,50000,"0.01",TRUE,9.23477532732401e-05,-5.02324077432986e-05,0.263763787378478
"bivt",1e-04,50000,"0.05",TRUE,5.34189559202584e-05,-6.99594113771425e-05,0.249043224276742
"bivt",1e-04,50000,"0.1",TRUE,4.94544757772632e-05,-6.92616465551098e-05,0.249043224276742
"bivt",1e-04,50000,"0.01",TRUE,5.89846854245001e-05,-7.14613966323784e-05,0.249043224276742
"bivt",1e-04,50000,"0.05",TRUE,0.000187690938071779,-4.08279962757529e-05,0.274775195375767
"bivt",1e-04,50000,"0.1",TRUE,0.000178561972146457,-3.88529967026485e-05,0.274775195375767
"bivt",1e-04,50000,"0.01",TRUE,0.000201633200576188,-4.24818620473025e-05,0.274775195375767
"bivt",1e-04,50000,"0.05",TRUE,2.82297542245154e-05,-4.60407934883412e-05,0.252741453060495
"bivt",1e-04,50000,"0.1",TRUE,2.54257676496916e-05,-4.52873456264855e-05,0.252741453060495
"bivt",1e-04,50000,"0.01",TRUE,3.26942707965132e-05,-4.81789557572927e-05,0.252741453060495
"bivt",1e-04,50000,"0.05",FALSE,4.44610152572212e-05,-4.54280953624426e-05,0.283619545392746
"bivt",1e-04,50000,"0.1",FALSE,4.28286806274307e-05,-4.46492332214124e-05,0.283619545392746
"bivt",1e-04,50000,"0.01",FALSE,4.81524017055007e-05,-4.76076372953131e-05,0.283619545392746
"bivt",1e-04,50000,"0.05",TRUE,3.69805737839248e-05,-5.70869907144645e-05,0.251212292896207
"bivt",1e-04,50000,"0.1",TRUE,3.51039885096609e-05,-5.55494263278078e-05,0.251212292896207
"bivt",1e-04,50000,"0.01",TRUE,4.0263574215181e-05,-5.85645398156034e-05,0.251212292896207
"bivt",1e-04,50000,"0.05",TRUE,6.14229243060097e-05,-5.25799282094182e-05,0.265489234195831
"bivt",1e-04,50000,"0.1",TRUE,5.83633172006886e-05,-5.16806026783964e-05,0.265489234195831
"bivt",1e-04,50000,"0.01",TRUE,6.90117913438846e-05,-5.48285218581937e-05,0.265489234195831
"bivt",1e-04,50000,"0.05",TRUE,3.04955825527743e-05,-4.93784486454616e-05,0.271822691479921
"bivt",1e-04,50000,"0.1",TRUE,2.80818441262573e-05,-4.77609147199988e-05,0.271822691479921
"bivt",1e-04,50000,"0.01",TRUE,3.63429767708876e-05,-5.04617849821906e-05,0.271822691479921
"bivt",1e-04,50000,"0.05",TRUE,6.42989331413578e-05,-3.6729363524549e-05,0.288567813521153
"bivt",1e-04,50000,"0.1",TRUE,6.24319138536968e-05,-3.57724062564047e-05,0.288567813521153
"bivt",1e-04,50000,"0.01",TRUE,6.96193863786408e-05,-3.81180514220843e-05,0.288567813521153
"bivt",1e-04,50000,"0.05",TRUE,7.42847852099485e-05,-3.3521204899054e-05,0.280548189853502
"bivt",1e-04,50000,"0.1",TRUE,7.21143033504343e-05,-3.16450000860618e-05,0.280548189853502
"bivt",1e-04,50000,"0.01",TRUE,7.8648756380256e-05,-3.59566633685856e-05,0.280548189853502
"bivt",1e-04,50000,"0.05",TRUE,6.91641344956098e-05,-5.4300163007666e-05,0.274614303349827
"bivt",1e-04,50000,"0.1",TRUE,6.48913053313431e-05,-5.31647082916312e-05,0.274614303349827
"bivt",1e-04,50000,"0.01",TRUE,7.85035525607464e-05,-5.62987463341854e-05,0.274614303349827
"bivt",1e-04,50000,"0.05",TRUE,0.000134441375364991,-4.73794564306592e-05,0.280754804690665
"bivt",1e-04,50000,"0.1",TRUE,0.000126812332066907,-4.65762357266355e-05,0.280754804690665
"bivt",1e-04,50000,"0.01",TRUE,0.000143696511634639,-4.92652425727225e-05,0.280754804690665
"bivt",1e-04,50000,"0.05",TRUE,2.58567750778572e-05,-6.12587322236989e-05,0.277099834100568
"bivt",1e-04,50000,"0.1",FALSE,2.12046793516037e-05,-6.06139707618058e-05,0.277099834100568
"bivt",1e-04,50000,"0.01",TRUE,3.07520121121372e-05,-6.32110256268801e-05,0.277099834100568
"bivt",1e-04,50000,"0.05",TRUE,5.53768224149069e-05,-5.40791239927012e-05,0.260141480917086
"bivt",1e-04,50000,"0.1",TRUE,5.07031154450851e-05,-5.33922192002367e-05,0.260141480917086
"bivt",1e-04,50000,"0.01",TRUE,6.01688966140919e-05,-5.52272044425813e-05,0.260141480917086
"bivt",1e-04,50000,"0.05",TRUE,0.000130941195738338,-1.77455571201287e-05,0.294727932789443
"bivt",1e-04,50000,"0.1",TRUE,0.000127729511099932,-1.64807439769188e-05,0.294727932789443
"bivt",1e-04,50000,"0.01",TRUE,0.000140369631227832,-2.14036985603396e-05,0.294727932789443
"bivt",1e-04,50000,"0.05",TRUE,6.37805368462953e-05,-3.96078327619686e-05,0.26808756048025
"bivt",1e-04,50000,"0.1",TRUE,5.9042646099023e-05,-3.93181568164339e-05,0.26808756048025
"bivt",1e-04,50000,"0.01",TRUE,7.01753937046542e-05,-4.17748244082568e-05,0.26808756048025
"bivt",1e-04,50000,"0.05",TRUE,2.49334655723715e-05,-6.74700186561845e-05,0.265236417154462
"bivt",1e-04,50000,"0.1",TRUE,2.24767138121449e-05,-6.67463784388671e-05,0.265236417154462
"bivt",1e-04,50000,"0.01",TRUE,3.2825712550042e-05,-6.93325106455444e-05,0.265236417154462
"bivt",1e-04,50000,"0.05",TRUE,5.61524510810232e-05,-3.36050801158618e-05,0.269652207827711
"bivt",1e-04,50000,"0.1",TRUE,5.50225095801794e-05,-3.21974693058723e-05,0.269652207827711
"bivt",1e-04,50000,"0.01",TRUE,6.28393289889528e-05,-3.5552142110429e-05,0.269652207827711
"bivt",1e-04,50000,"0.05",TRUE,4.2171756126455e-05,-5.74942715012057e-05,0.261861410382199
"bivt",1e-04,50000,"0.1",TRUE,3.819011053641e-05,-5.65037860937353e-05,0.261861410382199
"bivt",1e-04,50000,"0.01",TRUE,4.76661679723513e-05,-5.83033681877534e-05,0.261861410382199
"bivt",1e-04,50000,"0.05",TRUE,0.000152006742998244,-1.74027887326591e-05,0.31526457426929
"bivt",1e-04,50000,"0.1",TRUE,0.000143168423013767,-1.57608478064646e-05,0.31526457426929
"bivt",1e-04,50000,"0.01",TRUE,0.000162319539484446,-2.03205876706642e-05,0.31526457426929
"bivt",1e-04,50000,"0.05",TRUE,7.88753841674927e-05,-4.2068362872729e-05,0.2609866331601
"bivt",1e-04,50000,"0.1",TRUE,7.73365220511335e-05,-4.09997030000054e-05,0.2609866331601
"bivt",1e-04,50000,"0.01",TRUE,8.39248811534911e-05,-4.37528741980526e-05,0.2609866331601
"bivt",1e-04,50000,"0.05",TRUE,4.00162442712081e-05,-5.56479703777338e-05,0.25774251979246
"bivt",1e-04,50000,"0.1",TRUE,3.88498533989696e-05,-5.49140401363917e-05,0.25774251979246
"bivt",1e-04,50000,"0.01",TRUE,4.37853711774659e-05,-5.70429659314351e-05,0.25774251979246
"bivt",1e-04,50000,"0.05",TRUE,9.50060685664923e-05,-3.30143725928375e-05,0.269969027633019
"bivt",1e-04,50000,"0.1",TRUE,8.80210199700825e-05,-3.14565142598341e-05,0.269969027633019
"bivt",1e-04,50000,"0.01",TRUE,0.000109305294177262,-3.51923876693986e-05,0.269969027633019
"bivt",1e-04,50000,"0.05",TRUE,2.69499812994688e-05,-6.38067771931371e-05,0.254596300155643
"bivt",1e-04,50000,"0.1",TRUE,2.40335026492913e-05,-6.31637717133638e-05,0.254596300155643
"bivt",1e-04,50000,"0.01",TRUE,3.49047536113445e-05,-6.48977366595553e-05,0.254596300155643
"bivt",1e-04,50000,"0.05",TRUE,2.73394346399024e-05,-6.2975388762292e-05,0.264352617570732
"bivt",1e-04,50000,"0.1",TRUE,2.35329139837099e-05,-6.22987591985261e-05,0.264352617570732
"bivt",1e-04,50000,"0.01",TRUE,3.46199993279034e-05,-6.4460302046655e-05,0.264352617570732
"bivt",1e-04,50000,"0.05",TRUE,0.000120397434697274,-3.33787494043074e-05,0.27763108985947
"bivt",1e-04,50000,"0.1",TRUE,0.00011477826608006,-3.22389589411285e-05,0.27763108985947
"bivt",1e-04,50000,"0.01",TRUE,0.000129681053279279,-3.50779289250117e-05,0.27763108985947
"bivt",1e-04,50000,"0.05",TRUE,3.78026147867527e-05,-5.0891981977666e-05,0.259500022380132
"bivt",1e-04,50000,"0.1",TRUE,3.46439336041298e-05,-4.93449798864518e-05,0.259500022380132
"bivt",1e-04,50000,"0.01",TRUE,4.3010331969131e-05,-5.36097045949655e-05,0.259500022380132
"bivt",1e-04,50000,"0.05",TRUE,2.82982768369791e-05,-6.02750089246055e-05,0.253987451786618
"bivt",1e-04,50000,"0.1",TRUE,2.62874855315303e-05,-5.99891100246837e-05,0.253987451786618
"bivt",1e-04,50000,"0.01",TRUE,3.51195442590523e-05,-6.15618009999257e-05,0.253987451786618
"bivt",1e-04,50000,"0.05",TRUE,2.97664764601097e-05,-6.13325467581594e-05,0.244500641893843
"bivt",1e-04,50000,"0.1",TRUE,2.5586926610458e-05,-6.01468440638688e-05,0.244500641893843
"bivt",1e-04,50000,"0.01",TRUE,3.57404480004066e-05,-6.22645584824493e-05,0.244500641893843
"bivt",1e-04,50000,"0.05",TRUE,2.57271220633639e-05,-5.41704556983357e-05,0.239107653423313
"bivt",1e-04,50000,"0.1",TRUE,2.37867341890219e-05,-5.30070888982677e-05,0.239107653423313
"bivt",1e-04,50000,"0.01",TRUE,3.30157876938214e-05,-5.58749724549689e-05,0.239107653423313
"bivt",1e-04,50000,"0.05",TRUE,3.1104067678106e-05,-6.55042066325165e-05,0.248857192937435
"bivt",1e-04,50000,"0.1",TRUE,2.81918967804956e-05,-6.49355742329667e-05,0.248857192937435
"bivt",1e-04,50000,"0.01",TRUE,3.98213679833838e-05,-6.72138004771068e-05,0.248857192937435
"bivt",1e-04,50000,"0.05",TRUE,2.64562268514048e-05,-5.94601814551545e-05,0.26063923865869
"bivt",1e-04,50000,"0.1",TRUE,2.35590465059541e-05,-5.77983714457442e-05,0.26063923865869
"bivt",1e-04,50000,"0.01",TRUE,3.16717213741078e-05,-6.09005676548e-05,0.26063923865869
"bivt",1e-04,50000,"0.05",TRUE,3.87673728433887e-05,-4.82318758107933e-05,0.279352112317199
"bivt",1e-04,50000,"0.1",TRUE,3.64167380105448e-05,-4.7189750152426e-05,0.279352112317199
"bivt",1e-04,50000,"0.01",TRUE,4.67156512244782e-05,-4.9439012785474e-05,0.279352112317199
"bivt",1e-04,50000,"0.05",TRUE,3.12005116546116e-05,-6.47001150765354e-05,0.282531029837626
"bivt",1e-04,50000,"0.1",FALSE,2.76513889174015e-05,-6.36027366328477e-05,0.282531029837626
"bivt",1e-04,50000,"0.01",TRUE,3.49495747448469e-05,-6.56677889872074e-05,0.282531029837626
"bivt",1e-04,50000,"0.05",TRUE,6.1815945560518e-05,-4.99459356375221e-05,0.25769297430941
"bivt",1e-04,50000,"0.1",TRUE,5.84934490489928e-05,-4.74706399824884e-05,0.25769297430941
"bivt",1e-04,50000,"0.01",TRUE,6.92933832584464e-05,-5.16656070302884e-05,0.25769297430941
"bivt",1e-04,50000,"0.05",TRUE,0.000124552329822266,-3.51700489343019e-05,0.295164067662921
"bivt",1e-04,50000,"0.1",TRUE,0.0001220123677567,-3.45024493868698e-05,0.295164067662921
"bivt",1e-04,50000,"0.01",TRUE,0.000130644056022998,-3.74860436787702e-05,0.295164067662921
"bivt",1e-04,50000,"0.05",TRUE,0.000105821713646961,-1.73544709940448e-05,0.274592339950057
"bivt",1e-04,50000,"0.1",TRUE,0.000103763740421923,-1.6164719534287e-05,0.274592339950057
"bivt",1e-04,50000,"0.01",TRUE,0.000114117200318175,-2.15639882920851e-05,0.274592339950057
"bivt",1e-04,50000,"0.05",TRUE,2.53015688762131e-05,-5.78275182384225e-05,0.255022332029852
"bivt",1e-04,50000,"0.1",TRUE,2.23949433574916e-05,-5.70251259205056e-05,0.255022332029852
"bivt",1e-04,50000,"0.01",TRUE,3.19715180973273e-05,-6.00032008784887e-05,0.255022332029852
"bivt",1e-04,50000,"0.05",TRUE,8.67552232718285e-05,-2.33126273966777e-05,0.262614733165959
"bivt",1e-04,50000,"0.1",TRUE,8.20546051443066e-05,-2.19957531805589e-05,0.262614733165959
"bivt",1e-04,50000,"0.01",TRUE,9.51721793778064e-05,-2.6392371356761e-05,0.262614733165959
"bivt",1e-04,50000,"0.05",TRUE,3.11421525816311e-05,-7.6188579558718e-05,0.231143101737639
"bivt",1e-04,50000,"0.1",TRUE,2.68648392428225e-05,-7.56243813189605e-05,0.231143101737639
"bivt",1e-04,50000,"0.01",TRUE,4.20920362946443e-05,-7.76944392339589e-05,0.231143101737639
"bivt",1e-04,50000,"0.05",TRUE,0.000218342160012176,-3.87100496929026e-05,0.290442321269809
"bivt",1e-04,50000,"0.1",TRUE,0.000212758014199255,-3.74159422586683e-05,0.290442321269809
"bivt",1e-04,50000,"0.01",TRUE,0.000233183446760358,-4.14725075448464e-05,0.290442321269809
"bivt",1e-04,50000,"0.05",TRUE,5.14711805680018e-05,-3.84512235965979e-05,0.272677670292116
"bivt",1e-04,50000,"0.1",TRUE,4.75814495218737e-05,-3.72009300479095e-05,0.272677670292116
"bivt",1e-04,50000,"0.01",TRUE,5.60933781018313e-05,-4.09344738461219e-05,0.272677670292116
"bivt",1e-04,50000,"0.05",TRUE,0.000193627720055045,-1.61088855649796e-05,0.309842420905208
"bivt",1e-04,50000,"0.1",TRUE,0.000189326424478001,-1.47329012367781e-05,0.309842420905208
"bivt",1e-04,50000,"0.01",TRUE,0.000200013062558989,-1.89081801789984e-05,0.309842420905208
"bivt",1e-04,50000,"0.05",TRUE,7.67897636709744e-05,-6.47857606833072e-05,0.275190387798129
"bivt",1e-04,50000,"0.1",TRUE,7.48465311068472e-05,-6.34874747532625e-05,0.275190387798129
"bivt",1e-04,50000,"0.01",TRUE,8.33481802255808e-05,-6.63642666814105e-05,0.275190387798129
"bivt",1e-04,50000,"0.05",TRUE,8.79567990653996e-05,-3.87595723149718e-05,0.289795207951944
"bivt",1e-04,50000,"0.1",TRUE,8.41250369828918e-05,-3.72446081169105e-05,0.289795207951944
"bivt",1e-04,50000,"0.01",TRUE,9.63786832246753e-05,-4.07694426365399e-05,0.289795207951944
"bivt",1e-04,50000,"0.05",TRUE,5.36066822181589e-05,-4.85689820349976e-05,0.26425020872719
"bivt",1e-04,50000,"0.1",TRUE,4.97078801799278e-05,-4.70502599170008e-05,0.26425020872719
"bivt",1e-04,50000,"0.01",TRUE,5.72332170430641e-05,-4.9889042767817e-05,0.26425020872719
"bivt",1e-04,50000,"0.05",TRUE,2.94650753382569e-05,-7.64907593919e-05,0.260751351114749
"bivt",1e-04,50000,"0.1",TRUE,2.60588963819669e-05,-7.59596356393725e-05,0.260751351114749
"bivt",1e-04,50000,"0.01",TRUE,3.74019451916983e-05,-7.71183954222031e-05,0.260751351114749
"bivt",1e-04,50000,"0.05",TRUE,2.98776025523073e-05,-7.95477167507781e-05,0.215404019324045
"bivt",1e-04,50000,"0.1",TRUE,2.56092805287742e-05,-7.92351152676291e-05,0.215404019324045
"bivt",1e-04,50000,"0.01",TRUE,3.7059451826641e-05,-8.05547201388184e-05,0.215404019324045
"bivt",1e-04,50000,"0.05",TRUE,2.43471031984568e-05,-5.26605408603205e-05,0.274455487107814
"bivt",1e-04,50000,"0.1",TRUE,2.02374939442463e-05,-5.16841607763842e-05,0.274455487107814
"bivt",1e-04,50000,"0.01",TRUE,2.74321297424835e-05,-5.47221744823003e-05,0.274455487107814
"bivt",1e-04,50000,"0.05",TRUE,3.11494862276663e-05,-4.71606217776818e-05,0.246289097040651
"bivt",1e-04,50000,"0.1",TRUE,2.7053872031003e-05,-4.57539433436645e-05,0.246289097040651
"bivt",1e-04,50000,"0.01",TRUE,3.78932194845501e-05,-4.85467044843048e-05,0.246289097040651
"bivt",1e-04,50000,"0.05",TRUE,5.81591389045507e-05,-5.83519963954919e-05,0.256423247615589
"bivt",1e-04,50000,"0.1",TRUE,5.44448887295716e-05,-5.78785735296678e-05,0.256423247615589
"bivt",1e-04,50000,"0.01",TRUE,6.77645347520295e-05,-6.06207892774174e-05,0.256423247615589
"bivt",1e-04,50000,"0.05",TRUE,0.000253672245497179,-1.83493076159912e-05,0.297916581983517
"bivt",1e-04,50000,"0.1",TRUE,0.000243850435480677,-1.69962439964235e-05,0.297916581983517
"bivt",1e-04,50000,"0.01",TRUE,0.00026876402071032,-2.02773217970634e-05,0.297916581983517
"bivt",1e-04,50000,"0.05",TRUE,3.7346210429348e-05,-5.04492764611757e-05,0.255745405554114
"bivt",1e-04,50000,"0.1",TRUE,3.18409490512485e-05,-4.94362703696296e-05,0.255745405554114
"bivt",1e-04,50000,"0.01",TRUE,4.36838773111964e-05,-5.35104620775032e-05,0.255745405554114
"bivt",1e-04,50000,"0.05",TRUE,2.49386815828254e-05,-6.46291013973147e-05,0.255120717320954
"bivt",1e-04,50000,"0.1",TRUE,2.16658560995603e-05,-6.4185474571446e-05,0.255120717320954
"bivt",1e-04,50000,"0.01",TRUE,2.94964441836205e-05,-6.60934051834122e-05,0.255120717320954
"bivt",1e-04,50000,"0.05",TRUE,2.57394233345988e-05,-4.28299463873304e-05,0.258180405761184
"bivt",1e-04,50000,"0.1",TRUE,2.32107926065966e-05,-4.17581969805271e-05,0.258180405761184
"bivt",1e-04,50000,"0.01",TRUE,3.2382919756519e-05,-4.49365184925357e-05,0.258180405761184
"bivt",1e-04,50000,"0.05",TRUE,6.15262388640245e-05,-5.76958305503522e-05,0.240972415226572
"bivt",1e-04,50000,"0.1",TRUE,5.83548719617539e-05,-5.64993491682357e-05,0.240972415226572
"bivt",1e-04,50000,"0.01",TRUE,7.01691802282955e-05,-5.98432199463863e-05,0.240972415226572
"bivt",1e-04,50000,"0.05",TRUE,9.72958400338105e-05,-4.07631992118549e-05,0.284761753995038
"bivt",1e-04,50000,"0.1",TRUE,9.16438193106287e-05,-3.99426935564723e-05,0.284761753995038
"bivt",1e-04,50000,"0.01",TRUE,0.00011038724581516,-4.2630601696549e-05,0.284761753995038
"bivt",1e-04,50000,"0.05",TRUE,2.79285129684534e-05,-5.59422136617589e-05,0.25811907763183
"bivt",1e-04,50000,"0.1",TRUE,2.48496929041105e-05,-5.52070379787635e-05,0.25811907763183
"bivt",1e-04,50000,"0.01",TRUE,3.36054161390682e-05,-5.71772895875028e-05,0.25811907763183
"bivt",1e-04,50000,"0.05",TRUE,4.30302770753111e-05,-3.82858778803347e-05,0.253419375406014
"bivt",1e-04,50000,"0.1",TRUE,3.94445478906101e-05,-3.73590478235847e-05,0.253419375406014
"bivt",1e-04,50000,"0.01",TRUE,5.57163933064795e-05,-4.16002014994658e-05,0.253419375406014
"bivt",1e-04,50000,"0.05",TRUE,2.73897750667949e-05,-6.90948847441725e-05,0.247508402838951
"bivt",1e-04,50000,"0.1",TRUE,2.39285208668924e-05,-6.84580111183678e-05,0.247508402838951
"bivt",1e-04,50000,"0.01",TRUE,3.34773384477608e-05,-7.02668024270812e-05,0.247508402838951
"bivt",1e-04,50000,"0.05",TRUE,2.71026460171278e-05,-6.74209436739855e-05,0.248159350518405
"bivt",1e-04,50000,"0.1",TRUE,2.46959499456803e-05,-6.65343436071498e-05,0.248159350518405
"bivt",1e-04,50000,"0.01",TRUE,3.66510200330228e-05,-6.86288196890127e-05,0.248159350518405
"bivt",1e-04,50000,"0.05",TRUE,2.67829882282047e-05,-5.91801431801416e-05,0.258246665295227
"bivt",1e-04,50000,"0.1",TRUE,2.46690871860148e-05,-5.82359528205877e-05,0.258246665295227
"bivt",1e-04,50000,"0.01",TRUE,3.27521107336584e-05,-6.14649329761423e-05,0.258246665295227
"bivt",1e-04,50000,"0.05",TRUE,2.74200339133999e-05,-6.49652028665499e-05,0.254385458635461
"bivt",1e-04,50000,"0.1",TRUE,2.46408500398873e-05,-6.38667413700209e-05,0.254385458635461
"bivt",1e-04,50000,"0.01",TRUE,3.64450334430904e-05,-6.60790938150168e-05,0.254385458635461
"bivt",1e-04,50000,"0.05",TRUE,3.69760010877483e-05,-5.31394656942137e-05,0.286474331213916
"bivt",1e-04,50000,"0.1",FALSE,3.45869863767475e-05,-5.17532305809305e-05,0.286474331213916
"bivt",1e-04,50000,"0.01",TRUE,4.34803338204133e-05,-5.43147832936802e-05,0.286474331213916
"bivt",1e-04,50000,"0.05",TRUE,2.99462746389247e-05,-6.2166200191324e-05,0.240448253961786
"bivt",1e-04,50000,"0.1",TRUE,2.62881545423309e-05,-6.10230529023517e-05,0.240448253961786
"bivt",1e-04,50000,"0.01",TRUE,3.68118384030362e-05,-6.32032687645088e-05,0.240448253961786
"bivt",1e-04,50000,"0.05",TRUE,2.75169456916798e-05,-6.38428496727368e-05,0.244853055144323
"bivt",1e-04,50000,"0.1",TRUE,2.37981084821483e-05,-6.33489622257355e-05,0.244853055144323
"bivt",1e-04,50000,"0.01",TRUE,3.36886402918885e-05,-6.56149933553442e-05,0.244853055144323
"bivt",1e-04,50000,"0.05",TRUE,0.000114961377882458,-3.89241326908803e-05,0.28805511651487
"bivt",1e-04,50000,"0.1",TRUE,0.000113876684882002,-3.7521498534027e-05,0.28805511651487
"bivt",1e-04,50000,"0.01",TRUE,0.000127323036087296,-4.21371886302777e-05,0.28805511651487
"bivt",1e-04,50000,"0.05",TRUE,2.8050531942255e-05,-6.11243084737775e-05,0.234802126794343
"bivt",1e-04,50000,"0.1",TRUE,2.5190756248494e-05,-5.92988187337772e-05,0.234802126794343
"bivt",1e-04,50000,"0.01",TRUE,3.4992721457098e-05,-6.2808393970176e-05,0.234802126794343
"bivt",1e-04,50000,"0.05",TRUE,6.72970799756797e-05,-6.58821987227156e-05,0.284743293851383
"bivt",1e-04,50000,"0.1",TRUE,6.5005148387436e-05,-6.57240984152396e-05,0.284743293851383
"bivt",1e-04,50000,"0.01",TRUE,8.1419411160906e-05,-6.75371468210439e-05,0.284743293851383
"bivt",1e-04,50000,"0.05",TRUE,2.6656439457169e-05,-4.77791160312525e-05,0.269657032479326
"bivt",1e-04,50000,"0.1",TRUE,2.40294715880151e-05,-4.70105458037013e-05,0.269657032479326
"bivt",1e-04,50000,"0.01",TRUE,3.45290598879361e-05,-4.94982917019844e-05,0.269657032479326
"bivt",1e-04,50000,"0.05",TRUE,2.5840793171226e-05,-5.82097986225913e-05,0.269570486458762
"bivt",1e-04,50000,"0.1",TRUE,2.29028287292839e-05,-5.75491600205223e-05,0.269570486458762
"bivt",1e-04,50000,"0.01",TRUE,3.4858667818822e-05,-5.9674249654692e-05,0.269570486458762
"bivt",1e-04,50000,"0.05",TRUE,9.28544897700485e-05,-6.10201133617356e-05,0.281297152575031
"bivt",1e-04,50000,"0.1",TRUE,8.9524829617339e-05,-6.05661155034169e-05,0.281297152575031
"bivt",1e-04,50000,"0.01",TRUE,9.81918796129515e-05,-6.19513318101515e-05,0.281297152575031
"bivt",1e-04,50000,"0.05",TRUE,4.59944792182602e-05,-5.72063937906109e-05,0.250860226406113
"bivt",1e-04,50000,"0.1",TRUE,4.14104675438116e-05,-5.54136861827575e-05,0.250860226406113
"bivt",1e-04,50000,"0.01",TRUE,5.28527054336786e-05,-5.8978230560958e-05,0.250860226406113
"bivt",1e-04,50000,"0.05",TRUE,7.04173342857095e-05,-6.49836991369321e-05,0.255495424858898
"bivt",1e-04,50000,"0.1",TRUE,6.41318579558485e-05,-6.39758794969568e-05,0.255495424858898
"bivt",1e-04,50000,"0.01",TRUE,7.51466036782603e-05,-6.64249093039393e-05,0.255495424858898
"bivt",1e-04,50000,"0.05",TRUE,2.7959283307964e-05,-6.44892105341597e-05,0.247379610800966
"bivt",1e-04,50000,"0.1",TRUE,2.49137756857419e-05,-6.36148899528316e-05,0.247379610800966
"bivt",1e-04,50000,"0.01",TRUE,3.71031361500429e-05,-6.68310987024138e-05,0.247379610800966
"bivt",1e-04,50000,"0.05",TRUE,2.54987674917747e-05,-6.02764181538293e-05,0.276831323553816
"bivt",1e-04,50000,"0.1",TRUE,2.16292225294048e-05,-5.93446884262822e-05,0.276831323553816
"bivt",1e-04,50000,"0.01",TRUE,3.23967071733978e-05,-6.19756560289326e-05,0.276831323553816
"bivt",1e-04,50000,"0.05",TRUE,0.000166313031816288,-5.06591563031766e-05,0.270493626722369
"bivt",1e-04,50000,"0.1",TRUE,0.000164047215023882,-4.98573474244796e-05,0.270493626722369
"bivt",1e-04,50000,"0.01",TRUE,0.000171901727464024,-5.2573950870497e-05,0.270493626722369
"bivt",1e-04,50000,"0.05",TRUE,0.000123897524721718,-4.42954379090068e-05,0.279089690178207
"bivt",1e-04,50000,"0.1",TRUE,0.000112973449141966,-4.32966782984292e-05,0.279089690178207
"bivt",1e-04,50000,"0.01",TRUE,0.000131407365336717,-4.6166477923984e-05,0.279089690178207
"bivt",1e-04,50000,"0.05",TRUE,7.09398707903785e-05,-5.16430957732721e-05,0.278851553832928
"bivt",1e-04,50000,"0.1",TRUE,6.86922495221915e-05,-5.02107224284494e-05,0.278851553832928
"bivt",1e-04,50000,"0.01",TRUE,8.05187784030902e-05,-5.31265137497463e-05,0.278851553832928
"bivt",1e-04,50000,"0.05",TRUE,2.68387740741942e-05,-6.66428223764857e-05,0.241764575522836
"bivt",1e-04,50000,"0.1",TRUE,2.39402558266344e-05,-6.47854640294691e-05,0.241764575522836
"bivt",1e-04,50000,"0.01",TRUE,3.44170390411461e-05,-6.74780586023581e-05,0.241764575522836
"bivt",1e-04,50000,"0.05",TRUE,2.96970904785864e-05,-5.74104095298706e-05,0.250620247180041
"bivt",1e-04,50000,"0.1",TRUE,2.64412491557159e-05,-5.69840733296014e-05,0.250620247180041
"bivt",1e-04,50000,"0.01",TRUE,3.67137068759559e-05,-5.90478262983549e-05,0.250620247180041
"bivt",1e-04,50000,"0.05",TRUE,7.08312001236003e-05,-4.09279402339089e-05,0.290639415729078
"bivt",1e-04,50000,"0.1",TRUE,6.73299969559801e-05,-3.98832109361717e-05,0.290639415729078
"bivt",1e-04,50000,"0.01",TRUE,7.79179453696056e-05,-4.39772797808922e-05,0.290639415729078
"bivt",1e-04,50000,"0.05",TRUE,0.000110546961946951,-4.98813823632784e-05,0.277972272441757
"bivt",1e-04,50000,"0.1",TRUE,0.000106065289253742,-4.89222491243394e-05,0.277972272441757
"bivt",1e-04,50000,"0.01",TRUE,0.000116829803235484,-5.09765975655709e-05,0.277972272441757
"bivt",1e-04,50000,"0.05",TRUE,3.47756892916912e-05,-5.9714320857396e-05,0.251514792312494
"bivt",1e-04,50000,"0.1",TRUE,3.35191058937859e-05,-5.94220769329628e-05,0.251514792312494
"bivt",1e-04,50000,"0.01",TRUE,3.76845992294662e-05,-6.0948242291838e-05,0.251514792312494
"bivt",1e-04,50000,"0.05",TRUE,4.3909137401089e-05,-2.89062662895641e-05,0.284309224022964
"bivt",1e-04,50000,"0.1",TRUE,4.1695590865974e-05,-2.82190069245671e-05,0.284309224022964
"bivt",1e-04,50000,"0.01",TRUE,5.10433256918368e-05,-3.16623779436947e-05,0.284309224022964
"bivt",1e-04,50000,"0.05",TRUE,2.78975907117031e-05,-6.24331496958957e-05,0.274002993602721
"bivt",1e-04,50000,"0.1",TRUE,2.42802574378896e-05,-6.18226728644683e-05,0.274002993602721
"bivt",1e-04,50000,"0.01",TRUE,3.29173374468638e-05,-6.4603643328255e-05,0.274002993602721
"bivt",1e-04,50000,"0.05",FALSE,5.40958075703688e-05,-2.1124424756377e-05,0.260026525175499
"bivt",1e-04,50000,"0.1",FALSE,5.10922741922139e-05,-1.97397864518693e-05,0.260026525175499
"bivt",1e-04,50000,"0.01",FALSE,6.20914982148372e-05,-2.50306587311324e-05,0.260026525175499
"bivt",1e-04,50000,"0.05",TRUE,2.69743974755759e-05,-5.17376577281282e-05,0.25869539620837
"bivt",1e-04,50000,"0.1",TRUE,2.39730348079856e-05,-4.99138060012387e-05,0.25869539620837
"bivt",1e-04,50000,"0.01",TRUE,3.33687153011098e-05,-5.35400465645344e-05,0.25869539620837
"bivt",1e-04,50000,"0.05",TRUE,5.31181285392094e-05,-3.90172959434337e-05,0.261542196025582
"bivt",1e-04,50000,"0.1",TRUE,4.92610950835866e-05,-3.79495869302218e-05,0.261542196025582
"bivt",1e-04,50000,"0.01",TRUE,5.92521380910934e-05,-4.29065687098807e-05,0.261542196025582
"bivt",1e-04,50000,"0.05",TRUE,8.72989596248229e-05,-1.79553620373591e-05,0.275873694355538
"bivt",1e-04,50000,"0.1",TRUE,8.45374018654582e-05,-1.6352055171608e-05,0.275873694355538
"bivt",1e-04,50000,"0.01",TRUE,9.3748039449569e-05,-2.12559684867361e-05,0.275873694355538
"bivt",1e-04,50000,"0.05",TRUE,5.83374052953195e-05,-4.0695812617887e-05,0.274495402714572
"bivt",1e-04,50000,"0.1",TRUE,5.68374375937108e-05,-3.82119282834983e-05,0.274495402714572
"bivt",1e-04,50000,"0.01",TRUE,6.255289505675e-05,-4.3203102645222e-05,0.274495402714572
"bivt",1e-04,50000,"0.05",TRUE,5.36021182133107e-05,-3.52261114854326e-05,0.282750454601533
"bivt",1e-04,50000,"0.1",TRUE,5.09702729334805e-05,-3.46653819049184e-05,0.282750454601533
"bivt",1e-04,50000,"0.01",TRUE,6.29814044834586e-05,-3.72084068031671e-05,0.282750454601533
"bivt",1e-04,50000,"0.05",TRUE,2.71632715429645e-05,-6.22519476371082e-05,0.261783474909875
"bivt",1e-04,50000,"0.1",TRUE,2.43597706478794e-05,-6.16173480268691e-05,0.261783474909875
"bivt",1e-04,50000,"0.01",TRUE,3.48416771840338e-05,-6.39814200625915e-05,0.261783474909875
"bivt",1e-04,50000,"0.05",TRUE,3.06599059469529e-05,-6.77752946571584e-05,0.255506301012317
"bivt",1e-04,50000,"0.1",TRUE,2.75287255036512e-05,-6.71134073366244e-05,0.255506301012317
"bivt",1e-04,50000,"0.01",TRUE,3.89822381438167e-05,-6.84177367519611e-05,0.255506301012317
"bivt",1e-04,50000,"0.05",TRUE,4.04560515603627e-05,-7.08541476289442e-05,0.251637652463588
"bivt",1e-04,50000,"0.1",TRUE,3.80781534204476e-05,-7.00022981125021e-05,0.251637652463588
"bivt",1e-04,50000,"0.01",TRUE,4.53120641148316e-05,-7.14691936661635e-05,0.251637652463588
"bivt",1e-04,50000,"0.05",TRUE,9.40859710054409e-05,-3.17064932892701e-05,0.280773458535006
"bivt",1e-04,50000,"0.1",TRUE,8.98843706961077e-05,-3.01022473126384e-05,0.280773458535006
"bivt",1e-04,50000,"0.01",TRUE,0.000107523764218347,-3.45321634133561e-05,0.280773458535006
"bivt",1e-04,50000,"0.05",TRUE,2.92088315989542e-05,-7.20813377681557e-05,0.243773178512103
"bivt",1e-04,50000,"0.1",TRUE,2.5578105907994e-05,-7.12718809993632e-05,0.243773178512103
"bivt",1e-04,50000,"0.01",TRUE,3.73954759041841e-05,-7.3542603537679e-05,0.243773178512103
"bivt",1e-04,50000,"0.05",TRUE,8.81578438529128e-05,-1.90607062141442e-05,0.286196232314426
"bivt",1e-04,50000,"0.1",TRUE,8.53111355769004e-05,-1.72115703563619e-05,0.286196232314426
"bivt",1e-04,50000,"0.01",TRUE,9.64398829064862e-05,-2.20372289905651e-05,0.286196232314426
"bivt",1e-04,50000,"0.05",TRUE,2.54636939541002e-05,-6.3727518110406e-05,0.262670905209557
"bivt",1e-04,50000,"0.1",TRUE,2.22443395248193e-05,-6.24719822089403e-05,0.262670905209557
"bivt",1e-04,50000,"0.01",TRUE,3.15794232309119e-05,-6.67317015949834e-05,0.262670905209557
"bivt",1e-04,50000,"0.05",TRUE,2.85052194289968e-05,-7.54923043144829e-05,0.24030703461051
"bivt",1e-04,50000,"0.1",TRUE,2.53076015919776e-05,-7.42432392761588e-05,0.24030703461051
"bivt",1e-04,50000,"0.01",TRUE,3.9389015317288e-05,-7.61138953103933e-05,0.24030703461051
"bivt",1e-04,50000,"0.05",TRUE,2.34849622501648e-05,-5.62429421606378e-05,0.267817471288367
"bivt",1e-04,50000,"0.1",TRUE,2.09959508307415e-05,-5.47005135025201e-05,0.267817471288367
"bivt",1e-04,50000,"0.01",TRUE,3.03804946605882e-05,-5.83847813881413e-05,0.267817471288367
"bivt",1e-04,50000,"0.05",TRUE,2.46508467516425e-05,-5.2312651778522e-05,0.251395775202519
"bivt",1e-04,50000,"0.1",TRUE,2.12358469316532e-05,-5.15637217421461e-05,0.251395775202519
"bivt",1e-04,50000,"0.01",TRUE,2.97117129004435e-05,-5.45312760490605e-05,0.251395775202519
"bivt",1e-04,50000,"0.05",TRUE,5.20780458036256e-05,-5.08041323677596e-05,0.273527772775553
"bivt",1e-04,50000,"0.1",TRUE,5.01633343699783e-05,-4.9394613569457e-05,0.273527772775553
"bivt",1e-04,50000,"0.01",TRUE,5.98200316196446e-05,-5.21724552052289e-05,0.273527772775553
"bivt",1e-04,50000,"0.05",TRUE,2.94695870564759e-05,-5.27805284646378e-05,0.261120169512809
"bivt",1e-04,50000,"0.1",TRUE,2.51500290422908e-05,-5.21275066664395e-05,0.261120169512809
"bivt",1e-04,50000,"0.01",TRUE,3.52954702936359e-05,-5.46930628458693e-05,0.261120169512809
"bivt",1e-04,50000,"0.05",TRUE,2.59960289554215e-05,-7.28530621093937e-05,0.253664216786126
"bivt",1e-04,50000,"0.1",TRUE,2.29967496006234e-05,-7.26112935864454e-05,0.253664216786126
"bivt",1e-04,50000,"0.01",TRUE,3.04543376589617e-05,-7.41128012477777e-05,0.253664216786126
"bivt",1e-04,50000,"0.05",TRUE,0.000123275612083406,-4.18271603521799e-05,0.264016676312542
"bivt",1e-04,50000,"0.1",TRUE,0.00011643793698704,-4.1072423610632e-05,0.264016676312542
"bivt",1e-04,50000,"0.01",TRUE,0.000135650152580591,-4.40555800815372e-05,0.264016676312542
"bivt",1e-04,50000,"0.05",TRUE,2.63265953731521e-05,-5.90715599843752e-05,0.255272181112139
"bivt",1e-04,50000,"0.1",TRUE,2.26099718724292e-05,-5.78358506321351e-05,0.255272181112139
"bivt",1e-04,50000,"0.01",TRUE,3.21463269691043e-05,-6.05381031532311e-05,0.255272181112139
"bivt",1e-04,50000,"0.05",TRUE,2.83337276848822e-05,-6.44472292608109e-05,0.256969950735631
"bivt",1e-04,50000,"0.1",TRUE,2.46169987157468e-05,-6.39525236828162e-05,0.256969950735631
"bivt",1e-04,50000,"0.01",TRUE,3.6566746929253e-05,-6.58003319255922e-05,0.256969950735631
"bivt",1e-04,50000,"0.05",TRUE,2.75254475380328e-05,-6.30827654635417e-05,0.249813269177384
"bivt",1e-04,50000,"0.1",TRUE,2.51639285735052e-05,-6.17231506507476e-05,0.249813269177384
"bivt",1e-04,50000,"0.01",TRUE,3.80142565395118e-05,-6.44680142856371e-05,0.249813269177384
"bivt",1e-04,50000,"0.05",TRUE,2.33308307330485e-05,-5.39863881421469e-05,0.269660591528947
"bivt",1e-04,50000,"0.1",TRUE,2.07645750473087e-05,-5.34405654022121e-05,0.269660591528947
"bivt",1e-04,50000,"0.01",TRUE,3.15577208077577e-05,-5.53964041763226e-05,0.269660591528947
"bivt",1e-04,50000,"0.05",TRUE,4.95337685132192e-05,-4.73253265985905e-05,0.274566197888023
"bivt",1e-04,50000,"0.1",TRUE,4.66624085645455e-05,-4.64898581139262e-05,0.274566197888023
"bivt",1e-04,50000,"0.01",TRUE,5.5470641265252e-05,-4.92366530843067e-05,0.274566197888023
"bivt",1e-04,50000,"0.05",TRUE,2.83191753155163e-05,-7.30282145777976e-05,0.243064773233803
"bivt",1e-04,50000,"0.1",TRUE,2.48177970405999e-05,-7.27056484693744e-05,0.243064773233803
"bivt",1e-04,50000,"0.01",TRUE,3.47884763993531e-05,-7.49383927581438e-05,0.243064773233803
"bivt",1e-04,50000,"0.05",TRUE,7.3507229923573e-05,-3.2846917846713e-05,0.269506041571248
"bivt",1e-04,50000,"0.1",TRUE,7.19503752216949e-05,-3.18071698736701e-05,0.269506041571248
"bivt",1e-04,50000,"0.01",TRUE,7.82578531965616e-05,-3.64071226503121e-05,0.269506041571248
"bivt",1e-04,50000,"0.05",TRUE,0.000110368641607224,-3.65855127743657e-05,0.268788553980539
"bivt",1e-04,50000,"0.1",TRUE,0.000102821853692438,-3.5265163244822e-05,0.268788553980539
"bivt",1e-04,50000,"0.01",TRUE,0.000118873200326299,-3.89181532273943e-05,0.268788553980539
"bivt",1e-04,50000,"0.05",TRUE,3.02918347770869e-05,-6.86986087796297e-05,0.237915930402024
"bivt",1e-04,50000,"0.1",TRUE,2.70879662325833e-05,-6.78547981938223e-05,0.237915930402024
"bivt",1e-04,50000,"0.01",TRUE,3.65769931380845e-05,-7.04988767634485e-05,0.237915930402024
"bivt",1e-04,50000,"0.05",TRUE,2.68995972150898e-05,-6.26480335211729e-05,0.257541866635788
"bivt",1e-04,50000,"0.1",TRUE,2.38990779086752e-05,-6.17468397454802e-05,0.257541866635788
"bivt",1e-04,50000,"0.01",TRUE,3.20257617354502e-05,-6.45592805785786e-05,0.257541866635788
"bivt",1e-04,50000,"0.05",TRUE,6.44255644465594e-05,-4.54046905573589e-05,0.250241684093306
"bivt",1e-04,50000,"0.1",TRUE,6.22916202919007e-05,-4.439549679232e-05,0.250241684093306
"bivt",1e-04,50000,"0.01",TRUE,7.3139035393512e-05,-4.7304681795626e-05,0.250241684093306
"bivt",1e-04,50000,"0.05",TRUE,4.25209971470946e-05,-5.49473525713977e-05,0.277949350245969
"bivt",1e-04,50000,"0.1",TRUE,3.87955958368436e-05,-5.39072907973105e-05,0.277949350245969
"bivt",1e-04,50000,"0.01",TRUE,4.72179209961072e-05,-5.73342646434068e-05,0.277949350245969
"bivt",1e-04,50000,"0.05",TRUE,2.79243961917e-05,-5.61141147348369e-05,0.245633257977881
"bivt",1e-04,50000,"0.1",TRUE,2.37056228075116e-05,-5.52722691015936e-05,0.245633257977881
"bivt",1e-04,50000,"0.01",TRUE,3.40227187527947e-05,-5.70935351732351e-05,0.245633257977881
"bivt",1e-04,50000,"0.05",TRUE,3.04671400186268e-05,-7.30360669814068e-05,0.245578097575318
"bivt",1e-04,50000,"0.1",TRUE,2.71651690564967e-05,-7.22610243989211e-05,0.245578097575318
"bivt",1e-04,50000,"0.01",TRUE,3.54708684085923e-05,-7.36399955775587e-05,0.245578097575318
"bivt",1e-04,50000,"0.05",TRUE,5.17761207803087e-05,-5.26953138502862e-05,0.253018446351083
"bivt",1e-04,50000,"0.1",TRUE,4.71728447229783e-05,-5.20982101112633e-05,0.253018446351083
"bivt",1e-04,50000,"0.01",TRUE,5.74348492874803e-05,-5.50816394574165e-05,0.253018446351083
"bivt",1e-04,50000,"0.05",TRUE,2.81123616685876e-05,-5.24247699131527e-05,0.268347968173222
"bivt",1e-04,50000,"0.1",TRUE,2.44927265990894e-05,-5.15896649725505e-05,0.268347968173222
"bivt",1e-04,50000,"0.01",TRUE,3.3802624063943e-05,-5.44549395897442e-05,0.268347968173222
"bivt",1e-04,50000,"0.05",TRUE,9.41260625675212e-05,-4.77846854548143e-05,0.277052037962182
"bivt",1e-04,50000,"0.1",TRUE,8.71004748184781e-05,-4.68899246398561e-05,0.277052037962182
"bivt",1e-04,50000,"0.01",TRUE,9.9938836282117e-05,-4.99702458323704e-05,0.277052037962182
"bivt",1e-04,50000,"0.05",FALSE,2.73185977665539e-05,-5.86373720628054e-05,0.285496919686445
"bivt",1e-04,50000,"0.1",FALSE,2.58079573497658e-05,-5.79077879607595e-05,0.285496919686445
"bivt",1e-04,50000,"0.01",FALSE,3.68511877380956e-05,-6.00554446977424e-05,0.285496919686445
"bivt",1e-04,50000,"0.05",TRUE,3.46393139173982e-05,-5.13871615572744e-05,0.259575475073601
"bivt",1e-04,50000,"0.1",TRUE,3.19261381104666e-05,-5.05579102108343e-05,0.259575475073601
"bivt",1e-04,50000,"0.01",TRUE,3.90787086676065e-05,-5.29637423414265e-05,0.259575475073601
"bivt",1e-04,50000,"0.05",TRUE,2.72245229792341e-05,-5.26083272593417e-05,0.266715219457676
"bivt",1e-04,50000,"0.1",TRUE,2.49315931986693e-05,-5.16804971194209e-05,0.266715219457676
"bivt",1e-04,50000,"0.01",TRUE,3.1772329952347e-05,-5.48041942618579e-05,0.266715219457676
"bivt",1e-04,50000,"0.05",TRUE,2.93477945201202e-05,-5.47862675546432e-05,0.253321964207687
"bivt",1e-04,50000,"0.1",TRUE,2.70020459268656e-05,-5.3654718854864e-05,0.253321964207687
"bivt",1e-04,50000,"0.01",TRUE,3.40734597847488e-05,-5.76412895904148e-05,0.253321964207687
"bivt",1e-04,50000,"0.05",TRUE,8.99795625346604e-05,-5.34332559446677e-05,0.276488974719737
"bivt",1e-04,50000,"0.1",TRUE,8.27144136470142e-05,-5.27939008076103e-05,0.276488974719737
"bivt",1e-04,50000,"0.01",TRUE,9.65455764948932e-05,-5.44319881705676e-05,0.276488974719737
"bivt",1e-04,50000,"0.05",FALSE,6.60681270647248e-05,-3.0447759312405e-05,0.305679431564465
"bivt",1e-04,50000,"0.1",FALSE,6.30347430154265e-05,-2.84858603473414e-05,0.305679431564465
"bivt",1e-04,50000,"0.01",TRUE,7.77025528456893e-05,-3.205807769589e-05,0.305679431564465
"bivt",1e-04,50000,"0.05",TRUE,3.03577824084057e-05,-5.79281406256427e-05,0.256663888259513
"bivt",1e-04,50000,"0.1",TRUE,2.69228215616485e-05,-5.74970812511171e-05,0.256663888259513
"bivt",1e-04,50000,"0.01",TRUE,3.77041529986861e-05,-6.01405074823497e-05,0.256663888259513
"bivt",1e-04,50000,"0.05",TRUE,0.000136378385974106,-6.55782893810622e-05,0.248140268378636
"bivt",1e-04,50000,"0.1",TRUE,0.000130365034686399,-6.49808778806465e-05,0.248140268378636
"bivt",1e-04,50000,"0.01",TRUE,0.000152546075439238,-6.68863052984432e-05,0.248140268378636
"bivt",1e-04,50000,"0.05",TRUE,3.61383592794635e-05,-7.12768336242419e-05,0.252785700067546
"bivt",1e-04,50000,"0.1",TRUE,2.76664904498485e-05,-7.10304538059037e-05,0.252785700067546
"bivt",1e-04,50000,"0.01",TRUE,4.61206890565333e-05,-7.31620385183387e-05,0.252785700067546
"bivt",1e-04,50000,"0.05",TRUE,3.10051983868075e-05,-6.20335533626066e-05,0.263499174938533
"bivt",1e-04,50000,"0.1",TRUE,2.75360011931176e-05,-6.08050975689971e-05,0.263499174938533
"bivt",1e-04,50000,"0.01",TRUE,4.05883272327839e-05,-6.33420268098035e-05,0.263499174938533
"bivt",1e-04,50000,"0.05",TRUE,2.89927476009215e-05,-5.73253032287203e-05,0.247565911267078
"bivt",1e-04,50000,"0.1",TRUE,2.56447468484268e-05,-5.66390728200702e-05,0.247565911267078
"bivt",1e-04,50000,"0.01",TRUE,3.56700590491743e-05,-5.84694308508348e-05,0.247565911267078
"bivt",1e-04,50000,"0.05",TRUE,3.83406056510879e-05,-5.90982517128321e-05,0.26011704578409
"bivt",1e-04,50000,"0.1",TRUE,3.3171443131033e-05,-5.85522367401952e-05,0.26011704578409
"bivt",1e-04,50000,"0.01",TRUE,4.10918312729531e-05,-6.1080780550898e-05,0.26011704578409
"bivt",1e-04,50000,"0.05",TRUE,3.23048770354761e-05,-6.67722078391227e-05,0.233269826512286
"bivt",1e-04,50000,"0.1",TRUE,2.85804323746792e-05,-6.61088049882713e-05,0.233269826512286
"bivt",1e-04,50000,"0.01",TRUE,4.1065418935872e-05,-6.79690608687147e-05,0.233269826512286
"bivt",1e-04,50000,"0.05",TRUE,2.63684396085403e-05,-7.14826626539801e-05,0.250257893970118
"bivt",1e-04,50000,"0.1",TRUE,2.38727597056399e-05,-7.08322419286103e-05,0.250257893970118
"bivt",1e-04,50000,"0.01",TRUE,3.33889026621637e-05,-7.24503578336179e-05,0.250257893970118
"bivt",1e-04,50000,"0.05",TRUE,2.70247380271948e-05,-7.03104817424932e-05,0.25448367475785
"bivt",1e-04,50000,"0.1",TRUE,2.42367950852064e-05,-6.97404156163226e-05,0.25448367475785
"bivt",1e-04,50000,"0.01",TRUE,3.2304806632022e-05,-7.1415299004678e-05,0.25448367475785
"bivt",1e-04,50000,"0.05",TRUE,0.000245838660019239,-1.88061449017948e-05,0.295822133491966
"bivt",1e-04,50000,"0.1",TRUE,0.00024265770613993,-1.66244335462188e-05,0.295822133491966
"bivt",1e-04,50000,"0.01",TRUE,0.00025432272544005,-2.20604561907699e-05,0.295822133491966
"bivt",1e-04,50000,"0.05",TRUE,3.71693118534363e-05,-3.97618640722945e-05,0.280997718948662
"bivt",1e-04,50000,"0.1",TRUE,3.09366128118957e-05,-3.92277656136832e-05,0.280997718948662
"bivt",1e-04,50000,"0.01",TRUE,4.06086506717218e-05,-4.3844165470704e-05,0.280997718948662
"bivt",1e-04,50000,"0.05",TRUE,0.000101207217113449,-1.86380849851254e-05,0.278147433255456
"bivt",1e-04,50000,"0.1",TRUE,9.64247299751965e-05,-1.68416571482572e-05,0.278147433255456
"bivt",1e-04,50000,"0.01",TRUE,0.000113065799944317,-2.1136518632668e-05,0.278147433255456
"bivt",1e-04,50000,"0.05",TRUE,4.90728641580001e-05,-4.69941554886671e-05,0.268347981347961
"bivt",1e-04,50000,"0.1",TRUE,4.38119536880762e-05,-4.59827841377836e-05,0.268347981347961
"bivt",1e-04,50000,"0.01",TRUE,5.64158815244963e-05,-4.93208517395938e-05,0.268347981347961
"bivt",1e-04,50000,"0.05",TRUE,0.000144847412584398,-4.40670624760316e-05,0.28708758434424
"bivt",1e-04,50000,"0.1",TRUE,0.000138042549716004,-4.34147059364685e-05,0.28708758434424
"bivt",1e-04,50000,"0.01",TRUE,0.000148703362753601,-4.54111427904596e-05,0.28708758434424
"bivt",1e-04,50000,"0.05",FALSE,2.83235669455358e-05,-6.55693869205982e-05,0.282143396336961
"bivt",1e-04,50000,"0.1",FALSE,2.52335777096258e-05,-6.48159869939297e-05,0.282143396336961
"bivt",1e-04,50000,"0.01",TRUE,3.50540263301954e-05,-6.64516355074456e-05,0.282143396336961
"bivt",1e-04,50000,"0.05",TRUE,2.97268713790234e-05,-6.21625187764042e-05,0.24806340554159
"bivt",1e-04,50000,"0.1",TRUE,2.58817993605445e-05,-6.10470667030245e-05,0.24806340554159
"bivt",1e-04,50000,"0.01",TRUE,3.90305387746962e-05,-6.3161641476701e-05,0.24806340554159
"bivt",1e-04,50000,"0.05",TRUE,9.68193771805954e-05,-3.38453764018465e-05,0.268163124042681
"bivt",1e-04,50000,"0.1",TRUE,9.24453403462016e-05,-3.22413786730107e-05,0.268163124042681
"bivt",1e-04,50000,"0.01",TRUE,0.000107825230119642,-3.59493580067611e-05,0.268163124042681
"bivt",1e-04,50000,"0.05",TRUE,2.82593001688849e-05,-5.83537501106184e-05,0.242781996582828
"bivt",1e-04,50000,"0.1",TRUE,2.44507062498951e-05,-5.68419482059711e-05,0.242781996582828
"bivt",1e-04,50000,"0.01",TRUE,3.58487813059167e-05,-6.08226898086214e-05,0.242781996582828
"bivt",1e-04,50000,"0.05",TRUE,8.74669066285821e-05,-4.78220508600828e-05,0.269891949672045
"bivt",1e-04,50000,"0.1",TRUE,8.27639421916337e-05,-4.64875043316255e-05,0.269891949672045
"bivt",1e-04,50000,"0.01",TRUE,9.49463936502869e-05,-5.12941021861393e-05,0.269891949672045
"bivt",1e-04,50000,"0.05",TRUE,2.96709039936955e-05,-7.79825122917991e-05,0.250598532631465
"bivt",1e-04,50000,"0.1",TRUE,2.62810072174047e-05,-7.73936315047052e-05,0.250598532631465
"bivt",1e-04,50000,"0.01",TRUE,3.65869540361876e-05,-7.89335758416321e-05,0.250598532631465
"bivt",1e-04,50000,"0.05",TRUE,0.000116343946055421,-3.96117709789194e-05,0.287614942829339
"bivt",1e-04,50000,"0.1",TRUE,0.000109174354039722,-3.74997910705685e-05,0.287614942829339
"bivt",1e-04,50000,"0.01",TRUE,0.00012453783585395,-4.18725808452565e-05,0.287614942829339
"bivt",1e-04,50000,"0.05",TRUE,3.0725183573134e-05,-8.15859183611622e-05,0.239977413446345
"bivt",1e-04,50000,"0.1",TRUE,2.74999758376268e-05,-8.12772756159579e-05,0.239977413446345
"bivt",1e-04,50000,"0.01",TRUE,3.45927048120022e-05,-8.25849374059271e-05,0.239977413446345
"bivt",1e-04,50000,"0.05",TRUE,3.03995383873643e-05,-7.61605620361953e-05,0.209077138224778
"bivt",1e-04,50000,"0.1",TRUE,2.76810035519596e-05,-7.55417898617788e-05,0.209077138224778
"bivt",1e-04,50000,"0.01",TRUE,3.7364978565183e-05,-7.75568740582858e-05,0.209077138224778
"bivt",1e-04,50000,"0.05",TRUE,0.000131997268171579,-4.22904501285707e-05,0.264574694225022
"bivt",1e-04,50000,"0.1",TRUE,0.000127666663111218,-4.02210010411846e-05,0.264574694225022
"bivt",1e-04,50000,"0.01",TRUE,0.000146844630300775,-4.54801147535418e-05,0.264574694225022
"bivt",1e-04,50000,"0.05",TRUE,0.000124652540979307,-3.61226313100999e-05,0.285566413209019
"bivt",1e-04,50000,"0.1",TRUE,0.000121195652245645,-3.40874402356879e-05,0.285566413209019
"bivt",1e-04,50000,"0.01",TRUE,0.000132470637339114,-3.78503755572689e-05,0.285566413209019
"bivt",1e-04,50000,"0.05",TRUE,2.94502779745428e-05,-5.89855214404253e-05,0.240902922424282
"bivt",1e-04,50000,"0.1",TRUE,2.65592511858618e-05,-5.77694151595921e-05,0.240902922424282
"bivt",1e-04,50000,"0.01",TRUE,3.44371541861192e-05,-6.09822960872477e-05,0.240902922424282
"bivt",1e-04,50000,"0.05",TRUE,9.07793202033078e-05,-1.86935608305636e-05,0.293716394007055
"bivt",1e-04,50000,"0.1",TRUE,8.8527266920484e-05,-1.67405572930493e-05,0.293716394007055
"bivt",1e-04,50000,"0.01",TRUE,0.000100085597142849,-2.21110405014812e-05,0.293716394007055
"bivt",1e-04,50000,"0.05",TRUE,0.000135273349256258,-1.83538644558907e-05,0.284044204079376
"bivt",1e-04,50000,"0.1",TRUE,0.000130895566499119,-1.6872094998543e-05,0.284044204079376
"bivt",1e-04,50000,"0.01",TRUE,0.000141872377381634,-2.19385210719942e-05,0.284044204079376
"bivt",1e-04,50000,"0.05",TRUE,2.66585422957912e-05,-6.01737211038339e-05,0.236721044570966
"bivt",1e-04,50000,"0.1",TRUE,2.2864078119729e-05,-5.93679209181174e-05,0.236721044570966
"bivt",1e-04,50000,"0.01",TRUE,3.23503105498941e-05,-6.21599594865603e-05,0.236721044570966
"bivt",1e-04,50000,"0.05",TRUE,2.90219443520255e-05,-6.97779970683104e-05,0.262504506179295
"bivt",1e-04,50000,"0.1",TRUE,2.48939276885691e-05,-6.91154328182689e-05,0.262504506179295
"bivt",1e-04,50000,"0.01",TRUE,3.70657423300785e-05,-7.15710605333479e-05,0.262504506179295
"bivt",1e-04,50000,"0.05",TRUE,4.06814339280196e-05,-4.20596559965701e-05,0.26952038379583
"bivt",1e-04,50000,"0.1",TRUE,3.66167893113977e-05,-4.1575466147455e-05,0.26952038379583
"bivt",1e-04,50000,"0.01",TRUE,4.9288834333477e-05,-4.47835846673309e-05,0.26952038379583
"bivt",1e-04,50000,"0.05",TRUE,0.000123149448100842,-4.79241497770972e-05,0.281828940489344
"bivt",1e-04,50000,"0.1",TRUE,0.000116234109077816,-4.66930530582846e-05,0.281828940489344
"bivt",1e-04,50000,"0.01",TRUE,0.000130476050192665,-4.97867032992913e-05,0.281828940489344
"bivt",1e-04,50000,"0.05",TRUE,6.29762433869166e-05,-5.03413143867227e-05,0.269069772280428
"bivt",1e-04,50000,"0.1",TRUE,5.98715072125152e-05,-4.9588689840144e-05,0.269069772280428
"bivt",1e-04,50000,"0.01",TRUE,6.96823671284252e-05,-5.21845828129453e-05,0.269069772280428
"bivt",1e-04,50000,"0.05",TRUE,3.05110736149208e-05,-4.60919009700357e-05,0.272304825183816
"bivt",1e-04,50000,"0.1",TRUE,2.69515947671197e-05,-4.5522104419594e-05,0.272304825183816
"bivt",1e-04,50000,"0.01",TRUE,3.61092043959659e-05,-4.78904284754281e-05,0.272304825183816
"bivt",1e-04,50000,"0.05",TRUE,2.93633546111296e-05,-6.59617455073619e-05,0.253801034586387
"bivt",1e-04,50000,"0.1",TRUE,2.57911198393742e-05,-6.5018042526727e-05,0.253801034586387
"bivt",1e-04,50000,"0.01",TRUE,3.59509084061491e-05,-6.72241815263845e-05,0.253801034586387
"bivt",1e-04,50000,"0.05",TRUE,2.78376508086858e-05,-6.85892202971738e-05,0.241924322153426
"bivt",1e-04,50000,"0.1",TRUE,2.38181837247181e-05,-6.79186032248668e-05,0.241924322153426
"bivt",1e-04,50000,"0.01",TRUE,3.45432853157127e-05,-6.98222429306433e-05,0.241924322153426
"bivt",1e-04,50000,"0.05",TRUE,7.13021528917991e-05,-2.83171514337504e-05,0.265223320871298
"bivt",1e-04,50000,"0.1",TRUE,6.75434190994265e-05,-2.68671237330148e-05,0.265223320871298
"bivt",1e-04,50000,"0.01",TRUE,7.78383451868212e-05,-3.09080634143443e-05,0.265223320871298
"bivt",1e-04,50000,"0.05",TRUE,3.00162309418311e-05,-6.82006953033403e-05,0.230130792313645
"bivt",1e-04,50000,"0.1",TRUE,2.63268681824452e-05,-6.74754889135245e-05,0.230130792313645
"bivt",1e-04,50000,"0.01",TRUE,3.58063079645239e-05,-6.92218376613821e-05,0.230130792313645
"bivt",1e-04,50000,"0.05",TRUE,2.44899097363902e-05,-7.02065877229471e-05,0.259220371474957
"bivt",1e-04,50000,"0.1",TRUE,2.18892816509387e-05,-6.97152332873451e-05,0.259220371474957
"bivt",1e-04,50000,"0.01",TRUE,3.14068640677532e-05,-7.13612513262374e-05,0.259220371474957
"bivt",1e-04,50000,"0.05",TRUE,3.36282193195784e-05,-4.81526855303605e-05,0.257676696110363
"bivt",1e-04,50000,"0.1",TRUE,2.84555536970611e-05,-4.69871914124016e-05,0.257676696110363
"bivt",1e-04,50000,"0.01",TRUE,3.93288789870563e-05,-5.05672453283073e-05,0.257676696110363
"bivt",1e-04,50000,"0.05",TRUE,9.61670526254452e-05,-1.86333183845287e-05,0.273171524001416
"bivt",1e-04,50000,"0.1",TRUE,9.0833836530761e-05,-1.72457000897945e-05,0.273171524001416
"bivt",1e-04,50000,"0.01",TRUE,0.000100828818076672,-2.13565696776122e-05,0.273171524001416
"bivt",1e-04,50000,"0.05",TRUE,6.65534380998605e-05,-3.79287917394828e-05,0.273641400062925
"bivt",1e-04,50000,"0.1",TRUE,6.4840774596955e-05,-3.57608549141673e-05,0.273641400062925
"bivt",1e-04,50000,"0.01",TRUE,7.16194378919577e-05,-4.1122672349609e-05,0.273641400062925
"bivt",1e-04,50000,"0.05",TRUE,4.30632816749441e-05,-6.3797677515875e-05,0.270834663496792
"bivt",1e-04,50000,"0.1",TRUE,4.03448617287255e-05,-6.31646017867938e-05,0.270834663496792
"bivt",1e-04,50000,"0.01",TRUE,5.21943871318514e-05,-6.46837891042518e-05,0.270834663496792
"bivt",1e-04,50000,"0.05",TRUE,3.23615070478548e-05,-5.99034473653101e-05,0.248612516960411
"bivt",1e-04,50000,"0.1",TRUE,2.80351460738809e-05,-5.91444910132463e-05,0.248612516960411
"bivt",1e-04,50000,"0.01",TRUE,3.80939559770247e-05,-6.28590364074849e-05,0.248612516960411
"bivt",1e-04,50000,"0.05",TRUE,2.62532220133012e-05,-7.2192485413334e-05,0.235515036191757
"bivt",1e-04,50000,"0.1",TRUE,2.31977396681449e-05,-7.17443947874203e-05,0.235515036191757
"bivt",1e-04,50000,"0.01",TRUE,3.4067910855153e-05,-7.32027268780122e-05,0.235515036191757
"bivt",1e-04,50000,"0.05",TRUE,0.000194871318059285,-2.04299496666995e-05,0.298615615757019
"bivt",1e-04,50000,"0.1",TRUE,0.000189893582001804,-1.92002302823027e-05,0.298615615757019
"bivt",1e-04,50000,"0.01",TRUE,0.000205878509035971,-2.50889776186566e-05,0.298615615757019
"bivt",1e-04,50000,"0.05",TRUE,2.87602681099675e-05,-5.25927384526754e-05,0.275127441368448
"bivt",1e-04,50000,"0.1",TRUE,2.54155375180372e-05,-5.16456735837995e-05,0.275127441368448
"bivt",1e-04,50000,"0.01",TRUE,3.60727566241494e-05,-5.48901269177269e-05,0.275127441368448
"bivt",1e-04,50000,"0.05",TRUE,3.93015415918719e-05,-6.07812875746295e-05,0.233396651816159
"bivt",1e-04,50000,"0.1",TRUE,3.65877743781106e-05,-5.9902402046675e-05,0.233396651816159
"bivt",1e-04,50000,"0.01",TRUE,4.59303422936446e-05,-6.33235564139509e-05,0.233396651816159
"bivt",1e-04,50000,"0.05",TRUE,3.94871294862764e-05,-5.33363604882837e-05,0.263208149793259
"bivt",1e-04,50000,"0.1",TRUE,3.43794573477272e-05,-5.22990068217408e-05,0.263208149793259
"bivt",1e-04,50000,"0.01",TRUE,4.56781436268533e-05,-5.50466042018253e-05,0.263208149793259
"bivt",1e-04,50000,"0.05",TRUE,3.2059355863974e-05,-7.645888322167e-05,0.228234822574897
"bivt",1e-04,50000,"0.1",TRUE,2.89592230763537e-05,-7.55976779098164e-05,0.228234822574897
"bivt",1e-04,50000,"0.01",TRUE,3.77402218773081e-05,-7.71644311524076e-05,0.228234822574897
"bivt",1e-04,50000,"0.05",TRUE,2.9108624090528e-05,-4.80632068298764e-05,0.26939288737661
"bivt",1e-04,50000,"0.1",TRUE,2.71145364736365e-05,-4.70220364747296e-05,0.26939288737661
"bivt",1e-04,50000,"0.01",TRUE,3.75557056929681e-05,-4.97470510241703e-05,0.26939288737661
"bivt",1e-04,50000,"0.05",FALSE,2.47402213024239e-05,-7.13207547635631e-05,0.285252585208873
"bivt",1e-04,50000,"0.1",FALSE,2.09204549262085e-05,-7.10393536292792e-05,0.285252585208873
"bivt",1e-04,50000,"0.01",FALSE,3.26141236408893e-05,-7.23989666550334e-05,0.285252585208873
"bivt",1e-04,50000,"0.05",TRUE,0.00013094583218505,-4.47173664455334e-05,0.281774289716473
"bivt",1e-04,50000,"0.1",TRUE,0.000124726647288331,-4.32333532693897e-05,0.281774289716473
"bivt",1e-04,50000,"0.01",TRUE,0.000138810901800415,-4.76588951407124e-05,0.281774289716473
"bivt",1e-04,50000,"0.05",TRUE,2.90074536174741e-05,-7.12509321123386e-05,0.246203770610512
"bivt",1e-04,50000,"0.1",TRUE,2.57012520149222e-05,-7.02686667377451e-05,0.246203770610512
"bivt",1e-04,50000,"0.01",TRUE,3.87395140249445e-05,-7.3473027623665e-05,0.246203770610512
"bivt",1e-04,50000,"0.05",TRUE,6.42987851056609e-05,-4.72944865956013e-05,0.254762249448938
"bivt",1e-04,50000,"0.1",TRUE,6.1675521745017e-05,-4.6067668527286e-05,0.254762249448938
"bivt",1e-04,50000,"0.01",TRUE,6.96379416928156e-05,-4.93519005637194e-05,0.254762249448938
"bivt",1e-04,50000,"0.05",TRUE,4.52644147122919e-05,-3.82250740345183e-05,0.283470918707253
"bivt",1e-04,50000,"0.1",TRUE,4.34384390601905e-05,-3.64227230472351e-05,0.283470918707253
"bivt",1e-04,50000,"0.01",TRUE,4.80247436837435e-05,-4.02258323400378e-05,0.283470918707253
"bivt",1e-04,50000,"0.05",TRUE,4.04851550374041e-05,-3.72851214783305e-05,0.27389254818812
"bivt",1e-04,50000,"0.1",TRUE,3.95506018880723e-05,-3.64361989184828e-05,0.27389254818812
"bivt",1e-04,50000,"0.01",TRUE,4.69934372799794e-05,-4.0382528333349e-05,0.27389254818812
"bivt",1e-04,50000,"0.05",FALSE,4.04211879631526e-05,-6.43096328249501e-05,0.291575633832938
"bivt",1e-04,50000,"0.1",FALSE,3.93581947715517e-05,-6.33197430783852e-05,0.291575633832938
"bivt",1e-04,50000,"0.01",TRUE,4.79015318013175e-05,-6.58409390623871e-05,0.291575633832938
"bivt",1e-04,50000,"0.05",TRUE,3.88833141500282e-05,-5.95753372749406e-05,0.28266333425184
"bivt",1e-04,50000,"0.1",TRUE,3.44466548452105e-05,-5.841859812401e-05,0.28266333425184
"bivt",1e-04,50000,"0.01",TRUE,4.72892901417448e-05,-6.07711479903167e-05,0.28266333425184
"bivt",1e-04,50000,"0.05",TRUE,2.82682667967978e-05,-5.50450670657566e-05,0.233687605711662
"bivt",1e-04,50000,"0.1",TRUE,2.49003884606116e-05,-5.3549645334086e-05,0.233687605711662
"bivt",1e-04,50000,"0.01",TRUE,3.44626009478025e-05,-5.7131420624816e-05,0.233687605711662
"bivt",1e-04,50000,"0.05",TRUE,2.90048764677036e-05,-7.90957058636193e-05,0.239318771494299
"bivt",1e-04,50000,"0.1",TRUE,2.61530000225564e-05,-7.86115110781076e-05,0.239318771494299
"bivt",1e-04,50000,"0.01",TRUE,3.58698782798415e-05,-8.00513943312252e-05,0.239318771494299
"bivt",1e-04,50000,"0.05",TRUE,2.52496372079996e-05,-6.66351147532036e-05,0.258077109461983
"bivt",1e-04,50000,"0.1",TRUE,2.24823427720447e-05,-6.61550050917545e-05,0.258077109461983
"bivt",1e-04,50000,"0.01",TRUE,3.10008091428288e-05,-6.77673628515461e-05,0.258077109461983
"bivt",1e-04,50000,"0.05",TRUE,0.000123662218524456,-5.26953095169949e-05,0.263508739398835
"bivt",1e-04,50000,"0.1",TRUE,0.000121197154840924,-5.16168535041163e-05,0.263508739398835
"bivt",1e-04,50000,"0.01",TRUE,0.000128975626793794,-5.63823884556636e-05,0.263508739398835
"bivt",1e-04,50000,"0.05",TRUE,4.12340198025018e-05,-5.45101423426832e-05,0.282637111697795
"bivt",1e-04,50000,"0.1",TRUE,3.84391140847343e-05,-5.38056747619882e-05,0.282637111697795
"bivt",1e-04,50000,"0.01",TRUE,5.08997320099171e-05,-5.60818252437686e-05,0.282637111697795
"bivt",1e-04,50000,"0.05",TRUE,8.97097656256899e-05,-4.23975298837037e-05,0.266577650335816
"bivt",1e-04,50000,"0.1",TRUE,8.47236000184288e-05,-4.11469870154904e-05,0.266577650335816
"bivt",1e-04,50000,"0.01",TRUE,9.52354923190495e-05,-4.43127749486731e-05,0.266577650335816
"bivt",1e-04,50000,"0.05",FALSE,2.92167454943537e-05,-5.47874177919368e-05,0.302021476267327
"bivt",1e-04,50000,"0.1",FALSE,2.68798201129732e-05,-5.36370982595633e-05,0.302021476267327
"bivt",1e-04,50000,"0.01",FALSE,3.51150462735543e-05,-5.59000857945194e-05,0.302021476267327
"bivt",1e-04,50000,"0.05",TRUE,2.71500135363544e-05,-7.24078472113752e-05,0.256670134490019
"bivt",1e-04,50000,"0.1",TRUE,2.32016301074352e-05,-7.19772329840581e-05,0.256670134490019
"bivt",1e-04,50000,"0.01",TRUE,3.30884761214175e-05,-7.40839186429235e-05,0.256670134490019
"bivt",1e-04,50000,"0.05",TRUE,2.60119214728414e-05,-6.43269609184786e-05,0.253319128819687
"bivt",1e-04,50000,"0.1",TRUE,2.39210636093692e-05,-6.366696898342e-05,0.253319128819687
"bivt",1e-04,50000,"0.01",TRUE,3.02689588362482e-05,-6.54463051937887e-05,0.253319128819687
"bivt",1e-04,50000,"0.05",TRUE,4.48575382590761e-05,-4.98349111441397e-05,0.265626441063004
"bivt",1e-04,50000,"0.1",TRUE,3.97725030413173e-05,-4.91375783760546e-05,0.265626441063004
"bivt",1e-04,50000,"0.01",TRUE,5.08180209523259e-05,-5.27882500928112e-05,0.265626441063004
"bivt",1e-04,50000,"0.05",TRUE,6.91176168965464e-05,-3.69476665008964e-05,0.289369302753862
"bivt",1e-04,50000,"0.1",TRUE,6.81295803528467e-05,-3.54675794581182e-05,0.289369302753862
"bivt",1e-04,50000,"0.01",TRUE,7.33378168263715e-05,-3.94606431309875e-05,0.289369302753862
"bivt",1e-04,50000,"0.05",FALSE,2.72185753172654e-05,-5.49893169102487e-05,0.282174679651115
"bivt",1e-04,50000,"0.1",FALSE,2.50305992835698e-05,-5.36460567382249e-05,0.282174679651115
"bivt",1e-04,50000,"0.01",FALSE,3.35436939707037e-05,-5.70242396729995e-05,0.282174679651115
"bivt",1e-04,50000,"0.05",TRUE,5.84171891091584e-05,-5.81031527686134e-05,0.301256434973336
"bivt",1e-04,50000,"0.1",TRUE,5.71927191312805e-05,-5.72034511691069e-05,0.301256434973336
"bivt",1e-04,50000,"0.01",TRUE,6.44471792957438e-05,-5.99428493953865e-05,0.301256434973336
"bivt",1e-04,50000,"0.05",TRUE,0.000100375009937701,-5.88219287745321e-05,0.25080635555177
"bivt",1e-04,50000,"0.1",TRUE,9.7699723118928e-05,-5.82021717492992e-05,0.25080635555177
"bivt",1e-04,50000,"0.01",TRUE,0.000111688507826187,-6.07010098807438e-05,0.25080635555177
"bivt",1e-04,50000,"0.05",TRUE,2.48753680955881e-05,-6.2078208934467e-05,0.258591784962982
"bivt",1e-04,50000,"0.1",TRUE,2.23282224276288e-05,-6.08522048093712e-05,0.258591784962982
"bivt",1e-04,50000,"0.01",TRUE,2.95534031376225e-05,-6.36524539418573e-05,0.258591784962982
"bivt",1e-04,50000,"0.05",TRUE,5.78746716835703e-05,-3.53005314916411e-05,0.287683882235756
"bivt",1e-04,50000,"0.1",TRUE,5.24484789517889e-05,-3.38938735710288e-05,0.287683882235756
"bivt",1e-04,50000,"0.01",TRUE,6.27223277300281e-05,-3.78691732618505e-05,0.287683882235756
"bivt",1e-04,50000,"0.05",TRUE,3.1205116393098e-05,-6.25785738296243e-05,0.251157057390971
"bivt",1e-04,50000,"0.1",TRUE,2.9584602935366e-05,-6.19731546953414e-05,0.251157057390971
"bivt",1e-04,50000,"0.01",TRUE,3.96970167915164e-05,-6.42265827108066e-05,0.251157057390971
"bivt",1e-04,50000,"0.05",TRUE,2.7846764164187e-05,-6.12847957064217e-05,0.275925390375426
"bivt",1e-04,50000,"0.1",TRUE,2.42844200240569e-05,-6.03821901411856e-05,0.275925390375426
"bivt",1e-04,50000,"0.01",TRUE,3.39994055355084e-05,-6.27092766276341e-05,0.275925390375426
"bivt",1e-04,50000,"0.05",TRUE,2.68563646851079e-05,-6.69953013919315e-05,0.266878328993105
"bivt",1e-04,50000,"0.1",TRUE,2.34360905977359e-05,-6.5742978955363e-05,0.266878328993105
"bivt",1e-04,50000,"0.01",TRUE,3.19597428830601e-05,-6.91279616010704e-05,0.266878328993105
"bivt",1e-04,50000,"0.05",TRUE,2.30921976448705e-05,-6.43054346985208e-05,0.25768227833245
"bivt",1e-04,50000,"0.1",TRUE,2.06367013019251e-05,-6.35719463441123e-05,0.25768227833245
"bivt",1e-04,50000,"0.01",TRUE,2.85374377172532e-05,-6.55491134646015e-05,0.25768227833245
