"dist","p","n","alpha","is_covered","c_plus_estimate","c_minus_estimate"
"bivt",0.005,1000,"0.05",TRUE,0.008,-0.00247736448423911
"bivt",0.005,1000,"0.1",TRUE,0.007,-0.00243414664183052
"bivt",0.005,1000,"0.01",TRUE,0.009,-0.00275881197443411
"bivt",0.005,1000,"0.05",TRUE,0.007,-0.00290317723319021
"bivt",0.005,1000,"0.1",TRUE,0.006,-0.00283021067190589
"bivt",0.005,1000,"0.01",TRUE,0.008,-0.00311572828657989
"bivt",0.005,1000,"0.05",TRUE,0.008,-0.00264626204651463
"bivt",0.005,1000,"0.1",TRUE,0.007,-0.00249285965800368
"bivt",0.005,1000,"0.01",TRUE,0.01,-0.00295380780765257
"bivt",0.005,1000,"0.05",TRUE,0.007,-0.00307303001545428
"bivt",0.005,1000,"0.1",TRUE,0.006,-0.00280054051842407
"bivt",0.005,1000,"0.01",TRUE,0.008,-0.00346055898252592
"bivt",0.005,1000,"0.05",TRUE,0.008,-0.00335308230356648
"bivt",0.005,1000,"0.1",TRUE,0.007,-0.00296882975204893
"bivt",0.005,1000,"0.01",TRUE,0.011,-0.00354025604284434
"bivt",0.005,1000,"0.05",TRUE,0.01,-0.00331280796200546
"bivt",0.005,1000,"0.1",TRUE,0.009,-0.00326458426912605
"bivt",0.005,1000,"0.01",TRUE,0.0120049999999999,-0.00338847990034567
"bivt",0.005,1000,"0.05",TRUE,0.008,-0.00275670822512277
"bivt",0.005,1000,"0.1",TRUE,0.007,-0.00264680239844999
"bivt",0.005,1000,"0.01",TRUE,0.01,-0.00298312966671201
"bivt",0.005,1000,"0.05",TRUE,0.00496874257173856,-0.00255902432419694
"bivt",0.005,1000,"0.1",TRUE,0.00429743800775914,-0.00234788266529598
"bivt",0.005,1000,"0.01",TRUE,0.007,-0.00287464896410138
"bivt",0.005,1000,"0.05",TRUE,0.007,-0.00294716013711718
"bivt",0.005,1000,"0.1",TRUE,0.006,-0.0027927170053994
"bivt",0.005,1000,"0.01",TRUE,0.009,-0.00317693886425692
"bivt",0.005,1000,"0.05",TRUE,0.008,-0.0027020415585539
"bivt",0.005,1000,"0.1",TRUE,0.007,-0.00252469480834471
"bivt",0.005,1000,"0.01",TRUE,0.01,-0.00289228592685245
"bivt",0.005,1000,"0.05",TRUE,0.008,-0.0026989193514764
"bivt",0.005,1000,"0.1",TRUE,0.007,-0.00257525403536132
"bivt",0.005,1000,"0.01",TRUE,0.01,-0.0029556568183872
"bivt",0.005,1000,"0.05",TRUE,0.006,-0.0034065773596741
"bivt",0.005,1000,"0.1",TRUE,0.00487389212185121,-0.0031839808225465
"bivt",0.005,1000,"0.01",TRUE,0.008,-0.00356885751378422
"bivt",0.005,1000,"0.05",TRUE,0.007,-0.00282337706760462
"bivt",0.005,1000,"0.1",TRUE,0.007,-0.00268720623231159
"bivt",0.005,1000,"0.01",TRUE,0.00900499999999988,-0.00313115940903207
"bivt",0.005,1000,"0.05",TRUE,0.009,-0.00278948248632123
"bivt",0.005,1000,"0.1",TRUE,0.008,-0.00271251976085708
"bivt",0.005,1000,"0.01",TRUE,0.01,-0.00313996844888207
"bivt",0.005,1000,"0.05",TRUE,0.008,-0.00315790183350633
"bivt",0.005,1000,"0.1",TRUE,0.007,-0.00300981672990393
"bivt",0.005,1000,"0.01",TRUE,0.01,-0.00327256392192723
"bivt",0.005,1000,"0.05",TRUE,0.006,-0.00238796727409387
"bivt",0.005,1000,"0.1",TRUE,0.006,-0.00230528281197298
"bivt",0.005,1000,"0.01",TRUE,0.008,-0.00283124734179126
"bivt",0.005,1000,"0.05",FALSE,0.008,-0.00343766431528234
"bivt",0.005,1000,"0.1",FALSE,0.007,-0.00305510860197452
"bivt",0.005,1000,"0.01",TRUE,0.01,-0.00379546264511281
"bivt",0.005,1000,"0.05",TRUE,0.011,-0.00296103100263906
"bivt",0.005,1000,"0.1",TRUE,0.01,-0.00286989648230769
"bivt",0.005,1000,"0.01",TRUE,0.013,-0.00319156794323879
"bivt",0.005,1000,"0.05",TRUE,0.008,-0.00287835897677569
"bivt",0.005,1000,"0.1",TRUE,0.007,-0.00272089913236093
"bivt",0.005,1000,"0.01",TRUE,0.009,-0.00307894220120918
"bivt",0.005,1000,"0.05",TRUE,0.011,-0.00347941519081207
"bivt",0.005,1000,"0.1",TRUE,0.01,-0.00335478354783923
"bivt",0.005,1000,"0.01",TRUE,0.013,-0.00356333535531285
"bivt",0.005,1000,"0.05",TRUE,0.009,-0.00339606766861524
"bivt",0.005,1000,"0.1",TRUE,0.008,-0.00312072194330026
"bivt",0.005,1000,"0.01",TRUE,0.012,-0.00353170750703299
"bivt",0.005,1000,"0.05",TRUE,0.009,-0.00312466793545498
"bivt",0.005,1000,"0.1",TRUE,0.008,-0.00287574275210524
"bivt",0.005,1000,"0.01",TRUE,0.011,-0.00344815418855221
"bivt",0.005,1000,"0.05",TRUE,0.008,-0.00276064304029244
"bivt",0.005,1000,"0.1",TRUE,0.007,-0.00253767619115205
"bivt",0.005,1000,"0.01",TRUE,0.01,-0.00288005803085134
"bivt",0.005,1000,"0.05",TRUE,0.008,-0.00294757425676875
"bivt",0.005,1000,"0.1",TRUE,0.007,-0.00287935530835941
"bivt",0.005,1000,"0.01",TRUE,0.011,-0.00322251747384174
"bivt",0.005,1000,"0.05",TRUE,0.007,-0.00281306500886322
"bivt",0.005,1000,"0.1",TRUE,0.006,-0.00262608845182632
"bivt",0.005,1000,"0.01",TRUE,0.00800499999999988,-0.00318046887597099
"bivt",0.005,1000,"0.05",TRUE,0.007,-0.00309322924561346
"bivt",0.005,1000,"0.1",TRUE,0.006,-0.00287701393722964
"bivt",0.005,1000,"0.01",TRUE,0.009,-0.00348830857511807
"bivt",0.005,1000,"0.05",TRUE,0.00484605324012664,-0.0033142891841055
"bivt",0.005,1000,"0.1",TRUE,0.00484605324012664,-0.00299988411162002
"bivt",0.005,1000,"0.01",TRUE,0.006,-0.00367370488300245
"bivt",0.005,1000,"0.05",TRUE,0.009,-0.00319311420144091
"bivt",0.005,1000,"0.1",TRUE,0.008,-0.00291164192639271
"bivt",0.005,1000,"0.01",TRUE,0.011,-0.00347674688199248
"bivt",0.005,1000,"0.05",TRUE,0.01,-0.00351291866781565
"bivt",0.005,1000,"0.1",TRUE,0.009,-0.00344527798010195
"bivt",0.005,1000,"0.01",TRUE,0.013,-0.00367339595430542
"bivt",0.005,1000,"0.05",TRUE,0.008,-0.00278593677726183
"bivt",0.005,1000,"0.1",TRUE,0.007,-0.00263702178713846
"bivt",0.005,1000,"0.01",TRUE,0.01,-0.00316581183591262
"bivt",0.005,1000,"0.05",TRUE,0.01,-0.00370882017818814
"bivt",0.005,1000,"0.1",TRUE,0.009,-0.00325212603107727
"bivt",0.005,1000,"0.01",TRUE,0.012,-0.00393861172647813
"bivt",0.005,1000,"0.05",TRUE,0.008,-0.00256890340522998
"bivt",0.005,1000,"0.1",TRUE,0.007,-0.00237708147116236
"bivt",0.005,1000,"0.01",TRUE,0.01,-0.00288712747182681
"bivt",0.005,1000,"0.05",TRUE,0.008,-0.00302111295052828
"bivt",0.005,1000,"0.1",TRUE,0.007,-0.00273239103310533
"bivt",0.005,1000,"0.01",TRUE,0.01,-0.0035728448378993
"bivt",0.005,1000,"0.05",TRUE,0.007,-0.00323718359571513
"bivt",0.005,1000,"0.1",TRUE,0.006,-0.00305125422252376
"bivt",0.005,1000,"0.01",TRUE,0.01,-0.00343306727220902
"bivt",0.005,1000,"0.05",TRUE,0.007,-0.00217230464482162
"bivt",0.005,1000,"0.1",TRUE,0.006,-0.00212795571995554
"bivt",0.005,1000,"0.01",TRUE,0.009,-0.00243587573205248
"bivt",0.005,1000,"0.05",TRUE,0.008,-0.00258849350742619
"bivt",0.005,1000,"0.1",TRUE,0.007,-0.00251837313928316
"bivt",0.005,1000,"0.01",TRUE,0.01,-0.00277539161938802
"bivt",0.005,1000,"0.05",TRUE,0.008,-0.0030121669072118
"bivt",0.005,1000,"0.1",TRUE,0.007,-0.00289557916624841
"bivt",0.005,1000,"0.01",TRUE,0.01,-0.00335837295116554
"bivt",0.005,1000,"0.05",TRUE,0.009,-0.00300234460953338
"bivt",0.005,1000,"0.1",TRUE,0.008,-0.00275179576702704
"bivt",0.005,1000,"0.01",TRUE,0.011,-0.00330880582125448
"bivt",0.005,1000,"0.05",TRUE,0.008,-0.0033686318335124
"bivt",0.005,1000,"0.1",TRUE,0.007,-0.00317457733768491
"bivt",0.005,1000,"0.01",TRUE,0.01,-0.0035682734019819
"bivt",0.005,1000,"0.05",TRUE,0.009,-0.00397283318373848
"bivt",0.005,1000,"0.1",TRUE,0.008,-0.00361400141506982
"bivt",0.005,1000,"0.01",TRUE,0.012,-0.00408233432055122
"bivt",0.005,1000,"0.05",TRUE,0.008,-0.00246604839184799
"bivt",0.005,1000,"0.1",TRUE,0.007,-0.00222951775028232
"bivt",0.005,1000,"0.01",TRUE,0.0100049999999999,-0.00263181039745668
"bivt",0.005,1000,"0.05",TRUE,0.008,-0.00347787449288148
"bivt",0.005,1000,"0.1",TRUE,0.007,-0.00347201686636285
"bivt",0.005,1000,"0.01",TRUE,0.01,-0.00390498022374795
"bivt",0.005,1000,"0.05",TRUE,0.009,-0.00283461415782299
"bivt",0.005,1000,"0.1",TRUE,0.008,-0.00261241241691229
"bivt",0.005,1000,"0.01",TRUE,0.011,-0.00311737514953382
"bivt",0.005,1000,"0.05",TRUE,0.006,-0.00296082051710948
"bivt",0.005,1000,"0.1",TRUE,0.00415735375269658,-0.00277557862866311
"bivt",0.005,1000,"0.01",TRUE,0.008,-0.00313793554656328
"bivt",0.005,1000,"0.05",TRUE,0.009,-0.00339905650064605
"bivt",0.005,1000,"0.1",TRUE,0.009,-0.0033800828701032
"bivt",0.005,1000,"0.01",TRUE,0.0110049999999999,-0.00365261650825136
"bivt",0.005,1000,"0.05",TRUE,0.006,-0.00219659045735653
"bivt",0.005,1000,"0.1",TRUE,0.006,-0.00205497865211215
"bivt",0.005,1000,"0.01",TRUE,0.008,-0.00246793009850746
"bivt",0.005,1000,"0.05",TRUE,0.00440109670152298,-0.00304418324472001
"bivt",0.005,1000,"0.1",TRUE,0.00395232663538215,-0.00293302714176461
"bivt",0.005,1000,"0.01",TRUE,0.00456021332627292,-0.00326389817387665
"bivt",0.005,1000,"0.05",TRUE,0.007,-0.0026663290410382
"bivt",0.005,1000,"0.1",TRUE,0.006,-0.0024898577409725
"bivt",0.005,1000,"0.01",TRUE,0.008,-0.00283782350632811
"bivt",0.005,1000,"0.05",TRUE,0.009,-0.00341848759457748
"bivt",0.005,1000,"0.1",TRUE,0.008,-0.00337827022552215
"bivt",0.005,1000,"0.01",TRUE,0.011,-0.00356832147601908
"bivt",0.005,1000,"0.05",TRUE,0.009,-0.00288183915410546
"bivt",0.005,1000,"0.1",TRUE,0.008,-0.00267541865558197
"bivt",0.005,1000,"0.01",TRUE,0.011,-0.0032074402670459
"bivt",0.005,1000,"0.05",FALSE,0.007,-0.00217141918654352
"bivt",0.005,1000,"0.1",FALSE,0.006,-0.00209841286123048
"bivt",0.005,1000,"0.01",FALSE,0.009,-0.00256499038884402
"bivt",0.005,1000,"0.05",TRUE,0.008,-0.00302114230223734
"bivt",0.005,1000,"0.1",TRUE,0.007,-0.00283442866983118
"bivt",0.005,1000,"0.01",TRUE,0.01,-0.0032943203255046
"bivt",0.005,1000,"0.05",TRUE,0.007,-0.00274950123005743
"bivt",0.005,1000,"0.1",TRUE,0.007,-0.00263882546340367
"bivt",0.005,1000,"0.01",TRUE,0.009,-0.00294913738157514
"bivt",0.005,1000,"0.05",TRUE,0.011,-0.00299985360538221
"bivt",0.005,1000,"0.1",TRUE,0.01,-0.00290365974764053
"bivt",0.005,1000,"0.01",TRUE,0.014,-0.00320156831976906
"bivt",0.005,1000,"0.05",TRUE,0.009,-0.00299670676151318
"bivt",0.005,1000,"0.1",TRUE,0.008,-0.0029483093483934
"bivt",0.005,1000,"0.01",TRUE,0.011,-0.00333647829097569
"bivt",0.005,1000,"0.05",TRUE,0.007,-0.00256259373235455
"bivt",0.005,1000,"0.1",TRUE,0.006,-0.00240774930518502
"bivt",0.005,1000,"0.01",TRUE,0.008,-0.00294444259481256
"bivt",0.005,1000,"0.05",TRUE,0.008,-0.00307981901881359
"bivt",0.005,1000,"0.1",TRUE,0.007,-0.00289135408199363
"bivt",0.005,1000,"0.01",TRUE,0.01,-0.00344351300792334
"bivt",0.005,1000,"0.05",TRUE,0.006,-0.00252114342980026
"bivt",0.005,1000,"0.1",TRUE,0.00485383471865507,-0.00236277982753055
"bivt",0.005,1000,"0.01",TRUE,0.008,-0.00280455101270287
"bivt",0.005,1000,"0.05",TRUE,0.00436836281232017,-0.00261044735147051
"bivt",0.005,1000,"0.1",TRUE,0.00427519935484267,-0.00230462518974263
"bivt",0.005,1000,"0.01",TRUE,0.006,-0.00297787098362303
"bivt",0.005,1000,"0.05",TRUE,0.007,-0.00343326595315253
"bivt",0.005,1000,"0.1",TRUE,0.007,-0.00330537840085305
"bivt",0.005,1000,"0.01",TRUE,0.009,-0.00372775122687863
"bivt",0.005,1000,"0.05",TRUE,0.008,-0.00303266620302209
"bivt",0.005,1000,"0.1",TRUE,0.007,-0.00293709431546713
"bivt",0.005,1000,"0.01",TRUE,0.01,-0.00338530954623613
"bivt",0.005,1000,"0.05",TRUE,0.009,-0.00338038891033032
"bivt",0.005,1000,"0.1",TRUE,0.008,-0.00333750211931158
"bivt",0.005,1000,"0.01",TRUE,0.01,-0.00350162683201293
"bivt",0.005,1000,"0.05",TRUE,0.007,-0.00286937452146925
"bivt",0.005,1000,"0.1",TRUE,0.006,-0.00270888765489645
"bivt",0.005,1000,"0.01",TRUE,0.009,-0.00320571434808658
"bivt",0.005,1000,"0.05",TRUE,0.00353737214710583,-0.00215331007247875
"bivt",0.005,1000,"0.1",TRUE,0.00269890180610138,-0.00200860730793719
"bivt",0.005,1000,"0.01",TRUE,0.006,-0.00253155965099228
"bivt",0.005,1000,"0.05",TRUE,0.009,-0.00338575647063512
"bivt",0.005,1000,"0.1",TRUE,0.008,-0.00326486194626354
"bivt",0.005,1000,"0.01",TRUE,0.011,-0.00355105973600624
"bivt",0.005,1000,"0.05",TRUE,0.01,-0.00337638445345072
"bivt",0.005,1000,"0.1",TRUE,0.009,-0.00326845802046222
"bivt",0.005,1000,"0.01",TRUE,0.012,-0.00343987616666363
"bivt",0.005,1000,"0.05",TRUE,0.01,-0.00284677990000158
"bivt",0.005,1000,"0.1",TRUE,0.009,-0.00267618753897658
"bivt",0.005,1000,"0.01",TRUE,0.012,-0.00299999445327957
"bivt",0.005,1000,"0.05",TRUE,0.007,-0.00311039927212723
"bivt",0.005,1000,"0.1",TRUE,0.006,-0.00301621473531991
"bivt",0.005,1000,"0.01",TRUE,0.008,-0.00323436835002315
"bivt",0.005,1000,"0.05",TRUE,0.008,-0.00279476950159752
"bivt",0.005,1000,"0.1",TRUE,0.007,-0.00261071808788428
"bivt",0.005,1000,"0.01",TRUE,0.01,-0.00313243302774386
"bivt",0.005,1000,"0.05",TRUE,0.006,-0.00282984011968812
"bivt",0.005,1000,"0.1",TRUE,0.00427392744449182,-0.00278824694559302
"bivt",0.005,1000,"0.01",TRUE,0.008,-0.00308834080259773
"bivt",0.005,1000,"0.05",TRUE,0.006,-0.00264002849946698
"bivt",0.005,1000,"0.1",TRUE,0.00477934679595022,-0.00256147979055772
"bivt",0.005,1000,"0.01",TRUE,0.00700499999999988,-0.00306852069852395
"bivt",0.005,1000,"0.05",TRUE,0.009,-0.00298129013465368
"bivt",0.005,1000,"0.1",TRUE,0.008,-0.0029381337867653
"bivt",0.005,1000,"0.01",TRUE,0.011,-0.00306355347570569
"bivt",0.005,1000,"0.05",TRUE,0.008,-0.00288336316230169
"bivt",0.005,1000,"0.1",TRUE,0.007,-0.00261662846189258
"bivt",0.005,1000,"0.01",TRUE,0.01,-0.00321414052189288
"bivt",0.005,1000,"0.05",TRUE,0.009,-0.00293429392112068
"bivt",0.005,1000,"0.1",TRUE,0.008,-0.00282475647378027
"bivt",0.005,1000,"0.01",TRUE,0.011,-0.00314602282006813
"bivt",0.005,1000,"0.05",TRUE,0.01,-0.00316228829586695
"bivt",0.005,1000,"0.1",TRUE,0.009,-0.00310554976898317
"bivt",0.005,1000,"0.01",TRUE,0.0110049999999999,-0.00354204612267854
"bivt",0.005,1000,"0.05",TRUE,0.009,-0.00252001940049414
"bivt",0.005,1000,"0.1",TRUE,0.007,-0.00239886026368656
"bivt",0.005,1000,"0.01",TRUE,0.011,-0.00277803253921721
"bivt",0.005,1000,"0.05",TRUE,0.006,-0.00308408488755016
"bivt",0.005,1000,"0.1",TRUE,0.006,-0.00282816415352766
"bivt",0.005,1000,"0.01",TRUE,0.009,-0.00331278346606504
"bivt",0.005,1000,"0.05",TRUE,0.008,-0.00261496823605635
"bivt",0.005,1000,"0.1",TRUE,0.007,-0.00258092008575925
"bivt",0.005,1000,"0.01",TRUE,0.01,-0.00290141624194499
"bivt",0.005,1000,"0.05",TRUE,0.009,-0.00287338678282679
"bivt",0.005,1000,"0.1",TRUE,0.009,-0.00277145695858512
"bivt",0.005,1000,"0.01",TRUE,0.0110049999999999,-0.00308530634661869
"bivt",0.005,1000,"0.05",TRUE,0.007,-0.00281505326455429
"bivt",0.005,1000,"0.1",TRUE,0.006,-0.00267825518777837
"bivt",0.005,1000,"0.01",TRUE,0.009,-0.00308437400769017
"bivt",0.005,1000,"0.05",TRUE,0.009,-0.00319897358331038
"bivt",0.005,1000,"0.1",TRUE,0.008,-0.00311983990372263
"bivt",0.005,1000,"0.01",TRUE,0.011,-0.00338864148507875
"bivt",0.005,1000,"0.05",TRUE,0.009,-0.00282087268913585
"bivt",0.005,1000,"0.1",TRUE,0.008,-0.00258441390256357
"bivt",0.005,1000,"0.01",TRUE,0.011,-0.00296410542183491
"bivt",0.005,1000,"0.05",TRUE,0.009,-0.00281070585468226
"bivt",0.005,1000,"0.1",TRUE,0.008,-0.00251170813279266
"bivt",0.005,1000,"0.01",TRUE,0.0110049999999999,-0.00359784937122171
"bivt",0.005,1000,"0.05",TRUE,0.009,-0.00342443107632815
"bivt",0.005,1000,"0.1",TRUE,0.008,-0.00333196440703262
"bivt",0.005,1000,"0.01",TRUE,0.011,-0.00354178320819156
"bivt",0.005,1000,"0.05",TRUE,0.007,-0.00269842257384129
"bivt",0.005,1000,"0.1",TRUE,0.006,-0.00262629118214143
"bivt",0.005,1000,"0.01",TRUE,0.00800499999999988,-0.00306700211149325
"bivt",0.005,1000,"0.05",TRUE,0.008,-0.00299955645034486
"bivt",0.005,1000,"0.1",TRUE,0.007,-0.00293572201181078
"bivt",0.005,1000,"0.01",TRUE,0.01,-0.00314952272608299
"bivt",0.005,1000,"0.05",TRUE,0.009,-0.002895326362937
"bivt",0.005,1000,"0.1",TRUE,0.008,-0.00262267834859152
"bivt",0.005,1000,"0.01",TRUE,0.011,-0.0030563629283181
"bivt",0.005,1000,"0.05",TRUE,0.008,-0.00322683499095906
"bivt",0.005,1000,"0.1",TRUE,0.007,-0.00296526320089537
"bivt",0.005,1000,"0.01",TRUE,0.011,-0.00355220889708154
"bivt",0.005,1000,"0.05",TRUE,0.008,-0.00370061279205521
"bivt",0.005,1000,"0.1",TRUE,0.007,-0.00361901706914718
"bivt",0.005,1000,"0.01",TRUE,0.01,-0.00386591081155175
"bivt",0.005,1000,"0.05",TRUE,0.009,-0.00249108498173791
"bivt",0.005,1000,"0.1",TRUE,0.008,-0.00239802083381348
"bivt",0.005,1000,"0.01",TRUE,0.012,-0.00267014038534615
"bivt",0.005,1000,"0.05",TRUE,0.009,-0.00272853718383864
"bivt",0.005,1000,"0.1",TRUE,0.008,-0.00257291916174377
"bivt",0.005,1000,"0.01",TRUE,0.012,-0.00285466984464956
"bivt",0.005,1000,"0.05",TRUE,0.01,-0.00306626669175776
"bivt",0.005,1000,"0.1",TRUE,0.009,-0.00294212860226889
"bivt",0.005,1000,"0.01",TRUE,0.012,-0.00326439735077588
"bivt",0.005,1000,"0.05",TRUE,0.009,-0.00295426330770969
"bivt",0.005,1000,"0.1",TRUE,0.008,-0.00287342014906253
"bivt",0.005,1000,"0.01",TRUE,0.011,-0.00315025545916054
"bivt",0.005,1000,"0.05",TRUE,0.007,-0.00334682039790801
"bivt",0.005,1000,"0.1",TRUE,0.006,-0.0032657142034671
"bivt",0.005,1000,"0.01",TRUE,0.009,-0.00350202121251638
"bivt",0.005,1000,"0.05",FALSE,0.00488195791165966,-0.00243040613506484
"bivt",0.005,1000,"0.1",FALSE,0.00364817858938668,-0.00210153757794692
"bivt",0.005,1000,"0.01",FALSE,0.006,-0.0027649974638692
"bivt",0.005,1000,"0.05",TRUE,0.008,-0.00308600540555695
"bivt",0.005,1000,"0.1",TRUE,0.007,-0.00285907787114442
"bivt",0.005,1000,"0.01",TRUE,0.01,-0.00326141181484771
"bivt",0.005,1000,"0.05",TRUE,0.009,-0.002573367333457
"bivt",0.005,1000,"0.1",TRUE,0.008,-0.00228341255292805
"bivt",0.005,1000,"0.01",TRUE,0.01,-0.00284109207217938
"bivt",0.005,1000,"0.05",TRUE,0.007,-0.00271821639706632
"bivt",0.005,1000,"0.1",TRUE,0.006,-0.0025915168105788
"bivt",0.005,1000,"0.01",TRUE,0.009,-0.0028694931070853
"bivt",0.005,1000,"0.05",TRUE,0.009,-0.00298089359594615
"bivt",0.005,1000,"0.1",TRUE,0.008,-0.00282749099667741
"bivt",0.005,1000,"0.01",TRUE,0.01,-0.00317423457989837
"bivt",0.005,1000,"0.05",TRUE,0.00802499999999986,-0.00272844565048694
"bivt",0.005,1000,"0.1",TRUE,0.008,-0.00251632376379515
"bivt",0.005,1000,"0.01",TRUE,0.011,-0.00297399447301461
"bivt",0.005,1000,"0.05",TRUE,0.009,-0.00316372707857578
"bivt",0.005,1000,"0.1",TRUE,0.008,-0.00302211356640802
"bivt",0.005,1000,"0.01",TRUE,0.011,-0.00334754419856585
"bivt",0.005,1000,"0.05",TRUE,0.008,-0.00292654516893338
"bivt",0.005,1000,"0.1",TRUE,0.007,-0.00281355693461562
"bivt",0.005,1000,"0.01",TRUE,0.01,-0.00329538411172219
"bivt",0.005,1000,"0.05",TRUE,0.006,-0.00291196213126644
"bivt",0.005,1000,"0.1",TRUE,0.00486547713873881,-0.00264533376957863
"bivt",0.005,1000,"0.01",TRUE,0.008,-0.00312677789726054
"bivt",0.005,1000,"0.05",TRUE,0.009,-0.00287853334907927
"bivt",0.005,1000,"0.1",TRUE,0.008,-0.00278469017564046
"bivt",0.005,1000,"0.01",TRUE,0.012,-0.00328143568836182
"bivt",0.005,1000,"0.05",TRUE,0.009,-0.00342682942966712
"bivt",0.005,1000,"0.1",TRUE,0.008,-0.00320656927010823
"bivt",0.005,1000,"0.01",TRUE,0.011,-0.00367748411813938
"bivt",0.005,1000,"0.05",TRUE,0.008,-0.00267765415963184
"bivt",0.005,1000,"0.1",TRUE,0.007,-0.00247752839372439
"bivt",0.005,1000,"0.01",TRUE,0.009,-0.00285559492433865
"bivt",0.005,1000,"0.05",TRUE,0.009,-0.00253058423533655
"bivt",0.005,1000,"0.1",TRUE,0.008,-0.0024750900228136
"bivt",0.005,1000,"0.01",TRUE,0.011,-0.00283461117428353
"bivt",0.005,1000,"0.05",FALSE,0.00483291341465682,-0.00378856178204224
"bivt",0.005,1000,"0.1",FALSE,0.00394101455678406,-0.00355508088296114
"bivt",0.005,1000,"0.01",TRUE,0.007,-0.0038302601760429
"bivt",0.005,1000,"0.05",TRUE,0.007,-0.00340915311078831
"bivt",0.005,1000,"0.1",TRUE,0.006,-0.00329192279159665
"bivt",0.005,1000,"0.01",TRUE,0.009,-0.00364770082330972
"bivt",0.005,1000,"0.05",TRUE,0.008,-0.00285224612268779
"bivt",0.005,1000,"0.1",TRUE,0.007,-0.00265093069363381
"bivt",0.005,1000,"0.01",TRUE,0.01,-0.00304729094186326
"bivt",0.005,1000,"0.05",TRUE,0.008,-0.00264832397851246
"bivt",0.005,1000,"0.1",TRUE,0.007,-0.00254770363020466
"bivt",0.005,1000,"0.01",TRUE,0.01,-0.00286610864409517
"bivt",0.005,1000,"0.05",FALSE,0.008,-0.00253787596315558
"bivt",0.005,1000,"0.1",FALSE,0.007,-0.00247179498651364
"bivt",0.005,1000,"0.01",FALSE,0.01,-0.00279206721049638
"bivt",0.005,1000,"0.05",TRUE,0.009,-0.00288578301167614
"bivt",0.005,1000,"0.1",TRUE,0.009,-0.00263856793647415
"bivt",0.005,1000,"0.01",TRUE,0.012,-0.00311848243957995
"bivt",0.005,1000,"0.05",TRUE,0.01,-0.0033541211276944
"bivt",0.005,1000,"0.1",TRUE,0.009,-0.00325260113566349
"bivt",0.005,1000,"0.01",TRUE,0.012,-0.00370047338831163
"bivt",0.005,1000,"0.05",TRUE,0.009,-0.00294878790623212
"bivt",0.005,1000,"0.1",TRUE,0.008,-0.00280469917379866
"bivt",0.005,1000,"0.01",TRUE,0.011,-0.0030793725388682
"bivt",0.005,1000,"0.05",TRUE,0.009,-0.0028473043250239
"bivt",0.005,1000,"0.1",TRUE,0.008,-0.00268657589719115
"bivt",0.005,1000,"0.01",TRUE,0.011,-0.00309206474339084
"bivt",0.005,1000,"0.05",TRUE,0.009,-0.00285744150882845
"bivt",0.005,1000,"0.1",TRUE,0.008,-0.00272155802005084
"bivt",0.005,1000,"0.01",TRUE,0.012,-0.00331616406331818
"bivt",0.005,1000,"0.05",TRUE,0.007,-0.00283168329683049
"bivt",0.005,1000,"0.1",TRUE,0.006,-0.00274484212834501
"bivt",0.005,1000,"0.01",TRUE,0.008,-0.00319230041525561
"bivt",0.005,1000,"0.05",TRUE,0.008,-0.00259563871516551
"bivt",0.005,1000,"0.1",TRUE,0.007,-0.00231539305770654
"bivt",0.005,1000,"0.01",TRUE,0.01,-0.00288020558951112
"bivt",0.005,1000,"0.05",TRUE,0.007,-0.00291808857286488
"bivt",0.005,1000,"0.1",TRUE,0.006,-0.00290406500343208
"bivt",0.005,1000,"0.01",TRUE,0.009,-0.00328931998392721
"bivt",0.005,1000,"0.05",TRUE,0.007,-0.0029942549854971
"bivt",0.005,1000,"0.1",TRUE,0.006,-0.00285446978664536
"bivt",0.005,1000,"0.01",TRUE,0.009,-0.00315403606092661
"bivt",0.005,1000,"0.05",FALSE,0.006,-0.00196481752387038
"bivt",0.005,1000,"0.1",FALSE,0.00480869622230006,-0.00182180086442607
"bivt",0.005,1000,"0.01",FALSE,0.007,-0.0022971188627953
"bivt",0.005,1000,"0.05",TRUE,0.008,-0.00305577338668111
"bivt",0.005,1000,"0.1",TRUE,0.007,-0.00278975605282253
"bivt",0.005,1000,"0.01",TRUE,0.01,-0.00333529215043925
"bivt",0.005,1000,"0.05",TRUE,0.008,-0.00295142189823721
"bivt",0.005,1000,"0.1",TRUE,0.007,-0.00285305395622253
"bivt",0.005,1000,"0.01",TRUE,0.01,-0.00332263601649874
"bivt",0.005,1000,"0.05",TRUE,0.009,-0.00372226776296285
"bivt",0.005,1000,"0.1",TRUE,0.008,-0.00355716361281267
"bivt",0.005,1000,"0.01",TRUE,0.011,-0.00381581161041935
"bivt",0.005,1000,"0.05",TRUE,0.01,-0.00327216994384746
"bivt",0.005,1000,"0.1",TRUE,0.009,-0.00310758950029577
"bivt",0.005,1000,"0.01",TRUE,0.012,-0.00352147012048429
"bivt",0.005,1000,"0.05",TRUE,0.011,-0.00293850218294378
"bivt",0.005,1000,"0.1",TRUE,0.009,-0.00281788965909672
"bivt",0.005,1000,"0.01",TRUE,0.013,-0.00317433138629272
"bivt",0.005,1000,"0.05",TRUE,0.006,-0.00266333782951839
"bivt",0.005,1000,"0.1",TRUE,0.006,-0.00257901435023434
"bivt",0.005,1000,"0.01",TRUE,0.008,-0.00305750984148548
"bivt",0.005,1000,"0.05",TRUE,0.008,-0.00242278313024259
"bivt",0.005,1000,"0.1",TRUE,0.007,-0.00225042626877618
"bivt",0.005,1000,"0.01",TRUE,0.01,-0.00285963906281934
"bivt",0.005,1000,"0.05",TRUE,0.007,-0.00283849465890407
"bivt",0.005,1000,"0.1",FALSE,0.006,-0.00262941949108514
"bivt",0.005,1000,"0.01",TRUE,0.009,-0.00304168243745996
"bivt",0.005,1000,"0.05",TRUE,0.008,-0.00311949413077011
"bivt",0.005,1000,"0.1",TRUE,0.007,-0.00301671987696351
"bivt",0.005,1000,"0.01",TRUE,0.01,-0.00347245230317204
"bivt",0.005,1000,"0.05",TRUE,0.008,-0.00277329980040062
"bivt",0.005,1000,"0.1",TRUE,0.007,-0.00256155050290106
"bivt",0.005,1000,"0.01",TRUE,0.01,-0.00299421413358367
"bivt",0.005,1000,"0.05",TRUE,0.008,-0.00290047774999178
"bivt",0.005,1000,"0.1",TRUE,0.007,-0.00264929336530858
"bivt",0.005,1000,"0.01",TRUE,0.009,-0.00318351584575703
"bivt",0.005,1000,"0.05",TRUE,0.007,-0.0034715074981241
"bivt",0.005,1000,"0.1",TRUE,0.006,-0.00325705343482764
"bivt",0.005,1000,"0.01",TRUE,0.009,-0.00385913456714343
"bivt",0.005,1000,"0.05",TRUE,0.009,-0.00321168156011855
"bivt",0.005,1000,"0.1",TRUE,0.008,-0.00301168306176709
"bivt",0.005,1000,"0.01",TRUE,0.011,-0.00342571146135973
"bivt",0.005,1000,"0.05",TRUE,0.00347533626054625,-0.00248312443655499
"bivt",0.005,1000,"0.1",FALSE,0.00326703729809093,-0.00234831845104319
"bivt",0.005,1000,"0.01",TRUE,0.006,-0.00271949391974462
"bivt",0.005,1000,"0.05",TRUE,0.008,-0.00306037474897636
"bivt",0.005,1000,"0.1",TRUE,0.007,-0.00291400964868276
"bivt",0.005,1000,"0.01",TRUE,0.01,-0.00325280192408259
"bivt",0.005,1000,"0.05",TRUE,0.009,-0.00323219612661159
"bivt",0.005,1000,"0.1",TRUE,0.008,-0.00304004752430416
"bivt",0.005,1000,"0.01",TRUE,0.012,-0.00328976558960485
"bivt",0.005,1000,"0.05",TRUE,0.007,-0.00301372076606937
"bivt",0.005,1000,"0.1",TRUE,0.007,-0.0027621581661895
"bivt",0.005,1000,"0.01",TRUE,0.01,-0.00311642598096064
"bivt",0.005,1000,"0.05",TRUE,0.00434282556915779,-0.00319010634642576
"bivt",0.005,1000,"0.1",TRUE,0.0037773680695972,-0.0031026028441078
"bivt",0.005,1000,"0.01",TRUE,0.007,-0.00336405372863448
"bivt",0.005,1000,"0.05",TRUE,0.008,-0.00244055791193362
"bivt",0.005,1000,"0.1",TRUE,0.007,-0.00231452783612171
"bivt",0.005,1000,"0.01",TRUE,0.01,-0.00282682934703243
"bivt",0.005,1000,"0.05",TRUE,0.007,-0.00259767331470615
"bivt",0.005,1000,"0.1",TRUE,0.006,-0.00252866291341431
"bivt",0.005,1000,"0.01",TRUE,0.009,-0.00287750996941842
"bivt",0.005,1000,"0.05",TRUE,0.009,-0.00312078608343726
"bivt",0.005,1000,"0.1",TRUE,0.008,-0.00294649110062836
"bivt",0.005,1000,"0.01",TRUE,0.011,-0.00326882907520849
"bivt",0.005,1000,"0.05",TRUE,0.007,-0.00307490630885271
"bivt",0.005,1000,"0.1",TRUE,0.007,-0.00304897615820055
"bivt",0.005,1000,"0.01",TRUE,0.009,-0.00322104838573729
"bivt",0.005,1000,"0.05",TRUE,0.011,-0.00274627627397369
"bivt",0.005,1000,"0.1",TRUE,0.01,-0.00247690987361851
"bivt",0.005,1000,"0.01",TRUE,0.0130049999999999,-0.00324397608384303
"bivt",0.005,1000,"0.05",TRUE,0.007,-0.00308573263287465
"bivt",0.005,1000,"0.1",TRUE,0.006,-0.00296078149679122
"bivt",0.005,1000,"0.01",TRUE,0.009,-0.00335935301314593
"bivt",0.005,1000,"0.05",TRUE,0.009,-0.0024968748391948
"bivt",0.005,1000,"0.1",TRUE,0.008,-0.00230018189663102
"bivt",0.005,1000,"0.01",TRUE,0.011,-0.00275261907869073
"bivt",0.005,1000,"0.05",TRUE,0.007,-0.00252106380676106
"bivt",0.005,1000,"0.1",TRUE,0.006,-0.00239212441063919
"bivt",0.005,1000,"0.01",TRUE,0.009,-0.00278902083757235
"bivt",0.005,1000,"0.05",TRUE,0.009,-0.00329135878685013
"bivt",0.005,1000,"0.1",TRUE,0.008,-0.00310236789327955
"bivt",0.005,1000,"0.01",TRUE,0.011,-0.00350901675985523
"bivt",0.005,1000,"0.05",TRUE,0.008,-0.00288556028359891
"bivt",0.005,1000,"0.1",TRUE,0.007,-0.00281424822243997
"bivt",0.005,1000,"0.01",TRUE,0.009,-0.00312680467967083
"bivt",0.005,1000,"0.05",TRUE,0.009,-0.00318300956214949
"bivt",0.005,1000,"0.1",TRUE,0.008,-0.00297352747350041
"bivt",0.005,1000,"0.01",TRUE,0.011,-0.00355009508605142
"bivt",0.005,1000,"0.05",TRUE,0.008,-0.00348183654903019
"bivt",0.005,1000,"0.1",TRUE,0.007,-0.00338787356852032
"bivt",0.005,1000,"0.01",TRUE,0.01,-0.00378627955489804
"bivt",0.005,1000,"0.05",TRUE,0.006,-0.0029582769335399
"bivt",0.005,1000,"0.1",TRUE,0.00428623153589121,-0.00268708533272541
"bivt",0.005,1000,"0.01",TRUE,0.007,-0.0031312497044302
"bivt",0.005,1000,"0.05",TRUE,0.01,-0.00345222948055687
"bivt",0.005,1000,"0.1",TRUE,0.009,-0.00323553900212753
"bivt",0.005,1000,"0.01",TRUE,0.0120049999999999,-0.00357004497095546
"bivt",0.005,1000,"0.05",TRUE,0.006,-0.0026015801825574
"bivt",0.005,1000,"0.1",FALSE,0.00474089622661792,-0.0023706050617805
"bivt",0.005,1000,"0.01",TRUE,0.008,-0.00292782816100403
"bivt",0.005,1000,"0.05",TRUE,0.008,-0.00295123637123148
"bivt",0.005,1000,"0.1",TRUE,0.007,-0.00277546602349742
"bivt",0.005,1000,"0.01",TRUE,0.009,-0.00334764050261471
"bivt",0.005,1000,"0.05",TRUE,0.0048838708838701,-0.00361599707275731
"bivt",0.005,1000,"0.1",TRUE,0.0048838708838701,-0.00351257243683792
"bivt",0.005,1000,"0.01",TRUE,0.007,-0.0037330182471097
"bivt",0.005,1000,"0.05",TRUE,0.012,-0.00379874679957929
"bivt",0.005,1000,"0.1",TRUE,0.01,-0.00363971894034517
"bivt",0.005,1000,"0.01",TRUE,0.0140049999999999,-0.00414399298303463
"bivt",0.005,1000,"0.05",TRUE,0.008,-0.00288833188479393
"bivt",0.005,1000,"0.1",TRUE,0.007,-0.00274256164538335
"bivt",0.005,1000,"0.01",TRUE,0.00900499999999988,-0.00312186626571159
"bivt",0.005,1000,"0.05",TRUE,0.009,-0.00303021030490786
"bivt",0.005,1000,"0.1",TRUE,0.008,-0.00288064511626059
"bivt",0.005,1000,"0.01",TRUE,0.011,-0.0032933865085897
"bivt",0.005,1000,"0.05",TRUE,0.009,-0.00255768050328687
"bivt",0.005,1000,"0.1",FALSE,0.008,-0.00236785148968839
"bivt",0.005,1000,"0.01",TRUE,0.012,-0.00278357548817147
"bivt",0.005,1000,"0.05",TRUE,0.006,-0.00311809156377998
"bivt",0.005,1000,"0.1",TRUE,0.0045978699340474,-0.00279905322469847
"bivt",0.005,1000,"0.01",TRUE,0.00700499999999988,-0.00359362175749128
"bivt",0.005,1000,"0.05",TRUE,0.008,-0.00305868066296227
"bivt",0.005,1000,"0.1",TRUE,0.007,-0.00293002618729464
"bivt",0.005,1000,"0.01",TRUE,0.009,-0.00327756327153536
"bivt",0.005,1000,"0.05",TRUE,0.00446139689361888,-0.00268995213140535
"bivt",0.005,1000,"0.1",TRUE,0.00401533069373403,-0.00218169057276918
"bivt",0.005,1000,"0.01",TRUE,0.007,-0.00295629124968794
"bivt",0.005,1000,"0.05",TRUE,0.007,-0.00259130764493747
"bivt",0.005,1000,"0.1",TRUE,0.006,-0.00242508212638696
"bivt",0.005,1000,"0.01",TRUE,0.009,-0.00288815276651969
"bivt",0.005,1000,"0.05",TRUE,0.008,-0.0025332817402668
"bivt",0.005,1000,"0.1",TRUE,0.007,-0.00231131935911251
"bivt",0.005,1000,"0.01",TRUE,0.01,-0.00286731405523723
"bivt",0.005,1000,"0.05",TRUE,0.008,-0.00262161815000001
"bivt",0.005,1000,"0.1",TRUE,0.007,-0.00231815889168967
"bivt",0.005,1000,"0.01",TRUE,0.0100049999999999,-0.00272702473793364
"bivt",0.005,1000,"0.05",TRUE,0.009,-0.00249964105109007
"bivt",0.005,1000,"0.1",FALSE,0.008,-0.00242409078436782
"bivt",0.005,1000,"0.01",TRUE,0.011,-0.00268044510846897
"bivt",0.005,1000,"0.05",TRUE,0.007,-0.00231644263480995
"bivt",0.005,1000,"0.1",TRUE,0.006,-0.00227393815498951
"bivt",0.005,1000,"0.01",TRUE,0.009,-0.00274150186346114
"bivt",0.005,1000,"0.05",TRUE,0.007,-0.00278061311813189
"bivt",0.005,1000,"0.1",TRUE,0.006,-0.00272629640124328
"bivt",0.005,1000,"0.01",TRUE,0.009,-0.00299701150973107
"bivt",0.005,1000,"0.05",TRUE,0.007,-0.00282292989938787
"bivt",0.005,1000,"0.1",TRUE,0.006,-0.00258249819156409
"bivt",0.005,1000,"0.01",TRUE,0.009,-0.00309510156711892
"bivt",0.005,1000,"0.05",TRUE,0.00702499999999986,-0.00273261230513322
"bivt",0.005,1000,"0.1",TRUE,0.007,-0.0027091758690799
"bivt",0.005,1000,"0.01",TRUE,0.01,-0.00320407013097524
"bivt",0.005,1000,"0.05",TRUE,0.009,-0.0037378068607589
"bivt",0.005,1000,"0.1",TRUE,0.008,-0.00363052846626955
"bivt",0.005,1000,"0.01",TRUE,0.011,-0.00401078899778381
"bivt",0.005,1000,"0.05",TRUE,0.01,-0.00337176576810393
"bivt",0.005,1000,"0.1",TRUE,0.009,-0.00311795639135547
"bivt",0.005,1000,"0.01",TRUE,0.013,-0.00353644050434762
"bivt",0.005,1000,"0.05",TRUE,0.008,-0.00278277139691854
"bivt",0.005,1000,"0.1",TRUE,0.007,-0.00255787500915895
"bivt",0.005,1000,"0.01",TRUE,0.011,-0.0028899909604906
"bivt",0.005,1000,"0.05",TRUE,0.007,-0.00287982096975523
"bivt",0.005,1000,"0.1",TRUE,0.006,-0.00273597144991118
"bivt",0.005,1000,"0.01",TRUE,0.00900499999999988,-0.00303593272893939
"bivt",0.005,1000,"0.05",TRUE,0.006,-0.00281439988694129
"bivt",0.005,1000,"0.1",TRUE,0.006,-0.00267862719860494
"bivt",0.005,1000,"0.01",TRUE,0.009,-0.00316222193355689
"bivt",0.005,1000,"0.05",TRUE,0.007,-0.00266402373329597
"bivt",0.005,1000,"0.1",TRUE,0.006,-0.00257923782631677
"bivt",0.005,1000,"0.01",TRUE,0.008,-0.00294735914012386
"bivt",0.005,1000,"0.05",FALSE,0.006,-0.00222713283803152
"bivt",0.005,1000,"0.1",FALSE,0.006,-0.00216895472785051
"bivt",0.005,1000,"0.01",TRUE,0.008,-0.00249955572456314
"bivt",0.005,1000,"0.05",TRUE,0.007,-0.0027054715597062
"bivt",0.005,1000,"0.1",TRUE,0.006,-0.00248838987596192
"bivt",0.005,1000,"0.01",TRUE,0.008,-0.0028413957646999
"bivt",0.005,1000,"0.05",TRUE,0.008,-0.00266874384522656
"bivt",0.005,1000,"0.1",TRUE,0.007,-0.00252431348593588
"bivt",0.005,1000,"0.01",TRUE,0.01,-0.0029273401071249
"bivt",0.005,1000,"0.05",TRUE,0.008,-0.00286458881876718
"bivt",0.005,1000,"0.1",TRUE,0.007,-0.00259104239103675
"bivt",0.005,1000,"0.01",TRUE,0.01,-0.00311771210080829
"bivt",0.005,1000,"0.05",TRUE,0.007,-0.00291951617066769
"bivt",0.005,1000,"0.1",TRUE,0.006,-0.00279995325840138
"bivt",0.005,1000,"0.01",TRUE,0.008,-0.00304020878020541
"bivt",0.005,1000,"0.05",TRUE,0.006,-0.00295284300460941
"bivt",0.005,1000,"0.1",TRUE,0.00399294306454146,-0.00278297765385574
"bivt",0.005,1000,"0.01",TRUE,0.008,-0.00313791301805093
"bivt",0.005,1000,"0.05",TRUE,0.006,-0.00287593483633731
"bivt",0.005,1000,"0.1",TRUE,0.0039141818014572,-0.00269286484142159
"bivt",0.005,1000,"0.01",TRUE,0.007,-0.00311018388771041
"bivt",0.005,1000,"0.05",TRUE,0.00480659904975287,-0.00262497520988288
"bivt",0.005,1000,"0.1",TRUE,0.00474190183279439,-0.00238839648490137
"bivt",0.005,1000,"0.01",TRUE,0.007,-0.00292225356868869
"bivt",0.005,1000,"0.05",TRUE,0.009,-0.00254361926046285
"bivt",0.005,1000,"0.1",TRUE,0.008,-0.00226507768648916
"bivt",0.005,1000,"0.01",TRUE,0.011,-0.00288415806390746
"bivt",0.005,1000,"0.05",TRUE,0.006,-0.00347064878869069
"bivt",0.005,1000,"0.1",TRUE,0.00378806170959523,-0.00341913322983918
"bivt",0.005,1000,"0.01",TRUE,0.00800499999999988,-0.00351707770163646
"bivt",0.005,1000,"0.05",TRUE,0.008,-0.00249824567626761
"bivt",0.005,1000,"0.1",TRUE,0.007,-0.00237953414601703
"bivt",0.005,1000,"0.01",TRUE,0.01,-0.00279465313938534
"bivt",0.005,1000,"0.05",TRUE,0.009,-0.00260693617488678
"bivt",0.005,1000,"0.1",TRUE,0.007,-0.00252377716731162
"bivt",0.005,1000,"0.01",TRUE,0.01,-0.00284768537801876
"bivt",0.005,1000,"0.05",TRUE,0.007,-0.00294442607902483
"bivt",0.005,1000,"0.1",TRUE,0.006,-0.00280989192791139
"bivt",0.005,1000,"0.01",TRUE,0.009,-0.00327431714155641
"bivt",0.005,1000,"0.05",TRUE,0.00487412236449777,-0.00335998740348171
"bivt",0.005,1000,"0.1",TRUE,0.00482434922221438,-0.00284697148187475
"bivt",0.005,1000,"0.01",TRUE,0.007,-0.00358377340948553
"bivt",0.005,1000,"0.05",TRUE,0.006,-0.00294108383851177
"bivt",0.005,1000,"0.1",TRUE,0.00430289380276605,-0.00269660266631258
"bivt",0.005,1000,"0.01",TRUE,0.008,-0.00321988166125928
"bivt",0.005,1000,"0.05",TRUE,0.008,-0.00267385325729308
"bivt",0.005,1000,"0.1",TRUE,0.007,-0.00263042268912312
"bivt",0.005,1000,"0.01",TRUE,0.01,-0.00324320526173555
"bivt",0.005,1000,"0.05",TRUE,0.01,-0.00317579662001129
"bivt",0.005,1000,"0.1",TRUE,0.009,-0.00298869690328772
"bivt",0.005,1000,"0.01",TRUE,0.013,-0.00336054669164043
"bivt",0.005,1000,"0.05",FALSE,0.00342927948331761,-0.00213976194211222
"bivt",0.005,1000,"0.1",FALSE,0.00223085270006252,-0.00201721169645473
"bivt",0.005,1000,"0.01",TRUE,0.00485912655820364,-0.00238235489507011
"bivt",0.005,1000,"0.05",TRUE,0.009,-0.00260594560401093
"bivt",0.005,1000,"0.1",TRUE,0.008,-0.00255871309386394
"bivt",0.005,1000,"0.01",TRUE,0.011,-0.00280199287556351
"bivt",0.005,1000,"0.05",TRUE,0.009,-0.00330533489990643
"bivt",0.005,1000,"0.1",TRUE,0.008,-0.00304839934636414
"bivt",0.005,1000,"0.01",TRUE,0.0110049999999999,-0.00362586851977731
"bivt",0.005,1000,"0.05",TRUE,0.006,-0.00260056119723692
"bivt",0.005,1000,"0.1",TRUE,0.00493739343206222,-0.00246393418415567
"bivt",0.005,1000,"0.01",TRUE,0.009,-0.00284049144345306
"bivt",0.005,1000,"0.05",TRUE,0.008,-0.00262225199392194
"bivt",0.005,1000,"0.1",TRUE,0.007,-0.0025505570052791
"bivt",0.005,1000,"0.01",TRUE,0.01,-0.00296708380102651
"bivt",0.005,1000,"0.05",TRUE,0.008,-0.00326665771554175
"bivt",0.005,1000,"0.1",TRUE,0.007,-0.00305411359820888
"bivt",0.005,1000,"0.01",TRUE,0.01,-0.00346997847173477
"bivt",0.005,1000,"0.05",TRUE,0.009,-0.00322573301754649
"bivt",0.005,1000,"0.1",TRUE,0.008,-0.00310585946361224
"bivt",0.005,1000,"0.01",TRUE,0.011,-0.00351096855435161
"bivt",0.005,1000,"0.05",FALSE,0.00484538664153762,-0.00260778611543866
"bivt",0.005,1000,"0.1",FALSE,0.00482601263987849,-0.00255669161050507
"bivt",0.005,1000,"0.01",FALSE,0.007,-0.00264417676283788
"bivt",0.005,1000,"0.05",TRUE,0.01,-0.00268445633298796
"bivt",0.005,1000,"0.1",TRUE,0.009,-0.00244920121303865
"bivt",0.005,1000,"0.01",TRUE,0.012,-0.00309213885604229
"bivt",0.005,1000,"0.05",TRUE,0.009,-0.00264159588688572
"bivt",0.005,1000,"0.1",TRUE,0.008,-0.00224609870285963
"bivt",0.005,1000,"0.01",TRUE,0.011,-0.00294740902723891
"bivt",0.005,1000,"0.05",TRUE,0.009,-0.00285806749214412
"bivt",0.005,1000,"0.1",TRUE,0.008,-0.00269077002426782
"bivt",0.005,1000,"0.01",TRUE,0.012,-0.00322655539165153
"bivt",0.005,1000,"0.05",TRUE,0.00444130720625618,-0.00346227396832334
"bivt",0.005,1000,"0.1",TRUE,0.00396648504398906,-0.0029499286684787
"bivt",0.005,1000,"0.01",TRUE,0.00600499999999988,-0.00365611920642609
"bivt",0.005,1000,"0.05",TRUE,0.007,-0.00287024182037266
"bivt",0.005,1000,"0.1",TRUE,0.006,-0.0028272390508107
"bivt",0.005,1000,"0.01",TRUE,0.009,-0.00310231062549744
"bivt",0.005,1000,"0.05",TRUE,0.01,-0.00277811565779937
"bivt",0.005,1000,"0.1",TRUE,0.009,-0.00263973988670754
"bivt",0.005,1000,"0.01",TRUE,0.013,-0.00292915608317813
"bivt",0.005,1000,"0.05",TRUE,0.009,-0.00269798536338005
"bivt",0.005,1000,"0.1",TRUE,0.008,-0.00254049212451761
"bivt",0.005,1000,"0.01",TRUE,0.011,-0.00307313004609438
"bivt",0.005,1000,"0.05",TRUE,0.006,-0.00267028430442061
"bivt",0.005,1000,"0.1",TRUE,0.00464692772567603,-0.00239298325631368
"bivt",0.005,1000,"0.01",TRUE,0.007,-0.00295798739741665
"bivt",0.005,1000,"0.05",TRUE,0.007,-0.00276681008769822
"bivt",0.005,1000,"0.1",TRUE,0.006,-0.00267180961569883
"bivt",0.005,1000,"0.01",TRUE,0.01,-0.00304276050901378
"bivt",0.005,1000,"0.05",TRUE,0.01,-0.00318086654365938
"bivt",0.005,1000,"0.1",TRUE,0.008,-0.0030256259303413
"bivt",0.005,1000,"0.01",TRUE,0.012,-0.00324097677292213
"bivt",0.005,1000,"0.05",TRUE,0.006,-0.00341830217952249
"bivt",0.005,1000,"0.1",TRUE,0.00450851150706021,-0.00311353886247622
"bivt",0.005,1000,"0.01",TRUE,0.008,-0.00356767936372483
"bivt",0.005,1000,"0.05",TRUE,0.00372475669946554,-0.00240922476140792
"bivt",0.005,1000,"0.1",TRUE,0.00319478021624134,-0.0022852544766856
"bivt",0.005,1000,"0.01",TRUE,0.006,-0.00266840797904932
"bivt",0.005,1000,"0.05",TRUE,0.006,-0.002326292365514
"bivt",0.005,1000,"0.1",TRUE,0.00499619205968973,-0.00214998644640976
"bivt",0.005,1000,"0.01",TRUE,0.007,-0.00255664738849732
"bivt",0.005,1000,"0.05",TRUE,0.01,-0.00344347351469767
"bivt",0.005,1000,"0.1",TRUE,0.009,-0.003396314114791
"bivt",0.005,1000,"0.01",TRUE,0.012,-0.00360717298184584
"bivt",0.005,1000,"0.05",TRUE,0.009,-0.0031450060879726
"bivt",0.005,1000,"0.1",TRUE,0.008,-0.00294085593089785
"bivt",0.005,1000,"0.01",TRUE,0.011,-0.00338430425677917
"bivt",0.005,1000,"0.05",TRUE,0.008,-0.00295367280154011
"bivt",0.005,1000,"0.1",TRUE,0.007,-0.00281557726041604
"bivt",0.005,1000,"0.01",TRUE,0.01,-0.00335366829605428
"bivt",0.005,1000,"0.05",TRUE,0.008,-0.00264813821709788
"bivt",0.005,1000,"0.1",TRUE,0.007,-0.00254941024905334
"bivt",0.005,1000,"0.01",TRUE,0.01,-0.00292436959526381
"bivt",0.005,1000,"0.05",TRUE,0.008,-0.00294656782233058
"bivt",0.005,1000,"0.1",TRUE,0.007,-0.00281421407497716
"bivt",0.005,1000,"0.01",TRUE,0.009,-0.00321751932033644
"bivt",0.005,1000,"0.05",TRUE,0.006,-0.00254548284362691
"bivt",0.005,1000,"0.1",TRUE,0.00471110459293479,-0.00244220727322994
"bivt",0.005,1000,"0.01",TRUE,0.00800499999999988,-0.00285415932094046
"bivt",0.005,1000,"0.05",TRUE,0.011,-0.00281188238347763
"bivt",0.005,1000,"0.1",TRUE,0.01,-0.00266380804598227
"bivt",0.005,1000,"0.01",TRUE,0.014,-0.00297376671312719
"bivt",0.005,1000,"0.05",TRUE,0.009,-0.00315657793074663
"bivt",0.005,1000,"0.1",TRUE,0.008,-0.00291400002733443
"bivt",0.005,1000,"0.01",TRUE,0.011,-0.00330165584477485
"bivt",0.005,1000,"0.05",TRUE,0.004904213134292,-0.00331569713066238
"bivt",0.005,1000,"0.1",TRUE,0.00467220659254664,-0.00320012887279668
"bivt",0.005,1000,"0.01",TRUE,0.007,-0.00362521672647504
"bivt",0.005,1000,"0.05",TRUE,0.01,-0.00275787439782077
"bivt",0.005,1000,"0.1",TRUE,0.009,-0.00272860843001699
"bivt",0.005,1000,"0.01",TRUE,0.012,-0.00331137597079305
"bivt",0.005,1000,"0.05",TRUE,0.01,-0.00288650649700568
"bivt",0.005,1000,"0.1",TRUE,0.009,-0.0027791547110403
"bivt",0.005,1000,"0.01",TRUE,0.012,-0.00323670563684217
"bivt",0.005,1000,"0.05",TRUE,0.009,-0.00300053629440676
"bivt",0.005,1000,"0.1",TRUE,0.008,-0.00287031446081644
"bivt",0.005,1000,"0.01",TRUE,0.011,-0.00318602154100436
"bivt",0.005,1000,"0.05",TRUE,0.007,-0.00276936752978656
"bivt",0.005,1000,"0.1",TRUE,0.007,-0.00268776658914607
"bivt",0.005,1000,"0.01",TRUE,0.009,-0.00303705214649437
"bivt",0.005,1000,"0.05",TRUE,0.009,-0.00298265622397654
"bivt",0.005,1000,"0.1",TRUE,0.008,-0.00286037779671023
"bivt",0.005,1000,"0.01",TRUE,0.011,-0.00328651070195395
"bivt",0.005,1000,"0.05",TRUE,0.008,-0.0030539218608126
"bivt",0.005,1000,"0.1",TRUE,0.007,-0.00275139795599187
"bivt",0.005,1000,"0.01",TRUE,0.01,-0.0031579298244585
"bivt",0.005,1000,"0.05",TRUE,0.008,-0.00318014759951134
"bivt",0.005,1000,"0.1",TRUE,0.007,-0.00309214279138791
"bivt",0.005,1000,"0.01",TRUE,0.01,-0.0034584286204587
"bivt",0.005,1000,"0.05",TRUE,0.008,-0.00268922167838746
"bivt",0.005,1000,"0.1",TRUE,0.007,-0.00258472437750591
"bivt",0.005,1000,"0.01",TRUE,0.01,-0.0029437234719991
"bivt",0.005,1000,"0.05",TRUE,0.006,-0.00309046766036058
"bivt",0.005,1000,"0.1",TRUE,0.0049942370351934,-0.00239431739089903
"bivt",0.005,1000,"0.01",TRUE,0.008,-0.00346471326952642
"bivt",0.005,1000,"0.05",TRUE,0.007,-0.00293359121018738
"bivt",0.005,1000,"0.1",TRUE,0.006,-0.0027134523015126
"bivt",0.005,1000,"0.01",TRUE,0.01,-0.00325498312786404
"bivt",0.005,1000,"0.05",TRUE,0.007,-0.00286183725476063
"bivt",0.005,1000,"0.1",TRUE,0.006,-0.0027592678212015
"bivt",0.005,1000,"0.01",TRUE,0.00800499999999988,-0.00308019574721791
"bivt",0.005,1000,"0.05",TRUE,0.009,-0.00314414527534074
"bivt",0.005,1000,"0.1",TRUE,0.008,-0.00302913266509309
"bivt",0.005,1000,"0.01",TRUE,0.01,-0.00338070604335013
"bivt",0.005,1000,"0.05",TRUE,0.008,-0.00277294653905807
"bivt",0.005,1000,"0.1",TRUE,0.007,-0.00270932711650142
"bivt",0.005,1000,"0.01",TRUE,0.009,-0.00298600826961966
"bivt",0.005,1000,"0.05",TRUE,0.007,-0.00263102011529995
"bivt",0.005,1000,"0.1",TRUE,0.006,-0.0025629738552113
"bivt",0.005,1000,"0.01",TRUE,0.009,-0.00312392013698036
"bivt",0.005,1000,"0.05",TRUE,0.008,-0.00265703034023064
"bivt",0.005,1000,"0.1",TRUE,0.007,-0.00247162276780606
"bivt",0.005,1000,"0.01",TRUE,0.01,-0.00286010716050102
"bivt",0.005,1000,"0.05",TRUE,0.01,-0.00323804924735352
"bivt",0.005,1000,"0.1",TRUE,0.009,-0.00304358122646792
"bivt",0.005,1000,"0.01",TRUE,0.012,-0.00351915282052833
"bivt",0.005,1000,"0.05",TRUE,0.007,-0.00357746828679121
"bivt",0.005,1000,"0.1",TRUE,0.006,-0.00338892073869761
"bivt",0.005,1000,"0.01",TRUE,0.00800499999999988,-0.00384346769966011
"bivt",0.005,1000,"0.05",TRUE,0.007,-0.00326043572915788
"bivt",0.005,1000,"0.1",TRUE,0.007,-0.0028912151906815
"bivt",0.005,1000,"0.01",TRUE,0.01,-0.00342027152155822
"bivt",0.005,1000,"0.05",TRUE,0.009,-0.00297476271336708
"bivt",0.005,1000,"0.1",TRUE,0.008,-0.00292303320526195
"bivt",0.005,1000,"0.01",TRUE,0.012,-0.00370281290360502
"bivt",0.005,1000,"0.05",TRUE,0.009,-0.00316921095487327
"bivt",0.005,1000,"0.1",TRUE,0.008,-0.00284724046520118
"bivt",0.005,1000,"0.01",TRUE,0.011,-0.00331898991039253
"bivt",0.005,1000,"0.05",TRUE,0.006,-0.00266149491065766
"bivt",0.005,1000,"0.1",TRUE,0.0042516168769579,-0.00245704388750848
"bivt",0.005,1000,"0.01",TRUE,0.008,-0.00301732562161137
"bivt",0.005,1000,"0.05",TRUE,0.007,-0.0029419488747714
"bivt",0.005,1000,"0.1",TRUE,0.006,-0.00279383691969634
"bivt",0.005,1000,"0.01",TRUE,0.009,-0.00318980280212408
"bivt",0.005,1000,"0.05",TRUE,0.009,-0.00276716339043771
"bivt",0.005,1000,"0.1",TRUE,0.008,-0.00252946944324783
"bivt",0.005,1000,"0.01",TRUE,0.011,-0.00318993803654162
"bivt",0.005,1000,"0.05",TRUE,0.007,-0.00263342429187664
"bivt",0.005,1000,"0.1",TRUE,0.006,-0.00260733991293372
"bivt",0.005,1000,"0.01",TRUE,0.008,-0.00291311861764996
"bivt",0.005,1000,"0.05",TRUE,0.009,-0.00329706489073877
"bivt",0.005,1000,"0.1",TRUE,0.008,-0.00309924903610289
"bivt",0.005,1000,"0.01",TRUE,0.011,-0.00337527314828426
"bivt",0.005,1000,"0.05",TRUE,0.008,-0.00316711055818203
"bivt",0.005,1000,"0.1",TRUE,0.007,-0.00276229852418685
"bivt",0.005,1000,"0.01",TRUE,0.01,-0.00322093726702027
"bivt",0.005,1000,"0.05",TRUE,0.00392848122056005,-0.00242221002750404
"bivt",0.005,1000,"0.1",FALSE,0.00301969596206889,-0.00221182772102265
"bivt",0.005,1000,"0.01",TRUE,0.00452686058486023,-0.00264963969548915
"bivt",0.005,1000,"0.05",TRUE,0.007,-0.00274136829328106
"bivt",0.005,1000,"0.1",TRUE,0.006,-0.00262474466572757
"bivt",0.005,1000,"0.01",TRUE,0.008,-0.00305593882352301
"bivt",0.005,1000,"0.05",TRUE,0.007,-0.00338212378539001
"bivt",0.005,1000,"0.1",TRUE,0.006,-0.00302644175286028
"bivt",0.005,1000,"0.01",TRUE,0.009,-0.00370856774108901
"bivt",0.005,1000,"0.05",TRUE,0.011,-0.00334619122610503
"bivt",0.005,1000,"0.1",TRUE,0.01,-0.00333506769117249
"bivt",0.005,1000,"0.01",TRUE,0.013,-0.00363745606801185
"bivt",0.005,1000,"0.05",TRUE,0.008,-0.00268060589477213
"bivt",0.005,1000,"0.1",TRUE,0.00704999999999995,-0.00225971821467598
"bivt",0.005,1000,"0.01",TRUE,0.01,-0.0027924062449619
"bivt",0.005,1000,"0.05",TRUE,0.009,-0.00315560737350886
"bivt",0.005,1000,"0.1",TRUE,0.008,-0.00297728232641174
"bivt",0.005,1000,"0.01",TRUE,0.011,-0.00329713745808217
"bivt",0.005,1000,"0.05",TRUE,0.007,-0.0029607271752056
"bivt",0.005,1000,"0.1",TRUE,0.006,-0.00291853268291318
"bivt",0.005,1000,"0.01",TRUE,0.009,-0.00322175125297738
"bivt",0.005,1000,"0.05",TRUE,0.00461214681162343,-0.00291031015126208
"bivt",0.005,1000,"0.1",TRUE,0.00433601753909175,-0.00280753198217017
"bivt",0.005,1000,"0.01",TRUE,0.007,-0.00324217333783051
"bivt",0.005,1000,"0.05",TRUE,0.009,-0.0031274436729453
"bivt",0.005,1000,"0.1",TRUE,0.008,-0.0029893445623435
"bivt",0.005,1000,"0.01",TRUE,0.011,-0.00338467998414262
"bivt",0.005,1000,"0.05",TRUE,0.008,-0.00225706941029398
"bivt",0.005,1000,"0.1",TRUE,0.007,-0.00220849962894216
"bivt",0.005,1000,"0.01",TRUE,0.009,-0.00245345245652393
"bivt",0.005,1000,"0.05",TRUE,0.008,-0.00260593038623782
"bivt",0.005,1000,"0.1",TRUE,0.007,-0.00254066199832491
"bivt",0.005,1000,"0.01",TRUE,0.011,-0.00276964176932276
"bivt",0.005,1000,"0.05",TRUE,0.007,-0.00305087132167524
"bivt",0.005,1000,"0.1",TRUE,0.006,-0.00286051536766769
"bivt",0.005,1000,"0.01",TRUE,0.009,-0.00324472588038715
"bivt",0.005,1000,"0.05",TRUE,0.008,-0.00268176172730885
"bivt",0.005,1000,"0.1",TRUE,0.007,-0.0025889158441796
"bivt",0.005,1000,"0.01",TRUE,0.009,-0.00276232844989005
"bivt",0.005,1000,"0.05",TRUE,0.007,-0.00258691229473373
"bivt",0.005,1000,"0.1",FALSE,0.006,-0.00244489421114497
"bivt",0.005,1000,"0.01",TRUE,0.00800499999999988,-0.00281944368465695
"bivt",0.005,1000,"0.05",TRUE,0.009,-0.0027471323927658
"bivt",0.005,1000,"0.1",TRUE,0.008,-0.0025900982433365
"bivt",0.005,1000,"0.01",TRUE,0.012,-0.00302979615299616
"bivt",0.005,1000,"0.05",TRUE,0.006,-0.0029579590592807
"bivt",0.005,1000,"0.1",TRUE,0.006,-0.00292537730541343
"bivt",0.005,1000,"0.01",TRUE,0.008,-0.0033443106425772
"bivt",0.005,1000,"0.05",TRUE,0.009,-0.00302821026997212
"bivt",0.005,1000,"0.1",TRUE,0.008,-0.00290109165760901
"bivt",0.005,1000,"0.01",TRUE,0.011,-0.00318930702166988
"bivt",0.005,1000,"0.05",TRUE,0.01,-0.002819392168242
"bivt",0.005,1000,"0.1",TRUE,0.00804999999999995,-0.00266676481685221
"bivt",0.005,1000,"0.01",TRUE,0.012,-0.00300552197814306
"bivt",0.005,1000,"0.05",TRUE,0.008,-0.00312775824196693
"bivt",0.005,1000,"0.1",TRUE,0.007,-0.00298260249926603
"bivt",0.005,1000,"0.01",TRUE,0.01,-0.00331046714894631
"bivt",0.005,1000,"0.05",TRUE,0.008,-0.00277573939618001
"bivt",0.005,1000,"0.1",TRUE,0.007,-0.00266332838162524
"bivt",0.005,1000,"0.01",TRUE,0.009,-0.00313969455676774
"bivt",0.005,1000,"0.05",TRUE,0.009,-0.00284325437045727
"bivt",0.005,1000,"0.1",FALSE,0.008,-0.00273621924548998
"bivt",0.005,1000,"0.01",TRUE,0.011,-0.00300231685771639
"bivt",0.005,1000,"0.05",TRUE,0.008,-0.00317575109959836
"bivt",0.005,1000,"0.1",TRUE,0.007,-0.0030134419000171
"bivt",0.005,1000,"0.01",TRUE,0.01,-0.00349940404616666
"bivt",0.005,1000,"0.05",TRUE,0.008,-0.00291895550277432
"bivt",0.005,1000,"0.1",TRUE,0.007,-0.00282887476960095
"bivt",0.005,1000,"0.01",TRUE,0.01,-0.00324417307091231
"bivt",0.005,1000,"0.05",TRUE,0.008,-0.0028712277531991
"bivt",0.005,1000,"0.1",TRUE,0.007,-0.00284322865776956
"bivt",0.005,1000,"0.01",TRUE,0.01,-0.00298518279025259
"bivt",0.005,1000,"0.05",TRUE,0.01,-0.00273482105549125
"bivt",0.005,1000,"0.1",TRUE,0.009,-0.00252950761748141
"bivt",0.005,1000,"0.01",TRUE,0.013,-0.00309369912984281
"bivt",0.005,1000,"0.05",TRUE,0.009,-0.00241034384027273
"bivt",0.005,1000,"0.1",TRUE,0.008,-0.0023267632012619
"bivt",0.005,1000,"0.01",TRUE,0.011,-0.00260965149032011
"bivt",0.005,1000,"0.05",TRUE,0.006,-0.00297909550720618
"bivt",0.005,1000,"0.1",TRUE,0.00437540312503434,-0.00285643284893974
"bivt",0.005,1000,"0.01",TRUE,0.008,-0.00329493643154447
"bivt",0.005,1000,"0.05",TRUE,0.007,-0.00291541282040343
"bivt",0.005,1000,"0.1",TRUE,0.006,-0.00276122539647891
"bivt",0.005,1000,"0.01",TRUE,0.009,-0.00310442828888317
"bivt",0.005,1000,"0.05",TRUE,0.00376801956497078,-0.00265463739160835
"bivt",0.005,1000,"0.1",TRUE,0.00365042142106619,-0.00245592827818072
"bivt",0.005,1000,"0.01",TRUE,0.007,-0.00298148327341132
"bivt",0.005,1000,"0.05",TRUE,0.006,-0.00292789226006562
"bivt",0.005,1000,"0.1",TRUE,0.0042793132162166,-0.00235167780241027
"bivt",0.005,1000,"0.01",TRUE,0.008,-0.00304557426809654
"bivt",0.005,1000,"0.05",TRUE,0.01,-0.00348680451588354
"bivt",0.005,1000,"0.1",TRUE,0.009,-0.00345741213199738
"bivt",0.005,1000,"0.01",TRUE,0.012,-0.00381634419686402
"bivt",0.005,1000,"0.05",TRUE,0.007,-0.00277454127264381
"bivt",0.005,1000,"0.1",TRUE,0.006,-0.00264845678540121
"bivt",0.005,1000,"0.01",TRUE,0.00800499999999988,-0.00289154432502825
"bivt",0.005,1000,"0.05",TRUE,0.007,-0.00288589135918818
"bivt",0.005,1000,"0.1",TRUE,0.006,-0.00273400176235886
"bivt",0.005,1000,"0.01",TRUE,0.009,-0.00305902122563295
"bivt",0.005,1000,"0.05",TRUE,0.008,-0.00220947848297432
"bivt",0.005,1000,"0.1",FALSE,0.007,-0.00210303882428029
"bivt",0.005,1000,"0.01",TRUE,0.01,-0.00262568249800604
"bivt",0.005,1000,"0.05",TRUE,0.008,-0.00286340490779843
"bivt",0.005,1000,"0.1",TRUE,0.007,-0.00247247203978222
"bivt",0.005,1000,"0.01",TRUE,0.01,-0.00293198295083468
"bivt",0.005,1000,"0.05",TRUE,0.01,-0.00322116102482824
"bivt",0.005,1000,"0.1",TRUE,0.009,-0.00299259492921574
"bivt",0.005,1000,"0.01",TRUE,0.012,-0.00354149285378254
"bivt",0.005,1000,"0.05",TRUE,0.007,-0.00298539966349986
"bivt",0.005,1000,"0.1",TRUE,0.006,-0.00279693271527399
"bivt",0.005,1000,"0.01",TRUE,0.009,-0.00323907217937417
"bivt",0.005,1000,"0.05",TRUE,0.009,-0.00374234810466674
"bivt",0.005,1000,"0.1",TRUE,0.008,-0.00360668602345756
"bivt",0.005,1000,"0.01",TRUE,0.0110049999999999,-0.00385552913260799
"bivt",0.005,1000,"0.05",TRUE,0.006,-0.0025094716742895
"bivt",0.005,1000,"0.1",TRUE,0.00411692302568682,-0.00238485599402288
"bivt",0.005,1000,"0.01",TRUE,0.008,-0.00267232866744456
"bivt",0.005,1000,"0.05",TRUE,0.00902499999999986,-0.00286833751438266
"bivt",0.005,1000,"0.1",TRUE,0.009,-0.0026953939630445
"bivt",0.005,1000,"0.01",TRUE,0.012,-0.0032129121704609
"bivt",0.005,1000,"0.05",TRUE,0.007,-0.00253635928224311
"bivt",0.005,1000,"0.1",TRUE,0.006,-0.00243479531741435
"bivt",0.005,1000,"0.01",TRUE,0.009,-0.0029649311960115
"bivt",0.005,1000,"0.05",TRUE,0.006,-0.00306131401028151
"bivt",0.005,1000,"0.1",TRUE,0.00496147677506326,-0.00294628587089164
"bivt",0.005,1000,"0.01",TRUE,0.007,-0.003223627898898
"bivt",0.005,1000,"0.05",TRUE,0.006,-0.00263661846790069
"bivt",0.005,1000,"0.1",TRUE,0.006,-0.00239967615181793
"bivt",0.005,1000,"0.01",TRUE,0.009,-0.00311621595953368
"bivt",0.005,1000,"0.05",TRUE,0.00457803267406089,-0.00238785375269214
"bivt",0.005,1000,"0.1",TRUE,0.00453571128633593,-0.00236154220497591
"bivt",0.005,1000,"0.01",TRUE,0.007,-0.00285666983502239
"bivt",0.005,1000,"0.05",TRUE,0.009,-0.00320106291359788
"bivt",0.005,1000,"0.1",TRUE,0.008,-0.0028942183874571
"bivt",0.005,1000,"0.01",TRUE,0.011,-0.00331269283062311
"bivt",0.005,1000,"0.05",TRUE,0.008,-0.00360451540196585
"bivt",0.005,1000,"0.1",TRUE,0.008,-0.00332084020670146
"bivt",0.005,1000,"0.01",TRUE,0.01,-0.00381999392257224
"bivt",0.005,1000,"0.05",TRUE,0.008,-0.00275806653163897
"bivt",0.005,1000,"0.1",TRUE,0.007,-0.00265589951717077
"bivt",0.005,1000,"0.01",TRUE,0.01,-0.00299242209088447
"bivt",0.005,1000,"0.05",TRUE,0.008,-0.00290010833919901
"bivt",0.005,1000,"0.1",TRUE,0.007,-0.00278651236474859
"bivt",0.005,1000,"0.01",TRUE,0.01,-0.0031378083811472
"bivt",0.005,1000,"0.05",TRUE,0.008,-0.00309622592707783
"bivt",0.005,1000,"0.1",TRUE,0.008,-0.00291639401610868
"bivt",0.005,1000,"0.01",TRUE,0.011,-0.00333382137331643
"bivt",0.005,1000,"0.05",TRUE,0.009,-0.00284103709258945
"bivt",0.005,1000,"0.1",TRUE,0.008,-0.00277049589605068
"bivt",0.005,1000,"0.01",TRUE,0.011,-0.00318867512339167
"bivt",0.005,1000,"0.05",TRUE,0.01,-0.00314738076071375
"bivt",0.005,1000,"0.1",TRUE,0.009,-0.00307500738726134
"bivt",0.005,1000,"0.01",TRUE,0.0120049999999999,-0.00325820966710815
"bivt",0.005,1000,"0.05",TRUE,0.009,-0.00281702345512442
"bivt",0.005,1000,"0.1",TRUE,0.008,-0.00266002927306736
"bivt",0.005,1000,"0.01",TRUE,0.011,-0.00328413268764252
"bivt",0.005,1000,"0.05",TRUE,0.01,-0.00291573948256771
"bivt",0.005,1000,"0.1",TRUE,0.009,-0.00267341928837864
"bivt",0.005,1000,"0.01",TRUE,0.011,-0.00311658010125521
"bivt",0.005,1000,"0.05",FALSE,0.009,-0.002861104973566
"bivt",0.005,1000,"0.1",FALSE,0.008,-0.0027226754867328
"bivt",0.005,1000,"0.01",TRUE,0.0100049999999999,-0.00329972966652963
"bivt",0.005,1000,"0.05",TRUE,0.006,-0.00318644627850425
"bivt",0.005,1000,"0.1",TRUE,0.00474111266955902,-0.0030295773332441
"bivt",0.005,1000,"0.01",TRUE,0.008,-0.00339241141971788
"bivt",0.005,1000,"0.05",TRUE,0.011,-0.00366815021091076
"bivt",0.005,1000,"0.1",TRUE,0.01,-0.00355068835609476
"bivt",0.005,1000,"0.01",TRUE,0.013,-0.00392335713774287
"bivt",0.005,1000,"0.05",TRUE,0.008,-0.00305437823383756
"bivt",0.005,1000,"0.1",TRUE,0.007,-0.00288916274004586
"bivt",0.005,1000,"0.01",TRUE,0.01,-0.00323473436865581
"bivt",0.005,1000,"0.05",TRUE,0.006,-0.00308744138448387
"bivt",0.005,1000,"0.1",TRUE,0.00398350913621231,-0.00294154338645373
"bivt",0.005,1000,"0.01",TRUE,0.008,-0.00325448833883182
"bivt",0.005,1000,"0.05",TRUE,0.008,-0.00276984696607852
"bivt",0.005,1000,"0.1",TRUE,0.007,-0.00246223135172675
"bivt",0.005,1000,"0.01",TRUE,0.01,-0.00303616473430696
"bivt",0.005,1000,"0.05",TRUE,0.00802499999999986,-0.00290156878533341
"bivt",0.005,1000,"0.1",TRUE,0.008,-0.00284657133142799
"bivt",0.005,1000,"0.01",TRUE,0.01,-0.00311235276528207
"bivt",0.005,1000,"0.05",TRUE,0.009,-0.00272366917887953
"bivt",0.005,1000,"0.1",TRUE,0.008,-0.00241372685127704
"bivt",0.005,1000,"0.01",TRUE,0.011,-0.00297267615819108
"bivt",0.005,1000,"0.05",TRUE,0.008,-0.00264240997060507
"bivt",0.005,1000,"0.1",TRUE,0.007,-0.00248115421521236
"bivt",0.005,1000,"0.01",TRUE,0.01,-0.00279649574120366
"bivt",0.005,1000,"0.05",TRUE,0.008,-0.00273818603018237
"bivt",0.005,1000,"0.1",TRUE,0.007,-0.00255730855034538
"bivt",0.005,1000,"0.01",TRUE,0.01,-0.00316287504574483
"bivt",0.005,1000,"0.05",TRUE,0.009,-0.00311981983120972
"bivt",0.005,1000,"0.1",TRUE,0.008,-0.00301494661360167
"bivt",0.005,1000,"0.01",TRUE,0.012,-0.00326528077263262
"bivt",0.005,1000,"0.05",TRUE,0.008,-0.00314963543930962
"bivt",0.005,1000,"0.1",TRUE,0.007,-0.00301645330898698
"bivt",0.005,1000,"0.01",TRUE,0.0100049999999999,-0.00320341778811616
"bivt",0.005,1000,"0.05",TRUE,0.008,-0.00290215374628603
"bivt",0.005,1000,"0.1",TRUE,0.007,-0.002686308476556
"bivt",0.005,1000,"0.01",TRUE,0.01,-0.00327341444941288
"bivt",0.005,1000,"0.05",FALSE,0.0041201239110069,-0.00326672106498417
"bivt",0.005,1000,"0.1",FALSE,0.00403587228906552,-0.00311835251623839
"bivt",0.005,1000,"0.01",TRUE,0.007,-0.00355025492997257
"bivt",0.005,1000,"0.05",TRUE,0.007,-0.00260835116189007
"bivt",0.005,1000,"0.1",TRUE,0.006,-0.00213718559853526
"bivt",0.005,1000,"0.01",TRUE,0.008,-0.00282933661238989
"bivt",0.005,1000,"0.05",TRUE,0.011,-0.00336797768760569
"bivt",0.005,1000,"0.1",TRUE,0.01005,-0.00327130043742723
"bivt",0.005,1000,"0.01",TRUE,0.014,-0.00368788849230019
"bivt",0.005,1000,"0.05",TRUE,0.011,-0.00273259480361472
"bivt",0.005,1000,"0.1",TRUE,0.01,-0.00258924299327358
"bivt",0.005,1000,"0.01",TRUE,0.0120049999999999,-0.0028133915021003
"bivt",0.005,1000,"0.05",TRUE,0.007,-0.00267865692775417
"bivt",0.005,1000,"0.1",TRUE,0.006,-0.00250342722488839
"bivt",0.005,1000,"0.01",TRUE,0.00900499999999988,-0.00303720024537304
"bivt",0.005,1000,"0.05",TRUE,0.008,-0.00240741531293923
"bivt",0.005,1000,"0.1",TRUE,0.007,-0.00219744880523496
"bivt",0.005,1000,"0.01",TRUE,0.01,-0.00258399916669711
"bivt",0.005,1000,"0.05",TRUE,0.009,-0.00346596718860715
"bivt",0.005,1000,"0.1",TRUE,0.008,-0.00326531729515921
"bivt",0.005,1000,"0.01",TRUE,0.01,-0.00368023850210456
"bivt",0.005,1000,"0.05",TRUE,0.008,-0.0030154240495754
"bivt",0.005,1000,"0.1",TRUE,0.007,-0.00292513665343121
"bivt",0.005,1000,"0.01",TRUE,0.01,-0.00337325546906079
"bivt",0.005,1000,"0.05",TRUE,0.009,-0.00374013168493354
"bivt",0.005,1000,"0.1",TRUE,0.00804999999999995,-0.00362367536780359
"bivt",0.005,1000,"0.01",TRUE,0.011,-0.00382101507965199
"bivt",0.005,1000,"0.05",TRUE,0.006,-0.00242661094902863
"bivt",0.005,1000,"0.1",TRUE,0.00448049193520181,-0.00219083884736841
"bivt",0.005,1000,"0.01",TRUE,0.008,-0.00268463924680461
"bivt",0.005,1000,"0.05",TRUE,0.009,-0.00270684649877544
"bivt",0.005,1000,"0.1",TRUE,0.008,-0.00260738875480754
"bivt",0.005,1000,"0.01",TRUE,0.011,-0.00310413587085562
"bivt",0.005,1000,"0.05",TRUE,0.007,-0.00272711110808303
"bivt",0.005,1000,"0.1",TRUE,0.006,-0.00270119852444542
"bivt",0.005,1000,"0.01",TRUE,0.008,-0.00306009888575642
"bivt",0.005,1000,"0.05",TRUE,0.008,-0.00299192537988418
"bivt",0.005,1000,"0.1",TRUE,0.007,-0.00273973178381114
"bivt",0.005,1000,"0.01",TRUE,0.01,-0.00326987829716191
"bivt",0.005,1000,"0.05",TRUE,0.008,-0.00275352091235877
"bivt",0.005,1000,"0.1",TRUE,0.007,-0.00247547730435126
"bivt",0.005,1000,"0.01",TRUE,0.01,-0.00281000601158507
"bivt",0.005,1000,"0.05",TRUE,0.01,-0.00279229166765891
"bivt",0.005,1000,"0.1",TRUE,0.009,-0.00265212529984085
"bivt",0.005,1000,"0.01",TRUE,0.012,-0.00326072965409888
"bivt",0.005,1000,"0.05",TRUE,0.008,-0.00258707047218573
"bivt",0.005,1000,"0.1",TRUE,0.007,-0.00233476032626802
"bivt",0.005,1000,"0.01",TRUE,0.00900499999999988,-0.00277379651394333
"bivt",0.005,1000,"0.05",TRUE,0.007,-0.00303758634430867
"bivt",0.005,1000,"0.1",TRUE,0.006,-0.00283426835371854
"bivt",0.005,1000,"0.01",TRUE,0.009,-0.0033504907048574
"bivt",0.005,1000,"0.05",TRUE,0.006,-0.0023828402679778
"bivt",0.005,1000,"0.1",TRUE,0.006,-0.00224395416484581
"bivt",0.005,1000,"0.01",TRUE,0.009,-0.00280916195523399
"bivt",0.005,1000,"0.05",TRUE,0.00454707796526221,-0.0022768939116617
"bivt",0.005,1000,"0.1",FALSE,0.00427872380982711,-0.00206544208039644
"bivt",0.005,1000,"0.01",TRUE,0.007,-0.00268321351054082
"bivt",0.005,1000,"0.05",TRUE,0.009,-0.00316566267552682
"bivt",0.005,1000,"0.1",TRUE,0.008,-0.00299419593655747
"bivt",0.005,1000,"0.01",TRUE,0.011,-0.00347052273513276
"bivt",0.005,1000,"0.05",TRUE,0.012,-0.00375944302031282
"bivt",0.005,1000,"0.1",TRUE,0.01,-0.00365986448873901
"bivt",0.005,1000,"0.01",TRUE,0.014,-0.00382768823187452
"bivt",0.005,1000,"0.05",TRUE,0.01,-0.00345723798146054
"bivt",0.005,1000,"0.1",TRUE,0.009,-0.00321698092495216
"bivt",0.005,1000,"0.01",TRUE,0.012,-0.00360335428729273
"bivt",0.005,1000,"0.05",TRUE,0.007,-0.00338826888542677
"bivt",0.005,1000,"0.1",TRUE,0.006,-0.00304281399807242
"bivt",0.005,1000,"0.01",TRUE,0.008,-0.00375195822886309
"bivt",0.005,1000,"0.05",TRUE,0.0049531007493289,-0.00314244691106184
"bivt",0.005,1000,"0.1",TRUE,0.00449317697781533,-0.00280155435961305
"bivt",0.005,1000,"0.01",TRUE,0.008,-0.00334656809854884
"bivt",0.005,1000,"0.05",TRUE,0.00489662575294502,-0.00264279484835301
"bivt",0.005,1000,"0.1",TRUE,0.0036390022817623,-0.00256445876978985
"bivt",0.005,1000,"0.01",TRUE,0.007,-0.00286791574636889
"bivt",0.005,1000,"0.05",FALSE,0.007,-0.00222484932786756
"bivt",0.005,1000,"0.1",FALSE,0.006,-0.00215438389298095
"bivt",0.005,1000,"0.01",FALSE,0.008,-0.00241663644969472
"bivt",0.005,1000,"0.05",TRUE,0.008,-0.00235145380113288
"bivt",0.005,1000,"0.1",TRUE,0.007,-0.00225826396041928
"bivt",0.005,1000,"0.01",TRUE,0.01,-0.00271607700262308
"bivt",0.005,1000,"0.05",TRUE,0.008,-0.00297996040978871
"bivt",0.005,1000,"0.1",TRUE,0.006,-0.0027144828300825
"bivt",0.005,1000,"0.01",TRUE,0.01,-0.00334712370893833
"bivt",0.005,1000,"0.05",TRUE,0.008,-0.00328200732708933
"bivt",0.005,1000,"0.1",TRUE,0.007,-0.00309450343430925
"bivt",0.005,1000,"0.01",TRUE,0.01,-0.00344101253963462
"bivt",0.005,1000,"0.05",TRUE,0.01,-0.00310160881225526
"bivt",0.005,1000,"0.1",TRUE,0.009,-0.00259433849054116
"bivt",0.005,1000,"0.01",TRUE,0.013,-0.00330920241567073
"bivt",0.005,1000,"0.05",TRUE,0.009,-0.00273369770176727
"bivt",0.005,1000,"0.1",TRUE,0.008,-0.00269503387196121
"bivt",0.005,1000,"0.01",TRUE,0.011,-0.00287426495297061
"bivt",0.005,1000,"0.05",TRUE,0.009,-0.00280609980554376
"bivt",0.005,1000,"0.1",TRUE,0.008,-0.00258022983610021
"bivt",0.005,1000,"0.01",TRUE,0.011,-0.0030105945912548
"bivt",0.005,1000,"0.05",TRUE,0.009,-0.00275460049280258
"bivt",0.005,1000,"0.1",TRUE,0.008,-0.00227962843629744
"bivt",0.005,1000,"0.01",TRUE,0.011,-0.00334293983887535
"bivt",0.005,1000,"0.05",TRUE,0.006,-0.00292468987163485
"bivt",0.005,1000,"0.1",TRUE,0.0050356989935161,-0.00285717615977407
"bivt",0.005,1000,"0.01",TRUE,0.008,-0.00308641685173087
"bivt",0.005,1000,"0.05",TRUE,0.008,-0.00317866515700976
"bivt",0.005,1000,"0.1",TRUE,0.007,-0.00313187971509919
"bivt",0.005,1000,"0.01",TRUE,0.01,-0.00356500456252389
"bivt",0.005,1000,"0.05",TRUE,0.00391861976107657,-0.00313438682435038
"bivt",0.005,1000,"0.1",FALSE,0.00325264074781668,-0.00276721332699412
"bivt",0.005,1000,"0.01",TRUE,0.006,-0.00333820504590493
"bivt",0.005,1000,"0.05",TRUE,0.009,-0.00261925935560765
"bivt",0.005,1000,"0.1",TRUE,0.008,-0.00243248187586683
"bivt",0.005,1000,"0.01",TRUE,0.0100049999999999,-0.00296798640694055
"bivt",0.005,1000,"0.05",TRUE,0.007,-0.00227290107415452
"bivt",0.005,1000,"0.1",TRUE,0.006,-0.00223856524170874
"bivt",0.005,1000,"0.01",TRUE,0.009,-0.00266955598591539
"bivt",0.005,1000,"0.05",TRUE,0.007,-0.00258433270254738
"bivt",0.005,1000,"0.1",TRUE,0.006,-0.00238493369825449
"bivt",0.005,1000,"0.01",TRUE,0.008,-0.00287440515696006
"bivt",0.005,1000,"0.05",FALSE,0.008,-0.00242897568790707
"bivt",0.005,1000,"0.1",FALSE,0.007,-0.00234152064816324
"bivt",0.005,1000,"0.01",TRUE,0.01,-0.00268925895831379
"bivt",0.005,1000,"0.05",TRUE,0.008,-0.002664312601104
"bivt",0.005,1000,"0.1",TRUE,0.007,-0.00250938470303864
"bivt",0.005,1000,"0.01",TRUE,0.01,-0.00279628368068777
"bivt",0.005,1000,"0.05",TRUE,0.009,-0.00269648150721154
"bivt",0.005,1000,"0.1",TRUE,0.008,-0.0026283879454366
"bivt",0.005,1000,"0.01",TRUE,0.012,-0.00287416233459426
"bivt",0.005,1000,"0.05",TRUE,0.009,-0.00301358125674528
"bivt",0.005,1000,"0.1",TRUE,0.008,-0.00286399308818499
"bivt",0.005,1000,"0.01",TRUE,0.011,-0.00310059207217012
"bivt",0.005,1000,"0.05",TRUE,0.009,-0.00277439205345285
"bivt",0.005,1000,"0.1",TRUE,0.008,-0.00276498756505312
"bivt",0.005,1000,"0.01",TRUE,0.011,-0.00298949403901001
"bivt",0.005,1000,"0.05",TRUE,0.007,-0.00279481264286467
"bivt",0.005,1000,"0.1",TRUE,0.006,-0.00266984466684096
"bivt",0.005,1000,"0.01",TRUE,0.00800499999999988,-0.00317807984238132
"bivt",0.005,1000,"0.05",TRUE,0.008,-0.00339456859833137
"bivt",0.005,1000,"0.1",TRUE,0.007,-0.00317612244482948
"bivt",0.005,1000,"0.01",TRUE,0.01,-0.00358785086936933
"bivt",0.005,1000,"0.05",TRUE,0.009,-0.00332982943382854
"bivt",0.005,1000,"0.1",TRUE,0.008,-0.00326777155087058
"bivt",0.005,1000,"0.01",TRUE,0.012,-0.00362289699953448
"bivt",0.005,1000,"0.05",TRUE,0.009,-0.00311139412149301
"bivt",0.005,1000,"0.1",TRUE,0.008,-0.00281887236021795
"bivt",0.005,1000,"0.01",TRUE,0.0110049999999999,-0.00317285213940527
"bivt",0.005,1000,"0.05",TRUE,0.008,-0.00288940652860225
"bivt",0.005,1000,"0.1",TRUE,0.007,-0.00267231501107192
"bivt",0.005,1000,"0.01",TRUE,0.01,-0.00319396072008963
"bivt",0.005,1000,"0.05",TRUE,0.009,-0.00321403565289837
"bivt",0.005,1000,"0.1",TRUE,0.008,-0.00311206015259817
"bivt",0.005,1000,"0.01",TRUE,0.0110049999999999,-0.00338464447034563
"bivt",0.005,1000,"0.05",TRUE,0.009,-0.00315772833775988
"bivt",0.005,1000,"0.1",TRUE,0.008,-0.00290088578599616
"bivt",0.005,1000,"0.01",TRUE,0.011,-0.00333837407572036
"bivt",0.005,1000,"0.05",TRUE,0.008,-0.00271092237413429
"bivt",0.005,1000,"0.1",TRUE,0.007,-0.0025438729889289
"bivt",0.005,1000,"0.01",TRUE,0.01,-0.0029529407171752
"bivt",0.005,1000,"0.05",TRUE,0.008,-0.00269728736165907
"bivt",0.005,1000,"0.1",TRUE,0.007,-0.00229626899451215
"bivt",0.005,1000,"0.01",TRUE,0.00900499999999988,-0.00321887525843162
"bivt",0.005,1000,"0.05",TRUE,0.008,-0.00311819685956857
"bivt",0.005,1000,"0.1",TRUE,0.007,-0.00291842244352352
"bivt",0.005,1000,"0.01",TRUE,0.01,-0.00354807226007243
"bivt",0.005,1000,"0.05",TRUE,0.008,-0.00266120992451188
"bivt",0.005,1000,"0.1",TRUE,0.007,-0.00258056440596789
"bivt",0.005,1000,"0.01",TRUE,0.009,-0.00288958940614494
"bivt",0.005,1000,"0.05",TRUE,0.00482708925724361,-0.00261366895943953
"bivt",0.005,1000,"0.1",TRUE,0.00482708925724361,-0.00254458945919973
"bivt",0.005,1000,"0.01",TRUE,0.00600499999999988,-0.00276839747453538
"bivt",0.005,1000,"0.05",TRUE,0.0100249999999999,-0.00312405427327057
"bivt",0.005,1000,"0.1",TRUE,0.009,-0.00297530050279049
"bivt",0.005,1000,"0.01",TRUE,0.012,-0.00345139535513664
"bivt",0.005,1000,"0.05",TRUE,0.00484089208151856,-0.00256956546219154
"bivt",0.005,1000,"0.1",TRUE,0.00414942264287639,-0.00252071574955972
"bivt",0.005,1000,"0.01",TRUE,0.007,-0.00296766697941443
"bivt",0.005,1000,"0.05",TRUE,0.006,-0.00329693812227401
"bivt",0.005,1000,"0.1",TRUE,0.00450647124144973,-0.00311243875926759
"bivt",0.005,1000,"0.01",TRUE,0.007,-0.00350977736809483
"bivt",0.005,1000,"0.05",TRUE,0.01,-0.003376044186394
"bivt",0.005,1000,"0.1",TRUE,0.008,-0.0031710321937545
"bivt",0.005,1000,"0.01",TRUE,0.011,-0.00351134751841549
"bivt",0.005,1000,"0.05",TRUE,0.007,-0.00276242258735955
"bivt",0.005,1000,"0.1",TRUE,0.006,-0.00264700496513853
"bivt",0.005,1000,"0.01",TRUE,0.00800499999999988,-0.00280310347834859
"bivt",0.005,1000,"0.05",TRUE,0.007,-0.00246918522865596
"bivt",0.005,1000,"0.1",TRUE,0.006,-0.00224829500724666
"bivt",0.005,1000,"0.01",TRUE,0.009,-0.00275106569726634
"bivt",0.005,1000,"0.05",TRUE,0.008,-0.00298872836762838
"bivt",0.005,1000,"0.1",TRUE,0.007,-0.00285071671927574
"bivt",0.005,1000,"0.01",TRUE,0.01,-0.0032699523141884
"bivt",0.005,1000,"0.05",TRUE,0.006,-0.00300457004969055
"bivt",0.005,1000,"0.1",FALSE,0.00478513089635035,-0.00279535305703343
"bivt",0.005,1000,"0.01",TRUE,0.007,-0.00322195275544582
"bivt",0.005,1000,"0.05",TRUE,0.007,-0.00234051404725904
"bivt",0.005,1000,"0.1",FALSE,0.006,-0.00211933096011901
"bivt",0.005,1000,"0.01",TRUE,0.009,-0.00267946151923964
"bivt",0.005,1000,"0.05",TRUE,0.006,-0.00217437587390974
"bivt",0.005,1000,"0.1",TRUE,0.00457190435559787,-0.00191901198636878
"bivt",0.005,1000,"0.01",TRUE,0.007,-0.00237029692656939
"bivt",0.005,1000,"0.05",TRUE,0.006,-0.00320356542724286
"bivt",0.005,1000,"0.1",TRUE,0.00486966617812332,-0.00311657777197676
"bivt",0.005,1000,"0.01",TRUE,0.008,-0.00335743897351781
"bivt",0.005,1000,"0.05",TRUE,0.009,-0.00292206479652846
"bivt",0.005,1000,"0.1",TRUE,0.008,-0.00269913851132189
"bivt",0.005,1000,"0.01",TRUE,0.011,-0.00313415656095545
"bivt",0.005,1000,"0.05",TRUE,0.008,-0.00386123993681585
"bivt",0.005,1000,"0.1",TRUE,0.007,-0.0037178498780191
"bivt",0.005,1000,"0.01",TRUE,0.009,-0.00396778650435592
"bivt",0.005,1000,"0.05",TRUE,0.01,-0.00350816392320119
"bivt",0.005,1000,"0.1",TRUE,0.009,-0.00346071516586151
"bivt",0.005,1000,"0.01",TRUE,0.013,-0.0037108912597014
"bivt",0.005,1000,"0.05",TRUE,0.00487074716461225,-0.00306903199342361
"bivt",0.005,1000,"0.1",TRUE,0.00486197655086844,-0.00304259650436176
"bivt",0.005,1000,"0.01",TRUE,0.007,-0.00316876708132584
"bivt",0.005,1000,"0.05",TRUE,0.007,-0.00272681047227796
"bivt",0.005,1000,"0.1",TRUE,0.006,-0.00248108136201951
"bivt",0.005,1000,"0.01",TRUE,0.00800499999999988,-0.00296870576893705
"bivt",0.005,1000,"0.05",TRUE,0.007,-0.00331689645745299
"bivt",0.005,1000,"0.1",TRUE,0.006,-0.00311983289407128
"bivt",0.005,1000,"0.01",TRUE,0.009,-0.00368766630334684
"bivt",0.005,1000,"0.05",TRUE,0.009,-0.00371585066192342
"bivt",0.005,1000,"0.1",TRUE,0.009,-0.00343144428343395
"bivt",0.005,1000,"0.01",TRUE,0.011,-0.00376946875529696
"bivt",0.005,1000,"0.05",TRUE,0.006,-0.00263280888605286
"bivt",0.005,1000,"0.1",TRUE,0.00368366298009876,-0.00257398025684857
"bivt",0.005,1000,"0.01",TRUE,0.008,-0.00292847321408704
"bivt",0.005,1000,"0.05",TRUE,0.011,-0.0035350704959947
"bivt",0.005,1000,"0.1",TRUE,0.01,-0.00344799233758373
"bivt",0.005,1000,"0.01",TRUE,0.013,-0.00372457857661384
"bivt",0.005,1000,"0.05",TRUE,0.009,-0.00302747791506416
"bivt",0.005,1000,"0.1",TRUE,0.008,-0.00300035726552596
"bivt",0.005,1000,"0.01",TRUE,0.011,-0.00324290816932626
"bivt",0.005,1000,"0.05",TRUE,0.009,-0.00310825061111326
"bivt",0.005,1000,"0.1",TRUE,0.009,-0.00298402775848686
"bivt",0.005,1000,"0.01",TRUE,0.011,-0.00348271020719525
"bivt",0.005,1000,"0.05",TRUE,0.009,-0.00303792536872033
"bivt",0.005,1000,"0.1",TRUE,0.008,-0.00267870977569137
"bivt",0.005,1000,"0.01",TRUE,0.011,-0.00320371391481758
"bivt",0.005,1000,"0.05",TRUE,0.008,-0.00255778581571853
"bivt",0.005,1000,"0.1",TRUE,0.007,-0.00236466683316354
"bivt",0.005,1000,"0.01",TRUE,0.01,-0.00304263188643208
"bivt",0.005,1000,"0.05",TRUE,0.007,-0.00285296766912396
"bivt",0.005,1000,"0.1",TRUE,0.006,-0.00281507909869089
"bivt",0.005,1000,"0.01",TRUE,0.009,-0.00308463181677142
"bivt",0.005,1000,"0.05",TRUE,0.008,-0.00238061159606971
"bivt",0.005,1000,"0.1",TRUE,0.007,-0.00235436791307598
"bivt",0.005,1000,"0.01",TRUE,0.009,-0.00257730477629841
"bivt",0.005,1000,"0.05",TRUE,0.008,-0.00285787122078476
"bivt",0.005,1000,"0.1",TRUE,0.006,-0.00263064815185283
"bivt",0.005,1000,"0.01",TRUE,0.01,-0.00323059341284353
"bivt",0.005,1000,"0.05",TRUE,0.009,-0.00315675824078987
"bivt",0.005,1000,"0.1",TRUE,0.008,-0.00286004915403203
"bivt",0.005,1000,"0.01",TRUE,0.011,-0.00334365316456205
"bivt",0.005,1000,"0.05",TRUE,0.009,-0.00284406509746312
"bivt",0.005,1000,"0.1",TRUE,0.007,-0.00278554558076257
"bivt",0.005,1000,"0.01",TRUE,0.0100049999999999,-0.00304843743664681
"bivt",0.005,1000,"0.05",TRUE,0.008,-0.00289767665543235
"bivt",0.005,1000,"0.1",TRUE,0.007,-0.0027182262399607
"bivt",0.005,1000,"0.01",TRUE,0.01,-0.00311018729838542
"bivt",0.005,1000,"0.05",TRUE,0.009,-0.00301259302659597
"bivt",0.005,1000,"0.1",TRUE,0.007,-0.00282726132709345
"bivt",0.005,1000,"0.01",TRUE,0.01,-0.00326287115755589
"bivt",0.005,1000,"0.05",TRUE,0.011,-0.00316758651291893
"bivt",0.005,1000,"0.1",TRUE,0.01,-0.00303395450539841
"bivt",0.005,1000,"0.01",TRUE,0.013,-0.0035500600366396
"bivt",0.005,1000,"0.05",TRUE,0.007,-0.00266871025539753
"bivt",0.005,1000,"0.1",TRUE,0.006,-0.0024941672672272
"bivt",0.005,1000,"0.01",TRUE,0.009,-0.00283269804958917
"bivt",0.005,1000,"0.05",FALSE,0.008,-0.00257593250271783
"bivt",0.005,1000,"0.1",FALSE,0.007,-0.00240344711446057
"bivt",0.005,1000,"0.01",TRUE,0.01,-0.00281496699583924
"bivt",0.005,1000,"0.05",TRUE,0.007,-0.0027986969771135
"bivt",0.005,1000,"0.1",TRUE,0.006,-0.00261607668156529
"bivt",0.005,1000,"0.01",TRUE,0.009,-0.00307831248868778
"bivt",0.005,1000,"0.05",TRUE,0.01,-0.00298477966375304
"bivt",0.005,1000,"0.1",TRUE,0.009,-0.00268683699500602
"bivt",0.005,1000,"0.01",TRUE,0.013,-0.00320598844518067
"bivt",0.005,1000,"0.05",TRUE,0.007,-0.00304200250913995
"bivt",0.005,1000,"0.1",TRUE,0.007,-0.00288602556902796
"bivt",0.005,1000,"0.01",TRUE,0.00900499999999988,-0.00352937878335724
"bivt",0.005,1000,"0.05",TRUE,0.00491092017904759,-0.00315175826457521
"bivt",0.005,1000,"0.1",TRUE,0.00471455719074417,-0.00300015098558847
"bivt",0.005,1000,"0.01",TRUE,0.008,-0.00341704363020845
"bivt",0.005,1000,"0.05",TRUE,0.007,-0.00261318125566837
"bivt",0.005,1000,"0.1",TRUE,0.006,-0.00253885481321819
"bivt",0.005,1000,"0.01",TRUE,0.009,-0.00277368995137707
"bivt",0.005,1000,"0.05",TRUE,0.008,-0.00260481650853261
"bivt",0.005,1000,"0.1",TRUE,0.007,-0.00245672532263063
"bivt",0.005,1000,"0.01",TRUE,0.00900499999999988,-0.0027169541589981
"bivt",0.005,1000,"0.05",TRUE,0.01,-0.00251479562454796
"bivt",0.005,1000,"0.1",TRUE,0.008,-0.00238089711007563
"bivt",0.005,1000,"0.01",TRUE,0.012,-0.00294113535701479
"bivt",0.005,1000,"0.05",TRUE,0.007,-0.00279899295674176
"bivt",0.005,1000,"0.1",TRUE,0.006,-0.00265089220243893
"bivt",0.005,1000,"0.01",TRUE,0.009,-0.00292805887204146
"bivt",0.005,1000,"0.05",TRUE,0.01,-0.0028993293467648
"bivt",0.005,1000,"0.1",TRUE,0.009,-0.00288155627398859
"bivt",0.005,1000,"0.01",TRUE,0.012,-0.00293775246425243
"bivt",0.005,1000,"0.05",TRUE,0.008,-0.00312212686465552
"bivt",0.005,1000,"0.1",TRUE,0.007,-0.00304469384512148
"bivt",0.005,1000,"0.01",TRUE,0.01,-0.00368698014447899
"bivt",0.005,1000,"0.05",TRUE,0.008,-0.00321544990557865
"bivt",0.005,1000,"0.1",TRUE,0.007,-0.0031467764282456
"bivt",0.005,1000,"0.01",TRUE,0.01,-0.00337313269457959
"bivt",0.005,1000,"0.05",TRUE,0.009,-0.00303759418938446
"bivt",0.005,1000,"0.1",TRUE,0.008,-0.002853059861614
"bivt",0.005,1000,"0.01",TRUE,0.011,-0.00334213980809325
"bivt",0.005,1000,"0.05",TRUE,0.009,-0.00289647304014351
"bivt",0.005,1000,"0.1",TRUE,0.008,-0.00255468443847468
"bivt",0.005,1000,"0.01",TRUE,0.012,-0.00309000680626057
"bivt",0.005,1000,"0.05",TRUE,0.007,-0.00231007449533396
"bivt",0.005,1000,"0.1",TRUE,0.006,-0.00224027964700833
"bivt",0.005,1000,"0.01",TRUE,0.009,-0.00271309908384869
"bivt",0.005,1000,"0.05",TRUE,0.007,-0.00273424686037113
"bivt",0.005,1000,"0.1",TRUE,0.006,-0.00259895128447269
"bivt",0.005,1000,"0.01",TRUE,0.009,-0.00292554845108429
"bivt",0.005,1000,"0.05",TRUE,0.009,-0.00319929857064034
"bivt",0.005,1000,"0.1",TRUE,0.008,-0.00305238588392348
"bivt",0.005,1000,"0.01",TRUE,0.011,-0.00346171373446128
"bivt",0.005,1000,"0.05",TRUE,0.008,-0.00271847659794223
"bivt",0.005,1000,"0.1",TRUE,0.007,-0.00261968509844549
"bivt",0.005,1000,"0.01",TRUE,0.01,-0.00291693986942683
"bivt",0.005,1000,"0.05",TRUE,0.006,-0.00323072177151273
"bivt",0.005,1000,"0.1",TRUE,0.006,-0.00313483326725807
"bivt",0.005,1000,"0.01",TRUE,0.008,-0.00335510381442684
"bivt",0.005,1000,"0.05",TRUE,0.008,-0.0033659268979372
"bivt",0.005,1000,"0.1",TRUE,0.007,-0.00330715155802126
"bivt",0.005,1000,"0.01",TRUE,0.009,-0.0036723773277356
"bivt",0.005,1000,"0.05",TRUE,0.009,-0.00301882407290439
"bivt",0.005,1000,"0.1",TRUE,0.008,-0.00270657733123161
"bivt",0.005,1000,"0.01",TRUE,0.01,-0.00325623558461396
"bivt",0.005,1000,"0.05",TRUE,0.009,-0.00263058182785671
"bivt",0.005,1000,"0.1",TRUE,0.007,-0.0023275350338111
"bivt",0.005,1000,"0.01",TRUE,0.01,-0.00294290902959264
"bivt",0.005,1000,"0.05",TRUE,0.008,-0.00330819566410311
"bivt",0.005,1000,"0.1",TRUE,0.007,-0.00306577451074721
"bivt",0.005,1000,"0.01",TRUE,0.01,-0.00350029259488227
"bivt",0.005,1000,"0.05",TRUE,0.008,-0.00237452767200178
"bivt",0.005,1000,"0.1",TRUE,0.007,-0.00228465625815877
"bivt",0.005,1000,"0.01",TRUE,0.00900499999999988,-0.0027405958455483
"bivt",0.005,1000,"0.05",TRUE,0.008,-0.00280961074851389
"bivt",0.005,1000,"0.1",TRUE,0.007,-0.00273715401506499
"bivt",0.005,1000,"0.01",TRUE,0.01,-0.00309995226469074
"bivt",0.005,1000,"0.05",TRUE,0.007,-0.00258211755770845
"bivt",0.005,1000,"0.1",FALSE,0.006,-0.00235682749466474
"bivt",0.005,1000,"0.01",TRUE,0.008,-0.00290885812218821
"bivt",0.005,1000,"0.05",TRUE,0.008,-0.00256571438715058
"bivt",0.005,1000,"0.1",TRUE,0.007,-0.0024118326294307
"bivt",0.005,1000,"0.01",TRUE,0.009,-0.00286331435037661
"bivt",0.005,1000,"0.05",TRUE,0.009,-0.00298493820775595
"bivt",0.005,1000,"0.1",TRUE,0.008,-0.00275254695974291
"bivt",0.005,1000,"0.01",TRUE,0.011,-0.0032003703091544
"bivt",0.005,1000,"0.05",TRUE,0.008,-0.00267530431197114
"bivt",0.005,1000,"0.1",TRUE,0.007,-0.00248137173319711
"bivt",0.005,1000,"0.01",TRUE,0.01,-0.00314226237632084
"bivt",0.005,1000,"0.05",TRUE,0.008,-0.00334791671263987
"bivt",0.005,1000,"0.1",TRUE,0.007,-0.00309938993295729
"bivt",0.005,1000,"0.01",TRUE,0.01,-0.00365692939523937
"bivt",0.005,1000,"0.05",TRUE,0.01,-0.00254958889787451
"bivt",0.005,1000,"0.1",TRUE,0.009,-0.0024004117586769
"bivt",0.005,1000,"0.01",TRUE,0.012,-0.00293853192764903
"bivt",0.005,1000,"0.05",TRUE,0.009,-0.00276565429976128
"bivt",0.005,1000,"0.1",TRUE,0.008,-0.00266157972409918
"bivt",0.005,1000,"0.01",TRUE,0.01,-0.00314175325162893
"bivt",0.005,1000,"0.05",TRUE,0.009,-0.00347062589528408
"bivt",0.005,1000,"0.1",FALSE,0.008,-0.00294954664505979
"bivt",0.005,1000,"0.01",TRUE,0.011,-0.0037568894853155
"bivt",0.005,1000,"0.05",TRUE,0.011,-0.00296212458371368
"bivt",0.005,1000,"0.1",TRUE,0.01,-0.00248588846067814
"bivt",0.005,1000,"0.01",TRUE,0.013,-0.00314686022235262
"bivt",0.005,1000,"0.05",TRUE,0.006,-0.00287758294580508
"bivt",0.005,1000,"0.1",TRUE,0.00480894576799852,-0.00272447779252249
"bivt",0.005,1000,"0.01",TRUE,0.008,-0.00302550889846157
"bivt",0.005,1000,"0.05",TRUE,0.006,-0.0036994266261682
"bivt",0.005,1000,"0.1",TRUE,0.0048113811674536,-0.00354458657470536
"bivt",0.005,1000,"0.01",TRUE,0.008,-0.00379697754530456
"bivt",0.005,1000,"0.05",TRUE,0.009,-0.0032218403930813
"bivt",0.005,1000,"0.1",TRUE,0.008,-0.0030815102448049
"bivt",0.005,1000,"0.01",TRUE,0.0100049999999999,-0.00340787956136502
"bivt",0.005,1000,"0.05",TRUE,0.007,-0.00367706732294301
"bivt",0.005,1000,"0.1",FALSE,0.006,-0.00322593037442637
"bivt",0.005,1000,"0.01",TRUE,0.00800499999999988,-0.00373784929993369
"bivt",0.005,1000,"0.05",TRUE,0.006,-0.00314019453815447
"bivt",0.005,1000,"0.1",TRUE,0.006,-0.00285170985928076
"bivt",0.005,1000,"0.01",TRUE,0.009,-0.00329813064697057
"bivt",0.005,1000,"0.05",TRUE,0.008,-0.00254822375737035
"bivt",0.005,1000,"0.1",TRUE,0.007,-0.00229062414329827
"bivt",0.005,1000,"0.01",TRUE,0.01,-0.0026320994250155
"bivt",0.005,1000,"0.05",TRUE,0.008,-0.00318698058970662
"bivt",0.005,1000,"0.1",TRUE,0.007,-0.00310983359921528
"bivt",0.005,1000,"0.01",TRUE,0.009,-0.00338529239117118
"bivt",0.005,1000,"0.05",TRUE,0.008,-0.00303343547991323
"bivt",0.005,1000,"0.1",TRUE,0.007,-0.00301699982263802
"bivt",0.005,1000,"0.01",TRUE,0.01,-0.00318438770019067
"bivt",0.005,1000,"0.05",TRUE,0.008,-0.00277320457646227
"bivt",0.005,1000,"0.1",TRUE,0.007,-0.00270872589931298
"bivt",0.005,1000,"0.01",TRUE,0.01,-0.00299569454122016
"bivt",0.005,1000,"0.05",TRUE,0.007,-0.00263845242684089
"bivt",0.005,1000,"0.1",TRUE,0.006,-0.00252421129747905
"bivt",0.005,1000,"0.01",TRUE,0.009,-0.00302932639190525
"bivt",0.005,1000,"0.05",TRUE,0.01,-0.00315755266547664
"bivt",0.005,1000,"0.1",TRUE,0.009,-0.00304433124012365
"bivt",0.005,1000,"0.01",TRUE,0.012,-0.0034363796376487
"bivt",0.005,1000,"0.05",TRUE,0.009,-0.00323017555676016
"bivt",0.005,1000,"0.1",TRUE,0.008,-0.00310206014697447
"bivt",0.005,1000,"0.01",TRUE,0.0100049999999999,-0.00333397698419384
"bivt",0.005,1000,"0.05",FALSE,0.008,-0.00235367462480632
"bivt",0.005,1000,"0.1",FALSE,0.007,-0.00216497188069325
"bivt",0.005,1000,"0.01",TRUE,0.0100049999999999,-0.00263994536207736
"bivt",0.005,1000,"0.05",TRUE,0.006,-0.00336750564027592
"bivt",0.005,1000,"0.1",FALSE,0.00439606945032897,-0.00320893608970776
"bivt",0.005,1000,"0.01",TRUE,0.008,-0.00356985308843394
"bivt",0.005,1000,"0.05",TRUE,0.009,-0.0027422935387408
"bivt",0.005,1000,"0.1",TRUE,0.008,-0.0025358501424186
"bivt",0.005,1000,"0.01",TRUE,0.0110049999999999,-0.00302914192748881
"bivt",0.005,1000,"0.05",FALSE,0.01,-0.00251451844277077
"bivt",0.005,1000,"0.1",FALSE,0.009,-0.00246692312378462
"bivt",0.005,1000,"0.01",TRUE,0.013,-0.00286669065766592
"bivt",0.005,1000,"0.05",TRUE,0.008,-0.00275127075648223
"bivt",0.005,1000,"0.1",TRUE,0.007,-0.00259828107077858
"bivt",0.005,1000,"0.01",TRUE,0.00900499999999988,-0.0030390075407447
"bivt",0.005,1000,"0.05",TRUE,0.008,-0.00291859215096869
"bivt",0.005,1000,"0.1",TRUE,0.007,-0.00269074071517678
"bivt",0.005,1000,"0.01",TRUE,0.01,-0.00314043331389946
"bivt",0.005,1000,"0.05",TRUE,0.007,-0.00255098452732825
"bivt",0.005,1000,"0.1",TRUE,0.006,-0.00249115791185357
"bivt",0.005,1000,"0.01",TRUE,0.009,-0.00298661854780886
"bivt",0.005,1000,"0.05",TRUE,0.01,-0.00310238058453673
"bivt",0.005,1000,"0.1",TRUE,0.009,-0.00307765858579907
"bivt",0.005,1000,"0.01",TRUE,0.011,-0.00349986748056739
"bivt",0.005,1000,"0.05",FALSE,0.007,-0.0024587619929227
"bivt",0.005,1000,"0.1",FALSE,0.006,-0.00229924937610468
"bivt",0.005,1000,"0.01",TRUE,0.009,-0.0028638855954976
"bivt",0.005,1000,"0.05",TRUE,0.009,-0.00308711905172245
"bivt",0.005,1000,"0.1",TRUE,0.008,-0.003000439928351
"bivt",0.005,1000,"0.01",TRUE,0.011,-0.00321539698097083
"bivt",0.005,1000,"0.05",TRUE,0.008,-0.00305473761523723
"bivt",0.005,1000,"0.1",TRUE,0.007,-0.00280869331521292
"bivt",0.005,1000,"0.01",TRUE,0.011,-0.00339832726492943
"bivt",0.005,1000,"0.05",TRUE,0.008,-0.00326581169298181
"bivt",0.005,1000,"0.1",TRUE,0.007,-0.00297925087005514
"bivt",0.005,1000,"0.01",TRUE,0.00900499999999988,-0.00343231154609819
"bivt",0.005,1000,"0.05",TRUE,0.009,-0.00278243058552657
"bivt",0.005,1000,"0.1",TRUE,0.008,-0.00256593687478509
"bivt",0.005,1000,"0.01",TRUE,0.0100049999999999,-0.00304401935777767
"bivt",0.005,1000,"0.05",TRUE,0.009,-0.00296099880248445
"bivt",0.005,1000,"0.1",TRUE,0.008,-0.00291824972352582
"bivt",0.005,1000,"0.01",TRUE,0.011,-0.00313499885246012
"bivt",0.005,1000,"0.05",TRUE,0.008,-0.00280254938973354
"bivt",0.005,1000,"0.1",TRUE,0.007,-0.00254800335390817
"bivt",0.005,1000,"0.01",TRUE,0.01,-0.00301468508884301
"bivt",0.005,1000,"0.05",TRUE,0.006,-0.00299768328394682
"bivt",0.005,1000,"0.1",TRUE,0.00499207717416509,-0.00286554778531585
"bivt",0.005,1000,"0.01",TRUE,0.008,-0.00333581002365633
"bivt",0.005,1000,"0.05",TRUE,0.006,-0.00280493922674704
"bivt",0.005,1000,"0.1",TRUE,0.00495773654522647,-0.00262818311484418
"bivt",0.005,1000,"0.01",TRUE,0.007,-0.00308873356739353
"bivt",0.005,1000,"0.05",TRUE,0.008,-0.00340514397500795
"bivt",0.005,1000,"0.1",TRUE,0.007,-0.00316949786190928
"bivt",0.005,1000,"0.01",TRUE,0.01,-0.00353264325359029
"bivt",0.005,1000,"0.05",TRUE,0.007,-0.00278350602877837
"bivt",0.005,1000,"0.1",TRUE,0.006,-0.00260154238112003
"bivt",0.005,1000,"0.01",TRUE,0.008,-0.00309810836479805
"bivt",0.005,1000,"0.05",TRUE,0.008,-0.00308826539947796
"bivt",0.005,1000,"0.1",TRUE,0.007,-0.00295322033643648
"bivt",0.005,1000,"0.01",TRUE,0.01,-0.00340432829401903
"bivt",0.005,1000,"0.05",TRUE,0.009,-0.00289924607884916
"bivt",0.005,1000,"0.1",TRUE,0.008,-0.00269972797939938
"bivt",0.005,1000,"0.01",TRUE,0.0110049999999999,-0.00337831476714585
"bivt",0.005,1000,"0.05",TRUE,0.01,-0.00265557753561296
"bivt",0.005,1000,"0.1",TRUE,0.009,-0.00258137121494634
"bivt",0.005,1000,"0.01",TRUE,0.012,-0.00308473519760817
"bivt",0.005,1000,"0.05",TRUE,0.00415635382610753,-0.00291521931647513
"bivt",0.005,1000,"0.1",TRUE,0.0038752355894981,-0.00227252134852823
"bivt",0.005,1000,"0.01",TRUE,0.006,-0.00324507684622928
"bivt",0.005,1000,"0.05",TRUE,0.007,-0.00314613800731084
"bivt",0.005,1000,"0.1",TRUE,0.006,-0.00289517336124642
"bivt",0.005,1000,"0.01",TRUE,0.009,-0.00354632773317492
"bivt",0.005,1000,"0.05",TRUE,0.009,-0.00331741632495156
"bivt",0.005,1000,"0.1",TRUE,0.008,-0.00319589185132109
"bivt",0.005,1000,"0.01",TRUE,0.0110049999999999,-0.00344917123768011
"bivt",0.005,1000,"0.05",TRUE,0.006,-0.00299607081598242
"bivt",0.005,1000,"0.1",TRUE,0.00497233143936182,-0.00288006147559093
"bivt",0.005,1000,"0.01",TRUE,0.009,-0.0033322552084284
"bivt",0.005,1000,"0.05",TRUE,0.007,-0.00285123171194906
"bivt",0.005,1000,"0.1",TRUE,0.006,-0.00266863975311872
"bivt",0.005,1000,"0.01",TRUE,0.00800499999999988,-0.00331279292879413
"bivt",0.005,1000,"0.05",TRUE,0.008,-0.00324624505744685
"bivt",0.005,1000,"0.1",TRUE,0.007,-0.0027011087538523
"bivt",0.005,1000,"0.01",TRUE,0.01,-0.0035019713745742
"bivt",0.005,1000,"0.05",TRUE,0.006,-0.00220316701242621
"bivt",0.005,1000,"0.1",TRUE,0.00462690839988955,-0.00205507049652161
"bivt",0.005,1000,"0.01",TRUE,0.00700499999999988,-0.00240194756170977
"bivt",0.005,1000,"0.05",FALSE,0.00442416541064019,-0.00188427716605709
"bivt",0.005,1000,"0.1",FALSE,0.00309820467239306,-0.00182639878709246
"bivt",0.005,1000,"0.01",FALSE,0.007,-0.0021004861244758
"bivt",0.005,1000,"0.05",TRUE,0.009,-0.00267791581118349
"bivt",0.005,1000,"0.1",TRUE,0.008,-0.00258148636077384
"bivt",0.005,1000,"0.01",TRUE,0.011,-0.00322764726091206
"bivt",0.005,1000,"0.05",TRUE,0.0039870480271903,-0.00239779245936717
"bivt",0.005,1000,"0.1",TRUE,0.00352215369841266,-0.00231497506621459
"bivt",0.005,1000,"0.01",TRUE,0.00600499999999988,-0.00273463984552632
"bivt",0.005,1000,"0.05",TRUE,0.009,-0.00290483268511049
"bivt",0.005,1000,"0.1",TRUE,0.008,-0.00253576476542576
"bivt",0.005,1000,"0.01",TRUE,0.012,-0.00319183678036583
"bivt",0.005,1000,"0.05",TRUE,0.00496829601334465,-0.00237315036064
"bivt",0.005,1000,"0.1",TRUE,0.00452864056209695,-0.00231852760430735
"bivt",0.005,1000,"0.01",TRUE,0.007,-0.00246800858271951
"bivt",0.005,1000,"0.05",TRUE,0.008,-0.00244565883728324
"bivt",0.005,1000,"0.1",TRUE,0.007,-0.00216698140690401
"bivt",0.005,1000,"0.01",TRUE,0.00900499999999988,-0.00259938334666346
"bivt",0.005,1000,"0.05",TRUE,0.009,-0.00313030185486241
"bivt",0.005,1000,"0.1",TRUE,0.008,-0.00298844745934905
"bivt",0.005,1000,"0.01",TRUE,0.011,-0.00348364482479429
"bivt",0.005,1000,"0.05",TRUE,0.009,-0.00345540293776702
"bivt",0.005,1000,"0.1",TRUE,0.008,-0.00334838562328806
"bivt",0.005,1000,"0.01",TRUE,0.011,-0.00372705308002337
"bivt",0.005,1000,"0.05",TRUE,0.008,-0.00285263930888779
"bivt",0.005,1000,"0.1",TRUE,0.007,-0.00263173927950646
"bivt",0.005,1000,"0.01",TRUE,0.01,-0.00311125651577195
"bivt",0.005,1000,"0.05",TRUE,0.008,-0.00269160163202378
"bivt",0.005,1000,"0.1",TRUE,0.007,-0.0025419227525814
"bivt",0.005,1000,"0.01",TRUE,0.01,-0.00300875109142294
"bivt",0.005,1000,"0.05",TRUE,0.009,-0.00317284823927227
"bivt",0.005,1000,"0.1",TRUE,0.008,-0.00312311860456957
"bivt",0.005,1000,"0.01",TRUE,0.011,-0.00328478363691705
"bivt",0.005,1000,"0.05",TRUE,0.006,-0.0028317682950436
"bivt",0.005,1000,"0.1",TRUE,0.006,-0.00262059513859089
"bivt",0.005,1000,"0.01",TRUE,0.008,-0.0031850881994982
"bivt",0.005,1000,"0.05",TRUE,0.008,-0.00278552200112099
"bivt",0.005,1000,"0.1",TRUE,0.007,-0.0025285063989034
"bivt",0.005,1000,"0.01",TRUE,0.01,-0.00284686386656903
"bivt",0.005,1000,"0.05",TRUE,0.009,-0.00298093328036741
"bivt",0.005,1000,"0.1",TRUE,0.008,-0.00294708302087013
"bivt",0.005,1000,"0.01",TRUE,0.011,-0.00330069422736826
"bivt",0.005,1000,"0.05",TRUE,0.00802499999999986,-0.00271084803636217
"bivt",0.005,1000,"0.1",TRUE,0.007,-0.00242927714055503
"bivt",0.005,1000,"0.01",TRUE,0.011,-0.00293770487934551
"bivt",0.005,1000,"0.05",FALSE,0.00602499999999986,-0.00183613842565921
"bivt",0.005,1000,"0.1",FALSE,0.00493047604577882,-0.00170924145722652
"bivt",0.005,1000,"0.01",TRUE,0.008,-0.00211243994209022
"bivt",0.005,1000,"0.05",TRUE,0.00802499999999986,-0.00318487255662998
"bivt",0.005,1000,"0.1",TRUE,0.007,-0.00309063137560711
"bivt",0.005,1000,"0.01",TRUE,0.011,-0.00355485806353626
"bivt",0.005,1000,"0.05",TRUE,0.01,-0.00325274010728515
"bivt",0.005,1000,"0.1",TRUE,0.009,-0.0031419956664877
"bivt",0.005,1000,"0.01",TRUE,0.011,-0.00362330563754598
"bivt",0.005,1000,"0.05",TRUE,0.008,-0.00287453869164474
"bivt",0.005,1000,"0.1",TRUE,0.007,-0.00275257814695294
"bivt",0.005,1000,"0.01",TRUE,0.01,-0.00305959306916287
"bivt",0.001,5000,"0.05",TRUE,0.00140282009926582,-0.000469150965238588
"bivt",0.001,5000,"0.1",TRUE,0.000856670516656918,-0.000442464404164921
"bivt",0.001,5000,"0.01",TRUE,0.0015876314055288,-0.000514605581391046
"bivt",0.001,5000,"0.05",TRUE,0.00143316524671634,-0.000536926744737754
"bivt",0.001,5000,"0.1",TRUE,0.00113916843149248,-0.000486708553539619
"bivt",0.001,5000,"0.01",TRUE,0.00182550421951421,-0.000619442916584512
"bivt",0.001,5000,"0.05",TRUE,0.00166457730976526,-0.000577182129531037
"bivt",0.001,5000,"0.1",TRUE,0.00114137718674318,-0.000558531601252167
"bivt",0.001,5000,"0.01",TRUE,0.00185175033158626,-0.000696134185549996
"bivt",0.001,5000,"0.05",TRUE,0.00100667419546541,-0.000492534230543513
"bivt",0.001,5000,"0.1",TRUE,0.000739132264827478,-0.000403172383742857
"bivt",0.001,5000,"0.01",TRUE,0.0014936632777123,-0.000544431513276573
"bivt",0.001,5000,"0.05",TRUE,0.00163396744088924,-0.000610911822805091
"bivt",0.001,5000,"0.1",TRUE,0.00134418939128316,-0.000584888682209508
"bivt",0.001,5000,"0.01",TRUE,0.00228955795190361,-0.000639706940728552
"bivt",0.001,5000,"0.05",TRUE,0.00110671918979668,-0.000434204963994171
"bivt",0.001,5000,"0.1",TRUE,0.00108802033391828,-0.000407475348756925
"bivt",0.001,5000,"0.01",TRUE,0.00128831437524851,-0.000516863287930449
"bivt",0.001,5000,"0.05",TRUE,0.00118907532331272,-0.000439328118546335
"bivt",0.001,5000,"0.1",TRUE,0.000811987745383499,-0.000433178576274661
"bivt",0.001,5000,"0.01",TRUE,0.00132950241912046,-0.000467607708935218
"bivt",0.001,5000,"0.05",TRUE,0.00112544350039309,-0.000589274462104486
"bivt",0.001,5000,"0.1",TRUE,0.00102858866502405,-0.000561839371502966
"bivt",0.001,5000,"0.01",TRUE,0.00143887598922237,-0.000622307576929316
"bivt",0.001,5000,"0.05",TRUE,0.00135221526535287,-0.000434083956280364
"bivt",0.001,5000,"0.1",TRUE,0.00109687112172698,-0.00041953111159457
"bivt",0.001,5000,"0.01",TRUE,0.00176176711354498,-0.000482934502254974
"bivt",0.001,5000,"0.05",TRUE,0.00155951738300509,-0.000535144714149052
"bivt",0.001,5000,"0.1",TRUE,0.00150578052406709,-0.00049349586652172
"bivt",0.001,5000,"0.01",TRUE,0.0026,-0.000595112652070736
"bivt",0.001,5000,"0.05",TRUE,0.00113740746719576,-0.000509224044116948
"bivt",0.001,5000,"0.1",TRUE,0.00111345986036737,-0.000479832627601031
"bivt",0.001,5000,"0.01",TRUE,0.001387856177875,-0.000528422650195088
"bivt",0.001,5000,"0.05",TRUE,0.00122933822199944,-0.00052988860797361
"bivt",0.001,5000,"0.1",TRUE,0.000919168753705016,-0.000497684514479937
"bivt",0.001,5000,"0.01",TRUE,0.00140810533535991,-0.000598583938568353
"bivt",0.001,5000,"0.05",TRUE,0.000900162006672243,-0.000559461983625404
"bivt",0.001,5000,"0.1",TRUE,0.000707900254358128,-0.000460425416941644
"bivt",0.001,5000,"0.01",TRUE,0.00114083268510075,-0.000579722892051179
"bivt",0.001,5000,"0.05",TRUE,0.0010550725050684,-0.000492417478191851
"bivt",0.001,5000,"0.1",TRUE,0.000931884849256822,-0.000452357774464433
"bivt",0.001,5000,"0.01",TRUE,0.00134840166662581,-0.000544727117684213
"bivt",0.001,5000,"0.05",TRUE,0.00143225786693466,-0.000612484019572527
"bivt",0.001,5000,"0.1",TRUE,0.00107498654051388,-0.000579852774241729
"bivt",0.001,5000,"0.01",TRUE,0.00195971668009787,-0.000651985638640979
"bivt",0.001,5000,"0.05",TRUE,0.000776161845977426,-0.000448473869959394
"bivt",0.001,5000,"0.1",TRUE,0.000745835294920637,-0.000406743493312294
"bivt",0.001,5000,"0.01",TRUE,0.000917869751526538,-0.000499575387188525
"bivt",0.001,5000,"0.05",TRUE,0.00128959617976837,-0.000477093256741549
"bivt",0.001,5000,"0.1",TRUE,0.00101624655290783,-0.000469609235044354
"bivt",0.001,5000,"0.01",TRUE,0.00183635946464313,-0.000516082458936875
"bivt",0.001,5000,"0.05",TRUE,0.0013849261575568,-0.000483339724843855
"bivt",0.001,5000,"0.1",TRUE,0.00113284169488959,-0.000456091371791744
"bivt",0.001,5000,"0.01",TRUE,0.0018134211983976,-0.000529472561685318
"bivt",0.001,5000,"0.05",TRUE,0.00115066103855437,-0.00049540894892755
"bivt",0.001,5000,"0.1",TRUE,0.000644918396153881,-0.000449888917939618
"bivt",0.001,5000,"0.01",TRUE,0.00179532930808725,-0.000539054786285567
"bivt",0.001,5000,"0.05",TRUE,0.00110718548741192,-0.000452261730166865
"bivt",0.001,5000,"0.1",TRUE,0.00079265733670446,-0.000423630962251347
"bivt",0.001,5000,"0.01",TRUE,0.00166508933181852,-0.0004854263973088
"bivt",0.001,5000,"0.05",TRUE,0.00117789214403586,-0.000428728682143255
"bivt",0.001,5000,"0.1",TRUE,0.000746723571923308,-0.000407292988886009
"bivt",0.001,5000,"0.01",TRUE,0.00148314623898099,-0.000479301246413749
"bivt",0.001,5000,"0.05",TRUE,0.001022161338764,-0.000449816547605445
"bivt",0.001,5000,"0.1",TRUE,0.000673036274432087,-0.000417532925278773
"bivt",0.001,5000,"0.01",TRUE,0.00124526117904288,-0.000503303350712278
"bivt",0.001,5000,"0.05",TRUE,0.00128400484271488,-0.000512766924929934
"bivt",0.001,5000,"0.1",TRUE,0.00102075878090698,-0.000495369523609613
"bivt",0.001,5000,"0.01",TRUE,0.00142205659263771,-0.00057370616746561
"bivt",0.001,5000,"0.05",TRUE,0.00122553386140891,-0.000511555901590835
"bivt",0.001,5000,"0.1",TRUE,0.00118139349691721,-0.000469297034460621
"bivt",0.001,5000,"0.01",TRUE,0.0018796307776065,-0.000555936323542945
"bivt",0.001,5000,"0.05",TRUE,0.00101192185267702,-0.000466666962893095
"bivt",0.001,5000,"0.1",TRUE,0.000786041463414144,-0.000437641844797716
"bivt",0.001,5000,"0.01",TRUE,0.00180052175411804,-0.000519201325812278
"bivt",0.001,5000,"0.05",TRUE,0.00187525483082225,-0.000521612768030289
"bivt",0.001,5000,"0.1",TRUE,0.00146859805356424,-0.000475599264081241
"bivt",0.001,5000,"0.01",TRUE,0.00215000446662586,-0.000589563623473185
"bivt",0.001,5000,"0.05",TRUE,0.0012024273524617,-0.000477247371487421
"bivt",0.001,5000,"0.1",TRUE,0.00116843123012706,-0.000462286375896006
"bivt",0.001,5000,"0.01",TRUE,0.00124762809193058,-0.000499877933707581
"bivt",0.001,5000,"0.05",TRUE,0.000861952937790276,-0.000458344846196797
"bivt",0.001,5000,"0.1",TRUE,0.000815189254056242,-0.00043744042279805
"bivt",0.001,5000,"0.01",TRUE,0.00100437110731444,-0.000520490334527676
"bivt",0.001,5000,"0.05",TRUE,0.000708255640950889,-0.000446034927490156
"bivt",0.001,5000,"0.1",TRUE,0.000595599791046598,-0.000394014624788781
"bivt",0.001,5000,"0.01",TRUE,0.00105195367512964,-0.00050219769130048
"bivt",0.001,5000,"0.05",TRUE,0.00136866575062825,-0.000493698404046884
"bivt",0.001,5000,"0.1",TRUE,0.00128707638294356,-0.000463953812887291
"bivt",0.001,5000,"0.01",TRUE,0.0028,-0.000545427401248068
"bivt",0.001,5000,"0.05",TRUE,0.00103488827330517,-0.000593321742640796
"bivt",0.001,5000,"0.1",TRUE,0.000889674594769544,-0.000562244444334888
"bivt",0.001,5000,"0.01",TRUE,0.00157657405947609,-0.000636799500907374
"bivt",0.001,5000,"0.05",TRUE,0.0012664848090368,-0.000486704276983585
"bivt",0.001,5000,"0.1",TRUE,0.00125627015001581,-0.000431546565186646
"bivt",0.001,5000,"0.01",TRUE,0.0028,-0.000546252558224301
"bivt",0.001,5000,"0.05",TRUE,0.0026,-0.000538708389261349
"bivt",0.001,5000,"0.1",TRUE,0.00232296322844043,-0.000486902468302346
"bivt",0.001,5000,"0.01",TRUE,0.003,-0.000590498162688811
"bivt",0.001,5000,"0.05",TRUE,0.00135922327713397,-0.00049793356603595
"bivt",0.001,5000,"0.1",TRUE,0.0010753039746364,-0.000427032503312106
"bivt",0.001,5000,"0.01",TRUE,0.0026,-0.000545969999960903
"bivt",0.001,5000,"0.05",TRUE,0.00150263688317619,-0.000583529287373713
"bivt",0.001,5000,"0.1",TRUE,0.00134194682948722,-0.000564137296737662
"bivt",0.001,5000,"0.01",TRUE,0.00207437593186674,-0.00065236029454407
"bivt",0.001,5000,"0.05",TRUE,0.00112801281731518,-0.000555948617486192
"bivt",0.001,5000,"0.1",TRUE,0.000966099573800522,-0.000540135002420698
"bivt",0.001,5000,"0.01",TRUE,0.00145055993289097,-0.000631772621611834
"bivt",0.001,5000,"0.05",TRUE,0.00146809156327668,-0.000552184728695715
"bivt",0.001,5000,"0.1",TRUE,0.00118483898966241,-0.000541963450359021
"bivt",0.001,5000,"0.01",TRUE,0.00183262578732519,-0.000599761132309651
"bivt",0.001,5000,"0.05",TRUE,0.00126591415655768,-0.000537170705956515
"bivt",0.001,5000,"0.1",TRUE,0.000968170424127485,-0.000506987035998355
"bivt",0.001,5000,"0.01",TRUE,0.00150928985512943,-0.000545883706917831
"bivt",0.001,5000,"0.05",TRUE,0.0020982815876425,-0.000605508789707175
"bivt",0.001,5000,"0.1",TRUE,0.00188388013466087,-0.000599008333593551
"bivt",0.001,5000,"0.01",TRUE,0.0028,-0.000656652322066243
"bivt",0.001,5000,"0.05",TRUE,0.00151240215766499,-0.000543580710212491
"bivt",0.001,5000,"0.1",TRUE,0.0012266502342729,-0.000517731305914532
"bivt",0.001,5000,"0.01",TRUE,0.00175435242548177,-0.0005799892882956
"bivt",0.001,5000,"0.05",FALSE,0.000540258131353928,-0.000384477336261561
"bivt",0.001,5000,"0.1",FALSE,0.000483125134091427,-0.000359014349558332
"bivt",0.001,5000,"0.01",FALSE,0.000811573947279753,-0.000446742130013437
"bivt",0.001,5000,"0.05",TRUE,0.00142998521705912,-0.000546122990430368
"bivt",0.001,5000,"0.1",TRUE,0.00125061786500565,-0.000523071331235124
"bivt",0.001,5000,"0.01",TRUE,0.0026,-0.000610098091774373
"bivt",0.001,5000,"0.05",TRUE,0.00099777597992419,-0.000532371952252283
"bivt",0.001,5000,"0.1",TRUE,0.000960161938260748,-0.000513579566890019
"bivt",0.001,5000,"0.01",TRUE,0.00144152353463783,-0.00057951821254303
"bivt",0.001,5000,"0.05",TRUE,0.00109671589390488,-0.000535408559420447
"bivt",0.001,5000,"0.1",TRUE,0.000995544815850578,-0.000523234023255674
"bivt",0.001,5000,"0.01",TRUE,0.00153303667452416,-0.00057810875576864
"bivt",0.001,5000,"0.05",TRUE,0.000863327229532433,-0.000526672304243354
"bivt",0.001,5000,"0.1",TRUE,0.000737164543698259,-0.000507299081995412
"bivt",0.001,5000,"0.01",TRUE,0.0010085575285728,-0.00058544571288716
"bivt",0.001,5000,"0.05",TRUE,0.0012108919468299,-0.000540937990831249
"bivt",0.001,5000,"0.1",TRUE,0.00109653181593067,-0.000527557946458679
"bivt",0.001,5000,"0.01",TRUE,0.00191142253417619,-0.000584639818958596
"bivt",0.001,5000,"0.05",TRUE,0.00121977493586034,-0.000508010961141263
"bivt",0.001,5000,"0.1",TRUE,0.00101811685188153,-0.000483306838851718
"bivt",0.001,5000,"0.01",TRUE,0.00183893681710708,-0.000564162166691966
"bivt",0.001,5000,"0.05",TRUE,0.00115362154216416,-0.000540341931935664
"bivt",0.001,5000,"0.1",TRUE,0.000903367680142265,-0.000477428740992877
"bivt",0.001,5000,"0.01",TRUE,0.00177935694181217,-0.000568759774489066
"bivt",0.001,5000,"0.05",TRUE,0.00108632914751056,-0.00055069672790173
"bivt",0.001,5000,"0.1",TRUE,0.000834106847710772,-0.000525491505139088
"bivt",0.001,5000,"0.01",TRUE,0.00152594772787275,-0.000584122221582348
"bivt",0.001,5000,"0.05",TRUE,0.000674486017055149,-0.000463939285454677
"bivt",0.001,5000,"0.1",FALSE,0.000579567924083659,-0.000400489558820016
"bivt",0.001,5000,"0.01",TRUE,0.000898384585913226,-0.000547045866129913
"bivt",0.001,5000,"0.05",FALSE,0.000982141875744276,-0.000586711006897829
"bivt",0.001,5000,"0.1",FALSE,0.000799436545511437,-0.000568265873174211
"bivt",0.001,5000,"0.01",TRUE,0.00162591692748242,-0.000662437095234381
"bivt",0.001,5000,"0.05",TRUE,0.00111254250117248,-0.000585051731091124
"bivt",0.001,5000,"0.1",TRUE,0.00100409522507728,-0.000550017588626053
"bivt",0.001,5000,"0.01",TRUE,0.0017272283679472,-0.000612008818327547
"bivt",0.001,5000,"0.05",TRUE,0.00210957441073226,-0.000553579675238281
"bivt",0.001,5000,"0.1",TRUE,0.00184145267910896,-0.000535701078657097
"bivt",0.001,5000,"0.01",TRUE,0.0028,-0.000594432828331917
"bivt",0.001,5000,"0.05",TRUE,0.00101679933109704,-0.000453254003767191
"bivt",0.001,5000,"0.1",TRUE,0.00087765533300464,-0.000411597953602229
"bivt",0.001,5000,"0.01",TRUE,0.00209013516263837,-0.000513595994033879
"bivt",0.001,5000,"0.05",TRUE,0.00176423719695477,-0.000491351920141728
"bivt",0.001,5000,"0.1",TRUE,0.00168494510404193,-0.000454235500174
"bivt",0.001,5000,"0.01",TRUE,0.0026,-0.000524437473887998
"bivt",0.001,5000,"0.05",TRUE,0.000961255477426086,-0.000464590438382115
"bivt",0.001,5000,"0.1",TRUE,0.000932626209237099,-0.000453439095307668
"bivt",0.001,5000,"0.01",TRUE,0.00123921555567399,-0.000511426707288489
"bivt",0.001,5000,"0.05",TRUE,0.00216351180408442,-0.000622629123957639
"bivt",0.001,5000,"0.1",TRUE,0.00209428039301386,-0.000593437845155885
"bivt",0.001,5000,"0.01",TRUE,0.0026,-0.000688522268998279
"bivt",0.001,5000,"0.05",TRUE,0.001228598606114,-0.000565694978166789
"bivt",0.001,5000,"0.1",TRUE,0.00122213299491368,-0.00053274862721416
"bivt",0.001,5000,"0.01",TRUE,0.00158418037928484,-0.000606532377379821
"bivt",0.001,5000,"0.05",TRUE,0.00124591911973903,-0.00053278197956084
"bivt",0.001,5000,"0.1",TRUE,0.00111858556091555,-0.000501244285180609
"bivt",0.001,5000,"0.01",TRUE,0.0017872504324904,-0.000563519866978318
"bivt",0.001,5000,"0.05",TRUE,0.00171171119519068,-0.000492939528481365
"bivt",0.001,5000,"0.1",TRUE,0.00154141873379158,-0.000458051470235511
"bivt",0.001,5000,"0.01",TRUE,0.0026,-0.000537985183784966
"bivt",0.001,5000,"0.05",TRUE,0.00241687792121844,-0.000484502067415858
"bivt",0.001,5000,"0.1",TRUE,0.00188594986079852,-0.000468064246522525
"bivt",0.001,5000,"0.01",TRUE,0.00280099999999998,-0.000560013847132408
"bivt",0.001,5000,"0.05",TRUE,0.00130052922598112,-0.000498212492568219
"bivt",0.001,5000,"0.1",TRUE,0.00127637099961162,-0.000452679539201489
"bivt",0.001,5000,"0.01",TRUE,0.00168631108858498,-0.000556674941028284
"bivt",0.001,5000,"0.05",TRUE,0.00109520311647687,-0.000487145131258113
"bivt",0.001,5000,"0.1",TRUE,0.00100218645480457,-0.000463151807215887
"bivt",0.001,5000,"0.01",TRUE,0.00146909661402351,-0.000545472388213111
"bivt",0.001,5000,"0.05",TRUE,0.00131379627973812,-0.000583362043885125
"bivt",0.001,5000,"0.1",TRUE,0.00113863448219261,-0.000558289168086956
"bivt",0.001,5000,"0.01",TRUE,0.00162727288774672,-0.000626701786247215
"bivt",0.001,5000,"0.05",TRUE,0.00230077501781127,-0.000634012058550891
"bivt",0.001,5000,"0.1",TRUE,0.00188935704862382,-0.000597053809004305
"bivt",0.001,5000,"0.01",TRUE,0.00280099999999998,-0.000705121872562065
"bivt",0.001,5000,"0.05",TRUE,0.000919196804380654,-0.000550475269768208
"bivt",0.001,5000,"0.1",TRUE,0.000853443153129173,-0.00051531497715091
"bivt",0.001,5000,"0.01",TRUE,0.00101764611179387,-0.000589036184446525
"bivt",0.001,5000,"0.05",TRUE,0.000908292333745738,-0.000405550622551086
"bivt",0.001,5000,"0.1",TRUE,0.000834771589095103,-0.000396653417971824
"bivt",0.001,5000,"0.01",TRUE,0.00165965547098361,-0.000447334324132721
"bivt",0.001,5000,"0.05",TRUE,0.000879354435132198,-0.000463435497886811
"bivt",0.001,5000,"0.1",TRUE,0.000775028442314231,-0.000443806621555968
"bivt",0.001,5000,"0.01",TRUE,0.00174060454309126,-0.000520106385053912
"bivt",0.001,5000,"0.05",TRUE,0.00146667615849926,-0.000559058023779487
"bivt",0.001,5000,"0.1",TRUE,0.001460050191316,-0.000526963340968691
"bivt",0.001,5000,"0.01",TRUE,0.00196293454681838,-0.000609310357303549
"bivt",0.001,5000,"0.05",TRUE,0.00109822277879313,-0.000514325388541119
"bivt",0.001,5000,"0.1",TRUE,0.000722266907369047,-0.000493332687433559
"bivt",0.001,5000,"0.01",TRUE,0.0015885067325714,-0.000572125202540583
"bivt",0.001,5000,"0.05",TRUE,0.000860318234857016,-0.000405424131751192
"bivt",0.001,5000,"0.1",TRUE,0.000801748212875482,-0.000379542002737961
"bivt",0.001,5000,"0.01",TRUE,0.00116469296043708,-0.000469815300716132
"bivt",0.001,5000,"0.05",TRUE,0.00194996615964897,-0.000445831101261874
"bivt",0.001,5000,"0.1",TRUE,0.0017253544090416,-0.000415213073189917
"bivt",0.001,5000,"0.01",TRUE,0.0026,-0.000484101358516194
"bivt",0.001,5000,"0.05",TRUE,0.00128501216555748,-0.0005690067512851
"bivt",0.001,5000,"0.1",TRUE,0.00110272636933878,-0.000528782792467486
"bivt",0.001,5000,"0.01",TRUE,0.00191049803207422,-0.000640168374619333
"bivt",0.001,5000,"0.05",TRUE,0.00119065220627067,-0.000549215373779356
"bivt",0.001,5000,"0.1",TRUE,0.00107280582876375,-0.000533355415850423
"bivt",0.001,5000,"0.01",TRUE,0.00177190844733251,-0.000581625606204112
"bivt",0.001,5000,"0.05",TRUE,0.00119897109725965,-0.000553664858206872
"bivt",0.001,5000,"0.1",TRUE,0.000838923709664551,-0.000522627673726162
"bivt",0.001,5000,"0.01",TRUE,0.00157486813136857,-0.000593092987258593
"bivt",0.001,5000,"0.05",TRUE,0.00125112762892836,-0.000538888709154604
"bivt",0.001,5000,"0.1",TRUE,0.00110811618011203,-0.000506412816848563
"bivt",0.001,5000,"0.01",TRUE,0.00158474519558303,-0.000609426586017706
"bivt",0.001,5000,"0.05",TRUE,0.00167219704195341,-0.000607402213500386
"bivt",0.001,5000,"0.1",TRUE,0.0015123933639725,-0.000584579867040715
"bivt",0.001,5000,"0.01",TRUE,0.00225249732717939,-0.000665187982938702
"bivt",0.001,5000,"0.05",TRUE,0.000854531286209306,-0.000444732062028692
"bivt",0.001,5000,"0.1",TRUE,0.000670095772041315,-0.000416510947155944
"bivt",0.001,5000,"0.01",TRUE,0.00121003551377381,-0.00048984265916195
"bivt",0.001,5000,"0.05",TRUE,0.00148462400109721,-0.000559388338677166
"bivt",0.001,5000,"0.1",TRUE,0.0011477218498052,-0.000549675489497281
"bivt",0.001,5000,"0.01",TRUE,0.00196728628479279,-0.000588793489636438
"bivt",0.001,5000,"0.05",TRUE,0.00156842866177457,-0.000540891702508902
"bivt",0.001,5000,"0.1",TRUE,0.00129671771500233,-0.000514710593570614
"bivt",0.001,5000,"0.01",TRUE,0.0026,-0.000596962152214932
"bivt",0.001,5000,"0.05",TRUE,0.00105246782912542,-0.000552856849430056
"bivt",0.001,5000,"0.1",TRUE,0.000970839164816896,-0.000501323638461783
"bivt",0.001,5000,"0.01",TRUE,0.00117204110332247,-0.000585010466205732
"bivt",0.001,5000,"0.05",TRUE,0.00105789739943675,-0.000536595192024175
"bivt",0.001,5000,"0.1",TRUE,0.0007390531364434,-0.00051350508898753
"bivt",0.001,5000,"0.01",TRUE,0.0026,-0.00061044477541144
"bivt",0.001,5000,"0.05",TRUE,0.000755480504352956,-0.000420284930578815
"bivt",0.001,5000,"0.1",TRUE,0.000659783370995407,-0.000384832807394183
"bivt",0.001,5000,"0.01",TRUE,0.000929779615005249,-0.000465810754306915
"bivt",0.001,5000,"0.05",TRUE,0.000794082641625453,-0.000424134956364816
"bivt",0.001,5000,"0.1",TRUE,0.000659239631950045,-0.000406729508451368
"bivt",0.001,5000,"0.01",TRUE,0.00101965019735619,-0.000494081395700177
"bivt",0.001,5000,"0.05",TRUE,0.00085846350277731,-0.00045372404928907
"bivt",0.001,5000,"0.1",TRUE,0.000745601135059974,-0.000429258628744991
"bivt",0.001,5000,"0.01",TRUE,0.00106313016703831,-0.000513896212786019
"bivt",0.001,5000,"0.05",TRUE,0.00138923270965098,-0.000567026859030014
"bivt",0.001,5000,"0.1",TRUE,0.00136382466742062,-0.000517671961116819
"bivt",0.001,5000,"0.01",TRUE,0.0028,-0.000586333773532733
"bivt",0.001,5000,"0.05",TRUE,0.00161734275622605,-0.000537030256504997
"bivt",0.001,5000,"0.1",TRUE,0.00136175615231622,-0.000507700558893833
"bivt",0.001,5000,"0.01",TRUE,0.00196821946250122,-0.000600924991708076
"bivt",0.001,5000,"0.05",TRUE,0.001618147809725,-0.000524555126069125
"bivt",0.001,5000,"0.1",TRUE,0.00157372464046318,-0.000487508720075562
"bivt",0.001,5000,"0.01",TRUE,0.00174721858704401,-0.000565235692725933
"bivt",0.001,5000,"0.05",TRUE,0.0026,-0.000502639897724201
"bivt",0.001,5000,"0.1",TRUE,0.00229208838586745,-0.000487607741200747
"bivt",0.001,5000,"0.01",TRUE,0.003,-0.000536451813577217
"bivt",0.001,5000,"0.05",TRUE,0.00098595499812179,-0.000447069935923563
"bivt",0.001,5000,"0.1",TRUE,0.000748069077589531,-0.000417175031095135
"bivt",0.001,5000,"0.01",TRUE,0.00116878375766529,-0.000481480719342202
"bivt",0.001,5000,"0.05",TRUE,0.0019917843244963,-0.000590460013161361
"bivt",0.001,5000,"0.1",TRUE,0.0016688170764766,-0.000573294061870899
"bivt",0.001,5000,"0.01",TRUE,0.00226920589833618,-0.000630801175157516
"bivt",0.001,5000,"0.05",TRUE,0.00109569021848789,-0.00049524331410552
"bivt",0.001,5000,"0.1",TRUE,0.000667632782744413,-0.000458676363226787
"bivt",0.001,5000,"0.01",TRUE,0.00167493802901148,-0.00052513666086735
"bivt",0.001,5000,"0.05",TRUE,0.0013415382723571,-0.000543374255067681
"bivt",0.001,5000,"0.1",TRUE,0.00105683785041947,-0.00051302485539614
"bivt",0.001,5000,"0.01",TRUE,0.0026,-0.00058482308156295
"bivt",0.001,5000,"0.05",TRUE,0.00177801834337457,-0.00051277504204858
"bivt",0.001,5000,"0.1",TRUE,0.00153790277881559,-0.000467516703488805
"bivt",0.001,5000,"0.01",TRUE,0.00226221994535202,-0.000595809590119723
"bivt",0.001,5000,"0.05",TRUE,0.0016843614737582,-0.00046541904115137
"bivt",0.001,5000,"0.1",TRUE,0.00127108458856414,-0.000444420059666625
"bivt",0.001,5000,"0.01",TRUE,0.0026,-0.00053199277319411
"bivt",0.001,5000,"0.05",TRUE,0.000747936354961427,-0.000549663609081861
"bivt",0.001,5000,"0.1",TRUE,0.000638968321475748,-0.000458576072480256
"bivt",0.001,5000,"0.01",TRUE,0.000999706291489535,-0.000579163714857632
"bivt",0.001,5000,"0.05",TRUE,0.00163119714310822,-0.000473784644400746
"bivt",0.001,5000,"0.1",TRUE,0.00148757162760286,-0.000453104046999307
"bivt",0.001,5000,"0.01",TRUE,0.0018983328505054,-0.000506863069949236
"bivt",0.001,5000,"0.05",TRUE,0.000739529887923613,-0.000510552790230091
"bivt",0.001,5000,"0.1",TRUE,0.000704895555086183,-0.000463888272718827
"bivt",0.001,5000,"0.01",TRUE,0.0011501344849536,-0.000572096943031751
"bivt",0.001,5000,"0.05",TRUE,0.00151330244924029,-0.000486356639809633
"bivt",0.001,5000,"0.1",TRUE,0.00135835915896129,-0.000462787007098337
"bivt",0.001,5000,"0.01",TRUE,0.00194622590206119,-0.000560927999709041
"bivt",0.001,5000,"0.05",TRUE,0.00113597019799574,-0.000584387276038261
"bivt",0.001,5000,"0.1",TRUE,0.000931972810365234,-0.000557959043750921
"bivt",0.001,5000,"0.01",TRUE,0.00149133832774923,-0.000609334375948779
"bivt",0.001,5000,"0.05",TRUE,0.00107942320394029,-0.000476136052811522
"bivt",0.001,5000,"0.1",TRUE,0.000833113785713008,-0.000441768791546024
"bivt",0.001,5000,"0.01",TRUE,0.00131835208637279,-0.000526039237515368
"bivt",0.001,5000,"0.05",TRUE,0.00100680000863305,-0.00049842655158072
"bivt",0.001,5000,"0.1",TRUE,0.000876840375495801,-0.000463093774462492
"bivt",0.001,5000,"0.01",TRUE,0.00119886881930044,-0.000562371635493978
"bivt",0.001,5000,"0.05",TRUE,0.00131574933343106,-0.000501107100294511
"bivt",0.001,5000,"0.1",TRUE,0.00115254971472203,-0.000484103302297843
"bivt",0.001,5000,"0.01",TRUE,0.0026,-0.000575013618241493
"bivt",0.001,5000,"0.05",TRUE,0.00133485148202533,-0.000425603434170493
"bivt",0.001,5000,"0.1",TRUE,0.00125018361454861,-0.000401786644571554
"bivt",0.001,5000,"0.01",TRUE,0.0026,-0.00049150443711887
"bivt",0.001,5000,"0.05",TRUE,0.00127770685043835,-0.000530500529285948
"bivt",0.001,5000,"0.1",TRUE,0.0012236860267172,-0.000497349195835118
"bivt",0.001,5000,"0.01",TRUE,0.00136801914087876,-0.000598178794328349
"bivt",0.001,5000,"0.05",TRUE,0.00131864675979073,-0.000574156412501208
"bivt",0.001,5000,"0.1",TRUE,0.00126412587454438,-0.000539292101743477
"bivt",0.001,5000,"0.01",TRUE,0.00241986842644955,-0.000635734932900067
"bivt",0.001,5000,"0.05",TRUE,0.00114053990205689,-0.0004554316166995
"bivt",0.001,5000,"0.1",TRUE,0.000943823418055915,-0.000447753781132291
"bivt",0.001,5000,"0.01",TRUE,0.00124760176150531,-0.000556076850116465
"bivt",0.001,5000,"0.05",FALSE,0.000907367218756647,-0.000393245871211687
"bivt",0.001,5000,"0.1",FALSE,0.000712355213255353,-0.000369542223184355
"bivt",0.001,5000,"0.01",FALSE,0.00109342392854936,-0.00043550251218769
"bivt",0.001,5000,"0.05",FALSE,0.0014274094340918,-0.000413521578327372
"bivt",0.001,5000,"0.1",FALSE,0.00107710201644008,-0.000389546589235868
"bivt",0.001,5000,"0.01",FALSE,0.00156277378279746,-0.000484813985745174
"bivt",0.001,5000,"0.05",TRUE,0.00171917151212125,-0.000471132558817445
"bivt",0.001,5000,"0.1",TRUE,0.00119545152434479,-0.000437176835705631
"bivt",0.001,5000,"0.01",TRUE,0.0028,-0.000524615105306951
"bivt",0.001,5000,"0.05",FALSE,0.000815206423917155,-0.000456177866495106
"bivt",0.001,5000,"0.1",FALSE,0.000728745037800111,-0.000427746823782391
"bivt",0.001,5000,"0.01",TRUE,0.00125417014620886,-0.000516673100521122
"bivt",0.001,5000,"0.05",TRUE,0.00145069319240141,-0.000494802141485654
"bivt",0.001,5000,"0.1",TRUE,0.00120195763096515,-0.000476309807952878
"bivt",0.001,5000,"0.01",TRUE,0.00170959163690998,-0.000523220011266152
"bivt",0.001,5000,"0.05",TRUE,0.00157930028766313,-0.000517968327395117
"bivt",0.001,5000,"0.1",TRUE,0.00142697826678306,-0.000488464699084175
"bivt",0.001,5000,"0.01",TRUE,0.00194833072107933,-0.000572989666955684
"bivt",0.001,5000,"0.05",TRUE,0.00139069065891677,-0.000584104677684099
"bivt",0.001,5000,"0.1",TRUE,0.00123565980578356,-0.000553301190458281
"bivt",0.001,5000,"0.01",TRUE,0.00235615476652365,-0.000652985619037691
"bivt",0.001,5000,"0.05",TRUE,0.00125993126193479,-0.000600986293256394
"bivt",0.001,5000,"0.1",TRUE,0.00115309326525022,-0.000576281762839489
"bivt",0.001,5000,"0.01",TRUE,0.00161268081855342,-0.000668537069193498
"bivt",0.001,5000,"0.05",TRUE,0.000836855999485989,-0.00043171480629102
"bivt",0.001,5000,"0.1",TRUE,0.000721515932247992,-0.00041761944254848
"bivt",0.001,5000,"0.01",TRUE,0.00110897781617014,-0.000480637285854103
"bivt",0.001,5000,"0.05",TRUE,0.00120920625336443,-0.000507660113245204
"bivt",0.001,5000,"0.1",TRUE,0.00103733942839417,-0.000480037115427504
"bivt",0.001,5000,"0.01",TRUE,0.00166183833488337,-0.000552180751469697
"bivt",0.001,5000,"0.05",TRUE,0.00119890379888756,-0.000536436555364125
"bivt",0.001,5000,"0.1",TRUE,0.00107403099634361,-0.000503967422001224
"bivt",0.001,5000,"0.01",TRUE,0.00148727288803898,-0.00058129885020923
"bivt",0.001,5000,"0.05",TRUE,0.0024056049846525,-0.000487205059818457
"bivt",0.001,5000,"0.1",TRUE,0.00211349271844311,-0.000465980456502962
"bivt",0.001,5000,"0.01",TRUE,0.003,-0.000593243055938238
"bivt",0.001,5000,"0.05",TRUE,0.00180647281022913,-0.000483162177476836
"bivt",0.001,5000,"0.1",TRUE,0.00116718282653991,-0.000430259647593267
"bivt",0.001,5000,"0.01",TRUE,0.0032,-0.000546763560554492
"bivt",0.001,5000,"0.05",TRUE,0.00193205841437397,-0.000679455815795645
"bivt",0.001,5000,"0.1",TRUE,0.00190366667906967,-0.000652235422025077
"bivt",0.001,5000,"0.01",TRUE,0.00229664406922391,-0.000728993386637558
"bivt",0.001,5000,"0.05",TRUE,0.0012055028694894,-0.000466015368520343
"bivt",0.001,5000,"0.1",TRUE,0.00105676826937645,-0.000427648997614245
"bivt",0.001,5000,"0.01",TRUE,0.0015577317435231,-0.000513302143611355
"bivt",0.001,5000,"0.05",TRUE,0.00101266218762878,-0.000625288500312126
"bivt",0.001,5000,"0.1",TRUE,0.000859189430627092,-0.000577936610786858
"bivt",0.001,5000,"0.01",TRUE,0.0026,-0.000708940221941552
"bivt",0.001,5000,"0.05",TRUE,0.00117738788283338,-0.000531812046445534
"bivt",0.001,5000,"0.1",TRUE,0.000699381939347189,-0.000479799835006243
"bivt",0.001,5000,"0.01",TRUE,0.00156333934282996,-0.000570956953923188
"bivt",0.001,5000,"0.05",TRUE,0.0012356698259777,-0.000457407583330414
"bivt",0.001,5000,"0.1",TRUE,0.00100376541564671,-0.000438144423872521
"bivt",0.001,5000,"0.01",TRUE,0.00179250349087817,-0.000498445032587157
"bivt",0.001,5000,"0.05",TRUE,0.00145005925291038,-0.000503302817460199
"bivt",0.001,5000,"0.1",TRUE,0.00108942075034947,-0.000486552354062846
"bivt",0.001,5000,"0.01",TRUE,0.0019936390788974,-0.000553362756102545
"bivt",0.001,5000,"0.05",TRUE,0.0017274623984907,-0.000586032974536709
"bivt",0.001,5000,"0.1",TRUE,0.00135911949269846,-0.000565494720189775
"bivt",0.001,5000,"0.01",TRUE,0.0023659122155991,-0.000645498820289643
"bivt",0.001,5000,"0.05",TRUE,0.00118568187126555,-0.000449711685018591
"bivt",0.001,5000,"0.1",FALSE,0.000812406109745707,-0.000414517620921343
"bivt",0.001,5000,"0.01",TRUE,0.00146599565156458,-0.000500474453367011
"bivt",0.001,5000,"0.05",TRUE,0.000962714846923913,-0.000467371911844841
"bivt",0.001,5000,"0.1",TRUE,0.000872571759315262,-0.000444428553310736
"bivt",0.001,5000,"0.01",TRUE,0.0015806418032887,-0.000526571728105434
"bivt",0.001,5000,"0.05",TRUE,0.00158198750962472,-0.000458754924951498
"bivt",0.001,5000,"0.1",TRUE,0.001524755429159,-0.000445222006868385
"bivt",0.001,5000,"0.01",TRUE,0.00181238670630953,-0.000510761729541591
"bivt",0.001,5000,"0.05",TRUE,0.00189820879399865,-0.000692081519856939
"bivt",0.001,5000,"0.1",TRUE,0.00164606529340649,-0.000680112348690364
"bivt",0.001,5000,"0.01",TRUE,0.0026,-0.000709500281865823
"bivt",0.001,5000,"0.05",TRUE,0.00149978437397729,-0.000478023639417273
"bivt",0.001,5000,"0.1",TRUE,0.00136393076148531,-0.000461331462076452
"bivt",0.001,5000,"0.01",TRUE,0.00218353680014303,-0.000518214287338697
"bivt",0.001,5000,"0.05",TRUE,0.00102666513995151,-0.00057691776026404
"bivt",0.001,5000,"0.1",TRUE,0.000939188224473343,-0.000532118741447013
"bivt",0.001,5000,"0.01",TRUE,0.00130795347856403,-0.0006453844905609
"bivt",0.001,5000,"0.05",TRUE,0.0026,-0.000500808636833736
"bivt",0.001,5000,"0.1",TRUE,0.00180867913595225,-0.000492575864844905
"bivt",0.001,5000,"0.01",TRUE,0.003,-0.000546498448834633
"bivt",0.001,5000,"0.05",TRUE,0.00112713332270498,-0.000471855000125675
"bivt",0.001,5000,"0.1",TRUE,0.000899433630206729,-0.000448323655979873
"bivt",0.001,5000,"0.01",TRUE,0.00137275193316566,-0.000552123507740926
"bivt",0.001,5000,"0.05",TRUE,0.000862377047663045,-0.000605393923319236
"bivt",0.001,5000,"0.1",TRUE,0.000721361345494122,-0.000582590646009478
"bivt",0.001,5000,"0.01",TRUE,0.0010801246333787,-0.000648512858282401
"bivt",0.001,5000,"0.05",TRUE,0.00104484113996372,-0.000527258721453228
"bivt",0.001,5000,"0.1",TRUE,0.000686644593408495,-0.000502375070430647
"bivt",0.001,5000,"0.01",TRUE,0.00146184550319439,-0.000571603726913277
"bivt",0.001,5000,"0.05",TRUE,0.00162867861830205,-0.000568401798109594
"bivt",0.001,5000,"0.1",TRUE,0.00130849511858116,-0.000526604444434091
"bivt",0.001,5000,"0.01",TRUE,0.00226680257163236,-0.000612102433665988
"bivt",0.001,5000,"0.05",TRUE,0.00165703559992118,-0.000447701533189582
"bivt",0.001,5000,"0.1",TRUE,0.00143229867985523,-0.000437469006877933
"bivt",0.001,5000,"0.01",TRUE,0.00224052078682281,-0.000480469923486345
"bivt",0.001,5000,"0.05",TRUE,0.00147797389426629,-0.000606573833364742
"bivt",0.001,5000,"0.1",TRUE,0.00125199680912039,-0.000594079298992512
"bivt",0.001,5000,"0.01",TRUE,0.0026,-0.000648064661046847
"bivt",0.001,5000,"0.05",TRUE,0.00142183732733121,-0.000455640717518387
"bivt",0.001,5000,"0.1",TRUE,0.00109496268683386,-0.000442551961316447
"bivt",0.001,5000,"0.01",TRUE,0.00170718649263104,-0.000522473244865855
"bivt",0.001,5000,"0.05",TRUE,0.00127186834624228,-0.000500221459558992
"bivt",0.001,5000,"0.1",TRUE,0.000987898147979943,-0.000482851449019499
"bivt",0.001,5000,"0.01",TRUE,0.00260099999999998,-0.000569214866896523
"bivt",0.001,5000,"0.05",TRUE,0.00124201805605644,-0.000485940723324939
"bivt",0.001,5000,"0.1",TRUE,0.00102724627562332,-0.000462812329149245
"bivt",0.001,5000,"0.01",TRUE,0.00203390876995269,-0.000541764689098051
"bivt",0.001,5000,"0.05",TRUE,0.00104029770066278,-0.000598756485864123
"bivt",0.001,5000,"0.1",TRUE,0.000999531984762553,-0.000551209048761667
"bivt",0.001,5000,"0.01",TRUE,0.00148458550032923,-0.000612356175316183
"bivt",0.001,5000,"0.05",TRUE,0.00133143962022713,-0.000489173961851587
"bivt",0.001,5000,"0.1",TRUE,0.00118607719078797,-0.00044714268192645
"bivt",0.001,5000,"0.01",TRUE,0.00208980052660647,-0.000528159134535529
"bivt",0.001,5000,"0.05",TRUE,0.0014674807777221,-0.000502522817516648
"bivt",0.001,5000,"0.1",TRUE,0.00129623183401672,-0.000484072329399171
"bivt",0.001,5000,"0.01",TRUE,0.0026,-0.000549912784340742
"bivt",0.001,5000,"0.05",TRUE,0.00084280788036173,-0.000495505920952776
"bivt",0.001,5000,"0.1",TRUE,0.000775811310653272,-0.00048055522674455
"bivt",0.001,5000,"0.01",TRUE,0.00106072293343598,-0.000537975241188636
"bivt",0.001,5000,"0.05",TRUE,0.000735246228541585,-0.000427446492222234
"bivt",0.001,5000,"0.1",TRUE,0.000683656575127841,-0.000403753604367677
"bivt",0.001,5000,"0.01",TRUE,0.000963989729866212,-0.000484814166176193
"bivt",0.001,5000,"0.05",FALSE,0.00116099106728836,-0.000577552298033987
"bivt",0.001,5000,"0.1",FALSE,0.000974498940609051,-0.000549954697085678
"bivt",0.001,5000,"0.01",TRUE,0.0016408731097797,-0.000628315110436409
"bivt",0.001,5000,"0.05",TRUE,0.00132890996659974,-0.000503013110715451
"bivt",0.001,5000,"0.1",TRUE,0.000919740056163582,-0.000465579560263236
"bivt",0.001,5000,"0.01",TRUE,0.00175337156549132,-0.000570874756976277
"bivt",0.001,5000,"0.05",TRUE,0.000761726170767878,-0.000432005292224855
"bivt",0.001,5000,"0.1",TRUE,0.000710217380705913,-0.000421102079515073
"bivt",0.001,5000,"0.01",TRUE,0.000876713564885341,-0.000485638120099471
"bivt",0.001,5000,"0.05",TRUE,0.0019035052041442,-0.000538100402671764
"bivt",0.001,5000,"0.1",TRUE,0.00156010681231659,-0.000516418242889975
"bivt",0.001,5000,"0.01",TRUE,0.00224891939264602,-0.000569822869454998
"bivt",0.001,5000,"0.05",TRUE,0.00157229856305426,-0.00051580510734131
"bivt",0.001,5000,"0.1",TRUE,0.00131118199995936,-0.000487118430986374
"bivt",0.001,5000,"0.01",TRUE,0.00216152647332092,-0.000602811923065117
"bivt",0.001,5000,"0.05",TRUE,0.00125172234645493,-0.000471274603606641
"bivt",0.001,5000,"0.1",TRUE,0.000998385972154931,-0.000443958383554682
"bivt",0.001,5000,"0.01",TRUE,0.001544401261356,-0.000517508079455388
"bivt",0.001,5000,"0.05",TRUE,0.00122325631508745,-0.000517183058835821
"bivt",0.001,5000,"0.1",TRUE,0.00103489063444247,-0.000466260739196623
"bivt",0.001,5000,"0.01",TRUE,0.0026,-0.000587650688035343
"bivt",0.001,5000,"0.05",TRUE,0.00141675873018042,-0.000601319938119478
"bivt",0.001,5000,"0.1",FALSE,0.00110861792195224,-0.000569341184431046
"bivt",0.001,5000,"0.01",TRUE,0.00236236759470108,-0.000656238116936738
"bivt",0.001,5000,"0.05",TRUE,0.00125534289500187,-0.000494574960957382
"bivt",0.001,5000,"0.1",TRUE,0.00085054133326477,-0.000472941939131619
"bivt",0.001,5000,"0.01",TRUE,0.00191249335622127,-0.000528257168303885
"bivt",0.001,5000,"0.05",FALSE,0.000748636483322234,-0.000380415135991057
"bivt",0.001,5000,"0.1",FALSE,0.000661023919843008,-0.000344194405618669
"bivt",0.001,5000,"0.01",TRUE,0.000874938047161284,-0.000440541030309421
"bivt",0.001,5000,"0.05",TRUE,0.00125957449585681,-0.000644486048234648
"bivt",0.001,5000,"0.1",TRUE,0.0011069199134518,-0.000623823443112048
"bivt",0.001,5000,"0.01",TRUE,0.00165161333128686,-0.000710688510811503
"bivt",0.001,5000,"0.05",TRUE,0.00159074370787084,-0.000653115823440195
"bivt",0.001,5000,"0.1",TRUE,0.00131842934133932,-0.000615160575733073
"bivt",0.001,5000,"0.01",TRUE,0.0026,-0.000683477989127844
"bivt",0.001,5000,"0.05",TRUE,0.00119813500238036,-0.000468755565252657
"bivt",0.001,5000,"0.1",TRUE,0.00116397097617756,-0.000445556302365842
"bivt",0.001,5000,"0.01",TRUE,0.00153762823029919,-0.000547929162879328
"bivt",0.001,5000,"0.05",TRUE,0.0014739662993327,-0.000544926775261585
"bivt",0.001,5000,"0.1",TRUE,0.00108425505654663,-0.000504348318354883
"bivt",0.001,5000,"0.01",TRUE,0.0026,-0.000575970602042017
"bivt",0.001,5000,"0.05",TRUE,0.00101505474087933,-0.000515154588368394
"bivt",0.001,5000,"0.1",TRUE,0.000930380582335452,-0.00049924218443022
"bivt",0.001,5000,"0.01",TRUE,0.00121167837727006,-0.000557132820752464
"bivt",0.001,5000,"0.05",TRUE,0.00132608869027746,-0.000417020290482996
"bivt",0.001,5000,"0.1",TRUE,0.00130927619603458,-0.000394809433110287
"bivt",0.001,5000,"0.01",TRUE,0.00207001557817838,-0.000473469192792058
"bivt",0.001,5000,"0.05",TRUE,0.00102937527658964,-0.000489599172388928
"bivt",0.001,5000,"0.1",TRUE,0.000678171931029689,-0.000452212138342247
"bivt",0.001,5000,"0.01",TRUE,0.00147336155019055,-0.000552330693395922
"bivt",0.001,5000,"0.05",TRUE,0.00178131301210565,-0.000633158446598698
"bivt",0.001,5000,"0.1",TRUE,0.00150473153086915,-0.000620009750696488
"bivt",0.001,5000,"0.01",TRUE,0.0026,-0.000684058022578673
"bivt",0.001,5000,"0.05",TRUE,0.000958785531976937,-0.000504543639318703
"bivt",0.001,5000,"0.1",TRUE,0.000757488623064964,-0.000469798809911164
"bivt",0.001,5000,"0.01",TRUE,0.00122752979711545,-0.000553643579260309
"bivt",0.001,5000,"0.05",TRUE,0.00105697720527943,-0.000453027224846084
"bivt",0.001,5000,"0.1",FALSE,0.000818851117901524,-0.000410799234571886
"bivt",0.001,5000,"0.01",TRUE,0.00117261125440518,-0.000495903730031206
"bivt",0.001,5000,"0.05",TRUE,0.00102339161022661,-0.000576824792485045
"bivt",0.001,5000,"0.1",TRUE,0.000996892517948776,-0.00055299070219441
"bivt",0.001,5000,"0.01",TRUE,0.00141956330209939,-0.000621971932214423
"bivt",0.001,5000,"0.05",TRUE,0.00108077650367105,-0.000468696826069385
"bivt",0.001,5000,"0.1",TRUE,0.000857869710911507,-0.000435972337319772
"bivt",0.001,5000,"0.01",TRUE,0.00123213341896881,-0.000532874503798815
"bivt",0.001,5000,"0.05",TRUE,0.00117635985237747,-0.000482542262120725
"bivt",0.001,5000,"0.1",TRUE,0.00107317841530677,-0.000444461264017707
"bivt",0.001,5000,"0.01",TRUE,0.00198902800030058,-0.000542234609638306
"bivt",0.001,5000,"0.05",TRUE,0.001214664938426,-0.000515162485285784
"bivt",0.001,5000,"0.1",TRUE,0.00101454257794661,-0.000496052912869354
"bivt",0.001,5000,"0.01",TRUE,0.00160628779170866,-0.000559450641180824
"bivt",0.001,5000,"0.05",TRUE,0.00103049258833551,-0.000557885694633886
"bivt",0.001,5000,"0.1",TRUE,0.000980940670202143,-0.000511661531479727
"bivt",0.001,5000,"0.01",TRUE,0.00143555686101764,-0.000607475777406849
"bivt",0.001,5000,"0.05",TRUE,0.00108514275434371,-0.000540076761399256
"bivt",0.001,5000,"0.1",TRUE,0.00101836633443162,-0.000495308498698986
"bivt",0.001,5000,"0.01",TRUE,0.00162968311821709,-0.000574457540848206
"bivt",0.001,5000,"0.05",TRUE,0.00125527557844927,-0.000457673027008327
"bivt",0.001,5000,"0.1",TRUE,0.000954266022889986,-0.000431978633092268
"bivt",0.001,5000,"0.01",TRUE,0.0015647753807337,-0.000518145143944988
"bivt",0.001,5000,"0.05",TRUE,0.00170314694307677,-0.000584152335678291
"bivt",0.001,5000,"0.1",TRUE,0.00113662134085276,-0.000542911095872852
"bivt",0.001,5000,"0.01",TRUE,0.00208101580891702,-0.000621542604438124
"bivt",0.001,5000,"0.05",TRUE,0.00192203469241591,-0.00054353982291468
"bivt",0.001,5000,"0.1",TRUE,0.00144267508662098,-0.000519589783989239
"bivt",0.001,5000,"0.01",TRUE,0.00215808972660343,-0.000587634762899598
"bivt",0.001,5000,"0.05",TRUE,0.00130101923855363,-0.00047902978364326
"bivt",0.001,5000,"0.1",TRUE,0.00100097178958288,-0.000440786117228374
"bivt",0.001,5000,"0.01",TRUE,0.00189256438430972,-0.000534446577816468
"bivt",0.001,5000,"0.05",TRUE,0.00104903445377407,-0.000463229176678665
"bivt",0.001,5000,"0.1",TRUE,0.000993131446653285,-0.000439086824163638
"bivt",0.001,5000,"0.01",TRUE,0.00177258545068362,-0.000531617087015572
"bivt",0.001,5000,"0.05",TRUE,0.000638109560307322,-0.000443705339497575
"bivt",0.001,5000,"0.1",TRUE,0.000581528563794061,-0.000426299246490503
"bivt",0.001,5000,"0.01",TRUE,0.000975895475772205,-0.000478943803253671
"bivt",0.001,5000,"0.05",TRUE,0.00161923040990517,-0.000470766970400585
"bivt",0.001,5000,"0.1",TRUE,0.0014604381498929,-0.000445984034942743
"bivt",0.001,5000,"0.01",TRUE,0.00222093756687772,-0.000513952193909877
"bivt",0.001,5000,"0.05",TRUE,0.00117210805835919,-0.000435169305049313
"bivt",0.001,5000,"0.1",TRUE,0.00113407425753226,-0.000415050339995191
"bivt",0.001,5000,"0.01",TRUE,0.00195898908622374,-0.00047259416903873
"bivt",0.001,5000,"0.05",TRUE,0.000958908900709877,-0.000506095113375967
"bivt",0.001,5000,"0.1",TRUE,0.00080024607255731,-0.000456448686100387
"bivt",0.001,5000,"0.01",TRUE,0.00125063486635171,-0.000554853675402389
"bivt",0.001,5000,"0.05",TRUE,0.00111548254597136,-0.000478490161464017
"bivt",0.001,5000,"0.1",TRUE,0.00103178448024412,-0.000444381130135809
"bivt",0.001,5000,"0.01",TRUE,0.00133881713480947,-0.000535223942517444
"bivt",0.001,5000,"0.05",TRUE,0.000543008690040105,-0.000393031942481919
"bivt",0.001,5000,"0.1",TRUE,0.00049734364463239,-0.000342511501537166
"bivt",0.001,5000,"0.01",TRUE,0.00063228334757987,-0.00044654641730235
"bivt",0.001,5000,"0.05",TRUE,0.00124841657178673,-0.000528265552539687
"bivt",0.001,5000,"0.1",TRUE,0.00115663585491796,-0.000501085765166767
"bivt",0.001,5000,"0.01",TRUE,0.00176762745353867,-0.000568871702063921
"bivt",0.001,5000,"0.05",TRUE,0.00126997607422399,-0.000504129385256956
"bivt",0.001,5000,"0.1",TRUE,0.00113228896094418,-0.000467844342484333
"bivt",0.001,5000,"0.01",TRUE,0.00169681691440818,-0.000543897367368404
"bivt",0.001,5000,"0.05",TRUE,0.00157763733832462,-0.000471074415271072
"bivt",0.001,5000,"0.1",TRUE,0.00114357922062789,-0.000450930595766614
"bivt",0.001,5000,"0.01",TRUE,0.00216726682219298,-0.000542214957518663
"bivt",0.001,5000,"0.05",TRUE,0.00131103571785388,-0.000640538849063419
"bivt",0.001,5000,"0.1",TRUE,0.00117514002399219,-0.000598738567623225
"bivt",0.001,5000,"0.01",TRUE,0.0026,-0.000690769840465741
"bivt",0.001,5000,"0.05",TRUE,0.00167701189720144,-0.000466549140688331
"bivt",0.001,5000,"0.1",TRUE,0.00116925611973407,-0.000423116079335162
"bivt",0.001,5000,"0.01",TRUE,0.00205200832211631,-0.000502898967158355
"bivt",0.001,5000,"0.05",TRUE,0.00178495578223955,-0.00045229959961468
"bivt",0.001,5000,"0.1",TRUE,0.00131093177756424,-0.000401072804920686
"bivt",0.001,5000,"0.01",TRUE,0.00224770860867302,-0.000510949775133723
"bivt",0.001,5000,"0.05",TRUE,0.00102028825878578,-0.000482495436987697
"bivt",0.001,5000,"0.1",TRUE,0.000848754981979898,-0.000471843417783599
"bivt",0.001,5000,"0.01",TRUE,0.00145341869475029,-0.000527589628250991
"bivt",0.001,5000,"0.05",TRUE,0.000979262052568567,-0.000474914920082749
"bivt",0.001,5000,"0.1",TRUE,0.000942426655813104,-0.000463471419012167
"bivt",0.001,5000,"0.01",TRUE,0.00180232742190167,-0.000544854930785671
"bivt",0.001,5000,"0.05",TRUE,0.0011026993152504,-0.000509779723674206
"bivt",0.001,5000,"0.1",TRUE,0.000939873109637936,-0.000486001565698117
"bivt",0.001,5000,"0.01",TRUE,0.00196722425466772,-0.000612318719465152
"bivt",0.001,5000,"0.05",TRUE,0.000940082360651673,-0.000510442034617468
"bivt",0.001,5000,"0.1",TRUE,0.000843092365618343,-0.000454231528406022
"bivt",0.001,5000,"0.01",TRUE,0.00148304353570692,-0.000561473536196823
"bivt",0.001,5000,"0.05",TRUE,0.00227523275711428,-0.00056450262746103
"bivt",0.001,5000,"0.1",TRUE,0.00160033974960824,-0.000533900364721788
"bivt",0.001,5000,"0.01",TRUE,0.0026,-0.000622485350774042
"bivt",0.001,5000,"0.05",TRUE,0.00100730397519098,-0.000444076366480827
"bivt",0.001,5000,"0.1",TRUE,0.000805454872660969,-0.000431970950704341
"bivt",0.001,5000,"0.01",TRUE,0.00131883607990927,-0.00053980831709469
"bivt",0.001,5000,"0.05",TRUE,0.000871452105533454,-0.000499859654371558
"bivt",0.001,5000,"0.1",TRUE,0.000731071725093978,-0.000407827713236427
"bivt",0.001,5000,"0.01",TRUE,0.0011289373512306,-0.000520551454205101
"bivt",0.001,5000,"0.05",TRUE,0.000813269290890975,-0.000572974366419706
"bivt",0.001,5000,"0.1",TRUE,0.000714161932628546,-0.000520476920848333
"bivt",0.001,5000,"0.01",TRUE,0.00103994035237979,-0.000639311586253373
"bivt",0.001,5000,"0.05",TRUE,0.00113751996735346,-0.000550577841249173
"bivt",0.001,5000,"0.1",TRUE,0.00102278981270761,-0.00053765262963216
"bivt",0.001,5000,"0.01",TRUE,0.00172042924822492,-0.000593100275919332
"bivt",0.001,5000,"0.05",TRUE,0.00120345621673809,-0.000528628928780974
"bivt",0.001,5000,"0.1",TRUE,0.00106294859643525,-0.000496612575379422
"bivt",0.001,5000,"0.01",TRUE,0.00186826530713119,-0.000613236036915472
"bivt",0.001,5000,"0.05",TRUE,0.00106749543276661,-0.000534329435023951
"bivt",0.001,5000,"0.1",TRUE,0.000806972773386657,-0.000493576263694995
"bivt",0.001,5000,"0.01",TRUE,0.00152007007704373,-0.000584861416544033
"bivt",0.001,5000,"0.05",TRUE,0.00105968306364602,-0.000585333032313589
"bivt",0.001,5000,"0.1",TRUE,0.000790056566007548,-0.00055362793503454
"bivt",0.001,5000,"0.01",TRUE,0.00142018148775988,-0.000620834673218042
"bivt",0.001,5000,"0.05",TRUE,0.00141455778206013,-0.000466176457069507
"bivt",0.001,5000,"0.1",TRUE,0.0012150591993195,-0.000445640972702082
"bivt",0.001,5000,"0.01",TRUE,0.0026,-0.000510938900859899
"bivt",0.001,5000,"0.05",TRUE,0.00116257849816281,-0.000497056961397809
"bivt",0.001,5000,"0.1",TRUE,0.000854307127498308,-0.000457680624871156
"bivt",0.001,5000,"0.01",TRUE,0.00148692594574182,-0.000537248524831706
"bivt",0.001,5000,"0.05",TRUE,0.000914607916690153,-0.000466763929475146
"bivt",0.001,5000,"0.1",TRUE,0.000840182268496871,-0.000436934454676904
"bivt",0.001,5000,"0.01",TRUE,0.00110793228900286,-0.000504988538945699
"bivt",0.001,5000,"0.05",TRUE,0.00215274592601376,-0.000492523370076545
"bivt",0.001,5000,"0.1",TRUE,0.00141895534298914,-0.000442128932625197
"bivt",0.001,5000,"0.01",TRUE,0.0028,-0.000562655575643424
"bivt",0.001,5000,"0.05",TRUE,0.0026,-0.000586959337515774
"bivt",0.001,5000,"0.1",TRUE,0.00236868604819274,-0.000568840235717962
"bivt",0.001,5000,"0.01",TRUE,0.003,-0.000631808608082942
"bivt",0.001,5000,"0.05",TRUE,0.000951919098963088,-0.000472603777941267
"bivt",0.001,5000,"0.1",TRUE,0.000726494070902691,-0.000412223645736417
"bivt",0.001,5000,"0.01",TRUE,0.00204972693222084,-0.00052682584571629
"bivt",0.001,5000,"0.05",TRUE,0.0010441579160197,-0.000425311114436403
"bivt",0.001,5000,"0.1",TRUE,0.000953300385184581,-0.000398875030538074
"bivt",0.001,5000,"0.01",TRUE,0.00156745737353348,-0.000475139383817816
"bivt",0.001,5000,"0.05",TRUE,0.00170110717851393,-0.000481221738674144
"bivt",0.001,5000,"0.1",TRUE,0.00161030803392564,-0.000443353861433436
"bivt",0.001,5000,"0.01",TRUE,0.00189788629399538,-0.000519822787508663
"bivt",0.001,5000,"0.05",TRUE,0.00102963167584325,-0.000497951033972497
"bivt",0.001,5000,"0.1",TRUE,0.000808370605912224,-0.00049378860669966
"bivt",0.001,5000,"0.01",TRUE,0.0012701195212269,-0.000514317141382065
"bivt",0.001,5000,"0.05",TRUE,0.00128321001407108,-0.000547470189701933
"bivt",0.001,5000,"0.1",TRUE,0.000937150932887732,-0.000524287414807286
"bivt",0.001,5000,"0.01",TRUE,0.00177228917175433,-0.000632812354562207
"bivt",0.001,5000,"0.05",TRUE,0.00112947311465521,-0.000484009369422651
"bivt",0.001,5000,"0.1",TRUE,0.00102195788983365,-0.000446788048168117
"bivt",0.001,5000,"0.01",TRUE,0.00157048251367001,-0.000541521997509712
"bivt",0.001,5000,"0.05",TRUE,0.00152705793208797,-0.000467205647746305
"bivt",0.001,5000,"0.1",TRUE,0.0012349538714671,-0.000460368237893041
"bivt",0.001,5000,"0.01",TRUE,0.0026,-0.000503151131180056
"bivt",0.001,5000,"0.05",TRUE,0.00144592711193432,-0.000522329709899482
"bivt",0.001,5000,"0.1",TRUE,0.00124828526113976,-0.000474823198768119
"bivt",0.001,5000,"0.01",TRUE,0.00185377105420592,-0.000571207199953116
"bivt",0.001,5000,"0.05",TRUE,0.00138497023370557,-0.000559945561070778
"bivt",0.001,5000,"0.1",TRUE,0.00129645567563644,-0.0004913056792165
"bivt",0.001,5000,"0.01",TRUE,0.00212218473133788,-0.00062782600085787
"bivt",0.001,5000,"0.05",TRUE,0.00109526601286815,-0.000484531476876629
"bivt",0.001,5000,"0.1",TRUE,0.000813076479424498,-0.000453880494818131
"bivt",0.001,5000,"0.01",TRUE,0.00135881561627498,-0.000554334526078644
"bivt",0.001,5000,"0.05",TRUE,0.00140883959750314,-0.000539346634455523
"bivt",0.001,5000,"0.1",TRUE,0.00109878071943225,-0.000507309345943293
"bivt",0.001,5000,"0.01",TRUE,0.0028,-0.000590767038633938
"bivt",0.001,5000,"0.05",TRUE,0.00100886474647644,-0.000542440255167708
"bivt",0.001,5000,"0.1",TRUE,0.000980275835908882,-0.000516384702319877
"bivt",0.001,5000,"0.01",TRUE,0.00121735351982573,-0.000566010089523815
"bivt",0.001,5000,"0.05",TRUE,0.00133105513950312,-0.000534822133117709
"bivt",0.001,5000,"0.1",TRUE,0.00125183003793085,-0.000512362527591506
"bivt",0.001,5000,"0.01",TRUE,0.00158320051932886,-0.000575229987507898
"bivt",0.001,5000,"0.05",TRUE,0.000945026967692321,-0.000475236958203543
"bivt",0.001,5000,"0.1",TRUE,0.000849850155569537,-0.000426557120958445
"bivt",0.001,5000,"0.01",TRUE,0.00111870324795175,-0.000541964711743486
"bivt",0.001,5000,"0.05",TRUE,0.00117739919057498,-0.000494786593195271
"bivt",0.001,5000,"0.1",TRUE,0.000967202683786686,-0.000470694856803395
"bivt",0.001,5000,"0.01",TRUE,0.00134946393324802,-0.000541747834365701
"bivt",0.001,5000,"0.05",TRUE,0.000941229962484152,-0.000491896994365362
"bivt",0.001,5000,"0.1",TRUE,0.000874657507499799,-0.000472373630839424
"bivt",0.001,5000,"0.01",TRUE,0.0018558139860887,-0.000559111272261326
"bivt",0.001,5000,"0.05",TRUE,0.00121509185946805,-0.000596843823519041
"bivt",0.001,5000,"0.1",TRUE,0.00106953731155583,-0.000590011043493445
"bivt",0.001,5000,"0.01",TRUE,0.00157701587140464,-0.000648866606712335
"bivt",0.001,5000,"0.05",TRUE,0.000867061043207694,-0.000440537358216586
"bivt",0.001,5000,"0.1",TRUE,0.000689503548755598,-0.000423515685164999
"bivt",0.001,5000,"0.01",TRUE,0.0012210306803779,-0.000496558583114359
"bivt",0.001,5000,"0.05",TRUE,0.00228189009276581,-0.000533056890127246
"bivt",0.001,5000,"0.1",TRUE,0.00171115143615485,-0.000511370603263594
"bivt",0.001,5000,"0.01",TRUE,0.0032,-0.000613645800102457
"bivt",0.001,5000,"0.05",TRUE,0.00138030336394112,-0.000553820264282516
"bivt",0.001,5000,"0.1",TRUE,0.00128545179605621,-0.000517865360473265
"bivt",0.001,5000,"0.01",TRUE,0.00155946698611363,-0.000577644766218247
"bivt",0.001,5000,"0.05",TRUE,0.00167884432957992,-0.000592046813529794
"bivt",0.001,5000,"0.1",FALSE,0.00129739668337973,-0.000541464850155395
"bivt",0.001,5000,"0.01",TRUE,0.0026,-0.000642120780208175
"bivt",0.001,5000,"0.05",TRUE,0.00116109377539705,-0.000483624717776345
"bivt",0.001,5000,"0.1",TRUE,0.00103670456632956,-0.000443669705398422
"bivt",0.001,5000,"0.01",TRUE,0.00181233107611406,-0.000547993410880377
"bivt",0.001,5000,"0.05",TRUE,0.00092502725357226,-0.000555628657926355
"bivt",0.001,5000,"0.1",TRUE,0.000902499953115411,-0.000530615384061374
"bivt",0.001,5000,"0.01",TRUE,0.00121456001423921,-0.000609195464779862
"bivt",0.001,5000,"0.05",TRUE,0.00124557181970047,-0.000546508729133137
"bivt",0.001,5000,"0.1",TRUE,0.000890693291103163,-0.000519380963774589
"bivt",0.001,5000,"0.01",TRUE,0.0026,-0.000593146040258741
"bivt",0.001,5000,"0.05",TRUE,0.00101083813468657,-0.000533639918310471
"bivt",0.001,5000,"0.1",TRUE,0.000834858661038148,-0.000494765959173966
"bivt",0.001,5000,"0.01",TRUE,0.00134212095570648,-0.000581868202889311
"bivt",0.001,5000,"0.05",TRUE,0.00175223960972198,-0.000609961815854499
"bivt",0.001,5000,"0.1",TRUE,0.001518721209232,-0.000548341606555873
"bivt",0.001,5000,"0.01",TRUE,0.0026,-0.000633667019942463
"bivt",0.001,5000,"0.05",TRUE,0.00157722334991965,-0.000529541517563893
"bivt",0.001,5000,"0.1",TRUE,0.00157374695183832,-0.000493312502790502
"bivt",0.001,5000,"0.01",TRUE,0.0026,-0.000580802923111891
"bivt",0.001,5000,"0.05",TRUE,0.000957647061389425,-0.000518506700071554
"bivt",0.001,5000,"0.1",TRUE,0.00087900332955505,-0.000469888385731438
"bivt",0.001,5000,"0.01",TRUE,0.00130250798049917,-0.000554353520967953
"bivt",0.001,5000,"0.05",TRUE,0.00198639049575338,-0.000578207750950739
"bivt",0.001,5000,"0.1",TRUE,0.0015943965788118,-0.00056590497181464
"bivt",0.001,5000,"0.01",TRUE,0.0028,-0.000632553048188078
"bivt",0.001,5000,"0.05",TRUE,0.000995248429081593,-0.000437096160151055
"bivt",0.001,5000,"0.1",TRUE,0.000821867409616719,-0.000408311019198855
"bivt",0.001,5000,"0.01",TRUE,0.00147721052507724,-0.00047834694000868
"bivt",0.001,5000,"0.05",TRUE,0.00135132166067584,-0.00050542423919541
"bivt",0.001,5000,"0.1",TRUE,0.00112782633494889,-0.000481813515878892
"bivt",0.001,5000,"0.01",TRUE,0.00138110324608761,-0.000536886885531547
"bivt",0.001,5000,"0.05",TRUE,0.00101266734719934,-0.000422089402586416
"bivt",0.001,5000,"0.1",TRUE,0.000841331427226871,-0.000386228189091243
"bivt",0.001,5000,"0.01",TRUE,0.0012893805110689,-0.000528338514484998
"bivt",0.001,5000,"0.05",TRUE,0.000819508255661948,-0.000489401421150791
"bivt",0.001,5000,"0.1",TRUE,0.000733045494913473,-0.000444970027483078
"bivt",0.001,5000,"0.01",TRUE,0.000944353875342424,-0.000527059103616077
"bivt",0.001,5000,"0.05",TRUE,0.0026,-0.000525509438006452
"bivt",0.001,5000,"0.1",TRUE,0.00201990709743882,-0.000506025692512109
"bivt",0.001,5000,"0.01",TRUE,0.003,-0.000610601798272169
"bivt",0.001,5000,"0.05",TRUE,0.00234510328356475,-0.000564628321016578
"bivt",0.001,5000,"0.1",TRUE,0.00186599608587655,-0.00053061931625617
"bivt",0.001,5000,"0.01",TRUE,0.0028,-0.000609721129219902
"bivt",0.001,5000,"0.05",TRUE,0.00145181896374298,-0.00049901962088423
"bivt",0.001,5000,"0.1",TRUE,0.00114528820761879,-0.000481880114023885
"bivt",0.001,5000,"0.01",TRUE,0.00197216172407933,-0.000531996476052217
"bivt",0.001,5000,"0.05",TRUE,0.00142376469655142,-0.000560524016984132
"bivt",0.001,5000,"0.1",TRUE,0.00110314944986134,-0.000544824521287638
"bivt",0.001,5000,"0.01",TRUE,0.00225550658810217,-0.000587124856329871
"bivt",0.001,5000,"0.05",TRUE,0.0011459482904469,-0.00048343639373339
"bivt",0.001,5000,"0.1",TRUE,0.000974326412060657,-0.000454898155367346
"bivt",0.001,5000,"0.01",TRUE,0.00160115961975181,-0.00053399281970891
"bivt",0.001,5000,"0.05",TRUE,0.00176071653846142,-0.00055286429549074
"bivt",0.001,5000,"0.1",TRUE,0.00161674233487604,-0.000542190062173588
"bivt",0.001,5000,"0.01",TRUE,0.00213359227779297,-0.000587246811547689
"bivt",0.001,5000,"0.05",TRUE,0.000789494727428963,-0.000528870091093944
"bivt",0.001,5000,"0.1",TRUE,0.000664319691506624,-0.000477737924198407
"bivt",0.001,5000,"0.01",TRUE,0.00103399280795189,-0.000562468032705913
"bivt",0.001,5000,"0.05",TRUE,0.000992343311021031,-0.000470351900790425
"bivt",0.001,5000,"0.1",TRUE,0.000949194659013529,-0.000420121150013581
"bivt",0.001,5000,"0.01",TRUE,0.0017259916060869,-0.000556305752717946
"bivt",0.001,5000,"0.05",TRUE,0.0012595168967876,-0.000464824328818745
"bivt",0.001,5000,"0.1",TRUE,0.000958886071380186,-0.000431126896751959
"bivt",0.001,5000,"0.01",TRUE,0.00158293206131215,-0.000512219764189338
"bivt",0.001,5000,"0.05",TRUE,0.00113954856524824,-0.000521188225711147
"bivt",0.001,5000,"0.1",TRUE,0.00102858734614488,-0.000494848555129822
"bivt",0.001,5000,"0.01",TRUE,0.00137387210725535,-0.000589969013501198
"bivt",0.001,5000,"0.05",TRUE,0.00113306879062213,-0.00049632192538989
"bivt",0.001,5000,"0.1",TRUE,0.00078992211580579,-0.000466081724705448
"bivt",0.001,5000,"0.01",TRUE,0.00125474832223959,-0.000545934747026007
"bivt",0.001,5000,"0.05",TRUE,0.0013471305297962,-0.000449647874547959
"bivt",0.001,5000,"0.1",TRUE,0.00117156654643208,-0.000424371143217823
"bivt",0.001,5000,"0.01",TRUE,0.00165756528115702,-0.000481843105552992
"bivt",0.001,5000,"0.05",TRUE,0.000768022061307644,-0.000486211105437465
"bivt",0.001,5000,"0.1",TRUE,0.000720148914527982,-0.000445057119187025
"bivt",0.001,5000,"0.01",TRUE,0.0012943663477643,-0.000536949775060206
"bivt",0.001,5000,"0.05",TRUE,0.00136264071450127,-0.000497756033006032
"bivt",0.001,5000,"0.1",TRUE,0.00135417417332519,-0.000477506959480445
"bivt",0.001,5000,"0.01",TRUE,0.00141555850370333,-0.000535501398018303
"bivt",0.001,5000,"0.05",TRUE,0.00171944078532952,-0.000564224007868445
"bivt",0.001,5000,"0.1",TRUE,0.0015173403583826,-0.000535079407800603
"bivt",0.001,5000,"0.01",TRUE,0.0026,-0.000631441448967579
"bivt",0.001,5000,"0.05",TRUE,0.00137999511172731,-0.000598884079457165
"bivt",0.001,5000,"0.1",TRUE,0.00108847137164521,-0.00054279182741406
"bivt",0.001,5000,"0.01",TRUE,0.00181180706404479,-0.000624917215059182
"bivt",0.001,5000,"0.05",TRUE,0.000736674331372926,-0.000436060379963132
"bivt",0.001,5000,"0.1",TRUE,0.000487041188483318,-0.000416082276861259
"bivt",0.001,5000,"0.01",TRUE,0.00116713197711229,-0.000502890865662987
"bivt",0.001,5000,"0.05",TRUE,0.000809861722596839,-0.000439399879965944
"bivt",0.001,5000,"0.1",TRUE,0.000731543455679168,-0.000402593611608233
"bivt",0.001,5000,"0.01",TRUE,0.00102855810804542,-0.000474754927213889
"bivt",0.001,5000,"0.05",TRUE,0.00225178665712331,-0.000555220049430259
"bivt",0.001,5000,"0.1",TRUE,0.00153938219229379,-0.000487751678670027
"bivt",0.001,5000,"0.01",TRUE,0.0028,-0.000569157367325706
"bivt",0.001,5000,"0.05",TRUE,0.00107771978228264,-0.00048826664106069
"bivt",0.001,5000,"0.1",TRUE,0.000693013012374734,-0.000444651260725626
"bivt",0.001,5000,"0.01",TRUE,0.00150013601139895,-0.00053851310255953
"bivt",0.001,5000,"0.05",TRUE,0.00153672316162525,-0.000555447461811131
"bivt",0.001,5000,"0.1",TRUE,0.00105125812659116,-0.000525037840333772
"bivt",0.001,5000,"0.01",TRUE,0.00202328776575994,-0.000576582683328413
"bivt",0.001,5000,"0.05",TRUE,0.00161313892307745,-0.000486831990846324
"bivt",0.001,5000,"0.1",TRUE,0.00140594524481789,-0.00045280488611002
"bivt",0.001,5000,"0.01",TRUE,0.0026,-0.000527860462378849
"bivt",0.001,5000,"0.05",TRUE,0.00100734387515038,-0.000527741176890471
"bivt",0.001,5000,"0.1",TRUE,0.000937875808123195,-0.000482166056163695
"bivt",0.001,5000,"0.01",TRUE,0.00132818042355215,-0.000571901721271376
"bivt",0.001,5000,"0.05",TRUE,0.00113560132214393,-0.00043338405771167
"bivt",0.001,5000,"0.1",TRUE,0.000923429952412542,-0.000422090805725965
"bivt",0.001,5000,"0.01",TRUE,0.00156704546247565,-0.000501523695526997
"bivt",0.001,5000,"0.05",TRUE,0.000923650476226128,-0.000493084022990505
"bivt",0.001,5000,"0.1",TRUE,0.000819357888489733,-0.000456395499473371
"bivt",0.001,5000,"0.01",TRUE,0.00122211480823632,-0.000539407717473701
"bivt",0.001,5000,"0.05",TRUE,0.00127700367750364,-0.000520000678872838
"bivt",0.001,5000,"0.1",TRUE,0.00114507475535099,-0.000493030707554493
"bivt",0.001,5000,"0.01",TRUE,0.00187367318323049,-0.000565059422815832
"bivt",0.001,5000,"0.05",TRUE,0.00224076426051489,-0.000561211451188839
"bivt",0.001,5000,"0.1",TRUE,0.00175313973555103,-0.000516309240178372
"bivt",0.001,5000,"0.01",TRUE,0.0028,-0.000645742923637046
"bivt",0.001,5000,"0.05",FALSE,0.00138664095353392,-0.00049104610939706
"bivt",0.001,5000,"0.1",FALSE,0.00127154363136136,-0.000472855374598675
"bivt",0.001,5000,"0.01",TRUE,0.00184492419607584,-0.000542000999873532
"bivt",0.001,5000,"0.05",TRUE,0.000844397567513223,-0.000468389475464646
"bivt",0.001,5000,"0.1",TRUE,0.000708665219397895,-0.000432657585620339
"bivt",0.001,5000,"0.01",TRUE,0.00114815777319965,-0.00052696279220031
"bivt",0.001,5000,"0.05",TRUE,0.00131395907818616,-0.000499528902014692
"bivt",0.001,5000,"0.1",TRUE,0.00123859836571579,-0.000478863040264487
"bivt",0.001,5000,"0.01",TRUE,0.00167158926360009,-0.000555062813758576
"bivt",0.001,5000,"0.05",TRUE,0.000670262951414223,-0.000502214817785368
"bivt",0.001,5000,"0.1",TRUE,0.000577653892500932,-0.00047338083416404
"bivt",0.001,5000,"0.01",TRUE,0.000933460876903908,-0.000569786034106658
"bivt",0.001,5000,"0.05",TRUE,0.00105921540114726,-0.000486011193244
"bivt",0.001,5000,"0.1",TRUE,0.000923031195965183,-0.000447278915843555
"bivt",0.001,5000,"0.01",TRUE,0.00132026048724151,-0.000538252705628509
"bivt",0.001,5000,"0.05",TRUE,0.000895172037358376,-0.000440467044992804
"bivt",0.001,5000,"0.1",TRUE,0.000745319283137939,-0.000427243562601832
"bivt",0.001,5000,"0.01",TRUE,0.0011542371332474,-0.000478332459492284
"bivt",0.001,5000,"0.05",TRUE,0.00095369032895698,-0.000464656084531547
"bivt",0.001,5000,"0.1",TRUE,0.000928163468493774,-0.000451416964292405
"bivt",0.001,5000,"0.01",TRUE,0.00171932461892969,-0.000506193789825067
"bivt",0.001,5000,"0.05",TRUE,0.00140720601211667,-0.000615525063167456
"bivt",0.001,5000,"0.1",TRUE,0.00116017426148171,-0.000563420396864437
"bivt",0.001,5000,"0.01",TRUE,0.0016700626645484,-0.000639765266275847
"bivt",0.001,5000,"0.05",TRUE,0.0010701339553457,-0.000462159609629659
"bivt",0.001,5000,"0.1",TRUE,0.000971395207636135,-0.000423778227602615
"bivt",0.001,5000,"0.01",TRUE,0.00181530818031659,-0.000516515802271785
"bivt",0.001,5000,"0.05",TRUE,0.000790548854404738,-0.000542289406771423
"bivt",0.001,5000,"0.1",TRUE,0.000682393979398618,-0.000521064660365588
"bivt",0.001,5000,"0.01",TRUE,0.00108302635226,-0.000619143011948614
"bivt",0.001,5000,"0.05",TRUE,0.000904049165910741,-0.000397870360613838
"bivt",0.001,5000,"0.1",TRUE,0.000688514391267812,-0.000378378870165774
"bivt",0.001,5000,"0.01",TRUE,0.00118584216008461,-0.000446163751236929
"bivt",0.001,5000,"0.05",TRUE,0.00109246083147381,-0.000511087487535277
"bivt",0.001,5000,"0.1",TRUE,0.000937187871735794,-0.000495220905801898
"bivt",0.001,5000,"0.01",TRUE,0.00167782121064487,-0.000576940003226898
"bivt",0.001,5000,"0.05",TRUE,0.00147708047188584,-0.00052805569016011
"bivt",0.001,5000,"0.1",TRUE,0.001358836896779,-0.000508871777425775
"bivt",0.001,5000,"0.01",TRUE,0.0026,-0.000599486661148976
"bivt",0.001,5000,"0.05",TRUE,0.00223965635655898,-0.000582743845781038
"bivt",0.001,5000,"0.1",TRUE,0.00150028645209348,-0.000534404137332214
"bivt",0.001,5000,"0.01",TRUE,0.003,-0.000641675293705285
"bivt",0.001,5000,"0.05",TRUE,0.000734015150324062,-0.000410954738944357
"bivt",0.001,5000,"0.1",TRUE,0.000558223676591672,-0.000371358117033476
"bivt",0.001,5000,"0.01",TRUE,0.00107064552567164,-0.000450590184701204
"bivt",0.001,5000,"0.05",TRUE,0.00131168848587837,-0.000528696839503636
"bivt",0.001,5000,"0.1",TRUE,0.00100111900224688,-0.00052485113016129
"bivt",0.001,5000,"0.01",TRUE,0.00173340166669667,-0.00061173297952848
"bivt",0.001,5000,"0.05",TRUE,0.00145464192539251,-0.000533611366466604
"bivt",0.001,5000,"0.1",TRUE,0.00135683853426099,-0.000512406100600417
"bivt",0.001,5000,"0.01",TRUE,0.00209476426727653,-0.000602237117286047
"bivt",0.001,5000,"0.05",TRUE,0.00108296955934531,-0.000577922839444426
"bivt",0.001,5000,"0.1",TRUE,0.000981653936133023,-0.000554024204106153
"bivt",0.001,5000,"0.01",TRUE,0.0017859662314682,-0.000657415606695319
"bivt",0.001,5000,"0.05",TRUE,0.00103036540762816,-0.00052076696820474
"bivt",0.001,5000,"0.1",TRUE,0.000850555830903497,-0.000480672818378485
"bivt",0.001,5000,"0.01",TRUE,0.00142290183918164,-0.000598754325241548
"bivt",0.001,5000,"0.05",TRUE,0.00147959450290102,-0.000561416379036553
"bivt",0.001,5000,"0.1",TRUE,0.00118294203380113,-0.000504283557033037
"bivt",0.001,5000,"0.01",TRUE,0.00171232484196912,-0.000595904947861208
"bivt",0.001,5000,"0.05",TRUE,0.00133130404835019,-0.00060409981100799
"bivt",0.001,5000,"0.1",TRUE,0.000996093506194411,-0.000564306769038301
"bivt",0.001,5000,"0.01",TRUE,0.00146216948744045,-0.00066254409725676
"bivt",0.001,5000,"0.05",TRUE,0.000990695357754065,-0.000494446876107748
"bivt",0.001,5000,"0.1",TRUE,0.000872786919314485,-0.000486848736444795
"bivt",0.001,5000,"0.01",TRUE,0.0014413592889418,-0.000554339132630006
"bivt",0.001,5000,"0.05",TRUE,0.00131307133839373,-0.00054767751951218
"bivt",0.001,5000,"0.1",TRUE,0.00117653001767336,-0.000532969328519099
"bivt",0.001,5000,"0.01",TRUE,0.00155292194380966,-0.000588629234087473
"bivt",0.001,5000,"0.05",TRUE,0.00167646621225073,-0.000587889162103372
"bivt",0.001,5000,"0.1",TRUE,0.00135877362028356,-0.000553631965017258
"bivt",0.001,5000,"0.01",TRUE,0.00207756792224796,-0.000614618274222548
"bivt",0.001,5000,"0.05",TRUE,0.00194293473173079,-0.000558623962771328
"bivt",0.001,5000,"0.1",TRUE,0.00164149011515371,-0.000542410369198435
"bivt",0.001,5000,"0.01",TRUE,0.00240837121486435,-0.000646430432751551
"bivt",0.001,5000,"0.05",TRUE,0.000915831110763501,-0.000462156082757745
"bivt",0.001,5000,"0.1",TRUE,0.00083616146911205,-0.00044169871742
"bivt",0.001,5000,"0.01",TRUE,0.00113201082642659,-0.000489805674033973
"bivt",0.001,5000,"0.05",TRUE,0.00100771474319446,-0.00046260261774461
"bivt",0.001,5000,"0.1",TRUE,0.000835894367450111,-0.000434293249652552
"bivt",0.001,5000,"0.01",TRUE,0.00123380348137446,-0.000492212168906497
"bivt",0.001,5000,"0.05",TRUE,0.000809022977367657,-0.000506089060046284
"bivt",0.001,5000,"0.1",TRUE,0.000609383173558112,-0.000473726788760236
"bivt",0.001,5000,"0.01",TRUE,0.000987821108511449,-0.000589787114597961
"bivt",0.001,5000,"0.05",TRUE,0.00102212562001431,-0.00054498953542081
"bivt",0.001,5000,"0.1",TRUE,0.00095921616491196,-0.00049409174735784
"bivt",0.001,5000,"0.01",TRUE,0.00128739400653943,-0.000566825608256197
"bivt",0.001,5000,"0.05",TRUE,0.00111621160141609,-0.000521970658183591
"bivt",0.001,5000,"0.1",TRUE,0.000827480968108091,-0.000452368168749443
"bivt",0.001,5000,"0.01",TRUE,0.00163225303121217,-0.000572332626490594
"bivt",0.001,5000,"0.05",TRUE,0.0011501092026124,-0.000483333116894442
"bivt",0.001,5000,"0.1",TRUE,0.00103329774644593,-0.000425876179457772
"bivt",0.001,5000,"0.01",TRUE,0.00149242278512486,-0.000547065758547518
"bivt",0.001,5000,"0.05",TRUE,0.00225086730645907,-0.000524336625323322
"bivt",0.001,5000,"0.1",TRUE,0.00160313060367294,-0.000494905861307129
"bivt",0.001,5000,"0.01",TRUE,0.0026,-0.000587074996260229
"bivt",0.001,5000,"0.05",TRUE,0.00119673085327995,-0.000489349694505138
"bivt",0.001,5000,"0.1",TRUE,0.000918679664445777,-0.000467493959017307
"bivt",0.001,5000,"0.01",TRUE,0.0026,-0.000531386889423421
"bivt",0.001,5000,"0.05",TRUE,0.00138893028237116,-0.000470325408188369
"bivt",0.001,5000,"0.1",TRUE,0.00132166339362759,-0.000412147724109139
"bivt",0.001,5000,"0.01",TRUE,0.00156665505503123,-0.000481711007660876
"bivt",0.001,5000,"0.05",TRUE,0.0014505830862991,-0.00048804622425082
"bivt",0.001,5000,"0.1",TRUE,0.00118419076196322,-0.000456705432266397
"bivt",0.001,5000,"0.01",TRUE,0.003,-0.000522207359258441
"bivt",0.001,5000,"0.05",FALSE,0.00155543296530748,-0.000433129851709188
"bivt",0.001,5000,"0.1",FALSE,0.00126851463031917,-0.000403698555547762
"bivt",0.001,5000,"0.01",TRUE,0.00222461402405974,-0.000483796075780009
"bivt",0.001,5000,"0.05",TRUE,0.00116086993775479,-0.000485071973092762
"bivt",0.001,5000,"0.1",TRUE,0.00109811177734246,-0.000451237913252002
"bivt",0.001,5000,"0.01",TRUE,0.00156697197211394,-0.000543994707644975
"bivt",0.001,5000,"0.05",TRUE,0.00120751143448523,-0.000418525708205176
"bivt",0.001,5000,"0.1",TRUE,0.000906200940781451,-0.000380843150462919
"bivt",0.001,5000,"0.01",TRUE,0.00186380717445099,-0.000471659378484788
"bivt",0.001,5000,"0.05",TRUE,0.000721630004516838,-0.00048287423202543
"bivt",0.001,5000,"0.1",TRUE,0.000547315618117868,-0.000452350221654112
"bivt",0.001,5000,"0.01",TRUE,0.000836144635291838,-0.000526057078443292
"bivt",0.001,5000,"0.05",TRUE,0.000950864106210339,-0.000430226009569441
"bivt",0.001,5000,"0.1",TRUE,0.000717980431769423,-0.000420935051558422
"bivt",0.001,5000,"0.01",TRUE,0.00139413105054661,-0.000466040431188813
"bivt",0.001,5000,"0.05",TRUE,0.00139337925707281,-0.000466720739132201
"bivt",0.001,5000,"0.1",TRUE,0.00129331689727813,-0.000450746597014071
"bivt",0.001,5000,"0.01",TRUE,0.0021757211261589,-0.000562308378332094
"bivt",0.001,5000,"0.05",TRUE,0.00174751671606906,-0.000496483599421937
"bivt",0.001,5000,"0.1",TRUE,0.00136870766776311,-0.000460718958524881
"bivt",0.001,5000,"0.01",TRUE,0.00236043352103498,-0.000534033688684006
"bivt",0.001,5000,"0.05",TRUE,0.00105982001257362,-0.000507024967678995
"bivt",0.001,5000,"0.1",TRUE,0.000942726016089474,-0.000462228830631341
"bivt",0.001,5000,"0.01",TRUE,0.00126826981082691,-0.000564574472455826
"bivt",0.001,5000,"0.05",TRUE,0.000792559562524451,-0.000457379534019792
"bivt",0.001,5000,"0.1",TRUE,0.000710529735291686,-0.000439642438196275
"bivt",0.001,5000,"0.01",TRUE,0.0011710331381929,-0.000556636461983427
"bivt",0.001,5000,"0.05",TRUE,0.000925528305492091,-0.000441678999803878
"bivt",0.001,5000,"0.1",TRUE,0.000825244937486246,-0.000393220802819497
"bivt",0.001,5000,"0.01",TRUE,0.00115397729433401,-0.000476592470138396
"bivt",0.001,5000,"0.05",TRUE,0.00125354509552866,-0.000565295415495336
"bivt",0.001,5000,"0.1",TRUE,0.000996373945575488,-0.000554434206054106
"bivt",0.001,5000,"0.01",TRUE,0.00140776098976452,-0.000627409908166687
"bivt",0.001,5000,"0.05",TRUE,0.000873273508769673,-0.00051396270326855
"bivt",0.001,5000,"0.1",TRUE,0.000779270265183248,-0.000453650781658515
"bivt",0.001,5000,"0.01",TRUE,0.00122743352880916,-0.000556715868883392
"bivt",0.001,5000,"0.05",TRUE,0.00102556495473476,-0.000493215856865306
"bivt",0.001,5000,"0.1",TRUE,0.000715005490422153,-0.000457398356775881
"bivt",0.001,5000,"0.01",TRUE,0.00117909344753182,-0.000539052923255357
"bivt",0.001,5000,"0.05",TRUE,0.00116752035890131,-0.000512855540638287
"bivt",0.001,5000,"0.1",TRUE,0.00101259190550849,-0.000490877803798544
"bivt",0.001,5000,"0.01",TRUE,0.00160329332767066,-0.000538345681187285
"bivt",0.001,5000,"0.05",TRUE,0.00232066069768501,-0.000458409025630998
"bivt",0.001,5000,"0.1",TRUE,0.00197052329384834,-0.000432114785577015
"bivt",0.001,5000,"0.01",TRUE,0.00260099999999998,-0.000511828818914778
"bivt",0.001,5000,"0.05",TRUE,0.00137807276069691,-0.000514698191018462
"bivt",0.001,5000,"0.1",TRUE,0.00110980756544407,-0.000473771079009219
"bivt",0.001,5000,"0.01",TRUE,0.00192825323148783,-0.000579662731430235
"bivt",0.001,5000,"0.05",TRUE,0.00105537164330806,-0.000484402224161777
"bivt",0.001,5000,"0.1",TRUE,0.000985617578514134,-0.000468822838735334
"bivt",0.001,5000,"0.01",TRUE,0.0012981311948203,-0.000540059357981135
"bivt",0.001,5000,"0.05",TRUE,0.00177139366568236,-0.000516184778628942
"bivt",0.001,5000,"0.1",TRUE,0.00149768036131476,-0.000495515418794017
"bivt",0.001,5000,"0.01",TRUE,0.00213636072873501,-0.000618687081971454
"bivt",0.001,5000,"0.05",TRUE,0.00146123530743471,-0.000522113346075843
"bivt",0.001,5000,"0.1",TRUE,0.00145736240599466,-0.000499645617463695
"bivt",0.001,5000,"0.01",TRUE,0.00189878548665842,-0.00058866931692356
"bivt",0.001,5000,"0.05",TRUE,0.00169339353869448,-0.000544023853782049
"bivt",0.001,5000,"0.1",TRUE,0.000926317960558826,-0.000489557033512494
"bivt",0.001,5000,"0.01",TRUE,0.0021155367662789,-0.000583431395700242
"bivt",0.001,5000,"0.05",TRUE,0.00117938899154292,-0.000478609556718306
"bivt",0.001,5000,"0.1",TRUE,0.00100580692084195,-0.000442803359095015
"bivt",0.001,5000,"0.01",TRUE,0.00160547830151431,-0.000534187407451363
"bivt",0.001,5000,"0.05",TRUE,0.00148035589953288,-0.000533601558316606
"bivt",0.001,5000,"0.1",TRUE,0.00130911501360542,-0.000517288668212705
"bivt",0.001,5000,"0.01",TRUE,0.00216997554628068,-0.000595314852419855
"bivt",0.001,5000,"0.05",TRUE,0.00213641684460239,-0.000529299926466456
"bivt",0.001,5000,"0.1",TRUE,0.00122962675380979,-0.000487905890721632
"bivt",0.001,5000,"0.01",TRUE,0.0028,-0.000562363476270919
"bivt",0.001,5000,"0.05",TRUE,0.00108651093656574,-0.000458852231703376
"bivt",0.001,5000,"0.1",TRUE,0.000974779672369588,-0.000425594087622467
"bivt",0.001,5000,"0.01",TRUE,0.0016694876712765,-0.000536080994815246
"bivt",0.001,5000,"0.05",TRUE,0.00149663609076708,-0.000575939061973822
"bivt",0.001,5000,"0.1",TRUE,0.00098318586685746,-0.000546909754274863
"bivt",0.001,5000,"0.01",TRUE,0.00213368634421555,-0.000649293772052602
"bivt",0.001,5000,"0.05",TRUE,0.0028,-0.000500065146344836
"bivt",0.001,5000,"0.1",TRUE,0.00241312288364497,-0.000457964655824811
"bivt",0.001,5000,"0.01",TRUE,0.00320099999999998,-0.00055417623735904
"bivt",0.001,5000,"0.05",TRUE,0.00145878792536297,-0.000424239708791505
"bivt",0.001,5000,"0.1",TRUE,0.000828541984120432,-0.000395626284349501
"bivt",0.001,5000,"0.01",TRUE,0.00174235572143577,-0.000495569602680656
"bivt",0.001,5000,"0.05",TRUE,0.00193436262053329,-0.000521431045859026
"bivt",0.001,5000,"0.1",TRUE,0.00129769423436044,-0.000486721815270749
"bivt",0.001,5000,"0.01",TRUE,0.00222118349911049,-0.000602791186065794
"bivt",0.001,5000,"0.05",TRUE,0.000864676670419971,-0.000442561923628157
"bivt",0.001,5000,"0.1",TRUE,0.000682245316817465,-0.000415273886220189
"bivt",0.001,5000,"0.01",TRUE,0.00112820704412804,-0.000488025752689359
"bivt",0.001,5000,"0.05",TRUE,0.00101041385134805,-0.000538443214350476
"bivt",0.001,5000,"0.1",TRUE,0.000884168496996884,-0.000462018200818347
"bivt",0.001,5000,"0.01",TRUE,0.00109809870151178,-0.000599344690109312
"bivt",0.001,5000,"0.05",FALSE,0.00080739535563904,-0.000466815196929445
"bivt",0.001,5000,"0.1",FALSE,0.000705196318305091,-0.000432837356960447
"bivt",0.001,5000,"0.01",FALSE,0.00100043716199985,-0.000500380211531456
"bivt",0.001,5000,"0.05",TRUE,0.000807978888084457,-0.000469130032012813
"bivt",0.001,5000,"0.1",TRUE,0.0006944914124165,-0.000438014594847423
"bivt",0.001,5000,"0.01",TRUE,0.00102276668396635,-0.000529917213127375
"bivt",0.001,5000,"0.05",TRUE,0.00156028649476205,-0.000532648214573497
"bivt",0.001,5000,"0.1",TRUE,0.001272473377336,-0.000494943785809288
"bivt",0.001,5000,"0.01",TRUE,0.00196293253886549,-0.000559135416042817
"bivt",0.001,5000,"0.05",TRUE,0.00128897663868206,-0.000535972511206084
"bivt",0.001,5000,"0.1",TRUE,0.0011280650730199,-0.000511832648110821
"bivt",0.001,5000,"0.01",TRUE,0.00179760332664884,-0.000571251403968337
"bivt",0.001,5000,"0.05",TRUE,0.00112338107476035,-0.000603114191920988
"bivt",0.001,5000,"0.1",TRUE,0.000940974019139733,-0.000491190971268201
"bivt",0.001,5000,"0.01",TRUE,0.00133494235346263,-0.000677557045397469
"bivt",0.001,5000,"0.05",TRUE,0.00138012608073332,-0.000494387327572988
"bivt",0.001,5000,"0.1",TRUE,0.0007140040404358,-0.000437223432295567
"bivt",0.001,5000,"0.01",TRUE,0.00166933490646809,-0.000530713327160957
"bivt",0.001,5000,"0.05",TRUE,0.00139092077984549,-0.000519442693955083
"bivt",0.001,5000,"0.1",TRUE,0.00130802046893296,-0.000478915279709266
"bivt",0.001,5000,"0.01",TRUE,0.00167532549638902,-0.000588962162024195
"bivt",0.001,5000,"0.05",TRUE,0.00115009575700619,-0.000506380358701465
"bivt",0.001,5000,"0.1",TRUE,0.00102269589462792,-0.000468234516619433
"bivt",0.001,5000,"0.01",TRUE,0.00182744926247772,-0.000533525544282292
"bivt",0.001,5000,"0.05",TRUE,0.00186675413886586,-0.000601183714810912
"bivt",0.001,5000,"0.1",TRUE,0.0014258902338083,-0.000594867300703979
"bivt",0.001,5000,"0.01",TRUE,0.0026,-0.000653791053305981
"bivt",0.001,5000,"0.05",TRUE,0.0011778769118882,-0.000547259317692006
"bivt",0.001,5000,"0.1",TRUE,0.00104495970754469,-0.000526187578688661
"bivt",0.001,5000,"0.01",TRUE,0.00131185339865632,-0.000616408541096735
"bivt",0.001,5000,"0.05",TRUE,0.00110969641155636,-0.000539058524957956
"bivt",0.001,5000,"0.1",TRUE,0.00102141647357907,-0.000465906264148901
"bivt",0.001,5000,"0.01",TRUE,0.00155058335780329,-0.000566679002578642
"bivt",0.001,5000,"0.05",TRUE,0.000985105721510638,-0.000537242423732166
"bivt",0.001,5000,"0.1",TRUE,0.000918502195777262,-0.000513383787592327
"bivt",0.001,5000,"0.01",TRUE,0.00132490927511375,-0.000590087200919489
"bivt",0.001,5000,"0.05",TRUE,0.0013353379701084,-0.000578472978110575
"bivt",0.001,5000,"0.1",TRUE,0.00112340421017254,-0.000531848907027568
"bivt",0.001,5000,"0.01",TRUE,0.00214584821839018,-0.000619555436789933
"bivt",0.001,5000,"0.05",TRUE,0.00240340185245759,-0.000609365105021576
"bivt",0.001,5000,"0.1",TRUE,0.00170039236416122,-0.00059462664220781
"bivt",0.001,5000,"0.01",TRUE,0.0026,-0.000635561382732558
"bivt",0.001,5000,"0.05",TRUE,0.00136735556133809,-0.000518515403659117
"bivt",0.001,5000,"0.1",TRUE,0.00112446952829755,-0.000487099394366346
"bivt",0.001,5000,"0.01",TRUE,0.00172332101959064,-0.00057070646493703
"bivt",0.001,5000,"0.05",TRUE,0.00118297925400503,-0.000475760355439054
"bivt",0.001,5000,"0.1",TRUE,0.000993207683541988,-0.000441795791571374
"bivt",0.001,5000,"0.01",TRUE,0.00163653773258293,-0.000557083371901133
"bivt",0.001,5000,"0.05",TRUE,0.00147612281067474,-0.00054490255615176
"bivt",0.001,5000,"0.1",TRUE,0.00103810573216885,-0.000504691516795099
"bivt",0.001,5000,"0.01",TRUE,0.00215905787371823,-0.000571632881533893
"bivt",0.001,5000,"0.05",TRUE,0.00076130039584135,-0.00048732571541193
"bivt",0.001,5000,"0.1",TRUE,0.000713002799802226,-0.000449822776452213
"bivt",0.001,5000,"0.01",TRUE,0.00106303841638038,-0.000526392770672427
"bivt",0.001,5000,"0.05",TRUE,0.00110745360592151,-0.000458116015151771
"bivt",0.001,5000,"0.1",TRUE,0.000992862847661877,-0.00042682904471712
"bivt",0.001,5000,"0.01",TRUE,0.00152309726862533,-0.000519204604138741
"bivt",0.001,5000,"0.05",TRUE,0.00178047928964935,-0.000550333711956963
"bivt",0.001,5000,"0.1",TRUE,0.00150569500515927,-0.000526031910380746
"bivt",0.001,5000,"0.01",TRUE,0.00221750973614415,-0.000585333871471526
"bivt",0.001,5000,"0.05",TRUE,0.00097976030013827,-0.000427000274393523
"bivt",0.001,5000,"0.1",TRUE,0.000872222237834708,-0.000354612504744983
"bivt",0.001,5000,"0.01",TRUE,0.0013113691459147,-0.000468599063980722
"bivt",0.001,5000,"0.05",TRUE,0.00135147991193501,-0.000537260547803321
"bivt",0.001,5000,"0.1",TRUE,0.00118825576078504,-0.000533418472726907
"bivt",0.001,5000,"0.01",TRUE,0.00193789922069372,-0.00060340976797652
"bivt",0.001,5000,"0.05",TRUE,0.00083240084649892,-0.000490465241322402
"bivt",0.001,5000,"0.1",TRUE,0.000730194103289508,-0.000463131091646144
"bivt",0.001,5000,"0.01",TRUE,0.00105760698743329,-0.000526689938326089
"bivt",0.001,5000,"0.05",TRUE,0.0010130736082907,-0.000463157285764924
"bivt",0.001,5000,"0.1",TRUE,0.000847337893173942,-0.00043789967154868
"bivt",0.001,5000,"0.01",TRUE,0.00151823969851948,-0.000546742792344728
"bivt",0.001,5000,"0.05",TRUE,0.00104418977932875,-0.000451831323284776
"bivt",0.001,5000,"0.1",TRUE,0.00103016349766523,-0.000442337870400103
"bivt",0.001,5000,"0.01",TRUE,0.00116991983942594,-0.000513588073389965
"bivt",0.001,5000,"0.05",TRUE,0.000856310618299958,-0.000510062467840574
"bivt",0.001,5000,"0.1",TRUE,0.000590942956609022,-0.000492117773596817
"bivt",0.001,5000,"0.01",TRUE,0.0013482161229242,-0.00055558582074539
"bivt",0.001,5000,"0.05",TRUE,0.000934988220989483,-0.000443248052148205
"bivt",0.001,5000,"0.1",TRUE,0.000840494828552781,-0.000397372726416408
"bivt",0.001,5000,"0.01",TRUE,0.00125805041990901,-0.000482764455428853
"bivt",0.001,5000,"0.05",TRUE,0.00117814860235956,-0.000484811056242283
"bivt",0.001,5000,"0.1",TRUE,0.000887352663739731,-0.000446823719531783
"bivt",0.001,5000,"0.01",TRUE,0.00140261394943833,-0.000533989603038819
"bivt",0.001,5000,"0.05",TRUE,0.00187564526790646,-0.000642305589561398
"bivt",0.001,5000,"0.1",TRUE,0.00149088673787352,-0.000609746939399827
"bivt",0.001,5000,"0.01",TRUE,0.0026,-0.00067168021816633
"bivt",0.001,5000,"0.05",TRUE,0.00125649817819236,-0.000467088284889456
"bivt",0.001,5000,"0.1",TRUE,0.00123605387569422,-0.000435293800486948
"bivt",0.001,5000,"0.01",TRUE,0.00154703965870203,-0.000520517117306391
"bivt",0.001,5000,"0.05",TRUE,0.00141042450094125,-0.000573649663082523
"bivt",0.001,5000,"0.1",TRUE,0.00119866463846695,-0.000554022572719502
"bivt",0.001,5000,"0.01",TRUE,0.00205171228511075,-0.000624775539117876
"bivt",0.001,5000,"0.05",TRUE,0.00153171055277962,-0.000667139259978023
"bivt",0.001,5000,"0.1",TRUE,0.00145992731831796,-0.000653675366644775
"bivt",0.001,5000,"0.01",TRUE,0.00181040184161752,-0.000706174432133915
"bivt",0.001,5000,"0.05",TRUE,0.000977015747606737,-0.000423227149570355
"bivt",0.001,5000,"0.1",TRUE,0.000840584766094223,-0.000409776142311826
"bivt",0.001,5000,"0.01",TRUE,0.00127677938338357,-0.000485673818894194
"bivt",0.001,5000,"0.05",TRUE,0.00144746868657095,-0.000509991776648264
"bivt",0.001,5000,"0.1",TRUE,0.00107322606567836,-0.000472462099617303
"bivt",0.001,5000,"0.01",TRUE,0.00211566486729975,-0.000573216948877089
"bivt",0.001,5000,"0.05",TRUE,0.000860686005233387,-0.00048982954026305
"bivt",0.001,5000,"0.1",TRUE,0.000824005461399573,-0.000460182189553072
"bivt",0.001,5000,"0.01",TRUE,0.00115939811924141,-0.000524220351652576
"bivt",0.001,5000,"0.05",TRUE,0.000890099651321027,-0.000475746255520779
"bivt",0.001,5000,"0.1",TRUE,0.000785597166199332,-0.00041460889132661
"bivt",0.001,5000,"0.01",TRUE,0.00123944869779556,-0.00052873988439327
"bivt",0.001,5000,"0.05",TRUE,0.00186916944294208,-0.000525990280339873
"bivt",0.001,5000,"0.1",TRUE,0.00132216616762117,-0.000504006483520291
"bivt",0.001,5000,"0.01",TRUE,0.00228480159541822,-0.000589946832040317
"bivt",0.001,5000,"0.05",TRUE,0.00107232701542496,-0.000503786498959698
"bivt",0.001,5000,"0.1",TRUE,0.000980095007075525,-0.000469822950435807
"bivt",0.001,5000,"0.01",TRUE,0.00143348149617315,-0.000552348779706649
"bivt",0.001,5000,"0.05",TRUE,0.00180279258276273,-0.00060251688961427
"bivt",0.001,5000,"0.1",TRUE,0.0014838699164422,-0.000573462497941661
"bivt",0.001,5000,"0.01",TRUE,0.0026,-0.000697691136935863
"bivt",0.001,5000,"0.05",TRUE,0.000868027735290723,-0.000464470721044259
"bivt",0.001,5000,"0.1",TRUE,0.000787275921189738,-0.000441064309513474
"bivt",0.001,5000,"0.01",TRUE,0.00137777784244147,-0.000555595005406332
"bivt",0.001,5000,"0.05",TRUE,0.00127596379857064,-0.000478930603031445
"bivt",0.001,5000,"0.1",TRUE,0.00123899212530351,-0.000459572566391276
"bivt",0.001,5000,"0.01",TRUE,0.00161973937564289,-0.000539041365349985
"bivt",0.001,5000,"0.05",TRUE,0.00151110427036917,-0.000466702008718112
"bivt",0.001,5000,"0.1",TRUE,0.00131257798192169,-0.000418714700457166
"bivt",0.001,5000,"0.01",TRUE,0.0026,-0.000490033514627075
"bivt",0.001,5000,"0.05",TRUE,0.000924498622828689,-0.000464367715873025
"bivt",0.001,5000,"0.1",TRUE,0.000850266810853042,-0.000440307748534114
"bivt",0.001,5000,"0.01",TRUE,0.00141827754836815,-0.000553636459373498
"bivt",0.001,5000,"0.05",TRUE,0.00131696244722036,-0.000559372902533385
"bivt",0.001,5000,"0.1",TRUE,0.0012124206967298,-0.000509386849181949
"bivt",0.001,5000,"0.01",TRUE,0.0028,-0.000621672580855475
"bivt",0.001,5000,"0.05",TRUE,0.00168138041562682,-0.00067214596003961
"bivt",0.001,5000,"0.1",TRUE,0.00127298386636745,-0.000616070637076424
"bivt",0.001,5000,"0.01",TRUE,0.0028,-0.000716761263783533
"bivt",0.001,5000,"0.05",TRUE,0.00100967937543681,-0.000572717320425739
"bivt",0.001,5000,"0.1",TRUE,0.000862802266657079,-0.000544922522895642
"bivt",0.001,5000,"0.01",TRUE,0.00130010753868224,-0.000590269809234026
"bivt",0.001,5000,"0.05",TRUE,0.000654143897857354,-0.000451819251906683
"bivt",0.001,5000,"0.1",TRUE,0.000631797816974411,-0.000427270329798478
"bivt",0.001,5000,"0.01",TRUE,0.00097022600916462,-0.000521174059447748
"bivt",0.001,5000,"0.05",TRUE,0.00108248391741929,-0.000436423988102439
"bivt",0.001,5000,"0.1",TRUE,0.000749684263150426,-0.000395741125253255
"bivt",0.001,5000,"0.01",TRUE,0.00161905789561858,-0.000486556087666611
"bivt",0.001,5000,"0.05",TRUE,0.00146393278205039,-0.000503137761653377
"bivt",0.001,5000,"0.1",TRUE,0.00105771907169481,-0.000453431002582836
"bivt",0.001,5000,"0.01",TRUE,0.00162799997964518,-0.000543902772548285
"bivt",0.001,5000,"0.05",TRUE,0.00223762241677166,-0.000493356089009386
"bivt",0.001,5000,"0.1",TRUE,0.00135299641839872,-0.000461027394950766
"bivt",0.001,5000,"0.01",TRUE,0.0028,-0.000552174643418291
"bivt",0.001,5000,"0.05",TRUE,0.0012391449841029,-0.000500073207931331
"bivt",0.001,5000,"0.1",TRUE,0.00101902810995193,-0.000459028605583892
"bivt",0.001,5000,"0.01",TRUE,0.00183422384243713,-0.000580943392824385
"bivt",0.001,5000,"0.05",TRUE,0.00130495286696815,-0.000538307385528809
"bivt",0.001,5000,"0.1",TRUE,0.00125016743301789,-0.000510414835714618
"bivt",0.001,5000,"0.01",TRUE,0.00201847830524478,-0.000588262249500979
"bivt",0.001,5000,"0.05",TRUE,0.000959760175846536,-0.000509254297716698
"bivt",0.001,5000,"0.1",TRUE,0.00081526701775452,-0.000488497459218352
"bivt",0.001,5000,"0.01",TRUE,0.00130664852236136,-0.000561542028776446
"bivt",0.001,5000,"0.05",TRUE,0.000841950596444548,-0.000439943484601013
"bivt",0.001,5000,"0.1",TRUE,0.000770968847459952,-0.000427961572371459
"bivt",0.001,5000,"0.01",TRUE,0.00127896570779786,-0.000498856860554969
"bivt",0.001,5000,"0.05",TRUE,0.00154214503204642,-0.00051012563772321
"bivt",0.001,5000,"0.1",TRUE,0.00147050828554172,-0.000473805990852466
"bivt",0.001,5000,"0.01",TRUE,0.0026,-0.000540890373515038
"bivt",0.001,5000,"0.05",TRUE,0.00124811766273781,-0.000538323835379587
"bivt",0.001,5000,"0.1",TRUE,0.00123860755553207,-0.000516283731958993
"bivt",0.001,5000,"0.01",TRUE,0.00206851114795084,-0.000603531090063986
"bivt",0.001,5000,"0.05",TRUE,0.00130407730065941,-0.000484741511547445
"bivt",0.001,5000,"0.1",TRUE,0.000870988846179,-0.00046690312179461
"bivt",0.001,5000,"0.01",TRUE,0.00179286494621397,-0.000528778250816175
"bivt",0.001,5000,"0.05",FALSE,0.00108299103890899,-0.000455589814396109
"bivt",0.001,5000,"0.1",FALSE,0.000980315937727974,-0.000422229072520723
"bivt",0.001,5000,"0.01",FALSE,0.00163667218479542,-0.000507105996967303
"bivt",0.001,5000,"0.05",TRUE,0.000854041850669247,-0.000486496593913929
"bivt",0.001,5000,"0.1",TRUE,0.000757034550170552,-0.000438502985086006
"bivt",0.001,5000,"0.01",TRUE,0.00109318171196788,-0.000514134376157418
"bivt",0.001,5000,"0.05",TRUE,0.00106879022796848,-0.000514928719758036
"bivt",0.001,5000,"0.1",TRUE,0.000764001981588082,-0.000489350320825322
"bivt",0.001,5000,"0.01",TRUE,0.00171314722979426,-0.000549777186584807
"bivt",0.001,5000,"0.05",TRUE,0.00130373376852744,-0.000463802092098945
"bivt",0.001,5000,"0.1",TRUE,0.00111693125907201,-0.000443074211096447
"bivt",0.001,5000,"0.01",TRUE,0.00164388489410674,-0.000510339073135246
"bivt",0.001,5000,"0.05",TRUE,0.0014616755742488,-0.000540188627393746
"bivt",0.001,5000,"0.1",TRUE,0.00118669282629179,-0.000503403810519092
"bivt",0.001,5000,"0.01",TRUE,0.00188869483979664,-0.000577847752603937
"bivt",0.001,5000,"0.05",TRUE,0.00110082984321084,-0.000416899064100004
"bivt",0.001,5000,"0.1",TRUE,0.000861946020343304,-0.000381572668225099
"bivt",0.001,5000,"0.01",TRUE,0.00129064764807954,-0.000484930817592426
"bivt",0.001,5000,"0.05",TRUE,0.000932791673908906,-0.000439494126190844
"bivt",0.001,5000,"0.1",TRUE,0.000871929302747645,-0.000421594962536242
"bivt",0.001,5000,"0.01",TRUE,0.00132896822595273,-0.000480254335544591
"bivt",0.001,5000,"0.05",TRUE,0.00126498004070223,-0.000522262202199791
"bivt",0.001,5000,"0.1",TRUE,0.00105076637062082,-0.000508959239791262
"bivt",0.001,5000,"0.01",TRUE,0.00151821465753337,-0.000534375556590498
"bivt",0.001,5000,"0.05",TRUE,0.00169703595287831,-0.000514034732775369
"bivt",0.001,5000,"0.1",TRUE,0.00168320321619658,-0.000482716584153759
"bivt",0.001,5000,"0.01",TRUE,0.00185947753650758,-0.000557605660686657
"bivt",0.001,5000,"0.05",FALSE,0.000682247905418305,-0.000403480466257519
"bivt",0.001,5000,"0.1",FALSE,0.000603413381790847,-0.000383537179535928
"bivt",0.001,5000,"0.01",TRUE,0.00156195807126017,-0.00045647961463121
"bivt",0.001,5000,"0.05",TRUE,0.00128171363790203,-0.000471779024561462
"bivt",0.001,5000,"0.1",TRUE,0.00101056496749877,-0.000438265730508493
"bivt",0.001,5000,"0.01",TRUE,0.00141642701754054,-0.000513866539368194
"bivt",0.001,5000,"0.05",TRUE,0.000866139200647461,-0.000457104400895198
"bivt",0.001,5000,"0.1",TRUE,0.000826807658666732,-0.00043724285985909
"bivt",0.001,5000,"0.01",TRUE,0.0010204158138076,-0.000495136252650929
"bivt",0.001,5000,"0.05",FALSE,0.000877373346950495,-0.000419004761478262
"bivt",0.001,5000,"0.1",FALSE,0.000850256163721407,-0.000404475616220958
"bivt",0.001,5000,"0.01",FALSE,0.00124394607482699,-0.000455715297999165
"bivt",0.001,5000,"0.05",TRUE,0.000789312975153595,-0.000497081558063613
"bivt",0.001,5000,"0.1",TRUE,0.000776949798811709,-0.000433402459141458
"bivt",0.001,5000,"0.01",TRUE,0.00132664333732773,-0.000558041329336183
"bivt",0.001,5000,"0.05",TRUE,0.00198780181641718,-0.000475680935626527
"bivt",0.001,5000,"0.1",TRUE,0.00135226276205854,-0.00045915374932832
"bivt",0.001,5000,"0.01",TRUE,0.0028,-0.000520012187662381
"bivt",0.001,5000,"0.05",TRUE,0.00103137483861857,-0.000535428795298174
"bivt",0.001,5000,"0.1",TRUE,0.000829554647081139,-0.000506172734513412
"bivt",0.001,5000,"0.01",TRUE,0.00165280764370022,-0.000600054020802174
"bivt",0.001,5000,"0.05",TRUE,0.00106189148442528,-0.000545110281527354
"bivt",0.001,5000,"0.1",TRUE,0.000939519901678914,-0.000535307836653041
"bivt",0.001,5000,"0.01",TRUE,0.00162293309739177,-0.000614943405559895
"bivt",0.001,5000,"0.05",TRUE,0.00140306728538668,-0.000552780929544111
"bivt",0.001,5000,"0.1",TRUE,0.00122006127703637,-0.000518874278994511
"bivt",0.001,5000,"0.01",TRUE,0.00174849462931752,-0.000579344019882131
"bivt",0.001,5000,"0.05",TRUE,0.000983225607082727,-0.000532661127561236
"bivt",0.001,5000,"0.1",TRUE,0.000882858879314988,-0.000497422049985459
"bivt",0.001,5000,"0.01",TRUE,0.0013101023653355,-0.000593781456396617
"bivt",0.001,5000,"0.05",TRUE,0.00220053255436296,-0.000598041264448489
"bivt",0.001,5000,"0.1",TRUE,0.00132257237468908,-0.000530375711475577
"bivt",0.001,5000,"0.01",TRUE,0.0026,-0.000645922926829666
"bivt",0.001,5000,"0.05",TRUE,0.000947605855784256,-0.000559018226945496
"bivt",0.001,5000,"0.1",TRUE,0.000861962143773845,-0.000541066578437901
"bivt",0.001,5000,"0.01",TRUE,0.00112272680333325,-0.000611441954612102
"bivt",0.001,5000,"0.05",TRUE,0.00159500069404583,-0.000573416719358672
"bivt",0.001,5000,"0.1",TRUE,0.00116729500061668,-0.000526946148215305
"bivt",0.001,5000,"0.01",TRUE,0.001813445048379,-0.000629691486127501
"bivt",0.001,5000,"0.05",TRUE,0.00101471750425388,-0.000445907116796547
"bivt",0.001,5000,"0.1",TRUE,0.000858523816637911,-0.000411336673256413
"bivt",0.001,5000,"0.01",TRUE,0.00148722109647543,-0.000517534697932217
"bivt",0.001,5000,"0.05",TRUE,0.00119706517395331,-0.000535558694959685
"bivt",0.001,5000,"0.1",TRUE,0.000938281001193397,-0.00052535411435967
"bivt",0.001,5000,"0.01",TRUE,0.00147428350481277,-0.000589319235542286
"bivt",0.001,5000,"0.05",TRUE,0.000910199121673152,-0.000419401131860746
"bivt",0.001,5000,"0.1",TRUE,0.000860777183306695,-0.000393487483122478
"bivt",0.001,5000,"0.01",TRUE,0.00116150830454697,-0.000461244914760184
"bivt",0.001,5000,"0.05",TRUE,0.00128618522993942,-0.000536604593349803
"bivt",0.001,5000,"0.1",TRUE,0.0010706567182551,-0.000490251244913259
"bivt",0.001,5000,"0.01",TRUE,0.00172512168230574,-0.000564315112387031
"bivt",0.001,5000,"0.05",TRUE,0.00122531589674394,-0.00055319899983776
"bivt",0.001,5000,"0.1",FALSE,0.00108762670933408,-0.00052907280340366
"bivt",0.001,5000,"0.01",TRUE,0.0020611208247204,-0.000609760172925583
"bivt",0.001,5000,"0.05",TRUE,0.0010201330044005,-0.000496579613334685
"bivt",0.001,5000,"0.1",TRUE,0.000954639967233481,-0.000476233939966257
"bivt",0.001,5000,"0.01",TRUE,0.0013595530640083,-0.000547597406375587
"bivt",0.001,5000,"0.05",FALSE,0.000838622282936993,-0.000420924914339682
"bivt",0.001,5000,"0.1",FALSE,0.000747218480704441,-0.000395328432041274
"bivt",0.001,5000,"0.01",FALSE,0.000981769923294824,-0.000461863595922048
"bivt",0.001,5000,"0.05",TRUE,0.00205036829519411,-0.000515511552276043
"bivt",0.001,5000,"0.1",TRUE,0.0011958970341734,-0.000497861340966155
"bivt",0.001,5000,"0.01",TRUE,0.0028,-0.00056551624960958
"bivt",0.001,5000,"0.05",TRUE,0.00140015777673029,-0.000665919997484788
"bivt",0.001,5000,"0.1",TRUE,0.00110824037401638,-0.000625481533840594
"bivt",0.001,5000,"0.01",TRUE,0.00156344727333176,-0.000678049391585559
"bivt",0.001,5000,"0.05",TRUE,0.00107993791975742,-0.000518548173832167
"bivt",0.001,5000,"0.1",TRUE,0.000803291684312159,-0.000427217441025743
"bivt",0.001,5000,"0.01",TRUE,0.00141276888829673,-0.00055938002532145
"bivt",0.001,5000,"0.05",TRUE,0.000887483337596397,-0.000484544166494229
"bivt",0.001,5000,"0.1",TRUE,0.000685117458676375,-0.000453434073959093
"bivt",0.001,5000,"0.01",TRUE,0.00104262906230728,-0.000529617547581794
"bivt",0.001,5000,"0.05",TRUE,0.00128639403365722,-0.000485213307926368
"bivt",0.001,5000,"0.1",TRUE,0.00108349918642599,-0.000462213725455984
"bivt",0.001,5000,"0.01",TRUE,0.00176419309669486,-0.000541205731433906
"bivt",0.001,5000,"0.05",TRUE,0.00102681196352169,-0.000520825425784917
"bivt",0.001,5000,"0.1",TRUE,0.000934137636058758,-0.000475278568947792
"bivt",0.001,5000,"0.01",TRUE,0.00154413575824645,-0.000536753456404062
"bivt",0.001,5000,"0.05",TRUE,0.00179198380155631,-0.00065408178536404
"bivt",0.001,5000,"0.1",TRUE,0.00116642703300748,-0.000591047572286086
"bivt",0.001,5000,"0.01",TRUE,0.0026,-0.000708166993000038
"bivt",0.001,5000,"0.05",TRUE,0.00193799606938228,-0.000523668044082938
"bivt",0.001,5000,"0.1",TRUE,0.00135613090719788,-0.000499993303057904
"bivt",0.001,5000,"0.01",TRUE,0.0028,-0.000618216764805576
"bivt",0.001,5000,"0.05",TRUE,0.00117592751245828,-0.000528040949271949
"bivt",0.001,5000,"0.1",TRUE,0.000989388072329462,-0.000503801946137737
"bivt",0.001,5000,"0.01",TRUE,0.00187687644601626,-0.000549497901406043
"bivt",0.001,5000,"0.05",TRUE,0.000906755144759724,-0.000505097463550628
"bivt",0.001,5000,"0.1",TRUE,0.000778878737693009,-0.000462299257087343
"bivt",0.001,5000,"0.01",TRUE,0.00113745468023295,-0.000541925064389877
"bivt",0.001,5000,"0.05",TRUE,0.00115850720176878,-0.000500157485943389
"bivt",0.001,5000,"0.1",TRUE,0.00101464886714468,-0.000472027875504894
"bivt",0.001,5000,"0.01",TRUE,0.00142603785617864,-0.000518283592681429
"bivt",0.001,5000,"0.05",FALSE,0.000714532692429937,-0.000406806527448542
"bivt",0.001,5000,"0.1",FALSE,0.000614777870939742,-0.000382786773090306
"bivt",0.001,5000,"0.01",TRUE,0.000850288613626521,-0.00049878374078952
"bivt",0.001,5000,"0.05",TRUE,0.00089453419759799,-0.000483826198284094
"bivt",0.001,5000,"0.1",TRUE,0.000758154926955526,-0.000471664696059821
"bivt",0.001,5000,"0.01",TRUE,0.00119536936158702,-0.000536606242601683
"bivt",0.001,5000,"0.05",TRUE,0.000812506297953612,-0.000404723914338143
"bivt",0.001,5000,"0.1",TRUE,0.000730131773370451,-0.000384493657260172
"bivt",0.001,5000,"0.01",TRUE,0.00108787655911914,-0.000510612134938013
"bivt",0.001,5000,"0.05",TRUE,0.00172746716189549,-0.000521081956804711
"bivt",0.001,5000,"0.1",TRUE,0.00150320657395952,-0.000485008673361254
"bivt",0.001,5000,"0.01",TRUE,0.0026,-0.000633621763115078
"bivt",0.001,5000,"0.05",TRUE,0.00151831422767499,-0.000479489700361956
"bivt",0.001,5000,"0.1",TRUE,0.00130154131078398,-0.000451488979440463
"bivt",0.001,5000,"0.01",TRUE,0.00188082153031097,-0.000549888263586604
"bivt",0.001,5000,"0.05",TRUE,0.00123369839465273,-0.000512475086582262
"bivt",0.001,5000,"0.1",TRUE,0.00108414612102019,-0.000488377666683238
"bivt",0.001,5000,"0.01",TRUE,0.00148969882866661,-0.000560059617148656
"bivt",0.001,5000,"0.05",TRUE,0.00154683948662827,-0.000472614856353873
"bivt",0.001,5000,"0.1",TRUE,0.00133556609825206,-0.000448638936953931
"bivt",0.001,5000,"0.01",TRUE,0.00216953075352824,-0.00050613965001651
"bivt",0.001,5000,"0.05",TRUE,0.00138426944264442,-0.000441396444020132
"bivt",0.001,5000,"0.1",TRUE,0.00133660734492507,-0.000411019350047564
"bivt",0.001,5000,"0.01",TRUE,0.00240600460415735,-0.000471399097409715
"bivt",0.001,5000,"0.05",TRUE,0.00175447290868244,-0.000559988974311677
"bivt",0.001,5000,"0.1",TRUE,0.00143919764067142,-0.000541213686676529
"bivt",0.001,5000,"0.01",TRUE,0.00220737510684432,-0.000670539195970668
"bivt",0.001,5000,"0.05",TRUE,0.00107287402251504,-0.000440044337153285
"bivt",0.001,5000,"0.1",TRUE,0.000967299836091729,-0.00040644704415464
"bivt",0.001,5000,"0.01",TRUE,0.00135202221327196,-0.000506493416711946
"bivt",0.001,5000,"0.05",TRUE,0.00129803493289033,-0.000601455534996435
"bivt",0.001,5000,"0.1",TRUE,0.00104550201055756,-0.000582045568006214
"bivt",0.001,5000,"0.01",TRUE,0.00187617755032146,-0.000629269224596196
"bivt",0.001,5000,"0.05",TRUE,0.00129147414735508,-0.000438889318645699
"bivt",0.001,5000,"0.1",TRUE,0.000983830649116877,-0.000398144470593282
"bivt",0.001,5000,"0.01",TRUE,0.00193100628652288,-0.000493755104779249
"bivt",0.001,5000,"0.05",TRUE,0.00128604329752392,-0.000533435225537026
"bivt",0.001,5000,"0.1",TRUE,0.00118392991014862,-0.000497574181144949
"bivt",0.001,5000,"0.01",TRUE,0.00197470069787061,-0.000597331361925962
"bivt",0.001,5000,"0.05",TRUE,0.0026,-0.000555083193687416
"bivt",0.001,5000,"0.1",TRUE,0.00205014913951276,-0.000521072698030147
"bivt",0.001,5000,"0.01",TRUE,0.003,-0.000592580413437593
"bivt",0.001,5000,"0.05",TRUE,0.00163022563453892,-0.000575441655276755
"bivt",0.001,5000,"0.1",TRUE,0.00140024282407539,-0.000558952147854285
"bivt",0.001,5000,"0.01",TRUE,0.00185733054158305,-0.000613284168573312
"bivt",0.001,5000,"0.05",TRUE,0.00148444769905517,-0.000452196866002164
"bivt",0.001,5000,"0.1",TRUE,0.00104036733293491,-0.000406841996108863
"bivt",0.001,5000,"0.01",TRUE,0.00227388581560292,-0.000561561060090641
"bivt",0.001,5000,"0.05",TRUE,0.00156865712327995,-0.00057599725714378
"bivt",0.001,5000,"0.1",TRUE,0.00102236194527482,-0.000553521649963785
"bivt",0.001,5000,"0.01",TRUE,0.00175383608005899,-0.000646982251808874
"bivt",0.001,5000,"0.05",TRUE,0.000961201448049405,-0.000472192297220956
"bivt",0.001,5000,"0.1",TRUE,0.000850215976832916,-0.000432876453652591
"bivt",0.001,5000,"0.01",TRUE,0.00119225438896152,-0.00051297621015413
"bivt",0.001,5000,"0.05",TRUE,0.00173243798094745,-0.000558020048065571
"bivt",0.001,5000,"0.1",TRUE,0.00129550220346747,-0.000526326042871812
"bivt",0.001,5000,"0.01",TRUE,0.00217271359066793,-0.000604938998280819
"bivt",0.001,5000,"0.05",TRUE,0.00137838129549472,-0.000556089740288038
"bivt",0.001,5000,"0.1",TRUE,0.00112328909847391,-0.000538754096353037
"bivt",0.001,5000,"0.01",TRUE,0.00214551786111767,-0.000629183551788356
"bivt",0.001,5000,"0.05",TRUE,0.0026,-0.000626168492263297
"bivt",0.001,5000,"0.1",TRUE,0.00196057969315785,-0.000613516813294391
"bivt",0.001,5000,"0.01",TRUE,0.0032,-0.000668792615061556
"bivt",0.001,5000,"0.05",TRUE,0.00172557444676269,-0.000665034088385749
"bivt",0.001,5000,"0.1",TRUE,0.00132966310806203,-0.000593217565359294
"bivt",0.001,5000,"0.01",TRUE,0.0026,-0.000679162965729103
"bivt",0.001,5000,"0.05",TRUE,0.00141234074319396,-0.000474295140211678
"bivt",0.001,5000,"0.1",TRUE,0.00112451696457671,-0.000454948646690265
"bivt",0.001,5000,"0.01",TRUE,0.00192389276869999,-0.000522549598359657
"bivt",0.001,5000,"0.05",TRUE,0.00143099318667884,-0.000526499796017623
"bivt",0.001,5000,"0.1",TRUE,0.00123940699112807,-0.00046409667944232
"bivt",0.001,5000,"0.01",TRUE,0.00172467722627469,-0.000572266467303649
"bivt",0.001,5000,"0.05",TRUE,0.00162655763476318,-0.00044079977528314
"bivt",0.001,5000,"0.1",TRUE,0.00129162532150893,-0.00042326589420357
"bivt",0.001,5000,"0.01",TRUE,0.0028,-0.000521524410836719
"bivt",0.001,5000,"0.05",TRUE,0.00162919341782127,-0.000463688656953792
"bivt",0.001,5000,"0.1",TRUE,0.00133765237582903,-0.000412584289963988
"bivt",0.001,5000,"0.01",TRUE,0.0028,-0.000508380005666578
"bivt",0.001,5000,"0.05",TRUE,0.00111747238043146,-0.000524685301703347
"bivt",0.001,5000,"0.1",TRUE,0.00103122180608155,-0.000496569203755419
"bivt",0.001,5000,"0.01",TRUE,0.00142751220708514,-0.000580188848523195
"bivt",0.001,5000,"0.05",TRUE,0.0010557758467814,-0.000472450553182262
"bivt",0.001,5000,"0.1",TRUE,0.000716507859992633,-0.000433980794329833
"bivt",0.001,5000,"0.01",TRUE,0.00145108908442104,-0.000518243433008766
"bivt",0.001,5000,"0.05",TRUE,0.00117267810542118,-0.000526958792504068
"bivt",0.001,5000,"0.1",TRUE,0.00108385867971747,-0.000489012635766641
"bivt",0.001,5000,"0.01",TRUE,0.00174919388512192,-0.000599948846260691
"bivt",0.001,5000,"0.05",TRUE,0.0014497086394796,-0.000509410308400515
"bivt",0.001,5000,"0.1",TRUE,0.00126435788767688,-0.000469558084811244
"bivt",0.001,5000,"0.01",TRUE,0.00160896569074359,-0.000548019259378652
"bivt",0.001,5000,"0.05",TRUE,0.00240206528945333,-0.000594417663379303
"bivt",0.001,5000,"0.1",TRUE,0.00167095880971292,-0.000545360432536907
"bivt",0.001,5000,"0.01",TRUE,0.0028,-0.000613022757139196
"bivt",0.001,5000,"0.05",TRUE,0.00139425371661917,-0.000603548896369212
"bivt",0.001,5000,"0.1",TRUE,0.0012310157559039,-0.0005826861994582
"bivt",0.001,5000,"0.01",TRUE,0.00170655691843147,-0.000629959435376101
"bivt",0.001,5000,"0.05",TRUE,0.0028,-0.000618599847023765
"bivt",0.001,5000,"0.1",TRUE,0.0026,-0.000604036923727868
"bivt",0.001,5000,"0.01",TRUE,0.0032,-0.000699049458518223
"bivt",0.001,5000,"0.05",TRUE,0.00152968653295605,-0.000565841973365652
"bivt",0.001,5000,"0.1",TRUE,0.00127988401350163,-0.000531260213391577
"bivt",0.001,5000,"0.01",TRUE,0.0026,-0.000593045350252831
"bivt",0.001,5000,"0.05",TRUE,0.00122160408338168,-0.000478339029163366
"bivt",0.001,5000,"0.1",TRUE,0.00102930609942981,-0.000452106576680778
"bivt",0.001,5000,"0.01",TRUE,0.00153874568931846,-0.000542123569733243
"bivt",0.001,5000,"0.05",TRUE,0.000909043008299217,-0.000450570197930607
"bivt",0.001,5000,"0.1",TRUE,0.000792653519944803,-0.00043335136672995
"bivt",0.001,5000,"0.01",TRUE,0.00131376434425625,-0.000515606360845265
"bivt",0.001,5000,"0.05",TRUE,0.00131072407898143,-0.00049777887525829
"bivt",0.001,5000,"0.1",TRUE,0.00105360775544457,-0.000475658157799326
"bivt",0.001,5000,"0.01",TRUE,0.00151937973717975,-0.00055177611446849
"bivt",0.001,5000,"0.05",TRUE,0.000892489227711141,-0.000521268088028691
"bivt",0.001,5000,"0.1",TRUE,0.000866909495571002,-0.000455638072026492
"bivt",0.001,5000,"0.01",TRUE,0.00145674475592609,-0.000592252229717707
"bivt",0.001,5000,"0.05",TRUE,0.000987733426579924,-0.000490712187523494
"bivt",0.001,5000,"0.1",TRUE,0.000842463198661524,-0.000460828627055248
"bivt",0.001,5000,"0.01",TRUE,0.00228006602562857,-0.000535052528499407
"bivt",0.001,5000,"0.05",TRUE,0.00103372844150176,-0.000565042973820646
"bivt",0.001,5000,"0.1",TRUE,0.000865279378984992,-0.000506272842593912
"bivt",0.001,5000,"0.01",TRUE,0.00136136738672742,-0.000578268864936929
"bivt",0.001,5000,"0.05",TRUE,0.00145252920456049,-0.000473086619181412
"bivt",0.001,5000,"0.1",TRUE,0.00105150994530431,-0.000450730919967019
"bivt",0.001,5000,"0.01",TRUE,0.00172062517479261,-0.000530392263841559
"bivt",0.001,5000,"0.05",TRUE,0.00091296790408227,-0.00046180618466357
"bivt",0.001,5000,"0.1",TRUE,0.000761830129045124,-0.000416672126420413
"bivt",0.001,5000,"0.01",TRUE,0.00114132075834376,-0.000505667147827541
"bivt",0.001,5000,"0.05",TRUE,0.00118374286753531,-0.000517581723939951
"bivt",0.001,5000,"0.1",TRUE,0.00105117436252098,-0.000488699928236064
"bivt",0.001,5000,"0.01",TRUE,0.00165967821899559,-0.000599531832337943
"bivt",0.001,5000,"0.05",TRUE,0.00131323976639799,-0.000520886596686626
"bivt",0.001,5000,"0.1",TRUE,0.00125350103575376,-0.000507918769036336
"bivt",0.001,5000,"0.01",TRUE,0.00175453066115806,-0.000585573287537134
"bivt",0.001,5000,"0.05",TRUE,0.00192789651907141,-0.000474712253227483
"bivt",0.001,5000,"0.1",TRUE,0.00129040926594834,-0.000451101099423272
"bivt",0.001,5000,"0.01",TRUE,0.0026,-0.000536882862480573
"bivt",0.001,5000,"0.05",TRUE,0.00148114334260464,-0.0005153893480587
"bivt",0.001,5000,"0.1",TRUE,0.00112079389007444,-0.000455821483718906
"bivt",0.001,5000,"0.01",TRUE,0.0026,-0.000608694159993889
"bivt",0.001,5000,"0.05",TRUE,0.000619425273796979,-0.000472158849529836
"bivt",0.001,5000,"0.1",TRUE,0.000487666311264316,-0.000414542526983272
"bivt",0.001,5000,"0.01",TRUE,0.000958206558277662,-0.000523316771383677
"bivt",0.001,5000,"0.05",TRUE,0.0015481565513984,-0.000508106141147268
"bivt",0.001,5000,"0.1",TRUE,0.00115933415135465,-0.000459738552159056
"bivt",0.001,5000,"0.01",TRUE,0.00184558390003992,-0.000541635138663848
"bivt",0.001,5000,"0.05",TRUE,0.00130397379801109,-0.00051572240737874
"bivt",0.001,5000,"0.1",TRUE,0.00116562602083941,-0.000490994049624684
"bivt",0.001,5000,"0.01",TRUE,0.0018267158651302,-0.000601852493496959
"bivt",0.001,5000,"0.05",TRUE,0.00131740914880855,-0.000483256769245185
"bivt",0.001,5000,"0.1",TRUE,0.00106307757889188,-0.000458970024880532
"bivt",0.001,5000,"0.01",TRUE,0.00211188738094789,-0.000520975402033192
"bivt",0.001,5000,"0.05",TRUE,0.00194152536347795,-0.00050297185623518
"bivt",0.001,5000,"0.1",TRUE,0.00159690413790851,-0.000462722482706167
"bivt",0.001,5000,"0.01",TRUE,0.00280099999999998,-0.00055405563854339
"bivt",0.001,5000,"0.05",TRUE,0.00160495657580187,-0.000499835153871379
"bivt",0.001,5000,"0.1",TRUE,0.00144921213384968,-0.000477230666583794
"bivt",0.001,5000,"0.01",TRUE,0.00185945574951292,-0.000526203362311855
"bivt",0.001,5000,"0.05",TRUE,0.00107038445522974,-0.000583391966348965
"bivt",0.001,5000,"0.1",TRUE,0.000906497854487723,-0.00057581538557758
"bivt",0.001,5000,"0.01",TRUE,0.00139703192761776,-0.000621857931374671
"bivt",0.001,5000,"0.05",TRUE,0.000975041624795072,-0.000487074811884152
"bivt",0.001,5000,"0.1",TRUE,0.000800200626757725,-0.000474529205344522
"bivt",0.001,5000,"0.01",TRUE,0.0015673936183091,-0.000553033840646638
"bivt",0.001,5000,"0.05",TRUE,0.00161144537941892,-0.000478868875644436
"bivt",0.001,5000,"0.1",TRUE,0.00147295990330923,-0.000452624166557092
"bivt",0.001,5000,"0.01",TRUE,0.00237602457998489,-0.000542996583015939
"bivt",0.001,5000,"0.05",TRUE,0.00140903722035139,-0.000474978186468924
"bivt",0.001,5000,"0.1",TRUE,0.00115815013522396,-0.000454182915015156
"bivt",0.001,5000,"0.01",TRUE,0.0019868338970619,-0.000525771162504609
"bivt",0.001,5000,"0.05",TRUE,0.000781342397946361,-0.000489337129461561
"bivt",0.001,5000,"0.1",TRUE,0.000676682112072788,-0.00043818865149247
"bivt",0.001,5000,"0.01",TRUE,0.00104869945545797,-0.000566889491864066
"bivt",0.001,5000,"0.05",TRUE,0.00111029178504052,-0.000489061543879998
"bivt",0.001,5000,"0.1",TRUE,0.000837538620721122,-0.000453660029528175
"bivt",0.001,5000,"0.01",TRUE,0.00133351953004578,-0.000539157504902495
"bivt",0.001,5000,"0.05",TRUE,0.000908116201328218,-0.000570717298136254
"bivt",0.001,5000,"0.1",TRUE,0.000757366808945238,-0.000463238140161519
"bivt",0.001,5000,"0.01",TRUE,0.00164037156028385,-0.000597452183417733
"bivt",0.001,5000,"0.05",TRUE,0.00135382315010329,-0.000439665038695862
"bivt",0.001,5000,"0.1",TRUE,0.00114813811821952,-0.000402358604016934
"bivt",0.001,5000,"0.01",TRUE,0.00183074418615762,-0.000497368492969107
"bivt",0.001,5000,"0.05",TRUE,0.00163933599650079,-0.000476441393999305
"bivt",0.001,5000,"0.1",TRUE,0.00119596943022727,-0.000448180298776885
"bivt",0.001,5000,"0.01",TRUE,0.00226033780292466,-0.000565056916557369
"bivt",0.001,5000,"0.05",TRUE,0.000827805690295965,-0.000455370006818668
"bivt",0.001,5000,"0.1",TRUE,0.000757082937927974,-0.000441357644756131
"bivt",0.001,5000,"0.01",TRUE,0.00147842702647549,-0.000525150280173351
"bivt",0.001,5000,"0.05",TRUE,0.00118583014964378,-0.000569758051896635
"bivt",0.001,5000,"0.1",TRUE,0.000954803070843969,-0.000558141282244768
"bivt",0.001,5000,"0.01",TRUE,0.00169675202980374,-0.000612476589238526
"bivt",0.001,5000,"0.05",TRUE,0.00118724497714982,-0.000484034087328996
"bivt",0.001,5000,"0.1",TRUE,0.000847748972785975,-0.000452989977974448
"bivt",0.001,5000,"0.01",TRUE,0.00196459127506336,-0.000539236062064864
"bivt",0.001,5000,"0.05",TRUE,0.00142343898565424,-0.000525362050962105
"bivt",0.001,5000,"0.1",TRUE,0.00107929986603247,-0.000481195480158733
"bivt",0.001,5000,"0.01",TRUE,0.00238649327083085,-0.000587901578505675
"bivt",0.001,5000,"0.05",TRUE,0.00145540130429996,-0.000497042446329059
"bivt",0.001,5000,"0.1",TRUE,0.00102228233024402,-0.000472482550017531
"bivt",0.001,5000,"0.01",TRUE,0.00175380896640025,-0.000561649228659095
"bivt",0.001,5000,"0.05",TRUE,0.00143189697586767,-0.000610143642059099
"bivt",0.001,5000,"0.1",TRUE,0.00116141642155021,-0.000594070448269688
"bivt",0.001,5000,"0.01",TRUE,0.00164635548708032,-0.000674689824006878
"bivt",0.001,5000,"0.05",TRUE,0.000821812444736864,-0.000478124003557065
"bivt",0.001,5000,"0.1",TRUE,0.000761264447207481,-0.000417305042995953
"bivt",0.001,5000,"0.01",TRUE,0.00123649747636015,-0.00051510398537315
"bivt",0.001,5000,"0.05",TRUE,0.000810563645285267,-0.000542057099187937
"bivt",0.001,5000,"0.1",TRUE,0.00072601762515578,-0.000521246592249621
"bivt",0.001,5000,"0.01",TRUE,0.00100091910294382,-0.000607576858718119
"bivt",0.001,5000,"0.05",TRUE,0.0014223586893417,-0.000535934180336913
"bivt",0.001,5000,"0.1",TRUE,0.00133988839323058,-0.000516876642814627
"bivt",0.001,5000,"0.01",TRUE,0.00192807813971359,-0.000628346289892369
"bivt",5e-04,10000,"0.05",TRUE,0.000406772563181423,-0.000268922545041103
"bivt",5e-04,10000,"0.1",TRUE,0.000344317948775322,-0.00026206300583621
"bivt",5e-04,10000,"0.01",TRUE,0.000613976480117525,-0.000287423285964608
"bivt",5e-04,10000,"0.05",TRUE,0.000562763720976669,-0.000223669163033575
"bivt",5e-04,10000,"0.1",TRUE,0.000391317877561262,-0.000209665689245493
"bivt",5e-04,10000,"0.01",TRUE,0.000678955702152336,-0.000240426173905736
"bivt",5e-04,10000,"0.05",TRUE,0.000482254181336396,-0.000255724233250388
"bivt",5e-04,10000,"0.1",TRUE,0.00044514108457353,-0.000234301087871127
"bivt",5e-04,10000,"0.01",TRUE,0.000736718142805718,-0.000287037894284259
"bivt",5e-04,10000,"0.05",TRUE,0.000412094744235865,-0.000230846000312035
"bivt",5e-04,10000,"0.1",TRUE,0.000343424536700053,-0.00021822447657892
"bivt",5e-04,10000,"0.01",TRUE,0.000668684752910228,-0.000250828143776454
"bivt",5e-04,10000,"0.05",TRUE,0.000575590054934391,-0.00025823222284987
"bivt",5e-04,10000,"0.1",TRUE,0.000450727940260515,-0.000247880461670461
"bivt",5e-04,10000,"0.01",TRUE,0.000715600252552108,-0.000283034955124056
"bivt",5e-04,10000,"0.05",TRUE,0.00054839658053405,-0.000222991933888004
"bivt",5e-04,10000,"0.1",TRUE,0.000468949570349429,-0.000216512675983878
"bivt",5e-04,10000,"0.01",TRUE,0.00100575000363398,-0.000233372075086725
"bivt",5e-04,10000,"0.05",TRUE,0.000514128000478467,-0.000253675552493542
"bivt",5e-04,10000,"0.1",TRUE,0.000426294359013201,-0.000239169524050661
"bivt",5e-04,10000,"0.01",TRUE,0.000663798612848665,-0.000286077428667808
"bivt",5e-04,10000,"0.05",TRUE,0.000445592979570905,-0.000249119526939291
"bivt",5e-04,10000,"0.1",TRUE,0.000396942599714195,-0.000236427915150169
"bivt",5e-04,10000,"0.01",TRUE,0.000520894370544264,-0.000279827593491563
"bivt",5e-04,10000,"0.05",TRUE,0.000463425374889474,-0.000256121280186422
"bivt",5e-04,10000,"0.1",TRUE,0.000416113109242283,-0.000243696372439967
"bivt",5e-04,10000,"0.01",TRUE,0.000609043689838238,-0.000264952869883661
"bivt",5e-04,10000,"0.05",TRUE,0.00036156006577495,-0.000256416083411905
"bivt",5e-04,10000,"0.1",TRUE,0.000309061097439126,-0.000236107069564635
"bivt",5e-04,10000,"0.01",TRUE,0.000418063590878007,-0.000296221609149736
"bivt",5e-04,10000,"0.05",TRUE,0.000434545769382248,-0.000239877975831505
"bivt",5e-04,10000,"0.1",TRUE,0.000343228949375458,-0.000226320443568567
"bivt",5e-04,10000,"0.01",TRUE,0.000643735836433029,-0.00025399844495983
"bivt",5e-04,10000,"0.05",TRUE,0.000445366755331438,-0.000247257535820324
"bivt",5e-04,10000,"0.1",TRUE,0.000394636657285078,-0.000244549532756076
"bivt",5e-04,10000,"0.01",TRUE,0.000624666329498675,-0.000268956073358356
"bivt",5e-04,10000,"0.05",TRUE,0.000324642780723667,-0.00019729251520071
"bivt",5e-04,10000,"0.1",TRUE,0.000259213389277985,-0.000181891769194632
"bivt",5e-04,10000,"0.01",TRUE,0.000401023607109162,-0.000226413012252566
"bivt",5e-04,10000,"0.05",TRUE,0.000840391648438925,-0.000275498381960737
"bivt",5e-04,10000,"0.1",TRUE,0.000609741762139992,-0.000260419074378803
"bivt",5e-04,10000,"0.01",TRUE,0.00108112546049285,-0.0002944312135131
"bivt",5e-04,10000,"0.05",TRUE,0.000413264170645349,-0.000266453113123717
"bivt",5e-04,10000,"0.1",TRUE,0.000369133963411213,-0.000234816978476554
"bivt",5e-04,10000,"0.01",TRUE,0.000547211573809196,-0.000273307979955212
"bivt",5e-04,10000,"0.05",TRUE,0.000753196474264947,-0.000265861677373646
"bivt",5e-04,10000,"0.1",TRUE,0.000686079974604165,-0.000252231950365329
"bivt",5e-04,10000,"0.01",TRUE,0.000961355938051409,-0.000294394173305622
"bivt",5e-04,10000,"0.05",TRUE,0.000597272877657491,-0.000246785102095379
"bivt",5e-04,10000,"0.1",TRUE,0.000473958299853266,-0.00022742633044165
"bivt",5e-04,10000,"0.01",TRUE,0.000711985867620837,-0.000296593997534437
"bivt",5e-04,10000,"0.05",TRUE,0.000561557057554614,-0.000215707083991066
"bivt",5e-04,10000,"0.1",TRUE,0.00045174816718301,-0.000215430618395013
"bivt",5e-04,10000,"0.01",TRUE,0.000828383671347568,-0.000227120052107
"bivt",5e-04,10000,"0.05",TRUE,0.000417587338573913,-0.000226490940812175
"bivt",5e-04,10000,"0.1",TRUE,0.000356692808897866,-0.000211104864030447
"bivt",5e-04,10000,"0.01",TRUE,0.000548959821014501,-0.000258101559946027
"bivt",5e-04,10000,"0.05",TRUE,0.000366010573821554,-0.000219886760565714
"bivt",5e-04,10000,"0.1",TRUE,0.00032968516880475,-0.000206335337016728
"bivt",5e-04,10000,"0.01",TRUE,0.000508727629751717,-0.000233813626936115
"bivt",5e-04,10000,"0.05",TRUE,0.000393812331868045,-0.000308306614887222
"bivt",5e-04,10000,"0.1",TRUE,0.000317740173841049,-0.000279997018252771
"bivt",5e-04,10000,"0.01",TRUE,0.000514658979223574,-0.000325802059009287
"bivt",5e-04,10000,"0.05",TRUE,0.000869270020317566,-0.000327524823272135
"bivt",5e-04,10000,"0.1",TRUE,0.000722888943772762,-0.000314436584345962
"bivt",5e-04,10000,"0.01",TRUE,0.00109878928511094,-0.00034024838108019
"bivt",5e-04,10000,"0.05",TRUE,0.000756137339566124,-0.000256583970807563
"bivt",5e-04,10000,"0.1",TRUE,0.000593666332262345,-0.000237583140863522
"bivt",5e-04,10000,"0.01",TRUE,0.00116710157745819,-0.000275915844947796
"bivt",5e-04,10000,"0.05",TRUE,0.000519726643861165,-0.00023811860901153
"bivt",5e-04,10000,"0.1",TRUE,0.000467359759045904,-0.000223217900328832
"bivt",5e-04,10000,"0.01",TRUE,0.000729103621026075,-0.00026447843649895
"bivt",5e-04,10000,"0.05",TRUE,0.000593610145802657,-0.000227338758607755
"bivt",5e-04,10000,"0.1",TRUE,0.000483683412889207,-0.000215093372370351
"bivt",5e-04,10000,"0.01",TRUE,0.000971895807370255,-0.00025117835200707
"bivt",5e-04,10000,"0.05",TRUE,0.00067611263816451,-0.000334934572710474
"bivt",5e-04,10000,"0.1",TRUE,0.000616711812178945,-0.000282701107575277
"bivt",5e-04,10000,"0.01",TRUE,0.000853117984143752,-0.00035648005677913
"bivt",5e-04,10000,"0.05",TRUE,0.000429428495755596,-0.000214612513868424
"bivt",5e-04,10000,"0.1",TRUE,0.000374215538608181,-0.000204355240086415
"bivt",5e-04,10000,"0.01",TRUE,0.000545246659485605,-0.000237904703066064
"bivt",5e-04,10000,"0.05",TRUE,0.0005535231656456,-0.000213952052052995
"bivt",5e-04,10000,"0.1",TRUE,0.000448567168562889,-0.000207651520251921
"bivt",5e-04,10000,"0.01",TRUE,0.000849515998998419,-0.000235200613666799
"bivt",5e-04,10000,"0.05",TRUE,0.000519005250741632,-0.000256910472436077
"bivt",5e-04,10000,"0.1",TRUE,0.000451430408364497,-0.00024627406548593
"bivt",5e-04,10000,"0.01",TRUE,0.000686187095300049,-0.000283969070430757
"bivt",5e-04,10000,"0.05",TRUE,0.000590019433260132,-0.000248407148296701
"bivt",5e-04,10000,"0.1",TRUE,0.000450164554033546,-0.000229749069802699
"bivt",5e-04,10000,"0.01",TRUE,0.000759284962547759,-0.00026665407727888
"bivt",5e-04,10000,"0.05",TRUE,0.000354444418388061,-0.000240220438587278
"bivt",5e-04,10000,"0.1",TRUE,0.000274047337576809,-0.000195361991681221
"bivt",5e-04,10000,"0.01",TRUE,0.000470559803170017,-0.000288624775281469
"bivt",5e-04,10000,"0.05",TRUE,0.000831501300346885,-0.000241752556409337
"bivt",5e-04,10000,"0.1",TRUE,0.000538394539717381,-0.000239008952587468
"bivt",5e-04,10000,"0.01",TRUE,0.00113042746629528,-0.000276666327164458
"bivt",5e-04,10000,"0.05",TRUE,0.000583520008212349,-0.000214711996672935
"bivt",5e-04,10000,"0.1",TRUE,0.000583520008212349,-0.000200800460525511
"bivt",5e-04,10000,"0.01",TRUE,0.000744542702403354,-0.000249056492682484
"bivt",5e-04,10000,"0.05",TRUE,0.000323751492648148,-0.000223245607905458
"bivt",5e-04,10000,"0.1",TRUE,0.000286878128191235,-0.000204395286231338
"bivt",5e-04,10000,"0.01",TRUE,0.000423571280377645,-0.000267468042335141
"bivt",5e-04,10000,"0.05",TRUE,0.00057031442791952,-0.000247160588769671
"bivt",5e-04,10000,"0.1",TRUE,0.000514368332389187,-0.000225347178093582
"bivt",5e-04,10000,"0.01",TRUE,0.000669022380338149,-0.000269763036316262
"bivt",5e-04,10000,"0.05",TRUE,0.000377928636895538,-0.000221963200350133
"bivt",5e-04,10000,"0.1",TRUE,0.000336240270244494,-0.000215024306443338
"bivt",5e-04,10000,"0.01",TRUE,0.000654036151593226,-0.000247631836018702
"bivt",5e-04,10000,"0.05",TRUE,0.00080274431126784,-0.000292037729596252
"bivt",5e-04,10000,"0.1",TRUE,0.00078366666355953,-0.000269818510976382
"bivt",5e-04,10000,"0.01",TRUE,0.0017,-0.000305929447053744
"bivt",5e-04,10000,"0.05",TRUE,0.000474273578569123,-0.000238370344069572
"bivt",5e-04,10000,"0.1",TRUE,0.000368104148568822,-0.000231789139584678
"bivt",5e-04,10000,"0.01",TRUE,0.000507837222075149,-0.000250663497950509
"bivt",5e-04,10000,"0.05",TRUE,0.000765465000698825,-0.000253483648914865
"bivt",5e-04,10000,"0.1",TRUE,0.000709597632949359,-0.000239003749189771
"bivt",5e-04,10000,"0.01",TRUE,0.000914074618046544,-0.000267582195692055
"bivt",5e-04,10000,"0.05",TRUE,0.00033688054096789,-0.000268306642382745
"bivt",5e-04,10000,"0.1",TRUE,0.000299301614379321,-0.000255394001853702
"bivt",5e-04,10000,"0.01",TRUE,0.000587512021771827,-0.000299981280164469
"bivt",5e-04,10000,"0.05",TRUE,0.000552864226740997,-0.000244449086848614
"bivt",5e-04,10000,"0.1",TRUE,0.000476979237462674,-0.000225481336804261
"bivt",5e-04,10000,"0.01",TRUE,0.000683082558149441,-0.000276950528388781
"bivt",5e-04,10000,"0.05",TRUE,0.000627292852808258,-0.000250156053224109
"bivt",5e-04,10000,"0.1",TRUE,0.000585502877804495,-0.000238475156286051
"bivt",5e-04,10000,"0.01",TRUE,0.000709340100228786,-0.000291454697985542
"bivt",5e-04,10000,"0.05",TRUE,0.000480450411794453,-0.000274831193812761
"bivt",5e-04,10000,"0.1",TRUE,0.000401665498216882,-0.000252190707214219
"bivt",5e-04,10000,"0.01",TRUE,0.000654379217012582,-0.000281156105190975
"bivt",5e-04,10000,"0.05",TRUE,0.000679313035933646,-0.000245237932628778
"bivt",5e-04,10000,"0.1",TRUE,0.000600630578076719,-0.000238151862927967
"bivt",5e-04,10000,"0.01",TRUE,0.00078227736367718,-0.000273365442709507
"bivt",5e-04,10000,"0.05",TRUE,0.000490164130889043,-0.00023782104594732
"bivt",5e-04,10000,"0.1",TRUE,0.000460909235435751,-0.000221299796356605
"bivt",5e-04,10000,"0.01",TRUE,0.000683916074555956,-0.000257337106314538
"bivt",5e-04,10000,"0.05",TRUE,0.000436211221558904,-0.00026565733548732
"bivt",5e-04,10000,"0.1",TRUE,0.000411711293583395,-0.000249019959514031
"bivt",5e-04,10000,"0.01",TRUE,0.000566530796711132,-0.000288461354183969
"bivt",5e-04,10000,"0.05",TRUE,0.000785983013979138,-0.000293838367667773
"bivt",5e-04,10000,"0.1",TRUE,0.000718003680141293,-0.000274254177510778
"bivt",5e-04,10000,"0.01",TRUE,0.000938427322150593,-0.000320851493144905
"bivt",5e-04,10000,"0.05",TRUE,0.000631304920436084,-0.000240203297639268
"bivt",5e-04,10000,"0.1",TRUE,0.000609123913212636,-0.000224673300568591
"bivt",5e-04,10000,"0.01",TRUE,0.000863112915707981,-0.000264255455933695
"bivt",5e-04,10000,"0.05",TRUE,0.000739056278819797,-0.00027092310720267
"bivt",5e-04,10000,"0.1",TRUE,0.000423493444402663,-0.000240650598367612
"bivt",5e-04,10000,"0.01",TRUE,0.00102678211621392,-0.000301206636473007
"bivt",5e-04,10000,"0.05",TRUE,0.000323580102799233,-0.000195192746749557
"bivt",5e-04,10000,"0.1",TRUE,0.000285156361825585,-0.000174524099595537
"bivt",5e-04,10000,"0.01",TRUE,0.000453289923737806,-0.000211023930127794
"bivt",5e-04,10000,"0.05",TRUE,0.000501243219616618,-0.000226709691691464
"bivt",5e-04,10000,"0.1",TRUE,0.000417042244375597,-0.000208829119314296
"bivt",5e-04,10000,"0.01",TRUE,0.000814539251176107,-0.000255835196628717
"bivt",5e-04,10000,"0.05",TRUE,0.000444879763950847,-0.00021653484426621
"bivt",5e-04,10000,"0.1",TRUE,0.000378004155387531,-0.000205033539252886
"bivt",5e-04,10000,"0.01",TRUE,0.000679186583339757,-0.000239744280653401
"bivt",5e-04,10000,"0.05",TRUE,0.000416489341485704,-0.000225628148750835
"bivt",5e-04,10000,"0.1",TRUE,0.000344335599589424,-0.000210726209101807
"bivt",5e-04,10000,"0.01",TRUE,0.000536913967080867,-0.000266232895086267
"bivt",5e-04,10000,"0.05",TRUE,0.000429474250218822,-0.000266989082912496
"bivt",5e-04,10000,"0.1",TRUE,0.000388567869226076,-0.000254788600520816
"bivt",5e-04,10000,"0.01",TRUE,0.000522676730912343,-0.000288882707240429
"bivt",5e-04,10000,"0.05",TRUE,0.000381278419509947,-0.000233577581358856
"bivt",5e-04,10000,"0.1",TRUE,0.000350285352173711,-0.000222878574684661
"bivt",5e-04,10000,"0.01",TRUE,0.000544102408157104,-0.000261942502957837
"bivt",5e-04,10000,"0.05",TRUE,0.000591687096226589,-0.000257413398417738
"bivt",5e-04,10000,"0.1",TRUE,0.000538826390428875,-0.000241501707070868
"bivt",5e-04,10000,"0.01",TRUE,0.000734221904051245,-0.000285733104582401
"bivt",5e-04,10000,"0.05",TRUE,0.000509583422842143,-0.00024486235858112
"bivt",5e-04,10000,"0.1",TRUE,0.000418181559323922,-0.000233621472311495
"bivt",5e-04,10000,"0.01",TRUE,0.000663615891450932,-0.000282668234983564
"bivt",5e-04,10000,"0.05",TRUE,0.00060285040295624,-0.000257358242408499
"bivt",5e-04,10000,"0.1",TRUE,0.000516083326067864,-0.000246307747062567
"bivt",5e-04,10000,"0.01",TRUE,0.000781275412788963,-0.000296986793786548
"bivt",5e-04,10000,"0.05",TRUE,0.000302456316670679,-0.000220716213215465
"bivt",5e-04,10000,"0.1",TRUE,0.000292270435620964,-0.000199257288640186
"bivt",5e-04,10000,"0.01",TRUE,0.000342757684657573,-0.000236556343072838
"bivt",5e-04,10000,"0.05",TRUE,0.000600273460631119,-0.000297568371167164
"bivt",5e-04,10000,"0.1",TRUE,0.000570685971185263,-0.000281320805292832
"bivt",5e-04,10000,"0.01",TRUE,0.000759406401992571,-0.000309597889112726
"bivt",5e-04,10000,"0.05",TRUE,0.000412348038421583,-0.000217826192251091
"bivt",5e-04,10000,"0.1",TRUE,0.000365978497137257,-0.000208837211546551
"bivt",5e-04,10000,"0.01",TRUE,0.000558155100732826,-0.000229783931072641
"bivt",5e-04,10000,"0.05",TRUE,0.000391712240029708,-0.000217091764485478
"bivt",5e-04,10000,"0.1",TRUE,0.000323979817757685,-0.000197378720569866
"bivt",5e-04,10000,"0.01",TRUE,0.000592872201865131,-0.000238611615023807
"bivt",5e-04,10000,"0.05",TRUE,0.000698207691760311,-0.000263464782999608
"bivt",5e-04,10000,"0.1",TRUE,0.00059854013240327,-0.000253678951264771
"bivt",5e-04,10000,"0.01",TRUE,0.00100685431831524,-0.000295832828845602
"bivt",5e-04,10000,"0.05",TRUE,0.000596280417158236,-0.000254203386790585
"bivt",5e-04,10000,"0.1",TRUE,0.000489448769215266,-0.000242352704326455
"bivt",5e-04,10000,"0.01",TRUE,0.000695834631460663,-0.0002720617774911
"bivt",5e-04,10000,"0.05",TRUE,0.00054667714524984,-0.000275698723440505
"bivt",5e-04,10000,"0.1",TRUE,0.000452208983377586,-0.00026573311026031
"bivt",5e-04,10000,"0.01",TRUE,0.000863544820979861,-0.000305502359653866
"bivt",5e-04,10000,"0.05",TRUE,0.000485759869666266,-0.000249445105198327
"bivt",5e-04,10000,"0.1",TRUE,0.000410973081890284,-0.000244112492248565
"bivt",5e-04,10000,"0.01",TRUE,0.000735229427172766,-0.000268058240711171
"bivt",5e-04,10000,"0.05",TRUE,0.000375999597416615,-0.000242221998978491
"bivt",5e-04,10000,"0.1",TRUE,0.000308662469649215,-0.000209688849649864
"bivt",5e-04,10000,"0.01",TRUE,0.000563476581023021,-0.00026038198294518
"bivt",5e-04,10000,"0.05",TRUE,0.000603961736553041,-0.000286004178101619
"bivt",5e-04,10000,"0.1",TRUE,0.000553798676262877,-0.000271097148790567
"bivt",5e-04,10000,"0.01",TRUE,0.000747743055927327,-0.0003080663300642
"bivt",5e-04,10000,"0.05",TRUE,0.000513026039551211,-0.000255098174143279
"bivt",5e-04,10000,"0.1",TRUE,0.000459144863669623,-0.000251111462806147
"bivt",5e-04,10000,"0.01",TRUE,0.00066718787974188,-0.000265993246176341
"bivt",5e-04,10000,"0.05",TRUE,0.000790328518147815,-0.000260581542757236
"bivt",5e-04,10000,"0.1",TRUE,0.000589719893985166,-0.000255348873277328
"bivt",5e-04,10000,"0.01",TRUE,0.00104796819692146,-0.000285363301689122
"bivt",5e-04,10000,"0.05",TRUE,0.000661141135945827,-0.000252033440511275
"bivt",5e-04,10000,"0.1",TRUE,0.000487978648590107,-0.000235955795226362
"bivt",5e-04,10000,"0.01",TRUE,0.000864754071867868,-0.000268557480267512
"bivt",5e-04,10000,"0.05",TRUE,0.000615387187767116,-0.000254959743727327
"bivt",5e-04,10000,"0.1",TRUE,0.000463532342079578,-0.000235761328474619
"bivt",5e-04,10000,"0.01",TRUE,0.000788218385063657,-0.000286035033096691
"bivt",5e-04,10000,"0.05",FALSE,0.000487560417956391,-0.000300248592310771
"bivt",5e-04,10000,"0.1",FALSE,0.000433064955467583,-0.000293859183101816
"bivt",5e-04,10000,"0.01",TRUE,0.000661703898158429,-0.000311273789298416
"bivt",5e-04,10000,"0.05",TRUE,0.00045549326662335,-0.000220938919982124
"bivt",5e-04,10000,"0.1",TRUE,0.000339557451982818,-0.000206328356614889
"bivt",5e-04,10000,"0.01",TRUE,0.000594994033477254,-0.000241844375489792
"bivt",5e-04,10000,"0.05",TRUE,0.000923817338200858,-0.000227642537421983
"bivt",5e-04,10000,"0.1",TRUE,0.00068797986868522,-0.000212498955184898
"bivt",5e-04,10000,"0.01",TRUE,0.00109926950890689,-0.000267459261038801
"bivt",5e-04,10000,"0.05",FALSE,0.000695991067531747,-0.000308142616139271
"bivt",5e-04,10000,"0.1",FALSE,0.000480362160537421,-0.000282141522772435
"bivt",5e-04,10000,"0.01",TRUE,0.000846686684495316,-0.000335593112307392
"bivt",5e-04,10000,"0.05",TRUE,0.000526600531617243,-0.000287649106689614
"bivt",5e-04,10000,"0.1",TRUE,0.000473601167262834,-0.000269866112412229
"bivt",5e-04,10000,"0.01",TRUE,0.000662419603234322,-0.000319154811238908
"bivt",5e-04,10000,"0.05",TRUE,0.000559655259779845,-0.000244839729402108
"bivt",5e-04,10000,"0.1",TRUE,0.000421440151139027,-0.000221131787186637
"bivt",5e-04,10000,"0.01",TRUE,0.000679913409112367,-0.00029655973147281
"bivt",5e-04,10000,"0.05",TRUE,0.00038527169354623,-0.000223878823879745
"bivt",5e-04,10000,"0.1",TRUE,0.000318295614875249,-0.000217815103312379
"bivt",5e-04,10000,"0.01",TRUE,0.000622112875718265,-0.000242093456044385
"bivt",5e-04,10000,"0.05",TRUE,0.000482953821868461,-0.000294551524314698
"bivt",5e-04,10000,"0.1",TRUE,0.000425335828933649,-0.000280494552828775
"bivt",5e-04,10000,"0.01",TRUE,0.000524117161836843,-0.000308327307707059
"bivt",5e-04,10000,"0.05",TRUE,0.000532952152159223,-0.000233435595886055
"bivt",5e-04,10000,"0.1",TRUE,0.000467494914921862,-0.000224492554477091
"bivt",5e-04,10000,"0.01",TRUE,0.000588544285490494,-0.000252940948160934
"bivt",5e-04,10000,"0.05",TRUE,0.000531602476553854,-0.000241656313514706
"bivt",5e-04,10000,"0.1",TRUE,0.000403198681429734,-0.000227578522700682
"bivt",5e-04,10000,"0.01",TRUE,0.000645437668004653,-0.000266968629617633
"bivt",5e-04,10000,"0.05",TRUE,0.000367495886301916,-0.000204056702072015
"bivt",5e-04,10000,"0.1",TRUE,0.000345863011975176,-0.000198118565335171
"bivt",5e-04,10000,"0.01",TRUE,0.000530492673170435,-0.000220076770278007
"bivt",5e-04,10000,"0.05",TRUE,0.000620207850153885,-0.000269700719479327
"bivt",5e-04,10000,"0.1",TRUE,0.00056597662510401,-0.000250418083780382
"bivt",5e-04,10000,"0.01",TRUE,0.00068950637293196,-0.000290647295276764
"bivt",5e-04,10000,"0.05",TRUE,0.000708224634841188,-0.000244856184475247
"bivt",5e-04,10000,"0.1",TRUE,0.000517529754240533,-0.000229544388194052
"bivt",5e-04,10000,"0.01",TRUE,0.000877357001873895,-0.000263491027503291
"bivt",5e-04,10000,"0.05",FALSE,0.00053005314302408,-0.000292576339787098
"bivt",5e-04,10000,"0.1",FALSE,0.00046394954394844,-0.000282889152502253
"bivt",5e-04,10000,"0.01",TRUE,0.000958869000435317,-0.000320304092363822
"bivt",5e-04,10000,"0.05",TRUE,0.00044583659948041,-0.000227741455549306
"bivt",5e-04,10000,"0.1",TRUE,0.000340773084706432,-0.000219640439275348
"bivt",5e-04,10000,"0.01",TRUE,0.000614511442408147,-0.000240974620366368
"bivt",5e-04,10000,"0.05",TRUE,0.000429525621369165,-0.000215102875883188
"bivt",5e-04,10000,"0.1",TRUE,0.000364612314355963,-0.000200617558723745
"bivt",5e-04,10000,"0.01",TRUE,0.000676514164851331,-0.00023837447551818
"bivt",5e-04,10000,"0.05",TRUE,0.000437292620274843,-0.000269015540654575
"bivt",5e-04,10000,"0.1",TRUE,0.000362959755337048,-0.000259697911954502
"bivt",5e-04,10000,"0.01",TRUE,0.000672000747694585,-0.000299365812254909
"bivt",5e-04,10000,"0.05",TRUE,0.000382674521110402,-0.00024606124615299
"bivt",5e-04,10000,"0.1",TRUE,0.000358363453084742,-0.000224840632678621
"bivt",5e-04,10000,"0.01",TRUE,0.000480507618345114,-0.000271121666565414
"bivt",5e-04,10000,"0.05",TRUE,0.000528678240112689,-0.000261139697609814
"bivt",5e-04,10000,"0.1",TRUE,0.000470400035653323,-0.000243503783918698
"bivt",5e-04,10000,"0.01",TRUE,0.000895339768696019,-0.000280593744161953
"bivt",5e-04,10000,"0.05",TRUE,0.00065038646481044,-0.000217769531681504
"bivt",5e-04,10000,"0.1",TRUE,0.000550477069399764,-0.0002012816620139
"bivt",5e-04,10000,"0.01",TRUE,0.000812522864695358,-0.000237048644238974
"bivt",5e-04,10000,"0.05",TRUE,0.000722508760206775,-0.000223855282395875
"bivt",5e-04,10000,"0.1",TRUE,0.000569443146877771,-0.000214768664678308
"bivt",5e-04,10000,"0.01",TRUE,0.000926105465524218,-0.000246115674935651
"bivt",5e-04,10000,"0.05",TRUE,0.000599804743067068,-0.000219526796377491
"bivt",5e-04,10000,"0.1",TRUE,0.000492046063378525,-0.000193944973536148
"bivt",5e-04,10000,"0.01",TRUE,0.000835475116278435,-0.000247645333901204
"bivt",5e-04,10000,"0.05",TRUE,0.000627585982518118,-0.00022547863113731
"bivt",5e-04,10000,"0.1",TRUE,0.000422353090188668,-0.000219051174014429
"bivt",5e-04,10000,"0.01",TRUE,0.000833484555630987,-0.000247629040032277
"bivt",5e-04,10000,"0.05",TRUE,0.00105081659296164,-0.000269500478634001
"bivt",5e-04,10000,"0.1",TRUE,0.00069209810365092,-0.000263534129733232
"bivt",5e-04,10000,"0.01",TRUE,0.0017,-0.000281426563265791
"bivt",5e-04,10000,"0.05",TRUE,0.000667112083881974,-0.000249079932786905
"bivt",5e-04,10000,"0.1",TRUE,0.00051898096063624,-0.000241006069834619
"bivt",5e-04,10000,"0.01",TRUE,0.000940581142625863,-0.000282282084803378
"bivt",5e-04,10000,"0.05",TRUE,0.000437934163899267,-0.000223465876175377
"bivt",5e-04,10000,"0.1",TRUE,0.000337641897996645,-0.000214990290093146
"bivt",5e-04,10000,"0.01",TRUE,0.000653632780466531,-0.000245199133217217
"bivt",5e-04,10000,"0.05",TRUE,0.000587562723939685,-0.000277209025549963
"bivt",5e-04,10000,"0.1",TRUE,0.000552803688013623,-0.000266926878930016
"bivt",5e-04,10000,"0.01",TRUE,0.000864463440380409,-0.000302215294288687
"bivt",5e-04,10000,"0.05",TRUE,0.000696352754846128,-0.000270740702430536
"bivt",5e-04,10000,"0.1",TRUE,0.000562604699583317,-0.0002370671733663
"bivt",5e-04,10000,"0.01",TRUE,0.000924481734034053,-0.000309143131285374
"bivt",5e-04,10000,"0.05",TRUE,0.000772410423113595,-0.000253274866335799
"bivt",5e-04,10000,"0.1",TRUE,0.000499080719548506,-0.000240095150201604
"bivt",5e-04,10000,"0.01",TRUE,0.000891422186855801,-0.000291093466691319
"bivt",5e-04,10000,"0.05",TRUE,0.000651367418862817,-0.000284380827749897
"bivt",5e-04,10000,"0.1",TRUE,0.000564079026192237,-0.000268598653749596
"bivt",5e-04,10000,"0.01",TRUE,0.00080425858396118,-0.000313953247586319
"bivt",5e-04,10000,"0.05",TRUE,0.000550520905721395,-0.000258053568218398
"bivt",5e-04,10000,"0.1",TRUE,0.00050992794194042,-0.000231471404174018
"bivt",5e-04,10000,"0.01",TRUE,0.000824150635443525,-0.000277355344721119
"bivt",5e-04,10000,"0.05",TRUE,0.000572365987501873,-0.000259740979679014
"bivt",5e-04,10000,"0.1",TRUE,0.000529611029528656,-0.000243815748775454
"bivt",5e-04,10000,"0.01",TRUE,0.00106100804534369,-0.000278862844027698
"bivt",5e-04,10000,"0.05",TRUE,0.000533748449015519,-0.000251269114294494
"bivt",5e-04,10000,"0.1",TRUE,0.000402497029540957,-0.000241261654414954
"bivt",5e-04,10000,"0.01",TRUE,0.000679396822781279,-0.000312929932708763
"bivt",5e-04,10000,"0.05",TRUE,0.00061462847372312,-0.000249215990548132
"bivt",5e-04,10000,"0.1",TRUE,0.000510595420276761,-0.000235408060363806
"bivt",5e-04,10000,"0.01",TRUE,0.000660063202806637,-0.000271386494244515
"bivt",5e-04,10000,"0.05",TRUE,0.000454386510364348,-0.000225001258253367
"bivt",5e-04,10000,"0.1",TRUE,0.000396638626409667,-0.000208809810796173
"bivt",5e-04,10000,"0.01",TRUE,0.000658588438497333,-0.000265210009909019
"bivt",5e-04,10000,"0.05",TRUE,0.000330601045408792,-0.000202559365591937
"bivt",5e-04,10000,"0.1",TRUE,0.000264356342740022,-0.000197342915759852
"bivt",5e-04,10000,"0.01",TRUE,0.000420801234065964,-0.000229254730326869
"bivt",5e-04,10000,"0.05",TRUE,0.000623029811253625,-0.000254930826020539
"bivt",5e-04,10000,"0.1",TRUE,0.000466142866621138,-0.000237623114934749
"bivt",5e-04,10000,"0.01",TRUE,0.000686115811773262,-0.000279113663645013
"bivt",5e-04,10000,"0.05",TRUE,0.000656609167103679,-0.000302713795990097
"bivt",5e-04,10000,"0.1",TRUE,0.000574431572889615,-0.000271381992909082
"bivt",5e-04,10000,"0.01",TRUE,0.000787788298736569,-0.000318892774167844
"bivt",5e-04,10000,"0.05",TRUE,0.000517719153459603,-0.000220044967089731
"bivt",5e-04,10000,"0.1",TRUE,0.000456485954251079,-0.00021159887368095
"bivt",5e-04,10000,"0.01",TRUE,0.000626880869559226,-0.000255071079489782
"bivt",5e-04,10000,"0.05",TRUE,0.000512585905451668,-0.000211329923008096
"bivt",5e-04,10000,"0.1",TRUE,0.000474999083754578,-0.000199335841508507
"bivt",5e-04,10000,"0.01",TRUE,0.0010079127013586,-0.000231530270245304
"bivt",5e-04,10000,"0.05",TRUE,0.000641345541321986,-0.000250228325547945
"bivt",5e-04,10000,"0.1",TRUE,0.000537322072643771,-0.000241159538082638
"bivt",5e-04,10000,"0.01",TRUE,0.000856838668856815,-0.000281008044077761
"bivt",5e-04,10000,"0.05",TRUE,0.00051070938116077,-0.000251170700532734
"bivt",5e-04,10000,"0.1",TRUE,0.000421821331861376,-0.000243131967818589
"bivt",5e-04,10000,"0.01",TRUE,0.000858689911926923,-0.000271548180075284
"bivt",5e-04,10000,"0.05",TRUE,0.000739937187397522,-0.000292627017773783
"bivt",5e-04,10000,"0.1",TRUE,0.000736919932941302,-0.000275280419787582
"bivt",5e-04,10000,"0.01",TRUE,0.000944026306953231,-0.000315914555718963
"bivt",5e-04,10000,"0.05",TRUE,0.000397839951843648,-0.000241238252033798
"bivt",5e-04,10000,"0.1",TRUE,0.000383677388892418,-0.000231273075793671
"bivt",5e-04,10000,"0.01",TRUE,0.000546404329330558,-0.000264423361100709
"bivt",5e-04,10000,"0.05",TRUE,0.000700216675076175,-0.000235760554593915
"bivt",5e-04,10000,"0.1",TRUE,0.000518092397563579,-0.000221646984408087
"bivt",5e-04,10000,"0.01",TRUE,0.000831302274059605,-0.000263511204794964
"bivt",5e-04,10000,"0.05",TRUE,0.00055519919350307,-0.000255425770908489
"bivt",5e-04,10000,"0.1",TRUE,0.000456800092951778,-0.000243324994585391
"bivt",5e-04,10000,"0.01",TRUE,0.000631575635488752,-0.000280006580998656
"bivt",5e-04,10000,"0.05",TRUE,0.000443652529054237,-0.000243148045092072
"bivt",5e-04,10000,"0.1",TRUE,0.000376607622869942,-0.000221752670856881
"bivt",5e-04,10000,"0.01",TRUE,0.000592230573327408,-0.000281389397842692
"bivt",5e-04,10000,"0.05",TRUE,0.000580396091901918,-0.000220579693172897
"bivt",5e-04,10000,"0.1",FALSE,0.000492107085118284,-0.000205959556827264
"bivt",5e-04,10000,"0.01",TRUE,0.000761323527550465,-0.000247350642672857
"bivt",5e-04,10000,"0.05",TRUE,0.000595577160180573,-0.000297192318777204
"bivt",5e-04,10000,"0.1",TRUE,0.000588415095467246,-0.000269435641573454
"bivt",5e-04,10000,"0.01",TRUE,0.000679672470717477,-0.000335837911390597
"bivt",5e-04,10000,"0.05",TRUE,0.000638979673711607,-0.000260357444323603
"bivt",5e-04,10000,"0.1",TRUE,0.00054470154579997,-0.000250066621201429
"bivt",5e-04,10000,"0.01",TRUE,0.000934044710592595,-0.000290854343763636
"bivt",5e-04,10000,"0.05",TRUE,0.000510617248356935,-0.000256597734272302
"bivt",5e-04,10000,"0.1",TRUE,0.000430754634380359,-0.000235599701776266
"bivt",5e-04,10000,"0.01",TRUE,0.000572904797674839,-0.000281740894404767
"bivt",5e-04,10000,"0.05",TRUE,0.000609021664420051,-0.000295515207004479
"bivt",5e-04,10000,"0.1",TRUE,0.000548326528863099,-0.000283078371129619
"bivt",5e-04,10000,"0.01",TRUE,0.000769269369521849,-0.00032741349552486
"bivt",5e-04,10000,"0.05",TRUE,0.000496057808460618,-0.000242100131395147
"bivt",5e-04,10000,"0.1",TRUE,0.000438299374450635,-0.000228620514978618
"bivt",5e-04,10000,"0.01",TRUE,0.00102757949279948,-0.000262402171180023
"bivt",5e-04,10000,"0.05",TRUE,0.000440008420204333,-0.000285861066673737
"bivt",5e-04,10000,"0.1",TRUE,0.000396424929521572,-0.000276086528973198
"bivt",5e-04,10000,"0.01",TRUE,0.000574324912027431,-0.000293989569832936
"bivt",5e-04,10000,"0.05",TRUE,0.000518424884262131,-0.000243902836787668
"bivt",5e-04,10000,"0.1",TRUE,0.000431730884383001,-0.000224899248330983
"bivt",5e-04,10000,"0.01",TRUE,0.000732994948955555,-0.000275101395158955
"bivt",5e-04,10000,"0.05",TRUE,0.000679935271643693,-0.000219162271968562
"bivt",5e-04,10000,"0.1",TRUE,0.000550302234763221,-0.000205931515305309
"bivt",5e-04,10000,"0.01",TRUE,0.000853216421419912,-0.000251378546643503
"bivt",5e-04,10000,"0.05",TRUE,0.000507238671462911,-0.000269285603829653
"bivt",5e-04,10000,"0.1",TRUE,0.000471771986794316,-0.000248024862434045
"bivt",5e-04,10000,"0.01",TRUE,0.000646297270828576,-0.000294311707402636
"bivt",5e-04,10000,"0.05",TRUE,0.000648949988921903,-0.000237947124351846
"bivt",5e-04,10000,"0.1",TRUE,0.000572460367719972,-0.000231103667811755
"bivt",5e-04,10000,"0.01",TRUE,0.000792266769589118,-0.000256829946783274
"bivt",5e-04,10000,"0.05",TRUE,0.000580454945380683,-0.000236063101254454
"bivt",5e-04,10000,"0.1",TRUE,0.000506930593681176,-0.000232654292333928
"bivt",5e-04,10000,"0.01",TRUE,0.000743983474047084,-0.00027088751002042
"bivt",5e-04,10000,"0.05",TRUE,0.000709197053974802,-0.000246026905953213
"bivt",5e-04,10000,"0.1",TRUE,0.000603415173727874,-0.000235569459903759
"bivt",5e-04,10000,"0.01",TRUE,0.000927035923294165,-0.000274279366076183
"bivt",5e-04,10000,"0.05",TRUE,0.000347038547541195,-0.000228784150674071
"bivt",5e-04,10000,"0.1",TRUE,0.000314884074971742,-0.000215255909477252
"bivt",5e-04,10000,"0.01",TRUE,0.000488786704855809,-0.000252141251955412
"bivt",5e-04,10000,"0.05",TRUE,0.000733039237935082,-0.000245336353287516
"bivt",5e-04,10000,"0.1",TRUE,0.000568303912612198,-0.000237709847652365
"bivt",5e-04,10000,"0.01",TRUE,0.000920932469888704,-0.000263564685798249
"bivt",5e-04,10000,"0.05",TRUE,0.000374803221857872,-0.00019710546462385
"bivt",5e-04,10000,"0.1",TRUE,0.000316121924611758,-0.00018950282814118
"bivt",5e-04,10000,"0.01",TRUE,0.000449312700268365,-0.000234260826520105
"bivt",5e-04,10000,"0.05",TRUE,0.000592655182356745,-0.000263000255199375
"bivt",5e-04,10000,"0.1",TRUE,0.000494375165778507,-0.000250773151524226
"bivt",5e-04,10000,"0.01",TRUE,0.000862694244252871,-0.00027984226818962
"bivt",5e-04,10000,"0.05",TRUE,0.000614202762867313,-0.000254540017552052
"bivt",5e-04,10000,"0.1",TRUE,0.000578887927435844,-0.000238317274737668
"bivt",5e-04,10000,"0.01",TRUE,0.00065983111241201,-0.000269965346060639
"bivt",5e-04,10000,"0.05",TRUE,0.000408583226426934,-0.000255851361577666
"bivt",5e-04,10000,"0.1",TRUE,0.00037296368913203,-0.000243783263048086
"bivt",5e-04,10000,"0.01",TRUE,0.000730290155570886,-0.00027789672410188
"bivt",5e-04,10000,"0.05",TRUE,0.000743440570606676,-0.000246329794905237
"bivt",5e-04,10000,"0.1",TRUE,0.00057473402290364,-0.00023696841533301
"bivt",5e-04,10000,"0.01",TRUE,0.000981768143141748,-0.000298181120312696
"bivt",5e-04,10000,"0.05",TRUE,0.000388828848693179,-0.000216646362856915
"bivt",5e-04,10000,"0.1",TRUE,0.000370930618115081,-0.000199007426029612
"bivt",5e-04,10000,"0.01",TRUE,0.000477863207015326,-0.000264241011882488
"bivt",5e-04,10000,"0.05",TRUE,0.000438216243586532,-0.000275704928252757
"bivt",5e-04,10000,"0.1",TRUE,0.000397558543677952,-0.000257113226876157
"bivt",5e-04,10000,"0.01",TRUE,0.000605842992867232,-0.000295016414097929
"bivt",5e-04,10000,"0.05",TRUE,0.000552955381575649,-0.000235111612235311
"bivt",5e-04,10000,"0.1",TRUE,0.000471302316702869,-0.000231130302896862
"bivt",5e-04,10000,"0.01",TRUE,0.00100730400706714,-0.000258032316746588
"bivt",5e-04,10000,"0.05",TRUE,0.000576747938003392,-0.000221783649818932
"bivt",5e-04,10000,"0.1",TRUE,0.000563666195634796,-0.000213227706197812
"bivt",5e-04,10000,"0.01",TRUE,0.000827229014807898,-0.000253481516521754
"bivt",5e-04,10000,"0.05",TRUE,0.000296446633413709,-0.000201391485491356
"bivt",5e-04,10000,"0.1",TRUE,0.000263781261892177,-0.000191062146736706
"bivt",5e-04,10000,"0.01",TRUE,0.000388158102812686,-0.000226280235701161
"bivt",5e-04,10000,"0.05",TRUE,0.000366258740579894,-0.000213114058071255
"bivt",5e-04,10000,"0.1",TRUE,0.000321184131368673,-0.000196298259889553
"bivt",5e-04,10000,"0.01",TRUE,0.000422839984012171,-0.000232310565890143
"bivt",5e-04,10000,"0.05",TRUE,0.000574113651015712,-0.00022725238996544
"bivt",5e-04,10000,"0.1",TRUE,0.000498266296402418,-0.00021475993898058
"bivt",5e-04,10000,"0.01",TRUE,0.000768637066552691,-0.000265882254320527
"bivt",5e-04,10000,"0.05",TRUE,0.000408328728191913,-0.000240358287715534
"bivt",5e-04,10000,"0.1",TRUE,0.000300296485613303,-0.000224817528272645
"bivt",5e-04,10000,"0.01",TRUE,0.000542891436961311,-0.000275528538807566
"bivt",5e-04,10000,"0.05",TRUE,0.00066169133281259,-0.000227195574497635
"bivt",5e-04,10000,"0.1",TRUE,0.00055214234231275,-0.000211036162896367
"bivt",5e-04,10000,"0.01",TRUE,0.000835709081246149,-0.000245239315648974
"bivt",5e-04,10000,"0.05",TRUE,0.000479850931408558,-0.000231147854319953
"bivt",5e-04,10000,"0.1",TRUE,0.000424040788780533,-0.000224511899022859
"bivt",5e-04,10000,"0.01",TRUE,0.00065307371487173,-0.000255665283992429
"bivt",5e-04,10000,"0.05",TRUE,0.00033400673935949,-0.00024073502509633
"bivt",5e-04,10000,"0.1",TRUE,0.000302216665799578,-0.000229213462576723
"bivt",5e-04,10000,"0.01",TRUE,0.000441417951869364,-0.000260649618805807
"bivt",5e-04,10000,"0.05",TRUE,0.000368108003232805,-0.000233773864938708
"bivt",5e-04,10000,"0.1",TRUE,0.000313169605334564,-0.00022722723976795
"bivt",5e-04,10000,"0.01",TRUE,0.000581598911617959,-0.000248762750160195
"bivt",5e-04,10000,"0.05",TRUE,0.000482712707329902,-0.000239692022235974
"bivt",5e-04,10000,"0.1",TRUE,0.000420519591134788,-0.000218187767597358
"bivt",5e-04,10000,"0.01",TRUE,0.000616644003542307,-0.000251131670963387
"bivt",5e-04,10000,"0.05",TRUE,0.000473796188932127,-0.000235923583374704
"bivt",5e-04,10000,"0.1",TRUE,0.000387513896611232,-0.000209074112307596
"bivt",5e-04,10000,"0.01",TRUE,0.000624015452955394,-0.0002659644739197
"bivt",5e-04,10000,"0.05",TRUE,0.000970013670081457,-0.00024334757100234
"bivt",5e-04,10000,"0.1",TRUE,0.000685545718180588,-0.000232771873086157
"bivt",5e-04,10000,"0.01",TRUE,0.00114483763026434,-0.00026359202252816
"bivt",5e-04,10000,"0.05",TRUE,0.00054550439731566,-0.000257706367158649
"bivt",5e-04,10000,"0.1",TRUE,0.000501168215155434,-0.000247118814282995
"bivt",5e-04,10000,"0.01",TRUE,0.000866517214833482,-0.000289619998964638
"bivt",5e-04,10000,"0.05",TRUE,0.000526709681917958,-0.000230811865126976
"bivt",5e-04,10000,"0.1",TRUE,0.000433089396736719,-0.000211560250818841
"bivt",5e-04,10000,"0.01",TRUE,0.000742901166640861,-0.00024790568017049
"bivt",5e-04,10000,"0.05",TRUE,0.000788988092056005,-0.000242285974890041
"bivt",5e-04,10000,"0.1",TRUE,0.000710341099461282,-0.000232712880627641
"bivt",5e-04,10000,"0.01",TRUE,0.000873323787337657,-0.000258289646841607
"bivt",5e-04,10000,"0.05",TRUE,0.00047428524370746,-0.000239269700904866
"bivt",5e-04,10000,"0.1",TRUE,0.000362517362280831,-0.000233580422670771
"bivt",5e-04,10000,"0.01",TRUE,0.000540612594892731,-0.00025644927126228
"bivt",5e-04,10000,"0.05",TRUE,0.000396217338948114,-0.000251718940596112
"bivt",5e-04,10000,"0.1",TRUE,0.000338058443646549,-0.000233033332978061
"bivt",5e-04,10000,"0.01",TRUE,0.000538406976384284,-0.00027592249804424
"bivt",5e-04,10000,"0.05",TRUE,0.000380390240239882,-0.000253762752007853
"bivt",5e-04,10000,"0.1",TRUE,0.000329201975296829,-0.000231950269927598
"bivt",5e-04,10000,"0.01",TRUE,0.000547635832547225,-0.000265097072211955
"bivt",5e-04,10000,"0.05",TRUE,0.000497239109142333,-0.000240934439030815
"bivt",5e-04,10000,"0.1",FALSE,0.000416697040248228,-0.000228297928777788
"bivt",5e-04,10000,"0.01",TRUE,0.000693525872920839,-0.000255893284823201
"bivt",5e-04,10000,"0.05",TRUE,0.000575464889471098,-0.000239511504940253
"bivt",5e-04,10000,"0.1",TRUE,0.000526518180984245,-0.000234235542847936
"bivt",5e-04,10000,"0.01",TRUE,0.000747104451807407,-0.000258637009618927
"bivt",5e-04,10000,"0.05",TRUE,0.000468813011205139,-0.000198490547186291
"bivt",5e-04,10000,"0.1",TRUE,0.000455904439752614,-0.000185919473071677
"bivt",5e-04,10000,"0.01",TRUE,0.000679128135436372,-0.000214991148070123
"bivt",5e-04,10000,"0.05",TRUE,0.000750997290837595,-0.000266120411135221
"bivt",5e-04,10000,"0.1",TRUE,0.000700492782230646,-0.00024720975747167
"bivt",5e-04,10000,"0.01",TRUE,0.000967302406622229,-0.000289954495226762
"bivt",5e-04,10000,"0.05",TRUE,0.000722266562466922,-0.000281658739769917
"bivt",5e-04,10000,"0.1",TRUE,0.000661816606682387,-0.000269839992098736
"bivt",5e-04,10000,"0.01",TRUE,0.00096914734816238,-0.000310927519769524
"bivt",5e-04,10000,"0.05",TRUE,0.000649476522219263,-0.000264104452872131
"bivt",5e-04,10000,"0.1",TRUE,0.000553233635679562,-0.000252305959650539
"bivt",5e-04,10000,"0.01",TRUE,0.000881180113600336,-0.000304866018924662
"bivt",5e-04,10000,"0.05",TRUE,0.000519292043867156,-0.000242819865729672
"bivt",5e-04,10000,"0.1",TRUE,0.000398279636425159,-0.000239664810638001
"bivt",5e-04,10000,"0.01",TRUE,0.00069100694986101,-0.000263155769322147
"bivt",5e-04,10000,"0.05",TRUE,0.00068896570189522,-0.000236242169642177
"bivt",5e-04,10000,"0.1",TRUE,0.000532175664116628,-0.000216935314660449
"bivt",5e-04,10000,"0.01",TRUE,0.00107823154377288,-0.000250478436580971
"bivt",5e-04,10000,"0.05",TRUE,0.000438380207371755,-0.000203971873241015
"bivt",5e-04,10000,"0.1",TRUE,0.000390857776828787,-0.000196177541402842
"bivt",5e-04,10000,"0.01",TRUE,0.000695899162614642,-0.000221224651761688
"bivt",5e-04,10000,"0.05",TRUE,0.000347140907501193,-0.000202287619916942
"bivt",5e-04,10000,"0.1",TRUE,0.000318152922590027,-0.000190515112304485
"bivt",5e-04,10000,"0.01",TRUE,0.000438853818992083,-0.000219286535030978
"bivt",5e-04,10000,"0.05",TRUE,0.000664423810812983,-0.00023662740670851
"bivt",5e-04,10000,"0.1",TRUE,0.000603681961864896,-0.000217551612584769
"bivt",5e-04,10000,"0.01",TRUE,0.000804870876863124,-0.00025513295766142
"bivt",5e-04,10000,"0.05",TRUE,0.000462408469026095,-0.000257688744827677
"bivt",5e-04,10000,"0.1",TRUE,0.000417970341839852,-0.000245351970054699
"bivt",5e-04,10000,"0.01",TRUE,0.000608519761266023,-0.000282155653465735
"bivt",5e-04,10000,"0.05",TRUE,0.000583047283416841,-0.000241282908240545
"bivt",5e-04,10000,"0.1",TRUE,0.000475012455557624,-0.000225464410791737
"bivt",5e-04,10000,"0.01",TRUE,0.000718128970146405,-0.000272014029767214
"bivt",5e-04,10000,"0.05",TRUE,0.00080430612803888,-0.000273795829306242
"bivt",5e-04,10000,"0.1",TRUE,0.000678154170524836,-0.000253871967486954
"bivt",5e-04,10000,"0.01",TRUE,0.00103303843122118,-0.000289585423074885
"bivt",5e-04,10000,"0.05",TRUE,0.000558358975745011,-0.00027668237500651
"bivt",5e-04,10000,"0.1",TRUE,0.000497197645528765,-0.000260390612566491
"bivt",5e-04,10000,"0.01",TRUE,0.000698360963803341,-0.000290211477714597
"bivt",5e-04,10000,"0.05",TRUE,0.000617127917842377,-0.00024384853885929
"bivt",5e-04,10000,"0.1",TRUE,0.000537962630111667,-0.00022636343931536
"bivt",5e-04,10000,"0.01",TRUE,0.000917386316617867,-0.000271672967400233
"bivt",5e-04,10000,"0.05",TRUE,0.000571737667537437,-0.000264801770186618
"bivt",5e-04,10000,"0.1",TRUE,0.000497077057319132,-0.000256315895504274
"bivt",5e-04,10000,"0.01",TRUE,0.000650339543776514,-0.000290715869935806
"bivt",5e-04,10000,"0.05",TRUE,0.000346051935009895,-0.000222594291985864
"bivt",5e-04,10000,"0.1",TRUE,0.000284234424795053,-0.000208675548653568
"bivt",5e-04,10000,"0.01",TRUE,0.000483626783923398,-0.000240523319806716
"bivt",5e-04,10000,"0.05",TRUE,0.000683644869644855,-0.000289619065744871
"bivt",5e-04,10000,"0.1",TRUE,0.000596657410709899,-0.000282361090101126
"bivt",5e-04,10000,"0.01",TRUE,0.000837126655793162,-0.000309333921441275
"bivt",5e-04,10000,"0.05",TRUE,0.000618893100622049,-0.000257325557382129
"bivt",5e-04,10000,"0.1",TRUE,0.000514366407901738,-0.0002432417081778
"bivt",5e-04,10000,"0.01",TRUE,0.000704422051829744,-0.00027966699258725
"bivt",5e-04,10000,"0.05",TRUE,0.00048783622944423,-0.000221886079658366
"bivt",5e-04,10000,"0.1",TRUE,0.000393599791077939,-0.000202586314004357
"bivt",5e-04,10000,"0.01",TRUE,0.000592594622146423,-0.000248623167620235
"bivt",5e-04,10000,"0.05",TRUE,0.000548592808641919,-0.000230676594724555
"bivt",5e-04,10000,"0.1",TRUE,0.000402175708642515,-0.000216164324326193
"bivt",5e-04,10000,"0.01",TRUE,0.000675156015461915,-0.000260949012605379
"bivt",5e-04,10000,"0.05",TRUE,0.000531671168574876,-0.000281770884420994
"bivt",5e-04,10000,"0.1",TRUE,0.000465010920731231,-0.000274846155778097
"bivt",5e-04,10000,"0.01",TRUE,0.000698581463960963,-0.000296622488268344
"bivt",5e-04,10000,"0.05",TRUE,0.000783870887876876,-0.000247327773759609
"bivt",5e-04,10000,"0.1",TRUE,0.000657386450138123,-0.000232862715302418
"bivt",5e-04,10000,"0.01",TRUE,0.00112292109975815,-0.000263608600600937
"bivt",5e-04,10000,"0.05",TRUE,0.000385610693745181,-0.000247197198076403
"bivt",5e-04,10000,"0.1",TRUE,0.000353499331084184,-0.000244089026974676
"bivt",5e-04,10000,"0.01",TRUE,0.000506255327324938,-0.000276553606717977
"bivt",5e-04,10000,"0.05",TRUE,0.00060011101585278,-0.0002548213617037
"bivt",5e-04,10000,"0.1",TRUE,0.000448224164535058,-0.000228509011034301
"bivt",5e-04,10000,"0.01",TRUE,0.000689161885314549,-0.000271417711968927
"bivt",5e-04,10000,"0.05",TRUE,0.000409248971931681,-0.000254285536071611
"bivt",5e-04,10000,"0.1",TRUE,0.000377517036765733,-0.000242548119416998
"bivt",5e-04,10000,"0.01",TRUE,0.00054139492165403,-0.00030230555899277
"bivt",5e-04,10000,"0.05",TRUE,0.000371893890611472,-0.000196318696120359
"bivt",5e-04,10000,"0.1",FALSE,0.000286559975422121,-0.000190104801205043
"bivt",5e-04,10000,"0.01",TRUE,0.000467968397474458,-0.000215442686643265
"bivt",5e-04,10000,"0.05",TRUE,0.000511007802144642,-0.000262854657549173
"bivt",5e-04,10000,"0.1",TRUE,0.000395801936685365,-0.000248904383097871
"bivt",5e-04,10000,"0.01",TRUE,0.000690291426959706,-0.000308736253710766
"bivt",5e-04,10000,"0.05",TRUE,0.000815654646728776,-0.000277889632291426
"bivt",5e-04,10000,"0.1",TRUE,0.000759092888496166,-0.000261075788283915
"bivt",5e-04,10000,"0.01",TRUE,0.00103931695637825,-0.000310253268908057
"bivt",5e-04,10000,"0.05",TRUE,0.000482727572449314,-0.00023269285165486
"bivt",5e-04,10000,"0.1",TRUE,0.000465684645741295,-0.000223980677286965
"bivt",5e-04,10000,"0.01",TRUE,0.00074466522784151,-0.000245052556524921
"bivt",5e-04,10000,"0.05",TRUE,0.000596904631725458,-0.000316121845787764
"bivt",5e-04,10000,"0.1",TRUE,0.000596904631725458,-0.000299996336959686
"bivt",5e-04,10000,"0.01",TRUE,0.000771914925711071,-0.000336208803982885
"bivt",5e-04,10000,"0.05",TRUE,0.000602060795360435,-0.000283571843732332
"bivt",5e-04,10000,"0.1",TRUE,0.000572514711431748,-0.000278495567498237
"bivt",5e-04,10000,"0.01",TRUE,0.000834189207170149,-0.000296425796793874
"bivt",5e-04,10000,"0.05",TRUE,0.000663434052589156,-0.000261042830362845
"bivt",5e-04,10000,"0.1",TRUE,0.000521243583526321,-0.00024884677581209
"bivt",5e-04,10000,"0.01",TRUE,0.000796521135586774,-0.000304255027064617
"bivt",5e-04,10000,"0.05",TRUE,0.000536744223551268,-0.000268947011188101
"bivt",5e-04,10000,"0.1",TRUE,0.000478947302059839,-0.000242772963580337
"bivt",5e-04,10000,"0.01",TRUE,0.00111669973627705,-0.000288859206252714
"bivt",5e-04,10000,"0.05",TRUE,0.000403043378087183,-0.000285253485766387
"bivt",5e-04,10000,"0.1",TRUE,0.000373576667319266,-0.000273206081055899
"bivt",5e-04,10000,"0.01",TRUE,0.000728277340501637,-0.000300432728054876
"bivt",5e-04,10000,"0.05",TRUE,0.000723121523988409,-0.000260631379392937
"bivt",5e-04,10000,"0.1",TRUE,0.000472762677329634,-0.000243930680086212
"bivt",5e-04,10000,"0.01",TRUE,0.00123815111177598,-0.000288458760780834
"bivt",5e-04,10000,"0.05",TRUE,0.000508255257265335,-0.00027737863020641
"bivt",5e-04,10000,"0.1",TRUE,0.000464214013258963,-0.000248831891339995
"bivt",5e-04,10000,"0.01",TRUE,0.000642528662413188,-0.000298215197617703
"bivt",5e-04,10000,"0.05",TRUE,0.000495370854681156,-0.000254223675932682
"bivt",5e-04,10000,"0.1",TRUE,0.00042105848643004,-0.000235600692926388
"bivt",5e-04,10000,"0.01",TRUE,0.000630590402746566,-0.000276404309104642
"bivt",5e-04,10000,"0.05",TRUE,0.000575682050461316,-0.000230852347139247
"bivt",5e-04,10000,"0.1",TRUE,0.00047213967238697,-0.00021901936850509
"bivt",5e-04,10000,"0.01",TRUE,0.000842799286783068,-0.000245149953882345
"bivt",5e-04,10000,"0.05",TRUE,0.000769580166251813,-0.000241262638669778
"bivt",5e-04,10000,"0.1",TRUE,0.000647884215990818,-0.000224579367819327
"bivt",5e-04,10000,"0.01",TRUE,0.00106664744020578,-0.000259302386213706
"bivt",5e-04,10000,"0.05",TRUE,0.000614203585850726,-0.000227964959222736
"bivt",5e-04,10000,"0.1",TRUE,0.000423535490441654,-0.000216707119422466
"bivt",5e-04,10000,"0.01",TRUE,0.00102316970151013,-0.000251957312643028
"bivt",5e-04,10000,"0.05",TRUE,0.000405443531546553,-0.000233927323649506
"bivt",5e-04,10000,"0.1",TRUE,0.000374984505423746,-0.000214555319492067
"bivt",5e-04,10000,"0.01",TRUE,0.00049584768366809,-0.000262291355410382
"bivt",5e-04,10000,"0.05",TRUE,0.000544975329307405,-0.00028793912631308
"bivt",5e-04,10000,"0.1",FALSE,0.000492457004986676,-0.000280839219993106
"bivt",5e-04,10000,"0.01",TRUE,0.000918999696065619,-0.000311006669328152
"bivt",5e-04,10000,"0.05",TRUE,0.000677131883876166,-0.00021333631706185
"bivt",5e-04,10000,"0.1",TRUE,0.000507465889878549,-0.000195103925816615
"bivt",5e-04,10000,"0.01",TRUE,0.00113192594083299,-0.000235660012365122
"bivt",5e-04,10000,"0.05",TRUE,0.000489330925348048,-0.000276095882914651
"bivt",5e-04,10000,"0.1",TRUE,0.000455015324692696,-0.000259335785479584
"bivt",5e-04,10000,"0.01",TRUE,0.000562488727130729,-0.000311368001700757
"bivt",5e-04,10000,"0.05",TRUE,0.000510329500536867,-0.000227859661565808
"bivt",5e-04,10000,"0.1",TRUE,0.000367834187611215,-0.000214811953890875
"bivt",5e-04,10000,"0.01",TRUE,0.000843797833637475,-0.00025533798110357
"bivt",5e-04,10000,"0.05",TRUE,0.000496154138882093,-0.00026760716846702
"bivt",5e-04,10000,"0.1",TRUE,0.0004507578778703,-0.000239305124861434
"bivt",5e-04,10000,"0.01",TRUE,0.000739169071217394,-0.000296828241321374
"bivt",5e-04,10000,"0.05",TRUE,0.000610281165180722,-0.00024746280908613
"bivt",5e-04,10000,"0.1",TRUE,0.000541579049791053,-0.000241727184120371
"bivt",5e-04,10000,"0.01",TRUE,0.000839592046694624,-0.000271268976118993
"bivt",5e-04,10000,"0.05",TRUE,0.000512140775646165,-0.000237331852507841
"bivt",5e-04,10000,"0.1",TRUE,0.000506622251700631,-0.000224712138491589
"bivt",5e-04,10000,"0.01",TRUE,0.000644188795046053,-0.000262152418640025
"bivt",5e-04,10000,"0.05",TRUE,0.000933614064997492,-0.000237942416966861
"bivt",5e-04,10000,"0.1",TRUE,0.000714257057206441,-0.000228699460762483
"bivt",5e-04,10000,"0.01",TRUE,0.00122182049485511,-0.000258602025901336
"bivt",5e-04,10000,"0.05",TRUE,0.00056403679179081,-0.000237454641787009
"bivt",5e-04,10000,"0.1",TRUE,0.000547229644650403,-0.000226658111765679
"bivt",5e-04,10000,"0.01",TRUE,0.000756014392693502,-0.000256934529015204
"bivt",5e-04,10000,"0.05",TRUE,0.000338878910024392,-0.000232629275463226
"bivt",5e-04,10000,"0.1",TRUE,0.000279950380696863,-0.000224717289640879
"bivt",5e-04,10000,"0.01",TRUE,0.000407786199021505,-0.000258570299170502
"bivt",5e-04,10000,"0.05",FALSE,0.000423150919184377,-0.000203085034256012
"bivt",5e-04,10000,"0.1",FALSE,0.000344825201672065,-0.000192881133821769
"bivt",5e-04,10000,"0.01",TRUE,0.000633128418996093,-0.000222705524271848
"bivt",5e-04,10000,"0.05",TRUE,0.000622919353744012,-0.000311274282910471
"bivt",5e-04,10000,"0.1",TRUE,0.000589172637443911,-0.000275066710271324
"bivt",5e-04,10000,"0.01",TRUE,0.000824144810859859,-0.00033367292946511
"bivt",5e-04,10000,"0.05",TRUE,0.00070544108288611,-0.000225199039818604
"bivt",5e-04,10000,"0.1",TRUE,0.000603847125233949,-0.00021948564847647
"bivt",5e-04,10000,"0.01",TRUE,0.000885696239191434,-0.000256316705333677
"bivt",5e-04,10000,"0.05",TRUE,0.000561251356190891,-0.000232920595676437
"bivt",5e-04,10000,"0.1",TRUE,0.000436717637789891,-0.000229268744901325
"bivt",5e-04,10000,"0.01",TRUE,0.000903729062721292,-0.000266394949923825
"bivt",5e-04,10000,"0.05",TRUE,0.000540791012776357,-0.000247569693026099
"bivt",5e-04,10000,"0.1",TRUE,0.000430166144183487,-0.000241281408404078
"bivt",5e-04,10000,"0.01",TRUE,0.000610970524750061,-0.00028206416708804
"bivt",5e-04,10000,"0.05",TRUE,0.000387004605032093,-0.000258661752247166
"bivt",5e-04,10000,"0.1",TRUE,0.000344416016188082,-0.000242526636744302
"bivt",5e-04,10000,"0.01",TRUE,0.000451229955864113,-0.00027616390457151
"bivt",5e-04,10000,"0.05",TRUE,0.000490432482042235,-0.000250042919490142
"bivt",5e-04,10000,"0.1",TRUE,0.000443802828113023,-0.000227460438823973
"bivt",5e-04,10000,"0.01",TRUE,0.000666113458855546,-0.000270713426319775
"bivt",5e-04,10000,"0.05",TRUE,0.000361469099288226,-0.000239740874633948
"bivt",5e-04,10000,"0.1",TRUE,0.000314401133137809,-0.00022606694194321
"bivt",5e-04,10000,"0.01",TRUE,0.000522157702366712,-0.000261777960340087
"bivt",5e-04,10000,"0.05",TRUE,0.000701173399313447,-0.000238765121846426
"bivt",5e-04,10000,"0.1",TRUE,0.000605077728749293,-0.000222967593622938
"bivt",5e-04,10000,"0.01",TRUE,0.000897606929675795,-0.000269854608800084
"bivt",5e-04,10000,"0.05",TRUE,0.000341391643813977,-0.00020444194017674
"bivt",5e-04,10000,"0.1",TRUE,0.000298224301575091,-0.000190776434668144
"bivt",5e-04,10000,"0.01",TRUE,0.000479915053137409,-0.00023322034565549
"bivt",5e-04,10000,"0.05",TRUE,0.000666395088493859,-0.000230819940756226
"bivt",5e-04,10000,"0.1",TRUE,0.000533789701109154,-0.000223295836191709
"bivt",5e-04,10000,"0.01",TRUE,0.000824210347373517,-0.000256348713540886
"bivt",5e-04,10000,"0.05",TRUE,0.000462062004132925,-0.000238407533538943
"bivt",5e-04,10000,"0.1",TRUE,0.000399817907561763,-0.000220238195583722
"bivt",5e-04,10000,"0.01",TRUE,0.000618159436809222,-0.0002624625384174
"bivt",5e-04,10000,"0.05",FALSE,0.000504902293822319,-0.00020901840718693
"bivt",5e-04,10000,"0.1",FALSE,0.000359605405380099,-0.000196067220971423
"bivt",5e-04,10000,"0.01",FALSE,0.000791639116579351,-0.000242168565301757
"bivt",5e-04,10000,"0.05",TRUE,0.000473728227569045,-0.000261633331699901
"bivt",5e-04,10000,"0.1",TRUE,0.000376595726236007,-0.00022730547610454
"bivt",5e-04,10000,"0.01",TRUE,0.000524963768019868,-0.00027885704737158
"bivt",5e-04,10000,"0.05",TRUE,0.000967678281920966,-0.000289647805795925
"bivt",5e-04,10000,"0.1",TRUE,0.000647370303303887,-0.000264723962548841
"bivt",5e-04,10000,"0.01",TRUE,0.0011804788774012,-0.000317074326744382
"bivt",5e-04,10000,"0.05",TRUE,0.00097856254952128,-0.00026788741367753
"bivt",5e-04,10000,"0.1",TRUE,0.000783718544736463,-0.000264582486803399
"bivt",5e-04,10000,"0.01",TRUE,0.00111983715110746,-0.000290422531427919
"bivt",5e-04,10000,"0.05",TRUE,0.000348906529109398,-0.000253303402111609
"bivt",5e-04,10000,"0.1",TRUE,0.000304707440849286,-0.000226913020396551
"bivt",5e-04,10000,"0.01",TRUE,0.000538464194229676,-0.000268799816264209
"bivt",5e-04,10000,"0.05",TRUE,0.000467853565650743,-0.000235336540059645
"bivt",5e-04,10000,"0.1",TRUE,0.000417664689981166,-0.000218892834870293
"bivt",5e-04,10000,"0.01",TRUE,0.000732772435164783,-0.000247538865741356
"bivt",5e-04,10000,"0.05",TRUE,0.00056324352819692,-0.000227386008733304
"bivt",5e-04,10000,"0.1",TRUE,0.000476407135337642,-0.000217432006579956
"bivt",5e-04,10000,"0.01",TRUE,0.000712679639128499,-0.000251542039213311
"bivt",5e-04,10000,"0.05",TRUE,0.000809550562091514,-0.000280377948182257
"bivt",5e-04,10000,"0.1",TRUE,0.000678325619251107,-0.000275976462569024
"bivt",5e-04,10000,"0.01",TRUE,0.00106914711355884,-0.000299205763633111
"bivt",5e-04,10000,"0.05",TRUE,0.000803435278536535,-0.000280708131581248
"bivt",5e-04,10000,"0.1",TRUE,0.000710127988558746,-0.000268417146691406
"bivt",5e-04,10000,"0.01",TRUE,0.00119450675829675,-0.00031124391368851
"bivt",5e-04,10000,"0.05",TRUE,0.000591694760598821,-0.000248790007463247
"bivt",5e-04,10000,"0.1",TRUE,0.000461260570111248,-0.000230488018645048
"bivt",5e-04,10000,"0.01",TRUE,0.0006854492695297,-0.000282982214866889
"bivt",5e-04,10000,"0.05",TRUE,0.000540813407943809,-0.000249478678573093
"bivt",5e-04,10000,"0.1",TRUE,0.000526099225906044,-0.000234999767107364
"bivt",5e-04,10000,"0.01",TRUE,0.000593182076072552,-0.000266620394000707
"bivt",5e-04,10000,"0.05",TRUE,0.000356373251744564,-0.000208016654317617
"bivt",5e-04,10000,"0.1",TRUE,0.000302652391413524,-0.000190612882166768
"bivt",5e-04,10000,"0.01",TRUE,0.000421880607939858,-0.000226615187056664
"bivt",5e-04,10000,"0.05",TRUE,0.000460254227077953,-0.000241021904712385
"bivt",5e-04,10000,"0.1",TRUE,0.000412556446926316,-0.000229975305183442
"bivt",5e-04,10000,"0.01",TRUE,0.000570037594098616,-0.000269699367152253
"bivt",5e-04,10000,"0.05",TRUE,0.000530905577981247,-0.000281038845802509
"bivt",5e-04,10000,"0.1",TRUE,0.000420281763427815,-0.00026330588049226
"bivt",5e-04,10000,"0.01",TRUE,0.000885053593440699,-0.000306238137028101
"bivt",5e-04,10000,"0.05",TRUE,0.000498660268380479,-0.000259408893026067
"bivt",5e-04,10000,"0.1",TRUE,0.000438688606128267,-0.000237519353558509
"bivt",5e-04,10000,"0.01",TRUE,0.000627190462212219,-0.000280002048178581
"bivt",5e-04,10000,"0.05",TRUE,0.000760888362332247,-0.000235448752440984
"bivt",5e-04,10000,"0.1",TRUE,0.000546236823465806,-0.000215723943086242
"bivt",5e-04,10000,"0.01",TRUE,0.00117181861118043,-0.000253182850455629
"bivt",5e-04,10000,"0.05",TRUE,0.000414661799081064,-0.000251634013661213
"bivt",5e-04,10000,"0.1",TRUE,0.000388455881508309,-0.00023514182548526
"bivt",5e-04,10000,"0.01",TRUE,0.000536015706531326,-0.000280269937438859
"bivt",5e-04,10000,"0.05",FALSE,0.000447598955111681,-0.000186392174593316
"bivt",5e-04,10000,"0.1",FALSE,0.00041106934341278,-0.000175240156792822
"bivt",5e-04,10000,"0.01",TRUE,0.000528720317126995,-0.000210448641313981
"bivt",5e-04,10000,"0.05",TRUE,0.00102261530675051,-0.000244307688866378
"bivt",5e-04,10000,"0.1",TRUE,0.000786043370494099,-0.000227226575354993
"bivt",5e-04,10000,"0.01",TRUE,0.00146917499244762,-0.000261820004218733
"bivt",5e-04,10000,"0.05",TRUE,0.000414876410657383,-0.000209874222738831
"bivt",5e-04,10000,"0.1",TRUE,0.000368991258784899,-0.000193136699241577
"bivt",5e-04,10000,"0.01",TRUE,0.000507300319305047,-0.000222031122659251
"bivt",5e-04,10000,"0.05",TRUE,0.000517282087388496,-0.000230517512566642
"bivt",5e-04,10000,"0.1",TRUE,0.000432943501460592,-0.000218908750558591
"bivt",5e-04,10000,"0.01",TRUE,0.000600379135390956,-0.000249548435561388
"bivt",5e-04,10000,"0.05",TRUE,0.000383688003985571,-0.000214052453082858
"bivt",5e-04,10000,"0.1",TRUE,0.000319841653255026,-0.000197171284304469
"bivt",5e-04,10000,"0.01",TRUE,0.000505387628024919,-0.000233015513960466
"bivt",5e-04,10000,"0.05",TRUE,0.000656785742004738,-0.000238516650128998
"bivt",5e-04,10000,"0.1",TRUE,0.000534566591818845,-0.000229716380656865
"bivt",5e-04,10000,"0.01",TRUE,0.000892638609147183,-0.0002563701513898
"bivt",5e-04,10000,"0.05",TRUE,0.000487761727028296,-0.000209910326494235
"bivt",5e-04,10000,"0.1",TRUE,0.000380621391167993,-0.00019654915921723
"bivt",5e-04,10000,"0.01",TRUE,0.00064893876688834,-0.000255099803192608
"bivt",5e-04,10000,"0.05",TRUE,0.000523398779137133,-0.000238258400372514
"bivt",5e-04,10000,"0.1",TRUE,0.000466415161058408,-0.00021288788556814
"bivt",5e-04,10000,"0.01",TRUE,0.000643381925138941,-0.000259202775897527
"bivt",5e-04,10000,"0.05",TRUE,0.000825308509656065,-0.000265642424825687
"bivt",5e-04,10000,"0.1",TRUE,0.000549441463920014,-0.000263561802323028
"bivt",5e-04,10000,"0.01",TRUE,0.0013897474718752,-0.000321505282406727
"bivt",5e-04,10000,"0.05",TRUE,0.000431335817334799,-0.00024626334208333
"bivt",5e-04,10000,"0.1",TRUE,0.000407152626055911,-0.000221027903100988
"bivt",5e-04,10000,"0.01",TRUE,0.000653101217377751,-0.000263905689739537
"bivt",5e-04,10000,"0.05",TRUE,0.000650637152450373,-0.000252957877303757
"bivt",5e-04,10000,"0.1",TRUE,0.000571047897383111,-0.000243783733002951
"bivt",5e-04,10000,"0.01",TRUE,0.000734675274022693,-0.000278236003217579
"bivt",5e-04,10000,"0.05",TRUE,0.000941542886015085,-0.000248522245521713
"bivt",5e-04,10000,"0.1",TRUE,0.000762376165556386,-0.000236822532238444
"bivt",5e-04,10000,"0.01",TRUE,0.0011987358899378,-0.000270307963793593
"bivt",5e-04,10000,"0.05",TRUE,0.00044381019136396,-0.00022126635365162
"bivt",5e-04,10000,"0.1",TRUE,0.000399498095982787,-0.000218217988850578
"bivt",5e-04,10000,"0.01",TRUE,0.000621681566330417,-0.000253694504803883
"bivt",5e-04,10000,"0.05",FALSE,0.000381116733823578,-0.000192709380504253
"bivt",5e-04,10000,"0.1",FALSE,0.00035083798328096,-0.000172117666858113
"bivt",5e-04,10000,"0.01",FALSE,0.000646302733956923,-0.000216129193885718
"bivt",5e-04,10000,"0.05",TRUE,0.000586403707767703,-0.000260422945793023
"bivt",5e-04,10000,"0.1",TRUE,0.000450494826191392,-0.000234461611150215
"bivt",5e-04,10000,"0.01",TRUE,0.00100975500631496,-0.000272266273203941
"bivt",5e-04,10000,"0.05",TRUE,0.000453509485823242,-0.000255338188055751
"bivt",5e-04,10000,"0.1",TRUE,0.000379524990251751,-0.000246890183646317
"bivt",5e-04,10000,"0.01",TRUE,0.00058489581979907,-0.000265452736071588
"bivt",5e-04,10000,"0.05",TRUE,0.0005452903447992,-0.000237836887534058
"bivt",5e-04,10000,"0.1",TRUE,0.000442649016198564,-0.000226021750963794
"bivt",5e-04,10000,"0.01",TRUE,0.000649267465220663,-0.000253303729703904
"bivt",5e-04,10000,"0.05",TRUE,0.00067267152222643,-0.000230545772676407
"bivt",5e-04,10000,"0.1",TRUE,0.000451406941333047,-0.000215808746203563
"bivt",5e-04,10000,"0.01",TRUE,0.000798496552692369,-0.000263716692870389
"bivt",5e-04,10000,"0.05",FALSE,0.000494320044958383,-0.000280920168792995
"bivt",5e-04,10000,"0.1",FALSE,0.000433843285624742,-0.000265394539589249
"bivt",5e-04,10000,"0.01",TRUE,0.000534049955375839,-0.000333698918471
"bivt",5e-04,10000,"0.05",TRUE,0.000624715369053095,-0.000227545245234665
"bivt",5e-04,10000,"0.1",TRUE,0.000506160766109492,-0.000213673390491468
"bivt",5e-04,10000,"0.01",TRUE,0.000651359732714995,-0.000243305309957322
"bivt",5e-04,10000,"0.05",TRUE,0.000521042800247681,-0.000269390683941609
"bivt",5e-04,10000,"0.1",FALSE,0.000424675265783601,-0.000259240331599844
"bivt",5e-04,10000,"0.01",TRUE,0.000671102677110164,-0.000300162660363509
"bivt",5e-04,10000,"0.05",TRUE,0.000555830128725303,-0.000223168753977494
"bivt",5e-04,10000,"0.1",TRUE,0.000397234378809214,-0.000201068540117357
"bivt",5e-04,10000,"0.01",TRUE,0.000638202502177908,-0.00025233578568536
"bivt",5e-04,10000,"0.05",TRUE,0.000471665041001719,-0.000251185942792508
"bivt",5e-04,10000,"0.1",TRUE,0.000427876232434613,-0.000244828488562101
"bivt",5e-04,10000,"0.01",TRUE,0.000553819621159187,-0.00028795763901525
"bivt",5e-04,10000,"0.05",TRUE,0.000648995886634764,-0.000239787551210195
"bivt",5e-04,10000,"0.1",TRUE,0.000424979634728329,-0.000214999651072433
"bivt",5e-04,10000,"0.01",TRUE,0.000762810807591132,-0.000257066386859251
"bivt",5e-04,10000,"0.05",TRUE,0.000589361270780279,-0.000258098120704504
"bivt",5e-04,10000,"0.1",TRUE,0.000495709679559702,-0.000235361847527103
"bivt",5e-04,10000,"0.01",TRUE,0.000959553205389543,-0.000290724409143306
"bivt",5e-04,10000,"0.05",TRUE,0.000439746491498281,-0.000258811514504256
"bivt",5e-04,10000,"0.1",TRUE,0.000419862361959897,-0.000246235275815059
"bivt",5e-04,10000,"0.01",TRUE,0.000674718975113903,-0.00027404782084694
"bivt",5e-04,10000,"0.05",TRUE,0.000916806219363934,-0.000228031884234273
"bivt",5e-04,10000,"0.1",TRUE,0.000613645210179439,-0.000212324064486316
"bivt",5e-04,10000,"0.01",TRUE,0.000921311656876306,-0.000248819786572527
"bivt",5e-04,10000,"0.05",TRUE,0.000385548300145158,-0.000231139553248002
"bivt",5e-04,10000,"0.1",TRUE,0.00031536845586117,-0.000219794425943729
"bivt",5e-04,10000,"0.01",TRUE,0.000513218653366165,-0.000270733336710814
"bivt",5e-04,10000,"0.05",TRUE,0.000500004118698121,-0.000213773718600351
"bivt",5e-04,10000,"0.1",TRUE,0.000349525701827625,-0.000191587461242298
"bivt",5e-04,10000,"0.01",TRUE,0.000716217746488545,-0.000251891362265259
"bivt",5e-04,10000,"0.05",TRUE,0.0004561456427056,-0.000240811430507369
"bivt",5e-04,10000,"0.1",TRUE,0.000363677849462654,-0.000221952288960097
"bivt",5e-04,10000,"0.01",TRUE,0.000691546142949352,-0.000264565041442312
"bivt",5e-04,10000,"0.05",TRUE,0.000702753117584898,-0.000240941003094241
"bivt",5e-04,10000,"0.1",TRUE,0.000538877729018018,-0.000221149352345802
"bivt",5e-04,10000,"0.01",TRUE,0.00087761522278278,-0.000267005637642145
"bivt",5e-04,10000,"0.05",TRUE,0.000846179026330095,-0.000280433176237147
"bivt",5e-04,10000,"0.1",TRUE,0.000622897122111128,-0.000271611898220291
"bivt",5e-04,10000,"0.01",TRUE,0.000967346085880943,-0.000292306150119146
"bivt",5e-04,10000,"0.05",TRUE,0.000765214465904723,-0.000256250546619789
"bivt",5e-04,10000,"0.1",TRUE,0.000751713301437915,-0.000246152580553977
"bivt",5e-04,10000,"0.01",TRUE,0.000920389799509519,-0.000279427128109399
"bivt",5e-04,10000,"0.05",TRUE,0.000580679501669593,-0.000271501403492872
"bivt",5e-04,10000,"0.1",TRUE,0.00056022773648811,-0.000263897496364287
"bivt",5e-04,10000,"0.01",TRUE,0.000684601208734104,-0.000302461242956232
"bivt",5e-04,10000,"0.05",TRUE,0.000568077020770057,-0.000236898327157621
"bivt",5e-04,10000,"0.1",TRUE,0.00044772801982834,-0.000232905786730081
"bivt",5e-04,10000,"0.01",TRUE,0.000716425571544569,-0.000280516618342969
"bivt",5e-04,10000,"0.05",TRUE,0.000453250165249969,-0.00026757348812194
"bivt",5e-04,10000,"0.1",TRUE,0.000355827940768098,-0.000241908345258994
"bivt",5e-04,10000,"0.01",TRUE,0.000686007332755674,-0.000284393275360094
"bivt",5e-04,10000,"0.05",TRUE,0.000742964467012839,-0.000243217058533467
"bivt",5e-04,10000,"0.1",TRUE,0.000601029007447994,-0.000231999771134679
"bivt",5e-04,10000,"0.01",TRUE,0.000812375114753651,-0.000278134941657972
"bivt",5e-04,10000,"0.05",TRUE,0.00040102688113064,-0.000231238026315602
"bivt",5e-04,10000,"0.1",TRUE,0.000328469538216201,-0.000199451549766618
"bivt",5e-04,10000,"0.01",TRUE,0.000545560739339532,-0.000260425212315482
"bivt",5e-04,10000,"0.05",TRUE,0.000813714452277636,-0.000278679101403722
"bivt",5e-04,10000,"0.1",TRUE,0.000755114853897522,-0.000262374131121045
"bivt",5e-04,10000,"0.01",TRUE,0.00107884186298048,-0.000305082576827853
"bivt",5e-04,10000,"0.05",TRUE,0.00051018240108741,-0.000229461237425448
"bivt",5e-04,10000,"0.1",TRUE,0.00045753938115278,-0.000218302205611092
"bivt",5e-04,10000,"0.01",TRUE,0.000659562873106063,-0.000256652747150319
"bivt",5e-04,10000,"0.05",TRUE,0.000774208026160588,-0.000278548719994638
"bivt",5e-04,10000,"0.1",TRUE,0.000598962244242811,-0.000276276268592315
"bivt",5e-04,10000,"0.01",TRUE,0.0011456007467146,-0.000292337752480468
"bivt",5e-04,10000,"0.05",TRUE,0.000639431760735023,-0.000310225420878682
"bivt",5e-04,10000,"0.1",TRUE,0.00054171523793502,-0.000296532328714562
"bivt",5e-04,10000,"0.01",TRUE,0.000975671775766016,-0.000328939029431649
"bivt",5e-04,10000,"0.05",TRUE,0.000843972374821088,-0.000264645385668944
"bivt",5e-04,10000,"0.1",TRUE,0.000649393114832118,-0.000257802807996893
"bivt",5e-04,10000,"0.01",TRUE,0.00117580948440463,-0.0002824305420938
"bivt",5e-04,10000,"0.05",TRUE,0.000687277302139352,-0.000284461508302236
"bivt",5e-04,10000,"0.1",TRUE,0.000579063142388926,-0.000244769937503038
"bivt",5e-04,10000,"0.01",TRUE,0.000983664837014168,-0.000305749535500881
"bivt",5e-04,10000,"0.05",TRUE,0.000587550715187884,-0.000240913554041895
"bivt",5e-04,10000,"0.1",TRUE,0.000476269965570479,-0.000226750163671459
"bivt",5e-04,10000,"0.01",TRUE,0.000990525346708709,-0.000278395966342219
"bivt",5e-04,10000,"0.05",TRUE,0.0004625374262828,-0.00021353109113152
"bivt",5e-04,10000,"0.1",TRUE,0.000339721348068868,-0.000200148339637787
"bivt",5e-04,10000,"0.01",TRUE,0.000636399503890711,-0.000231773543097136
"bivt",5e-04,10000,"0.05",TRUE,0.000761961523694688,-0.000229471615502795
"bivt",5e-04,10000,"0.1",TRUE,0.000552580349387788,-0.000214748185702181
"bivt",5e-04,10000,"0.01",TRUE,0.00104315295827566,-0.000262137012905036
"bivt",5e-04,10000,"0.05",TRUE,0.000493312188196807,-0.000261793032487226
"bivt",5e-04,10000,"0.1",TRUE,0.000377223162705116,-0.000255856085367213
"bivt",5e-04,10000,"0.01",TRUE,0.000553949138906685,-0.000290822916417
"bivt",5e-04,10000,"0.05",TRUE,0.000743577205787582,-0.000269480322604241
"bivt",5e-04,10000,"0.1",TRUE,0.000696611496089537,-0.000256785901477245
"bivt",5e-04,10000,"0.01",TRUE,0.000902116064567228,-0.000291110990865118
"bivt",5e-04,10000,"0.05",TRUE,0.00061459740622571,-0.000298732383608364
"bivt",5e-04,10000,"0.1",TRUE,0.000555899484048409,-0.000279348819701858
"bivt",5e-04,10000,"0.01",TRUE,0.000959809574476849,-0.000325798628594405
"bivt",5e-04,10000,"0.05",TRUE,0.000331355370835277,-0.000210866014358147
"bivt",5e-04,10000,"0.1",TRUE,0.000299774808143264,-0.000191559259906247
"bivt",5e-04,10000,"0.01",TRUE,0.000742975169881924,-0.000247651155385766
"bivt",5e-04,10000,"0.05",TRUE,0.000724194820191581,-0.000289533982382938
"bivt",5e-04,10000,"0.1",TRUE,0.000595434221293042,-0.000283961664995513
"bivt",5e-04,10000,"0.01",TRUE,0.00102950641979031,-0.000313232951662481
"bivt",5e-04,10000,"0.05",TRUE,0.000604213412357974,-0.000247006217815557
"bivt",5e-04,10000,"0.1",TRUE,0.000445114697079339,-0.000223562534274949
"bivt",5e-04,10000,"0.01",TRUE,0.00085499486360167,-0.000272899988107797
"bivt",5e-04,10000,"0.05",TRUE,0.00038606482474491,-0.000252884314359173
"bivt",5e-04,10000,"0.1",TRUE,0.000357933937966026,-0.000235561466314096
"bivt",5e-04,10000,"0.01",TRUE,0.000713647547346791,-0.000279499431896428
"bivt",5e-04,10000,"0.05",TRUE,0.000566993210861936,-0.000233392356578973
"bivt",5e-04,10000,"0.1",TRUE,0.000417964072429267,-0.000221531107061698
"bivt",5e-04,10000,"0.01",TRUE,0.000814345234559565,-0.000262752443018035
"bivt",5e-04,10000,"0.05",TRUE,0.000318611178248548,-0.000191679197559981
"bivt",5e-04,10000,"0.1",TRUE,0.000280305384350389,-0.000176240672434887
"bivt",5e-04,10000,"0.01",TRUE,0.000546917497251831,-0.000223518439340507
"bivt",5e-04,10000,"0.05",TRUE,0.000932810584156291,-0.000265747197896375
"bivt",5e-04,10000,"0.1",TRUE,0.000736006756548583,-0.00025683811601113
"bivt",5e-04,10000,"0.01",TRUE,0.00106126273467232,-0.000311129331250444
"bivt",5e-04,10000,"0.05",TRUE,0.000470684373235629,-0.000233648279451495
"bivt",5e-04,10000,"0.1",TRUE,0.000429436625583199,-0.000222055262108947
"bivt",5e-04,10000,"0.01",TRUE,0.000619133633443654,-0.000254598415132453
"bivt",5e-04,10000,"0.05",TRUE,0.000370610905813175,-0.000217131601865263
"bivt",5e-04,10000,"0.1",TRUE,0.000301176417991001,-0.000199395706189617
"bivt",5e-04,10000,"0.01",TRUE,0.000497473386837571,-0.000241257385408845
"bivt",5e-04,10000,"0.05",TRUE,0.000830814668716685,-0.000270330400519907
"bivt",5e-04,10000,"0.1",TRUE,0.000650550632479289,-0.000238522815119314
"bivt",5e-04,10000,"0.01",TRUE,0.00104543167089222,-0.000312523046382105
"bivt",5e-04,10000,"0.05",TRUE,0.000419860380021792,-0.000242575026692747
"bivt",5e-04,10000,"0.1",FALSE,0.000327443214806536,-0.000227752323174471
"bivt",5e-04,10000,"0.01",TRUE,0.000584381723250087,-0.000264897897229606
"bivt",5e-04,10000,"0.05",TRUE,0.00050129847120328,-0.000234120394715976
"bivt",5e-04,10000,"0.1",TRUE,0.000468298629509666,-0.000222237857206719
"bivt",5e-04,10000,"0.01",TRUE,0.000658093131788196,-0.00027069217813686
"bivt",5e-04,10000,"0.05",TRUE,0.000596177789922392,-0.000275950951101638
"bivt",5e-04,10000,"0.1",FALSE,0.000497906781590813,-0.000260094359835171
"bivt",5e-04,10000,"0.01",TRUE,0.000713774078281966,-0.000295361362005053
"bivt",5e-04,10000,"0.05",TRUE,0.000460332694590375,-0.000238046213537954
"bivt",5e-04,10000,"0.1",TRUE,0.000352562181890583,-0.000219446327351386
"bivt",5e-04,10000,"0.01",TRUE,0.000587423019316983,-0.000254979130500415
"bivt",5e-04,10000,"0.05",TRUE,0.000622319805465238,-0.000247516073093278
"bivt",5e-04,10000,"0.1",TRUE,0.000549772876240619,-0.000240746650860798
"bivt",5e-04,10000,"0.01",TRUE,0.000792340592059686,-0.000276164543904438
"bivt",5e-04,10000,"0.05",TRUE,0.000395244660007674,-0.000251018201446294
"bivt",5e-04,10000,"0.1",TRUE,0.000340884745255773,-0.000231713724100993
"bivt",5e-04,10000,"0.01",TRUE,0.000575858194992697,-0.00027855549322664
"bivt",5e-04,10000,"0.05",TRUE,0.000453026329115526,-0.000278705302793128
"bivt",5e-04,10000,"0.1",TRUE,0.000387228880080725,-0.000274992072191404
"bivt",5e-04,10000,"0.01",TRUE,0.000542752869482408,-0.000298676663580979
"bivt",5e-04,10000,"0.05",TRUE,0.000775035981577054,-0.000260636561291052
"bivt",5e-04,10000,"0.1",TRUE,0.000594347182593821,-0.000258346872588449
"bivt",5e-04,10000,"0.01",TRUE,0.0017,-0.000276671886125723
"bivt",5e-04,10000,"0.05",TRUE,0.000394658337741574,-0.000239469079277661
"bivt",5e-04,10000,"0.1",FALSE,0.000342178813587213,-0.000222971413336074
"bivt",5e-04,10000,"0.01",TRUE,0.000518333287614649,-0.000270363836669216
"bivt",5e-04,10000,"0.05",TRUE,0.000660332422974763,-0.000224953678208169
"bivt",5e-04,10000,"0.1",TRUE,0.000539054323852797,-0.00020637897955464
"bivt",5e-04,10000,"0.01",TRUE,0.00106915880941458,-0.000248382086390775
"bivt",5e-04,10000,"0.05",TRUE,0.000419877765169163,-0.00023146478497969
"bivt",5e-04,10000,"0.1",TRUE,0.000325920213639815,-0.000218635337063052
"bivt",5e-04,10000,"0.01",TRUE,0.00054424857029617,-0.000262730136885591
"bivt",5e-04,10000,"0.05",TRUE,0.000365385450067492,-0.000222825350881937
"bivt",5e-04,10000,"0.1",TRUE,0.000351127863301639,-0.000209457826948018
"bivt",5e-04,10000,"0.01",TRUE,0.000575310351464651,-0.000258342345051398
"bivt",5e-04,10000,"0.05",TRUE,0.000470904283579182,-0.000208725201047029
"bivt",5e-04,10000,"0.1",TRUE,0.000381301009183343,-0.000198304759476365
"bivt",5e-04,10000,"0.01",TRUE,0.000730864700631691,-0.000233691002465969
"bivt",5e-04,10000,"0.05",TRUE,0.000376412050655899,-0.000247843429662891
"bivt",5e-04,10000,"0.1",TRUE,0.00034905498181677,-0.000238007443595185
"bivt",5e-04,10000,"0.01",TRUE,0.000541829053057589,-0.000273879984576657
"bivt",5e-04,10000,"0.05",TRUE,0.000476075600749061,-0.000204069788688561
"bivt",5e-04,10000,"0.1",TRUE,0.000448744737082539,-0.00019429785029723
"bivt",5e-04,10000,"0.01",TRUE,0.000591967270559862,-0.000226229214920436
"bivt",5e-04,10000,"0.05",TRUE,0.000537151482339263,-0.000241493370603592
"bivt",5e-04,10000,"0.1",TRUE,0.000431487961647034,-0.000233272714902079
"bivt",5e-04,10000,"0.01",TRUE,0.000666556462213106,-0.000258709277325759
"bivt",5e-04,10000,"0.05",TRUE,0.000415763234585747,-0.000232567184085105
"bivt",5e-04,10000,"0.1",TRUE,0.00037425173996105,-0.000208189273364941
"bivt",5e-04,10000,"0.01",TRUE,0.000466299994179972,-0.000276664324308527
"bivt",5e-04,10000,"0.05",TRUE,0.000781437807247786,-0.00029155257672156
"bivt",5e-04,10000,"0.1",TRUE,0.000716874511856023,-0.000289721249120336
"bivt",5e-04,10000,"0.01",TRUE,0.000960425898360063,-0.000317077762160511
"bivt",5e-04,10000,"0.05",TRUE,0.000635461540297312,-0.000204010301092619
"bivt",5e-04,10000,"0.1",TRUE,0.000485987502837532,-0.000189590421143928
"bivt",5e-04,10000,"0.01",TRUE,0.000741098904946802,-0.000238900007345874
"bivt",5e-04,10000,"0.05",TRUE,0.000887499179303551,-0.000295288248353363
"bivt",5e-04,10000,"0.1",TRUE,0.000670830783853617,-0.000279384299496578
"bivt",5e-04,10000,"0.01",TRUE,0.000983192237870906,-0.00033552195256444
"bivt",5e-04,10000,"0.05",TRUE,0.000581288137041021,-0.000255111660067772
"bivt",5e-04,10000,"0.1",TRUE,0.000500549569967375,-0.000234174779009735
"bivt",5e-04,10000,"0.01",TRUE,0.000839942805939747,-0.000281352452686695
"bivt",5e-04,10000,"0.05",TRUE,0.000487842758248979,-0.000257906913153395
"bivt",5e-04,10000,"0.1",TRUE,0.000403290910892031,-0.000250188351014632
"bivt",5e-04,10000,"0.01",TRUE,0.000685440099677753,-0.000297958022233344
"bivt",5e-04,10000,"0.05",TRUE,0.000385824141049801,-0.000210215710818619
"bivt",5e-04,10000,"0.1",TRUE,0.000248219007637061,-0.000188168781045361
"bivt",5e-04,10000,"0.01",TRUE,0.000746627336777521,-0.000242216091684892
"bivt",5e-04,10000,"0.05",TRUE,0.00103215105184981,-0.000302759938993247
"bivt",5e-04,10000,"0.1",TRUE,0.000855724535098148,-0.00027992730713112
"bivt",5e-04,10000,"0.01",TRUE,0.00133732512978278,-0.000334138493352516
"bivt",5e-04,10000,"0.05",TRUE,0.000458980339148486,-0.000260064458116191
"bivt",5e-04,10000,"0.1",TRUE,0.000416344806165594,-0.000248620761499482
"bivt",5e-04,10000,"0.01",TRUE,0.000762049418106307,-0.000276404029854078
"bivt",5e-04,10000,"0.05",TRUE,0.000559505811462959,-0.000270756863895089
"bivt",5e-04,10000,"0.1",TRUE,0.000468829635849435,-0.000260160550488798
"bivt",5e-04,10000,"0.01",TRUE,0.000731887546240311,-0.000294182541210511
"bivt",5e-04,10000,"0.05",TRUE,0.000485901962571218,-0.000219197913844366
"bivt",5e-04,10000,"0.1",TRUE,0.000436189289773445,-0.000212566579122501
"bivt",5e-04,10000,"0.01",TRUE,0.000726553198052386,-0.000260186826164453
"bivt",5e-04,10000,"0.05",TRUE,0.00048247262595447,-0.000212275937062977
"bivt",5e-04,10000,"0.1",TRUE,0.000392997168130453,-0.000203516145051226
"bivt",5e-04,10000,"0.01",TRUE,0.000655965727586589,-0.000233537250817141
"bivt",5e-04,10000,"0.05",TRUE,0.000599790169481975,-0.000232809116277807
"bivt",5e-04,10000,"0.1",TRUE,0.000535060169841848,-0.000221683570458968
"bivt",5e-04,10000,"0.01",TRUE,0.000922806742585242,-0.000251222910967636
"bivt",5e-04,10000,"0.05",TRUE,0.000454694533205877,-0.000260393086531265
"bivt",5e-04,10000,"0.1",TRUE,0.000387812024400618,-0.000249533695877722
"bivt",5e-04,10000,"0.01",TRUE,0.00056521672676869,-0.000280998728129095
"bivt",5e-04,10000,"0.05",TRUE,0.000975975751401051,-0.000284319466147117
"bivt",5e-04,10000,"0.1",TRUE,0.000821940984665685,-0.000270994031025293
"bivt",5e-04,10000,"0.01",TRUE,0.00118686979735913,-0.000304590852750013
"bivt",5e-04,10000,"0.05",TRUE,0.000548031168018113,-0.000218276421841332
"bivt",5e-04,10000,"0.1",TRUE,0.000506924063632703,-0.000205650965278908
"bivt",5e-04,10000,"0.01",TRUE,0.000988248974486441,-0.000254977775829494
"bivt",5e-04,10000,"0.05",TRUE,0.000499876706255244,-0.000226602893420548
"bivt",5e-04,10000,"0.1",TRUE,0.000400026990875065,-0.00020998700135266
"bivt",5e-04,10000,"0.01",TRUE,0.000561005143061744,-0.000263990430946214
"bivt",5e-04,10000,"0.05",TRUE,0.000481026892293185,-0.000253005282196626
"bivt",5e-04,10000,"0.1",TRUE,0.000416497298777071,-0.000239271018306661
"bivt",5e-04,10000,"0.01",TRUE,0.000534159824716899,-0.000270483243779833
"bivt",5e-04,10000,"0.05",TRUE,0.000621673197690896,-0.000228798889254512
"bivt",5e-04,10000,"0.1",TRUE,0.00053685423737071,-0.000211165524368571
"bivt",5e-04,10000,"0.01",TRUE,0.000815226866824893,-0.000255817929791206
"bivt",5e-04,10000,"0.05",TRUE,0.000471586316718175,-0.000230817023294577
"bivt",5e-04,10000,"0.1",TRUE,0.000440383937250083,-0.000214745074269848
"bivt",5e-04,10000,"0.01",TRUE,0.00061574361335213,-0.00024863816361988
"bivt",5e-04,10000,"0.05",TRUE,0.000778839398901701,-0.000210203964613245
"bivt",5e-04,10000,"0.1",TRUE,0.000731889518894468,-0.000199005296514907
"bivt",5e-04,10000,"0.01",TRUE,0.0012673592206969,-0.000229174363035875
"bivt",5e-04,10000,"0.05",TRUE,0.000551952088886095,-0.000290466538413022
"bivt",5e-04,10000,"0.1",TRUE,0.000497056679316653,-0.000277283069352638
"bivt",5e-04,10000,"0.01",TRUE,0.000642489496127128,-0.000304198970255359
"bivt",5e-04,10000,"0.05",TRUE,0.000539083578683168,-0.000259254184546736
"bivt",5e-04,10000,"0.1",TRUE,0.000475299373370026,-0.00025294860178983
"bivt",5e-04,10000,"0.01",TRUE,0.000599485462292553,-0.000273854747647604
"bivt",5e-04,10000,"0.05",TRUE,0.00047780074323531,-0.000282626554772875
"bivt",5e-04,10000,"0.1",TRUE,0.000449877214799067,-0.000272815561082594
"bivt",5e-04,10000,"0.01",TRUE,0.000665418258256723,-0.000291165491085933
"bivt",5e-04,10000,"0.05",TRUE,0.000440566385357151,-0.000244601404786247
"bivt",5e-04,10000,"0.1",TRUE,0.000419886597551067,-0.000242569046811141
"bivt",5e-04,10000,"0.01",TRUE,0.000512637268282204,-0.00027319424147433
"bivt",5e-04,10000,"0.05",TRUE,0.000841792463396014,-0.000264468156670384
"bivt",5e-04,10000,"0.1",TRUE,0.000641942812761867,-0.000261636750421587
"bivt",5e-04,10000,"0.01",TRUE,0.00121285518160262,-0.000287419886332081
"bivt",5e-04,10000,"0.05",TRUE,0.00061049659793912,-0.000268463769412896
"bivt",5e-04,10000,"0.1",TRUE,0.000485186785131353,-0.000245761155502738
"bivt",5e-04,10000,"0.01",TRUE,0.000725321003149416,-0.000298482370147494
"bivt",5e-04,10000,"0.05",TRUE,0.000518285332478451,-0.000250108393266974
"bivt",5e-04,10000,"0.1",TRUE,0.000460013445150163,-0.000240165348242986
"bivt",5e-04,10000,"0.01",TRUE,0.0008521835670152,-0.000279583560083866
"bivt",5e-04,10000,"0.05",TRUE,0.000666289020922235,-0.000215417826698981
"bivt",5e-04,10000,"0.1",TRUE,0.000627063658462645,-0.000211185431510441
"bivt",5e-04,10000,"0.01",TRUE,0.000924061310552698,-0.00023675817738634
"bivt",5e-04,10000,"0.05",TRUE,0.00042945388502697,-0.000217786052741952
"bivt",5e-04,10000,"0.1",TRUE,0.000401305085104477,-0.000199065377345513
"bivt",5e-04,10000,"0.01",TRUE,0.000490855467247924,-0.000249497826842224
"bivt",5e-04,10000,"0.05",TRUE,0.000423395381719745,-0.000255658948828202
"bivt",5e-04,10000,"0.1",TRUE,0.000325529838663361,-0.000238089301792981
"bivt",5e-04,10000,"0.01",TRUE,0.000632155884796732,-0.000276832875393234
"bivt",5e-04,10000,"0.05",TRUE,0.00101308607466342,-0.000257598450951718
"bivt",5e-04,10000,"0.1",TRUE,0.00085278919689277,-0.000246337833744676
"bivt",5e-04,10000,"0.01",TRUE,0.00148941299828475,-0.000286748077631392
"bivt",5e-04,10000,"0.05",TRUE,0.000569996653162985,-0.000254398545109781
"bivt",5e-04,10000,"0.1",TRUE,0.000530359695258119,-0.00023900349761751
"bivt",5e-04,10000,"0.01",TRUE,0.000777591766217845,-0.000275928978095966
"bivt",5e-04,10000,"0.05",TRUE,0.00110002757266227,-0.000263962745384977
"bivt",5e-04,10000,"0.1",TRUE,0.00102837355136285,-0.000252194973706312
"bivt",5e-04,10000,"0.01",TRUE,0.0018,-0.000274347816463863
"bivt",5e-04,10000,"0.05",TRUE,0.000524199576428237,-0.00025429517738828
"bivt",5e-04,10000,"0.1",TRUE,0.000456889422662215,-0.000235367593437777
"bivt",5e-04,10000,"0.01",TRUE,0.00063288289355971,-0.0002752345984501
"bivt",5e-04,10000,"0.05",TRUE,0.000569917987900846,-0.000229763310316245
"bivt",5e-04,10000,"0.1",TRUE,0.000496930342927818,-0.000209669752771836
"bivt",5e-04,10000,"0.01",TRUE,0.000705805409694222,-0.00025680760224061
"bivt",5e-04,10000,"0.05",TRUE,0.000548259840795123,-0.000258016747049255
"bivt",5e-04,10000,"0.1",TRUE,0.000440054917277548,-0.00024091537159849
"bivt",5e-04,10000,"0.01",TRUE,0.000789300918402337,-0.000280484649024074
"bivt",5e-04,10000,"0.05",TRUE,0.000386078033247386,-0.000268516377193506
"bivt",5e-04,10000,"0.1",TRUE,0.000373232446144143,-0.000251152533816139
"bivt",5e-04,10000,"0.01",TRUE,0.000446316753224391,-0.000288913745534171
"bivt",5e-04,10000,"0.05",TRUE,0.000496261959306295,-0.000232777302974889
"bivt",5e-04,10000,"0.1",TRUE,0.00043724037838229,-0.000215453391111489
"bivt",5e-04,10000,"0.01",TRUE,0.00064981146853399,-0.000256718379188467
"bivt",5e-04,10000,"0.05",TRUE,0.000812338739327137,-0.000276912871984102
"bivt",5e-04,10000,"0.1",TRUE,0.000662381600990184,-0.000258447831996233
"bivt",5e-04,10000,"0.01",TRUE,0.00111624687755218,-0.000309984298899085
"bivt",5e-04,10000,"0.05",TRUE,0.000471402607246914,-0.000226294112814798
"bivt",5e-04,10000,"0.1",TRUE,0.000359190078728615,-0.000213074667827056
"bivt",5e-04,10000,"0.01",TRUE,0.000570572234965981,-0.000232293589134667
"bivt",5e-04,10000,"0.05",TRUE,0.000465965617476339,-0.000255242061614367
"bivt",5e-04,10000,"0.1",FALSE,0.000386706362269305,-0.000233293036565025
"bivt",5e-04,10000,"0.01",TRUE,0.000507411337947595,-0.000270065022377637
"bivt",5e-04,10000,"0.05",TRUE,0.00059001381127345,-0.000213167185667452
"bivt",5e-04,10000,"0.1",TRUE,0.000444258177913685,-0.000202353177060108
"bivt",5e-04,10000,"0.01",TRUE,0.000927645113403429,-0.000244809717785471
"bivt",5e-04,10000,"0.05",TRUE,0.000475698061752767,-0.000226631642973507
"bivt",5e-04,10000,"0.1",TRUE,0.000424069825726415,-0.000207008383282792
"bivt",5e-04,10000,"0.01",TRUE,0.000686867161827636,-0.000256122194073093
"bivt",5e-04,10000,"0.05",TRUE,0.000684597785536139,-0.000250649684934199
"bivt",5e-04,10000,"0.1",TRUE,0.000511321098129749,-0.000233303579834078
"bivt",5e-04,10000,"0.01",TRUE,0.000734020789153902,-0.000294550998458618
"bivt",5e-04,10000,"0.05",TRUE,0.000382506860534114,-0.000223638407569215
"bivt",5e-04,10000,"0.1",TRUE,0.000348857435906448,-0.000219836719403126
"bivt",5e-04,10000,"0.01",TRUE,0.00046788637204912,-0.000251993466355308
"bivt",5e-04,10000,"0.05",TRUE,0.00054742908540368,-0.000238593858441366
"bivt",5e-04,10000,"0.1",TRUE,0.000481140529733043,-0.000225537009047259
"bivt",5e-04,10000,"0.01",TRUE,0.00063067822530705,-0.000266381442339199
"bivt",5e-04,10000,"0.05",TRUE,0.000398071787155559,-0.000234378885287416
"bivt",5e-04,10000,"0.1",TRUE,0.000330194010250626,-0.000219447746897657
"bivt",5e-04,10000,"0.01",TRUE,0.000562639758314493,-0.000247735992395583
"bivt",5e-04,10000,"0.05",TRUE,0.000561846441677294,-0.00026943439571184
"bivt",5e-04,10000,"0.1",TRUE,0.000515669217029001,-0.000250226897213584
"bivt",5e-04,10000,"0.01",TRUE,0.000679249071413707,-0.000299262463383316
"bivt",5e-04,10000,"0.05",TRUE,0.000689418304218704,-0.0002270660761861
"bivt",5e-04,10000,"0.1",TRUE,0.000424560581152728,-0.000220692037598453
"bivt",5e-04,10000,"0.01",TRUE,0.00097712724450012,-0.000247830307420259
"bivt",5e-04,10000,"0.05",TRUE,0.000673029192489553,-0.00024683437037017
"bivt",5e-04,10000,"0.1",TRUE,0.000578918123186063,-0.00022735670759969
"bivt",5e-04,10000,"0.01",TRUE,0.000763776157571743,-0.000280401433589267
"bivt",5e-04,10000,"0.05",TRUE,0.000687873176009654,-0.000262553295286294
"bivt",5e-04,10000,"0.1",TRUE,0.000567809094273979,-0.000251732209134564
"bivt",5e-04,10000,"0.01",TRUE,0.000885128629415018,-0.000282168631053659
"bivt",5e-04,10000,"0.05",TRUE,0.000443506298299792,-0.000211960626734553
"bivt",5e-04,10000,"0.1",TRUE,0.000403269159537642,-0.000201579310603699
"bivt",5e-04,10000,"0.01",TRUE,0.000728469150603419,-0.000239659241119432
"bivt",5e-04,10000,"0.05",TRUE,0.000559233716333168,-0.000219724344966448
"bivt",5e-04,10000,"0.1",TRUE,0.000435943012784413,-0.000209405371624454
"bivt",5e-04,10000,"0.01",TRUE,0.00078739081455666,-0.000254459614518061
"bivt",5e-04,10000,"0.05",TRUE,0.000651766137097295,-0.000216247099028689
"bivt",5e-04,10000,"0.1",TRUE,0.000494847368894912,-0.000210164279326466
"bivt",5e-04,10000,"0.01",TRUE,0.000781726835415461,-0.000241576462973614
"bivt",5e-04,10000,"0.05",TRUE,0.000591429387732949,-0.000251550458748202
"bivt",5e-04,10000,"0.1",TRUE,0.000505231675402198,-0.000227967592608826
"bivt",5e-04,10000,"0.01",TRUE,0.000807128508531285,-0.0002748106593344
"bivt",5e-04,10000,"0.05",TRUE,0.000538150356083376,-0.000244953150364106
"bivt",5e-04,10000,"0.1",TRUE,0.000404804295368694,-0.00023300052799286
"bivt",5e-04,10000,"0.01",TRUE,0.000736967398580306,-0.000276003564443087
"bivt",5e-04,10000,"0.05",TRUE,0.000558458714640168,-0.00025348045786544
"bivt",5e-04,10000,"0.1",TRUE,0.000532276508504089,-0.000240610966859961
"bivt",5e-04,10000,"0.01",TRUE,0.000766290073184138,-0.000277345427139637
"bivt",5e-04,10000,"0.05",TRUE,0.000643006971549642,-0.000322431813452661
"bivt",5e-04,10000,"0.1",TRUE,0.000511674363057293,-0.000292429212440319
"bivt",5e-04,10000,"0.01",TRUE,0.000783221755782819,-0.000334283595367075
"bivt",5e-04,10000,"0.05",TRUE,0.000680520115705509,-0.000258183430378819
"bivt",5e-04,10000,"0.1",TRUE,0.00056344562274012,-0.000248901545935469
"bivt",5e-04,10000,"0.01",TRUE,0.000991239622396699,-0.000307477774184174
"bivt",5e-04,10000,"0.05",TRUE,0.000465336052948532,-0.000232648659052489
"bivt",5e-04,10000,"0.1",TRUE,0.000416219572752397,-0.000216450986822533
"bivt",5e-04,10000,"0.01",TRUE,0.000519935368775238,-0.000249494120776221
"bivt",5e-04,10000,"0.05",TRUE,0.00057782344919648,-0.0002753145350997
"bivt",5e-04,10000,"0.1",TRUE,0.000537980878319749,-0.0002619713423608
"bivt",5e-04,10000,"0.01",TRUE,0.000783608839803101,-0.000292323138606153
"bivt",5e-04,10000,"0.05",TRUE,0.00065854621012534,-0.000211008622967425
"bivt",5e-04,10000,"0.1",TRUE,0.000596946173254419,-0.0001983242042694
"bivt",5e-04,10000,"0.01",TRUE,0.000728202648885335,-0.000229722094131966
"bivt",5e-04,10000,"0.05",TRUE,0.000298786256505047,-0.000232296405876408
"bivt",5e-04,10000,"0.1",FALSE,0.000277007773322367,-0.000207545086802804
"bivt",5e-04,10000,"0.01",TRUE,0.000343165435514956,-0.000253837829767428
"bivt",5e-04,10000,"0.05",TRUE,0.00078391467106406,-0.000277114638028073
"bivt",5e-04,10000,"0.1",TRUE,0.000628515856633888,-0.000270932731766081
"bivt",5e-04,10000,"0.01",TRUE,0.000981167249729141,-0.000305467909937377
"bivt",5e-04,10000,"0.05",TRUE,0.000478804561799284,-0.000235660868857224
"bivt",5e-04,10000,"0.1",TRUE,0.00045825017859378,-0.000225353982852353
"bivt",5e-04,10000,"0.01",TRUE,0.000717910504556702,-0.000280846971853004
"bivt",5e-04,10000,"0.05",TRUE,0.000666951599062885,-0.000249600696561222
"bivt",5e-04,10000,"0.1",TRUE,0.000576435777088571,-0.000240630411798278
"bivt",5e-04,10000,"0.01",TRUE,0.00102972298364549,-0.000288022384683669
"bivt",5e-04,10000,"0.05",TRUE,0.000775004130333341,-0.000241046741795748
"bivt",5e-04,10000,"0.1",TRUE,0.000637306713054289,-0.000217809249445236
"bivt",5e-04,10000,"0.01",TRUE,0.00101161904479462,-0.000259150189977031
"bivt",5e-04,10000,"0.05",TRUE,0.000602668301789301,-0.000262048058391812
"bivt",5e-04,10000,"0.1",TRUE,0.000565490897512495,-0.000250537428569449
"bivt",5e-04,10000,"0.01",TRUE,0.000824688269465626,-0.000289306282011886
"bivt",5e-04,10000,"0.05",TRUE,0.000690786329387585,-0.000266951393455877
"bivt",5e-04,10000,"0.1",TRUE,0.000565669972415613,-0.000256101944598343
"bivt",5e-04,10000,"0.01",TRUE,0.000844732300661706,-0.000290011825377522
"bivt",5e-04,10000,"0.05",TRUE,0.000559232219687834,-0.000254383979714657
"bivt",5e-04,10000,"0.1",TRUE,0.000487700831030742,-0.000246564984870488
"bivt",5e-04,10000,"0.01",TRUE,0.000705259247216343,-0.000267095473950706
"bivt",5e-04,10000,"0.05",TRUE,0.00089752472985208,-0.000254610667106668
"bivt",5e-04,10000,"0.1",TRUE,0.00045565262620911,-0.000240973136808977
"bivt",5e-04,10000,"0.01",TRUE,0.000991333207306012,-0.000284463554358503
"bivt",5e-04,10000,"0.05",TRUE,0.000349221278696817,-0.000202412776034729
"bivt",5e-04,10000,"0.1",TRUE,0.000293452867038951,-0.000185706641397295
"bivt",5e-04,10000,"0.01",TRUE,0.000467635483598109,-0.00022295003810947
"bivt",5e-04,10000,"0.05",TRUE,0.000522163402606387,-0.00023235081075874
"bivt",5e-04,10000,"0.1",TRUE,0.000490276412260778,-0.000217581362455079
"bivt",5e-04,10000,"0.01",TRUE,0.000685860146195666,-0.00026710542072828
"bivt",5e-04,10000,"0.05",TRUE,0.000445784530256334,-0.000218728125814083
"bivt",5e-04,10000,"0.1",TRUE,0.000432376404596851,-0.000207326013685273
"bivt",5e-04,10000,"0.01",TRUE,0.000616323014595777,-0.000249126955358699
"bivt",5e-04,10000,"0.05",TRUE,0.000511439286725343,-0.00024033909365562
"bivt",5e-04,10000,"0.1",TRUE,0.000416446059649262,-0.000220011170802776
"bivt",5e-04,10000,"0.01",TRUE,0.000859820629405209,-0.000271657871228164
"bivt",5e-04,10000,"0.05",TRUE,0.000562966803048604,-0.000249509273427276
"bivt",5e-04,10000,"0.1",TRUE,0.000521042349008202,-0.00021307131664992
"bivt",5e-04,10000,"0.01",TRUE,0.000770879347895375,-0.000267494148984544
"bivt",5e-04,10000,"0.05",TRUE,0.000793305006518436,-0.000238208089806496
"bivt",5e-04,10000,"0.1",TRUE,0.000591917834193298,-0.000223994432988346
"bivt",5e-04,10000,"0.01",TRUE,0.000935807372276453,-0.000262127960749921
"bivt",5e-04,10000,"0.05",TRUE,0.00106493736374698,-0.000256119168351953
"bivt",5e-04,10000,"0.1",TRUE,0.000612914437607491,-0.000249635512499142
"bivt",5e-04,10000,"0.01",TRUE,0.00133640145334537,-0.000272096591567622
"bivt",5e-04,10000,"0.05",TRUE,0.000570387846547895,-0.000232794667439144
"bivt",5e-04,10000,"0.1",TRUE,0.000464771223962043,-0.000219851388908756
"bivt",5e-04,10000,"0.01",TRUE,0.000752528713524162,-0.000253636553320329
"bivt",5e-04,10000,"0.05",TRUE,0.000551101025017126,-0.000236229914477022
"bivt",5e-04,10000,"0.1",TRUE,0.00047188299595691,-0.000223210276597715
"bivt",5e-04,10000,"0.01",TRUE,0.000710652306323958,-0.000269228215576203
"bivt",5e-04,10000,"0.05",TRUE,0.000385459223963659,-0.000266824743138197
"bivt",5e-04,10000,"0.1",TRUE,0.000336462890981591,-0.000251985087254252
"bivt",5e-04,10000,"0.01",TRUE,0.000507613273272894,-0.000286879846415801
"bivt",5e-04,10000,"0.05",TRUE,0.000527573407742482,-0.000255410291882188
"bivt",5e-04,10000,"0.1",TRUE,0.000463669651352874,-0.000229216791135112
"bivt",5e-04,10000,"0.01",TRUE,0.00078101821267143,-0.00027346180143731
"bivt",5e-04,10000,"0.05",TRUE,0.000474975320199335,-0.000283693756989213
"bivt",5e-04,10000,"0.1",TRUE,0.000385671968893549,-0.000265094513781528
"bivt",5e-04,10000,"0.01",TRUE,0.000780359973332213,-0.00029791155149937
"bivt",5e-04,10000,"0.05",TRUE,0.000492245658883284,-0.000262860065847905
"bivt",5e-04,10000,"0.1",TRUE,0.000476216374058306,-0.000242033927437944
"bivt",5e-04,10000,"0.01",TRUE,0.000713789319488071,-0.000282374835294868
"bivt",5e-04,10000,"0.05",TRUE,0.000359052816064542,-0.000235132922063937
"bivt",5e-04,10000,"0.1",TRUE,0.000306223745709048,-0.000212814577720326
"bivt",5e-04,10000,"0.01",TRUE,0.000459142415775275,-0.000288764611212653
"bivt",5e-04,10000,"0.05",TRUE,0.000661551970638793,-0.00026702719679675
"bivt",5e-04,10000,"0.1",TRUE,0.000608772821915238,-0.000258309681011502
"bivt",5e-04,10000,"0.01",TRUE,0.000874818083497877,-0.000286412252673859
"bivt",5e-04,10000,"0.05",TRUE,0.000508118544237783,-0.00021784839214073
"bivt",5e-04,10000,"0.1",TRUE,0.000406136341749992,-0.000203813392120901
"bivt",5e-04,10000,"0.01",TRUE,0.000678930284232114,-0.000246688786959098
"bivt",5e-04,10000,"0.05",TRUE,0.00042053223586502,-0.000228928443064246
"bivt",5e-04,10000,"0.1",TRUE,0.000388562238128429,-0.000212295959364462
"bivt",5e-04,10000,"0.01",TRUE,0.00063848304670717,-0.000263660003460279
"bivt",5e-04,10000,"0.05",TRUE,0.000520682897341812,-0.00025593367965705
"bivt",5e-04,10000,"0.1",TRUE,0.0004635941488833,-0.000252948731404937
"bivt",5e-04,10000,"0.01",TRUE,0.000759273420216127,-0.000272999948007271
"bivt",5e-04,10000,"0.05",TRUE,0.000563437323070075,-0.000279424545524251
"bivt",5e-04,10000,"0.1",TRUE,0.000445421255044865,-0.000248059516070426
"bivt",5e-04,10000,"0.01",TRUE,0.000849710331696864,-0.000305483535736541
"bivt",5e-04,10000,"0.05",TRUE,0.000529623966791164,-0.000299185786228098
"bivt",5e-04,10000,"0.1",TRUE,0.000517376047094597,-0.000281626647986689
"bivt",5e-04,10000,"0.01",TRUE,0.000789025201194588,-0.000314618932953882
"bivt",5e-04,10000,"0.05",TRUE,0.000419721966955812,-0.000292657340196675
"bivt",5e-04,10000,"0.1",FALSE,0.000361841734207321,-0.00028242694876876
"bivt",5e-04,10000,"0.01",TRUE,0.000683091798326418,-0.000322373197343203
"bivt",5e-04,10000,"0.05",TRUE,0.000510995926440855,-0.000236032674815972
"bivt",5e-04,10000,"0.1",TRUE,0.000493937411203886,-0.000222762534542608
"bivt",5e-04,10000,"0.01",TRUE,0.000562245787774173,-0.000262218952283031
"bivt",5e-04,10000,"0.05",TRUE,0.000657306973621169,-0.000274619800836041
"bivt",5e-04,10000,"0.1",TRUE,0.00048785305335969,-0.000260748342540791
"bivt",5e-04,10000,"0.01",TRUE,0.000895995712760099,-0.000298422889123759
"bivt",5e-04,10000,"0.05",TRUE,0.000452902176880496,-0.000233183396160059
"bivt",5e-04,10000,"0.1",TRUE,0.00036017616117175,-0.000209631276258002
"bivt",5e-04,10000,"0.01",TRUE,0.000497972289243311,-0.000249746499541893
"bivt",5e-04,10000,"0.05",TRUE,0.000491919052479869,-0.000290948033215363
"bivt",5e-04,10000,"0.1",TRUE,0.00046472894038913,-0.000254036470585
"bivt",5e-04,10000,"0.01",TRUE,0.000786935096123553,-0.000310606285237956
"bivt",5e-04,10000,"0.05",TRUE,0.000529741864179056,-0.000237247307145568
"bivt",5e-04,10000,"0.1",TRUE,0.000431670607520556,-0.00021709841695141
"bivt",5e-04,10000,"0.01",TRUE,0.000751387583686205,-0.000259536010987435
"bivt",5e-04,10000,"0.05",TRUE,0.00073975889054716,-0.000238545725708246
"bivt",5e-04,10000,"0.1",TRUE,0.000560474865033568,-0.000219895266679703
"bivt",5e-04,10000,"0.01",TRUE,0.00089147079560411,-0.000271044374924171
"bivt",5e-04,10000,"0.05",TRUE,0.000325642838521119,-0.000206802344699774
"bivt",5e-04,10000,"0.1",TRUE,0.000274298137170084,-0.000198765861220979
"bivt",5e-04,10000,"0.01",TRUE,0.000397774508078933,-0.000225967926101037
"bivt",5e-04,10000,"0.05",TRUE,0.000729432265972747,-0.000278934282616701
"bivt",5e-04,10000,"0.1",TRUE,0.000540766098746537,-0.000269920263249345
"bivt",5e-04,10000,"0.01",TRUE,0.00105413558827016,-0.00030230244684693
"bivt",5e-04,10000,"0.05",TRUE,0.000527762959516558,-0.000235487397040628
"bivt",5e-04,10000,"0.1",TRUE,0.000427171846510981,-0.000219350297778622
"bivt",5e-04,10000,"0.01",TRUE,0.000633294681437585,-0.000259928376373014
"bivt",5e-04,10000,"0.05",TRUE,0.000552177571725249,-0.000224820044398477
"bivt",5e-04,10000,"0.1",TRUE,0.000491624021154771,-0.000215010159493146
"bivt",5e-04,10000,"0.01",TRUE,0.000639043561772866,-0.000254160473051719
"bivt",5e-04,10000,"0.05",TRUE,0.000644152656912874,-0.00024847083996011
"bivt",5e-04,10000,"0.1",TRUE,0.000410071695515884,-0.000236648302371147
"bivt",5e-04,10000,"0.01",TRUE,0.00078355990426987,-0.000274405823513044
"bivt",5e-04,10000,"0.05",TRUE,0.000477685604293349,-0.000270424091671542
"bivt",5e-04,10000,"0.1",TRUE,0.00046839006927872,-0.000256857221685519
"bivt",5e-04,10000,"0.01",TRUE,0.000666809545975561,-0.000299541990434752
"bivt",5e-04,10000,"0.05",FALSE,0.000473982155578042,-0.000250277110549237
"bivt",5e-04,10000,"0.1",FALSE,0.000426770892467802,-0.000235170393279731
"bivt",5e-04,10000,"0.01",TRUE,0.000622303988779133,-0.000271813394346958
"bivt",5e-04,10000,"0.05",TRUE,0.000467623112522789,-0.000212513391200249
"bivt",5e-04,10000,"0.1",TRUE,0.000342509960521805,-0.000198056286035029
"bivt",5e-04,10000,"0.01",TRUE,0.000955254055562663,-0.00024340954064989
"bivt",5e-04,10000,"0.05",TRUE,0.000625143815038928,-0.000289334008633676
"bivt",5e-04,10000,"0.1",TRUE,0.000553595953173222,-0.000282086627078896
"bivt",5e-04,10000,"0.01",TRUE,0.000932301415794509,-0.000320856924114867
"bivt",5e-04,10000,"0.05",TRUE,0.000415769374425028,-0.000245665030445184
"bivt",5e-04,10000,"0.1",TRUE,0.000330188174660347,-0.000237138365778626
"bivt",5e-04,10000,"0.01",TRUE,0.000573034577692395,-0.000270620276515643
"bivt",5e-04,10000,"0.05",TRUE,0.000570746535997819,-0.000225049485646378
"bivt",5e-04,10000,"0.1",TRUE,0.000458356318355326,-0.000205579276960034
"bivt",5e-04,10000,"0.01",TRUE,0.000719843900766235,-0.00024824578626516
"bivt",5e-04,10000,"0.05",TRUE,0.000387754572503275,-0.000244601729028085
"bivt",5e-04,10000,"0.1",TRUE,0.000318604541542184,-0.000221138791626145
"bivt",5e-04,10000,"0.01",TRUE,0.000468201057539045,-0.000271400638543376
"bivt",5e-04,10000,"0.05",TRUE,0.000526634197763149,-0.000263827381740176
"bivt",5e-04,10000,"0.1",TRUE,0.000476160243828723,-0.000254841582726765
"bivt",5e-04,10000,"0.01",TRUE,0.000741862474887579,-0.000280170086918544
"bivt",5e-04,10000,"0.05",TRUE,0.000388997174547434,-0.000234933029997139
"bivt",5e-04,10000,"0.1",TRUE,0.000377341430813708,-0.000220749931779838
"bivt",5e-04,10000,"0.01",TRUE,0.000635906134855319,-0.00025798739220876
"bivt",5e-04,10000,"0.05",TRUE,0.000633762078627586,-0.000243052605106615
"bivt",5e-04,10000,"0.1",TRUE,0.000604208609470408,-0.000227583310827566
"bivt",5e-04,10000,"0.01",TRUE,0.000846415794921229,-0.000261085834985967
"bivt",5e-04,10000,"0.05",TRUE,0.000420389702816329,-0.000238949413363066
"bivt",5e-04,10000,"0.1",TRUE,0.000343502282026323,-0.000224599550948462
"bivt",5e-04,10000,"0.01",TRUE,0.000569133576263888,-0.000259634746734791
"bivt",5e-04,10000,"0.05",TRUE,0.000507043613661746,-0.000279128640532391
"bivt",5e-04,10000,"0.1",TRUE,0.000474045559954006,-0.000266051989344531
"bivt",5e-04,10000,"0.01",TRUE,0.000838188638840936,-0.00031272042886056
"bivt",5e-04,10000,"0.05",TRUE,0.000681716602616904,-0.00026434431349843
"bivt",5e-04,10000,"0.1",TRUE,0.000544778594982902,-0.000253753439151575
"bivt",5e-04,10000,"0.01",TRUE,0.000993697274826297,-0.000289115670786788
"bivt",5e-04,10000,"0.05",TRUE,0.000602332022807718,-0.000282984516393405
"bivt",5e-04,10000,"0.1",TRUE,0.00055898081086569,-0.000264632295115597
"bivt",5e-04,10000,"0.01",TRUE,0.000866851247997944,-0.000309802570020269
"bivt",5e-04,10000,"0.05",TRUE,0.000517884020725482,-0.00023256177640527
"bivt",5e-04,10000,"0.1",TRUE,0.000385372732349587,-0.000218160998336319
"bivt",5e-04,10000,"0.01",TRUE,0.000622034390888813,-0.000251833315539331
"bivt",5e-04,10000,"0.05",TRUE,0.000612099671191023,-0.000229362364994063
"bivt",5e-04,10000,"0.1",TRUE,0.000537108295227568,-0.000210427542521933
"bivt",5e-04,10000,"0.01",TRUE,0.000869554618774935,-0.000246976680419267
"bivt",5e-04,10000,"0.05",TRUE,0.000561820365850439,-0.000263095128488043
"bivt",5e-04,10000,"0.1",TRUE,0.000527031783871086,-0.000246795596817963
"bivt",5e-04,10000,"0.01",TRUE,0.000824437498719614,-0.000280059730084075
"bivt",5e-04,10000,"0.05",TRUE,0.000414805882270051,-0.000230164099188645
"bivt",5e-04,10000,"0.1",TRUE,0.000368700196817455,-0.000214538342788148
"bivt",5e-04,10000,"0.01",TRUE,0.000489495318091402,-0.000251527657103578
"bivt",5e-04,10000,"0.05",TRUE,0.000487539082264842,-0.000273896412537838
"bivt",5e-04,10000,"0.1",TRUE,0.000381525571121864,-0.000250898584594849
"bivt",5e-04,10000,"0.01",TRUE,0.000892473657259352,-0.000298964339512775
"bivt",5e-04,10000,"0.05",TRUE,0.00046285698710651,-0.000307371955357061
"bivt",5e-04,10000,"0.1",TRUE,0.000375219149137156,-0.000262195477221179
"bivt",5e-04,10000,"0.01",TRUE,0.000551976908940741,-0.00032897178446761
"bivt",5e-04,10000,"0.05",TRUE,0.000542985036106205,-0.000251367992727503
"bivt",5e-04,10000,"0.1",TRUE,0.000457683829323565,-0.00023517381064644
"bivt",5e-04,10000,"0.01",TRUE,0.000657074478604561,-0.000266225103654052
"bivt",5e-04,10000,"0.05",TRUE,0.000612176322197467,-0.000241689818135527
"bivt",5e-04,10000,"0.1",TRUE,0.000460661317149419,-0.000228480124342234
"bivt",5e-04,10000,"0.01",TRUE,0.000925031554628879,-0.000262688134044114
"bivt",5e-04,10000,"0.05",TRUE,0.000445552506285887,-0.000204506245203223
"bivt",5e-04,10000,"0.1",TRUE,0.000425897172436073,-0.000190175881434455
"bivt",5e-04,10000,"0.01",TRUE,0.000621586467465488,-0.000226003518954314
"bivt",5e-04,10000,"0.05",TRUE,0.000352232014695079,-0.000249537885129742
"bivt",5e-04,10000,"0.1",TRUE,0.000343704945164194,-0.000217404840780789
"bivt",5e-04,10000,"0.01",TRUE,0.00055603659671557,-0.000261480256739293
"bivt",5e-04,10000,"0.05",TRUE,0.000517477216182623,-0.000216537467243142
"bivt",5e-04,10000,"0.1",TRUE,0.00036675550306126,-0.000197833805328234
"bivt",5e-04,10000,"0.01",TRUE,0.000673065236192192,-0.000237611649246124
"bivt",5e-04,10000,"0.05",TRUE,0.000446855625745464,-0.000254948646413701
"bivt",5e-04,10000,"0.1",TRUE,0.000364084325526797,-0.000245256336042316
"bivt",5e-04,10000,"0.01",TRUE,0.000517294766903536,-0.000266287045551616
"bivt",5e-04,10000,"0.05",TRUE,0.000632954946007138,-0.000223038392824702
"bivt",5e-04,10000,"0.1",TRUE,0.000553360685426887,-0.000206686421298093
"bivt",5e-04,10000,"0.01",TRUE,0.000908704673934494,-0.000251965862949236
"bivt",5e-04,10000,"0.05",TRUE,0.000437108868611664,-0.000222889943515591
"bivt",5e-04,10000,"0.1",TRUE,0.000323490757238782,-0.00020852305737354
"bivt",5e-04,10000,"0.01",TRUE,0.000530411612656843,-0.000244151992606715
"bivt",5e-04,10000,"0.05",TRUE,0.000501708326807904,-0.000262266228320092
"bivt",5e-04,10000,"0.1",TRUE,0.000384011804282262,-0.000251758627226539
"bivt",5e-04,10000,"0.01",TRUE,0.000740584730887812,-0.00028674622311648
"bivt",5e-04,10000,"0.05",TRUE,0.000349087110228428,-0.000244660152292288
"bivt",5e-04,10000,"0.1",TRUE,0.000310129359737086,-0.000227372080856083
"bivt",5e-04,10000,"0.01",TRUE,0.000450693646917303,-0.000259901759364418
"bivt",5e-04,10000,"0.05",TRUE,0.000909070566129464,-0.000293595927827319
"bivt",5e-04,10000,"0.1",TRUE,0.000785014856795015,-0.000273389011024011
"bivt",5e-04,10000,"0.01",TRUE,0.00126159164790376,-0.000322559112095104
"bivt",5e-04,10000,"0.05",TRUE,0.000611179415760391,-0.000249571403832061
"bivt",5e-04,10000,"0.1",TRUE,0.000578731975916082,-0.000224386154104376
"bivt",5e-04,10000,"0.01",TRUE,0.000729690528242612,-0.000260176562298028
"bivt",5e-04,10000,"0.05",TRUE,0.000464077455897873,-0.000263180868679312
"bivt",5e-04,10000,"0.1",TRUE,0.000455622948231351,-0.000247876842818422
"bivt",5e-04,10000,"0.01",TRUE,0.000575146777508956,-0.000281453679529659
"bivt",5e-04,10000,"0.05",TRUE,0.000702669758627481,-0.000241867911307864
"bivt",5e-04,10000,"0.1",TRUE,0.00059540050294609,-0.00022455472292533
"bivt",5e-04,10000,"0.01",TRUE,0.000739956113710999,-0.000291111497053783
"bivt",5e-04,10000,"0.05",TRUE,0.000474701564779003,-0.000271729342040968
"bivt",5e-04,10000,"0.1",TRUE,0.000427796502031577,-0.000247421120285854
"bivt",5e-04,10000,"0.01",TRUE,0.000509419353846146,-0.000296377383005747
"bivt",5e-04,10000,"0.05",TRUE,0.000885732380526082,-0.000259528008656747
"bivt",5e-04,10000,"0.1",TRUE,0.000733667858785216,-0.000240934023891332
"bivt",5e-04,10000,"0.01",TRUE,0.00111474995259341,-0.000306854883393297
"bivt",5e-04,10000,"0.05",TRUE,0.000695866289617797,-0.000265796589825557
"bivt",5e-04,10000,"0.1",TRUE,0.000654654604503127,-0.000260204676296043
"bivt",5e-04,10000,"0.01",TRUE,0.000853381808747316,-0.000292204675762475
"bivt",5e-04,10000,"0.05",TRUE,0.000561422291017569,-0.000242424129097588
"bivt",5e-04,10000,"0.1",TRUE,0.000484560460932497,-0.000226358710791572
"bivt",5e-04,10000,"0.01",TRUE,0.000867026026644166,-0.000269506568969019
"bivt",5e-04,10000,"0.05",TRUE,0.000494766367089665,-0.000226610368017596
"bivt",5e-04,10000,"0.1",TRUE,0.000429815865819057,-0.000216043149075643
"bivt",5e-04,10000,"0.01",TRUE,0.000721019030054782,-0.000245980280057404
"bivt",5e-04,10000,"0.05",TRUE,0.00047994206923441,-0.000235013551481006
"bivt",5e-04,10000,"0.1",TRUE,0.000399527515388052,-0.000219589688296912
"bivt",5e-04,10000,"0.01",TRUE,0.000681592133042289,-0.000266953475465529
"bivt",5e-04,10000,"0.05",TRUE,0.000509703172894562,-0.000233125180426375
"bivt",5e-04,10000,"0.1",TRUE,0.000368031851810434,-0.000215142631347952
"bivt",5e-04,10000,"0.01",TRUE,0.000831128170273562,-0.000262191519066858
"bivt",5e-04,10000,"0.05",TRUE,0.000532819657524258,-0.000240051149375505
"bivt",5e-04,10000,"0.1",TRUE,0.000431341253267989,-0.000223392451061017
"bivt",5e-04,10000,"0.01",TRUE,0.00055382530639788,-0.000262724171074636
"bivt",5e-04,10000,"0.05",TRUE,0.000999052708107703,-0.000232794498181644
"bivt",5e-04,10000,"0.1",TRUE,0.000720448355171202,-0.000225086467258659
"bivt",5e-04,10000,"0.01",TRUE,0.00135255646496017,-0.000253211170266077
"bivt",5e-04,10000,"0.05",TRUE,0.00050940570578919,-0.000258561741208874
"bivt",5e-04,10000,"0.1",TRUE,0.000478635418497722,-0.000234660117416279
"bivt",5e-04,10000,"0.01",TRUE,0.000711612779970448,-0.000281791867793878
"bivt",5e-04,10000,"0.05",TRUE,0.000360592581335854,-0.00023528206872748
"bivt",5e-04,10000,"0.1",TRUE,0.000332744149233841,-0.000217937245167744
"bivt",5e-04,10000,"0.01",TRUE,0.000555394684603106,-0.00026769812164403
"bivt",5e-04,10000,"0.05",TRUE,0.000593074802827074,-0.00026160708098564
"bivt",5e-04,10000,"0.1",TRUE,0.000442489451736111,-0.000243032718087988
"bivt",5e-04,10000,"0.01",TRUE,0.00098080153889108,-0.000281851837258574
"bivt",5e-04,10000,"0.05",TRUE,0.000295133348739278,-0.000222419302788965
"bivt",5e-04,10000,"0.1",TRUE,0.000271222408103656,-0.000195195903772149
"bivt",5e-04,10000,"0.01",TRUE,0.000425436249880202,-0.000249691085943894
"bivt",5e-04,10000,"0.05",TRUE,0.000345703550568254,-0.000249786024676127
"bivt",5e-04,10000,"0.1",TRUE,0.000305555942930621,-0.000237394133868417
"bivt",5e-04,10000,"0.01",TRUE,0.000419199481646148,-0.000274309100865357
"bivt",5e-04,10000,"0.05",TRUE,0.000446028444018859,-0.000212821402795429
"bivt",5e-04,10000,"0.1",TRUE,0.000357490443458142,-0.000203584572432409
"bivt",5e-04,10000,"0.01",TRUE,0.000563734403936535,-0.000230474991973631
"bivt",5e-04,10000,"0.05",TRUE,0.000895793690611972,-0.000254066360494345
"bivt",5e-04,10000,"0.1",TRUE,0.00077558022702737,-0.000241884777960232
"bivt",5e-04,10000,"0.01",TRUE,0.00131967412756266,-0.00028248502434258
"bivt",5e-04,10000,"0.05",TRUE,0.000397838372254604,-0.000211508328788523
"bivt",5e-04,10000,"0.1",TRUE,0.000367958244020078,-0.000195900087395436
"bivt",5e-04,10000,"0.01",TRUE,0.000715774873782005,-0.000243545359832001
"bivt",5e-04,10000,"0.05",TRUE,0.000548235826256894,-0.000265050972535836
"bivt",5e-04,10000,"0.1",TRUE,0.000505191392126443,-0.00025052781309562
"bivt",5e-04,10000,"0.01",TRUE,0.000707269574918786,-0.000279201253343097
"bivt",5e-04,10000,"0.05",TRUE,0.00072611932434009,-0.000256077287177227
"bivt",5e-04,10000,"0.1",TRUE,0.000626429892209692,-0.000233097320549259
"bivt",5e-04,10000,"0.01",TRUE,0.00100580891925944,-0.000281556806391034
"bivt",5e-04,10000,"0.05",TRUE,0.000534682842652491,-0.000249990425556963
"bivt",5e-04,10000,"0.1",TRUE,0.000434379190564289,-0.00023768256117831
"bivt",5e-04,10000,"0.01",TRUE,0.000958827355534577,-0.000267826303099654
"bivt",5e-04,10000,"0.05",TRUE,0.000554119231320461,-0.000259976111374859
"bivt",5e-04,10000,"0.1",TRUE,0.000414413531487161,-0.000248002091506356
"bivt",5e-04,10000,"0.01",TRUE,0.000712323632748054,-0.000297639508704032
"bivt",5e-04,10000,"0.05",FALSE,0.000334998451007684,-0.000276522674894077
"bivt",5e-04,10000,"0.1",FALSE,0.000315763921587186,-0.000259438397065172
"bivt",5e-04,10000,"0.01",TRUE,0.000432974029202776,-0.000297308767881803
"bivt",5e-04,10000,"0.05",TRUE,0.00061169271055159,-0.000228686791906671
"bivt",5e-04,10000,"0.1",TRUE,0.000524650497094093,-0.000213451976333168
"bivt",5e-04,10000,"0.01",TRUE,0.00108272458733976,-0.000249083436662001
"bivt",5e-04,10000,"0.05",TRUE,0.00116680007450285,-0.000291361797782603
"bivt",5e-04,10000,"0.1",TRUE,0.00110728024707314,-0.000271445874085571
"bivt",5e-04,10000,"0.01",TRUE,0.00124001318692706,-0.000318150501432
"bivt",5e-04,10000,"0.05",TRUE,0.000454809931591216,-0.000247486152784925
"bivt",5e-04,10000,"0.1",TRUE,0.000437863884301913,-0.000232045551934062
"bivt",5e-04,10000,"0.01",TRUE,0.000551497861725157,-0.000268979925864032
"bivt",5e-04,10000,"0.05",TRUE,0.000856976418649254,-0.000274155527696908
"bivt",5e-04,10000,"0.1",TRUE,0.000641294169188424,-0.000248291703034726
"bivt",5e-04,10000,"0.01",TRUE,0.000915378523527032,-0.000284818618757391
"bivt",5e-04,10000,"0.05",TRUE,0.000609056572255439,-0.000265268819176064
"bivt",5e-04,10000,"0.1",TRUE,0.000493160266571374,-0.000240400021882816
"bivt",5e-04,10000,"0.01",TRUE,0.000739193570982357,-0.000310999661921017
"bivt",5e-04,10000,"0.05",TRUE,0.000684542961251104,-0.000271744045014837
"bivt",5e-04,10000,"0.1",TRUE,0.000533745735258334,-0.000253856611553796
"bivt",5e-04,10000,"0.01",TRUE,0.00120365276290204,-0.000292517170156719
"bivt",5e-04,10000,"0.05",TRUE,0.000708416820267238,-0.000251451285188336
"bivt",5e-04,10000,"0.1",TRUE,0.000438251571107554,-0.000233364841007814
"bivt",5e-04,10000,"0.01",TRUE,0.00107208930012415,-0.000266732554728427
"bivt",5e-04,10000,"0.05",TRUE,0.000395400134898932,-0.000246845429066626
"bivt",5e-04,10000,"0.1",TRUE,0.000339006970835459,-0.000230830672819838
"bivt",5e-04,10000,"0.01",TRUE,0.000483997797908321,-0.000267363840721134
"bivt",5e-04,10000,"0.05",TRUE,0.000798544418453331,-0.000260199880681942
"bivt",5e-04,10000,"0.1",TRUE,0.000618720770535351,-0.000254756872811017
"bivt",5e-04,10000,"0.01",TRUE,0.00111658393937077,-0.000292862427722954
"bivt",5e-04,10000,"0.05",TRUE,0.000448529630687825,-0.000232198014250685
"bivt",5e-04,10000,"0.1",TRUE,0.000420398025745771,-0.000222233845356445
"bivt",5e-04,10000,"0.01",TRUE,0.000679499150340131,-0.00026007954190359
"bivt",5e-04,10000,"0.05",TRUE,0.00034055931994995,-0.000243586096529439
"bivt",5e-04,10000,"0.1",TRUE,0.00031752191880128,-0.000229286112133677
"bivt",5e-04,10000,"0.01",TRUE,0.000464303637880798,-0.000269797442457645
"bivt",5e-04,10000,"0.05",TRUE,0.000482764467316935,-0.000231622628139396
"bivt",5e-04,10000,"0.1",TRUE,0.000465208143356074,-0.000203920468360054
"bivt",5e-04,10000,"0.01",TRUE,0.000849721703840363,-0.000250370146186964
"bivt",5e-04,10000,"0.05",TRUE,0.000523218532392,-0.000255772542591805
"bivt",5e-04,10000,"0.1",TRUE,0.000508060762306551,-0.0002448915471122
"bivt",5e-04,10000,"0.01",TRUE,0.000703412189700889,-0.000299295534903748
"bivt",5e-04,10000,"0.05",TRUE,0.00064390857746992,-0.000254413951363011
"bivt",5e-04,10000,"0.1",TRUE,0.000609224040882256,-0.000239525970902974
"bivt",5e-04,10000,"0.01",TRUE,0.0008110203752958,-0.000296755876175938
"bivt",5e-04,10000,"0.05",FALSE,0.000779085441089199,-0.000308592495246439
"bivt",5e-04,10000,"0.1",FALSE,0.000644578947865496,-0.00028228822269589
"bivt",5e-04,10000,"0.01",TRUE,0.0010280682061806,-0.000315205808949042
"bivt",5e-04,10000,"0.05",TRUE,0.000414018400816772,-0.000228139294338504
"bivt",5e-04,10000,"0.1",TRUE,0.000356960254378104,-0.0002201012959108
"bivt",5e-04,10000,"0.01",TRUE,0.000556926492806616,-0.000242988042713767
"bivt",5e-04,10000,"0.05",TRUE,0.000674127498927544,-0.000222822697901112
"bivt",5e-04,10000,"0.1",TRUE,0.000645904019150404,-0.000214808088157205
"bivt",5e-04,10000,"0.01",TRUE,0.001109512005414,-0.000252277672424255
"bivt",5e-04,10000,"0.05",TRUE,0.000573260484633277,-0.000215947012150468
"bivt",5e-04,10000,"0.1",TRUE,0.000409825508451238,-0.000194521721158639
"bivt",5e-04,10000,"0.01",TRUE,0.000719554611000931,-0.00024600013471764
"bivt",5e-04,10000,"0.05",TRUE,0.000595035516645225,-0.000255834712337873
"bivt",5e-04,10000,"0.1",TRUE,0.0005676406770439,-0.00023525677705872
"bivt",5e-04,10000,"0.01",TRUE,0.000691636306411049,-0.000281387719294319
"bivt",5e-04,10000,"0.05",TRUE,0.000613514050088819,-0.000252557385580602
"bivt",5e-04,10000,"0.1",TRUE,0.000423646065956841,-0.000233178194037149
"bivt",5e-04,10000,"0.01",TRUE,0.000892303733865958,-0.000269466521381312
"bivt",5e-04,10000,"0.05",TRUE,0.000394139527354237,-0.000242578727127053
"bivt",5e-04,10000,"0.1",TRUE,0.00034251603547442,-0.00022338229165586
"bivt",5e-04,10000,"0.01",TRUE,0.000520280807051916,-0.000268048173146013
"bivt",5e-04,10000,"0.05",TRUE,0.000581226845577159,-0.000249065619321693
"bivt",5e-04,10000,"0.1",TRUE,0.000475673172290575,-0.000231271158896102
"bivt",5e-04,10000,"0.01",TRUE,0.000834840192836141,-0.000274937792226136
"bivt",1e-04,50000,"0.05",TRUE,7.18563645947011e-05,-3.89700877772167e-05
"bivt",1e-04,50000,"0.1",TRUE,6.36414036071832e-05,-3.49494057455411e-05
"bivt",1e-04,50000,"0.01",TRUE,0.000119772794188178,-4.37187138914899e-05
"bivt",1e-04,50000,"0.05",TRUE,6.89474677079219e-05,-3.9341699017277e-05
"bivt",1e-04,50000,"0.1",TRUE,5.81027025055405e-05,-3.6475124024223e-05
"bivt",1e-04,50000,"0.01",TRUE,9.93177310763656e-05,-4.38463192742506e-05
"bivt",1e-04,50000,"0.05",TRUE,5.99477915249939e-05,-4.28150377689746e-05
"bivt",1e-04,50000,"0.1",TRUE,5.0828467897996e-05,-3.91194495214344e-05
"bivt",1e-04,50000,"0.01",TRUE,0.000104999201498131,-4.73185683069342e-05
"bivt",1e-04,50000,"0.05",TRUE,7.27745264008498e-05,-3.87621580264912e-05
"bivt",1e-04,50000,"0.1",TRUE,6.40391488665345e-05,-3.7060068959703e-05
"bivt",1e-04,50000,"0.01",TRUE,9.04500184290662e-05,-4.5617388529815e-05
"bivt",1e-04,50000,"0.05",TRUE,6.25842285857699e-05,-4.04316986201657e-05
"bivt",1e-04,50000,"0.1",TRUE,5.45304457242024e-05,-3.81147894304231e-05
"bivt",1e-04,50000,"0.01",TRUE,0.000111417034790221,-4.59052008993933e-05
"bivt",1e-04,50000,"0.05",TRUE,6.76357277948913e-05,-3.84066441590226e-05
"bivt",1e-04,50000,"0.1",TRUE,6.35546956039246e-05,-3.61250654787707e-05
"bivt",1e-04,50000,"0.01",TRUE,9.8788245689007e-05,-4.65656237503835e-05
"bivt",1e-04,50000,"0.05",TRUE,6.88761797572708e-05,-4.12284605037925e-05
"bivt",1e-04,50000,"0.1",TRUE,6.5383759952081e-05,-3.83886645017966e-05
"bivt",1e-04,50000,"0.01",TRUE,8.50377263246352e-05,-4.42484892536981e-05
"bivt",1e-04,50000,"0.05",TRUE,5.46007080399199e-05,-3.82093234646378e-05
"bivt",1e-04,50000,"0.1",TRUE,4.47535870742337e-05,-3.3356012051679e-05
"bivt",1e-04,50000,"0.01",TRUE,7.50217732009511e-05,-4.19112335493344e-05
"bivt",1e-04,50000,"0.05",TRUE,7.06144735425025e-05,-3.94012533545598e-05
"bivt",1e-04,50000,"0.1",TRUE,6.00536471206355e-05,-3.77475023242683e-05
"bivt",1e-04,50000,"0.01",TRUE,8.83445545268667e-05,-4.39355531380704e-05
"bivt",1e-04,50000,"0.05",TRUE,7.63965825935144e-05,-4.54899657218304e-05
"bivt",1e-04,50000,"0.1",FALSE,6.17602333185687e-05,-4.22266021936824e-05
"bivt",1e-04,50000,"0.01",TRUE,9.4866234865329e-05,-5.06322992826747e-05
"bivt",1e-04,50000,"0.05",TRUE,6.22401569726775e-05,-3.9001823317819e-05
"bivt",1e-04,50000,"0.1",TRUE,5.62842230409713e-05,-3.56821054037318e-05
"bivt",1e-04,50000,"0.01",TRUE,8.82776583834366e-05,-4.56299525690466e-05
"bivt",1e-04,50000,"0.05",TRUE,7.30159455779984e-05,-4.14363253141094e-05
"bivt",1e-04,50000,"0.1",TRUE,5.20456458516506e-05,-3.81449218549128e-05
"bivt",1e-04,50000,"0.01",TRUE,8.30165015951546e-05,-4.52451002912764e-05
"bivt",1e-04,50000,"0.05",TRUE,6.57051269486058e-05,-4.42338041173892e-05
"bivt",1e-04,50000,"0.1",TRUE,6.13276666143761e-05,-4.14380003430222e-05
"bivt",1e-04,50000,"0.01",TRUE,8.75518241142587e-05,-4.97183763249423e-05
"bivt",1e-04,50000,"0.05",TRUE,5.90856045294235e-05,-4.42049163326157e-05
"bivt",1e-04,50000,"0.1",TRUE,5.20887896696349e-05,-4.23599080313341e-05
"bivt",1e-04,50000,"0.01",TRUE,7.94659146137257e-05,-4.59922592939477e-05
"bivt",1e-04,50000,"0.05",TRUE,6.78711126819717e-05,-4.51142499256147e-05
"bivt",1e-04,50000,"0.1",TRUE,6.20109163264008e-05,-4.07675939858573e-05
"bivt",1e-04,50000,"0.01",TRUE,8.76962270011234e-05,-5.21501374856782e-05
"bivt",1e-04,50000,"0.05",TRUE,7.71988505810354e-05,-4.85116340028394e-05
"bivt",1e-04,50000,"0.1",TRUE,6.73590719385925e-05,-4.42616502981645e-05
"bivt",1e-04,50000,"0.01",TRUE,9.48870200437363e-05,-5.13289435815103e-05
"bivt",1e-04,50000,"0.05",TRUE,7.72474800454319e-05,-4.57867720201069e-05
"bivt",1e-04,50000,"0.1",TRUE,7.18881537959458e-05,-4.34831218397496e-05
"bivt",1e-04,50000,"0.01",TRUE,9.19487356295277e-05,-5.11831850915225e-05
"bivt",1e-04,50000,"0.05",TRUE,7.34356548317049e-05,-3.8829199477295e-05
"bivt",1e-04,50000,"0.1",TRUE,5.85713620298984e-05,-3.69472178445581e-05
"bivt",1e-04,50000,"0.01",TRUE,8.54044273211942e-05,-4.33477898105212e-05
"bivt",1e-04,50000,"0.05",TRUE,7.50031636030829e-05,-4.67669395992591e-05
"bivt",1e-04,50000,"0.1",TRUE,6.85566216343215e-05,-4.48927831411077e-05
"bivt",1e-04,50000,"0.01",TRUE,8.19775241884574e-05,-5.21641938464544e-05
"bivt",1e-04,50000,"0.05",TRUE,7.61722212614783e-05,-3.67387301709828e-05
"bivt",1e-04,50000,"0.1",TRUE,6.6304342376838e-05,-3.49606413496122e-05
"bivt",1e-04,50000,"0.01",TRUE,9.52827462833964e-05,-4.28757254566257e-05
"bivt",1e-04,50000,"0.05",TRUE,7.94987536951051e-05,-5.44363986380683e-05
"bivt",1e-04,50000,"0.1",FALSE,6.53697973570956e-05,-5.24409398905382e-05
"bivt",1e-04,50000,"0.01",TRUE,0.000120488925163541,-5.76819045049484e-05
"bivt",1e-04,50000,"0.05",TRUE,8.31086064175964e-05,-4.44085315736311e-05
"bivt",1e-04,50000,"0.1",TRUE,7.22384460526638e-05,-3.9644369870888e-05
"bivt",1e-04,50000,"0.01",TRUE,0.000114932560909244,-4.92111475058744e-05
"bivt",1e-04,50000,"0.05",TRUE,6.34401538395736e-05,-3.68140354013132e-05
"bivt",1e-04,50000,"0.1",TRUE,5.14304809633612e-05,-3.41967206407556e-05
"bivt",1e-04,50000,"0.01",TRUE,0.000100711780045075,-4.1570609949575e-05
"bivt",1e-04,50000,"0.05",TRUE,6.77866263192605e-05,-4.1387308430154e-05
"bivt",1e-04,50000,"0.1",TRUE,5.54598027850845e-05,-3.95207528294286e-05
"bivt",1e-04,50000,"0.01",TRUE,8.45481147677044e-05,-4.5736216698744e-05
"bivt",1e-04,50000,"0.05",TRUE,6.32450354657656e-05,-4.011155444564e-05
"bivt",1e-04,50000,"0.1",TRUE,5.75144064185656e-05,-3.78013066082426e-05
"bivt",1e-04,50000,"0.01",TRUE,7.83968827987397e-05,-4.52089702854207e-05
"bivt",1e-04,50000,"0.05",TRUE,5.66215628438982e-05,-3.84864937588248e-05
"bivt",1e-04,50000,"0.1",TRUE,4.95855628789759e-05,-3.60309669041038e-05
"bivt",1e-04,50000,"0.01",TRUE,7.55919403949462e-05,-4.30474634702323e-05
"bivt",1e-04,50000,"0.05",TRUE,8.4634785093614e-05,-4.19780415624185e-05
"bivt",1e-04,50000,"0.1",TRUE,7.99089276841002e-05,-3.98232984292975e-05
"bivt",1e-04,50000,"0.01",TRUE,0.000118148327117852,-4.80318633011891e-05
"bivt",1e-04,50000,"0.05",TRUE,6.42741854797067e-05,-3.42008645154727e-05
"bivt",1e-04,50000,"0.1",TRUE,5.22748320903592e-05,-3.23501257797864e-05
"bivt",1e-04,50000,"0.01",TRUE,8.85908318232026e-05,-3.83512209863306e-05
"bivt",1e-04,50000,"0.05",TRUE,5.6991826765316e-05,-3.57985439512419e-05
"bivt",1e-04,50000,"0.1",TRUE,4.95194991701728e-05,-3.43352468636345e-05
"bivt",1e-04,50000,"0.01",TRUE,7.93254281628064e-05,-4.09023232876352e-05
"bivt",1e-04,50000,"0.05",TRUE,8.30143316028752e-05,-4.5365955796269e-05
"bivt",1e-04,50000,"0.1",TRUE,7.24571035979968e-05,-4.28591852609844e-05
"bivt",1e-04,50000,"0.01",TRUE,0.000101478494850014,-4.87354536698426e-05
"bivt",1e-04,50000,"0.05",TRUE,8.26985020478309e-05,-4.22811084063078e-05
"bivt",1e-04,50000,"0.1",TRUE,6.75340491410723e-05,-4.01564011602436e-05
"bivt",1e-04,50000,"0.01",TRUE,0.00010145458726139,-4.51687630131916e-05
"bivt",1e-04,50000,"0.05",TRUE,5.13939410965609e-05,-3.94008116811681e-05
"bivt",1e-04,50000,"0.1",TRUE,4.52158706011783e-05,-3.61751301866866e-05
"bivt",1e-04,50000,"0.01",TRUE,6.79600711339144e-05,-4.23634667213626e-05
"bivt",1e-04,50000,"0.05",TRUE,7.09638957057927e-05,-4.70323451808925e-05
"bivt",1e-04,50000,"0.1",FALSE,6.13337270494584e-05,-4.35404173290811e-05
"bivt",1e-04,50000,"0.01",TRUE,8.67836904047744e-05,-5.11672537950029e-05
"bivt",1e-04,50000,"0.05",TRUE,9.33085790612096e-05,-4.91400088970198e-05
"bivt",1e-04,50000,"0.1",TRUE,8.03790410658594e-05,-4.62937184429481e-05
"bivt",1e-04,50000,"0.01",TRUE,0.000109832811594912,-5.22433938178046e-05
"bivt",1e-04,50000,"0.05",TRUE,7.54341416357044e-05,-4.37979026072286e-05
"bivt",1e-04,50000,"0.1",TRUE,6.92821110349754e-05,-4.14670835007175e-05
"bivt",1e-04,50000,"0.01",TRUE,9.31423059278896e-05,-4.71837799678254e-05
"bivt",1e-04,50000,"0.05",TRUE,8.87040609394454e-05,-4.59635437151807e-05
"bivt",1e-04,50000,"0.1",TRUE,7.35741331401507e-05,-4.42453521722245e-05
"bivt",1e-04,50000,"0.01",TRUE,0.000111810088392896,-5.32370886280068e-05
"bivt",1e-04,50000,"0.05",TRUE,0.000114602024648962,-4.77915890987906e-05
"bivt",1e-04,50000,"0.1",TRUE,8.34912960635397e-05,-4.47117614737277e-05
"bivt",1e-04,50000,"0.01",TRUE,0.000149008087923089,-5.1698964739806e-05
"bivt",1e-04,50000,"0.05",TRUE,6.14344995825049e-05,-3.96982996335462e-05
"bivt",1e-04,50000,"0.1",TRUE,5.34262622909611e-05,-3.62553725792918e-05
"bivt",1e-04,50000,"0.01",TRUE,7.89688865920344e-05,-4.41618840604994e-05
"bivt",1e-04,50000,"0.05",TRUE,0.000148320294061059,-4.67249017968199e-05
"bivt",1e-04,50000,"0.1",TRUE,0.000120707708127774,-4.3338239830418e-05
"bivt",1e-04,50000,"0.01",TRUE,0.000208721376409573,-5.03838460095847e-05
"bivt",1e-04,50000,"0.05",TRUE,7.6668196944814e-05,-4.18921626539809e-05
"bivt",1e-04,50000,"0.1",TRUE,6.86568542049212e-05,-3.83537444794077e-05
"bivt",1e-04,50000,"0.01",TRUE,9.16931266626496e-05,-4.52068822547403e-05
"bivt",1e-04,50000,"0.05",TRUE,8.66731327062296e-05,-4.17363547559256e-05
"bivt",1e-04,50000,"0.1",TRUE,7.35932638742454e-05,-3.91838887363334e-05
"bivt",1e-04,50000,"0.01",TRUE,0.000102816612496588,-4.74929907653993e-05
"bivt",1e-04,50000,"0.05",TRUE,8.14887759314737e-05,-4.62339129197446e-05
"bivt",1e-04,50000,"0.1",TRUE,7.49258914543645e-05,-4.47519737420934e-05
"bivt",1e-04,50000,"0.01",TRUE,0.000101050549630254,-5.13681669212643e-05
"bivt",1e-04,50000,"0.05",FALSE,5.70413443033414e-05,-3.33448670461611e-05
"bivt",1e-04,50000,"0.1",FALSE,4.75775240075323e-05,-3.11381865042427e-05
"bivt",1e-04,50000,"0.01",TRUE,7.79934647453799e-05,-3.80906625231967e-05
"bivt",1e-04,50000,"0.05",TRUE,7.86018167569615e-05,-4.40099453432545e-05
"bivt",1e-04,50000,"0.1",TRUE,6.73020413353251e-05,-4.19730923199479e-05
"bivt",1e-04,50000,"0.01",TRUE,9.73995107907378e-05,-4.759218476124e-05
"bivt",1e-04,50000,"0.05",TRUE,6.83842205063429e-05,-4.21109667150899e-05
"bivt",1e-04,50000,"0.1",TRUE,5.69514104622668e-05,-4.02953781215369e-05
"bivt",1e-04,50000,"0.01",TRUE,9.62402974897279e-05,-4.40206259303744e-05
"bivt",1e-04,50000,"0.05",TRUE,8.3479446536525e-05,-4.01476911337663e-05
"bivt",1e-04,50000,"0.1",TRUE,5.60632845524826e-05,-3.84042157092023e-05
"bivt",1e-04,50000,"0.01",TRUE,8.74641317318674e-05,-4.39092887000482e-05
"bivt",1e-04,50000,"0.05",TRUE,0.000114521898997335,-3.82584255225839e-05
"bivt",1e-04,50000,"0.1",TRUE,9.94158821643256e-05,-3.59669822029007e-05
"bivt",1e-04,50000,"0.01",TRUE,0.000155928062284843,-4.13655754057715e-05
"bivt",1e-04,50000,"0.05",TRUE,6.10794443577415e-05,-4.06264366347935e-05
"bivt",1e-04,50000,"0.1",TRUE,5.22976158899572e-05,-3.82786371827462e-05
"bivt",1e-04,50000,"0.01",TRUE,8.26116798406972e-05,-4.46707477971629e-05
"bivt",1e-04,50000,"0.05",TRUE,9.5018478128539e-05,-4.13391966406961e-05
"bivt",1e-04,50000,"0.1",TRUE,7.89342153516533e-05,-3.95091967692315e-05
"bivt",1e-04,50000,"0.01",TRUE,0.000139475486884383,-4.7094518222419e-05
"bivt",1e-04,50000,"0.05",TRUE,0.00010098243518549,-4.90638413715918e-05
"bivt",1e-04,50000,"0.1",TRUE,7.81224829753821e-05,-4.80139724983314e-05
"bivt",1e-04,50000,"0.01",TRUE,0.000115061982503058,-5.12957296502727e-05
"bivt",1e-04,50000,"0.05",TRUE,7.44932680150467e-05,-5.02212664509094e-05
"bivt",1e-04,50000,"0.1",TRUE,6.33402879899376e-05,-4.51410913081792e-05
"bivt",1e-04,50000,"0.01",TRUE,0.00010173029648524,-5.68537987519585e-05
"bivt",1e-04,50000,"0.05",TRUE,8.98628979078545e-05,-4.25671293196088e-05
"bivt",1e-04,50000,"0.1",TRUE,7.87700502597223e-05,-4.10921440174913e-05
"bivt",1e-04,50000,"0.01",TRUE,0.000140224988515606,-4.73488478482819e-05
"bivt",1e-04,50000,"0.05",TRUE,8.71080104144577e-05,-4.32115632151425e-05
"bivt",1e-04,50000,"0.1",TRUE,8.3819325789985e-05,-4.02155153319446e-05
"bivt",1e-04,50000,"0.01",TRUE,0.000106586572542528,-4.66008810451484e-05
"bivt",1e-04,50000,"0.05",TRUE,6.99150936378168e-05,-3.91908582735001e-05
"bivt",1e-04,50000,"0.1",TRUE,5.48713550594202e-05,-3.6728025174728e-05
"bivt",1e-04,50000,"0.01",TRUE,9.66438707095025e-05,-4.33625416696386e-05
"bivt",1e-04,50000,"0.05",TRUE,0.000108055261057437,-4.00830394058364e-05
"bivt",1e-04,50000,"0.1",TRUE,9.31362928431857e-05,-3.79846575693883e-05
"bivt",1e-04,50000,"0.01",TRUE,0.000179271689542801,-4.43709354341626e-05
"bivt",1e-04,50000,"0.05",TRUE,7.49448259028812e-05,-4.30540869259272e-05
"bivt",1e-04,50000,"0.1",TRUE,6.96541790100363e-05,-4.03112856978115e-05
"bivt",1e-04,50000,"0.01",TRUE,9.31814731523181e-05,-4.72284054064799e-05
"bivt",1e-04,50000,"0.05",TRUE,8.61513131940717e-05,-4.29894011432892e-05
"bivt",1e-04,50000,"0.1",TRUE,7.52044112678829e-05,-4.12748841604094e-05
"bivt",1e-04,50000,"0.01",TRUE,0.00010739470035559,-4.79299668766245e-05
"bivt",1e-04,50000,"0.05",TRUE,6.67460355178401e-05,-4.49856151867396e-05
"bivt",1e-04,50000,"0.1",TRUE,5.42545554449903e-05,-4.1181538373929e-05
"bivt",1e-04,50000,"0.01",TRUE,7.35087016535448e-05,-4.77068033289136e-05
"bivt",1e-04,50000,"0.05",TRUE,7.78182459756239e-05,-3.99128947312126e-05
"bivt",1e-04,50000,"0.1",TRUE,7.6409438127796e-05,-3.75551612630485e-05
"bivt",1e-04,50000,"0.01",TRUE,0.000122588791736299,-4.20916363627915e-05
"bivt",1e-04,50000,"0.05",TRUE,5.9957033678132e-05,-3.82283570504514e-05
"bivt",1e-04,50000,"0.1",TRUE,5.01912834519771e-05,-3.61043042140082e-05
"bivt",1e-04,50000,"0.01",TRUE,7.46763193217637e-05,-4.38187315869765e-05
"bivt",1e-04,50000,"0.05",TRUE,6.07793545021877e-05,-4.13066129063323e-05
"bivt",1e-04,50000,"0.1",TRUE,5.4411876967321e-05,-3.93806113971508e-05
"bivt",1e-04,50000,"0.01",TRUE,7.59942096300494e-05,-4.72732169402388e-05
"bivt",1e-04,50000,"0.05",TRUE,7.28726441461313e-05,-3.88343865222809e-05
"bivt",1e-04,50000,"0.1",TRUE,6.24248590798348e-05,-3.55278996194256e-05
"bivt",1e-04,50000,"0.01",TRUE,9.81338328146112e-05,-4.50867282673103e-05
"bivt",1e-04,50000,"0.05",TRUE,5.04839701604598e-05,-4.07400081182118e-05
"bivt",1e-04,50000,"0.1",TRUE,4.52047009025062e-05,-3.87954628888738e-05
"bivt",1e-04,50000,"0.01",TRUE,7.50566944019277e-05,-4.33838995302339e-05
"bivt",1e-04,50000,"0.05",TRUE,7.10622976694797e-05,-3.81361126499983e-05
"bivt",1e-04,50000,"0.1",TRUE,6.14725236292878e-05,-3.65616123368684e-05
"bivt",1e-04,50000,"0.01",TRUE,9.15066474567706e-05,-4.27654496408293e-05
"bivt",1e-04,50000,"0.05",TRUE,7.55866028032987e-05,-4.35001644720382e-05
"bivt",1e-04,50000,"0.1",TRUE,6.78187412524337e-05,-4.18474711465388e-05
"bivt",1e-04,50000,"0.01",TRUE,0.000100651203151299,-5.34024047590103e-05
"bivt",1e-04,50000,"0.05",TRUE,7.92206188935212e-05,-4.10221108241603e-05
"bivt",1e-04,50000,"0.1",TRUE,6.28420592848451e-05,-3.88123074040441e-05
"bivt",1e-04,50000,"0.01",TRUE,0.000107944946046507,-4.54953752974949e-05
"bivt",1e-04,50000,"0.05",TRUE,7.06896954711242e-05,-4.04154568119896e-05
"bivt",1e-04,50000,"0.1",TRUE,5.78269100347959e-05,-3.74156987008233e-05
"bivt",1e-04,50000,"0.01",TRUE,9.6975787879192e-05,-4.43924167970768e-05
"bivt",1e-04,50000,"0.05",TRUE,8.24682624988357e-05,-4.08782457340833e-05
"bivt",1e-04,50000,"0.1",TRUE,6.82135499159892e-05,-3.89407554518298e-05
"bivt",1e-04,50000,"0.01",TRUE,0.000126890343194111,-4.51506746796511e-05
"bivt",1e-04,50000,"0.05",TRUE,6.85797000186926e-05,-4.15053638012784e-05
"bivt",1e-04,50000,"0.1",TRUE,6.10009154335171e-05,-3.91672789017719e-05
"bivt",1e-04,50000,"0.01",TRUE,9.92052416313507e-05,-4.41666290910898e-05
"bivt",1e-04,50000,"0.05",TRUE,7.00638323043014e-05,-4.3312512098113e-05
"bivt",1e-04,50000,"0.1",TRUE,5.67212830073379e-05,-4.03083370123272e-05
"bivt",1e-04,50000,"0.01",TRUE,9.14259032761011e-05,-4.72196773669451e-05
"bivt",1e-04,50000,"0.05",TRUE,6.90285146860467e-05,-3.72824891585788e-05
"bivt",1e-04,50000,"0.1",TRUE,6.04156076179202e-05,-3.40041417163049e-05
"bivt",1e-04,50000,"0.01",TRUE,8.57786439424457e-05,-4.09450550610521e-05
"bivt",1e-04,50000,"0.05",TRUE,0.000164030830160391,-4.96486174733251e-05
"bivt",1e-04,50000,"0.1",TRUE,0.000145100717135543,-4.81447777718416e-05
"bivt",1e-04,50000,"0.01",TRUE,0.000192079621570606,-5.45968969014558e-05
"bivt",1e-04,50000,"0.05",TRUE,7.85209845704569e-05,-3.913908058596e-05
"bivt",1e-04,50000,"0.1",TRUE,6.31480367168961e-05,-3.66243506298586e-05
"bivt",1e-04,50000,"0.01",TRUE,9.85376099639284e-05,-4.40750981025922e-05
"bivt",1e-04,50000,"0.05",TRUE,7.54354861364474e-05,-3.92324805020824e-05
"bivt",1e-04,50000,"0.1",TRUE,5.9173542838901e-05,-3.61583054875858e-05
"bivt",1e-04,50000,"0.01",TRUE,8.05930237300576e-05,-4.50687329122986e-05
"bivt",1e-04,50000,"0.05",TRUE,6.93717559352805e-05,-4.22821152866927e-05
"bivt",1e-04,50000,"0.1",TRUE,5.73667832641218e-05,-3.80521725811711e-05
"bivt",1e-04,50000,"0.01",TRUE,8.93652539282118e-05,-5.28100197905235e-05
"bivt",1e-04,50000,"0.05",TRUE,8.47605920067264e-05,-4.74927664037033e-05
"bivt",1e-04,50000,"0.1",TRUE,7.64882878493517e-05,-4.53310009243849e-05
"bivt",1e-04,50000,"0.01",TRUE,0.0001116892179005,-5.00753442906823e-05
"bivt",1e-04,50000,"0.05",TRUE,5.12269588447786e-05,-3.90556643582413e-05
"bivt",1e-04,50000,"0.1",TRUE,4.50567755740795e-05,-3.53226706298975e-05
"bivt",1e-04,50000,"0.01",TRUE,6.78490613208173e-05,-4.40037544655631e-05
"bivt",1e-04,50000,"0.05",TRUE,6.39570261745498e-05,-4.50104601854674e-05
"bivt",1e-04,50000,"0.1",TRUE,5.73460194190555e-05,-4.30927592638355e-05
"bivt",1e-04,50000,"0.01",TRUE,9.87771718685931e-05,-5.043620222517e-05
"bivt",1e-04,50000,"0.05",TRUE,8.56732863527273e-05,-4.80862438340513e-05
"bivt",1e-04,50000,"0.1",TRUE,7.99368221539498e-05,-4.68625377124328e-05
"bivt",1e-04,50000,"0.01",TRUE,0.000115739713080399,-5.15280423135398e-05
"bivt",1e-04,50000,"0.05",TRUE,8.53859086211765e-05,-5.01976304927043e-05
"bivt",1e-04,50000,"0.1",TRUE,7.22280317833741e-05,-4.656823760174e-05
"bivt",1e-04,50000,"0.01",TRUE,0.000146751364582047,-5.45402463882573e-05
"bivt",1e-04,50000,"0.05",TRUE,5.98040174012994e-05,-3.81619273834034e-05
"bivt",1e-04,50000,"0.1",TRUE,5.11971736463775e-05,-3.61950401649302e-05
"bivt",1e-04,50000,"0.01",TRUE,7.06975604348875e-05,-4.37509347720024e-05
"bivt",1e-04,50000,"0.05",FALSE,4.9972355577438e-05,-3.26502458103058e-05
"bivt",1e-04,50000,"0.1",FALSE,4.34956435292123e-05,-2.96685449582248e-05
"bivt",1e-04,50000,"0.01",TRUE,7.35560678181493e-05,-3.83522176829657e-05
"bivt",1e-04,50000,"0.05",TRUE,0.000103668538982266,-4.11554697210815e-05
"bivt",1e-04,50000,"0.1",TRUE,9.13617803855729e-05,-3.80979614125138e-05
"bivt",1e-04,50000,"0.01",TRUE,0.00014530381143392,-4.33419771337328e-05
"bivt",1e-04,50000,"0.05",TRUE,8.03728738576091e-05,-3.91155734327946e-05
"bivt",1e-04,50000,"0.1",TRUE,6.87952437515596e-05,-3.5594647900073e-05
"bivt",1e-04,50000,"0.01",TRUE,0.000109692889910978,-4.36777848094834e-05
"bivt",1e-04,50000,"0.05",TRUE,6.47397930965445e-05,-4.29821809984555e-05
"bivt",1e-04,50000,"0.1",TRUE,6.11392692707645e-05,-3.89176495925244e-05
"bivt",1e-04,50000,"0.01",TRUE,9.33325555222452e-05,-4.48258156812624e-05
"bivt",1e-04,50000,"0.05",TRUE,6.18308503366288e-05,-4.16635851951462e-05
"bivt",1e-04,50000,"0.1",TRUE,5.30867933440483e-05,-3.86409846609772e-05
"bivt",1e-04,50000,"0.01",TRUE,7.32654196211942e-05,-4.57847124415224e-05
"bivt",1e-04,50000,"0.05",TRUE,6.92001618747807e-05,-4.06611304698474e-05
"bivt",1e-04,50000,"0.1",TRUE,5.30704943150416e-05,-3.84806508719556e-05
"bivt",1e-04,50000,"0.01",TRUE,9.03536532644578e-05,-4.53556110371661e-05
"bivt",1e-04,50000,"0.05",TRUE,7.26427457573677e-05,-3.79414530975356e-05
"bivt",1e-04,50000,"0.1",TRUE,5.90813228799783e-05,-3.52653761386717e-05
"bivt",1e-04,50000,"0.01",TRUE,9.32483489734e-05,-4.17528013770231e-05
"bivt",1e-04,50000,"0.05",TRUE,8.56846142596064e-05,-4.3139483070369e-05
"bivt",1e-04,50000,"0.1",TRUE,7.14281084897739e-05,-4.00639030872838e-05
"bivt",1e-04,50000,"0.01",TRUE,0.000105348076408821,-4.61022218030374e-05
"bivt",1e-04,50000,"0.05",TRUE,7.40628627268173e-05,-4.34041932910745e-05
"bivt",1e-04,50000,"0.1",TRUE,5.96320395306584e-05,-4.10106444453969e-05
"bivt",1e-04,50000,"0.01",TRUE,8.9545251764975e-05,-5.07192648909079e-05
"bivt",1e-04,50000,"0.05",TRUE,6.64405023810765e-05,-4.10489730196226e-05
"bivt",1e-04,50000,"0.1",TRUE,5.50918212286827e-05,-3.9264145417438e-05
"bivt",1e-04,50000,"0.01",TRUE,7.84770882397514e-05,-4.80629589637411e-05
"bivt",1e-04,50000,"0.05",TRUE,7.12646694020322e-05,-3.90733844608787e-05
"bivt",1e-04,50000,"0.1",TRUE,6.33858372437627e-05,-3.67551733328179e-05
"bivt",1e-04,50000,"0.01",TRUE,9.76967868990711e-05,-4.27856512256456e-05
"bivt",1e-04,50000,"0.05",TRUE,7.96906328330416e-05,-3.92274602526348e-05
"bivt",1e-04,50000,"0.1",TRUE,7.31331411348467e-05,-3.71320750389381e-05
"bivt",1e-04,50000,"0.01",TRUE,9.28027721621881e-05,-4.51044697935407e-05
"bivt",1e-04,50000,"0.05",TRUE,7.35958016766711e-05,-4.2603781030874e-05
"bivt",1e-04,50000,"0.1",TRUE,6.33517325341498e-05,-3.90181558473371e-05
"bivt",1e-04,50000,"0.01",TRUE,9.97024111874834e-05,-4.68367214828061e-05
"bivt",1e-04,50000,"0.05",TRUE,5.66129568704443e-05,-3.86389377853777e-05
"bivt",1e-04,50000,"0.1",TRUE,4.82055099321022e-05,-3.57102216453645e-05
"bivt",1e-04,50000,"0.01",TRUE,6.63391142279641e-05,-4.50762477844748e-05
"bivt",1e-04,50000,"0.05",TRUE,6.66899811739642e-05,-4.6203418247351e-05
"bivt",1e-04,50000,"0.1",TRUE,5.1773215686888e-05,-4.25266044682836e-05
"bivt",1e-04,50000,"0.01",TRUE,8.40293276651763e-05,-5.25844270324485e-05
"bivt",1e-04,50000,"0.05",TRUE,9.04431483251803e-05,-4.10468941195249e-05
"bivt",1e-04,50000,"0.1",TRUE,7.98669006712722e-05,-3.73227428199392e-05
"bivt",1e-04,50000,"0.01",TRUE,0.000118028604086895,-4.59579992634814e-05
"bivt",1e-04,50000,"0.05",TRUE,6.18865335371531e-05,-3.99943188502619e-05
"bivt",1e-04,50000,"0.1",TRUE,5.78104798723332e-05,-3.65911308406809e-05
"bivt",1e-04,50000,"0.01",TRUE,0.000107307934362177,-4.27653019089498e-05
"bivt",1e-04,50000,"0.05",TRUE,6.84160320640626e-05,-4.22059959795203e-05
"bivt",1e-04,50000,"0.1",TRUE,5.74749065675796e-05,-3.96857661930071e-05
"bivt",1e-04,50000,"0.01",TRUE,8.70424836109829e-05,-4.78132542315299e-05
"bivt",1e-04,50000,"0.05",TRUE,6.22704860144615e-05,-3.9756232521616e-05
"bivt",1e-04,50000,"0.1",TRUE,6.09262591773139e-05,-3.6821149096258e-05
"bivt",1e-04,50000,"0.01",TRUE,8.88768477297198e-05,-4.47337900756815e-05
"bivt",1e-04,50000,"0.05",TRUE,6.52297080352378e-05,-3.86609520385603e-05
"bivt",1e-04,50000,"0.1",TRUE,5.8001761296407e-05,-3.65005163756239e-05
"bivt",1e-04,50000,"0.01",TRUE,9.26282632918038e-05,-4.39319357996172e-05
"bivt",1e-04,50000,"0.05",TRUE,6.69676398698682e-05,-4.03590790825546e-05
"bivt",1e-04,50000,"0.1",TRUE,5.93323943560403e-05,-3.90841032892801e-05
"bivt",1e-04,50000,"0.01",TRUE,8.28656369165255e-05,-4.64304416206024e-05
"bivt",1e-04,50000,"0.05",TRUE,7.91107146763314e-05,-4.15561872528569e-05
"bivt",1e-04,50000,"0.1",TRUE,6.95565515149821e-05,-3.92341533026065e-05
"bivt",1e-04,50000,"0.01",TRUE,0.000112646479236083,-4.62814449906641e-05
"bivt",1e-04,50000,"0.05",TRUE,8.43707370149662e-05,-3.94290102291384e-05
"bivt",1e-04,50000,"0.1",TRUE,7.69413987943118e-05,-3.71288833859943e-05
"bivt",1e-04,50000,"0.01",TRUE,0.000100727540779341,-4.73391745851166e-05
"bivt",1e-04,50000,"0.05",TRUE,8.96372997752196e-05,-4.02556436908169e-05
"bivt",1e-04,50000,"0.1",TRUE,8.07271130547368e-05,-3.77701051305124e-05
"bivt",1e-04,50000,"0.01",TRUE,0.000130197811032905,-4.40339504970185e-05
"bivt",1e-04,50000,"0.05",TRUE,7.99962558347213e-05,-4.08168244320219e-05
"bivt",1e-04,50000,"0.1",TRUE,7.12851932619632e-05,-3.91819271472215e-05
"bivt",1e-04,50000,"0.01",TRUE,9.62848926660024e-05,-4.59198212114307e-05
"bivt",1e-04,50000,"0.05",TRUE,8.69433209795994e-05,-4.10628746158709e-05
"bivt",1e-04,50000,"0.1",TRUE,6.23384319852242e-05,-3.828800229549e-05
"bivt",1e-04,50000,"0.01",TRUE,0.000104938181334503,-4.52804823535175e-05
"bivt",1e-04,50000,"0.05",TRUE,0.000147233460058323,-4.6427611485277e-05
"bivt",1e-04,50000,"0.1",TRUE,0.000103815773599323,-4.22408753437211e-05
"bivt",1e-04,50000,"0.01",TRUE,0.000170313844280077,-5.1195071661355e-05
"bivt",1e-04,50000,"0.05",TRUE,7.31275642094267e-05,-4.65935759813791e-05
"bivt",1e-04,50000,"0.1",TRUE,5.76522022133364e-05,-4.50200234391463e-05
"bivt",1e-04,50000,"0.01",TRUE,9.34044703361411e-05,-4.93584997548756e-05
"bivt",1e-04,50000,"0.05",TRUE,8.42867157154349e-05,-4.44129290512888e-05
"bivt",1e-04,50000,"0.1",TRUE,6.95143953500892e-05,-4.16947186181568e-05
"bivt",1e-04,50000,"0.01",TRUE,0.000161419526260571,-5.0454796213117e-05
"bivt",1e-04,50000,"0.05",TRUE,7.69285491607075e-05,-4.19374908400664e-05
"bivt",1e-04,50000,"0.1",TRUE,7.08373323728465e-05,-4.04849212057783e-05
"bivt",1e-04,50000,"0.01",TRUE,9.73323787755704e-05,-4.61641405506865e-05
"bivt",1e-04,50000,"0.05",TRUE,7.46587451041317e-05,-3.51041846523598e-05
"bivt",1e-04,50000,"0.1",FALSE,5.91128065556779e-05,-3.27566199911066e-05
"bivt",1e-04,50000,"0.01",TRUE,9.51722683920608e-05,-4.08855404629611e-05
"bivt",1e-04,50000,"0.05",TRUE,8.11252348938798e-05,-4.2624786133186e-05
"bivt",1e-04,50000,"0.1",TRUE,7.60372871020132e-05,-4.05691342917547e-05
"bivt",1e-04,50000,"0.01",TRUE,9.87769999000565e-05,-4.81549408475163e-05
"bivt",1e-04,50000,"0.05",TRUE,7.20947271638753e-05,-3.93462475997705e-05
"bivt",1e-04,50000,"0.1",TRUE,6.13975008002306e-05,-3.76818525262391e-05
"bivt",1e-04,50000,"0.01",TRUE,8.40839011311624e-05,-4.29764796066709e-05
"bivt",1e-04,50000,"0.05",TRUE,8.67517526610694e-05,-3.81554587105943e-05
"bivt",1e-04,50000,"0.1",TRUE,8.08914707510484e-05,-3.62334737395389e-05
"bivt",1e-04,50000,"0.01",TRUE,0.000101029311869,-4.29454054879394e-05
"bivt",1e-04,50000,"0.05",TRUE,7.50979163552538e-05,-4.55440467419988e-05
"bivt",1e-04,50000,"0.1",TRUE,6.24522256184573e-05,-4.0901840269026e-05
"bivt",1e-04,50000,"0.01",TRUE,9.53967454300321e-05,-4.95261635230572e-05
"bivt",1e-04,50000,"0.05",TRUE,9.42712435589394e-05,-4.61192740078197e-05
"bivt",1e-04,50000,"0.1",TRUE,8.30837260923501e-05,-4.29323690521243e-05
"bivt",1e-04,50000,"0.01",TRUE,0.000153445009693603,-5.09008138186722e-05
"bivt",1e-04,50000,"0.05",TRUE,5.04878778018507e-05,-3.59653519951335e-05
"bivt",1e-04,50000,"0.1",TRUE,3.92164449875195e-05,-3.34961316505437e-05
"bivt",1e-04,50000,"0.01",TRUE,7.48249044679367e-05,-3.89080310548865e-05
"bivt",1e-04,50000,"0.05",TRUE,5.53545800540052e-05,-3.47872391370571e-05
"bivt",1e-04,50000,"0.1",TRUE,4.69933244303568e-05,-3.36647010132059e-05
"bivt",1e-04,50000,"0.01",TRUE,7.62741009029792e-05,-3.96292939816022e-05
"bivt",1e-04,50000,"0.05",TRUE,6.81745246631819e-05,-4.201777394933e-05
"bivt",1e-04,50000,"0.1",TRUE,5.79616530764293e-05,-3.84902487055131e-05
"bivt",1e-04,50000,"0.01",TRUE,8.06138566480192e-05,-4.45007340407228e-05
"bivt",1e-04,50000,"0.05",TRUE,8.53057458989902e-05,-4.09822693611269e-05
"bivt",1e-04,50000,"0.1",TRUE,6.89803722839522e-05,-3.78036582566258e-05
"bivt",1e-04,50000,"0.01",TRUE,0.000120861111108212,-4.65007304110415e-05
"bivt",1e-04,50000,"0.05",TRUE,6.67126899243085e-05,-4.18728390650191e-05
"bivt",1e-04,50000,"0.1",TRUE,5.78357791957002e-05,-3.88141158314894e-05
"bivt",1e-04,50000,"0.01",TRUE,8.19156902278736e-05,-4.75506773927894e-05
"bivt",1e-04,50000,"0.05",TRUE,8.09819591225701e-05,-4.22752687066937e-05
"bivt",1e-04,50000,"0.1",TRUE,7.15034200071772e-05,-4.00161949440899e-05
"bivt",1e-04,50000,"0.01",TRUE,0.000103538745682836,-5.13371780093307e-05
"bivt",1e-04,50000,"0.05",TRUE,7.30105057710338e-05,-4.02149970730526e-05
"bivt",1e-04,50000,"0.1",TRUE,6.35114562296873e-05,-3.91208153076639e-05
"bivt",1e-04,50000,"0.01",TRUE,8.83565090225724e-05,-4.54982829553509e-05
"bivt",1e-04,50000,"0.05",TRUE,7.79250792552351e-05,-3.78916744390914e-05
"bivt",1e-04,50000,"0.1",TRUE,7.66915282967903e-05,-3.45084777157734e-05
"bivt",1e-04,50000,"0.01",TRUE,8.98420909842407e-05,-4.29397376311269e-05
"bivt",1e-04,50000,"0.05",TRUE,7.87390304807054e-05,-4.72557823153919e-05
"bivt",1e-04,50000,"0.1",TRUE,6.62904638211051e-05,-4.25276157627651e-05
"bivt",1e-04,50000,"0.01",TRUE,9.12646745342916e-05,-5.20010331468115e-05
"bivt",1e-04,50000,"0.05",TRUE,8.91087462838527e-05,-4.17609845970048e-05
"bivt",1e-04,50000,"0.1",TRUE,7.53611484241177e-05,-4.01126566143904e-05
"bivt",1e-04,50000,"0.01",TRUE,0.000109249719823948,-4.83365903072926e-05
"bivt",1e-04,50000,"0.05",TRUE,9.70692043779883e-05,-4.72755644199547e-05
"bivt",1e-04,50000,"0.1",TRUE,9.03732459883368e-05,-4.60455070037562e-05
"bivt",1e-04,50000,"0.01",TRUE,0.000150250782301157,-5.18335552398535e-05
"bivt",1e-04,50000,"0.05",TRUE,6.69117047233365e-05,-4.01462366518602e-05
"bivt",1e-04,50000,"0.1",TRUE,6.24396573244203e-05,-3.89157253092456e-05
"bivt",1e-04,50000,"0.01",TRUE,9.4804799508619e-05,-4.542156745355e-05
"bivt",1e-04,50000,"0.05",TRUE,9.52282842939067e-05,-4.16056241347539e-05
"bivt",1e-04,50000,"0.1",TRUE,7.39750848582702e-05,-3.93184112091102e-05
"bivt",1e-04,50000,"0.01",TRUE,0.000122831226795577,-4.78490299126571e-05
"bivt",1e-04,50000,"0.05",TRUE,6.54128740324049e-05,-3.71296956212169e-05
"bivt",1e-04,50000,"0.1",TRUE,5.83798805916197e-05,-3.31598469386329e-05
"bivt",1e-04,50000,"0.01",TRUE,7.72686867479635e-05,-3.88592515020574e-05
"bivt",1e-04,50000,"0.05",TRUE,7.19391035473984e-05,-4.13449992651935e-05
"bivt",1e-04,50000,"0.1",TRUE,6.67550295988989e-05,-3.96569005219859e-05
"bivt",1e-04,50000,"0.01",TRUE,0.000144480161232012,-4.53632290624961e-05
"bivt",1e-04,50000,"0.05",TRUE,9.07248981754022e-05,-4.20023554977812e-05
"bivt",1e-04,50000,"0.1",TRUE,8.15655404106928e-05,-3.8358841492921e-05
"bivt",1e-04,50000,"0.01",TRUE,0.000133557198441228,-4.61775064050028e-05
"bivt",1e-04,50000,"0.05",TRUE,8.53138453660254e-05,-4.66654396032285e-05
"bivt",1e-04,50000,"0.1",TRUE,7.25911243724024e-05,-4.34855145945148e-05
"bivt",1e-04,50000,"0.01",TRUE,0.000103676005824445,-5.15403719224192e-05
"bivt",1e-04,50000,"0.05",TRUE,9.39369668189708e-05,-4.23384573046576e-05
"bivt",1e-04,50000,"0.1",TRUE,8.2848132870641e-05,-3.90032891847921e-05
"bivt",1e-04,50000,"0.01",TRUE,0.000126924802970647,-4.65209875426526e-05
"bivt",1e-04,50000,"0.05",TRUE,6.25654221676852e-05,-4.15402679330067e-05
"bivt",1e-04,50000,"0.1",TRUE,5.71028991060944e-05,-3.88272361653015e-05
"bivt",1e-04,50000,"0.01",TRUE,8.18253422451423e-05,-4.97777298325142e-05
"bivt",1e-04,50000,"0.05",TRUE,8.08058979756292e-05,-4.46316018372549e-05
"bivt",1e-04,50000,"0.1",TRUE,7.1202001784979e-05,-4.18516146632915e-05
"bivt",1e-04,50000,"0.01",TRUE,9.80247861956392e-05,-5.13416007211124e-05
"bivt",1e-04,50000,"0.05",TRUE,0.000102452237185975,-4.27954383957444e-05
"bivt",1e-04,50000,"0.1",TRUE,8.37696994417632e-05,-4.04286477032646e-05
"bivt",1e-04,50000,"0.01",TRUE,0.000130952638079011,-4.8992071055707e-05
"bivt",1e-04,50000,"0.05",TRUE,8.19043993508391e-05,-4.53779478863956e-05
"bivt",1e-04,50000,"0.1",TRUE,6.76984100638787e-05,-4.19903008471879e-05
"bivt",1e-04,50000,"0.01",TRUE,0.000123236040910113,-5.22463181838058e-05
"bivt",1e-04,50000,"0.05",TRUE,8.62933104202372e-05,-3.99465745116516e-05
"bivt",1e-04,50000,"0.1",TRUE,6.4810012630156e-05,-3.83968529619695e-05
"bivt",1e-04,50000,"0.01",TRUE,0.000115018364642215,-4.61914158488966e-05
"bivt",1e-04,50000,"0.05",TRUE,7.03599405749422e-05,-4.54529060764989e-05
"bivt",1e-04,50000,"0.1",TRUE,6.53398269177276e-05,-4.19831338426914e-05
"bivt",1e-04,50000,"0.01",TRUE,0.000112184598406477,-5.12054246486472e-05
"bivt",1e-04,50000,"0.05",TRUE,5.17770354607574e-05,-3.34659287105993e-05
"bivt",1e-04,50000,"0.1",TRUE,4.46379463715494e-05,-3.17586539709436e-05
"bivt",1e-04,50000,"0.01",TRUE,6.50115190532189e-05,-3.88126972173282e-05
"bivt",1e-04,50000,"0.05",TRUE,6.92049446122532e-05,-4.59717352588283e-05
"bivt",1e-04,50000,"0.1",TRUE,6.3195777432955e-05,-4.42209051290561e-05
"bivt",1e-04,50000,"0.01",TRUE,9.42974497972812e-05,-5.12030990625959e-05
"bivt",1e-04,50000,"0.05",TRUE,0.000112876225430191,-4.41024588587327e-05
"bivt",1e-04,50000,"0.1",TRUE,8.28983445026151e-05,-4.1741169165987e-05
"bivt",1e-04,50000,"0.01",TRUE,0.000132801672623631,-4.94447382913075e-05
"bivt",1e-04,50000,"0.05",TRUE,9.25931618372447e-05,-4.34614346413344e-05
"bivt",1e-04,50000,"0.1",TRUE,7.483475392317e-05,-3.95444253752231e-05
"bivt",1e-04,50000,"0.01",TRUE,0.000112530497941309,-5.04323996411744e-05
"bivt",1e-04,50000,"0.05",TRUE,7.0395827436518e-05,-3.51731883524673e-05
"bivt",1e-04,50000,"0.1",TRUE,6.35967769398847e-05,-3.31840966127047e-05
"bivt",1e-04,50000,"0.01",TRUE,8.70549648120092e-05,-4.08156832973584e-05
"bivt",1e-04,50000,"0.05",TRUE,6.64203093246482e-05,-3.97636143868267e-05
"bivt",1e-04,50000,"0.1",TRUE,5.05175561610121e-05,-3.60399118793698e-05
"bivt",1e-04,50000,"0.01",TRUE,9.6582405905824e-05,-4.3713342609388e-05
"bivt",1e-04,50000,"0.05",TRUE,7.82680388355015e-05,-4.49691678215074e-05
"bivt",1e-04,50000,"0.1",TRUE,7.64322614301053e-05,-4.1733507329521e-05
"bivt",1e-04,50000,"0.01",TRUE,9.0972029106964e-05,-4.92400881058023e-05
"bivt",1e-04,50000,"0.05",TRUE,7.00903568429709e-05,-4.37493911189264e-05
"bivt",1e-04,50000,"0.1",TRUE,6.43282443299291e-05,-4.11843872943737e-05
"bivt",1e-04,50000,"0.01",TRUE,8.0534932905399e-05,-4.63216768133392e-05
"bivt",1e-04,50000,"0.05",TRUE,5.55886248975844e-05,-3.31195883765406e-05
"bivt",1e-04,50000,"0.1",TRUE,4.78289040664293e-05,-3.06476983250005e-05
"bivt",1e-04,50000,"0.01",TRUE,7.92722011897317e-05,-3.94507873457516e-05
"bivt",1e-04,50000,"0.05",TRUE,6.17114494127259e-05,-3.92928745394501e-05
"bivt",1e-04,50000,"0.1",TRUE,5.11553093721731e-05,-3.72462063680302e-05
"bivt",1e-04,50000,"0.01",TRUE,8.56221807729708e-05,-4.40954586424548e-05
"bivt",1e-04,50000,"0.05",TRUE,4.14411021394431e-05,-3.46128236163359e-05
"bivt",1e-04,50000,"0.1",TRUE,3.58740660373045e-05,-3.37704744815308e-05
"bivt",1e-04,50000,"0.01",TRUE,5.20156463600591e-05,-4.16393754619407e-05
"bivt",1e-04,50000,"0.05",TRUE,6.04440851967708e-05,-4.35374982031975e-05
"bivt",1e-04,50000,"0.1",TRUE,5.79202805350126e-05,-3.91664637706662e-05
"bivt",1e-04,50000,"0.01",TRUE,7.65628236422892e-05,-4.83959767832498e-05
"bivt",1e-04,50000,"0.05",TRUE,7.38564803932818e-05,-4.12307662895435e-05
"bivt",1e-04,50000,"0.1",TRUE,6.09603807516394e-05,-3.82224045168665e-05
"bivt",1e-04,50000,"0.01",TRUE,9.23878086425728e-05,-4.45106523017222e-05
"bivt",1e-04,50000,"0.05",TRUE,8.68133497608723e-05,-4.9826870678922e-05
"bivt",1e-04,50000,"0.1",TRUE,7.12068990261571e-05,-4.51837514636932e-05
"bivt",1e-04,50000,"0.01",TRUE,0.000129306483593929,-5.50090878398208e-05
"bivt",1e-04,50000,"0.05",TRUE,8.02388335109846e-05,-4.19254512278849e-05
"bivt",1e-04,50000,"0.1",TRUE,7.65909059408745e-05,-3.98410104653663e-05
"bivt",1e-04,50000,"0.01",TRUE,0.000104922634648668,-4.69194737173257e-05
"bivt",1e-04,50000,"0.05",TRUE,7.25682684860731e-05,-4.02908031016724e-05
"bivt",1e-04,50000,"0.1",TRUE,6.05468700336379e-05,-3.70753321362592e-05
"bivt",1e-04,50000,"0.01",TRUE,8.82203262883891e-05,-4.36515043311204e-05
"bivt",1e-04,50000,"0.05",TRUE,8.40940032496689e-05,-3.94192436938747e-05
"bivt",1e-04,50000,"0.1",TRUE,6.56728247462526e-05,-3.67382303483744e-05
"bivt",1e-04,50000,"0.01",TRUE,0.000120481163651208,-4.25662683695812e-05
"bivt",1e-04,50000,"0.05",TRUE,7.89355942285257e-05,-4.25097310376462e-05
"bivt",1e-04,50000,"0.1",TRUE,6.82513998351043e-05,-3.99336086548643e-05
"bivt",1e-04,50000,"0.01",TRUE,0.000114178867695955,-4.82005373571331e-05
"bivt",1e-04,50000,"0.05",TRUE,8.11018729502184e-05,-4.16666451732036e-05
"bivt",1e-04,50000,"0.1",TRUE,6.32389187198127e-05,-3.91439119414549e-05
"bivt",1e-04,50000,"0.01",TRUE,0.000102360502516605,-4.60961832060173e-05
"bivt",1e-04,50000,"0.05",TRUE,5.23121249310846e-05,-3.62725042067437e-05
"bivt",1e-04,50000,"0.1",TRUE,4.7931723696015e-05,-3.33712579954148e-05
"bivt",1e-04,50000,"0.01",TRUE,6.62066341481586e-05,-4.41806192146298e-05
"bivt",1e-04,50000,"0.05",TRUE,7.95081195037265e-05,-4.59027341785985e-05
"bivt",1e-04,50000,"0.1",TRUE,7.47751141367774e-05,-4.26986715883944e-05
"bivt",1e-04,50000,"0.01",TRUE,0.000114990210072181,-5.32699060669568e-05
"bivt",1e-04,50000,"0.05",TRUE,8.0720765654074e-05,-3.80301609045916e-05
"bivt",1e-04,50000,"0.1",TRUE,7.18731868357763e-05,-3.62939956215199e-05
"bivt",1e-04,50000,"0.01",TRUE,0.000100892644011061,-4.21030929556445e-05
"bivt",1e-04,50000,"0.05",TRUE,9.55658183693911e-05,-4.18107003300004e-05
"bivt",1e-04,50000,"0.1",TRUE,7.99391485379134e-05,-3.89566009008718e-05
"bivt",1e-04,50000,"0.01",TRUE,0.000130912528592296,-4.784456269792e-05
"bivt",1e-04,50000,"0.05",TRUE,6.09537428186714e-05,-3.99619168070556e-05
"bivt",1e-04,50000,"0.1",TRUE,5.34181147195073e-05,-3.60110145457242e-05
"bivt",1e-04,50000,"0.01",TRUE,8.3712186631871e-05,-4.41929435238919e-05
"bivt",1e-04,50000,"0.05",TRUE,7.48720855051326e-05,-4.13838025331969e-05
"bivt",1e-04,50000,"0.1",TRUE,6.22658928983314e-05,-3.80978532558955e-05
"bivt",1e-04,50000,"0.01",TRUE,8.71383153733041e-05,-4.63742636828958e-05
"bivt",1e-04,50000,"0.05",TRUE,7.64354156581615e-05,-4.22362522742958e-05
"bivt",1e-04,50000,"0.1",TRUE,6.54135795938022e-05,-4.01118350026928e-05
"bivt",1e-04,50000,"0.01",TRUE,9.94248877502686e-05,-4.96719925681469e-05
"bivt",1e-04,50000,"0.05",TRUE,4.99332548554084e-05,-3.81362461684143e-05
"bivt",1e-04,50000,"0.1",TRUE,4.43626986329505e-05,-3.39597269412045e-05
"bivt",1e-04,50000,"0.01",TRUE,6.55413094808253e-05,-4.07711153420171e-05
"bivt",1e-04,50000,"0.05",TRUE,5.63253556442822e-05,-3.82970500514428e-05
"bivt",1e-04,50000,"0.1",TRUE,5.08236921288132e-05,-3.47843622413484e-05
"bivt",1e-04,50000,"0.01",TRUE,7.07507291784442e-05,-4.37561439873704e-05
"bivt",1e-04,50000,"0.05",TRUE,7.25831944945777e-05,-3.83118884539329e-05
"bivt",1e-04,50000,"0.1",TRUE,6.67054957617242e-05,-3.62186234703467e-05
"bivt",1e-04,50000,"0.01",TRUE,9.61482972867359e-05,-4.53349017294636e-05
"bivt",1e-04,50000,"0.05",TRUE,0.000104784992368363,-4.210781974006e-05
"bivt",1e-04,50000,"0.1",TRUE,8.37239457441553e-05,-4.0353835317862e-05
"bivt",1e-04,50000,"0.01",TRUE,0.000145796012268487,-4.70110288514749e-05
"bivt",1e-04,50000,"0.05",TRUE,6.96969906063563e-05,-4.28780430218313e-05
"bivt",1e-04,50000,"0.1",TRUE,6.24648341326097e-05,-3.74906704845412e-05
"bivt",1e-04,50000,"0.01",TRUE,9.9965359767129e-05,-4.6225139188537e-05
"bivt",1e-04,50000,"0.05",TRUE,7.43545972521377e-05,-4.39679161381723e-05
"bivt",1e-04,50000,"0.1",TRUE,5.8904566863786e-05,-3.91602872130701e-05
"bivt",1e-04,50000,"0.01",TRUE,0.000103820733104407,-4.78865832073879e-05
"bivt",1e-04,50000,"0.05",TRUE,7.16250407559008e-05,-4.13393595492422e-05
"bivt",1e-04,50000,"0.1",TRUE,6.5600597777634e-05,-3.80710030711827e-05
"bivt",1e-04,50000,"0.01",TRUE,0.000111045070538655,-4.45770201940113e-05
"bivt",1e-04,50000,"0.05",TRUE,7.08877003792005e-05,-4.14039101880743e-05
"bivt",1e-04,50000,"0.1",TRUE,6.1354847879863e-05,-3.59413946851747e-05
"bivt",1e-04,50000,"0.01",TRUE,9.5293792112217e-05,-4.84703369218344e-05
"bivt",1e-04,50000,"0.05",TRUE,8.10898988944079e-05,-4.50222228182121e-05
"bivt",1e-04,50000,"0.1",TRUE,6.40178282264842e-05,-4.42591703118894e-05
"bivt",1e-04,50000,"0.01",TRUE,0.000153405265185504,-4.79656896045314e-05
"bivt",1e-04,50000,"0.05",TRUE,0.000105925974653656,-4.36573266406263e-05
"bivt",1e-04,50000,"0.1",TRUE,8.52211220983475e-05,-4.17190539772662e-05
"bivt",1e-04,50000,"0.01",TRUE,0.000155590660967781,-4.99306593806201e-05
"bivt",1e-04,50000,"0.05",TRUE,7.19525939383333e-05,-3.99987465622145e-05
"bivt",1e-04,50000,"0.1",TRUE,5.58182425362957e-05,-3.73635731059951e-05
"bivt",1e-04,50000,"0.01",TRUE,9.09191771022063e-05,-4.3406422457548e-05
"bivt",1e-04,50000,"0.05",TRUE,6.18152444509904e-05,-4.23269247187259e-05
"bivt",1e-04,50000,"0.1",TRUE,5.52108930248354e-05,-3.98608736397238e-05
"bivt",1e-04,50000,"0.01",TRUE,7.85442316867889e-05,-4.65391453718238e-05
"bivt",1e-04,50000,"0.05",TRUE,6.55422776514352e-05,-4.3675576912066e-05
"bivt",1e-04,50000,"0.1",TRUE,5.95855699616201e-05,-3.91588556797356e-05
"bivt",1e-04,50000,"0.01",TRUE,8.74918499981275e-05,-4.99416373665716e-05
"bivt",1e-04,50000,"0.05",TRUE,7.80351420375116e-05,-4.09904072121205e-05
"bivt",1e-04,50000,"0.1",TRUE,7.05622123883065e-05,-3.93535394089644e-05
"bivt",1e-04,50000,"0.01",TRUE,9.71276203841312e-05,-4.63424702386862e-05
"bivt",1e-04,50000,"0.05",TRUE,6.42708852527036e-05,-4.17899536896978e-05
"bivt",1e-04,50000,"0.1",TRUE,5.70578997789887e-05,-3.86673555437735e-05
"bivt",1e-04,50000,"0.01",TRUE,8.16475664263161e-05,-4.53746411912336e-05
"bivt",1e-04,50000,"0.05",TRUE,7.11207095721889e-05,-4.15165704963452e-05
"bivt",1e-04,50000,"0.1",TRUE,5.85298068578541e-05,-3.85154506024711e-05
"bivt",1e-04,50000,"0.01",TRUE,0.000102761365274892,-4.65295392073373e-05
"bivt",1e-04,50000,"0.05",TRUE,7.70327090507568e-05,-4.47317913513522e-05
"bivt",1e-04,50000,"0.1",FALSE,5.90633045522474e-05,-4.17393063780555e-05
"bivt",1e-04,50000,"0.01",TRUE,0.000101026701790337,-5.00628038402868e-05
"bivt",1e-04,50000,"0.05",TRUE,6.63563565009909e-05,-4.09366675125686e-05
"bivt",1e-04,50000,"0.1",TRUE,5.50023697633319e-05,-3.81067602025025e-05
"bivt",1e-04,50000,"0.01",TRUE,8.37208734883766e-05,-4.58494968282592e-05
"bivt",1e-04,50000,"0.05",TRUE,6.56742397336562e-05,-4.01846122199739e-05
"bivt",1e-04,50000,"0.1",TRUE,5.57175315332096e-05,-3.73255827904406e-05
"bivt",1e-04,50000,"0.01",TRUE,8.13323488248615e-05,-4.64524524982973e-05
"bivt",1e-04,50000,"0.05",TRUE,0.000122960523371812,-4.69829028119603e-05
"bivt",1e-04,50000,"0.1",TRUE,0.000102457968699564,-4.42256768636194e-05
"bivt",1e-04,50000,"0.01",TRUE,0.000151253535124505,-5.00707668534768e-05
"bivt",1e-04,50000,"0.05",TRUE,8.93638852425662e-05,-3.72108764468958e-05
"bivt",1e-04,50000,"0.1",TRUE,8.32851914877226e-05,-3.4745698669266e-05
"bivt",1e-04,50000,"0.01",TRUE,0.000118321421865821,-4.38657507142571e-05
"bivt",1e-04,50000,"0.05",TRUE,5.95586993885956e-05,-4.14581943516078e-05
"bivt",1e-04,50000,"0.1",TRUE,5.523397211469e-05,-3.87639197416912e-05
"bivt",1e-04,50000,"0.01",TRUE,7.74301294954996e-05,-4.57101528765147e-05
"bivt",1e-04,50000,"0.05",TRUE,7.29003581407326e-05,-4.48929541529999e-05
"bivt",1e-04,50000,"0.1",TRUE,6.03082965779396e-05,-4.13250071673613e-05
"bivt",1e-04,50000,"0.01",TRUE,9.18333557345147e-05,-4.91694967561815e-05
"bivt",1e-04,50000,"0.05",TRUE,8.88942941917767e-05,-4.68122879188666e-05
"bivt",1e-04,50000,"0.1",TRUE,7.78008356569185e-05,-4.39730247731618e-05
"bivt",1e-04,50000,"0.01",TRUE,0.000109677163816276,-5.14894369903726e-05
"bivt",1e-04,50000,"0.05",TRUE,0.000103650982013521,-4.82035416828169e-05
"bivt",1e-04,50000,"0.1",TRUE,8.70050236161637e-05,-4.57489174936511e-05
"bivt",1e-04,50000,"0.01",TRUE,0.000144365224790252,-5.28470342651285e-05
"bivt",1e-04,50000,"0.05",TRUE,6.911742337911e-05,-4.17425641995285e-05
"bivt",1e-04,50000,"0.1",TRUE,6.00541093290614e-05,-3.85468913857561e-05
"bivt",1e-04,50000,"0.01",TRUE,9.61858330673316e-05,-4.71034635017362e-05
"bivt",1e-04,50000,"0.05",TRUE,4.50048958479501e-05,-3.76806825932849e-05
"bivt",1e-04,50000,"0.1",TRUE,4.1439054530346e-05,-3.43215974124356e-05
"bivt",1e-04,50000,"0.01",TRUE,5.599533490687e-05,-4.23518355742184e-05
"bivt",1e-04,50000,"0.05",TRUE,9.09705874911991e-05,-4.66556738516543e-05
"bivt",1e-04,50000,"0.1",TRUE,7.87380049344156e-05,-4.38615654283899e-05
"bivt",1e-04,50000,"0.01",TRUE,0.00012704594105467,-5.09582374360759e-05
"bivt",1e-04,50000,"0.05",TRUE,8.30662595811668e-05,-4.02473680372147e-05
"bivt",1e-04,50000,"0.1",TRUE,7.30716562780221e-05,-3.63124504183795e-05
"bivt",1e-04,50000,"0.01",TRUE,0.000116088961620515,-4.41216325825536e-05
"bivt",1e-04,50000,"0.05",TRUE,6.00692686956545e-05,-4.09510060186045e-05
"bivt",1e-04,50000,"0.1",TRUE,5.37978705243406e-05,-3.744539555643e-05
"bivt",1e-04,50000,"0.01",TRUE,6.67085018700808e-05,-4.51795333857704e-05
"bivt",1e-04,50000,"0.05",TRUE,8.20007589106272e-05,-4.31751466106539e-05
"bivt",1e-04,50000,"0.1",TRUE,7.3201266135105e-05,-4.00615547971053e-05
"bivt",1e-04,50000,"0.01",TRUE,9.78342092962802e-05,-4.61366954464875e-05
"bivt",1e-04,50000,"0.05",TRUE,7.37351161630388e-05,-4.04533342605848e-05
"bivt",1e-04,50000,"0.1",TRUE,5.82621317314665e-05,-3.686435969218e-05
"bivt",1e-04,50000,"0.01",TRUE,8.65683045728025e-05,-4.48957668730927e-05
"bivt",1e-04,50000,"0.05",TRUE,6.49099346480715e-05,-3.65791170046883e-05
"bivt",1e-04,50000,"0.1",TRUE,5.53001365733304e-05,-3.36290339928232e-05
"bivt",1e-04,50000,"0.01",TRUE,9.37853877162747e-05,-4.15947014229611e-05
"bivt",1e-04,50000,"0.05",TRUE,8.21048707088381e-05,-4.76455727997112e-05
"bivt",1e-04,50000,"0.1",TRUE,7.2514786411618e-05,-4.31106476089251e-05
"bivt",1e-04,50000,"0.01",TRUE,0.000119878310305898,-5.20437533026756e-05
"bivt",1e-04,50000,"0.05",TRUE,8.7824645547434e-05,-4.05798667256459e-05
"bivt",1e-04,50000,"0.1",TRUE,7.04977372545937e-05,-3.88880238492311e-05
"bivt",1e-04,50000,"0.01",TRUE,0.000122445540689022,-4.79205811593163e-05
"bivt",1e-04,50000,"0.05",TRUE,7.28326967198437e-05,-4.15067607577862e-05
"bivt",1e-04,50000,"0.1",TRUE,6.76574666357007e-05,-3.98470350170335e-05
"bivt",1e-04,50000,"0.01",TRUE,9.92565945248288e-05,-4.66606320822082e-05
"bivt",1e-04,50000,"0.05",FALSE,5.95819569528107e-05,-5.12294719707254e-05
"bivt",1e-04,50000,"0.1",FALSE,5.39396680304955e-05,-4.84524250298717e-05
"bivt",1e-04,50000,"0.01",TRUE,0.000105094749019778,-5.41884002204484e-05
"bivt",1e-04,50000,"0.05",TRUE,6.65775954285918e-05,-3.838001745175e-05
"bivt",1e-04,50000,"0.1",TRUE,5.68629552863862e-05,-3.61196103039732e-05
"bivt",1e-04,50000,"0.01",TRUE,7.64223234447385e-05,-4.36515568692194e-05
"bivt",1e-04,50000,"0.05",TRUE,6.30738896094081e-05,-4.06994077614424e-05
"bivt",1e-04,50000,"0.1",TRUE,5.76313182871094e-05,-3.84705275688554e-05
"bivt",1e-04,50000,"0.01",TRUE,7.11076820760677e-05,-4.36593305948234e-05
"bivt",1e-04,50000,"0.05",TRUE,6.48913307889527e-05,-3.86910577808992e-05
"bivt",1e-04,50000,"0.1",TRUE,5.73570560709539e-05,-3.59349597331895e-05
"bivt",1e-04,50000,"0.01",TRUE,8.35977725663237e-05,-4.50627974963752e-05
"bivt",1e-04,50000,"0.05",TRUE,6.97672609844637e-05,-3.69993166137787e-05
"bivt",1e-04,50000,"0.1",TRUE,6.23470428110303e-05,-3.51483782078445e-05
"bivt",1e-04,50000,"0.01",TRUE,9.35815131111131e-05,-4.15082061370707e-05
"bivt",1e-04,50000,"0.05",TRUE,7.27691254018714e-05,-3.89045660662778e-05
"bivt",1e-04,50000,"0.1",TRUE,6.33077396336597e-05,-3.57553584795739e-05
"bivt",1e-04,50000,"0.01",TRUE,0.000135721251222766,-4.10900008796096e-05
"bivt",1e-04,50000,"0.05",TRUE,7.30672570942607e-05,-3.95883825248089e-05
"bivt",1e-04,50000,"0.1",TRUE,6.46298068377783e-05,-3.69467361829696e-05
"bivt",1e-04,50000,"0.01",TRUE,0.000109573004024635,-4.32585213274897e-05
"bivt",1e-04,50000,"0.05",TRUE,6.84759158969924e-05,-4.08307664884494e-05
"bivt",1e-04,50000,"0.1",TRUE,6.17296626901082e-05,-3.92269169628567e-05
"bivt",1e-04,50000,"0.01",TRUE,9.31513859152187e-05,-4.66429204561135e-05
"bivt",1e-04,50000,"0.05",TRUE,0.000142303585988467,-4.21305009596095e-05
"bivt",1e-04,50000,"0.1",TRUE,0.000107766603655748,-4.0921894782103e-05
"bivt",1e-04,50000,"0.01",TRUE,0.000198852263020275,-4.89659144551128e-05
"bivt",1e-04,50000,"0.05",TRUE,8.60010438893936e-05,-4.61931143797637e-05
"bivt",1e-04,50000,"0.1",TRUE,7.86809326894336e-05,-4.26982970729776e-05
"bivt",1e-04,50000,"0.01",TRUE,0.000105774739176478,-5.06545117436595e-05
"bivt",1e-04,50000,"0.05",TRUE,5.66087031099418e-05,-4.01392719147498e-05
"bivt",1e-04,50000,"0.1",TRUE,5.19156234906603e-05,-3.83476282771821e-05
"bivt",1e-04,50000,"0.01",TRUE,6.47673068385142e-05,-4.4523119372643e-05
"bivt",1e-04,50000,"0.05",TRUE,6.35872378345065e-05,-3.87092008763664e-05
"bivt",1e-04,50000,"0.1",TRUE,4.79307954872619e-05,-3.50143124670768e-05
"bivt",1e-04,50000,"0.01",TRUE,7.97049236978012e-05,-4.37554260674244e-05
"bivt",1e-04,50000,"0.05",TRUE,9.47815856827627e-05,-3.93637487744157e-05
"bivt",1e-04,50000,"0.1",TRUE,7.42982631595315e-05,-3.89102543974805e-05
"bivt",1e-04,50000,"0.01",TRUE,0.000126095188138348,-4.50182363665527e-05
"bivt",1e-04,50000,"0.05",TRUE,7.48555818817853e-05,-4.18737144562013e-05
"bivt",1e-04,50000,"0.1",TRUE,6.02623405286608e-05,-3.90393422128515e-05
"bivt",1e-04,50000,"0.01",TRUE,9.01469734035541e-05,-4.69554572225048e-05
"bivt",1e-04,50000,"0.05",TRUE,6.96375117935013e-05,-4.07765561038127e-05
"bivt",1e-04,50000,"0.1",TRUE,5.621040498339e-05,-3.82026959923456e-05
"bivt",1e-04,50000,"0.01",TRUE,0.00011472839560536,-4.5280549868651e-05
"bivt",1e-04,50000,"0.05",TRUE,6.65000036919396e-05,-3.8740448688054e-05
"bivt",1e-04,50000,"0.1",TRUE,5.52160685151004e-05,-3.46304746609688e-05
"bivt",1e-04,50000,"0.01",TRUE,7.65820278746208e-05,-4.38665404277291e-05
"bivt",1e-04,50000,"0.05",TRUE,7.46577434453849e-05,-4.12236514848081e-05
"bivt",1e-04,50000,"0.1",TRUE,6.58792966164022e-05,-3.76170124110229e-05
"bivt",1e-04,50000,"0.01",TRUE,8.98323867122311e-05,-4.83513828223983e-05
"bivt",1e-04,50000,"0.05",TRUE,9.3770236770004e-05,-4.12969740230594e-05
"bivt",1e-04,50000,"0.1",TRUE,7.43166527181403e-05,-3.78270449269024e-05
"bivt",1e-04,50000,"0.01",TRUE,0.000111953179011951,-4.8383767859236e-05
"bivt",1e-04,50000,"0.05",TRUE,7.72119520535007e-05,-4.34510344224359e-05
"bivt",1e-04,50000,"0.1",TRUE,6.22162509769953e-05,-4.00917766253938e-05
"bivt",1e-04,50000,"0.01",TRUE,8.89370012605588e-05,-4.97609290081513e-05
"bivt",1e-04,50000,"0.05",TRUE,8.95423266721913e-05,-3.81768509181234e-05
"bivt",1e-04,50000,"0.1",TRUE,5.99079168170064e-05,-3.59224046357589e-05
"bivt",1e-04,50000,"0.01",TRUE,9.60808147368669e-05,-4.5100746629692e-05
"bivt",1e-04,50000,"0.05",TRUE,6.17813835917529e-05,-4.14440398801851e-05
"bivt",1e-04,50000,"0.1",TRUE,5.75312805024899e-05,-3.86247540036654e-05
"bivt",1e-04,50000,"0.01",TRUE,8.95164110118715e-05,-4.50259494544519e-05
"bivt",1e-04,50000,"0.05",TRUE,5.61843142216577e-05,-3.95245024047351e-05
"bivt",1e-04,50000,"0.1",TRUE,5.22474357067491e-05,-3.61062821643243e-05
"bivt",1e-04,50000,"0.01",TRUE,6.60732667452023e-05,-4.52594636069445e-05
"bivt",1e-04,50000,"0.05",TRUE,5.58509463703486e-05,-4.16942347046032e-05
"bivt",1e-04,50000,"0.1",TRUE,4.63850870525099e-05,-3.93113556332519e-05
"bivt",1e-04,50000,"0.01",TRUE,7.2985243626587e-05,-4.79932448132503e-05
"bivt",1e-04,50000,"0.05",TRUE,8.54169131634989e-05,-4.26015306045152e-05
"bivt",1e-04,50000,"0.1",TRUE,7.46813907677639e-05,-4.14994644707841e-05
"bivt",1e-04,50000,"0.01",TRUE,0.000104729876722442,-4.69367593632552e-05
"bivt",1e-04,50000,"0.05",TRUE,7.71493663570847e-05,-4.34188754326773e-05
"bivt",1e-04,50000,"0.1",TRUE,6.77787327536424e-05,-4.10463438759295e-05
"bivt",1e-04,50000,"0.01",TRUE,0.000137399502279109,-4.71278715092154e-05
"bivt",1e-04,50000,"0.05",TRUE,7.54456441894425e-05,-3.83159964251943e-05
"bivt",1e-04,50000,"0.1",TRUE,6.70139209167684e-05,-3.60542707239321e-05
"bivt",1e-04,50000,"0.01",TRUE,9.35462754612122e-05,-4.45071169631983e-05
"bivt",1e-04,50000,"0.05",TRUE,7.50764755031685e-05,-3.97140324668134e-05
"bivt",1e-04,50000,"0.1",TRUE,6.51228340924473e-05,-3.65471587409444e-05
"bivt",1e-04,50000,"0.01",TRUE,8.70847861503819e-05,-4.30933882277652e-05
"bivt",1e-04,50000,"0.05",TRUE,8.64886302366952e-05,-3.99613314075208e-05
"bivt",1e-04,50000,"0.1",TRUE,7.38122460063203e-05,-3.84464901067024e-05
"bivt",1e-04,50000,"0.01",TRUE,0.000110087557681277,-4.42693227118962e-05
"bivt",1e-04,50000,"0.05",TRUE,7.68810722941212e-05,-4.71612220745954e-05
"bivt",1e-04,50000,"0.1",TRUE,7.47489917934324e-05,-4.55845469367916e-05
"bivt",1e-04,50000,"0.01",TRUE,0.000102590100406558,-5.31606301038317e-05
"bivt",1e-04,50000,"0.05",TRUE,8.53259567519894e-05,-3.61387683111094e-05
"bivt",1e-04,50000,"0.1",TRUE,7.69982788594409e-05,-3.24414234679222e-05
"bivt",1e-04,50000,"0.01",TRUE,0.000129821342454687,-4.16915540169822e-05
"bivt",1e-04,50000,"0.05",TRUE,7.48950378706829e-05,-4.19597683244609e-05
"bivt",1e-04,50000,"0.1",TRUE,6.8496622683466e-05,-3.72510760622695e-05
"bivt",1e-04,50000,"0.01",TRUE,9.19556185209877e-05,-4.78259502453277e-05
"bivt",1e-04,50000,"0.05",TRUE,6.71956866908111e-05,-4.67856487655839e-05
"bivt",1e-04,50000,"0.1",TRUE,5.72436144672544e-05,-4.40564720639868e-05
"bivt",1e-04,50000,"0.01",TRUE,0.000109685438311523,-4.93985197194262e-05
"bivt",1e-04,50000,"0.05",TRUE,5.41555131660982e-05,-4.16363406830445e-05
"bivt",1e-04,50000,"0.1",TRUE,4.94116430953769e-05,-3.8594438224702e-05
"bivt",1e-04,50000,"0.01",TRUE,7.68563034269271e-05,-4.56533216978333e-05
"bivt",1e-04,50000,"0.05",TRUE,6.79856757652327e-05,-4.17065503125789e-05
"bivt",1e-04,50000,"0.1",TRUE,5.74097018502331e-05,-3.95652529845089e-05
"bivt",1e-04,50000,"0.01",TRUE,8.08529722918779e-05,-4.91980512628455e-05
"bivt",1e-04,50000,"0.05",TRUE,8.89129828187083e-05,-4.83031076742272e-05
"bivt",1e-04,50000,"0.1",TRUE,7.72044305687249e-05,-4.33619154639719e-05
"bivt",1e-04,50000,"0.01",TRUE,0.000116696348167395,-5.36974951132583e-05
"bivt",1e-04,50000,"0.05",TRUE,9.19350996283811e-05,-4.27323174481111e-05
"bivt",1e-04,50000,"0.1",TRUE,7.8259158276649e-05,-3.86489540283227e-05
"bivt",1e-04,50000,"0.01",TRUE,0.000106252754626082,-4.64181722018408e-05
"bivt",1e-04,50000,"0.05",TRUE,6.96273907444617e-05,-4.06609885021168e-05
"bivt",1e-04,50000,"0.1",TRUE,5.56740249959316e-05,-3.87288068572164e-05
"bivt",1e-04,50000,"0.01",TRUE,9.2822355399119e-05,-4.40636258583911e-05
"bivt",1e-04,50000,"0.05",TRUE,5.77760189304833e-05,-3.98416100249029e-05
"bivt",1e-04,50000,"0.1",TRUE,5.30258734081375e-05,-3.66371909416575e-05
"bivt",1e-04,50000,"0.01",TRUE,7.88855218490171e-05,-4.86580672738262e-05
"bivt",1e-04,50000,"0.05",TRUE,9.28331672502776e-05,-4.0211832808838e-05
"bivt",1e-04,50000,"0.1",TRUE,7.86087915551189e-05,-3.68419472465079e-05
"bivt",1e-04,50000,"0.01",TRUE,0.000117836786543894,-4.48074581300846e-05
"bivt",1e-04,50000,"0.05",TRUE,0.000104241121623692,-3.86454048807936e-05
"bivt",1e-04,50000,"0.1",TRUE,7.85228024215646e-05,-3.7326388909286e-05
"bivt",1e-04,50000,"0.01",TRUE,0.000117080998839442,-4.38744904120381e-05
"bivt",1e-04,50000,"0.05",TRUE,9.16116646571564e-05,-4.62398483739541e-05
"bivt",1e-04,50000,"0.1",TRUE,6.87868767367861e-05,-4.1867859468935e-05
"bivt",1e-04,50000,"0.01",TRUE,0.000100585099379213,-5.12983512862074e-05
"bivt",1e-04,50000,"0.05",TRUE,8.92768564560941e-05,-4.46994430448026e-05
"bivt",1e-04,50000,"0.1",TRUE,7.93200474281695e-05,-4.24207388382097e-05
"bivt",1e-04,50000,"0.01",TRUE,0.000102261186067998,-4.99796947689653e-05
"bivt",1e-04,50000,"0.05",TRUE,5.76838491718154e-05,-3.53836598187105e-05
"bivt",1e-04,50000,"0.1",TRUE,5.17291623278773e-05,-3.27702271832346e-05
"bivt",1e-04,50000,"0.01",TRUE,7.6493030776618e-05,-4.08369658643271e-05
"bivt",1e-04,50000,"0.05",TRUE,7.36927592527885e-05,-4.00687655179285e-05
"bivt",1e-04,50000,"0.1",TRUE,6.11137441896372e-05,-3.81863939781446e-05
"bivt",1e-04,50000,"0.01",TRUE,9.5381758437614e-05,-4.37255318596526e-05
"bivt",1e-04,50000,"0.05",TRUE,6.32347877143812e-05,-3.90845394768745e-05
"bivt",1e-04,50000,"0.1",TRUE,5.66928547467225e-05,-3.85904148364523e-05
"bivt",1e-04,50000,"0.01",TRUE,7.7856570105361e-05,-4.46012886404783e-05
"bivt",1e-04,50000,"0.05",TRUE,6.9353268015221e-05,-4.22421915930804e-05
"bivt",1e-04,50000,"0.1",TRUE,6.15112998103516e-05,-3.89501438356783e-05
"bivt",1e-04,50000,"0.01",TRUE,8.19701226188877e-05,-4.7029103878408e-05
"bivt",1e-04,50000,"0.05",TRUE,5.86417608529965e-05,-3.59882868940429e-05
"bivt",1e-04,50000,"0.1",TRUE,5.54225604437476e-05,-3.3246629713291e-05
"bivt",1e-04,50000,"0.01",TRUE,6.94104746481053e-05,-4.37555274292047e-05
"bivt",1e-04,50000,"0.05",TRUE,7.25157484194745e-05,-3.74695973100102e-05
"bivt",1e-04,50000,"0.1",TRUE,6.24502265745148e-05,-3.48092651551185e-05
"bivt",1e-04,50000,"0.01",TRUE,8.37553108054201e-05,-4.22406719732068e-05
"bivt",1e-04,50000,"0.05",TRUE,6.04005379818817e-05,-4.07300979608644e-05
"bivt",1e-04,50000,"0.1",TRUE,5.34657212119891e-05,-3.99697123701255e-05
"bivt",1e-04,50000,"0.01",TRUE,7.74061096056469e-05,-4.53860799653241e-05
"bivt",1e-04,50000,"0.05",TRUE,5.59232764154384e-05,-4.59872545845329e-05
"bivt",1e-04,50000,"0.1",TRUE,5.23068259544539e-05,-4.05673842901253e-05
"bivt",1e-04,50000,"0.01",TRUE,7.41696459167597e-05,-4.89821567652498e-05
"bivt",1e-04,50000,"0.05",TRUE,7.2366245783532e-05,-4.12227922050426e-05
"bivt",1e-04,50000,"0.1",TRUE,6.16261867111994e-05,-3.500708295478e-05
"bivt",1e-04,50000,"0.01",TRUE,8.75557873167806e-05,-4.36430517108663e-05
"bivt",1e-04,50000,"0.05",TRUE,7.60369404086008e-05,-4.59684109088674e-05
"bivt",1e-04,50000,"0.1",TRUE,6.39453677854083e-05,-4.50181696000764e-05
"bivt",1e-04,50000,"0.01",TRUE,9.87059523839888e-05,-4.88970248826471e-05
"bivt",1e-04,50000,"0.05",FALSE,7.63576608843736e-05,-4.8848223116281e-05
"bivt",1e-04,50000,"0.1",FALSE,6.11882359068963e-05,-4.47526547829596e-05
"bivt",1e-04,50000,"0.01",TRUE,0.000108784868244891,-5.32826825646437e-05
"bivt",1e-04,50000,"0.05",TRUE,5.97552879168605e-05,-3.86187582643245e-05
"bivt",1e-04,50000,"0.1",TRUE,5.27098035742311e-05,-3.65185130310801e-05
"bivt",1e-04,50000,"0.01",TRUE,7.48316262069344e-05,-4.37913892372792e-05
"bivt",1e-04,50000,"0.05",TRUE,0.000115880534290399,-4.90772820093641e-05
"bivt",1e-04,50000,"0.1",TRUE,9.45608602350621e-05,-4.65229917219995e-05
"bivt",1e-04,50000,"0.01",TRUE,0.000129212428342943,-5.11614384618323e-05
"bivt",1e-04,50000,"0.05",TRUE,6.15149291856134e-05,-4.45131684630361e-05
"bivt",1e-04,50000,"0.1",TRUE,5.43035805186138e-05,-3.89846605511884e-05
"bivt",1e-04,50000,"0.01",TRUE,8.70020016172483e-05,-4.6241578258422e-05
"bivt",1e-04,50000,"0.05",TRUE,6.41893335462777e-05,-3.55291518311687e-05
"bivt",1e-04,50000,"0.1",TRUE,5.64589767174973e-05,-3.29297697575825e-05
"bivt",1e-04,50000,"0.01",TRUE,8.45930577958988e-05,-3.95285200421335e-05
"bivt",1e-04,50000,"0.05",TRUE,8.55470886374173e-05,-4.40760517105494e-05
"bivt",1e-04,50000,"0.1",TRUE,6.58399406889768e-05,-4.02465997226836e-05
"bivt",1e-04,50000,"0.01",TRUE,0.000104124195087144,-4.82142318363449e-05
"bivt",1e-04,50000,"0.05",TRUE,8.00341129602484e-05,-4.09561001636711e-05
"bivt",1e-04,50000,"0.1",TRUE,6.19228870745739e-05,-3.90026999221675e-05
"bivt",1e-04,50000,"0.01",TRUE,0.000108975778138718,-4.31183791591337e-05
"bivt",1e-04,50000,"0.05",TRUE,7.58904195487454e-05,-4.20899564832057e-05
"bivt",1e-04,50000,"0.1",TRUE,6.78704835398514e-05,-3.95090825456235e-05
"bivt",1e-04,50000,"0.01",TRUE,9.8587554535207e-05,-4.51439032450477e-05
"bivt",1e-04,50000,"0.05",TRUE,7.19028419387786e-05,-4.79737524274167e-05
"bivt",1e-04,50000,"0.1",TRUE,6.59991506972373e-05,-4.47915642337027e-05
"bivt",1e-04,50000,"0.01",TRUE,9.5639725418741e-05,-5.11811316084772e-05
"bivt",1e-04,50000,"0.05",TRUE,5.64763697736288e-05,-4.06335539980949e-05
"bivt",1e-04,50000,"0.1",TRUE,4.86591276026529e-05,-3.67857235039266e-05
"bivt",1e-04,50000,"0.01",TRUE,7.29920257960127e-05,-4.6348265946984e-05
"bivt",1e-04,50000,"0.05",TRUE,7.50745461027569e-05,-4.39896252913081e-05
"bivt",1e-04,50000,"0.1",TRUE,6.06473951934579e-05,-4.07097988984862e-05
"bivt",1e-04,50000,"0.01",TRUE,9.74530244274267e-05,-5.10552064049122e-05
"bivt",1e-04,50000,"0.05",TRUE,7.58334363568715e-05,-4.11976728348986e-05
"bivt",1e-04,50000,"0.1",TRUE,6.43212218256796e-05,-3.88164251768163e-05
"bivt",1e-04,50000,"0.01",TRUE,0.000113844655860136,-4.75240842191826e-05
"bivt",1e-04,50000,"0.05",TRUE,6.98523690312437e-05,-3.7732690440576e-05
"bivt",1e-04,50000,"0.1",TRUE,5.75238167007284e-05,-3.61316129574822e-05
"bivt",1e-04,50000,"0.01",TRUE,9.33668210760105e-05,-4.14866085596781e-05
"bivt",1e-04,50000,"0.05",TRUE,8.80212748932041e-05,-4.89362954050976e-05
"bivt",1e-04,50000,"0.1",TRUE,7.5226440690304e-05,-4.4280446938934e-05
"bivt",1e-04,50000,"0.01",TRUE,0.000119875733564979,-5.12463521061623e-05
"bivt",1e-04,50000,"0.05",TRUE,8.89000960972319e-05,-4.49575478151335e-05
"bivt",1e-04,50000,"0.1",TRUE,7.04313814563471e-05,-4.10766951634876e-05
"bivt",1e-04,50000,"0.01",TRUE,0.000116979992812859,-5.01327470027489e-05
"bivt",1e-04,50000,"0.05",TRUE,6.36232597186719e-05,-3.81187862888515e-05
"bivt",1e-04,50000,"0.1",TRUE,6.17121636477928e-05,-3.74603398565643e-05
"bivt",1e-04,50000,"0.01",TRUE,7.38211621731546e-05,-4.34909372114087e-05
"bivt",1e-04,50000,"0.05",TRUE,7.06512000230084e-05,-3.98433122174673e-05
"bivt",1e-04,50000,"0.1",TRUE,5.93410891187606e-05,-3.81205452459313e-05
"bivt",1e-04,50000,"0.01",TRUE,8.59184886757468e-05,-4.77217268670498e-05
"bivt",1e-04,50000,"0.05",TRUE,9.86752531523511e-05,-4.0345962241066e-05
"bivt",1e-04,50000,"0.1",TRUE,8.04788845599531e-05,-3.71559133437141e-05
"bivt",1e-04,50000,"0.01",TRUE,0.000143294795946604,-4.53731466414356e-05
"bivt",1e-04,50000,"0.05",TRUE,5.87520278479054e-05,-4.24453980576035e-05
"bivt",1e-04,50000,"0.1",TRUE,5.23693512102456e-05,-3.95999937951718e-05
"bivt",1e-04,50000,"0.01",TRUE,8.51841051309032e-05,-4.81747787094474e-05
"bivt",1e-04,50000,"0.05",TRUE,8.34126290580899e-05,-4.31123278543648e-05
"bivt",1e-04,50000,"0.1",TRUE,6.63462093921727e-05,-3.82388682193479e-05
"bivt",1e-04,50000,"0.01",TRUE,0.000105155931649893,-4.90845291127313e-05
"bivt",1e-04,50000,"0.05",TRUE,8.26117142798878e-05,-4.58822619251291e-05
"bivt",1e-04,50000,"0.1",TRUE,7.15723483951963e-05,-4.18207264358545e-05
"bivt",1e-04,50000,"0.01",TRUE,0.000109227871326893,-5.00743488100832e-05
"bivt",1e-04,50000,"0.05",TRUE,8.59208535228536e-05,-3.83389533161046e-05
"bivt",1e-04,50000,"0.1",TRUE,7.2061609028446e-05,-3.68364419643871e-05
"bivt",1e-04,50000,"0.01",TRUE,0.000112082149487759,-4.32733985870908e-05
"bivt",1e-04,50000,"0.05",TRUE,7.28792388312552e-05,-4.02146186417608e-05
"bivt",1e-04,50000,"0.1",TRUE,6.07990990878751e-05,-3.9063115741689e-05
"bivt",1e-04,50000,"0.01",TRUE,8.89642174092498e-05,-4.56857588823324e-05
"bivt",1e-04,50000,"0.05",TRUE,6.71416554253113e-05,-4.15111514351483e-05
"bivt",1e-04,50000,"0.1",TRUE,5.77155605541673e-05,-3.93156226675637e-05
"bivt",1e-04,50000,"0.01",TRUE,8.54094518202033e-05,-4.59594472000265e-05
"bivt",1e-04,50000,"0.05",TRUE,8.77278981189852e-05,-4.20061771822844e-05
"bivt",1e-04,50000,"0.1",TRUE,7.38372124519256e-05,-3.87318872292863e-05
"bivt",1e-04,50000,"0.01",TRUE,0.000107320446945649,-4.78996492750188e-05
"bivt",1e-04,50000,"0.05",TRUE,7.19363696272325e-05,-4.21164601076602e-05
"bivt",1e-04,50000,"0.1",TRUE,6.31429863443236e-05,-3.93264920226778e-05
"bivt",1e-04,50000,"0.01",TRUE,0.000110299036768929,-5.07527156082296e-05
"bivt",1e-04,50000,"0.05",TRUE,4.74804719708952e-05,-3.75977438241828e-05
"bivt",1e-04,50000,"0.1",TRUE,4.40257902686791e-05,-3.49239431146819e-05
"bivt",1e-04,50000,"0.01",TRUE,5.70488611573581e-05,-4.29824022132146e-05
"bivt",1e-04,50000,"0.05",TRUE,6.10346421797321e-05,-3.45453847380945e-05
"bivt",1e-04,50000,"0.1",TRUE,5.20270750584288e-05,-3.19064348363863e-05
"bivt",1e-04,50000,"0.01",TRUE,9.13753414204871e-05,-3.83535060163967e-05
"bivt",1e-04,50000,"0.05",TRUE,9.51693966349537e-05,-4.55967953518703e-05
"bivt",1e-04,50000,"0.1",TRUE,7.80674249554198e-05,-4.17676176739467e-05
"bivt",1e-04,50000,"0.01",TRUE,0.000133695600848164,-5.11990184523068e-05
"bivt",1e-04,50000,"0.05",TRUE,0.000121901383568862,-4.77348747360289e-05
"bivt",1e-04,50000,"0.1",TRUE,0.000102549395304172,-4.62863017380942e-05
"bivt",1e-04,50000,"0.01",TRUE,0.000168626216358363,-5.21991422832454e-05
"bivt",1e-04,50000,"0.05",TRUE,8.17101481673434e-05,-3.77761583010233e-05
"bivt",1e-04,50000,"0.1",TRUE,6.60287001540544e-05,-3.53372080853852e-05
"bivt",1e-04,50000,"0.01",TRUE,9.73990257012304e-05,-4.5984689533272e-05
"bivt",1e-04,50000,"0.05",TRUE,8.14579658215717e-05,-3.89630064303399e-05
"bivt",1e-04,50000,"0.1",TRUE,7.02893844596463e-05,-3.64099134104913e-05
"bivt",1e-04,50000,"0.01",TRUE,0.000112436190917858,-4.49971585497083e-05
"bivt",1e-04,50000,"0.05",TRUE,7.03102223583328e-05,-3.9082714989836e-05
"bivt",1e-04,50000,"0.1",TRUE,6.26146491021562e-05,-3.70011313711347e-05
"bivt",1e-04,50000,"0.01",TRUE,8.35835401044126e-05,-4.19216908128888e-05
"bivt",1e-04,50000,"0.05",TRUE,6.37221114241453e-05,-4.18297999150132e-05
"bivt",1e-04,50000,"0.1",TRUE,5.24119226279394e-05,-3.91733705212995e-05
"bivt",1e-04,50000,"0.01",TRUE,7.5052834382891e-05,-4.74428325195434e-05
"bivt",1e-04,50000,"0.05",TRUE,8.45954906837994e-05,-4.43231167648374e-05
"bivt",1e-04,50000,"0.1",TRUE,7.27938748629502e-05,-4.25725376749753e-05
"bivt",1e-04,50000,"0.01",TRUE,0.000118735643702231,-4.910573410191e-05
"bivt",1e-04,50000,"0.05",TRUE,7.56512727245679e-05,-4.4642647190118e-05
"bivt",1e-04,50000,"0.1",TRUE,6.87623402350616e-05,-4.21323452688972e-05
"bivt",1e-04,50000,"0.01",TRUE,9.19301608269711e-05,-4.84472843091162e-05
"bivt",1e-04,50000,"0.05",TRUE,0.00015653268043758,-5.58672567685685e-05
"bivt",1e-04,50000,"0.1",TRUE,0.000139885143697801,-5.41734291194997e-05
"bivt",1e-04,50000,"0.01",TRUE,0.000170876979992178,-5.87363428203701e-05
"bivt",1e-04,50000,"0.05",TRUE,7.26427526116672e-05,-3.95968922832175e-05
"bivt",1e-04,50000,"0.1",TRUE,6.13111963680531e-05,-3.61558914820076e-05
"bivt",1e-04,50000,"0.01",TRUE,9.0231126549365e-05,-4.53361997900759e-05
"bivt",1e-04,50000,"0.05",TRUE,0.000171646006726145,-5.52217345895462e-05
"bivt",1e-04,50000,"0.1",TRUE,0.000120849206212297,-5.23048074858563e-05
"bivt",1e-04,50000,"0.01",TRUE,0.000204814194468723,-5.99423226956258e-05
"bivt",1e-04,50000,"0.05",TRUE,7.2198327695955e-05,-4.18087586150932e-05
"bivt",1e-04,50000,"0.1",TRUE,6.80737198875821e-05,-3.97001180074429e-05
"bivt",1e-04,50000,"0.01",TRUE,8.15988003359853e-05,-4.8030272511026e-05
"bivt",1e-04,50000,"0.05",TRUE,8.98018803907782e-05,-4.35556865478452e-05
"bivt",1e-04,50000,"0.1",TRUE,6.83181639960307e-05,-4.15817170916889e-05
"bivt",1e-04,50000,"0.01",TRUE,0.000112905634393232,-5.11454612419522e-05
"bivt",1e-04,50000,"0.05",TRUE,7.16933228693166e-05,-4.3302996469252e-05
"bivt",1e-04,50000,"0.1",FALSE,6.37473341760657e-05,-3.97243279993742e-05
"bivt",1e-04,50000,"0.01",TRUE,0.000108511019112828,-5.05815933621361e-05
"bivt",1e-04,50000,"0.05",TRUE,6.54242629130813e-05,-3.85845087113316e-05
"bivt",1e-04,50000,"0.1",TRUE,5.76861650019233e-05,-3.75730870292471e-05
"bivt",1e-04,50000,"0.01",TRUE,9.46675911944912e-05,-4.02275738337945e-05
"bivt",1e-04,50000,"0.05",TRUE,5.88996639727752e-05,-4.46574861039379e-05
"bivt",1e-04,50000,"0.1",TRUE,5.14148065240724e-05,-4.09904421584018e-05
"bivt",1e-04,50000,"0.01",TRUE,8.41521152426846e-05,-4.90735165368832e-05
"bivt",1e-04,50000,"0.05",TRUE,6.85003300702914e-05,-4.1028548876054e-05
"bivt",1e-04,50000,"0.1",TRUE,6.09294148654391e-05,-3.7185873583252e-05
"bivt",1e-04,50000,"0.01",TRUE,8.65098588540605e-05,-4.46360839888144e-05
"bivt",1e-04,50000,"0.05",TRUE,7.26187476460678e-05,-4.4697759204039e-05
"bivt",1e-04,50000,"0.1",TRUE,5.86799558874235e-05,-4.17831136051786e-05
"bivt",1e-04,50000,"0.01",TRUE,0.00010963140165872,-4.98843274104606e-05
"bivt",1e-04,50000,"0.05",TRUE,6.91054115034636e-05,-4.01023744384369e-05
"bivt",1e-04,50000,"0.1",TRUE,6.22284491361592e-05,-3.77960361223131e-05
"bivt",1e-04,50000,"0.01",TRUE,8.85767980149431e-05,-4.44508380417961e-05
"bivt",1e-04,50000,"0.05",TRUE,9.48671050810052e-05,-4.17789388689992e-05
"bivt",1e-04,50000,"0.1",TRUE,8.82930014588869e-05,-3.93229021812833e-05
"bivt",1e-04,50000,"0.01",TRUE,0.00012628548813068,-4.69712073004788e-05
"bivt",1e-04,50000,"0.05",TRUE,8.0009403620876e-05,-4.21459309506141e-05
"bivt",1e-04,50000,"0.1",TRUE,6.49462988137058e-05,-3.55988900159377e-05
"bivt",1e-04,50000,"0.01",TRUE,0.00010377972532511,-4.68969624573671e-05
"bivt",1e-04,50000,"0.05",TRUE,7.91261013521268e-05,-4.86091427691695e-05
"bivt",1e-04,50000,"0.1",TRUE,7.33194603364014e-05,-4.33240206392275e-05
"bivt",1e-04,50000,"0.01",TRUE,8.62656490597545e-05,-5.49468166977339e-05
"bivt",1e-04,50000,"0.05",TRUE,7.6085340768171e-05,-4.0042241338087e-05
"bivt",1e-04,50000,"0.1",TRUE,6.75383261513362e-05,-3.6500959182436e-05
"bivt",1e-04,50000,"0.01",TRUE,9.265549068272e-05,-4.52925909217312e-05
"bivt",1e-04,50000,"0.05",TRUE,6.63094360892316e-05,-4.2648674075661e-05
"bivt",1e-04,50000,"0.1",TRUE,5.67951788575971e-05,-3.83068913658541e-05
"bivt",1e-04,50000,"0.01",TRUE,9.96715484115735e-05,-5.08790552595461e-05
"bivt",1e-04,50000,"0.05",TRUE,8.65086806440351e-05,-4.45637707768226e-05
"bivt",1e-04,50000,"0.1",TRUE,8.04450709723862e-05,-4.10469445820275e-05
"bivt",1e-04,50000,"0.01",TRUE,0.000108400154511554,-4.84618497705924e-05
"bivt",1e-04,50000,"0.05",TRUE,7.49876141429333e-05,-3.80931044664018e-05
"bivt",1e-04,50000,"0.1",TRUE,5.96689411579748e-05,-3.40692023838047e-05
"bivt",1e-04,50000,"0.01",TRUE,9.01707388227632e-05,-4.16283836703351e-05
"bivt",1e-04,50000,"0.05",TRUE,7.26056446400443e-05,-4.07381171531656e-05
"bivt",1e-04,50000,"0.1",TRUE,5.98033548643749e-05,-3.78609823376862e-05
"bivt",1e-04,50000,"0.01",TRUE,9.20839215539003e-05,-4.69550891820734e-05
"bivt",1e-04,50000,"0.05",FALSE,7.52122021659848e-05,-4.3182835278579e-05
"bivt",1e-04,50000,"0.1",FALSE,6.80840870358485e-05,-4.13153299240757e-05
"bivt",1e-04,50000,"0.01",TRUE,9.636393144436e-05,-4.77657972020753e-05
"bivt",1e-04,50000,"0.05",TRUE,9.93742267856685e-05,-5.15602146696551e-05
"bivt",1e-04,50000,"0.1",TRUE,7.46915717018609e-05,-4.64625884401743e-05
"bivt",1e-04,50000,"0.01",TRUE,0.000119094461372954,-5.64706457998478e-05
"bivt",1e-04,50000,"0.05",TRUE,7.82607050046996e-05,-4.19474765796477e-05
"bivt",1e-04,50000,"0.1",TRUE,6.75694952062727e-05,-3.97538277681794e-05
"bivt",1e-04,50000,"0.01",TRUE,0.00011197933551884,-4.69248206639567e-05
"bivt",1e-04,50000,"0.05",TRUE,9.13275686331562e-05,-4.19480409236583e-05
"bivt",1e-04,50000,"0.1",TRUE,9.02822052243882e-05,-3.83892042863225e-05
"bivt",1e-04,50000,"0.01",TRUE,0.000105498582200522,-4.80090839119658e-05
"bivt",1e-04,50000,"0.05",TRUE,7.79757874411277e-05,-3.99165692764589e-05
"bivt",1e-04,50000,"0.1",TRUE,6.77760944039564e-05,-3.776811400946e-05
"bivt",1e-04,50000,"0.01",TRUE,8.40019331150081e-05,-4.69371345904844e-05
"bivt",1e-04,50000,"0.05",TRUE,7.43662654126876e-05,-4.31222560338777e-05
"bivt",1e-04,50000,"0.1",TRUE,6.4620800968741e-05,-4.13864786241053e-05
"bivt",1e-04,50000,"0.01",TRUE,0.000104764079061001,-4.66543306625762e-05
"bivt",1e-04,50000,"0.05",TRUE,7.41437137224448e-05,-3.87744168773032e-05
"bivt",1e-04,50000,"0.1",TRUE,6.61047927952461e-05,-3.6273797653476e-05
"bivt",1e-04,50000,"0.01",TRUE,7.97962648110665e-05,-4.48316441476153e-05
"bivt",1e-04,50000,"0.05",TRUE,8.80463521989095e-05,-4.1940369303582e-05
"bivt",1e-04,50000,"0.1",TRUE,7.42107506387559e-05,-3.92593884617158e-05
"bivt",1e-04,50000,"0.01",TRUE,0.000119495446305402,-4.8652987093984e-05
"bivt",1e-04,50000,"0.05",TRUE,8.15141848382337e-05,-4.25211178744752e-05
"bivt",1e-04,50000,"0.1",TRUE,6.33826934400087e-05,-4.08832422334019e-05
"bivt",1e-04,50000,"0.01",TRUE,9.55891051915646e-05,-4.91577289159392e-05
"bivt",1e-04,50000,"0.05",FALSE,5.76196083527605e-05,-3.99068405856526e-05
"bivt",1e-04,50000,"0.1",FALSE,5.11952621303361e-05,-3.61421024051023e-05
"bivt",1e-04,50000,"0.01",TRUE,8.19124632540347e-05,-4.75524048893613e-05
"bivt",1e-04,50000,"0.05",TRUE,8.57234628033841e-05,-4.19172621537049e-05
"bivt",1e-04,50000,"0.1",TRUE,8.16313631680256e-05,-3.97653466996506e-05
"bivt",1e-04,50000,"0.01",TRUE,0.000137702114098226,-4.65005147843253e-05
"bivt",1e-04,50000,"0.05",TRUE,8.97299756194225e-05,-4.36656072727222e-05
"bivt",1e-04,50000,"0.1",TRUE,8.22949716013714e-05,-4.22199425570756e-05
"bivt",1e-04,50000,"0.01",TRUE,0.000112913463401439,-4.90694295377585e-05
"bivt",1e-04,50000,"0.05",TRUE,6.9934328512933e-05,-4.13230942365637e-05
"bivt",1e-04,50000,"0.1",TRUE,6.51928441526233e-05,-3.79362453492005e-05
"bivt",1e-04,50000,"0.01",TRUE,7.92072059210815e-05,-4.60659946179835e-05
"bivt",1e-04,50000,"0.05",TRUE,6.75915353036956e-05,-3.72459889253738e-05
"bivt",1e-04,50000,"0.1",TRUE,6.2567741400819e-05,-3.56193595230349e-05
"bivt",1e-04,50000,"0.01",TRUE,8.35443244572355e-05,-4.15584084542365e-05
"bivt",1e-04,50000,"0.05",TRUE,7.01024521717053e-05,-3.73215697795362e-05
"bivt",1e-04,50000,"0.1",TRUE,5.9995062858817e-05,-3.37783285117095e-05
"bivt",1e-04,50000,"0.01",TRUE,8.58183779111854e-05,-4.2863342896776e-05
"bivt",1e-04,50000,"0.05",TRUE,8.35637896143998e-05,-4.48544846036741e-05
"bivt",1e-04,50000,"0.1",TRUE,6.86175134595322e-05,-4.10213225153014e-05
"bivt",1e-04,50000,"0.01",TRUE,0.00011512738802428,-5.13645560735759e-05
"bivt",1e-04,50000,"0.05",TRUE,8.26898172607414e-05,-4.20350149880926e-05
"bivt",1e-04,50000,"0.1",TRUE,6.9413295581724e-05,-4.0184904052617e-05
"bivt",1e-04,50000,"0.01",TRUE,9.98843032686335e-05,-4.68619825248669e-05
"bivt",1e-04,50000,"0.05",FALSE,9.10052107338025e-05,-3.73186440032148e-05
"bivt",1e-04,50000,"0.1",FALSE,8.27500037759169e-05,-3.45812818232096e-05
"bivt",1e-04,50000,"0.01",TRUE,0.000131017232188081,-4.07380710563742e-05
"bivt",1e-04,50000,"0.05",TRUE,6.14699218486854e-05,-4.30569630691735e-05
"bivt",1e-04,50000,"0.1",TRUE,5.45729076493796e-05,-4.05627328739304e-05
"bivt",1e-04,50000,"0.01",TRUE,9.15881621878316e-05,-4.79883940756637e-05
"bivt",1e-04,50000,"0.05",TRUE,9.23823144045317e-05,-4.78848927973442e-05
"bivt",1e-04,50000,"0.1",TRUE,7.59804005348679e-05,-4.48027804513554e-05
"bivt",1e-04,50000,"0.01",TRUE,0.000117327389064786,-5.23952720579898e-05
"bivt",1e-04,50000,"0.05",TRUE,7.39547765866198e-05,-4.3187057317194e-05
"bivt",1e-04,50000,"0.1",TRUE,7.09744800454344e-05,-4.22998571864038e-05
"bivt",1e-04,50000,"0.01",TRUE,8.58009394678484e-05,-4.87455843128676e-05
"bivt",1e-04,50000,"0.05",TRUE,7.14928210546155e-05,-3.90285202415164e-05
"bivt",1e-04,50000,"0.1",TRUE,6.39300800581735e-05,-3.64975802314288e-05
"bivt",1e-04,50000,"0.01",TRUE,9.67588102435693e-05,-4.47006729304374e-05
"bivt",1e-04,50000,"0.05",TRUE,6.07741319394555e-05,-4.3890245627177e-05
"bivt",1e-04,50000,"0.1",TRUE,5.9540034710292e-05,-4.05643276935674e-05
"bivt",1e-04,50000,"0.01",TRUE,8.49145647011693e-05,-4.86491354494597e-05
"bivt",1e-04,50000,"0.05",TRUE,9.4428498725063e-05,-4.33730930634591e-05
"bivt",1e-04,50000,"0.1",TRUE,8.0410580778491e-05,-3.99891786699422e-05
"bivt",1e-04,50000,"0.01",TRUE,0.000113313293378087,-4.68954800868164e-05
"bivt",1e-04,50000,"0.05",TRUE,8.05613619276439e-05,-5.61863979670207e-05
"bivt",1e-04,50000,"0.1",TRUE,7.01490447858859e-05,-5.44176616913244e-05
"bivt",1e-04,50000,"0.01",TRUE,9.66446575017196e-05,-6.106970725884e-05
"bivt",1e-04,50000,"0.05",TRUE,8.61236770465324e-05,-4.66127725897453e-05
"bivt",1e-04,50000,"0.1",TRUE,7.62894979418684e-05,-4.23177836229762e-05
"bivt",1e-04,50000,"0.01",TRUE,0.000109759655533033,-5.00136171747681e-05
"bivt",1e-04,50000,"0.05",TRUE,8.8644065108989e-05,-4.19849578204828e-05
"bivt",1e-04,50000,"0.1",TRUE,7.95394121327793e-05,-3.98864729384046e-05
"bivt",1e-04,50000,"0.01",TRUE,0.000123002998155285,-4.5230968546273e-05
"bivt",1e-04,50000,"0.05",TRUE,7.95742385796902e-05,-3.86141220618629e-05
"bivt",1e-04,50000,"0.1",TRUE,6.83986088693109e-05,-3.48172163292023e-05
"bivt",1e-04,50000,"0.01",TRUE,0.000112624051692893,-4.31468457846026e-05
"bivt",1e-04,50000,"0.05",TRUE,6.36133667955948e-05,-3.6413704340702e-05
"bivt",1e-04,50000,"0.1",TRUE,5.83003856742842e-05,-3.30454261632654e-05
"bivt",1e-04,50000,"0.01",TRUE,9.22756114759552e-05,-4.21429757842959e-05
"bivt",1e-04,50000,"0.05",TRUE,7.2870616631262e-05,-4.19429940442823e-05
"bivt",1e-04,50000,"0.1",TRUE,6.61676880255082e-05,-3.95885942271635e-05
"bivt",1e-04,50000,"0.01",TRUE,0.000102901535009149,-4.50584336989939e-05
"bivt",1e-04,50000,"0.05",TRUE,7.7605621920464e-05,-4.09649191669798e-05
"bivt",1e-04,50000,"0.1",TRUE,6.01983956940788e-05,-3.88828082621257e-05
"bivt",1e-04,50000,"0.01",TRUE,0.000103457669091832,-4.6692260623636e-05
"bivt",1e-04,50000,"0.05",TRUE,7.14930457427196e-05,-3.796553190655e-05
"bivt",1e-04,50000,"0.1",TRUE,6.52160258071011e-05,-3.53380938773934e-05
"bivt",1e-04,50000,"0.01",TRUE,0.000100735521177165,-4.28702537010813e-05
"bivt",1e-04,50000,"0.05",TRUE,7.12841922899679e-05,-4.49184555650605e-05
"bivt",1e-04,50000,"0.1",TRUE,6.74835624499164e-05,-4.20071750129945e-05
"bivt",1e-04,50000,"0.01",TRUE,0.000108412770130388,-4.89812403030579e-05
"bivt",1e-04,50000,"0.05",TRUE,9.30038805699066e-05,-4.08986327383774e-05
"bivt",1e-04,50000,"0.1",TRUE,7.50866582137721e-05,-3.84203164221308e-05
"bivt",1e-04,50000,"0.01",TRUE,0.000116357901043709,-4.63962286105457e-05
"bivt",1e-04,50000,"0.05",TRUE,7.50401735563076e-05,-4.14802496677094e-05
"bivt",1e-04,50000,"0.1",TRUE,6.06629631333198e-05,-3.86100846747059e-05
"bivt",1e-04,50000,"0.01",TRUE,9.49847884370107e-05,-4.69570795169468e-05
"bivt",1e-04,50000,"0.05",TRUE,7.1181235684419e-05,-4.37511710064594e-05
"bivt",1e-04,50000,"0.1",TRUE,6.15643831016161e-05,-4.01566624245654e-05
"bivt",1e-04,50000,"0.01",TRUE,8.49063733900917e-05,-5.04344805659595e-05
"bivt",1e-04,50000,"0.05",TRUE,9.32322551016469e-05,-4.19803192044591e-05
"bivt",1e-04,50000,"0.1",TRUE,7.6200404838416e-05,-3.94453627974252e-05
"bivt",1e-04,50000,"0.01",TRUE,0.000167496392220129,-4.5584491468471e-05
"bivt",1e-04,50000,"0.05",TRUE,4.92445470194166e-05,-3.5529327649097e-05
"bivt",1e-04,50000,"0.1",TRUE,4.44234156985968e-05,-3.40145117356975e-05
"bivt",1e-04,50000,"0.01",TRUE,6.1543178877496e-05,-4.00113662670626e-05
"bivt",1e-04,50000,"0.05",TRUE,7.33361786071466e-05,-4.50859444428123e-05
"bivt",1e-04,50000,"0.1",TRUE,6.39042672629796e-05,-4.30430522136659e-05
"bivt",1e-04,50000,"0.01",TRUE,0.000104195594093838,-4.78465828755311e-05
"bivt",1e-04,50000,"0.05",TRUE,7.57315747793334e-05,-3.79443470072285e-05
"bivt",1e-04,50000,"0.1",TRUE,6.57620637183179e-05,-3.62005458175251e-05
"bivt",1e-04,50000,"0.01",TRUE,0.000105591559516157,-4.34923015733756e-05
"bivt",1e-04,50000,"0.05",TRUE,7.41726264125841e-05,-3.92673798384822e-05
"bivt",1e-04,50000,"0.1",TRUE,6.51404727256978e-05,-3.67435444254292e-05
"bivt",1e-04,50000,"0.01",TRUE,0.000108165149152536,-4.28692721022177e-05
"bivt",1e-04,50000,"0.05",TRUE,5.97325953372697e-05,-3.82340027567608e-05
"bivt",1e-04,50000,"0.1",TRUE,5.32486659356061e-05,-3.5128982683528e-05
"bivt",1e-04,50000,"0.01",TRUE,7.35292957200181e-05,-4.3837348832521e-05
"bivt",1e-04,50000,"0.05",TRUE,7.49938948550911e-05,-4.17718263143661e-05
"bivt",1e-04,50000,"0.1",TRUE,6.72588118548916e-05,-3.75587631822166e-05
"bivt",1e-04,50000,"0.01",TRUE,8.49357479737998e-05,-4.78075784490519e-05
"bivt",1e-04,50000,"0.05",TRUE,7.68141914840371e-05,-3.89561674591702e-05
"bivt",1e-04,50000,"0.1",TRUE,6.95533949677251e-05,-3.66358669554709e-05
"bivt",1e-04,50000,"0.01",TRUE,0.000102043757295345,-4.39360738393599e-05
"bivt",1e-04,50000,"0.05",TRUE,6.9015302295129e-05,-4.21771061214102e-05
"bivt",1e-04,50000,"0.1",TRUE,5.91982821993679e-05,-3.84700047923454e-05
"bivt",1e-04,50000,"0.01",TRUE,9.8048072763311e-05,-4.61412554759891e-05
"bivt",1e-04,50000,"0.05",TRUE,8.16041487242718e-05,-4.3319523607958e-05
"bivt",1e-04,50000,"0.1",TRUE,7.20318918801177e-05,-4.12893265239401e-05
"bivt",1e-04,50000,"0.01",TRUE,9.0589754266312e-05,-4.82098253771867e-05
"bivt",1e-04,50000,"0.05",TRUE,8.86305070335665e-05,-4.49616016796143e-05
"bivt",1e-04,50000,"0.1",TRUE,7.67798781884664e-05,-4.25447245565094e-05
"bivt",1e-04,50000,"0.01",TRUE,0.000118806889712237,-4.96669139552694e-05
"bivt",1e-04,50000,"0.05",TRUE,9.14966114616694e-05,-4.30495471826556e-05
"bivt",1e-04,50000,"0.1",TRUE,8.08039755823392e-05,-3.98001538967163e-05
"bivt",1e-04,50000,"0.01",TRUE,0.000136078129682657,-4.72622318712836e-05
"bivt",1e-04,50000,"0.05",TRUE,0.000123787103389451,-4.90211513262518e-05
"bivt",1e-04,50000,"0.1",TRUE,0.000107917732958494,-4.62048267579245e-05
"bivt",1e-04,50000,"0.01",TRUE,0.000156340731098812,-5.32204859815667e-05
"bivt",1e-04,50000,"0.05",TRUE,7.80159270009573e-05,-4.52817183097418e-05
"bivt",1e-04,50000,"0.1",TRUE,6.68708035145545e-05,-4.39173516117918e-05
"bivt",1e-04,50000,"0.01",TRUE,0.000109883103603972,-4.92988827313992e-05
"bivt",1e-04,50000,"0.05",TRUE,7.01761916659726e-05,-4.2564980039258e-05
"bivt",1e-04,50000,"0.1",TRUE,6.10016101536776e-05,-3.98850270650525e-05
"bivt",1e-04,50000,"0.01",TRUE,8.41491225008081e-05,-4.82643683806721e-05
"bivt",1e-04,50000,"0.05",TRUE,6.85940467482283e-05,-4.54063343616786e-05
"bivt",1e-04,50000,"0.1",TRUE,6.26020319686777e-05,-4.25518080447491e-05
"bivt",1e-04,50000,"0.01",TRUE,8.8936758064744e-05,-5.12754984209243e-05
"bivt",1e-04,50000,"0.05",TRUE,7.34502003118172e-05,-4.10068664619357e-05
"bivt",1e-04,50000,"0.1",TRUE,6.91802501014506e-05,-3.8594957887327e-05
"bivt",1e-04,50000,"0.01",TRUE,9.87392720867428e-05,-4.47309566993765e-05
"bivt",1e-04,50000,"0.05",TRUE,7.75590588860817e-05,-4.3447745263659e-05
"bivt",1e-04,50000,"0.1",TRUE,7.1709529428087e-05,-4.09925305224176e-05
"bivt",1e-04,50000,"0.01",TRUE,9.53059153459759e-05,-4.62307909390516e-05
"bivt",1e-04,50000,"0.05",TRUE,6.79099952715481e-05,-4.40844894350922e-05
"bivt",1e-04,50000,"0.1",TRUE,6.38050690615085e-05,-4.06697061318382e-05
"bivt",1e-04,50000,"0.01",TRUE,8.87318110788082e-05,-4.87095401777237e-05
"bivt",1e-04,50000,"0.05",TRUE,7.0099054530971e-05,-3.60953084292673e-05
"bivt",1e-04,50000,"0.1",TRUE,6.2948239722314e-05,-3.4348091367453e-05
"bivt",1e-04,50000,"0.01",TRUE,0.000105217283606954,-4.15479591059311e-05
"bivt",1e-04,50000,"0.05",TRUE,6.77202584553207e-05,-3.52646785033604e-05
"bivt",1e-04,50000,"0.1",TRUE,5.79355159650324e-05,-3.23528798576849e-05
"bivt",1e-04,50000,"0.01",TRUE,0.000121576463610897,-3.95283539096623e-05
"bivt",1e-04,50000,"0.05",TRUE,8.75720261558128e-05,-4.04783438663792e-05
"bivt",1e-04,50000,"0.1",TRUE,7.18900479066933e-05,-3.78934478945949e-05
"bivt",1e-04,50000,"0.01",TRUE,0.000137147695337648,-4.37085700476903e-05
"bivt",1e-04,50000,"0.05",TRUE,7.93971117206165e-05,-4.40133796453777e-05
"bivt",1e-04,50000,"0.1",TRUE,7.43121193929186e-05,-4.14933522106431e-05
"bivt",1e-04,50000,"0.01",TRUE,0.000140106938815962,-4.90325286781211e-05
"bivt",1e-04,50000,"0.05",TRUE,7.14942486835524e-05,-4.2704301024469e-05
"bivt",1e-04,50000,"0.1",TRUE,5.96026410317e-05,-4.03540674928735e-05
"bivt",1e-04,50000,"0.01",TRUE,9.95571580353958e-05,-4.70928576248173e-05
"bivt",1e-04,50000,"0.05",TRUE,5.79465439665458e-05,-3.76840018542473e-05
"bivt",1e-04,50000,"0.1",TRUE,5.46214056546874e-05,-3.51697608118914e-05
"bivt",1e-04,50000,"0.01",TRUE,7.08107049120349e-05,-4.14851366191252e-05
"bivt",1e-04,50000,"0.05",TRUE,6.47686086272362e-05,-4.58038230754903e-05
"bivt",1e-04,50000,"0.1",TRUE,5.50047917383086e-05,-4.2277961740288e-05
"bivt",1e-04,50000,"0.01",TRUE,8.4501622911889e-05,-5.16607056744886e-05
"bivt",1e-04,50000,"0.05",TRUE,9.20101307866788e-05,-4.04503739277308e-05
"bivt",1e-04,50000,"0.1",TRUE,7.19217782078913e-05,-3.76736545849291e-05
"bivt",1e-04,50000,"0.01",TRUE,0.000105519302898036,-4.3815749139528e-05
"bivt",1e-04,50000,"0.05",TRUE,7.51099183544981e-05,-4.6163019452173e-05
"bivt",1e-04,50000,"0.1",TRUE,6.13190098464276e-05,-4.38584954196792e-05
"bivt",1e-04,50000,"0.01",TRUE,9.33710252490977e-05,-5.22689733313863e-05
"bivt",1e-04,50000,"0.05",TRUE,8.20383729709297e-05,-4.41239672520876e-05
"bivt",1e-04,50000,"0.1",TRUE,7.03491606645953e-05,-4.15290376568958e-05
"bivt",1e-04,50000,"0.01",TRUE,0.000126260273840047,-4.79565664131723e-05
"bivt",1e-04,50000,"0.05",TRUE,7.92126435643697e-05,-3.79072227771517e-05
"bivt",1e-04,50000,"0.1",TRUE,6.08260584528617e-05,-3.52340738606665e-05
"bivt",1e-04,50000,"0.01",TRUE,0.00010693120980904,-4.23200578577678e-05
"bivt",1e-04,50000,"0.05",TRUE,6.34338375600315e-05,-3.91816815888643e-05
"bivt",1e-04,50000,"0.1",TRUE,5.72669424227877e-05,-3.60945495577971e-05
"bivt",1e-04,50000,"0.01",TRUE,7.57032906859613e-05,-4.64541049832898e-05
"bivt",1e-04,50000,"0.05",TRUE,8.457961139849e-05,-4.09113373627774e-05
"bivt",1e-04,50000,"0.1",TRUE,6.70145413039509e-05,-3.89401186734902e-05
"bivt",1e-04,50000,"0.01",TRUE,0.000112703864047771,-4.51386418252098e-05
"bivt",1e-04,50000,"0.05",TRUE,9.59164972525233e-05,-4.27933094689291e-05
"bivt",1e-04,50000,"0.1",TRUE,7.46643319826764e-05,-3.99307712791635e-05
"bivt",1e-04,50000,"0.01",TRUE,0.000114314995250437,-4.69889619808462e-05
"bivt",1e-04,50000,"0.05",TRUE,6.37578764454409e-05,-3.88346790971563e-05
"bivt",1e-04,50000,"0.1",TRUE,5.24830170547941e-05,-3.66918038467172e-05
"bivt",1e-04,50000,"0.01",TRUE,7.87477141314347e-05,-4.39593833297515e-05
"bivt",1e-04,50000,"0.05",TRUE,7.60854438528266e-05,-4.08473328256407e-05
"bivt",1e-04,50000,"0.1",TRUE,5.64804619625725e-05,-3.65696903023196e-05
"bivt",1e-04,50000,"0.01",TRUE,0.000104744316500224,-4.96347446202805e-05
"bivt",1e-04,50000,"0.05",TRUE,7.13505071708189e-05,-3.96355285498477e-05
"bivt",1e-04,50000,"0.1",TRUE,5.69780156784146e-05,-3.60693108251521e-05
"bivt",1e-04,50000,"0.01",TRUE,9.04697076168988e-05,-4.41936039221063e-05
"bivt",1e-04,50000,"0.05",FALSE,6.47537340884202e-05,-4.40955661809724e-05
"bivt",1e-04,50000,"0.1",FALSE,6.26703314963639e-05,-4.19491782368732e-05
"bivt",1e-04,50000,"0.01",TRUE,7.23883703804445e-05,-4.8443199104904e-05
"bivt",1e-04,50000,"0.05",TRUE,8.82139926276276e-05,-4.51603952380996e-05
"bivt",1e-04,50000,"0.1",TRUE,8.08924755022932e-05,-4.24317746655984e-05
"bivt",1e-04,50000,"0.01",TRUE,0.000109407186444789,-4.97500351871504e-05
"bivt",1e-04,50000,"0.05",TRUE,9.38207493933144e-05,-4.29414068820906e-05
"bivt",1e-04,50000,"0.1",TRUE,8.17696180746653e-05,-3.97445730006617e-05
"bivt",1e-04,50000,"0.01",TRUE,0.000129414250396533,-4.84306273955459e-05
"bivt",1e-04,50000,"0.05",TRUE,9.37861985697995e-05,-3.67018197569329e-05
"bivt",1e-04,50000,"0.1",TRUE,8.460963467094e-05,-3.47798363531073e-05
"bivt",1e-04,50000,"0.01",TRUE,0.00011711660034585,-4.21606121704241e-05
"bivt",1e-04,50000,"0.05",TRUE,6.53200517012372e-05,-4.0531139426429e-05
"bivt",1e-04,50000,"0.1",TRUE,5.48868982322376e-05,-3.6700709716281e-05
"bivt",1e-04,50000,"0.01",TRUE,8.89432720296859e-05,-4.54050754910152e-05
"bivt",1e-04,50000,"0.05",TRUE,7.67186505440978e-05,-3.87631084102788e-05
"bivt",1e-04,50000,"0.1",TRUE,5.95463297700273e-05,-3.5839331698541e-05
"bivt",1e-04,50000,"0.01",TRUE,0.000115100107178894,-4.59571792853168e-05
"bivt",1e-04,50000,"0.05",TRUE,6.36829082734076e-05,-4.28001335209384e-05
"bivt",1e-04,50000,"0.1",TRUE,5.49832433864955e-05,-3.94320022116862e-05
"bivt",1e-04,50000,"0.01",TRUE,7.76602399625101e-05,-4.82019162195207e-05
"bivt",1e-04,50000,"0.05",TRUE,7.03864151060461e-05,-4.28037874803175e-05
"bivt",1e-04,50000,"0.1",TRUE,6.3671250582217e-05,-3.87551090256028e-05
"bivt",1e-04,50000,"0.01",TRUE,8.03313573195996e-05,-4.91537157885947e-05
"bivt",1e-04,50000,"0.05",TRUE,7.30983856808054e-05,-3.48207959573705e-05
"bivt",1e-04,50000,"0.1",TRUE,5.09019940994693e-05,-3.22014624242587e-05
"bivt",1e-04,50000,"0.01",TRUE,0.000103094047956861,-3.98118475726085e-05
"bivt",1e-04,50000,"0.05",TRUE,7.63652914822737e-05,-3.74230442876654e-05
"bivt",1e-04,50000,"0.1",TRUE,5.40771867645612e-05,-3.42027804134e-05
"bivt",1e-04,50000,"0.01",TRUE,9.79827587867656e-05,-4.44518259488505e-05
"bivt",1e-04,50000,"0.05",TRUE,9.19924949296306e-05,-4.37230772345821e-05
"bivt",1e-04,50000,"0.1",TRUE,7.33401960804731e-05,-4.04959579172918e-05
"bivt",1e-04,50000,"0.01",TRUE,0.000129905706084364,-4.96298003848123e-05
"bivt",1e-04,50000,"0.05",TRUE,8.42112161968545e-05,-4.3041650449049e-05
"bivt",1e-04,50000,"0.1",TRUE,7.58249909069928e-05,-3.85246982852368e-05
"bivt",1e-04,50000,"0.01",TRUE,9.7414201442159e-05,-4.9450832766449e-05
"bivt",1e-04,50000,"0.05",TRUE,8.88357208463275e-05,-4.57638085640726e-05
"bivt",1e-04,50000,"0.1",TRUE,7.94968771307856e-05,-4.21005888833493e-05
"bivt",1e-04,50000,"0.01",TRUE,0.000112412740928475,-5.34465749772997e-05
"bivt",1e-04,50000,"0.05",TRUE,9.50518168056293e-05,-3.61617974174526e-05
"bivt",1e-04,50000,"0.1",TRUE,7.05182605614663e-05,-3.34010463619814e-05
"bivt",1e-04,50000,"0.01",TRUE,0.000119421062401563,-4.03970756940519e-05
"bivt",1e-04,50000,"0.05",TRUE,0.000102582693897994,-3.49949188416393e-05
"bivt",1e-04,50000,"0.1",TRUE,8.84850212180517e-05,-3.33559061344223e-05
"bivt",1e-04,50000,"0.01",TRUE,0.000128936514475655,-4.0333198109829e-05
"bivt",1e-04,50000,"0.05",TRUE,6.67209192809579e-05,-4.54613180466307e-05
"bivt",1e-04,50000,"0.1",TRUE,5.88521319148212e-05,-4.14454478436235e-05
"bivt",1e-04,50000,"0.01",TRUE,9.74895750543816e-05,-4.98011518933365e-05
"bivt",1e-04,50000,"0.05",TRUE,6.61687369158077e-05,-4.14761164894863e-05
"bivt",1e-04,50000,"0.1",TRUE,5.90117512220249e-05,-3.95939475178224e-05
"bivt",1e-04,50000,"0.01",TRUE,9.70890844185905e-05,-4.97662351200423e-05
"bivt",1e-04,50000,"0.05",TRUE,7.12290843589188e-05,-4.27441086952357e-05
"bivt",1e-04,50000,"0.1",TRUE,6.42737804898219e-05,-3.94528344801532e-05
"bivt",1e-04,50000,"0.01",TRUE,8.88314277162107e-05,-4.69493361672984e-05
"bivt",1e-04,50000,"0.05",TRUE,9.70819272409576e-05,-4.61723985473425e-05
"bivt",1e-04,50000,"0.1",TRUE,8.8061722338693e-05,-4.24430179317261e-05
"bivt",1e-04,50000,"0.01",TRUE,0.000139308370726914,-5.23901279105679e-05
"bivt",1e-04,50000,"0.05",TRUE,6.06405516566808e-05,-4.16133093049594e-05
"bivt",1e-04,50000,"0.1",TRUE,5.7823300001888e-05,-3.81998824651573e-05
"bivt",1e-04,50000,"0.01",TRUE,8.55829124766829e-05,-4.32675068507743e-05
"bivt",1e-04,50000,"0.05",TRUE,5.39638019656702e-05,-3.92809914157068e-05
"bivt",1e-04,50000,"0.1",TRUE,4.6849341051471e-05,-3.50725284799707e-05
"bivt",1e-04,50000,"0.01",TRUE,7.73252873144172e-05,-4.09849081613036e-05
"bivt",1e-04,50000,"0.05",TRUE,7.5022225456095e-05,-4.32737084378945e-05
"bivt",1e-04,50000,"0.1",TRUE,6.41968527800891e-05,-4.13312170417423e-05
"bivt",1e-04,50000,"0.01",TRUE,8.80140127967518e-05,-4.84844802814707e-05
"bivt",1e-04,50000,"0.05",TRUE,7.56280481065879e-05,-4.18424758084733e-05
"bivt",1e-04,50000,"0.1",TRUE,6.67610394496276e-05,-3.91384971275702e-05
"bivt",1e-04,50000,"0.01",TRUE,9.23787754364571e-05,-4.74486140421097e-05
"bivt",1e-04,50000,"0.05",FALSE,5.10908791038295e-05,-3.2939895154422e-05
"bivt",1e-04,50000,"0.1",FALSE,4.40282401219913e-05,-3.01803818126013e-05
"bivt",1e-04,50000,"0.01",TRUE,6.87755806280852e-05,-3.75704182559891e-05
"bivt",1e-04,50000,"0.05",TRUE,8.30929280582911e-05,-4.32059914485866e-05
"bivt",1e-04,50000,"0.1",TRUE,7.40764820289345e-05,-4.08272224996724e-05
"bivt",1e-04,50000,"0.01",TRUE,9.1002799882103e-05,-4.7300845937393e-05
"bivt",1e-04,50000,"0.05",TRUE,6.80439896695995e-05,-3.93273696486712e-05
"bivt",1e-04,50000,"0.1",TRUE,6.21197421773175e-05,-3.4335380461955e-05
"bivt",1e-04,50000,"0.01",TRUE,8.47371109366072e-05,-4.31819007337108e-05
"bivt",1e-04,50000,"0.05",TRUE,8.01633378051612e-05,-4.5018731595215e-05
"bivt",1e-04,50000,"0.1",TRUE,5.69188041029039e-05,-4.35325671769856e-05
"bivt",1e-04,50000,"0.01",TRUE,9.02236318494728e-05,-4.94341601728529e-05
"bivt",1e-04,50000,"0.05",TRUE,6.9034044672532e-05,-3.92057449526878e-05
"bivt",1e-04,50000,"0.1",TRUE,6.29154957392284e-05,-3.65643366779074e-05
"bivt",1e-04,50000,"0.01",TRUE,0.00010592274812302,-4.54020119363957e-05
"bivt",1e-04,50000,"0.05",TRUE,6.46430810173994e-05,-3.70811534417245e-05
"bivt",1e-04,50000,"0.1",TRUE,5.57881056619795e-05,-3.53411932828992e-05
"bivt",1e-04,50000,"0.01",TRUE,7.35099103927805e-05,-4.16476219305354e-05
"bivt",1e-04,50000,"0.05",TRUE,6.11677096186177e-05,-4.07768232490996e-05
"bivt",1e-04,50000,"0.1",TRUE,5.10468614908654e-05,-3.83076652662846e-05
"bivt",1e-04,50000,"0.01",TRUE,7.37313045238673e-05,-4.50969595895867e-05
"bivt",1e-04,50000,"0.05",TRUE,6.34900191173409e-05,-3.87429194105962e-05
"bivt",1e-04,50000,"0.1",TRUE,5.49800863256936e-05,-3.65795410664327e-05
"bivt",1e-04,50000,"0.01",TRUE,8.21427266484504e-05,-4.23686617035184e-05
"bivt",1e-04,50000,"0.05",TRUE,7.27211527033994e-05,-4.06204438208679e-05
"bivt",1e-04,50000,"0.1",TRUE,5.67030296924504e-05,-3.73943008014504e-05
"bivt",1e-04,50000,"0.01",TRUE,8.33309604270201e-05,-4.66647562864206e-05
"bivt",1e-04,50000,"0.05",TRUE,9.13465998746099e-05,-4.41885874655054e-05
"bivt",1e-04,50000,"0.1",TRUE,7.19934534511029e-05,-4.12044071078121e-05
"bivt",1e-04,50000,"0.01",TRUE,0.000101459874327401,-4.77088845040032e-05
"bivt",1e-04,50000,"0.05",TRUE,8.07627789944136e-05,-4.45394507720333e-05
"bivt",1e-04,50000,"0.1",TRUE,7.0809695929405e-05,-4.17048926197371e-05
"bivt",1e-04,50000,"0.01",TRUE,9.03038740853209e-05,-4.87897984655209e-05
"bivt",1e-04,50000,"0.05",TRUE,6.76163983619085e-05,-4.11047394437598e-05
"bivt",1e-04,50000,"0.1",TRUE,6.10427779141256e-05,-3.7512240203562e-05
"bivt",1e-04,50000,"0.01",TRUE,8.89478955027736e-05,-4.42659690360471e-05
"bivt",1e-04,50000,"0.05",TRUE,8.29511420454184e-05,-4.29024054666661e-05
"bivt",1e-04,50000,"0.1",TRUE,7.18957204443203e-05,-4.13160915343265e-05
"bivt",1e-04,50000,"0.01",TRUE,0.000108894622837494,-4.99465356748482e-05
"bivt",1e-04,50000,"0.05",TRUE,7.74425955765997e-05,-3.90217546392439e-05
"bivt",1e-04,50000,"0.1",TRUE,6.58420467321229e-05,-3.59104200566385e-05
"bivt",1e-04,50000,"0.01",TRUE,0.000102759582737516,-4.62319423729941e-05
"bivt",1e-04,50000,"0.05",TRUE,0.000101970107408082,-3.59801663119162e-05
"bivt",1e-04,50000,"0.1",TRUE,6.32651581624359e-05,-3.30389664475161e-05
"bivt",1e-04,50000,"0.01",TRUE,0.000114417010407214,-4.02329793111225e-05
"bivt",1e-04,50000,"0.05",TRUE,6.50143688516803e-05,-3.78419032474154e-05
"bivt",1e-04,50000,"0.1",TRUE,5.2780265650002e-05,-3.6196673638709e-05
"bivt",1e-04,50000,"0.01",TRUE,9.28376635776073e-05,-4.23377597388763e-05
"bivt",1e-04,50000,"0.05",TRUE,7.52047891680659e-05,-4.87580762218237e-05
"bivt",1e-04,50000,"0.1",TRUE,6.37315619889609e-05,-4.33057749218084e-05
"bivt",1e-04,50000,"0.01",TRUE,9.34557031746024e-05,-5.28930797465344e-05
"bivt",1e-04,50000,"0.05",TRUE,6.89040526947522e-05,-4.79813905231247e-05
"bivt",1e-04,50000,"0.1",TRUE,6.24853006505066e-05,-4.65475183905177e-05
"bivt",1e-04,50000,"0.01",TRUE,0.000127397624193594,-5.10207219878512e-05
"bivt",1e-04,50000,"0.05",TRUE,7.13372409064881e-05,-3.99728558115317e-05
"bivt",1e-04,50000,"0.1",TRUE,5.28761029813711e-05,-3.79105714508198e-05
"bivt",1e-04,50000,"0.01",TRUE,8.95641345645209e-05,-4.42525441054082e-05
"bivt",1e-04,50000,"0.05",TRUE,5.56042799786659e-05,-3.98322087256371e-05
"bivt",1e-04,50000,"0.1",TRUE,5.05161565449009e-05,-3.81222527529277e-05
"bivt",1e-04,50000,"0.01",TRUE,6.70177370763477e-05,-4.42595431118429e-05
"bivt",1e-04,50000,"0.05",TRUE,7.50551119545545e-05,-3.72638722314853e-05
"bivt",1e-04,50000,"0.1",TRUE,5.64937852932794e-05,-3.60178998402191e-05
"bivt",1e-04,50000,"0.01",TRUE,0.000101081378618286,-4.29175092767489e-05
"bivt",1e-04,50000,"0.05",TRUE,7.86045912918669e-05,-4.1662245560051e-05
"bivt",1e-04,50000,"0.1",TRUE,6.31678227608457e-05,-3.99413978031034e-05
"bivt",1e-04,50000,"0.01",TRUE,9.7754575801523e-05,-4.65729344295195e-05
"bivt",1e-04,50000,"0.05",TRUE,6.25139911994963e-05,-3.81067112368298e-05
"bivt",1e-04,50000,"0.1",TRUE,5.47204164376792e-05,-3.48970609282242e-05
"bivt",1e-04,50000,"0.01",TRUE,9.84749962062283e-05,-4.35739320626544e-05
"bivt",1e-04,50000,"0.05",TRUE,8.84543494114532e-05,-5.12908167732708e-05
"bivt",1e-04,50000,"0.1",TRUE,7.31753336581482e-05,-5.01608380397484e-05
"bivt",1e-04,50000,"0.01",TRUE,9.93845251858763e-05,-5.4904678538775e-05
"bivt",1e-04,50000,"0.05",TRUE,7.49278619707903e-05,-4.19361782736828e-05
"bivt",1e-04,50000,"0.1",TRUE,6.02854883271451e-05,-3.85751891917475e-05
"bivt",1e-04,50000,"0.01",TRUE,8.48798434725925e-05,-4.58838030467481e-05
"bivt",1e-04,50000,"0.05",TRUE,7.85827338955221e-05,-4.70896586351434e-05
"bivt",1e-04,50000,"0.1",TRUE,7.54282555402724e-05,-4.35537011977782e-05
"bivt",1e-04,50000,"0.01",TRUE,9.18219198916844e-05,-5.10527181230012e-05
"bivt",1e-04,50000,"0.05",TRUE,6.41598081972347e-05,-3.86159440204674e-05
"bivt",1e-04,50000,"0.1",TRUE,5.53723590373837e-05,-3.69607323139017e-05
"bivt",1e-04,50000,"0.01",TRUE,7.81901887908087e-05,-4.29915215360938e-05
"bivt",1e-04,50000,"0.05",TRUE,6.35669502099468e-05,-3.84001853020316e-05
"bivt",1e-04,50000,"0.1",TRUE,6.05574178216616e-05,-3.53033974634785e-05
"bivt",1e-04,50000,"0.01",TRUE,7.99686149848586e-05,-4.29705674216363e-05
"bivt",1e-04,50000,"0.05",TRUE,8.5243603086637e-05,-4.06246356857644e-05
"bivt",1e-04,50000,"0.1",TRUE,7.20180186961507e-05,-3.87113114007126e-05
"bivt",1e-04,50000,"0.01",TRUE,0.000111947984680032,-4.50802721331994e-05
"bivt",1e-04,50000,"0.05",TRUE,9.41779606736838e-05,-4.83996007678583e-05
"bivt",1e-04,50000,"0.1",TRUE,8.09026303865356e-05,-4.34617109068793e-05
"bivt",1e-04,50000,"0.01",TRUE,0.000117766282010383,-5.51524820539266e-05
"bivt",1e-04,50000,"0.05",TRUE,7.51897737896716e-05,-4.29084360752505e-05
"bivt",1e-04,50000,"0.1",TRUE,6.8546785727748e-05,-3.91218521559609e-05
"bivt",1e-04,50000,"0.01",TRUE,9.07407810568153e-05,-4.42844942306129e-05
"bivt",1e-04,50000,"0.05",TRUE,9.76080438686163e-05,-4.39562799432324e-05
"bivt",1e-04,50000,"0.1",TRUE,8.73797632345328e-05,-4.24998417181593e-05
"bivt",1e-04,50000,"0.01",TRUE,0.000123857033442195,-4.80323376995392e-05
"bivt",1e-04,50000,"0.05",TRUE,8.51370215521486e-05,-3.64421250241507e-05
"bivt",1e-04,50000,"0.1",TRUE,7.00898488438437e-05,-3.40824523433213e-05
"bivt",1e-04,50000,"0.01",TRUE,0.00011306407906238,-4.05459888528468e-05
"bivt",1e-04,50000,"0.05",TRUE,6.34113546546919e-05,-4.34596618290424e-05
"bivt",1e-04,50000,"0.1",TRUE,5.58081969224975e-05,-4.02110157542943e-05
"bivt",1e-04,50000,"0.01",TRUE,8.25067310436847e-05,-4.77472344816566e-05
"bivt",1e-04,50000,"0.05",TRUE,6.70690001686717e-05,-3.24172018942075e-05
"bivt",1e-04,50000,"0.1",TRUE,5.47105362814143e-05,-3.04622185204831e-05
"bivt",1e-04,50000,"0.01",TRUE,0.000123173564857788,-3.63892592322808e-05
"bivt",1e-04,50000,"0.05",TRUE,8.47080861448155e-05,-4.12442890140229e-05
"bivt",1e-04,50000,"0.1",TRUE,7.65223472476545e-05,-3.86507883447082e-05
"bivt",1e-04,50000,"0.01",TRUE,9.80139327029127e-05,-4.58759113820643e-05
"bivt",1e-04,50000,"0.05",TRUE,7.8388729573522e-05,-4.77602215993101e-05
"bivt",1e-04,50000,"0.1",TRUE,7.30771399316307e-05,-4.22828903483617e-05
"bivt",1e-04,50000,"0.01",TRUE,9.65457218936178e-05,-5.16821606381993e-05
"bivt",1e-04,50000,"0.05",TRUE,5.89777895815499e-05,-4.00592552651922e-05
"bivt",1e-04,50000,"0.1",TRUE,5.29312506054942e-05,-3.69185142742466e-05
"bivt",1e-04,50000,"0.01",TRUE,8.16049323645873e-05,-4.31135820859547e-05
"bivt",1e-04,50000,"0.05",TRUE,7.4940078905736e-05,-4.78850854314569e-05
"bivt",1e-04,50000,"0.1",TRUE,6.94377430817378e-05,-4.41774436310622e-05
"bivt",1e-04,50000,"0.01",TRUE,0.00010763522629656,-5.52075425933117e-05
"bivt",1e-04,50000,"0.05",TRUE,9.8029931390255e-05,-3.89069350387141e-05
"bivt",1e-04,50000,"0.1",TRUE,7.99936135242584e-05,-3.70040698309587e-05
"bivt",1e-04,50000,"0.01",TRUE,0.000125719807353649,-4.4490509203078e-05
"bivt",1e-04,50000,"0.05",TRUE,7.15518699748698e-05,-4.16187902188013e-05
"bivt",1e-04,50000,"0.1",TRUE,5.93241381426047e-05,-3.60184323727016e-05
"bivt",1e-04,50000,"0.01",TRUE,8.43942392948199e-05,-4.82837591538435e-05
"bivt",1e-04,50000,"0.05",TRUE,6.59585774396176e-05,-4.0596498157406e-05
"bivt",1e-04,50000,"0.1",TRUE,5.68957321523328e-05,-3.78939181662808e-05
"bivt",1e-04,50000,"0.01",TRUE,8.7230121044806e-05,-4.54652044087061e-05
"bivt",1e-04,50000,"0.05",TRUE,5.84726768904673e-05,-3.79177048653201e-05
"bivt",1e-04,50000,"0.1",TRUE,5.11273899801928e-05,-3.60062352472331e-05
"bivt",1e-04,50000,"0.01",TRUE,7.11487065537532e-05,-4.37783375245242e-05
"bivt",1e-04,50000,"0.05",TRUE,6.44944522019523e-05,-3.75787793248975e-05
"bivt",1e-04,50000,"0.1",TRUE,5.28486197975517e-05,-3.47848769597153e-05
"bivt",1e-04,50000,"0.01",TRUE,7.42036764526195e-05,-4.31921719109564e-05
"bivt",1e-04,50000,"0.05",TRUE,7.55751165444306e-05,-4.17950333051846e-05
"bivt",1e-04,50000,"0.1",TRUE,6.3488508421413e-05,-4.00681499768495e-05
"bivt",1e-04,50000,"0.01",TRUE,0.000121985876006684,-4.57646275577989e-05
"bivt",1e-04,50000,"0.05",TRUE,6.61964591779761e-05,-3.59516147736537e-05
"bivt",1e-04,50000,"0.1",TRUE,5.45040038919805e-05,-3.41106155299603e-05
"bivt",1e-04,50000,"0.01",TRUE,8.16079621789093e-05,-3.91493997908283e-05
"bivt",1e-04,50000,"0.05",TRUE,7.62698970746512e-05,-4.07445580003711e-05
"bivt",1e-04,50000,"0.1",TRUE,6.49250107723978e-05,-3.87370734779283e-05
"bivt",1e-04,50000,"0.01",TRUE,0.000103522544073678,-4.67121845309632e-05
"bivt",1e-04,50000,"0.05",TRUE,7.91990278682167e-05,-4.27507346931163e-05
"bivt",1e-04,50000,"0.1",TRUE,7.35548572486247e-05,-4.11968003107194e-05
"bivt",1e-04,50000,"0.01",TRUE,0.000119449653908499,-4.66884713910162e-05
"bivt",1e-04,50000,"0.05",TRUE,6.34517287236066e-05,-3.88226638667121e-05
"bivt",1e-04,50000,"0.1",TRUE,5.63240664405915e-05,-3.70775917613526e-05
"bivt",1e-04,50000,"0.01",TRUE,7.3591904964635e-05,-4.21786144070956e-05
"bivt",1e-04,50000,"0.05",TRUE,6.73764763930318e-05,-4.38198922674977e-05
"bivt",1e-04,50000,"0.1",TRUE,5.91302552493268e-05,-4.01939463058453e-05
"bivt",1e-04,50000,"0.01",TRUE,9.22388838099527e-05,-4.74529679514523e-05
"bivt",1e-04,50000,"0.05",TRUE,0.000102635751916169,-4.31046958144525e-05
"bivt",1e-04,50000,"0.1",TRUE,8.92049146299296e-05,-4.01074213864949e-05
"bivt",1e-04,50000,"0.01",TRUE,0.00013920511551421,-4.7037545092647e-05
"bivt",1e-04,50000,"0.05",TRUE,6.81219464176266e-05,-4.31245191807292e-05
"bivt",1e-04,50000,"0.1",TRUE,5.89713523063515e-05,-3.90851024394823e-05
"bivt",1e-04,50000,"0.01",TRUE,8.29650658673745e-05,-4.87190960648595e-05
"bivt",1e-04,50000,"0.05",TRUE,5.12487137026266e-05,-3.51913920489137e-05
"bivt",1e-04,50000,"0.1",TRUE,4.66851490574364e-05,-3.2549070260723e-05
"bivt",1e-04,50000,"0.01",TRUE,7.21122270619595e-05,-4.18958303769306e-05
"bivt",1e-04,50000,"0.05",TRUE,6.3894901601036e-05,-3.94254261374116e-05
"bivt",1e-04,50000,"0.1",TRUE,5.75731335810452e-05,-3.6929188701378e-05
"bivt",1e-04,50000,"0.01",TRUE,8.10147117708515e-05,-4.87626277700712e-05
"bivt",1e-04,50000,"0.05",TRUE,6.64926673730214e-05,-4.10990508068975e-05
"bivt",1e-04,50000,"0.1",TRUE,6.24222556498342e-05,-3.67945015485738e-05
"bivt",1e-04,50000,"0.01",TRUE,8.2622326261331e-05,-4.52168320647838e-05
"bivt",1e-04,50000,"0.05",TRUE,7.29146528812883e-05,-3.7378630340126e-05
"bivt",1e-04,50000,"0.1",TRUE,6.24885171042154e-05,-3.61782363121332e-05
"bivt",1e-04,50000,"0.01",TRUE,8.88621988830769e-05,-4.09917132989329e-05
"bivt",1e-04,50000,"0.05",TRUE,7.54548104444233e-05,-4.04661382113186e-05
"bivt",1e-04,50000,"0.1",TRUE,6.56750693446372e-05,-3.8947573346457e-05
"bivt",1e-04,50000,"0.01",TRUE,0.000115631142790269,-4.36935314228124e-05
"bivt",1e-04,50000,"0.05",TRUE,6.78514469909795e-05,-4.28284219177448e-05
"bivt",1e-04,50000,"0.1",TRUE,5.78803768237394e-05,-3.95228803361466e-05
"bivt",1e-04,50000,"0.01",TRUE,8.33810133192108e-05,-4.51984776353762e-05
"bivt",1e-04,50000,"0.05",TRUE,7.36718786916969e-05,-4.5865717850566e-05
"bivt",1e-04,50000,"0.1",TRUE,6.53843918648587e-05,-4.06699457243487e-05
"bivt",1e-04,50000,"0.01",TRUE,0.00010406588873695,-5.09476343650924e-05
"bivt",1e-04,50000,"0.05",TRUE,5.73645911468472e-05,-4.13560435322447e-05
"bivt",1e-04,50000,"0.1",TRUE,4.88651413735279e-05,-3.94812698305151e-05
"bivt",1e-04,50000,"0.01",TRUE,9.15610943803838e-05,-4.71841134501279e-05
"bivt",1e-04,50000,"0.05",TRUE,8.02976346246287e-05,-3.5479716629172e-05
"bivt",1e-04,50000,"0.1",TRUE,6.743985701358e-05,-3.37590568545725e-05
"bivt",1e-04,50000,"0.01",TRUE,9.96297501338526e-05,-4.07319466016692e-05
"bivt",1e-04,50000,"0.05",TRUE,7.03515204476388e-05,-4.00802183664112e-05
"bivt",1e-04,50000,"0.1",TRUE,6.09285830109184e-05,-3.78400660296911e-05
"bivt",1e-04,50000,"0.01",TRUE,0.000103192742113559,-4.54146572754311e-05
"bivt",1e-04,50000,"0.05",TRUE,7.74099340095684e-05,-4.83957819839782e-05
"bivt",1e-04,50000,"0.1",TRUE,7.1369293262314e-05,-4.49127428814273e-05
"bivt",1e-04,50000,"0.01",TRUE,0.000116463302764627,-5.19722392315546e-05
"bivt",1e-04,50000,"0.05",TRUE,6.5103204284657e-05,-3.82020274402804e-05
"bivt",1e-04,50000,"0.1",TRUE,5.34900719538944e-05,-3.51904457438731e-05
"bivt",1e-04,50000,"0.01",TRUE,8.15969165820895e-05,-4.596702259471e-05
"bivt",1e-04,50000,"0.05",TRUE,8.82309554046967e-05,-4.15450133108922e-05
"bivt",1e-04,50000,"0.1",TRUE,7.23726835128949e-05,-4.01204044485375e-05
"bivt",1e-04,50000,"0.01",TRUE,0.000107173425979345,-4.51182042663296e-05
"bivt",1e-04,50000,"0.05",TRUE,7.88911565569125e-05,-4.18378102459342e-05
"bivt",1e-04,50000,"0.1",TRUE,6.61671666750393e-05,-4.03133494042142e-05
"bivt",1e-04,50000,"0.01",TRUE,9.44694110534488e-05,-4.80521342240612e-05
"bivt",1e-04,50000,"0.05",TRUE,6.82834581082157e-05,-4.37992933402831e-05
"bivt",1e-04,50000,"0.1",TRUE,5.80541422236748e-05,-3.76219519113657e-05
"bivt",1e-04,50000,"0.01",TRUE,8.41559643935336e-05,-4.90026425324471e-05
"bivt",1e-04,50000,"0.05",TRUE,7.47048367638001e-05,-4.03120547195342e-05
"bivt",1e-04,50000,"0.1",TRUE,5.98279136263438e-05,-3.76355872176465e-05
"bivt",1e-04,50000,"0.01",TRUE,9.88039282124958e-05,-4.51262157294551e-05
"bivt",1e-04,50000,"0.05",TRUE,7.86079765774459e-05,-4.22067067351047e-05
"bivt",1e-04,50000,"0.1",TRUE,6.14117239025521e-05,-4.01989589890033e-05
"bivt",1e-04,50000,"0.01",TRUE,9.17069556086284e-05,-4.65671478843803e-05
"bivt",1e-04,50000,"0.05",TRUE,9.03103171104391e-05,-4.59751198373365e-05
"bivt",1e-04,50000,"0.1",TRUE,7.95419898213298e-05,-4.38492605417308e-05
"bivt",1e-04,50000,"0.01",TRUE,0.00014791079656476,-4.94336169374653e-05
"bivt",1e-04,50000,"0.05",TRUE,9.73984343566482e-05,-4.58585929116339e-05
"bivt",1e-04,50000,"0.1",TRUE,8.39815805240459e-05,-4.40280626626768e-05
"bivt",1e-04,50000,"0.01",TRUE,0.000125420747847966,-5.26872133078693e-05
"bivt",1e-04,50000,"0.05",TRUE,5.39814349431838e-05,-3.71591694899782e-05
"bivt",1e-04,50000,"0.1",TRUE,5.22100877350538e-05,-3.51248924556774e-05
"bivt",1e-04,50000,"0.01",TRUE,7.68754813043016e-05,-4.48561708452186e-05
"bivt",1e-04,50000,"0.05",TRUE,5.58149880730489e-05,-4.21849279101613e-05
"bivt",1e-04,50000,"0.1",TRUE,5.04220389224896e-05,-3.99126008603374e-05
"bivt",1e-04,50000,"0.01",TRUE,6.83030463808827e-05,-4.626037715861e-05
"bivt",1e-04,50000,"0.05",TRUE,7.73540486770036e-05,-4.18105118638841e-05
"bivt",1e-04,50000,"0.1",TRUE,6.08700659889166e-05,-3.93741381280121e-05
"bivt",1e-04,50000,"0.01",TRUE,8.86390571799913e-05,-4.54222115204706e-05
"bivt",1e-04,50000,"0.05",TRUE,9.25548305017422e-05,-3.88792642568458e-05
"bivt",1e-04,50000,"0.1",TRUE,8.06368510212254e-05,-3.6140412620112e-05
"bivt",1e-04,50000,"0.01",TRUE,0.000115282367979271,-4.42499662782127e-05
"bivt",1e-04,50000,"0.05",TRUE,8.06274916044255e-05,-4.38952770779912e-05
"bivt",1e-04,50000,"0.1",TRUE,6.59321593335265e-05,-3.98489951325063e-05
"bivt",1e-04,50000,"0.01",TRUE,0.00011216864397294,-4.72902818099579e-05
"bivt",1e-04,50000,"0.05",TRUE,0.000124136859030621,-5.161973782416e-05
"bivt",1e-04,50000,"0.1",TRUE,9.17957807544649e-05,-4.88839227979658e-05
"bivt",1e-04,50000,"0.01",TRUE,0.00014267958190905,-5.51533202139763e-05
"bivt",1e-04,50000,"0.05",TRUE,7.51923341208422e-05,-3.47976994541078e-05
"bivt",1e-04,50000,"0.1",TRUE,6.76415512339824e-05,-3.27913951125185e-05
"bivt",1e-04,50000,"0.01",TRUE,0.000106312767219853,-3.92019825153742e-05
"bivt",1e-04,50000,"0.05",TRUE,8.96986144450707e-05,-4.23477662405079e-05
"bivt",1e-04,50000,"0.1",TRUE,7.37251335003758e-05,-4.02014951704855e-05
"bivt",1e-04,50000,"0.01",TRUE,0.000111489179413833,-4.62258545702524e-05
"bivt",1e-04,50000,"0.05",TRUE,6.31648220607621e-05,-3.73127533417274e-05
"bivt",1e-04,50000,"0.1",TRUE,5.47743589960319e-05,-3.54656555111428e-05
"bivt",1e-04,50000,"0.01",TRUE,9.20467403466933e-05,-4.03652338198795e-05
"bivt",1e-04,50000,"0.05",TRUE,7.74233501179597e-05,-4.77752362841121e-05
"bivt",1e-04,50000,"0.1",TRUE,7.1094917866917e-05,-4.38005329294129e-05
"bivt",1e-04,50000,"0.01",TRUE,9.13416123890463e-05,-5.22898158708969e-05
"bivt",1e-04,50000,"0.05",TRUE,6.9545073021557e-05,-3.6616961123879e-05
"bivt",1e-04,50000,"0.1",TRUE,5.36582688139947e-05,-3.51629166333997e-05
"bivt",1e-04,50000,"0.01",TRUE,8.35055655434907e-05,-4.14035842058764e-05
"bivt",1e-04,50000,"0.05",TRUE,7.84709014440164e-05,-3.97947174791949e-05
"bivt",1e-04,50000,"0.1",TRUE,6.52575834428218e-05,-3.67970208691789e-05
"bivt",1e-04,50000,"0.01",TRUE,0.000106815690172647,-4.3342243010835e-05
"bivt",1e-04,50000,"0.05",TRUE,7.06748709280289e-05,-3.87996972623109e-05
"bivt",1e-04,50000,"0.1",TRUE,6.14057763656934e-05,-3.59192471189993e-05
"bivt",1e-04,50000,"0.01",TRUE,8.60796099019871e-05,-4.49075843825298e-05
"bivt",1e-04,50000,"0.05",TRUE,5.56899215433626e-05,-3.34683299234107e-05
"bivt",1e-04,50000,"0.1",TRUE,4.86727435269412e-05,-3.13186032678778e-05
"bivt",1e-04,50000,"0.01",TRUE,7.28110001669217e-05,-3.99868768389585e-05
"bivt",1e-04,50000,"0.05",TRUE,7.52575137015774e-05,-3.60401208308424e-05
"bivt",1e-04,50000,"0.1",FALSE,6.03417723793619e-05,-3.28395629386291e-05
"bivt",1e-04,50000,"0.01",TRUE,0.000100351840663416,-3.93715250223702e-05
"bivt",1e-04,50000,"0.05",TRUE,0.000101260674148896,-4.21608190999999e-05
"bivt",1e-04,50000,"0.1",TRUE,9.07078633437077e-05,-4.06467538593806e-05
"bivt",1e-04,50000,"0.01",TRUE,0.000127606626676448,-4.81933067111488e-05
"bivt",1e-04,50000,"0.05",TRUE,4.9663831168029e-05,-3.36805041132715e-05
"bivt",1e-04,50000,"0.1",TRUE,4.44943078909822e-05,-3.16257204291681e-05
"bivt",1e-04,50000,"0.01",TRUE,7.46584863816697e-05,-3.98039163154266e-05
"bivt",1e-04,50000,"0.05",TRUE,7.24398083161233e-05,-4.31411493151499e-05
"bivt",1e-04,50000,"0.1",TRUE,6.61742587183581e-05,-4.05961073886715e-05
"bivt",1e-04,50000,"0.01",TRUE,9.67613892869156e-05,-4.91958291142473e-05
"bivt",1e-04,50000,"0.05",TRUE,9.99764706093181e-05,-4.47637887667094e-05
"bivt",1e-04,50000,"0.1",TRUE,8.96713919205019e-05,-4.35718550584876e-05
"bivt",1e-04,50000,"0.01",TRUE,0.000136705120611198,-5.4810554656789e-05
"bivt",1e-04,50000,"0.05",TRUE,4.64867439348526e-05,-3.68013805918965e-05
"bivt",1e-04,50000,"0.1",TRUE,3.91334883651268e-05,-3.3435230339727e-05
"bivt",1e-04,50000,"0.01",TRUE,5.24144075700618e-05,-4.12985444645569e-05
"bivt",1e-04,50000,"0.05",FALSE,5.18928676672142e-05,-3.68171298527885e-05
"bivt",1e-04,50000,"0.1",FALSE,4.69956578016355e-05,-3.4628686077285e-05
"bivt",1e-04,50000,"0.01",TRUE,6.45433520915427e-05,-4.16380566916038e-05
"bivt",1e-04,50000,"0.05",TRUE,7.91695715420362e-05,-3.99046596785161e-05
"bivt",1e-04,50000,"0.1",TRUE,6.81943753709927e-05,-3.63874156696152e-05
"bivt",1e-04,50000,"0.01",TRUE,9.01952669826451e-05,-4.50925850246355e-05
"bivt",1e-04,50000,"0.05",TRUE,7.47266137880145e-05,-4.00447515147431e-05
"bivt",1e-04,50000,"0.1",TRUE,6.43187713700652e-05,-3.83092782150294e-05
"bivt",1e-04,50000,"0.01",TRUE,8.98937070543632e-05,-4.45654124916804e-05
"bivt",1e-04,50000,"0.05",TRUE,8.3652011751353e-05,-4.20560597443105e-05
"bivt",1e-04,50000,"0.1",TRUE,5.98019586985653e-05,-3.88049777777449e-05
"bivt",1e-04,50000,"0.01",TRUE,0.000105086113877155,-4.67751880224644e-05
