"dist","p","n","alpha","is_covered","c_plus_adj","c_minus_adj","c_plus_raw","c_minus_raw","beta_max","xi_hat"
"bivt",0.005,1000,"0.05",TRUE,0.0121107194896503,-0.00858199460685207,0.0071060977817343,-0.00357737289893604,0.00500462170791603,0.273934671867992
"bivt",0.005,1000,"0.1",TRUE,0.0111785531978339,-0.0084285234903622,0.00617393148991783,-0.00342390178244617,0.00500462170791603,0.273934671867992
"bivt",0.005,1000,"0.01",TRUE,0.0132813693969288,-0.00889773897742539,0.00827674768901275,-0.00389311726950936,0.00500462170791603,0.273934671867992
"bivt",0.005,1000,"0.05",TRUE,0.0138148898221425,-0.00957105678253994,0.00720303599428603,-0.00295920295468346,0.00661185382785649,0.246279864010013
"bivt",0.005,1000,"0.1",TRUE,0.0126462976511635,-0.00941079092386878,0.00603444382330699,-0.00279893709601229,0.00661185382785649,0.246279864010013
"bivt",0.005,1000,"0.01",TRUE,0.0167353329219309,-0.00991638241853419,0.0101234790940744,-0.0033045285906777,0.00661185382785649,0.246279864010013
"bivt",0.005,1000,"0.05",TRUE,0.0146928304308794,-0.0105086912440589,0.00727736054305263,-0.0030932213562322,0.00741546988782672,0.24482827852248
"bivt",0.005,1000,"0.1",TRUE,0.0138217305028272,-0.0103694378270724,0.00640626061500053,-0.00295396793924563,0.00741546988782672,0.24482827852248
"bivt",0.005,1000,"0.01",TRUE,0.0172591508588315,-0.0108168777669178,0.00984368097100478,-0.00340140787909109,0.00741546988782672,0.24482827852248
"bivt",0.005,1000,"0.05",TRUE,0.00403432772346951,-0.00293602955075423,0.00304778631540464,-0.00194948814268936,0.000986541408064875,0.406723631968227
"bivt",0.005,1000,"0.1",TRUE,0.00365827184789726,-0.00276262176244242,0.00267173043983238,-0.00177608035437755,0.000986541408064875,0.406723631968227
"bivt",0.005,1000,"0.01",TRUE,0.00546735278187111,-0.00316594149224525,0.00448081137380624,-0.00217940008418038,0.000986541408064875,0.406723631968227
"bivt",0.005,1000,"0.05",TRUE,0.00541127797086841,-0.00434242356021719,0.00362112050283331,-0.00255226609218208,0.00179015746803511,0.275190352245989
"bivt",0.005,1000,"0.1",TRUE,0.00507340000630932,-0.00418213314916717,0.00328324253827422,-0.00239197568113207,0.00179015746803511,0.275190352245989
"bivt",0.005,1000,"0.01",TRUE,0.00674225058261355,-0.00469939847902755,0.00495209311457844,-0.00290924101099244,0.00179015746803511,0.275190352245989
"bivt",0.005,1000,"0.05",TRUE,0.00531073767870774,-0.00406626277592576,0.00388643090686192,-0.00264195600407995,0.00142430677184582,0.276127374897128
"bivt",0.005,1000,"0.1",TRUE,0.00488573962501584,-0.00391853350029246,0.00346143285317003,-0.00249422672844664,0.00142430677184582,0.276127374897128
"bivt",0.005,1000,"0.01",TRUE,0.00608234209904501,-0.00430599307779929,0.0046580353271992,-0.00288168630595348,0.00142430677184582,0.276127374897128
"bivt",0.005,1000,"0.05",TRUE,0.0101813763185855,-0.00808598726098434,0.00517675461066949,-0.00308136555306831,0.00500462170791603,0.264631158717356
"bivt",0.005,1000,"0.1",TRUE,0.00983786397459551,-0.00790619407129293,0.00483324226667948,-0.0029015723633769,0.00500462170791603,0.264631158717356
"bivt",0.005,1000,"0.01",TRUE,0.0111974788419292,-0.00844165005208085,0.00619285713401321,-0.00343702834416482,0.00500462170791603,0.264631158717356
"bivt",0.005,1000,"0.05",TRUE,0.0134759707089119,-0.00960652549527672,0.00686411688105544,-0.00299467166742024,0.00661185382785649,0.252438598426827
"bivt",0.005,1000,"0.1",TRUE,0.0120503582488273,-0.0094728530546822,0.00543850442097086,-0.00286099922682572,0.00661185382785649,0.252438598426827
"bivt",0.005,1000,"0.01",TRUE,0.0152244494297286,-0.0100500400460819,0.00861259560187208,-0.00343818621822544,0.00661185382785649,0.252438598426827
"bivt",0.005,1000,"0.05",TRUE,0.00554077925297714,-0.0044767649613296,0.00375062178494203,-0.0026866074932945,0.00179015746803511,0.342438557774649
"bivt",0.005,1000,"0.1",TRUE,0.00510465666659115,-0.00410956404865168,0.00331449919855604,-0.00231940658061657,0.00179015746803511,0.342438557774649
"bivt",0.005,1000,"0.01",TRUE,0.00660080953667053,-0.00478562178560681,0.00481065206863542,-0.00299546431757171,0.00179015746803511,0.342438557774649
"bivt",0.005,1000,"0.05",TRUE,0.0141956219904838,-0.00964031858836923,0.00758376816262735,-0.00302846476051274,0.00661185382785649,0.2550638572124
"bivt",0.005,1000,"0.1",TRUE,0.011677952254436,-0.00950322057052935,0.00506609842657951,-0.00289136674267286,0.00661185382785649,0.2550638572124
"bivt",0.005,1000,"0.01",TRUE,0.0165620633762651,-0.0102825043588348,0.00995020954840865,-0.00367065053097829,0.00661185382785649,0.2550638572124
"bivt",0.005,1000,"0.05",TRUE,0.00939523550981289,-0.00635996965347219,0.00519422986186709,-0.0021589640055264,0.0042010056479458,0.307942002068038
"bivt",0.005,1000,"0.1",TRUE,0.00822703939540632,-0.0062687032244848,0.00402603374746053,-0.002067697576539,0.0042010056479458,0.307942002068038
"bivt",0.005,1000,"0.01",TRUE,0.0120287016334584,-0.00665479814283054,0.00782769598551258,-0.00245379249488474,0.0042010056479458,0.307942002068038
"bivt",0.005,1000,"0.05",TRUE,0.010380959800866,-0.00780158727561678,0.00537633809294995,-0.00279696556770075,0.00500462170791603,0.327974130070327
"bivt",0.005,1000,"0.1",TRUE,0.00974377829526467,-0.00759109060495614,0.00473915658734864,-0.00258646889704012,0.00500462170791603,0.327974130070327
"bivt",0.005,1000,"0.01",TRUE,0.0121547017502005,-0.00813581270516656,0.00715008004228444,-0.00313119099725054,0.00500462170791603,0.327974130070327
"bivt",0.005,1000,"0.05",TRUE,0.0101822476968824,-0.00694751423679471,0.00598124204893662,-0.00274650858884892,0.0042010056479458,0.259733403093714
"bivt",0.005,1000,"0.1",TRUE,0.00919041922617228,-0.00672946220119969,0.00498941357822649,-0.0025284565532539,0.0042010056479458,0.259733403093714
"bivt",0.005,1000,"0.01",TRUE,0.0112835677752577,-0.00748987796222515,0.00708256212731186,-0.00328887231427935,0.0042010056479458,0.259733403093714
"bivt",0.005,1000,"0.05",TRUE,0.00585713261096278,-0.00356948336510886,0.00406697514292768,-0.00177932589707376,0.00179015746803511,0.377530590631363
"bivt",0.005,1000,"0.1",TRUE,0.00547676949715431,-0.00348829934199183,0.0036866120291192,-0.00169814187395673,0.00179015746803511,0.377530590631363
"bivt",0.005,1000,"0.01",TRUE,0.00716040059502827,-0.00383769539808164,0.00537024312699316,-0.00204753793004653,0.00179015746803511,0.377530590631363
"bivt",0.005,1000,"0.05",TRUE,0.020127668231963,-0.0128439147835435,0.0103013501642256,-0.0030175967158061,0.00982631806773741,0.24073499403152
"bivt",0.005,1000,"0.1",TRUE,0.0175374820309595,-0.0125655534455252,0.0077111639632221,-0.00273923537778778,0.00982631806773741,0.24073499403152
"bivt",0.005,1000,"0.01",TRUE,0.0216117155897673,-0.0133263751324718,0.0117853975220299,-0.00350005706473437,0.00982631806773741,0.24073499403152
"bivt",0.005,1000,"0.05",TRUE,0.00818626687221672,-0.00633954061415651,0.00478887728424116,-0.00294215102618095,0.00339738958797557,0.238342796597931
"bivt",0.005,1000,"0.1",TRUE,0.00756375743555506,-0.00612596546268145,0.0041663678475795,-0.00272857587470588,0.00339738958797557,0.238342796597931
"bivt",0.005,1000,"0.01",TRUE,0.00930076809122775,-0.0066956633625528,0.00590337850325219,-0.00329827377457723,0.00339738958797557,0.238342796597931
"bivt",0.005,1000,"0.05",TRUE,0.00646917937578632,-0.00493834268096691,0.00387540584778098,-0.00234456915296158,0.00259377352800534,0.293184792851978
"bivt",0.005,1000,"0.1",TRUE,0.00635854532202963,-0.00476561917897994,0.0037647717940243,-0.0021718456509746,0.00259377352800534,0.293184792851978
"bivt",0.005,1000,"0.01",TRUE,0.00843421200691146,-0.00531630288057097,0.00584043847890613,-0.00272252935256563,0.00259377352800534,0.293184792851978
"bivt",0.005,1000,"0.05",TRUE,0.00720166027429988,-0.00475885420411556,0.00541150280626478,-0.00296869673608046,0.00179015746803511,0.297589171880977
"bivt",0.005,1000,"0.1",TRUE,0.00649737703553094,-0.00444632492917517,0.00470721956749583,-0.00265616746114006,0.00179015746803511,0.297589171880977
"bivt",0.005,1000,"0.01",TRUE,0.00820029668992244,-0.00498848531653312,0.00641013922188733,-0.00319832784849801,0.00179015746803511,0.297589171880977
"bivt",0.005,1000,"0.05",TRUE,0.0138996909299326,-0.00967454097692778,0.00728783710207608,-0.0030626871490713,0.00661185382785649,0.250131715228942
"bivt",0.005,1000,"0.1",TRUE,0.0123375879570829,-0.00939643937383293,0.00572573412922645,-0.00278458554597644,0.00661185382785649,0.250131715228942
"bivt",0.005,1000,"0.01",TRUE,0.0168300293574729,-0.0101869287468182,0.0102181755296164,-0.00357507491896176,0.00661185382785649,0.250131715228942
"bivt",0.005,1000,"0.05",TRUE,0.014333735437008,-0.0090960080846473,0.00852549766912176,-0.00328777031676105,0.00580823776788626,0.222279148014412
"bivt",0.005,1000,"0.1",TRUE,0.0124039423028967,-0.0088574361753006,0.00659570453501048,-0.00304919840741434,0.00580823776788626,0.222279148014412
"bivt",0.005,1000,"0.01",TRUE,0.0157538664573515,-0.0094372773480394,0.00994562868946523,-0.00362903958015314,0.00580823776788626,0.222279148014412
"bivt",0.005,1000,"0.05",TRUE,0.0110460890235271,-0.00776233666357724,0.00604146731561111,-0.00275771495566121,0.00500462170791603,0.265163636450884
"bivt",0.005,1000,"0.1",TRUE,0.0107673299819178,-0.0076071143088502,0.00576270827400178,-0.00260249260093418,0.00500462170791603,0.265163636450884
"bivt",0.005,1000,"0.01",TRUE,0.0125842339248034,-0.00819104309728102,0.00757961221688742,-0.003186421389365,0.00500462170791603,0.265163636450884
"bivt",0.005,1000,"0.05",TRUE,0.00954367768016433,-0.00695111894942466,0.0045390559722483,-0.00194649724150863,0.00500462170791603,0.392306919448262
"bivt",0.005,1000,"0.1",TRUE,0.00857575444656144,-0.00673830826419556,0.00357113273864541,-0.00173368655627954,0.00500462170791603,0.392306919448262
"bivt",0.005,1000,"0.01",TRUE,0.0113371798200374,-0.00715415435747493,0.00633255811212139,-0.0021495326495589,0.00500462170791603,0.392306919448262
"bivt",0.005,1000,"0.05",TRUE,0.0166201967674556,-0.0124986455049846,0.00759749475968845,-0.0034759434972174,0.00902270200776718,0.265291954716704
"bivt",0.005,1000,"0.1",TRUE,0.0151297887377635,-0.0122811438201993,0.00610708672999636,-0.00325844181243217,0.00902270200776718,0.265291954716704
"bivt",0.005,1000,"0.01",TRUE,0.0193151576354816,-0.0128459629548004,0.0102924556277144,-0.00382326094703322,0.00902270200776718,0.265291954716704
"bivt",0.005,1000,"0.05",TRUE,0.0167374000341195,-0.0109846800868034,0.00932193014629281,-0.00356921019897666,0.00741546988782672,0.231133366246057
"bivt",0.005,1000,"0.1",TRUE,0.0153020556269647,-0.0107605724244216,0.00788658573913795,-0.00334510253659491,0.00741546988782672,0.231133366246057
"bivt",0.005,1000,"0.01",TRUE,0.0202156398478828,-0.0113774901772345,0.0128001699600561,-0.00396202028940778,0.00741546988782672,0.231133366246057
"bivt",0.005,1000,"0.05",TRUE,0.00908763960731325,-0.00635699781496347,0.00488663395936745,-0.00215599216701767,0.0042010056479458,0.382555182767942
"bivt",0.005,1000,"0.1",TRUE,0.0084270028876692,-0.00624033902845721,0.0042259972397234,-0.00203933338051141,0.0042010056479458,0.382555182767942
"bivt",0.005,1000,"0.01",TRUE,0.00989047735035563,-0.00664106063357352,0.00568947170240983,-0.00244005498562773,0.0042010056479458,0.382555182767942
"bivt",0.005,1000,"0.05",TRUE,0.00773064198582642,-0.00598689395812846,0.00433325239785085,-0.00258950437015289,0.00339738958797557,0.317251176051622
"bivt",0.005,1000,"0.1",TRUE,0.00723563749034867,-0.00568978618901852,0.0038382479023731,-0.00229239660104295,0.00339738958797557,0.317251176051622
"bivt",0.005,1000,"0.01",TRUE,0.0102329304269982,-0.00629947205446801,0.0068355408390226,-0.00290208246649244,0.00339738958797557,0.317251176051622
"bivt",0.005,1000,"0.05",TRUE,0.01670670860331,-0.011323937882762,0.00848762265551303,-0.00310485193496501,0.00821908594779695,0.291803410088174
"bivt",0.005,1000,"0.1",TRUE,0.0155198353961488,-0.0111283939475771,0.00730074944835189,-0.00290930799978011,0.00821908594779695,0.291803410088174
"bivt",0.005,1000,"0.01",TRUE,0.0191771969923632,-0.0116591833373434,0.0109581110445663,-0.00344009738954647,0.00821908594779695,0.291803410088174
"bivt",0.005,1000,"0.05",TRUE,0.00879075915137443,-0.00631803808305075,0.00539336956339886,-0.00292064849507518,0.00339738958797557,0.362285563547123
"bivt",0.005,1000,"0.1",TRUE,0.00821022598432128,-0.00625080319718333,0.00481283639634571,-0.00285341360920776,0.00339738958797557,0.362285563547123
"bivt",0.005,1000,"0.01",TRUE,0.00960137911754164,-0.00660931464616789,0.00620398952956608,-0.00321192505819232,0.00339738958797557,0.362285563547123
"bivt",0.005,1000,"0.05",TRUE,0.0108498789228884,-0.00721128583664991,0.00664887327494262,-0.00301028018870411,0.0042010056479458,0.282704568857994
"bivt",0.005,1000,"0.1",TRUE,0.0102797655841216,-0.00694545865639207,0.00607875993617582,-0.00274445300844627,0.0042010056479458,0.282704568857994
"bivt",0.005,1000,"0.01",TRUE,0.0123544813784085,-0.00761537350912427,0.0081534757304627,-0.00341436786117847,0.0042010056479458,0.282704568857994
"bivt",0.005,1000,"0.05",TRUE,0.00770475954813751,-0.00574214816452985,0.00430736996016194,-0.00234475857655429,0.00339738958797557,0.294098201423725
"bivt",0.005,1000,"0.1",TRUE,0.00697799700604902,-0.00558586973823681,0.00358060741807345,-0.00218848015026124,0.00339738958797557,0.294098201423725
"bivt",0.005,1000,"0.01",TRUE,0.00910065428386973,-0.00613961058111253,0.00570326469589416,-0.00274222099313696,0.00339738958797557,0.294098201423725
"bivt",0.005,1000,"0.05",TRUE,0.00847519719959761,-0.00665344868777741,0.00427419155165182,-0.00245244303983161,0.0042010056479458,0.321096021247185
"bivt",0.005,1000,"0.1",TRUE,0.00792262486291962,-0.00643418801234552,0.00372161921497383,-0.00223318236439972,0.0042010056479458,0.321096021247185
"bivt",0.005,1000,"0.01",TRUE,0.00993942979546248,-0.00709164132287968,0.00573842414751668,-0.00289063567493388,0.0042010056479458,0.321096021247185
"bivt",0.005,1000,"0.05",TRUE,0.00885661786965784,-0.00617510525546995,0.00545922828168228,-0.00277771566749438,0.00339738958797557,0.231800829884052
"bivt",0.005,1000,"0.1",TRUE,0.00782948357135772,-0.00601793690384191,0.00443209398338216,-0.00262054731586635,0.00339738958797557,0.231800829884052
"bivt",0.005,1000,"0.01",TRUE,0.0106752323213919,-0.00669693779768431,0.00727784273341629,-0.00329954820970874,0.00339738958797557,0.231800829884052
"bivt",0.005,1000,"0.05",TRUE,0.00731218600254301,-0.00566129768173817,0.00391479641456744,-0.00226390809376261,0.00339738958797557,0.324668402659078
"bivt",0.005,1000,"0.1",TRUE,0.00650000400090962,-0.00546016542819435,0.00310261441293406,-0.00206277584021878,0.00339738958797557,0.324668402659078
"bivt",0.005,1000,"0.01",TRUE,0.00857109480799812,-0.00603510275049625,0.00517370522002255,-0.00263771316252069,0.00339738958797557,0.324668402659078
"bivt",0.005,1000,"0.05",TRUE,0.0151490686634025,-0.0107132231232208,0.0077335987755758,-0.00329775323539406,0.00741546988782672,0.22859628569497
"bivt",0.005,1000,"0.1",TRUE,0.0130892184947128,-0.0104446447480212,0.00567374860688604,-0.0030291748601945,0.00741546988782672,0.22859628569497
"bivt",0.005,1000,"0.01",TRUE,0.0175396432125387,-0.0110251006251301,0.010124173324712,-0.00360963073730339,0.00741546988782672,0.22859628569497
"bivt",0.005,1000,"0.05",TRUE,0.0128217644677223,-0.00954734397700781,0.00620991063986581,-0.00293549014915132,0.00661185382785649,0.216376295037821
"bivt",0.005,1000,"0.1",TRUE,0.0121821146216886,-0.00925412656544248,0.00557026079383213,-0.00264227273758599,0.00661185382785649,0.216376295037821
"bivt",0.005,1000,"0.01",TRUE,0.0158339516533365,-0.00981231892834131,0.00922209782547997,-0.00320046510048482,0.00661185382785649,0.216376295037821
"bivt",0.005,1000,"0.05",TRUE,0.0118630021230147,-0.00874434364847854,0.00605476435512846,-0.00293610588059229,0.00580823776788626,0.24711548432165
"bivt",0.005,1000,"0.1",TRUE,0.0109464425986098,-0.00861586257982583,0.0051382048307235,-0.00280762481193957,0.00580823776788626,0.24711548432165
"bivt",0.005,1000,"0.01",TRUE,0.0135054403636557,-0.00901308032645811,0.0076972025957694,-0.00320484255857185,0.00580823776788626,0.24711548432165
"bivt",0.005,1000,"0.05",TRUE,0.00707649041780239,-0.00552835782518048,0.00404495152601611,-0.00249681893339421,0.00303153889178628,0.315242688715979
"bivt",0.005,1000,"0.1",TRUE,0.0067661338838692,-0.00530587229307289,0.00373459499208293,-0.00227433340128661,0.00303153889178628,0.315242688715979
"bivt",0.005,1000,"0.01",TRUE,0.00741355437356336,-0.00585643750758901,0.00438201548177709,-0.00282489861580274,0.00303153889178628,0.315242688715979
"bivt",0.005,1000,"0.05",TRUE,0.00751199948216587,-0.00599475305198675,0.0041146098941903,-0.00259736346401119,0.00339738958797557,0.276711644373168
"bivt",0.005,1000,"0.1",TRUE,0.00675542447023561,-0.00584002908318351,0.00335803488226005,-0.00244263949520794,0.00339738958797557,0.276711644373168
"bivt",0.005,1000,"0.01",TRUE,0.0102902706139905,-0.00646049731592497,0.00689288102601489,-0.0030631077279494,0.00339738958797557,0.276711644373168
"bivt",0.005,1000,"0.05",TRUE,0.00996641431014381,-0.00692021490488728,0.00576540866219801,-0.00271920925694148,0.0042010056479458,0.270154805779708
"bivt",0.005,1000,"0.1",TRUE,0.00915949950315669,-0.0067929723164152,0.0049584938552109,-0.0025919666684694,0.0042010056479458,0.270154805779708
"bivt",0.005,1000,"0.01",TRUE,0.0111867997323953,-0.00720964430342278,0.00698579408444952,-0.00300863865547698,0.0042010056479458,0.270154805779708
"bivt",0.005,1000,"0.05",TRUE,0.00811354300831398,-0.00541706326670339,0.00551976948030865,-0.00282328973869805,0.00259377352800534,0.272013810154611
"bivt",0.005,1000,"0.1",TRUE,0.00712965579490496,-0.00523911228538894,0.00453588226689963,-0.0026453387573836,0.00259377352800534,0.272013810154611
"bivt",0.005,1000,"0.01",TRUE,0.0101455328114814,-0.00573935020158055,0.00755175928347611,-0.00314557667357521,0.00259377352800534,0.272013810154611
"bivt",0.005,1000,"0.05",TRUE,0.0150797678294401,-0.0103027917511083,0.00766429794161338,-0.0028873218632816,0.00741546988782672,0.294575278748804
"bivt",0.005,1000,"0.1",TRUE,0.0136646747502133,-0.0100736736025703,0.0062492048623866,-0.00265820371474362,0.00741546988782672,0.294575278748804
"bivt",0.005,1000,"0.01",TRUE,0.0179767687938397,-0.0104638613588966,0.010561298906013,-0.00304839147106991,0.00741546988782672,0.294575278748804
"bivt",0.005,1000,"0.05",TRUE,0.0127689181332068,-0.00913371235449422,0.00615706430535026,-0.00252185852663773,0.00661185382785649,0.287098770621014
"bivt",0.005,1000,"0.1",TRUE,0.0106867824358635,-0.00888601913951649,0.00407492860800703,-0.00227416531166,0.00661185382785649,0.287098770621014
"bivt",0.005,1000,"0.01",TRUE,0.0168747589594464,-0.00942210631395483,0.01026290513159,-0.00281025248609835,0.00661185382785649,0.287098770621014
"bivt",0.005,1000,"0.05",TRUE,0.00891164819200568,-0.00654213658986259,0.00471064254405988,-0.00234113094191679,0.0042010056479458,0.332959368496962
"bivt",0.005,1000,"0.1",TRUE,0.00847806817752022,-0.00635311533306612,0.00427706252957442,-0.00215210968512033,0.0042010056479458,0.332959368496962
"bivt",0.005,1000,"0.01",TRUE,0.00981246306636284,-0.00693865545143608,0.00561145741841705,-0.00273764980349028,0.0042010056479458,0.332959368496962
"bivt",0.005,1000,"0.05",TRUE,0.0176197108087423,-0.0113101398232003,0.00940062486094537,-0.00309105387540331,0.00821908594779695,0.250385135006103
"bivt",0.005,1000,"0.1",TRUE,0.0155960114611114,-0.0110828832217803,0.00737692551331443,-0.00286379727398339,0.00821908594779695,0.250385135006103
"bivt",0.005,1000,"0.01",TRUE,0.023883228668,-0.0115987941616882,0.0156641427202031,-0.00337970821389122,0.00821908594779695,0.250385135006103
"bivt",0.005,1000,"0.05",TRUE,0.0100162541460415,-0.0071650531166762,0.00501163243812544,-0.00216043140876017,0.00500462170791603,0.344464840846896
"bivt",0.005,1000,"0.1",TRUE,0.00957626781808547,-0.00699250439391317,0.00457164611016944,-0.00198788268599714,0.00500462170791603,0.344464840846896
"bivt",0.005,1000,"0.01",TRUE,0.0129140325135481,-0.00760543797053314,0.00790941080563207,-0.00260081626261711,0.00500462170791603,0.344464840846896
"bivt",0.005,1000,"0.05",TRUE,0.0107831125544021,-0.00809072574768536,0.00497487478651585,-0.0022824879797991,0.00580823776788626,0.327892278684943
"bivt",0.005,1000,"0.1",TRUE,0.00988697185493728,-0.00797809376080533,0.00407873408705102,-0.00216985599291907,0.00580823776788626,0.327892278684943
"bivt",0.005,1000,"0.01",TRUE,0.0124359005343312,-0.00846441371827957,0.0066276627664449,-0.00265617595039331,0.00580823776788626,0.327892278684943
"bivt",0.005,1000,"0.05",TRUE,0.00667466037786005,-0.00568160471825811,0.00364312148607377,-0.00265006582647183,0.00303153889178628,0.316353626337638
"bivt",0.005,1000,"0.1",TRUE,0.00615112412281322,-0.00539421414246773,0.00311958523102694,-0.00236267525068146,0.00303153889178628,0.316353626337638
"bivt",0.005,1000,"0.01",TRUE,0.00786507837372603,-0.00598002596240327,0.00483353948193975,-0.00294848707061699,0.00303153889178628,0.316353626337638
"bivt",0.005,1000,"0.05",TRUE,0.0205673477135544,-0.0124359192387849,0.0115446457057872,-0.0034132172310177,0.00902270200776718,0.225224072334861
"bivt",0.005,1000,"0.1",TRUE,0.0168725935519259,-0.0122880153592117,0.00784989154415869,-0.00326531335144453,0.00902270200776718,0.225224072334861
"bivt",0.005,1000,"0.01",TRUE,0.0322215461372025,-0.0128564049408237,0.0231988441294353,-0.00383370293305654,0.00902270200776718,0.225224072334861
"bivt",0.005,1000,"0.05",TRUE,0.0144078560953295,-0.00991297433189394,0.00699238620750276,-0.00249750444406722,0.00741546988782672,0.263623420901374
"bivt",0.005,1000,"0.1",TRUE,0.0121589809514245,-0.00980180055024879,0.00474351106359779,-0.00238633066242207,0.00741546988782672,0.263623420901374
"bivt",0.005,1000,"0.01",TRUE,0.0175528974346244,-0.0102307736544068,0.0101374275467976,-0.00281530376658004,0.00741546988782672,0.263623420901374
"bivt",0.005,1000,"0.05",TRUE,0.0062405017452517,-0.00508718683916647,0.00364672821724637,-0.00249341331116113,0.00259377352800534,0.290595257892537
"bivt",0.005,1000,"0.1",TRUE,0.00581601777704711,-0.0048770588676026,0.00322224424904177,-0.00228328533959726,0.00259377352800534,0.290595257892537
"bivt",0.005,1000,"0.01",TRUE,0.00786233678472131,-0.00556788599019339,0.00526856325671597,-0.00297411246218806,0.00259377352800534,0.290595257892537
"bivt",0.005,1000,"0.05",TRUE,0.017325333765585,-0.0125929088054692,0.00830263175781787,-0.00357020679770205,0.00902270200776718,0.245165600012835
"bivt",0.005,1000,"0.1",TRUE,0.0159513066385305,-0.0122419910723893,0.00692860463076337,-0.00321928906462215,0.00902270200776718,0.245165600012835
"bivt",0.005,1000,"0.01",TRUE,0.0234982695427471,-0.012869082771603,0.0144755675349799,-0.00384638076383583,0.00902270200776718,0.245165600012835
"bivt",0.005,1000,"0.05",TRUE,0.0115351541530505,-0.00865780452090202,0.00572691638516421,-0.00284956675301576,0.00580823776788626,0.229044097345984
"bivt",0.005,1000,"0.1",TRUE,0.0110495780146846,-0.00848679851224673,0.00524134024679837,-0.00267856074436048,0.00580823776788626,0.229044097345984
"bivt",0.005,1000,"0.01",TRUE,0.0131365602728884,-0.00932284386954212,0.00732832250500218,-0.00351460610165586,0.00580823776788626,0.229044097345984
"bivt",0.005,1000,"0.05",TRUE,0.0107767398647374,-0.00757949765049475,0.00577211815682138,-0.00257487594257873,0.00500462170791603,0.302837703090402
"bivt",0.005,1000,"0.1",TRUE,0.010332681401169,-0.00738796366062013,0.00532805969325302,-0.0023833419527041,0.00500462170791603,0.302837703090402
"bivt",0.005,1000,"0.01",TRUE,0.0123173202646572,-0.007938519279278,0.00731269855674121,-0.00293389757136197,0.00500462170791603,0.302837703090402
"bivt",0.005,1000,"0.05",TRUE,0.00813697507801523,-0.00609903346777023,0.00473958549003967,-0.00270164387979467,0.00339738958797557,0.245034079928637
"bivt",0.005,1000,"0.1",TRUE,0.00713026795312278,-0.00594608291950207,0.00373287836514721,-0.00254869333152651,0.00339738958797557,0.245034079928637
"bivt",0.005,1000,"0.01",TRUE,0.00961049730354903,-0.00633993083417583,0.00621310771557346,-0.00294254124620027,0.00339738958797557,0.245034079928637
"bivt",0.005,1000,"0.05",TRUE,0.0054029072427886,-0.00406558244847024,0.00361274977475349,-0.00227542498043514,0.00179015746803511,0.329578300951554
"bivt",0.005,1000,"0.1",TRUE,0.00487067403974834,-0.00393956068247698,0.00308051657171323,-0.00214940321444187,0.00179015746803511,0.329578300951554
"bivt",0.005,1000,"0.01",TRUE,0.0065570648635361,-0.00432842552897291,0.00476690739550099,-0.0025382680609378,0.00179015746803511,0.329578300951554
"bivt",0.005,1000,"0.05",TRUE,0.0109988333701072,-0.00845173664704219,0.00519059560222094,-0.00264349887915593,0.00580823776788626,0.280869631808468
"bivt",0.005,1000,"0.1",TRUE,0.0103721174815359,-0.00832607897386269,0.00456387971364962,-0.00251784120597643,0.00580823776788626,0.280869631808468
"bivt",0.005,1000,"0.01",TRUE,0.0127448741711029,-0.00885660687116714,0.00693663640321667,-0.00304836910328089,0.00580823776788626,0.280869631808468
"bivt",0.005,1000,"0.05",TRUE,0.0237120609139334,-0.0140174288882725,0.013885742846196,-0.0041911108205351,0.00982631806773741,0.208134018812681
"bivt",0.005,1000,"0.1",TRUE,0.019482036266651,-0.0137743952171549,0.00965571819891357,-0.00394807714941749,0.00982631806773741,0.208134018812681
"bivt",0.005,1000,"0.01",TRUE,0.0317338988548733,-0.014412638716787,0.0219075807871359,-0.00458632064904957,0.00982631806773741,0.208134018812681
"bivt",0.005,1000,"0.05",TRUE,0.00582526121274462,-0.0045287758648435,0.00359733838092858,-0.00230085303302745,0.00222792283181605,0.386606628493711
"bivt",0.005,1000,"0.1",TRUE,0.00532733983771724,-0.004411615534827,0.00309941700590119,-0.00218369270301095,0.00222792283181605,0.386606628493711
"bivt",0.005,1000,"0.01",TRUE,0.0077416563674753,-0.00476832458795589,0.00551373353565926,-0.00254040175613984,0.00222792283181605,0.386606628493711
"bivt",0.005,1000,"0.05",TRUE,0.00863438348397719,-0.00631454737330555,0.00523699389600162,-0.00291715778532998,0.00339738958797557,0.2713103805377
"bivt",0.005,1000,"0.1",TRUE,0.00773956581542026,-0.00620447620268898,0.00434217622744469,-0.00280708661471341,0.00339738958797557,0.2713103805377
"bivt",0.005,1000,"0.01",TRUE,0.00954872090140214,-0.0066422464943088,0.00615133131342657,-0.00324485690633323,0.00339738958797557,0.2713103805377
"bivt",0.005,1000,"0.05",TRUE,0.00818085279649067,-0.00573456153916001,0.0047834632085151,-0.00233717195118444,0.00339738958797557,0.305682001474368
"bivt",0.005,1000,"0.1",TRUE,0.00748494116932349,-0.00550605289819382,0.00408755158134792,-0.00210866331021825,0.00339738958797557,0.305682001474368
"bivt",0.005,1000,"0.01",TRUE,0.0110456115203264,-0.00617682255424269,0.00764822193235087,-0.00277943296626712,0.00339738958797557,0.305682001474368
"bivt",0.005,1000,"0.05",TRUE,0.0155077648654012,-0.0104171483159771,0.00809229497757447,-0.00300167842815036,0.00741546988782672,0.259572476687787
"bivt",0.005,1000,"0.1",TRUE,0.014294208706265,-0.0102277904799424,0.0068787388184383,-0.00281232059211567,0.00741546988782672,0.259572476687787
"bivt",0.005,1000,"0.01",TRUE,0.0181420705136234,-0.010822839240177,0.0107266006257967,-0.0034073693523503,0.00741546988782672,0.259572476687787
"bivt",0.005,1000,"0.05",TRUE,0.00591361568919669,-0.0036920698185686,0.00412345822116158,-0.0019019123505335,0.00179015746803511,0.359421071751421
"bivt",0.005,1000,"0.1",TRUE,0.00493594720194722,-0.00359621284712335,0.00314578973391212,-0.00180605537908824,0.00179015746803511,0.359421071751421
"bivt",0.005,1000,"0.01",TRUE,0.0073112224497942,-0.00399359949626091,0.00552106498175909,-0.00220344202822581,0.00179015746803511,0.359421071751421
"bivt",0.005,1000,"0.05",TRUE,0.00740647248870869,-0.00660148897503478,0.00276770147698195,-0.00196271796330804,0.00463877101172674,0.362464981738523
"bivt",0.005,1000,"0.1",TRUE,0.00714410256189123,-0.00636657746358352,0.00250533155016449,-0.00172780645185678,0.00463877101172674,0.362464981738523
"bivt",0.005,1000,"0.01",TRUE,0.00803513655806837,-0.00692875697244103,0.00339636554634163,-0.00228998596071429,0.00463877101172674,0.362464981738523
"bivt",0.005,1000,"0.05",TRUE,0.0112562426992838,-0.00816629786255999,0.00625162099136773,-0.00316167615464397,0.00500462170791603,0.246158795098565
"bivt",0.005,1000,"0.1",TRUE,0.0107567446946085,-0.00790993201215239,0.00575212298669243,-0.00290531030423636,0.00500462170791603,0.246158795098565
"bivt",0.005,1000,"0.01",TRUE,0.0129617315849558,-0.00864122911617871,0.00795710987703975,-0.00363660740826268,0.00500462170791603,0.246158795098565
"bivt",0.005,1000,"0.05",TRUE,0.00942802404424122,-0.00685579107265725,0.00522701839629542,-0.00265478542471145,0.0042010056479458,0.274617219186065
"bivt",0.005,1000,"0.1",TRUE,0.00864641063688251,-0.00668941860404517,0.00444540498893671,-0.00248841295609938,0.0042010056479458,0.274617219186065
"bivt",0.005,1000,"0.01",TRUE,0.0110252654990361,-0.00719527242491442,0.00682425985109032,-0.00299426677696862,0.0042010056479458,0.274617219186065
"bivt",0.005,1000,"0.05",TRUE,0.0055373706819079,-0.00435579997933483,0.00330944785009185,-0.00212787714751879,0.00222792283181605,0.377629156185169
"bivt",0.005,1000,"0.1",TRUE,0.00511542118089163,-0.00418620763483213,0.00288749834907558,-0.00195828480301608,0.00222792283181605,0.377629156185169
"bivt",0.005,1000,"0.01",TRUE,0.00613973781860276,-0.00456092965821188,0.00391181498678671,-0.00233300682639583,0.00222792283181605,0.377629156185169
"bivt",0.005,1000,"0.05",TRUE,0.00938473817250605,-0.00698582178072955,0.00474596716077931,-0.00234705076900281,0.00463877101172674,0.290171037451535
"bivt",0.005,1000,"0.1",TRUE,0.00850887198881256,-0.00675333824564161,0.00387010097708582,-0.00211456723391487,0.00463877101172674,0.290171037451535
"bivt",0.005,1000,"0.01",TRUE,0.0101491701822747,-0.00735208294527881,0.00551039917054799,-0.00271331193355207,0.00463877101172674,0.290171037451535
"bivt",0.005,1000,"0.05",TRUE,0.0136263207610132,-0.00907934759660044,0.00701446693315669,-0.00246749376874395,0.00661185382785649,0.333646832838145
"bivt",0.005,1000,"0.1",TRUE,0.0125657855650477,-0.00885153716025828,0.00595393173719117,-0.00223968333240179,0.00661185382785649,0.333646832838145
"bivt",0.005,1000,"0.01",TRUE,0.0151322191781917,-0.00942762881973027,0.00852036535033524,-0.00281577499187378,0.00661185382785649,0.333646832838145
"bivt",0.005,1000,"0.05",TRUE,0.0059089140476898,-0.00486358735743821,0.00331514051968447,-0.00226981382943287,0.00259377352800534,0.387586676712054
"bivt",0.005,1000,"0.1",TRUE,0.00572406929842492,-0.004676857322401,0.00313029577041958,-0.00208308379439567,0.00259377352800534,0.387586676712054
"bivt",0.005,1000,"0.01",TRUE,0.007477546015087,-0.00511975474477601,0.00488377248708166,-0.00252598121677067,0.00259377352800534,0.387586676712054
"bivt",0.005,1000,"0.05",TRUE,0.0100233522126398,-0.00704318728624045,0.00582234656469405,-0.00284218163829466,0.0042010056479458,0.219656217601689
"bivt",0.005,1000,"0.1",TRUE,0.00944768913296611,-0.00690852511110855,0.00524668348502032,-0.00270751946316276,0.0042010056479458,0.219656217601689
"bivt",0.005,1000,"0.01",TRUE,0.0120258918109134,-0.00748780692103819,0.00782488616296762,-0.0032868012730924,0.0042010056479458,0.219656217601689
"bivt",0.005,1000,"0.05",TRUE,0.00988201295057463,-0.0078004910686245,0.00487739124265861,-0.00279586936070848,0.00500462170791603,0.294946927796578
"bivt",0.005,1000,"0.1",TRUE,0.00904561719339148,-0.00751242654008842,0.00404099548547545,-0.00250780483217239,0.00500462170791603,0.294946927796578
"bivt",0.005,1000,"0.01",TRUE,0.0133054940421731,-0.00814755935325306,0.00830087233425711,-0.00314293764533704,0.00500462170791603,0.294946927796578
"bivt",0.005,1000,"0.05",TRUE,0.0162300232873738,-0.0108759682481201,0.00881455339954712,-0.00346049836029342,0.00741546988782672,0.224237800935061
"bivt",0.005,1000,"0.1",TRUE,0.0157091292860825,-0.0104568514867121,0.0082936593982558,-0.0030413815988854,0.00741546988782672,0.224237800935061
"bivt",0.005,1000,"0.01",TRUE,0.0181292685531066,-0.011205612831574,0.0107137986652799,-0.00379014294374733,0.00741546988782672,0.224237800935061
"bivt",0.005,1000,"0.05",TRUE,0.0107418702010351,-0.00805684324425825,0.00573724849311912,-0.00305222153634222,0.00500462170791603,0.230881923240671
"bivt",0.005,1000,"0.1",TRUE,0.0100418996199607,-0.00789864845002706,0.00503727791204472,-0.00289402674211103,0.00500462170791603,0.230881923240671
"bivt",0.005,1000,"0.01",TRUE,0.0121573268246943,-0.00878137375908544,0.0071527051167783,-0.00377675205116941,0.00500462170791603,0.230881923240671
"bivt",0.005,1000,"0.05",TRUE,0.0158715728311918,-0.0107020759111268,0.00845610294336504,-0.00328660602330008,0.00741546988782672,0.243677594467707
"bivt",0.005,1000,"0.1",TRUE,0.0131484003666325,-0.0105204048289881,0.0057329304788058,-0.00310493494116137,0.00741546988782672,0.243677594467707
"bivt",0.005,1000,"0.01",TRUE,0.0196891017423227,-0.0110631300316198,0.012273631854496,-0.00364766014379313,0.00741546988782672,0.243677594467707
"bivt",0.005,1000,"0.05",TRUE,0.00831877904305825,-0.00592610288557965,0.00492138945508268,-0.00252871329760409,0.00339738958797557,0.280913706950214
"bivt",0.005,1000,"0.1",TRUE,0.00756391612333593,-0.0056707493834112,0.00416652653536037,-0.00227335979543563,0.00339738958797557,0.280913706950214
"bivt",0.005,1000,"0.01",TRUE,0.00946725339260079,-0.00616870581384986,0.00606986380462522,-0.00277131622587429,0.00339738958797557,0.280913706950214
"bivt",0.005,1000,"0.05",TRUE,0.0176855897068311,-0.0126894887457116,0.00866288769906393,-0.00366678673794438,0.00902270200776718,0.228368444814675
"bivt",0.005,1000,"0.1",TRUE,0.0164214782381383,-0.0124583227842883,0.00739877623037114,-0.00343562077652109,0.00902270200776718,0.228368444814675
"bivt",0.005,1000,"0.01",TRUE,0.0219319678439504,-0.013070413091757,0.0129092658361832,-0.00404771108398981,0.00902270200776718,0.228368444814675
"bivt",0.005,1000,"0.05",TRUE,0.0237210294697639,-0.0146659878658972,0.0130910953420563,-0.00403605373818953,0.0106299341277076,0.189748811104285
"bivt",0.005,1000,"0.1",TRUE,0.0205763030706976,-0.0144978828016781,0.00994636894298997,-0.00386794867397048,0.0106299341277076,0.189748811104285
"bivt",0.005,1000,"0.01",TRUE,0.0284811458699967,-0.0150679488946627,0.0178512117422891,-0.00443801476695505,0.0106299341277076,0.189748811104285
"bivt",0.005,1000,"0.05",TRUE,0.0120673656620678,-0.00898651895502287,0.00625912789418152,-0.00317828118713661,0.00580823776788626,0.350572124013677
"bivt",0.005,1000,"0.1",TRUE,0.0111009921938037,-0.00893319260067316,0.00529275442591746,-0.0031249548327869,0.00580823776788626,0.350572124013677
"bivt",0.005,1000,"0.01",TRUE,0.0136442037747858,-0.0091552135662035,0.00783596600689954,-0.00334697579831724,0.00580823776788626,0.350572124013677
"bivt",0.005,1000,"0.05",TRUE,0.0150352589226023,-0.0103153635310555,0.00761978903477556,-0.00289989364322873,0.00741546988782672,0.273888165477556
"bivt",0.005,1000,"0.1",TRUE,0.0141593826810674,-0.0101548209867241,0.00674391279324071,-0.00273935109889735,0.00741546988782672,0.273888165477556
"bivt",0.005,1000,"0.01",TRUE,0.0182517316476699,-0.0106259811922748,0.0108362617598432,-0.00321051130444812,0.00741546988782672,0.273888165477556
"bivt",0.005,1000,"0.05",TRUE,0.0107091046038401,-0.00811519156284172,0.0057044828959241,-0.00311056985492569,0.00500462170791603,0.287122019509063
"bivt",0.005,1000,"0.1",TRUE,0.0103595890714493,-0.00784124127859445,0.0053549673635333,-0.00283661957067842,0.00500462170791603,0.287122019509063
"bivt",0.005,1000,"0.01",TRUE,0.0130099292411372,-0.00835973437283666,0.00800530753322121,-0.00335511266492063,0.00500462170791603,0.287122019509063
"bivt",0.005,1000,"0.05",TRUE,0.0112812120300879,-0.00776416440890274,0.00627659032217191,-0.00275954270098671,0.00500462170791603,0.281069092320741
"bivt",0.005,1000,"0.1",TRUE,0.0106063004501828,-0.00767102900945714,0.00560167874226676,-0.00266640730154112,0.00500462170791603,0.281069092320741
"bivt",0.005,1000,"0.01",TRUE,0.0126711637219006,-0.00809499618541715,0.00766654201398456,-0.00309037447750112,0.00500462170791603,0.281069092320741
"bivt",0.005,1000,"0.05",TRUE,0.0129573633988719,-0.00970450133304313,0.00634550957101543,-0.00309264750518664,0.00661185382785649,0.278018971369422
"bivt",0.005,1000,"0.1",TRUE,0.01152451380064,-0.00950682534022131,0.00491265997278347,-0.00289497151236483,0.00661185382785649,0.278018971369422
"bivt",0.005,1000,"0.01",TRUE,0.0149128702544378,-0.0100363909649826,0.00830101642658132,-0.00342453713712612,0.00661185382785649,0.278018971369422
"bivt",0.005,1000,"0.05",TRUE,0.0173219837777519,-0.0116896862454915,0.00910289782995499,-0.00347060029769456,0.00821908594779695,0.269985368411756
"bivt",0.005,1000,"0.1",TRUE,0.0159085636299533,-0.0114909485350078,0.00768947768215632,-0.00327186258721085,0.00821908594779695,0.269985368411756
"bivt",0.005,1000,"0.01",TRUE,0.0227481066172173,-0.0121459874540336,0.0145290206694203,-0.00392690150623664,0.00821908594779695,0.269985368411756
"bivt",0.005,1000,"0.05",TRUE,0.0138412767138285,-0.00959494161748635,0.00722942288597206,-0.00298308778962986,0.00661185382785649,0.233060962963721
"bivt",0.005,1000,"0.1",TRUE,0.0121943211979631,-0.00932821246099037,0.00558246737010657,-0.00271635863313388,0.00661185382785649,0.233060962963721
"bivt",0.005,1000,"0.01",TRUE,0.0163831900413145,-0.00995880527190076,0.00977133621345806,-0.00334695144404427,0.00661185382785649,0.233060962963721
"bivt",0.005,1000,"0.05",TRUE,0.00749620331216851,-0.00673315743413605,0.00285743230044177,-0.00209438642240931,0.00463877101172674,0.351756288529406
"bivt",0.005,1000,"0.1",TRUE,0.00725990623399084,-0.0065293903455874,0.0026211352222641,-0.00189061933386066,0.00463877101172674,0.351756288529406
"bivt",0.005,1000,"0.01",TRUE,0.00914274703207264,-0.00703103501805157,0.0045039760203459,-0.00239226400632483,0.00463877101172674,0.351756288529406
"bivt",0.005,1000,"0.05",TRUE,0.00683272469640111,-0.00588237666983305,0.0029975697446446,-0.00204722171807655,0.00383515495175651,0.340124167797881
"bivt",0.005,1000,"0.1",TRUE,0.0064915804447432,-0.00574949224308449,0.00265642549298669,-0.00191433729132799,0.00383515495175651,0.340124167797881
"bivt",0.005,1000,"0.01",TRUE,0.00746585902106003,-0.00615594924755399,0.00363070406930353,-0.00232079429579748,0.00383515495175651,0.340124167797881
"bivt",0.005,1000,"0.05",TRUE,0.0122583405012894,-0.00938929551446504,0.00564648667343294,-0.00277744168660856,0.00661185382785649,0.27173560916795
"bivt",0.005,1000,"0.1",TRUE,0.0116656714450088,-0.00915092415807431,0.00505381761715236,-0.00253907033021782,0.00661185382785649,0.27173560916795
"bivt",0.005,1000,"0.01",TRUE,0.0146489879918359,-0.00960900004725361,0.00803713416397942,-0.00299714621939713,0.00661185382785649,0.27173560916795
"bivt",0.005,1000,"0.05",TRUE,0.00789017822986817,-0.0062966202622416,0.00405502327811167,-0.00246146531048509,0.00383515495175651,0.330743163678221
"bivt",0.005,1000,"0.1",TRUE,0.00715230471177944,-0.00614291150902247,0.00331714976002294,-0.00230775655726596,0.00383515495175651,0.330743163678221
"bivt",0.005,1000,"0.01",TRUE,0.00909843614938781,-0.00658093182889488,0.0052632811976313,-0.00274577687713837,0.00383515495175651,0.330743163678221
"bivt",0.005,1000,"0.05",TRUE,0.00683694911504385,-0.00538092934567113,0.00343955952706828,-0.00198353975769557,0.00339738958797557,0.37000571680571
"bivt",0.005,1000,"0.1",TRUE,0.00605863538349052,-0.00522082354964402,0.00266124579551496,-0.00182343396166845,0.00339738958797557,0.37000571680571
"bivt",0.005,1000,"0.01",TRUE,0.00804982882895842,-0.00571231871997823,0.00465243924098286,-0.00231492913200266,0.00339738958797557,0.37000571680571
"bivt",0.005,1000,"0.05",TRUE,0.013311284824552,-0.00977928717382398,0.00669943099669555,-0.00316743334596749,0.00661185382785649,0.283693802665942
"bivt",0.005,1000,"0.1",TRUE,0.0123114986971753,-0.00952576600729633,0.00569964486931879,-0.00291391217943984,0.00661185382785649,0.283693802665942
"bivt",0.005,1000,"0.01",TRUE,0.0156994072672117,-0.0102489446875926,0.00908755343935524,-0.00363709085973613,0.00661185382785649,0.283693802665942
"bivt",0.005,1000,"0.05",TRUE,0.0312229200192056,-0.0175686057138415,0.0181821377115872,-0.00452782340622314,0.0130407823076183,0.221222731508731
"bivt",0.005,1000,"0.1",TRUE,0.0276039348591266,-0.0174216322160622,0.0145631525515083,-0.00438084990844386,0.0130407823076183,0.221222731508731
"bivt",0.005,1000,"0.01",TRUE,0.0376789133245916,-0.0178548123474619,0.0246381310169733,-0.00481403003984357,0.0130407823076183,0.221222731508731
"bivt",0.005,1000,"0.05",TRUE,0.00739596449148869,-0.00569724728617299,0.00399857490351312,-0.00229985769819743,0.00339738958797557,0.336434966442466
"bivt",0.005,1000,"0.1",TRUE,0.00697101953777761,-0.00552555136170604,0.00357362994980205,-0.00212816177373047,0.00339738958797557,0.336434966442466
"bivt",0.005,1000,"0.01",TRUE,0.0087826662344121,-0.00601813410556117,0.00538527664643653,-0.00262074451758561,0.00339738958797557,0.336434966442466
"bivt",0.005,1000,"0.05",TRUE,0.0066004810683496,-0.00481307461811425,0.00400670754034426,-0.00221930109010891,0.00259377352800534,0.35126066152922
"bivt",0.005,1000,"0.1",TRUE,0.0064187990376624,-0.00472198941732523,0.00382502550965706,-0.0021282158893199,0.00259377352800534,0.35126066152922
"bivt",0.005,1000,"0.01",TRUE,0.00919644284264713,-0.00495141550188727,0.00660266931464179,-0.00235764197388194,0.00259377352800534,0.35126066152922
"bivt",0.005,1000,"0.05",TRUE,0.0148852208422009,-0.010107840906413,0.00746975095437415,-0.00269237101858628,0.00741546988782672,0.291247191425604
"bivt",0.005,1000,"0.1",TRUE,0.0137338932014387,-0.00999146549817603,0.00631842331361194,-0.00257599561034932,0.00741546988782672,0.291247191425604
"bivt",0.005,1000,"0.01",TRUE,0.0182098984130598,-0.0104311206908737,0.0107944285252331,-0.00301565080304697,0.00741546988782672,0.291247191425604
"bivt",0.005,1000,"0.05",TRUE,0.0077524117160766,-0.00594654873345314,0.00435502212810103,-0.00254915914547757,0.00339738958797557,0.313946330865777
"bivt",0.005,1000,"0.1",TRUE,0.00701011479269275,-0.00579061320517444,0.00361272520471718,-0.00239322361719888,0.00339738958797557,0.313946330865777
"bivt",0.005,1000,"0.01",TRUE,0.00816330773323437,-0.00629030518182022,0.00476591814525881,-0.00289291559384466,0.00339738958797557,0.313946330865777
"bivt",0.005,1000,"0.05",TRUE,0.0150040132164381,-0.010939010119847,0.00758854332861134,-0.00352354023202031,0.00741546988782672,0.286454602136991
"bivt",0.005,1000,"0.1",TRUE,0.0138814168351608,-0.0106037935873871,0.00646594694733404,-0.00318832369956037,0.00741546988782672,0.286454602136991
"bivt",0.005,1000,"0.01",TRUE,0.0192261042798847,-0.0111931499219312,0.0118106343920579,-0.0037776800341045,0.00741546988782672,0.286454602136991
"bivt",0.005,1000,"0.05",TRUE,0.0112980919900463,-0.0103419333926485,0.0038826221022196,-0.00292646350482182,0.00741546988782672,0.319522824324507
"bivt",0.005,1000,"0.1",TRUE,0.0106841988296768,-0.0102963744841312,0.00326872894185005,-0.00288090459630444,0.00741546988782672,0.319522824324507
"bivt",0.005,1000,"0.01",TRUE,0.0187043953048235,-0.0105458589884497,0.0112889254169968,-0.003130389100623,0.00741546988782672,0.319522824324507
"bivt",0.005,1000,"0.05",TRUE,0.00764804249824664,-0.00609442527456615,0.00381288754649013,-0.00225927032280964,0.00383515495175651,0.300158408383657
"bivt",0.005,1000,"0.1",TRUE,0.00721532827711925,-0.00583643341104458,0.00338017332536274,-0.00200127845928808,0.00383515495175651,0.300158408383657
"bivt",0.005,1000,"0.01",TRUE,0.00880682523310898,-0.00634126975159363,0.00497167028135248,-0.00250611479983712,0.00383515495175651,0.300158408383657
"bivt",0.005,1000,"0.05",TRUE,0.00773807443243534,-0.00653496480189268,0.00353706878448955,-0.00233395915394689,0.0042010056479458,0.309226226519397
"bivt",0.005,1000,"0.1",TRUE,0.00714180546598858,-0.00637843494349334,0.00294079981804279,-0.00217742929554754,0.0042010056479458,0.309226226519397
"bivt",0.005,1000,"0.01",TRUE,0.0099181825615943,-0.00682624483742489,0.00571717691364851,-0.00262523918947909,0.0042010056479458,0.309226226519397
"bivt",0.005,1000,"0.05",TRUE,0.00926426548947985,-0.00690889307610371,0.00506325984153406,-0.00270788742815792,0.0042010056479458,0.301455540173328
"bivt",0.005,1000,"0.1",TRUE,0.00841089798541459,-0.0067597221948384,0.00420989233746879,-0.0025587165468926,0.0042010056479458,0.301455540173328
"bivt",0.005,1000,"0.01",TRUE,0.0109385886559354,-0.00716103242022542,0.00673758300798961,-0.00296002677227963,0.0042010056479458,0.301455540173328
"bivt",0.005,1000,"0.05",TRUE,0.0160904797472115,-0.0115603242785648,0.00787139379941458,-0.00334123833076782,0.00821908594779695,0.244985807992986
"bivt",0.005,1000,"0.1",TRUE,0.0147765393331701,-0.0112908593056835,0.00655745338537312,-0.00307177335788659,0.00821908594779695,0.244985807992986
"bivt",0.005,1000,"0.01",TRUE,0.0205285266275877,-0.0121831621629879,0.0123094406797907,-0.00396407621519094,0.00821908594779695,0.244985807992986
"bivt",0.005,1000,"0.05",TRUE,0.00970563680082623,-0.00727291653816408,0.00550463115288043,-0.00307191089021829,0.0042010056479458,0.21856996974382
"bivt",0.005,1000,"0.1",TRUE,0.00881428757335269,-0.00699515507171028,0.0046132819254069,-0.00279414942376449,0.0042010056479458,0.21856996974382
"bivt",0.005,1000,"0.01",TRUE,0.0115220994442762,-0.00766506887398839,0.00732109379633044,-0.00346406322604259,0.0042010056479458,0.21856996974382
"bivt",0.005,1000,"0.05",TRUE,0.0075358696167539,-0.00648690579893619,0.00333486396880811,-0.00228590015099039,0.0042010056479458,0.331886703296828
"bivt",0.005,1000,"0.1",TRUE,0.00718745893345826,-0.00630370053028839,0.00298645328551246,-0.0021026948823426,0.0042010056479458,0.331886703296828
"bivt",0.005,1000,"0.01",TRUE,0.0109665315076921,-0.00691980550108065,0.00676552585974633,-0.00271879985313485,0.0042010056479458,0.331886703296828
"bivt",0.005,1000,"0.05",TRUE,0.0124279243608345,-0.0089216896504616,0.0066196865929482,-0.00311345188257535,0.00580823776788626,0.21453113400368
"bivt",0.005,1000,"0.1",TRUE,0.0119710139394338,-0.0086878122834533,0.0061627761715475,-0.00287957451556704,0.00580823776788626,0.21453113400368
"bivt",0.005,1000,"0.01",TRUE,0.0147448572189985,-0.00942159143877255,0.00893661945111229,-0.00361335367088629,0.00580823776788626,0.21453113400368
"bivt",0.005,1000,"0.05",TRUE,0.0149140009020996,-0.0116636033294232,0.00589129889433241,-0.00264090132165605,0.00902270200776718,0.277048463278254
"bivt",0.005,1000,"0.1",TRUE,0.0136008029642307,-0.0114850456051411,0.00457810095646356,-0.00246234359737389,0.00902270200776718,0.277048463278254
"bivt",0.005,1000,"0.01",TRUE,0.0227765079652758,-0.0118508749693392,0.0137538059575086,-0.00282817296157198,0.00902270200776718,0.277048463278254
"bivt",0.005,1000,"0.05",TRUE,0.0106111808061337,-0.00880123101849992,0.00480294303824748,-0.00299299325061366,0.00580823776788626,0.28286818999645
"bivt",0.005,1000,"0.1",TRUE,0.00991438314766369,-0.00853526297131386,0.00410614537977743,-0.0027270252034276,0.00580823776788626,0.28286818999645
"bivt",0.005,1000,"0.01",TRUE,0.0124523423663384,-0.00900388942424981,0.00664410459845215,-0.00319565165636355,0.00580823776788626,0.28286818999645
"bivt",0.005,1000,"0.05",TRUE,0.0188103037024643,-0.012195752139213,0.00978760169469716,-0.00317305013144585,0.00902270200776718,0.287321989654634
"bivt",0.005,1000,"0.1",TRUE,0.0185836125046894,-0.0119501039927148,0.0095609104969222,-0.00292740198494764,0.00902270200776718,0.287321989654634
"bivt",0.005,1000,"0.01",TRUE,0.0216379780935207,-0.012614297551139,0.0126152760857535,-0.00359159554337181,0.00902270200776718,0.287321989654634
"bivt",0.005,1000,"0.05",TRUE,0.00650923292871775,-0.00464999181462885,0.00428131009690171,-0.00242206898281281,0.00222792283181605,0.306988651651433
"bivt",0.005,1000,"0.1",TRUE,0.0060224838171637,-0.00449187164575784,0.00379456098534766,-0.0022639488139418,0.00222792283181605,0.306988651651433
"bivt",0.005,1000,"0.01",TRUE,0.007202391071059,-0.00491949149623185,0.00497446823924296,-0.0026915686644158,0.00222792283181605,0.306988651651433
"bivt",0.005,1000,"0.05",TRUE,0.00594173098688309,-0.0044355392013989,0.00415157351884799,-0.0026453817333638,0.00179015746803511,0.282970075968193
"bivt",0.005,1000,"0.1",TRUE,0.00544282294314509,-0.00425039629208141,0.00365266547510998,-0.00246023882404631,0.00179015746803511,0.282970075968193
"bivt",0.005,1000,"0.01",TRUE,0.00818494370825986,-0.00472571954775782,0.00639478624022475,-0.00293556207972271,0.00179015746803511,0.282970075968193
"bivt",0.005,1000,"0.05",FALSE,0.00444579429084248,-0.00338230581219415,0.00302148751899666,-0.00195799904034833,0.00142430677184582,0.428344940269784
"bivt",0.005,1000,"0.1",FALSE,0.00399544553053987,-0.00327340272311537,0.00257113875869406,-0.00184909595126956,0.00142430677184582,0.428344940269784
"bivt",0.005,1000,"0.01",FALSE,0.00557648569375136,-0.00376074739370163,0.00415217892190554,-0.00233644062185582,0.00142430677184582,0.428344940269784
"bivt",0.005,1000,"0.05",TRUE,0.0100787164834225,-0.00774806884213516,0.00507409477550646,-0.00274344713421914,0.00500462170791603,0.287882291638269
"bivt",0.005,1000,"0.1",TRUE,0.00927360453610498,-0.00765613063103119,0.00426898282818895,-0.00265150892311516,0.00500462170791603,0.287882291638269
"bivt",0.005,1000,"0.01",TRUE,0.0116392080898858,-0.00836873829263717,0.00663458638196974,-0.00336411658472114,0.00500462170791603,0.287882291638269
"bivt",0.005,1000,"0.05",TRUE,0.00872100308230989,-0.00578673738959158,0.00532361349433432,-0.00238934780161602,0.00339738958797557,0.340695096612583
"bivt",0.005,1000,"0.1",TRUE,0.00737288755905699,-0.00565304509542936,0.00397549797108142,-0.0022556555074538,0.00339738958797557,0.340695096612583
"bivt",0.005,1000,"0.01",TRUE,0.00961772207978772,-0.00610129311140416,0.00622033249181216,-0.00270390352342859,0.00339738958797557,0.340695096612583
"bivt",0.005,1000,"0.05",TRUE,0.0111382236370674,-0.00832059751522028,0.00532998586918116,-0.00251235974733402,0.00580823776788626,0.273814815078781
"bivt",0.005,1000,"0.1",TRUE,0.0101144017906705,-0.00817816669100943,0.00430616402278429,-0.00236992892312317,0.00580823776788626,0.273814815078781
"bivt",0.005,1000,"0.01",TRUE,0.0129497809151889,-0.00885048732150278,0.00714154314730268,-0.00304224955361652,0.00580823776788626,0.273814815078781
"bivt",0.005,1000,"0.05",TRUE,0.0170330781295012,-0.0116995137735491,0.00881399218170427,-0.00348042782575213,0.00821908594779695,0.247580032591954
"bivt",0.005,1000,"0.1",TRUE,0.0158500890993049,-0.0114476444197508,0.00763100315150797,-0.00322855847195387,0.00821908594779695,0.247580032591954
"bivt",0.005,1000,"0.01",TRUE,0.0199127096701976,-0.0119522033834555,0.0116936237224007,-0.00373311743565858,0.00821908594779695,0.247580032591954
"bivt",0.005,1000,"0.05",TRUE,0.00640277815695382,-0.0047318408965032,0.00380900462894848,-0.00213806736849786,0.00259377352800534,0.33503591716439
"bivt",0.005,1000,"0.1",TRUE,0.0057812866612431,-0.00455260760000652,0.00318751313323776,-0.00195883407200119,0.00259377352800534,0.33503591716439
"bivt",0.005,1000,"0.01",TRUE,0.00781198065110438,-0.00505920023273762,0.00521820712309904,-0.00246542670473229,0.00259377352800534,0.33503591716439
"bivt",0.005,1000,"0.05",TRUE,0.0110165426453552,-0.00811664519253366,0.00601192093743919,-0.00311202348461764,0.00500462170791603,0.260346071248301
"bivt",0.005,1000,"0.1",TRUE,0.0103602128935086,-0.00791323558312671,0.00535559118559253,-0.00290861387521069,0.00500462170791603,0.260346071248301
"bivt",0.005,1000,"0.01",TRUE,0.012754611596628,-0.00849652369425022,0.00774998988871202,-0.00349190198633419,0.00500462170791603,0.260346071248301
"bivt",0.005,1000,"0.05",TRUE,0.00982460176585548,-0.00759685975340788,0.00481998005793946,-0.00259223804549186,0.00500462170791603,0.284066589648333
"bivt",0.005,1000,"0.1",TRUE,0.00920609013706626,-0.00740775948927828,0.00420146842915023,-0.00240313778136225,0.00500462170791603,0.284066589648333
"bivt",0.005,1000,"0.01",TRUE,0.0137293826218786,-0.00801696920266782,0.00872476091396258,-0.0030123474947518,0.00500462170791603,0.284066589648333
"bivt",0.005,1000,"0.05",TRUE,0.0088259725089565,-0.00666733088530374,0.0046249668610107,-0.00246632523735795,0.0042010056479458,0.346110423346572
"bivt",0.005,1000,"0.1",TRUE,0.00750025737907641,-0.00646184046727676,0.00329925173113062,-0.00226083481933096,0.0042010056479458,0.346110423346572
"bivt",0.005,1000,"0.01",TRUE,0.0115637482907541,-0.00714869767990535,0.00736274264280827,-0.00294769203195955,0.0042010056479458,0.346110423346572
"bivt",0.005,1000,"0.05",TRUE,0.00736059903836102,-0.00610636107907249,0.00352544408660451,-0.00227120612731599,0.00383515495175651,0.32141971798149
"bivt",0.005,1000,"0.1",TRUE,0.00646117775686763,-0.00585743856111134,0.00262602280511113,-0.00202228360935483,0.00383515495175651,0.32141971798149
"bivt",0.005,1000,"0.01",TRUE,0.00774922647455278,-0.00634846242448461,0.00391407152279628,-0.0025133074727281,0.00383515495175651,0.32141971798149
"bivt",0.005,1000,"0.05",TRUE,0.012886196395766,-0.0086756264055091,0.0070779586278797,-0.00286738863762285,0.00580823776788626,0.32018348397683
"bivt",0.005,1000,"0.1",TRUE,0.010740690260112,-0.00846734399498565,0.00493245249222576,-0.00265910622709939,0.00580823776788626,0.32018348397683
"bivt",0.005,1000,"0.01",TRUE,0.014922198918954,-0.00901907540978972,0.00911396115106779,-0.00321083764190346,0.00580823776788626,0.32018348397683
"bivt",0.005,1000,"0.05",TRUE,0.00553746600864203,-0.00443682827922654,0.00330954317682599,-0.00220890544741049,0.00222792283181605,0.356601670597503
"bivt",0.005,1000,"0.1",TRUE,0.00527143715697702,-0.00407972945752579,0.00304351432516097,-0.00185180662570975,0.00222792283181605,0.356601670597503
"bivt",0.005,1000,"0.01",TRUE,0.00650794687978845,-0.00468689071205858,0.0042800240479724,-0.00245896788024253,0.00222792283181605,0.356601670597503
"bivt",0.005,1000,"0.05",TRUE,0.00741436905226135,-0.00579450558413517,0.00401697946428579,-0.0023971159961596,0.00339738958797557,0.313297945203349
"bivt",0.005,1000,"0.1",TRUE,0.00693565554862723,-0.00555492883129338,0.00353826596065166,-0.00215753924331781,0.00339738958797557,0.313297945203349
"bivt",0.005,1000,"0.01",TRUE,0.0102693786181827,-0.0061365242725805,0.00687198903020716,-0.00273913468460493,0.00339738958797557,0.313297945203349
"bivt",0.005,1000,"0.05",TRUE,0.0189188491495829,-0.0131560046571072,0.00989614714181571,-0.00413330264933999,0.00902270200776718,0.20964503379895
"bivt",0.005,1000,"0.1",TRUE,0.0171944554287053,-0.013064361446687,0.00817175342093808,-0.00404165943891978,0.00902270200776718,0.20964503379895
"bivt",0.005,1000,"0.01",TRUE,0.026857482494609,-0.0137868794206947,0.0178347804868418,-0.00476417741292755,0.00902270200776718,0.20964503379895
"bivt",0.005,1000,"0.05",TRUE,0.0130098432770738,-0.00890649454779575,0.00720160550918755,-0.00309825677990949,0.00580823776788626,0.264086075234635
"bivt",0.005,1000,"0.1",TRUE,0.0122929426302284,-0.00870317309761044,0.00648470486234216,-0.00289493532972418,0.00580823776788626,0.264086075234635
"bivt",0.005,1000,"0.01",TRUE,0.0142135114380065,-0.00920934610718513,0.00840527367012028,-0.00340110833929887,0.00580823776788626,0.264086075234635
"bivt",0.005,1000,"0.05",TRUE,0.00896542307779744,-0.00665294804947469,0.00476441742985165,-0.0024519424015289,0.0042010056479458,0.33276198673292
"bivt",0.005,1000,"0.1",TRUE,0.00844556719738078,-0.00648529684684861,0.00424456154943498,-0.00228429119890282,0.0042010056479458,0.33276198673292
"bivt",0.005,1000,"0.01",TRUE,0.0102836019145733,-0.00701052511248461,0.00608259626662755,-0.00280951946453881,0.0042010056479458,0.33276198673292
"bivt",0.005,1000,"0.05",TRUE,0.0217302773442079,-0.0140627032000947,0.0119039592764705,-0.00423638513235731,0.00982631806773741,0.221600619601975
"bivt",0.005,1000,"0.1",TRUE,0.0200533750135709,-0.01365959434013,0.0102270569458334,-0.00383327627239259,0.00982631806773741,0.221600619601975
"bivt",0.005,1000,"0.01",TRUE,0.0249421313932201,-0.0142846980289977,0.0151158133254827,-0.00445837996126026,0.00982631806773741,0.221600619601975
"bivt",0.005,1000,"0.05",TRUE,0.00765700913205636,-0.00556747311428745,0.00462547024027008,-0.00253593422250117,0.00303153889178628,0.332453000474323
"bivt",0.005,1000,"0.1",TRUE,0.00738889870322303,-0.00538805471394275,0.00435735981143675,-0.00235651582215648,0.00303153889178628,0.332453000474323
"bivt",0.005,1000,"0.01",TRUE,0.00968976429176595,-0.00587807436070354,0.00665822539997967,-0.00284653546891726,0.00303153889178628,0.332453000474323
"bivt",0.005,1000,"0.05",TRUE,0.00983143107080885,-0.00695764013393946,0.00563042542286305,-0.00275663448599367,0.0042010056479458,0.261644585132145
"bivt",0.005,1000,"0.1",TRUE,0.00942238194748638,-0.00676232169056327,0.00522137629954058,-0.00256131604261747,0.0042010056479458,0.261644585132145
"bivt",0.005,1000,"0.01",TRUE,0.010865069905425,-0.0072412891978945,0.00666406425747921,-0.0030402835499487,0.0042010056479458,0.261644585132145
"bivt",0.005,1000,"0.05",TRUE,0.0102412683526462,-0.00711166587393051,0.00604026270470044,-0.00291066022598472,0.0042010056479458,0.313967996800696
"bivt",0.005,1000,"0.1",TRUE,0.00861245102838754,-0.00682560105991088,0.00441144538044174,-0.00262459541196508,0.0042010056479458,0.313967996800696
"bivt",0.005,1000,"0.01",TRUE,0.0107919112272699,-0.00752490035559681,0.00659090557932407,-0.00332389470765101,0.0042010056479458,0.313967996800696
"bivt",0.005,1000,"0.05",TRUE,0.0079061734515178,-0.00685972214844349,0.00326740243979106,-0.00222095113671675,0.00463877101172674,0.3467826655627
"bivt",0.005,1000,"0.1",TRUE,0.00771834521048454,-0.00663724221818137,0.0030795741987578,-0.00199847120645463,0.00463877101172674,0.3467826655627
"bivt",0.005,1000,"0.01",TRUE,0.00829221732369947,-0.00745638777996108,0.00365344631197273,-0.00281761676823435,0.00463877101172674,0.3467826655627
"bivt",0.005,1000,"0.05",TRUE,0.00670316251099591,-0.00457064561987379,0.00447523967917987,-0.00234272278805775,0.00222792283181605,0.288142934894471
"bivt",0.005,1000,"0.1",TRUE,0.00611914572701743,-0.00439645176413491,0.00389122289520138,-0.00216852893231887,0.00222792283181605,0.288142934894471
"bivt",0.005,1000,"0.01",TRUE,0.00792443057210806,-0.00494365935589179,0.00569650774029202,-0.00271573652407574,0.00222792283181605,0.288142934894471
"bivt",0.005,1000,"0.05",TRUE,0.0108071188074977,-0.00858791903941569,0.00536473173580071,-0.00314553196771872,0.00544238707169697,0.293821916006576
"bivt",0.005,1000,"0.1",TRUE,0.00971560950221281,-0.00834773308994482,0.00427322243051585,-0.00290534601824785,0.00544238707169697,0.293821916006576
"bivt",0.005,1000,"0.01",TRUE,0.0119475958540736,-0.00889771064597632,0.00650520878237661,-0.00345532357427936,0.00544238707169697,0.293821916006576
"bivt",0.005,1000,"0.05",TRUE,0.0169607774400346,-0.0120312885351591,0.00874169149223767,-0.00381220258736213,0.00821908594779695,0.2441363877182
"bivt",0.005,1000,"0.1",TRUE,0.0147439593748244,-0.0116943860248937,0.00652487342702742,-0.00347530007709675,0.00821908594779695,0.2441363877182
"bivt",0.005,1000,"0.01",TRUE,0.0191162642803139,-0.0124820140401197,0.0108971783325169,-0.00426292809232275,0.00821908594779695,0.2441363877182
"bivt",0.005,1000,"0.05",TRUE,0.0126391408458312,-0.00896654031516179,0.00683090307794495,-0.00315830254727553,0.00580823776788626,0.270790669287589
"bivt",0.005,1000,"0.1",TRUE,0.0109280750370899,-0.00891556394260411,0.00511983726920364,-0.00310732617471785,0.00580823776788626,0.270790669287589
"bivt",0.005,1000,"0.01",TRUE,0.0149403861976744,-0.00925325383426911,0.00913214842978816,-0.00344501606638285,0.00580823776788626,0.270790669287589
"bivt",0.005,1000,"0.05",TRUE,0.00917608223973122,-0.00685273932186105,0.00497507659178542,-0.00265173367391525,0.0042010056479458,0.31328569352961
"bivt",0.005,1000,"0.1",TRUE,0.00849222739728898,-0.00671525935358698,0.00429122174934318,-0.00251425370564118,0.0042010056479458,0.31328569352961
"bivt",0.005,1000,"0.01",TRUE,0.011652783790933,-0.00760082881513146,0.00745177814298725,-0.00339982316718566,0.0042010056479458,0.31328569352961
"bivt",0.005,1000,"0.05",TRUE,0.00964420559981296,-0.00760031250219633,0.00463958389189693,-0.0025956907942803,0.00500462170791603,0.303335493013722
"bivt",0.005,1000,"0.1",TRUE,0.00914458943876059,-0.00740667195276419,0.00413996773084456,-0.00240205024484816,0.00500462170791603,0.303335493013722
"bivt",0.005,1000,"0.01",TRUE,0.0124912796648494,-0.00800810394879924,0.00748665795693342,-0.00300348224088321,0.00500462170791603,0.303335493013722
"bivt",0.005,1000,"0.05",TRUE,0.00626144102147809,-0.00506300945447762,0.00322990212969181,-0.00203147056269135,0.00303153889178628,0.339375095692586
"bivt",0.005,1000,"0.1",TRUE,0.0056924765801468,-0.00488677675560446,0.00266093768836052,-0.00185523786381818,0.00303153889178628,0.339375095692586
"bivt",0.005,1000,"0.01",TRUE,0.00692499337291644,-0.00532600892243404,0.00389345448113017,-0.00229447003064777,0.00303153889178628,0.339375095692586
"bivt",0.005,1000,"0.05",TRUE,0.00840205397047525,-0.0056724974592539,0.00500466438249969,-0.00227510787127833,0.00339738958797557,0.311742558436222
"bivt",0.005,1000,"0.1",TRUE,0.00705844423085873,-0.00549299649565812,0.00366105464288316,-0.00209560690768255,0.00339738958797557,0.311742558436222
"bivt",0.005,1000,"0.01",TRUE,0.00984282694311781,-0.00591262147785452,0.00644543735514224,-0.00251523188987895,0.00339738958797557,0.311742558436222
"bivt",0.005,1000,"0.05",TRUE,0.00768860349288707,-0.00577344852705295,0.0046570646011008,-0.00274190963526668,0.00303153889178628,0.261970821076986
"bivt",0.005,1000,"0.1",TRUE,0.00724980597427567,-0.0055660293580044,0.00421826708248939,-0.00253449046621812,0.00303153889178628,0.261970821076986
"bivt",0.005,1000,"0.01",TRUE,0.00905353981944195,-0.00623085075684135,0.00602200092765568,-0.00319931186505507,0.00303153889178628,0.261970821076986
"bivt",0.005,1000,"0.05",TRUE,0.0175621263392708,-0.0115091145226843,0.00934304039147381,-0.00329002857488739,0.00821908594779695,0.311036257461127
"bivt",0.005,1000,"0.1",TRUE,0.0159739094144574,-0.0114729441192465,0.00775482346666043,-0.00325385817144953,0.00821908594779695,0.311036257461127
"bivt",0.005,1000,"0.01",TRUE,0.0185323383711396,-0.0115929577423162,0.0103132524233427,-0.00337387179451928,0.00821908594779695,0.311036257461127
"bivt",0.005,1000,"0.05",TRUE,0.0089554552062868,-0.00644096010304435,0.00475444955834101,-0.00223995445509855,0.0042010056479458,0.329294352454766
"bivt",0.005,1000,"0.1",TRUE,0.0080042423407805,-0.00634291331492479,0.0038032366928347,-0.002141907666979,0.0042010056479458,0.329294352454766
"bivt",0.005,1000,"0.01",TRUE,0.00978280264700077,-0.00668140478564454,0.00558179699905498,-0.00248039913769874,0.0042010056479458,0.329294352454766
"bivt",0.005,1000,"0.05",TRUE,0.00719564320338261,-0.00505949081520259,0.00460186967537727,-0.00246571728719725,0.00259377352800534,0.335960078493539
"bivt",0.005,1000,"0.1",TRUE,0.00626516391773036,-0.00487909308374442,0.00367139038972503,-0.00228531955573908,0.00259377352800534,0.335960078493539
"bivt",0.005,1000,"0.01",TRUE,0.00853642960839023,-0.00528332914084568,0.00594265608038489,-0.00268955561284034,0.00259377352800534,0.335960078493539
"bivt",0.005,1000,"0.05",TRUE,0.0058411096743572,-0.00459678007624447,0.00361318684254116,-0.00236885724442842,0.00222792283181605,0.34456328480145
"bivt",0.005,1000,"0.1",TRUE,0.00554761751255382,-0.00435220146803229,0.00331969468073777,-0.00212427863621625,0.00222792283181605,0.34456328480145
"bivt",0.005,1000,"0.01",TRUE,0.00722160216831497,-0.00491806254479678,0.00499367933649893,-0.00269013971298073,0.00222792283181605,0.34456328480145
"bivt",0.005,1000,"0.05",TRUE,0.0099639739763267,-0.00668877282474415,0.0057629683283809,-0.00248776717679835,0.0042010056479458,0.293284012776177
"bivt",0.005,1000,"0.1",TRUE,0.0085900488172866,-0.00648468293337952,0.00438904316934081,-0.00228367728543373,0.0042010056479458,0.293284012776177
"bivt",0.005,1000,"0.01",TRUE,0.0110028766702662,-0.00706794032282169,0.00680187102232043,-0.00286693467487589,0.0042010056479458,0.293284012776177
"bivt",0.005,1000,"0.05",TRUE,0.00712814376852594,-0.00520025540715339,0.00373075418055038,-0.00180286581917782,0.00339738958797557,0.361339461577557
"bivt",0.005,1000,"0.1",TRUE,0.00669496122441383,-0.00506998188369308,0.00329757163643827,-0.00167259229571752,0.00339738958797557,0.361339461577557
"bivt",0.005,1000,"0.01",TRUE,0.00825593339618415,-0.00557261503922654,0.00485854380820858,-0.00217522545125097,0.00339738958797557,0.361339461577557
"bivt",0.005,1000,"0.05",TRUE,0.00903084505703075,-0.00751914186146574,0.00482983940908495,-0.00331813621351994,0.0042010056479458,0.262588621445328
"bivt",0.005,1000,"0.1",TRUE,0.00833483724450915,-0.00730971306598231,0.00413383159656335,-0.00310870741803651,0.0042010056479458,0.262588621445328
"bivt",0.005,1000,"0.01",TRUE,0.0104509881503183,-0.00807963388865736,0.00624998250237253,-0.00387862824071156,0.0042010056479458,0.262588621445328
"bivt",0.005,1000,"0.05",TRUE,0.0129838601138231,-0.00966503018424653,0.00637200628596659,-0.00305317635639004,0.00661185382785649,0.280066044771767
"bivt",0.005,1000,"0.1",TRUE,0.0119444010617544,-0.00954938721193094,0.00533254723389792,-0.00293753338407446,0.00661185382785649,0.280066044771767
"bivt",0.005,1000,"0.01",TRUE,0.0161981036590485,-0.0098974980354928,0.00958624983119198,-0.00328564420763631,0.00661185382785649,0.280066044771767
"bivt",0.005,1000,"0.05",TRUE,0.00847466928554533,-0.00661028196247541,0.00427366363759953,-0.00240927631452962,0.0042010056479458,0.292517727850653
"bivt",0.005,1000,"0.1",TRUE,0.00790350271129405,-0.00648046728926497,0.00370249706334825,-0.00227946164131917,0.0042010056479458,0.292517727850653
"bivt",0.005,1000,"0.01",TRUE,0.010037432364915,-0.00698545331349746,0.00583642671696924,-0.00278444766555167,0.0042010056479458,0.292517727850653
"bivt",0.005,1000,"0.05",TRUE,0.00554499584310702,-0.00409408433786192,0.00375483837507192,-0.00230392686982681,0.00179015746803511,0.326983301828942
"bivt",0.005,1000,"0.1",TRUE,0.0047613457456575,-0.0039758428746493,0.00297118827762239,-0.00218568540661419,0.00179015746803511,0.326983301828942
"bivt",0.005,1000,"0.01",TRUE,0.00645225922023608,-0.00448510103633515,0.00466210175220097,-0.00269494356830005,0.00179015746803511,0.326983301828942
"bivt",0.005,1000,"0.05",TRUE,0.00720993513301662,-0.0061505615349749,0.00381254554504106,-0.00275317194699933,0.00339738958797557,0.298933981373245
"bivt",0.005,1000,"0.1",TRUE,0.00652310272014338,-0.00578821269361084,0.00312571313216781,-0.00239082310563528,0.00339738958797557,0.298933981373245
"bivt",0.005,1000,"0.01",TRUE,0.00825322902564758,-0.00649340752868147,0.00485583943767202,-0.00309601794070591,0.00339738958797557,0.298933981373245
"bivt",0.005,1000,"0.05",TRUE,0.0143027957477749,-0.00969307586944337,0.00769094191991841,-0.00308122204158688,0.00661185382785649,0.223607755439893
"bivt",0.005,1000,"0.1",TRUE,0.012741833339918,-0.00958597564630695,0.00612997951206149,-0.00297412181845047,0.00661185382785649,0.223607755439893
"bivt",0.005,1000,"0.01",TRUE,0.0163696349023053,-0.0100915100592904,0.00975778107444886,-0.00347965623143389,0.00661185382785649,0.223607755439893
"bivt",0.005,1000,"0.05",TRUE,0.00634391620938176,-0.00535688895288143,0.00294652662140619,-0.00195949936490586,0.00339738958797557,0.396295493261281
"bivt",0.005,1000,"0.1",TRUE,0.00593881094243629,-0.00515564305747463,0.00254142135446072,-0.00175825346949907,0.00339738958797557,0.396295493261281
"bivt",0.005,1000,"0.01",TRUE,0.00777969120069985,-0.00570849754250849,0.00438230161272429,-0.00231110795453292,0.00339738958797557,0.396295493261281
"bivt",0.005,1000,"0.05",TRUE,0.0157454156622411,-0.0107298850678448,0.00832994577441434,-0.00331441518001807,0.00741546988782672,0.275374836254416
"bivt",0.005,1000,"0.1",TRUE,0.0137870491010188,-0.010635073930891,0.0063715792131921,-0.00321960404306429,0.00741546988782672,0.275374836254416
"bivt",0.005,1000,"0.01",TRUE,0.0178232017645263,-0.011100308166986,0.0104077318766996,-0.00368483827915927,0.00741546988782672,0.275374836254416
"bivt",0.005,1000,"0.05",TRUE,0.00804688275281589,-0.00571669845746568,0.00464949316484032,-0.00231930886949011,0.00339738958797557,0.36659860871896
"bivt",0.005,1000,"0.1",TRUE,0.00715134070347194,-0.00556191317564365,0.00375395111549638,-0.00216452358766808,0.00339738958797557,0.36659860871896
"bivt",0.005,1000,"0.01",TRUE,0.00974274306292123,-0.00590956538732607,0.00634535347494566,-0.00251217579935051,0.00339738958797557,0.36659860871896
"bivt",0.005,1000,"0.05",TRUE,0.019500419372236,-0.0128797243707756,0.0104777173644688,-0.00385702236300845,0.00902270200776718,0.213082151168941
"bivt",0.005,1000,"0.1",TRUE,0.0168740841200111,-0.0126189171086211,0.00785138211224388,-0.00359621510085389,0.00902270200776718,0.213082151168941
"bivt",0.005,1000,"0.01",TRUE,0.0224621073368067,-0.0132080320503801,0.0134394053290396,-0.00418533004261291,0.00902270200776718,0.213082151168941
"bivt",0.005,1000,"0.05",TRUE,0.0131881654299411,-0.0100447054333781,0.00657631160208461,-0.00343285160552158,0.00661185382785649,0.266408258874274
"bivt",0.005,1000,"0.1",TRUE,0.0125273654104369,-0.00966995621173392,0.00591551158258044,-0.00305810238387743,0.00661185382785649,0.266408258874274
"bivt",0.005,1000,"0.01",TRUE,0.0159757756466734,-0.01076568376995,0.00936392181881695,-0.00415382994209349,0.00661185382785649,0.266408258874274
"bivt",0.005,1000,"0.05",TRUE,0.0103484350866664,-0.00779423436432424,0.00454019731878017,-0.00198599659643798,0.00580823776788626,0.348793758519092
"bivt",0.005,1000,"0.1",TRUE,0.00958962760488489,-0.00765515560695541,0.00378138983699863,-0.00184691783906915,0.00580823776788626,0.348793758519092
"bivt",0.005,1000,"0.01",TRUE,0.0134178203144122,-0.0081150114106473,0.00760958254652599,-0.00230677364276104,0.00580823776788626,0.348793758519092
"bivt",0.005,1000,"0.05",TRUE,0.0145553986830299,-0.0106797686004398,0.00713992879520313,-0.0032642987126131,0.00741546988782672,0.228741310039424
"bivt",0.005,1000,"0.1",TRUE,0.0133815865926179,-0.0103853990309957,0.00596611670479121,-0.00296992914316901,0.00741546988782672,0.228741310039424
"bivt",0.005,1000,"0.01",TRUE,0.0177898909530587,-0.0110166488456374,0.010374421065232,-0.00360117895781072,0.00741546988782672,0.228741310039424
"bivt",0.005,1000,"0.05",TRUE,0.012081019553123,-0.00965482255169891,0.00546916572526648,-0.00304296872384242,0.00661185382785649,0.225344328118191
"bivt",0.005,1000,"0.1",TRUE,0.011387204369063,-0.00934657886667941,0.00477535054120647,-0.00273472503882292,0.00661185382785649,0.225344328118191
"bivt",0.005,1000,"0.01",TRUE,0.0159769945304283,-0.0101619586906824,0.00936514070257181,-0.00355010486282587,0.00661185382785649,0.225344328118191
"bivt",0.005,1000,"0.05",TRUE,0.0125567348992593,-0.00755852689294827,0.00755211319134328,-0.00255390518503224,0.00500462170791603,0.27865165155042
"bivt",0.005,1000,"0.1",TRUE,0.010986921448945,-0.00731776225743025,0.00598229974102893,-0.00231314054951423,0.00500462170791603,0.27865165155042
"bivt",0.005,1000,"0.01",TRUE,0.0141270058396108,-0.00818332673847798,0.00912238413169475,-0.00317870503056195,0.00500462170791603,0.27865165155042
"bivt",0.005,1000,"0.05",TRUE,0.00628005512686346,-0.00470899759686809,0.00368628159885813,-0.00211522406886276,0.00259377352800534,0.37836386995514
"bivt",0.005,1000,"0.1",TRUE,0.00553309058728512,-0.00450965996186591,0.00293931705927979,-0.00191588643386058,0.00259377352800534,0.37836386995514
"bivt",0.005,1000,"0.01",TRUE,0.00733144683474626,-0.00499989654250543,0.00473767330674092,-0.00240612301450009,0.00259377352800534,0.37836386995514
"bivt",0.005,1000,"0.05",TRUE,0.0119942121830361,-0.00999541220470396,0.00457874229520942,-0.00257994231687724,0.00741546988782672,0.313052563571528
"bivt",0.005,1000,"0.1",TRUE,0.0114540745193675,-0.00982714866255115,0.00403860463154074,-0.00241167877472443,0.00741546988782672,0.313052563571528
"bivt",0.005,1000,"0.01",TRUE,0.0197488197806927,-0.0102142937938714,0.012333349892866,-0.00279882390604465,0.00741546988782672,0.313052563571528
"bivt",0.005,1000,"0.05",TRUE,0.0056526119856937,-0.00390591878792043,0.00386245451765859,-0.00211576131988532,0.00179015746803511,0.343438449271733
"bivt",0.005,1000,"0.1",TRUE,0.00511622459694377,-0.00373278299408508,0.00332606712890866,-0.00194262552604997,0.00179015746803511,0.343438449271733
"bivt",0.005,1000,"0.01",TRUE,0.00656885865166026,-0.00416745522319636,0.00477870118362515,-0.00237729775516126,0.00179015746803511,0.343438449271733
"bivt",0.005,1000,"0.05",TRUE,0.00736164363396191,-0.00593211320774184,0.00352648868220541,-0.00209695825598533,0.00383515495175651,0.332067372467763
"bivt",0.005,1000,"0.1",TRUE,0.00715915712022334,-0.00582636414864899,0.00332400216846683,-0.00199120919689248,0.00383515495175651,0.332067372467763
"bivt",0.005,1000,"0.01",TRUE,0.00839286774316853,-0.0063356238052763,0.00455771279141203,-0.0025004688535198,0.00383515495175651,0.332067372467763
"bivt",0.005,1000,"0.05",TRUE,0.012261848450775,-0.00936825616381013,0.00564999462291855,-0.00275640233595364,0.00661185382785649,0.292596701673904
"bivt",0.005,1000,"0.1",TRUE,0.0112344124619271,-0.00919440824731745,0.00462255863407061,-0.00258255441946096,0.00661185382785649,0.292596701673904
"bivt",0.005,1000,"0.01",TRUE,0.0146689090888419,-0.00998043226166171,0.00805705526098545,-0.00336857843380522,0.00661185382785649,0.292596701673904
"bivt",0.005,1000,"0.05",TRUE,0.00577404125205738,-0.00453165164930476,0.00354611842024134,-0.00230372881748872,0.00222792283181605,0.308806879573709
"bivt",0.005,1000,"0.1",TRUE,0.00513919165646979,-0.00442255685793855,0.00291126882465375,-0.00219463402612251,0.00222792283181605,0.308806879573709
"bivt",0.005,1000,"0.01",TRUE,0.0066410613514691,-0.00491591889152596,0.00441313851965305,-0.00268799605970991,0.00222792283181605,0.308806879573709
"bivt",0.005,1000,"0.05",TRUE,0.00625775296657843,-0.00511348267269411,0.0036639794385731,-0.00251970914468877,0.00259377352800534,0.321622701846503
"bivt",0.005,1000,"0.1",TRUE,0.00549787708237427,-0.00485002768858012,0.00290410355436893,-0.00225625416057478,0.00259377352800534,0.321622701846503
"bivt",0.005,1000,"0.01",TRUE,0.00873678579356771,-0.00545318461644172,0.00614301226556238,-0.00285941108843638,0.00259377352800534,0.321622701846503
"bivt",0.005,1000,"0.05",TRUE,0.00513298804173232,-0.00376592311629309,0.00334283057369721,-0.00197576564825798,0.00179015746803511,0.36209069281577
"bivt",0.005,1000,"0.1",TRUE,0.00474922983301712,-0.00357428954048495,0.00295907236498201,-0.00178413207244985,0.00179015746803511,0.36209069281577
"bivt",0.005,1000,"0.01",TRUE,0.0069027566983634,-0.00412172920229451,0.00511259923032829,-0.00233157173425941,0.00179015746803511,0.36209069281577
"bivt",0.005,1000,"0.05",TRUE,0.0122300736089167,-0.00882329815637322,0.00642183584103049,-0.00301506038848697,0.00580823776788626,0.252526709191522
"bivt",0.005,1000,"0.1",TRUE,0.0115886600608998,-0.008681627658345,0.00578042229301351,-0.00287338989045874,0.00580823776788626,0.252526709191522
"bivt",0.005,1000,"0.01",TRUE,0.0134442367369119,-0.00911593248425448,0.0076359989690256,-0.00330769471636822,0.00580823776788626,0.252526709191522
"bivt",0.005,1000,"0.05",TRUE,0.014594802366119,-0.0104115164838146,0.00798294853826253,-0.00379966265595809,0.00661185382785649,0.288847186326562
"bivt",0.005,1000,"0.1",TRUE,0.0136064608849483,-0.0101804292292461,0.00699460705709184,-0.0035685754013896,0.00661185382785649,0.288847186326562
"bivt",0.005,1000,"0.01",TRUE,0.0171861237214526,-0.010717499615228,0.0105742698935962,-0.00410564578737155,0.00661185382785649,0.288847186326562
"bivt",0.005,1000,"0.05",TRUE,0.0106878685554106,-0.00842968187718413,0.00487963078752432,-0.00262144410929787,0.00580823776788626,0.317808802889256
"bivt",0.005,1000,"0.1",TRUE,0.00973338125503041,-0.00836458233816961,0.00392514348714415,-0.00255634457028335,0.00580823776788626,0.317808802889256
"bivt",0.005,1000,"0.01",TRUE,0.012805262993263,-0.00881375320089045,0.00699702522537677,-0.00300551543300419,0.00580823776788626,0.317808802889256
"bivt",0.005,1000,"0.05",TRUE,0.00599656420364633,-0.00529292437431237,0.00340279067564099,-0.00269915084630703,0.00259377352800534,0.354568724604026
"bivt",0.005,1000,"0.1",TRUE,0.0053305447303332,-0.00505308701431558,0.00273677120232787,-0.00245931348631024,0.00259377352800534,0.354568724604026
"bivt",0.005,1000,"0.01",TRUE,0.00693905603358593,-0.00565307235270253,0.00434528250558059,-0.00305929882469719,0.00259377352800534,0.354568724604026
"bivt",0.005,1000,"0.05",TRUE,0.0124953909617254,-0.00879992216865535,0.00668715319383915,-0.0029916844007691,0.00580823776788626,0.266051445476566
"bivt",0.005,1000,"0.1",TRUE,0.0118518237750367,-0.00856744688027783,0.00604358600715043,-0.00275920911239157,0.00580823776788626,0.266051445476566
"bivt",0.005,1000,"0.01",TRUE,0.0149273441959949,-0.00902543870117355,0.00911910642810861,-0.00321720093328729,0.00580823776788626,0.266051445476566
"bivt",0.005,1000,"0.05",TRUE,0.0123144540930111,-0.00905476654277618,0.00570260026515457,-0.00244291271491969,0.00661185382785649,0.293600495926065
"bivt",0.005,1000,"0.1",TRUE,0.0103862539176087,-0.00890925523010016,0.00377440008975219,-0.00229740140224367,0.00661185382785649,0.293600495926065
"bivt",0.005,1000,"0.01",TRUE,0.015512095816323,-0.00944297663860776,0.00890024198846648,-0.00283112281075128,0.00661185382785649,0.293600495926065
"bivt",0.005,1000,"0.05",TRUE,0.00914647414167056,-0.00693826491319295,0.00494546849372476,-0.00273725926524715,0.0042010056479458,0.274227880091726
"bivt",0.005,1000,"0.1",TRUE,0.00876628584336872,-0.00677188073121906,0.00456528019542292,-0.00257087508327327,0.0042010056479458,0.274227880091726
"bivt",0.005,1000,"0.01",TRUE,0.0115864656743231,-0.00732323393134626,0.00738546002637733,-0.00312222828340047,0.0042010056479458,0.274227880091726
"bivt",0.005,1000,"0.05",TRUE,0.0130382685189809,-0.00953972361743642,0.00642641469112438,-0.00292786978957994,0.00661185382785649,0.288799750649261
"bivt",0.005,1000,"0.1",TRUE,0.0117342339034061,-0.00938999473394268,0.00512238007554962,-0.00277814090608619,0.00661185382785649,0.288799750649261
"bivt",0.005,1000,"0.01",TRUE,0.0152072206905176,-0.00985895278525466,0.00859536686266113,-0.00324709895739817,0.00661185382785649,0.288799750649261
"bivt",0.005,1000,"0.05",TRUE,0.00896161791900028,-0.00667424856922895,0.00476061227105449,-0.00247324292128315,0.0042010056479458,0.385659166011085
"bivt",0.005,1000,"0.1",TRUE,0.00804637896158128,-0.00647314977283662,0.00384537331363549,-0.00227214412489082,0.0042010056479458,0.385659166011085
"bivt",0.005,1000,"0.01",TRUE,0.0102270183127779,-0.00698645574734202,0.00602601266483214,-0.00278545009939623,0.0042010056479458,0.385659166011085
"bivt",0.005,1000,"0.05",TRUE,0.0102057135080928,-0.00793958909221678,0.00520109180017679,-0.00293496738430075,0.00500462170791603,0.2616046633328
"bivt",0.005,1000,"0.1",TRUE,0.00953859253243614,-0.00773898340900848,0.00453397082452011,-0.00273436170109245,0.00500462170791603,0.2616046633328
"bivt",0.005,1000,"0.01",TRUE,0.011236248365507,-0.00829121368150491,0.00623162665759096,-0.00328659197358889,0.00500462170791603,0.2616046633328
"bivt",0.005,1000,"0.05",TRUE,0.00620414525986359,-0.00538615833218696,0.00317260636807731,-0.00235461944040068,0.00303153889178628,0.362021305601488
"bivt",0.005,1000,"0.1",TRUE,0.0058311889169207,-0.00498600290335598,0.00279965002513442,-0.00195446401156971,0.00303153889178628,0.362021305601488
"bivt",0.005,1000,"0.01",TRUE,0.00714573868546181,-0.00571593961878391,0.00411419979367553,-0.00268440072699763,0.00303153889178628,0.362021305601488
"bivt",0.005,1000,"0.05",TRUE,0.00659313223427192,-0.00483446715187288,0.00356159334248565,-0.0018029282600866,0.00303153889178628,0.44134839824109
"bivt",0.005,1000,"0.1",TRUE,0.00597232744612094,-0.0047018004788245,0.00294078855433466,-0.00167026158703823,0.00303153889178628,0.44134839824109
"bivt",0.005,1000,"0.01",TRUE,0.00831871502646336,-0.00509236641904819,0.00528717613467708,-0.00206082752726191,0.00303153889178628,0.44134839824109
"bivt",0.005,1000,"0.05",TRUE,0.00914266538863113,-0.00658517056181679,0.00494165974068533,-0.00238416491387099,0.0042010056479458,0.343033353910632
"bivt",0.005,1000,"0.1",TRUE,0.0083800947494442,-0.00636700777642882,0.0041790891014984,-0.00216600212848302,0.0042010056479458,0.343033353910632
"bivt",0.005,1000,"0.01",TRUE,0.0113436440343895,-0.0068989748947164,0.00714263838644374,-0.0026979692467706,0.0042010056479458,0.343033353910632
"bivt",0.005,1000,"0.05",TRUE,0.0127510347564593,-0.00912647884885746,0.00694279698857302,-0.0033182410809712,0.00580823776788626,0.273485375624298
"bivt",0.005,1000,"0.1",TRUE,0.0115105459921409,-0.00898608404212731,0.00570230822425469,-0.00317784627424106,0.00580823776788626,0.273485375624298
"bivt",0.005,1000,"0.01",TRUE,0.0151472460854701,-0.0094805918646581,0.0093390083175838,-0.00367235409677184,0.00580823776788626,0.273485375624298
"bivt",0.005,1000,"0.05",TRUE,0.00881196532509194,-0.00596928487975946,0.00541457573711637,-0.00257189529178389,0.00339738958797557,0.303875456189263
"bivt",0.005,1000,"0.1",TRUE,0.00784363172620147,-0.00580502546011056,0.0044462421382259,-0.00240763587213499,0.00339738958797557,0.303875456189263
"bivt",0.005,1000,"0.01",TRUE,0.0105646806143774,-0.00630511755422469,0.00716729102640178,-0.00290772796624913,0.00339738958797557,0.303875456189263
"bivt",0.005,1000,"0.05",TRUE,0.0165542278328814,-0.0107108364732927,0.00913875794505465,-0.00329536658546599,0.00741546988782672,0.262088151542402
"bivt",0.005,1000,"0.1",TRUE,0.01470188156684,-0.0105435724367031,0.00728641167901323,-0.00312810254887642,0.00741546988782672,0.262088151542402
"bivt",0.005,1000,"0.01",TRUE,0.0193809804486604,-0.0111380763000849,0.0119655105608337,-0.0037226064122582,0.00741546988782672,0.262088151542402
"bivt",0.005,1000,"0.05",TRUE,0.0133153642486879,-0.00960201044845076,0.00670351042083138,-0.00299015662059428,0.00661185382785649,0.205080600790785
"bivt",0.005,1000,"0.1",TRUE,0.0120117489887324,-0.00942708752672754,0.00539989516087594,-0.00281523369887105,0.00661185382785649,0.205080600790785
"bivt",0.005,1000,"0.01",TRUE,0.0161142471035288,-0.00989509451856073,0.00950239327567235,-0.00328324069070424,0.00661185382785649,0.205080600790785
"bivt",0.005,1000,"0.05",TRUE,0.0093587239426985,-0.00722827388010994,0.00435410223478247,-0.00222365217219391,0.00500462170791603,0.337731566728793
"bivt",0.005,1000,"0.1",TRUE,0.00863773600801892,-0.00706476020666337,0.00363311430010289,-0.00206013849874734,0.00500462170791603,0.337731566728793
"bivt",0.005,1000,"0.01",TRUE,0.0114487152952742,-0.00775823414426063,0.00644409358735816,-0.00275361243634461,0.00500462170791603,0.337731566728793
"bivt",0.005,1000,"0.05",TRUE,0.0172742431290406,-0.0112149752885292,0.00905515718124363,-0.00299588934073225,0.00821908594779695,0.232231859011383
"bivt",0.005,1000,"0.1",TRUE,0.0159386163524206,-0.0110293421784642,0.0077195304046236,-0.00281025623066721,0.00821908594779695,0.232231859011383
"bivt",0.005,1000,"0.01",TRUE,0.0198642393732138,-0.0115348384340965,0.0116451534254168,-0.00331575248629954,0.00821908594779695,0.232231859011383
"bivt",0.005,1000,"0.05",TRUE,0.0108536629575574,-0.00844381836299727,0.00584904124964135,-0.00343919665508124,0.00500462170791603,0.225352763513719
"bivt",0.005,1000,"0.1",TRUE,0.00954141307301141,-0.00828363677072885,0.00453679136509539,-0.00327901506281283,0.00500462170791603,0.225352763513719
"bivt",0.005,1000,"0.01",TRUE,0.0135048109187536,-0.00892450267559119,0.00850018921083761,-0.00391988096767517,0.00500462170791603,0.225352763513719
"bivt",0.005,1000,"0.05",TRUE,0.0139567436334427,-0.00993307124237681,0.00734488980558617,-0.00332121741452032,0.00661185382785649,0.204909776978245
"bivt",0.005,1000,"0.1",TRUE,0.0136686690982994,-0.0097603532851974,0.00705681527044286,-0.00314849945734091,0.00661185382785649,0.204909776978245
"bivt",0.005,1000,"0.01",TRUE,0.0168983264354903,-0.0103179414931439,0.0102864726076338,-0.00370608766528746,0.00661185382785649,0.204909776978245
"bivt",0.005,1000,"0.05",TRUE,0.00721706984592611,-0.0059087614828713,0.0033819148941696,-0.00207360653111479,0.00383515495175651,0.346797555046605
"bivt",0.005,1000,"0.1",TRUE,0.00675328502318911,-0.00573534254211403,0.0029181300714326,-0.00190018759035752,0.00383515495175651,0.346797555046605
"bivt",0.005,1000,"0.01",TRUE,0.00864427534188634,-0.00620951979793872,0.00480912039012984,-0.00237436484618222,0.00383515495175651,0.346797555046605
"bivt",0.005,1000,"0.05",TRUE,0.00614078733650133,-0.00509984947142468,0.00310924844471505,-0.00206831057963841,0.00303153889178628,0.34319255818279
"bivt",0.005,1000,"0.1",TRUE,0.00545074944476023,-0.00477750452805297,0.00241921055297395,-0.0017459656362667,0.00303153889178628,0.34319255818279
"bivt",0.005,1000,"0.01",TRUE,0.00647367597813793,-0.00534571140712573,0.00344213708635165,-0.00231417251533945,0.00303153889178628,0.34319255818279
"bivt",0.005,1000,"0.05",TRUE,0.00822136148582058,-0.00602800111878609,0.0051898225940343,-0.00299646222699981,0.00303153889178628,0.237495809128833
"bivt",0.005,1000,"0.1",TRUE,0.00776267456927316,-0.00595674309722734,0.00473113567748688,-0.00292520420544107,0.00303153889178628,0.237495809128833
"bivt",0.005,1000,"0.01",TRUE,0.00965536052790997,-0.00657663791298889,0.00662382163612369,-0.00354509902120262,0.00303153889178628,0.237495809128833
"bivt",0.005,1000,"0.05",TRUE,0.00569608036299062,-0.00439896737757684,0.00346815753117457,-0.00217104454576079,0.00222792283181605,0.379377572903858
"bivt",0.005,1000,"0.1",TRUE,0.00517473282303441,-0.00424791987625206,0.00294680999121836,-0.00201999704443601,0.00222792283181605,0.379377572903858
"bivt",0.005,1000,"0.01",TRUE,0.00784136478794814,-0.00476698864334261,0.00561344195613209,-0.00253906581152657,0.00222792283181605,0.379377572903858
"bivt",0.005,1000,"0.05",TRUE,0.00915003889664702,-0.00660138811823873,0.00494903324870122,-0.00240038247029293,0.0042010056479458,0.299051733118808
"bivt",0.005,1000,"0.1",TRUE,0.00863831923415324,-0.00652001827103399,0.00443731358620744,-0.0023190126230882,0.0042010056479458,0.299051733118808
"bivt",0.005,1000,"0.01",TRUE,0.0115685262399276,-0.00696611133841754,0.00736752059198184,-0.00276510569047174,0.0042010056479458,0.299051733118808
"bivt",0.005,1000,"0.05",TRUE,0.00946902448495694,-0.006048673842937,0.00607163489698137,-0.00265128425496143,0.00339738958797557,0.317900994715093
"bivt",0.005,1000,"0.1",TRUE,0.00756639722906494,-0.00585273202385884,0.00416900764108937,-0.00245534243588328,0.00339738958797557,0.317900994715093
"bivt",0.005,1000,"0.01",TRUE,0.01027004776003,-0.00645790052506021,0.00687265817205443,-0.00306051093708464,0.00339738958797557,0.317900994715093
"bivt",0.005,1000,"0.05",TRUE,0.0192438482528223,-0.0132725009777722,0.0102211462450551,-0.00424979897000501,0.00902270200776718,0.260764520799068
"bivt",0.005,1000,"0.1",TRUE,0.0175291444116678,-0.0128110502898579,0.00850644240390059,-0.00378834828209075,0.00902270200776718,0.260764520799068
"bivt",0.005,1000,"0.01",TRUE,0.023495819606911,-0.0135874757083683,0.0144731175991438,-0.00456477370060115,0.00902270200776718,0.260764520799068
"bivt",0.005,1000,"0.05",TRUE,0.0108632127793355,-0.00819220882963525,0.0058585910714195,-0.00318758712171922,0.00500462170791603,0.218205101285012
"bivt",0.005,1000,"0.1",TRUE,0.0103917915771174,-0.00793153831146413,0.00538716986920133,-0.0029269166035481,0.00500462170791603,0.218205101285012
"bivt",0.005,1000,"0.01",TRUE,0.0135259441434937,-0.00853816216591826,0.00852132243557769,-0.00353354045800224,0.00500462170791603,0.218205101285012
"bivt",0.005,1000,"0.05",TRUE,0.00635702681159958,-0.00501381248089674,0.00376325328359425,-0.0024200389528914,0.00259377352800534,0.27272876903273
"bivt",0.005,1000,"0.1",TRUE,0.00587250964919369,-0.00480002894115359,0.00327873612118835,-0.00220625541314825,0.00259377352800534,0.27272876903273
"bivt",0.005,1000,"0.01",TRUE,0.00789546500941597,-0.00528699403203482,0.00530169148141064,-0.00269322050402949,0.00259377352800534,0.27272876903273
"bivt",0.005,1000,"0.05",TRUE,0.0104888035751891,-0.00766864152391904,0.00548418186727311,-0.00266401981600302,0.00500462170791603,0.285999632121651
"bivt",0.005,1000,"0.1",TRUE,0.00919562004030266,-0.00749710301451606,0.00419099833238663,-0.00249248130660003,0.00500462170791603,0.285999632121651
"bivt",0.005,1000,"0.01",TRUE,0.012399389208468,-0.00818284619765881,0.00739476750055192,-0.00317822448974278,0.00500462170791603,0.285999632121651
"bivt",0.005,1000,"0.05",TRUE,0.0121865150402266,-0.00847088354814221,0.0063782772723403,-0.00266264578025595,0.00580823776788626,0.321711851030426
"bivt",0.005,1000,"0.1",TRUE,0.0102225754247351,-0.00827860035668694,0.00441433765684883,-0.00247036258880068,0.00580823776788626,0.321711851030426
"bivt",0.005,1000,"0.01",TRUE,0.0137479775529596,-0.00878652886001217,0.00793973978507329,-0.00297829109212591,0.00580823776788626,0.321711851030426
"bivt",0.005,1000,"0.05",TRUE,0.0083984440468464,-0.00689706348808041,0.00375967303511966,-0.00225829247635367,0.00463877101172674,0.375954885381837
"bivt",0.005,1000,"0.1",TRUE,0.0078616240932489,-0.00668487899271007,0.00322285308152216,-0.00204610798098333,0.00463877101172674,0.375954885381837
"bivt",0.005,1000,"0.01",TRUE,0.0100559161796237,-0.00732248684439538,0.00541714516789692,-0.00268371583266865,0.00463877101172674,0.375954885381837
"bivt",0.005,1000,"0.05",TRUE,0.0102170355783146,-0.00670280299489811,0.00601602993036883,-0.00250179734695232,0.0042010056479458,0.340656593229819
"bivt",0.005,1000,"0.1",TRUE,0.00882426835615056,-0.00660789105648881,0.00462326270820477,-0.00240688540854302,0.0042010056479458,0.340656593229819
"bivt",0.005,1000,"0.01",TRUE,0.011738602850749,-0.0069796475228288,0.00753759720280323,-0.002778641874883,0.0042010056479458,0.340656593229819
"bivt",0.005,1000,"0.05",TRUE,0.013194429218663,-0.00928396945054189,0.00658257539080648,-0.0026721156226854,0.00661185382785649,0.274122921833563
"bivt",0.005,1000,"0.1",TRUE,0.0127750504796164,-0.00920566323839303,0.0061631966517599,-0.00259380941053654,0.00661185382785649,0.274122921833563
"bivt",0.005,1000,"0.01",TRUE,0.0156155763954152,-0.00974959877452256,0.00900372256755873,-0.00313774494666608,0.00661185382785649,0.274122921833563
"bivt",0.005,1000,"0.05",TRUE,0.00837008367188906,-0.00629997136308649,0.00497269408391349,-0.00290258177511093,0.00339738958797557,0.263272010701609
"bivt",0.005,1000,"0.1",TRUE,0.00758155764348143,-0.00597296945495363,0.00418416805550586,-0.00257557986697807,0.00339738958797557,0.263272010701609
"bivt",0.005,1000,"0.01",TRUE,0.0102972786268531,-0.00658720570110877,0.00689988903887756,-0.0031898161131332,0.00339738958797557,0.263272010701609
"bivt",0.005,1000,"0.05",TRUE,0.018404751311959,-0.0127749210743033,0.0093820493041918,-0.00375221906653617,0.00902270200776718,0.205693854909569
"bivt",0.005,1000,"0.1",TRUE,0.0165069301372032,-0.0124681109831877,0.00748422812943602,-0.00344540897542048,0.00902270200776718,0.205693854909569
"bivt",0.005,1000,"0.01",TRUE,0.0218447333430787,-0.0131978638886506,0.0128220313353115,-0.00417516188088346,0.00902270200776718,0.205693854909569
"bivt",0.005,1000,"0.05",TRUE,0.0100016188403167,-0.00708470894629239,0.00499699713240071,-0.00208008723837636,0.00500462170791603,0.327528172897478
"bivt",0.005,1000,"0.1",TRUE,0.00883945453240555,-0.00690740777279644,0.00383483282448953,-0.00190278606488041,0.00500462170791603,0.327528172897478
"bivt",0.005,1000,"0.01",TRUE,0.0126682496638781,-0.00739947852339469,0.00766362795596202,-0.00239485681547867,0.00500462170791603,0.327528172897478
"bivt",0.005,1000,"0.05",TRUE,0.0105278769402836,-0.00775811248296625,0.00552325523236753,-0.00275349077505023,0.00500462170791603,0.236596066241919
"bivt",0.005,1000,"0.1",TRUE,0.00966063514494346,-0.00747914401078,0.00465601343702744,-0.00247452230286398,0.00500462170791603,0.236596066241919
"bivt",0.005,1000,"0.01",TRUE,0.0128685274250369,-0.00818851672966303,0.00786390571712088,-0.00318389502174701,0.00500462170791603,0.236596066241919
"bivt",0.005,1000,"0.05",TRUE,0.0125641118642806,-0.00954387115006059,0.00595225803642415,-0.00293201732220411,0.00661185382785649,0.278114452522783
"bivt",0.005,1000,"0.1",TRUE,0.0114890917746336,-0.00939724821512372,0.0048772379467771,-0.00278539438726724,0.00661185382785649,0.278114452522783
"bivt",0.005,1000,"0.01",TRUE,0.0158038998169613,-0.00991917219359768,0.00919204598910479,-0.0033073183657412,0.00661185382785649,0.278114452522783
"bivt",0.005,1000,"0.05",TRUE,0.0138446979681172,-0.0109108149804861,0.0064292280802905,-0.00349534509265943,0.00741546988782672,0.241649249618245
"bivt",0.005,1000,"0.1",TRUE,0.0133901970912913,-0.0105065506137371,0.00597472720346457,-0.00309108072591037,0.00741546988782672,0.241649249618245
"bivt",0.005,1000,"0.01",TRUE,0.0193181743033776,-0.0112270380842917,0.0119027044155509,-0.00381156819646496,0.00741546988782672,0.241649249618245
"bivt",0.005,1000,"0.05",TRUE,0.0137341507887466,-0.00979398288185738,0.00712229696089013,-0.00318212905400089,0.00661185382785649,0.29339096775982
"bivt",0.005,1000,"0.1",TRUE,0.012776631398198,-0.00968633924139088,0.00616477757034155,-0.00307448541353439,0.00661185382785649,0.29339096775982
"bivt",0.005,1000,"0.01",TRUE,0.0159038003319843,-0.0101082782869342,0.00929194650412784,-0.00349642445907771,0.00661185382785649,0.29339096775982
"bivt",0.005,1000,"0.05",TRUE,0.00671873957588549,-0.0050028388925566,0.00412496604788016,-0.00240906536455127,0.00259377352800534,0.286195111475076
"bivt",0.005,1000,"0.1",TRUE,0.00614741142489491,-0.00488986146966819,0.00355363789688958,-0.00229608794166286,0.00259377352800534,0.286195111475076
"bivt",0.005,1000,"0.01",TRUE,0.00761418115576957,-0.00533738763612038,0.00502040762776423,-0.00274361410811504,0.00259377352800534,0.286195111475076
"bivt",0.005,1000,"0.05",TRUE,0.00954911796115792,-0.00655820434738072,0.00534811231321212,-0.00235719869943492,0.0042010056479458,0.32359752395762
"bivt",0.005,1000,"0.1",TRUE,0.00839055606000036,-0.00640372437815464,0.00418955041205456,-0.00220271873020885,0.0042010056479458,0.32359752395762
"bivt",0.005,1000,"0.01",TRUE,0.0123866711533845,-0.00686799196636034,0.00818566550543871,-0.00266698631841455,0.0042010056479458,0.32359752395762
"bivt",0.005,1000,"0.05",TRUE,0.014811277357076,-0.0114995831138427,0.00659219140927906,-0.0032804971660457,0.00821908594779695,0.259545273731248
"bivt",0.005,1000,"0.1",TRUE,0.0138137476028576,-0.0113160306733946,0.00559466165506063,-0.00309694472559766,0.00821908594779695,0.259545273731248
"bivt",0.005,1000,"0.01",TRUE,0.0188425945322952,-0.0119785000857945,0.0106235085844983,-0.00375941413799756,0.00821908594779695,0.259545273731248
"bivt",0.005,1000,"0.05",TRUE,0.00628855181430123,-0.00510793181849649,0.00369477828629589,-0.00251415829049115,0.00259377352800534,0.284144157139262
"bivt",0.005,1000,"0.1",TRUE,0.0059888357519467,-0.00490113239299887,0.00339506222394136,-0.00230735886499354,0.00259377352800534,0.284144157139262
"bivt",0.005,1000,"0.01",TRUE,0.00879999633940926,-0.00564572915127756,0.00620622281140392,-0.00305195562327222,0.00259377352800534,0.284144157139262
"bivt",0.005,1000,"0.05",TRUE,0.0175993237878199,-0.01238078551743,0.00857662178005269,-0.00335808350966278,0.00902270200776718,0.256166941791836
"bivt",0.005,1000,"0.1",TRUE,0.0158077346196756,-0.0121973064201389,0.00678503261190838,-0.0031746044123717,0.00902270200776718,0.256166941791836
"bivt",0.005,1000,"0.01",TRUE,0.0237553715906918,-0.0126962436278888,0.0147326695829246,-0.00367354162012161,0.00902270200776718,0.256166941791836
"bivt",0.005,1000,"0.05",TRUE,0.0205589978941333,-0.014335910004604,0.0107326798263959,-0.00450959193686658,0.00982631806773741,0.219110330791787
"bivt",0.005,1000,"0.1",TRUE,0.0190925218673652,-0.0140989291013461,0.00926620379962775,-0.00427261103360872,0.00982631806773741,0.219110330791787
"bivt",0.005,1000,"0.01",TRUE,0.0242724536110343,-0.0146652130831936,0.0144461355432969,-0.00483889501545619,0.00982631806773741,0.219110330791787
"bivt",0.005,1000,"0.05",TRUE,0.00550663599637028,-0.0045653249726755,0.00327871316455423,-0.00233740214085945,0.00222792283181605,0.292525439025119
"bivt",0.005,1000,"0.1",TRUE,0.00516828387849401,-0.00429428159990854,0.00294036104667796,-0.00206635876809249,0.00222792283181605,0.292525439025119
"bivt",0.005,1000,"0.01",TRUE,0.00644999840912624,-0.00497059357149835,0.00422207557731019,-0.0027426707396823,0.00222792283181605,0.292525439025119
"bivt",0.005,1000,"0.05",TRUE,0.00499936844573763,-0.00366003373323568,0.00357506167389181,-0.00223572696138986,0.00142430677184582,0.304905547849389
"bivt",0.005,1000,"0.1",TRUE,0.00441056670190995,-0.00347834752214764,0.00298625993006414,-0.00205404075030182,0.00142430677184582,0.304905547849389
"bivt",0.005,1000,"0.01",TRUE,0.00584949645862038,-0.00399932885137218,0.00442518968677456,-0.00257502207952636,0.00142430677184582,0.304905547849389
"bivt",0.005,1000,"0.05",TRUE,0.00588868640854143,-0.00497976095993391,0.00285714751675515,-0.00194822206814763,0.00303153889178628,0.423872447727842
"bivt",0.005,1000,"0.1",TRUE,0.00571467657722797,-0.00483382407226123,0.00268313768544169,-0.00180228518047495,0.00303153889178628,0.423872447727842
"bivt",0.005,1000,"0.01",TRUE,0.00674465087436346,-0.0051555292440375,0.00371311198257718,-0.00212399035225122,0.00303153889178628,0.423872447727842
"bivt",0.005,1000,"0.05",TRUE,0.00702930861123972,-0.0052352133906438,0.00399776971945344,-0.00220367449885753,0.00303153889178628,0.329393583056744
"bivt",0.005,1000,"0.1",TRUE,0.0063798391373542,-0.00512381120404066,0.00334830024556793,-0.00209227231225439,0.00303153889178628,0.329393583056744
"bivt",0.005,1000,"0.01",TRUE,0.00762480323990776,-0.00553162165974476,0.00459326434812148,-0.00250008276795849,0.00303153889178628,0.329393583056744
"bivt",0.005,1000,"0.05",TRUE,0.0110522062437338,-0.00751327809056221,0.00604758453581778,-0.00250865638264618,0.00500462170791603,0.328044527877377
"bivt",0.005,1000,"0.1",TRUE,0.00977679260895785,-0.00730829074838361,0.00477217090104183,-0.00230366904046758,0.00500462170791603,0.328044527877377
"bivt",0.005,1000,"0.01",TRUE,0.0125306244455941,-0.00782302129186381,0.00752600273767803,-0.00281839958394779,0.00500462170791603,0.328044527877377
"bivt",0.005,1000,"0.05",TRUE,0.0123477427577659,-0.00912817474963301,0.00573588892990942,-0.00251632092177652,0.00661185382785649,0.34049560596315
"bivt",0.005,1000,"0.1",TRUE,0.0113412190650897,-0.00894269180451106,0.00472936523723316,-0.00233083797665457,0.00661185382785649,0.34049560596315
"bivt",0.005,1000,"0.01",TRUE,0.0154714058862927,-0.00959207475237157,0.00885955205843618,-0.00298022092451508,0.00661185382785649,0.34049560596315
"bivt",0.005,1000,"0.05",TRUE,0.0082690046243239,-0.00680395196731189,0.00363023361259717,-0.00216518095558515,0.00463877101172674,0.316687298459974
"bivt",0.005,1000,"0.1",TRUE,0.00753767210783841,-0.00665512910600022,0.00289890109611167,-0.00201635809427348,0.00463877101172674,0.316687298459974
"bivt",0.005,1000,"0.01",TRUE,0.0096501534943253,-0.00732602701693374,0.00501138248259856,-0.002687256005207,0.00463877101172674,0.316687298459974
"bivt",0.005,1000,"0.05",TRUE,0.0114070721678523,-0.0079299217268217,0.00559883439996607,-0.00212168395893544,0.00580823776788626,0.369348110142034
"bivt",0.005,1000,"0.1",TRUE,0.0107039331163048,-0.00777331488482553,0.00489569534841859,-0.00196507711693928,0.00580823776788626,0.369348110142034
"bivt",0.005,1000,"0.01",TRUE,0.0132290329035949,-0.0082217168175911,0.00742079513570869,-0.00241347904970484,0.00580823776788626,0.369348110142034
"bivt",0.005,1000,"0.05",TRUE,0.0100546850361472,-0.00727574139386075,0.00505006332823116,-0.00227111968594472,0.00500462170791603,0.266130414084316
"bivt",0.005,1000,"0.1",TRUE,0.00928757773184088,-0.00712971177305693,0.00428295602392486,-0.0021250900651409,0.00500462170791603,0.266130414084316
"bivt",0.005,1000,"0.01",TRUE,0.0118269249122874,-0.0076404538763954,0.00682230320437139,-0.00263583216847938,0.00500462170791603,0.266130414084316
"bivt",0.005,1000,"0.05",TRUE,0.00733157450503762,-0.00620894814653122,0.00349641955328112,-0.00237379319477471,0.00383515495175651,0.304570428744875
"bivt",0.005,1000,"0.1",TRUE,0.00696699014794996,-0.00603472729763391,0.00313183519619345,-0.0021995723458774,0.00383515495175651,0.304570428744875
"bivt",0.005,1000,"0.01",TRUE,0.00844346726955148,-0.00649697568421801,0.00460831231779497,-0.00266182073246151,0.00383515495175651,0.304570428744875
"bivt",0.005,1000,"0.05",TRUE,0.00726466949348616,-0.00559059144495484,0.00386727990551059,-0.00219320185697928,0.00339738958797557,0.313960980996409
"bivt",0.005,1000,"0.1",TRUE,0.00665200465196266,-0.00543567983725226,0.00325461506398709,-0.0020382902492767,0.00339738958797557,0.313960980996409
"bivt",0.005,1000,"0.01",TRUE,0.00869273619063916,-0.00592756176145522,0.0052953466026636,-0.00253017217347965,0.00339738958797557,0.313960980996409
"bivt",0.005,1000,"0.05",TRUE,0.0106841955278947,-0.0078394248214802,0.00567957381997872,-0.00283480311356418,0.00500462170791603,0.231038627227493
"bivt",0.005,1000,"0.1",TRUE,0.00952752389306702,-0.00761200217548394,0.00452290218515099,-0.00260738046756792,0.00500462170791603,0.231038627227493
"bivt",0.005,1000,"0.01",TRUE,0.0125990615910777,-0.00821141060456667,0.00759443988316166,-0.00320678889665064,0.00500462170791603,0.231038627227493
"bivt",0.005,1000,"0.05",TRUE,0.0117952584060011,-0.00867198155689298,0.00598702063811479,-0.00286374378900672,0.00580823776788626,0.249656014596725
"bivt",0.005,1000,"0.1",TRUE,0.0110193397942828,-0.00853538248464073,0.00521110202639657,-0.00272714471675448,0.00580823776788626,0.249656014596725
"bivt",0.005,1000,"0.01",TRUE,0.0133599536212378,-0.00912866983660937,0.00755171585335149,-0.00332043206872312,0.00580823776788626,0.249656014596725
"bivt",0.005,1000,"0.05",TRUE,0.00659743736405903,-0.00474444865233361,0.00436951453224298,-0.00251652582051756,0.00222792283181605,0.305795362216119
"bivt",0.005,1000,"0.1",TRUE,0.00589395338470928,-0.00449808248339483,0.00366603055289324,-0.00227015965157878,0.00222792283181605,0.305795362216119
"bivt",0.005,1000,"0.01",TRUE,0.0091698990158332,-0.0051310964318079,0.00694197618401715,-0.00290317359999186,0.00222792283181605,0.305795362216119
"bivt",0.005,1000,"0.05",TRUE,0.00867338814086257,-0.00676286930351255,0.00447238249291677,-0.00256186365556675,0.0042010056479458,0.33237168027966
"bivt",0.005,1000,"0.1",TRUE,0.00765246157609768,-0.00662562343126835,0.00345145592815189,-0.00242461778332256,0.0042010056479458,0.33237168027966
"bivt",0.005,1000,"0.01",TRUE,0.0104094072514206,-0.00707364110799377,0.0062084016034748,-0.00287263546004797,0.0042010056479458,0.33237168027966
"bivt",0.005,1000,"0.05",TRUE,0.0218080109692085,-0.0134650693679381,0.0119816929014711,-0.00363875130020065,0.00982631806773741,0.222632709177323
"bivt",0.005,1000,"0.1",TRUE,0.0187935807438725,-0.0132152383379302,0.00896726267613511,-0.00338892027019277,0.00982631806773741,0.222632709177323
"bivt",0.005,1000,"0.01",TRUE,0.0253617093339809,-0.0139002005705784,0.0155353912662435,-0.00407388250284103,0.00982631806773741,0.222632709177323
"bivt",0.005,1000,"0.05",TRUE,0.00969596469090407,-0.00661908416798534,0.00549495904295827,-0.00241807852003954,0.0042010056479458,0.296264041998609
"bivt",0.005,1000,"0.1",TRUE,0.00858950840390444,-0.00647867567752653,0.00438850275595865,-0.00227767002958074,0.0042010056479458,0.296264041998609
"bivt",0.005,1000,"0.01",TRUE,0.0114606928604981,-0.00702667704178969,0.00725968721255229,-0.00282567139384389,0.0042010056479458,0.296264041998609
"bivt",0.005,1000,"0.05",TRUE,0.0137103766411058,-0.00982540266505126,0.00709852281324933,-0.00321354883719478,0.00661185382785649,0.220960833900754
"bivt",0.005,1000,"0.1",TRUE,0.0128109741410881,-0.00963178424254821,0.00619912031323165,-0.00301993041469173,0.00661185382785649,0.220960833900754
"bivt",0.005,1000,"0.01",TRUE,0.0167866055670861,-0.0101613631265627,0.0101747517392296,-0.0035495092987062,0.00661185382785649,0.220960833900754
"bivt",0.005,1000,"0.05",TRUE,0.0110155301856612,-0.00822027577049557,0.00520729241777492,-0.00241203800260931,0.00580823776788626,0.261171813296928
"bivt",0.005,1000,"0.1",TRUE,0.0099245617907535,-0.00803342647157134,0.00411632402286725,-0.00222518870368508,0.00580823776788626,0.261171813296928
"bivt",0.005,1000,"0.01",TRUE,0.0143217862298012,-0.00876213526089074,0.00851354846191495,-0.00295389749300448,0.00580823776788626,0.261171813296928
"bivt",0.005,1000,"0.05",TRUE,0.0118595403812748,-0.00920256397386538,0.0060513026133885,-0.00339432620597912,0.00580823776788626,0.244681664169589
"bivt",0.005,1000,"0.1",TRUE,0.0110834932601948,-0.00901993839268448,0.00527525549230852,-0.00321170062479822,0.00580823776788626,0.244681664169589
"bivt",0.005,1000,"0.01",TRUE,0.015206116461101,-0.0094063606754551,0.0093978786932147,-0.00359812290756884,0.00580823776788626,0.244681664169589
"bivt",0.005,1000,"0.05",TRUE,0.0112353982004116,-0.00854093106323001,0.00542716043252536,-0.00273269329534376,0.00580823776788626,0.289659491205123
"bivt",0.005,1000,"0.1",TRUE,0.0101758852469651,-0.008410004798498,0.00436764747907879,-0.00260176703061175,0.00580823776788626,0.289659491205123
"bivt",0.005,1000,"0.01",TRUE,0.0131928324926663,-0.00885023641626377,0.00738459472478005,-0.00304199864837752,0.00580823776788626,0.289659491205123
"bivt",0.005,1000,"0.05",TRUE,0.0244329492933381,-0.0150039975027644,0.0138030151656304,-0.00437406337505675,0.0106299341277076,0.241254946195345
"bivt",0.005,1000,"0.1",TRUE,0.0220700876041431,-0.0145932164249733,0.0114401534764355,-0.00396328229726568,0.0106299341277076,0.241254946195345
"bivt",0.005,1000,"0.01",TRUE,0.0315567662860418,-0.0153348575826571,0.0209268321583342,-0.00470492345494948,0.0106299341277076,0.241254946195345
"bivt",0.005,1000,"0.05",TRUE,0.006138635086261,-0.00505044000278398,0.00354486155825566,-0.00245666647477865,0.00259377352800534,0.369701641212628
"bivt",0.005,1000,"0.1",TRUE,0.00534319026784082,-0.00487328544539683,0.00274941673983549,-0.0022795119173915,0.00259377352800534,0.369701641212628
"bivt",0.005,1000,"0.01",TRUE,0.00693999641973256,-0.0054879923419233,0.00434622289172722,-0.00289421881391797,0.00259377352800534,0.369701641212628
"bivt",0.005,1000,"0.05",TRUE,0.00887955968457616,-0.00652486128420342,0.00467855403663037,-0.00232385563625763,0.0042010056479458,0.342666872584844
"bivt",0.005,1000,"0.1",TRUE,0.00794825280901448,-0.00636806673392817,0.00374724716106868,-0.00216706108598238,0.0042010056479458,0.342666872584844
"bivt",0.005,1000,"0.01",TRUE,0.0111185979999084,-0.00692749007733527,0.00691759235196264,-0.00272648442938947,0.0042010056479458,0.342666872584844
"bivt",0.005,1000,"0.05",TRUE,0.0119365984045401,-0.00848241482546204,0.0061283606366538,-0.00267417705757579,0.00580823776788626,0.303432769539544
"bivt",0.005,1000,"0.1",TRUE,0.011161896059641,-0.00828744638596821,0.00535365829175471,-0.00247920861808195,0.00580823776788626,0.303432769539544
"bivt",0.005,1000,"0.01",TRUE,0.014224726623663,-0.0089334183115365,0.00841648885577679,-0.00312518054365024,0.00580823776788626,0.303432769539544
"bivt",0.005,1000,"0.05",TRUE,0.0067304290969283,-0.00495530861175374,0.00413665556892296,-0.0023615350837484,0.00259377352800534,0.310881876181013
"bivt",0.005,1000,"0.1",TRUE,0.00613846595643707,-0.00480744250273519,0.00354469242843174,-0.00221366897472985,0.00259377352800534,0.310881876181013
"bivt",0.005,1000,"0.01",TRUE,0.00796059032815327,-0.00527615325232423,0.00536681680014793,-0.00268237972431889,0.00259377352800534,0.310881876181013
"bivt",0.005,1000,"0.05",TRUE,0.0114320028031258,-0.00828671856361931,0.00562376503523951,-0.00247848079573306,0.00580823776788626,0.279737332490401
"bivt",0.005,1000,"0.1",TRUE,0.0101241778810847,-0.0081382541270651,0.00431594011319842,-0.00233001635917884,0.00580823776788626,0.279737332490401
"bivt",0.005,1000,"0.01",TRUE,0.0139188818913158,-0.00855577715012083,0.00811064412342954,-0.00274753938223457,0.00580823776788626,0.279737332490401
"bivt",0.005,1000,"0.05",TRUE,0.0152419050030938,-0.0118270015184838,0.00782643511526704,-0.00441153163065704,0.00741546988782672,0.209506033599871
"bivt",0.005,1000,"0.1",TRUE,0.0136613521895487,-0.0113682274667717,0.00624588230172197,-0.00395275757894501,0.00741546988782672,0.209506033599871
"bivt",0.005,1000,"0.01",TRUE,0.0181155273962599,-0.0126557202183017,0.0107000575084332,-0.00524025033047502,0.00741546988782672,0.209506033599871
"bivt",0.005,1000,"0.05",TRUE,0.0111324598532649,-0.00805622039944871,0.00532422208537867,-0.00224798263156245,0.00580823776788626,0.238845258813137
"bivt",0.005,1000,"0.1",TRUE,0.0104481293534913,-0.00788178041358382,0.00463989158560509,-0.00207354264569757,0.00580823776788626,0.238845258813137
"bivt",0.005,1000,"0.01",TRUE,0.015043071002969,-0.00874266013804689,0.00923483323508276,-0.00293442237016063,0.00580823776788626,0.238845258813137
"bivt",0.005,1000,"0.05",TRUE,0.0134080379420454,-0.0103755031574214,0.00679618411418888,-0.00376364932956489,0.00661185382785649,0.265512862466999
"bivt",0.005,1000,"0.1",TRUE,0.0125241202549781,-0.0100390223625146,0.00591226642712166,-0.00342716853465809,0.00661185382785649,0.265512862466999
"bivt",0.005,1000,"0.01",TRUE,0.0158282907418239,-0.0106069531554475,0.00921643691396742,-0.00399509932759102,0.00661185382785649,0.265512862466999
"bivt",0.005,1000,"0.05",TRUE,0.00976670839293649,-0.00834754429896903,0.00352070526126929,-0.00210154116730183,0.0062460031316672,0.36513267956343
"bivt",0.005,1000,"0.1",TRUE,0.00927982748659099,-0.00816978278815187,0.00303382435492379,-0.00192377965648467,0.0062460031316672,0.36513267956343
"bivt",0.005,1000,"0.01",TRUE,0.0108172328862878,-0.00858783780742847,0.00457122975462056,-0.00234183467576127,0.0062460031316672,0.36513267956343
"bivt",0.005,1000,"0.05",TRUE,0.00666962315260591,-0.00496207368798451,0.00407584962460058,-0.00236830015997918,0.00259377352800534,0.318258724838464
"bivt",0.005,1000,"0.1",TRUE,0.00612493660303247,-0.0047306732323737,0.00353116307502714,-0.00213689970436836,0.00259377352800534,0.318258724838464
"bivt",0.005,1000,"0.01",TRUE,0.00852027462804075,-0.00524553533129857,0.00592650110003542,-0.00265176180329323,0.00259377352800534,0.318258724838464
"bivt",0.005,1000,"0.05",TRUE,0.00834779867080885,-0.00595445780776937,0.00495040908283329,-0.0025570682197938,0.00339738958797557,0.329527735072574
"bivt",0.005,1000,"0.1",TRUE,0.00792144001586373,-0.0058234287301641,0.00452405042788816,-0.00242603914218853,0.00339738958797557,0.329527735072574
"bivt",0.005,1000,"0.01",TRUE,0.00998199756354605,-0.00622491007784163,0.00658460797557048,-0.00282752048986607,0.00339738958797557,0.329527735072574
"bivt",0.005,1000,"0.05",TRUE,0.0136078448069702,-0.00946675947835541,0.00699599097911367,-0.00285490565049893,0.00661185382785649,0.282761783105056
"bivt",0.005,1000,"0.1",TRUE,0.0128071270140856,-0.00928053764650043,0.00619527318622908,-0.00266868381864394,0.00661185382785649,0.282761783105056
"bivt",0.005,1000,"0.01",TRUE,0.0158333763750075,-0.00999877435807871,0.00922152254715097,-0.00338692053022222,0.00661185382785649,0.282761783105056
"bivt",0.005,1000,"0.05",TRUE,0.00610708099899482,-0.0058517373299853,0.00227192604723832,-0.0020165823782288,0.00383515495175651,0.41770904093542
"bivt",0.005,1000,"0.1",TRUE,0.00588157756274718,-0.00566262323223371,0.00204642261099068,-0.00182746828047721,0.00383515495175651,0.41770904093542
"bivt",0.005,1000,"0.01",TRUE,0.00677520248022247,-0.00607388753369489,0.00294004752846596,-0.00223873258193838,0.00383515495175651,0.41770904093542
"bivt",0.005,1000,"0.05",TRUE,0.00500611173077392,-0.0039835063252611,0.00321595426273882,-0.002193348857226,0.00179015746803511,0.400562319417476
"bivt",0.005,1000,"0.1",TRUE,0.00463827183008501,-0.00371200100814638,0.0028481143620499,-0.00192184354011128,0.00179015746803511,0.400562319417476
"bivt",0.005,1000,"0.01",TRUE,0.00598934610066447,-0.00433796941284728,0.00419918863262936,-0.00254781194481217,0.00179015746803511,0.400562319417476
"bivt",0.005,1000,"0.05",TRUE,0.00800830120845288,-0.00565780843834923,0.0049767623166666,-0.00262626954656295,0.00303153889178628,0.298590466408034
"bivt",0.005,1000,"0.1",TRUE,0.00726176158496779,-0.00541906251989627,0.00423022269318151,-0.00238752362811,0.00303153889178628,0.298590466408034
"bivt",0.005,1000,"0.01",TRUE,0.00966156282384627,-0.00601746539156625,0.00663002393206,-0.00298592649977997,0.00303153889178628,0.298590466408034
"bivt",0.005,1000,"0.05",TRUE,0.00814370780891409,-0.00586042505103628,0.00474631822093852,-0.00246303546306071,0.00339738958797557,0.299760568032251
"bivt",0.005,1000,"0.1",TRUE,0.00761707588334325,-0.00575471721610732,0.00421968629536769,-0.00235732762813175,0.00339738958797557,0.299760568032251
"bivt",0.005,1000,"0.01",TRUE,0.00999937429481204,-0.00615892556636285,0.00660198470683647,-0.00276153597838728,0.00339738958797557,0.299760568032251
"bivt",0.005,1000,"0.05",TRUE,0.00590339212931211,-0.00415637190253828,0.00367546929749607,-0.00192844907072223,0.00222792283181605,0.33508019542513
"bivt",0.005,1000,"0.1",TRUE,0.00559193356325241,-0.00399905538151078,0.00336401073143637,-0.00177113254969473,0.00222792283181605,0.33508019542513
"bivt",0.005,1000,"0.01",TRUE,0.00651105628285054,-0.00457274609452046,0.0042831334510345,-0.00234482326270441,0.00222792283181605,0.33508019542513
"bivt",0.005,1000,"0.05",TRUE,0.0140686200515088,-0.0110128285790662,0.00584953410371189,-0.00279374263126928,0.00821908594779695,0.296994793748911
"bivt",0.005,1000,"0.1",TRUE,0.0131467817660087,-0.0108844888523607,0.00492769581821178,-0.00266540290456371,0.00821908594779695,0.296994793748911
"bivt",0.005,1000,"0.01",TRUE,0.0190095528018845,-0.0113304922495709,0.0107904668540875,-0.00311140630177398,0.00821908594779695,0.296994793748911
"bivt",0.005,1000,"0.05",TRUE,0.0117019881870079,-0.00824496214264427,0.00589375041912163,-0.00243672437475801,0.00580823776788626,0.299520734314201
"bivt",0.005,1000,"0.1",TRUE,0.0104020727309044,-0.00813950581028899,0.00459383496301809,-0.00233126804240274,0.00580823776788626,0.299520734314201
"bivt",0.005,1000,"0.01",TRUE,0.0132100910784543,-0.00862068196280126,0.00740185331056806,-0.002812444194915,0.00580823776788626,0.299520734314201
"bivt",0.005,1000,"0.05",TRUE,0.00919526300624335,-0.00663617295073222,0.00499425735829756,-0.00243516730278642,0.0042010056479458,0.301416873282356
"bivt",0.005,1000,"0.1",TRUE,0.0084549203904409,-0.00653072790340941,0.0042539147424951,-0.00232972225546361,0.0042010056479458,0.301416873282356
"bivt",0.005,1000,"0.01",TRUE,0.0100931248486802,-0.00699067074122818,0.00589211920073444,-0.00278966509328239,0.0042010056479458,0.301416873282356
"bivt",0.005,1000,"0.05",TRUE,0.00972568703454417,-0.00666482405007229,0.00552468138659837,-0.00246381840212649,0.0042010056479458,0.391096057097249
"bivt",0.005,1000,"0.1",TRUE,0.00839171547049281,-0.00641572529912198,0.00419070982254701,-0.00221471965117618,0.0042010056479458,0.391096057097249
"bivt",0.005,1000,"0.01",TRUE,0.0105276221981413,-0.00708911983596611,0.00632661655019548,-0.00288811418802032,0.0042010056479458,0.391096057097249
"bivt",0.005,1000,"0.05",TRUE,0.0126829799679781,-0.00934865218886458,0.00687474220009182,-0.00354041442097833,0.00580823776788626,0.25893549651551
"bivt",0.005,1000,"0.1",TRUE,0.0120343626172984,-0.00915261371061437,0.00622612484941211,-0.00334437594272811,0.00580823776788626,0.25893549651551
"bivt",0.005,1000,"0.01",TRUE,0.0145435723212451,-0.0099531976195159,0.00873533455335883,-0.00414495985162964,0.00580823776788626,0.25893549651551
"bivt",0.005,1000,"0.05",TRUE,0.0120216223103927,-0.0081213703121901,0.00621338454250642,-0.00231313254430384,0.00580823776788626,0.323246372428384
"bivt",0.005,1000,"0.1",TRUE,0.0105459719594728,-0.00802415759777573,0.00473773419158655,-0.00221591982988947,0.00580823776788626,0.323246372428384
"bivt",0.005,1000,"0.01",TRUE,0.0144013799178194,-0.00834777734548385,0.00859314214993317,-0.00253953957759759,0.00580823776788626,0.323246372428384
"bivt",0.005,1000,"0.05",TRUE,0.00457642746555183,-0.00327794617528904,0.00315212069370601,-0.00185363940344323,0.00142430677184582,0.387595981823104
"bivt",0.005,1000,"0.1",TRUE,0.00407819288914439,-0.0031616949965291,0.00265388611729857,-0.00173738822468329,0.00142430677184582,0.387595981823104
"bivt",0.005,1000,"0.01",TRUE,0.00542307495215224,-0.00361128976086645,0.00399876818030643,-0.00218698298902064,0.00142430677184582,0.387595981823104
"bivt",0.005,1000,"0.05",TRUE,0.00701269218122985,-0.005323059113587,0.00398115328944358,-0.00229152022180072,0.00303153889178628,0.390926107450604
"bivt",0.005,1000,"0.1",TRUE,0.00609115407465191,-0.00513056335678657,0.00305961518286563,-0.0020990244650003,0.00303153889178628,0.390926107450604
"bivt",0.005,1000,"0.01",TRUE,0.00742121255680909,-0.00567335504603774,0.00438967366502281,-0.00264181615425146,0.00303153889178628,0.390926107450604
"bivt",0.005,1000,"0.05",TRUE,0.0076730463061647,-0.00631906842468803,0.00427565671818914,-0.00292167883671246,0.00339738958797557,0.314497852348848
"bivt",0.005,1000,"0.1",TRUE,0.00713952305959872,-0.0061624225660627,0.00374213347162315,-0.00276503297808713,0.00339738958797557,0.314497852348848
"bivt",0.005,1000,"0.01",TRUE,0.00994200349006826,-0.00673277789096863,0.0065446139020927,-0.00333538830299306,0.00339738958797557,0.314497852348848
"bivt",0.005,1000,"0.05",TRUE,0.0107814222643689,-0.00829845619958118,0.00577680055645291,-0.00329383449166516,0.00500462170791603,0.234294816881667
"bivt",0.005,1000,"0.1",TRUE,0.00992070389600664,-0.00791954285501768,0.00491608218809061,-0.00291492114710165,0.00500462170791603,0.234294816881667
"bivt",0.005,1000,"0.01",TRUE,0.0134392376359616,-0.00858631731661658,0.00843461592804554,-0.00358169560870055,0.00500462170791603,0.234294816881667
"bivt",0.005,1000,"0.05",TRUE,0.00828880647384276,-0.0067829987139931,0.00408780082589697,-0.00258199306604731,0.0042010056479458,0.277197010716435
"bivt",0.005,1000,"0.1",TRUE,0.00793709896880545,-0.00672014666084799,0.00373609332085966,-0.00251914101290219,0.0042010056479458,0.277197010716435
"bivt",0.005,1000,"0.01",TRUE,0.00925067104678562,-0.0072555452323774,0.00504966539883983,-0.0030545395844316,0.0042010056479458,0.277197010716435
"bivt",0.005,1000,"0.05",TRUE,0.0149988530787139,-0.00999326142970833,0.00838699925085738,-0.00338140760185185,0.00661185382785649,0.257955426439447
"bivt",0.005,1000,"0.1",TRUE,0.0123845603860616,-0.00986002477056959,0.00577270655820508,-0.0032481709427131,0.00661185382785649,0.257955426439447
"bivt",0.005,1000,"0.01",TRUE,0.0166622465970727,-0.0102392724812989,0.0100503927692162,-0.00362741865344244,0.00661185382785649,0.257955426439447
"bivt",0.005,1000,"0.05",TRUE,0.015971187700069,-0.010287254900626,0.00855571781224232,-0.00287178501279932,0.00741546988782672,0.280721024727481
"bivt",0.005,1000,"0.1",TRUE,0.0132893492695567,-0.0101553932305419,0.00587387938173,-0.00273992334271515,0.00741546988782672,0.280721024727481
"bivt",0.005,1000,"0.01",TRUE,0.0203500883677342,-0.0106375763298705,0.0129346184799075,-0.00322210644204382,0.00741546988782672,0.280721024727481
"bivt",0.005,1000,"0.05",TRUE,0.0112639685426977,-0.00803692661991884,0.00625934683478164,-0.00303230491200281,0.00500462170791603,0.316946757763898
"bivt",0.005,1000,"0.1",TRUE,0.00994485318290719,-0.0078028247987183,0.00494023147499116,-0.00279820309080227,0.00500462170791603,0.316946757763898
"bivt",0.005,1000,"0.01",TRUE,0.0122864192110317,-0.00828326580527689,0.00728179750311564,-0.00327864409736086,0.00500462170791603,0.316946757763898
"bivt",0.005,1000,"0.05",TRUE,0.0116122322172063,-0.00871075085003666,0.00580399444932,-0.00290251308215041,0.00580823776788626,0.261463169679814
"bivt",0.005,1000,"0.1",TRUE,0.0106337116141528,-0.00854179703940758,0.00482547384626651,-0.00273355927152132,0.00580823776788626,0.261463169679814
"bivt",0.005,1000,"0.01",TRUE,0.0148667542773146,-0.00917912416547342,0.0090585165094283,-0.00337088639758716,0.00580823776788626,0.261463169679814
"bivt",0.005,1000,"0.05",TRUE,0.0106320093711332,-0.00782875291396882,0.0056273876632172,-0.00282413120605279,0.00500462170791603,0.260619213641867
"bivt",0.005,1000,"0.1",TRUE,0.0101963035254559,-0.00763425048098309,0.00519168181753992,-0.00262962877306706,0.00500462170791603,0.260619213641867
"bivt",0.005,1000,"0.01",TRUE,0.0116107312614847,-0.00809589669446122,0.00660610955356871,-0.0030912749865452,0.00500462170791603,0.260619213641867
"bivt",0.005,1000,"0.05",TRUE,0.0064105219565563,-0.00421451518552674,0.00418259912474026,-0.0019865923537107,0.00222792283181605,0.384397692640176
"bivt",0.005,1000,"0.1",TRUE,0.00486013776293251,-0.00405142798553773,0.00263221493111646,-0.00182350515372168,0.00222792283181605,0.384397692640176
"bivt",0.005,1000,"0.01",TRUE,0.00698612946941053,-0.0046399351284751,0.00475820663759448,-0.00241201229665906,0.00222792283181605,0.384397692640176
"bivt",0.005,1000,"0.05",TRUE,0.00481815281536919,-0.00425658730897316,0.00302799534733409,-0.00246642984093806,0.00179015746803511,0.351021174659928
"bivt",0.005,1000,"0.1",TRUE,0.00457167588840563,-0.00414430661630468,0.00278151842037053,-0.00235414914826957,0.00179015746803511,0.351021174659928
"bivt",0.005,1000,"0.01",TRUE,0.00670114749392305,-0.00454231568374708,0.00491099002588795,-0.00275215821571197,0.00179015746803511,0.351021174659928
"bivt",0.005,1000,"0.05",TRUE,0.00851081876115291,-0.00648471513110894,0.00430981311320711,-0.00228370948316314,0.0042010056479458,0.304127506036389
"bivt",0.005,1000,"0.1",TRUE,0.00777730994908873,-0.00629048092080043,0.00357630430114294,-0.00208947527285464,0.0042010056479458,0.304127506036389
"bivt",0.005,1000,"0.01",TRUE,0.0102491646214457,-0.00683030200235702,0.00604815897349995,-0.00262929635441122,0.0042010056479458,0.304127506036389
"bivt",0.005,1000,"0.05",TRUE,0.0136818456626651,-0.00874811453744567,0.00787360789477881,-0.00293987676955941,0.00580823776788626,0.25922150728562
"bivt",0.005,1000,"0.1",TRUE,0.0104801463462767,-0.00854157800805228,0.00467190857839042,-0.00273334024016602,0.00580823776788626,0.25922150728562
"bivt",0.005,1000,"0.01",TRUE,0.0160500422356732,-0.00914795563068686,0.0102418044677869,-0.00333971786280061,0.00580823776788626,0.25922150728562
"bivt",0.005,1000,"0.05",TRUE,0.00974757090753518,-0.00830468080505911,0.00474294919961915,-0.00330005909714308,0.00500462170791603,0.224124750392849
"bivt",0.005,1000,"0.1",TRUE,0.00932441108016927,-0.00810865776244947,0.00431978937225324,-0.00310403605453345,0.00500462170791603,0.224124750392849
"bivt",0.005,1000,"0.01",TRUE,0.0135271427326968,-0.00859263566996176,0.00852252102478074,-0.00358801396204574,0.00500462170791603,0.224124750392849
"bivt",0.005,1000,"0.05",TRUE,0.00446850579150411,-0.00355628054065187,0.0030441990196583,-0.00213197376880606,0.00142430677184582,0.340626281651299
"bivt",0.005,1000,"0.1",TRUE,0.00427383336842143,-0.00335036929872322,0.00284952659657561,-0.00192606252687741,0.00142430677184582,0.340626281651299
"bivt",0.005,1000,"0.01",TRUE,0.00673938269192218,-0.00394276443586819,0.00531507592007636,-0.00251845766402237,0.00142430677184582,0.340626281651299
"bivt",0.005,1000,"0.05",TRUE,0.00877340293667376,-0.00688301913147892,0.00457239728872796,-0.00268201348353312,0.0042010056479458,0.246249250670093
"bivt",0.005,1000,"0.1",TRUE,0.00824102135081377,-0.00655624189236531,0.00404001570286797,-0.00235523624441951,0.0042010056479458,0.246249250670093
"bivt",0.005,1000,"0.01",TRUE,0.0100418310001421,-0.00736573197772492,0.00584082535219634,-0.00316472632977912,0.0042010056479458,0.246249250670093
"bivt",0.005,1000,"0.05",TRUE,0.00685603347739372,-0.00623282362144806,0.00302087852563722,-0.00239766866969156,0.00383515495175651,0.399102846948598
"bivt",0.005,1000,"0.1",TRUE,0.0060349212968403,-0.00600064513463148,0.00219976634508379,-0.00216549018287497,0.00383515495175651,0.399102846948598
"bivt",0.005,1000,"0.01",TRUE,0.00763496158157919,-0.00658210032643004,0.00379980662982268,-0.00274694537467353,0.00383515495175651,0.399102846948598
"bivt",0.005,1000,"0.05",TRUE,0.0169274375933354,-0.0122369274700379,0.00870835164553843,-0.00401784152224099,0.00821908594779695,0.19080792674476
"bivt",0.005,1000,"0.1",TRUE,0.0150775145042843,-0.0118555401362702,0.00685842855648739,-0.00363645418847323,0.00821908594779695,0.19080792674476
"bivt",0.005,1000,"0.01",TRUE,0.0213742887695113,-0.0127803968572038,0.0131552028217144,-0.00456131090940683,0.00821908594779695,0.19080792674476
"bivt",0.005,1000,"0.05",TRUE,0.0150413489641314,-0.0106809927979005,0.0076258790763047,-0.00326552291007377,0.00741546988782672,0.264717693980842
"bivt",0.005,1000,"0.1",TRUE,0.0131139432404102,-0.0106291653327469,0.00569847335258351,-0.0032136954449202,0.00741546988782672,0.264717693980842
"bivt",0.005,1000,"0.01",TRUE,0.0181256125912152,-0.0109225700413438,0.0107101427033885,-0.00350710015351705,0.00741546988782672,0.264717693980842
"bivt",0.005,1000,"0.05",TRUE,0.0132506188180142,-0.0101670228936023,0.00583514893018747,-0.00275155300577558,0.00741546988782672,0.293132883688269
"bivt",0.005,1000,"0.1",TRUE,0.012244095251765,-0.0100417838270135,0.0048286253639383,-0.00262631393918675,0.00741546988782672,0.293132883688269
"bivt",0.005,1000,"0.01",TRUE,0.0153441378062159,-0.010466333006258,0.00792866791838918,-0.00305086311843124,0.00741546988782672,0.293132883688269
"bivt",0.005,1000,"0.05",TRUE,0.00897897764124145,-0.00652574536536994,0.00514382268948494,-0.00269059041361343,0.00383515495175651,0.331785445657468
"bivt",0.005,1000,"0.1",TRUE,0.00854290784003366,-0.0062112679319694,0.00470775288827715,-0.00237611298021289,0.00383515495175651,0.331785445657468
"bivt",0.005,1000,"0.01",TRUE,0.0101104085804775,-0.00698967894734141,0.00627525362872103,-0.00315452399558491,0.00383515495175651,0.331785445657468
"bivt",0.005,1000,"0.05",TRUE,0.0147046225726557,-0.00957929390988232,0.00809276874479918,-0.00296744008202583,0.00661185382785649,0.216605842076606
"bivt",0.005,1000,"0.1",TRUE,0.0130149519449111,-0.00940297258531445,0.00640309811705458,-0.00279111875745796,0.00661185382785649,0.216605842076606
"bivt",0.005,1000,"0.01",TRUE,0.017715582444707,-0.00992116382757281,0.0111037286168505,-0.00330930999971633,0.00661185382785649,0.216605842076606
"bivt",0.005,1000,"0.05",TRUE,0.0187057913311072,-0.0123807126156768,0.00968308932334004,-0.0033580106079096,0.00902270200776718,0.245527133013889
"bivt",0.005,1000,"0.1",TRUE,0.0167613012053868,-0.0120113772660497,0.0077385991976196,-0.00298867525828257,0.00902270200776718,0.245527133013889
"bivt",0.005,1000,"0.01",TRUE,0.0232741687838936,-0.0130199031911255,0.0142514667761265,-0.00399720118335831,0.00902270200776718,0.245527133013889
"bivt",0.005,1000,"0.05",TRUE,0.017082906002132,-0.0112120125836451,0.00886382005433502,-0.00299292663584819,0.00821908594779695,0.264463199225049
"bivt",0.005,1000,"0.1",TRUE,0.0150939726369416,-0.0109790347234765,0.00687488668914469,-0.00275994877567957,0.00821908594779695,0.264463199225049
"bivt",0.005,1000,"0.01",TRUE,0.0196195124305068,-0.0114747076036063,0.0114004264827099,-0.00325562165580935,0.00821908594779695,0.264463199225049
"bivt",0.005,1000,"0.05",TRUE,0.00905988452663302,-0.00677220697415038,0.00566249493865746,-0.00337481738617481,0.00339738958797557,0.282739190214693
"bivt",0.005,1000,"0.1",TRUE,0.00870399778489803,-0.00645357968288018,0.00530660819692247,-0.00305619009490462,0.00339738958797557,0.282739190214693
"bivt",0.005,1000,"0.01",TRUE,0.0106871996921198,-0.00699285330315626,0.00728981010414423,-0.00359546371518069,0.00339738958797557,0.282739190214693
"bivt",0.005,1000,"0.05",TRUE,0.00521272319459883,-0.00455921473773219,0.00298480036278278,-0.00233129190591614,0.00222792283181605,0.400781387214301
"bivt",0.005,1000,"0.1",TRUE,0.00489779623296265,-0.00434418725858636,0.0026698734011466,-0.00211626442677032,0.00222792283181605,0.400781387214301
"bivt",0.005,1000,"0.01",TRUE,0.00592956113422216,-0.00467625318427582,0.00370163830240611,-0.00244833035245978,0.00222792283181605,0.400781387214301
"bivt",0.005,1000,"0.05",TRUE,0.0113520364802128,-0.00838760916663069,0.00554379871232655,-0.00257937139874444,0.00580823776788626,0.30226316766199
"bivt",0.005,1000,"0.1",TRUE,0.0109989083925784,-0.00822779161801141,0.0051906706246921,-0.00241955385012516,0.00580823776788626,0.30226316766199
"bivt",0.005,1000,"0.01",TRUE,0.0142889851588672,-0.00883683503145686,0.00848074739098096,-0.0030285972635706,0.00580823776788626,0.30226316766199
"bivt",0.005,1000,"0.05",TRUE,0.0071482626637664,-0.00561957814074841,0.00375087307579083,-0.00222218855277284,0.00339738958797557,0.325299388136762
"bivt",0.005,1000,"0.1",TRUE,0.00637407279549298,-0.00542935323454684,0.00297668320751742,-0.00203196364657128,0.00339738958797557,0.325299388136762
"bivt",0.005,1000,"0.01",TRUE,0.00826696558930485,-0.00611323694881927,0.00486957600132928,-0.00271584736084371,0.00339738958797557,0.325299388136762
"bivt",0.005,1000,"0.05",TRUE,0.0239005454913035,-0.0132686776184015,0.0140742274235661,-0.00344235955066409,0.00982631806773741,0.206778795791971
"bivt",0.005,1000,"0.1",TRUE,0.0176135020548979,-0.0130840897605542,0.00778718398716045,-0.00325777169281679,0.00982631806773741,0.206778795791971
"bivt",0.005,1000,"0.01",TRUE,0.0269527722821351,-0.0136247227950693,0.0171264542143977,-0.00379840472733191,0.00982631806773741,0.206778795791971
"bivt",0.005,1000,"0.05",TRUE,0.00904438809075644,-0.00660899313253588,0.00484338244281065,-0.00240798748459008,0.0042010056479458,0.309042223560328
"bivt",0.005,1000,"0.1",TRUE,0.00846763546080305,-0.00642852054318653,0.00426662981285725,-0.00222751489524073,0.0042010056479458,0.309042223560328
"bivt",0.005,1000,"0.01",TRUE,0.0110799055502028,-0.00701523394777421,0.00687889990225705,-0.00281422829982841,0.0042010056479458,0.309042223560328
"bivt",0.005,1000,"0.05",TRUE,0.00819583949634104,-0.0066828691510481,0.00436068454458453,-0.0028477141992916,0.00383515495175651,0.26656655963577
"bivt",0.005,1000,"0.1",TRUE,0.00771754977315312,-0.00628103303414787,0.00388239482139661,-0.00244587808239136,0.00383515495175651,0.26656655963577
"bivt",0.005,1000,"0.01",TRUE,0.00970336649746544,-0.00702190187764562,0.00586821154570894,-0.00318674692588911,0.00383515495175651,0.26656655963577
"bivt",0.005,1000,"0.05",TRUE,0.0170540785641216,-0.012216796288118,0.00803137655635441,-0.00319409428035085,0.00902270200776718,0.281051232043232
"bivt",0.005,1000,"0.1",TRUE,0.0148189992052491,-0.0119954614068947,0.00579629719748189,-0.00297275939912751,0.00902270200776718,0.281051232043232
"bivt",0.005,1000,"0.01",TRUE,0.019943867259016,-0.0125273186587629,0.0109211652512489,-0.00350461665099569,0.00902270200776718,0.281051232043232
"bivt",0.005,1000,"0.05",TRUE,0.0089172398200859,-0.00585323022039075,0.00551985023211033,-0.00245584063241518,0.00339738958797557,0.348874420788019
"bivt",0.005,1000,"0.1",TRUE,0.00769215325135674,-0.00571909927138255,0.00429476366338118,-0.00232170968340698,0.00339738958797557,0.348874420788019
"bivt",0.005,1000,"0.01",TRUE,0.00995549345476068,-0.00623155830889164,0.00655810386678511,-0.00283416872091608,0.00339738958797557,0.348874420788019
"bivt",0.005,1000,"0.05",TRUE,0.0127424726327785,-0.00956484093977615,0.00613061880492204,-0.00295298711191966,0.00661185382785649,0.295200209124262
"bivt",0.005,1000,"0.1",TRUE,0.0121198505587699,-0.00922286511665388,0.00550799673091337,-0.0026110112887974,0.00661185382785649,0.295200209124262
"bivt",0.005,1000,"0.01",TRUE,0.0162856088483539,-0.00981844256298875,0.00967375502049743,-0.00320658873513226,0.00661185382785649,0.295200209124262
"bivt",0.005,1000,"0.05",TRUE,0.0111808297714227,-0.00793340525158625,0.00617620806350665,-0.00292878354367022,0.00500462170791603,0.226536765228692
"bivt",0.005,1000,"0.1",TRUE,0.0100476096930125,-0.00775566614356921,0.00504298798509643,-0.00275104443565318,0.00500462170791603,0.226536765228692
"bivt",0.005,1000,"0.01",TRUE,0.0120129997165385,-0.00822070358794716,0.00700837800862247,-0.00321608188003113,0.00500462170791603,0.226536765228692
"bivt",0.005,1000,"0.05",TRUE,0.00785913297170005,-0.00587555931056931,0.00446174338372448,-0.00247816972259374,0.00339738958797557,0.2776751774462
"bivt",0.005,1000,"0.1",TRUE,0.00717607099069704,-0.00575439612249885,0.00377868140272147,-0.00235700653452328,0.00339738958797557,0.2776751774462
"bivt",0.005,1000,"0.01",TRUE,0.00887290520629594,-0.0062275387136415,0.00547551561832037,-0.00283014912566593,0.00339738958797557,0.2776751774462
"bivt",0.005,1000,"0.05",TRUE,0.00604267725383296,-0.00467111812835008,0.00344890372582762,-0.00207734460034474,0.00259377352800534,0.366205572699746
"bivt",0.005,1000,"0.1",TRUE,0.00554253081853699,-0.00452519109842571,0.00294875729053166,-0.00193141757042037,0.00259377352800534,0.366205572699746
"bivt",0.005,1000,"0.01",TRUE,0.00704156843007896,-0.00490206247807764,0.00444779490207363,-0.0023082889500723,0.00259377352800534,0.366205572699746
"bivt",0.005,1000,"0.05",TRUE,0.00653328531090866,-0.00475079504025028,0.00393951178290333,-0.00215702151224495,0.00259377352800534,0.34693023867275
"bivt",0.005,1000,"0.1",TRUE,0.00558727685150589,-0.00460314767278553,0.00299350332350056,-0.0020093741447802,0.00259377352800534,0.34693023867275
"bivt",0.005,1000,"0.01",TRUE,0.00766741790709842,-0.00496335206038147,0.00507364437909308,-0.00236957853237614,0.00259377352800534,0.34693023867275
"bivt",0.005,1000,"0.05",TRUE,0.00870512120767984,-0.0064592358745693,0.00486996625592333,-0.0026240809228128,0.00383515495175651,0.283504811331339
"bivt",0.005,1000,"0.1",TRUE,0.00793656420511927,-0.00629594335503061,0.00410140925336277,-0.0024607884032741,0.00383515495175651,0.283504811331339
"bivt",0.005,1000,"0.01",TRUE,0.0106867913519168,-0.00691559560236785,0.00685163640016026,-0.00308044065061135,0.00383515495175651,0.283504811331339
"bivt",0.005,1000,"0.05",TRUE,0.0222675025782728,-0.0149372628019094,0.0116375684505652,-0.00430732867420181,0.0106299341277076,0.2129385968673
"bivt",0.005,1000,"0.1",TRUE,0.0200253631524358,-0.0148691596670701,0.00939542902472813,-0.00423922553936246,0.0106299341277076,0.2129385968673
"bivt",0.005,1000,"0.01",TRUE,0.0270839083181978,-0.0151991318042317,0.0164539741904902,-0.00456919767652404,0.0106299341277076,0.2129385968673
"bivt",0.005,1000,"0.05",TRUE,0.0176365541672103,-0.011418759448903,0.00941746821941338,-0.00319967350110607,0.00821908594779695,0.268818247807876
"bivt",0.005,1000,"0.1",TRUE,0.0148670616402486,-0.0111562744548679,0.00664797569245165,-0.00293718850707098,0.00821908594779695,0.268818247807876
"bivt",0.005,1000,"0.01",TRUE,0.0194306196286324,-0.0120218889931805,0.0112115336808355,-0.00380280304538357,0.00821908594779695,0.268818247807876
"bivt",0.005,1000,"0.05",TRUE,0.00970579244373627,-0.00697150298802203,0.00550478679579048,-0.00277049734007624,0.0042010056479458,0.25859808665746
"bivt",0.005,1000,"0.1",TRUE,0.00922551398267912,-0.00673780072189483,0.00502450833473332,-0.00253679507394903,0.0042010056479458,0.25859808665746
"bivt",0.005,1000,"0.01",TRUE,0.0114728220092003,-0.0073413292168004,0.00727181636125454,-0.0031403235688546,0.0042010056479458,0.25859808665746
"bivt",0.005,1000,"0.05",TRUE,0.00700364618272627,-0.0060154178165136,0.00360625659475071,-0.00261802822853803,0.00339738958797557,0.314027079677584
"bivt",0.005,1000,"0.1",TRUE,0.00658063195133697,-0.00587526321386764,0.0031832423633614,-0.00247787362589208,0.00339738958797557,0.314027079677584
"bivt",0.005,1000,"0.01",TRUE,0.00810946514952425,-0.00629786466379889,0.00471207556154868,-0.00290047507582332,0.00339738958797557,0.314027079677584
"bivt",0.005,1000,"0.05",TRUE,0.0160558079368319,-0.0122361045807951,0.00783672198903491,-0.00401701863299814,0.00821908594779695,0.230441523029606
"bivt",0.005,1000,"0.1",TRUE,0.0155629443852453,-0.0121724126353112,0.00734385843744832,-0.00395332668751424,0.00821908594779695,0.230441523029606
"bivt",0.005,1000,"0.01",TRUE,0.0205359235427588,-0.0127883517133585,0.0123168375949618,-0.0045692657655615,0.00821908594779695,0.230441523029606
"bivt",0.005,1000,"0.05",TRUE,0.0103545437130522,-0.00862617956974861,0.00454630594516591,-0.00281794180186235,0.00580823776788626,0.344047186197883
"bivt",0.005,1000,"0.1",TRUE,0.0100446715313888,-0.00829002267583739,0.00423643376350253,-0.00248178490795113,0.00580823776788626,0.344047186197883
"bivt",0.005,1000,"0.01",TRUE,0.0139065612553521,-0.00889380485826358,0.00809832348746584,-0.00308556709037732,0.00580823776788626,0.344047186197883
"bivt",0.005,1000,"0.05",TRUE,0.0148799374776227,-0.0103389573751289,0.00746446758979602,-0.00292348748730221,0.00741546988782672,0.249065499175002
"bivt",0.005,1000,"0.1",TRUE,0.0138539743839157,-0.0101358396687631,0.00643850449608895,-0.00272036978093637,0.00741546988782672,0.249065499175002
"bivt",0.005,1000,"0.01",TRUE,0.0177618740000516,-0.0106421032647684,0.0103464041122249,-0.00322663337694171,0.00741546988782672,0.249065499175002
"bivt",0.005,1000,"0.05",TRUE,0.00636622475215962,-0.00474091844115529,0.00377245122415428,-0.00214714491314995,0.00259377352800534,0.295192789087253
"bivt",0.005,1000,"0.1",TRUE,0.00556068832925512,-0.00452410259837471,0.00296691480124979,-0.00193032907036937,0.00259377352800534,0.295192789087253
"bivt",0.005,1000,"0.01",TRUE,0.00839570613960601,-0.00508817751401584,0.00580193261160068,-0.00249440398601051,0.00259377352800534,0.295192789087253
"bivt",0.005,1000,"0.05",TRUE,0.00554266525613654,-0.00434464578806091,0.0033147424243205,-0.00211672295624487,0.00222792283181605,0.339868569446901
"bivt",0.005,1000,"0.1",TRUE,0.00533007927990183,-0.0041716142798286,0.00310215644808579,-0.00194369144801255,0.00222792283181605,0.339868569446901
"bivt",0.005,1000,"0.01",TRUE,0.00638131263450759,-0.00467635386777037,0.00415338980269154,-0.00244843103595433,0.00222792283181605,0.339868569446901
"bivt",0.005,1000,"0.05",TRUE,0.0103934589126313,-0.0079058488657971,0.00538883720471525,-0.00290122715788107,0.00500462170791603,0.24628700207882
"bivt",0.005,1000,"0.1",TRUE,0.00946045070607323,-0.00784876863156286,0.0044558289981572,-0.00284414692364684,0.00500462170791603,0.24628700207882
"bivt",0.005,1000,"0.01",TRUE,0.0121347716170116,-0.00818208945100188,0.0071301499090956,-0.00317746774308586,0.00500462170791603,0.24628700207882
"bivt",0.005,1000,"0.05",TRUE,0.00776960614705968,-0.00678448658658119,0.00356860049911389,-0.00258348093863539,0.0042010056479458,0.352136668097032
"bivt",0.005,1000,"0.1",TRUE,0.00730349923611278,-0.0066666738540483,0.00310249358816699,-0.0024656682061025,0.0042010056479458,0.352136668097032
"bivt",0.005,1000,"0.01",TRUE,0.00938170388534594,-0.00696333487311036,0.00518069823740015,-0.00276232922516457,0.0042010056479458,0.352136668097032
"bivt",0.005,1000,"0.05",TRUE,0.00977958015583917,-0.00699233510263711,0.00557857450789338,-0.00279132945469131,0.0042010056479458,0.281576800858425
"bivt",0.005,1000,"0.1",TRUE,0.00907503673456826,-0.00676143184404384,0.00487403108662246,-0.00256042619609805,0.0042010056479458,0.281576800858425
"bivt",0.005,1000,"0.01",TRUE,0.0115733242302938,-0.00731384119023034,0.00737231858234797,-0.00311283554228454,0.0042010056479458,0.281576800858425
"bivt",0.005,1000,"0.05",TRUE,0.00742607401579849,-0.00564794928819045,0.00439453512401222,-0.00261641039640417,0.00303153889178628,0.291250867581338
"bivt",0.005,1000,"0.1",TRUE,0.00696536764361383,-0.00549370055515191,0.00393382875182755,-0.00246216166336563,0.00303153889178628,0.291250867581338
"bivt",0.005,1000,"0.01",TRUE,0.00840497872659352,-0.00615601010844834,0.00537343983480725,-0.00312447121666207,0.00303153889178628,0.291250867581338
"bivt",0.005,1000,"0.05",TRUE,0.0102611189409979,-0.00653512176538136,0.00606011329305212,-0.00233411611743556,0.0042010056479458,0.33100551976797
"bivt",0.005,1000,"0.1",TRUE,0.00856970499520301,-0.0063307010402063,0.00436869934725722,-0.0021296953922605,0.0042010056479458,0.33100551976797
"bivt",0.005,1000,"0.01",TRUE,0.0117144345601933,-0.00688278448746267,0.00751342891224747,-0.00268177883951687,0.0042010056479458,0.33100551976797
"bivt",0.005,1000,"0.05",TRUE,0.0101064832701614,-0.00712190401300224,0.00590547762221563,-0.00292089836505644,0.0042010056479458,0.235021759907278
"bivt",0.005,1000,"0.1",TRUE,0.00919956929420907,-0.00690837962421114,0.00499856364626327,-0.00270737397626534,0.0042010056479458,0.235021759907278
"bivt",0.005,1000,"0.01",TRUE,0.0116963412611563,-0.00763430506271927,0.00749533561321049,-0.00343329941477347,0.0042010056479458,0.235021759907278
"bivt",0.005,1000,"0.05",TRUE,0.0216825494367617,-0.0139479298924153,0.0118562313690243,-0.00412161182467794,0.00982631806773741,0.20819990076973
"bivt",0.005,1000,"0.1",TRUE,0.0199394289246013,-0.0138107080602019,0.0101131108568639,-0.00398438999246453,0.00982631806773741,0.20819990076973
"bivt",0.005,1000,"0.01",TRUE,0.0275163797860769,-0.01441300832849,0.0176900617183395,-0.00458669026075257,0.00982631806773741,0.20819990076973
"bivt",0.005,1000,"0.05",TRUE,0.0151989494789189,-0.0114301768434052,0.00697986353112191,-0.00321109089560823,0.00821908594779695,0.266327635478457
"bivt",0.005,1000,"0.1",TRUE,0.0143329825295376,-0.0112497481501541,0.00611389658174063,-0.00303066220235711,0.00821908594779695,0.266327635478457
"bivt",0.005,1000,"0.01",TRUE,0.0195199760375027,-0.0117680552879678,0.0113008900897058,-0.00354896934017081,0.00821908594779695,0.266327635478457
"bivt",0.005,1000,"0.05",TRUE,0.00758855222706819,-0.00658303453188265,0.00375339727531168,-0.00274787958012614,0.00383515495175651,0.296800114486047
"bivt",0.005,1000,"0.1",TRUE,0.00720703804916034,-0.00632287229526382,0.00337188309740383,-0.00248771734350731,0.00383515495175651,0.296800114486047
"bivt",0.005,1000,"0.01",TRUE,0.00827558889401457,-0.00691297725374073,0.00444043394225806,-0.00307782230198423,0.00383515495175651,0.296800114486047
"bivt",0.005,1000,"0.05",TRUE,0.0210190417697456,-0.0148639440766034,0.010389107642038,-0.00423400994889578,0.0106299341277076,0.237102531649701
"bivt",0.005,1000,"0.1",TRUE,0.0191074980439687,-0.0147324490826106,0.00847756391626105,-0.00410251495490294,0.0106299341277076,0.237102531649701
"bivt",0.005,1000,"0.01",TRUE,0.0232419778289426,-0.0151526428579362,0.012612043701235,-0.00452270873022855,0.0106299341277076,0.237102531649701
"bivt",0.005,1000,"0.05",TRUE,0.0162230029164204,-0.0117243370026839,0.00800391696862344,-0.00350525105488698,0.00821908594779695,0.271356187404546
"bivt",0.005,1000,"0.1",TRUE,0.0153214026059042,-0.0114974439196499,0.00710231665810729,-0.00327835797185299,0.00821908594779695,0.271356187404546
"bivt",0.005,1000,"0.01",TRUE,0.022470153137834,-0.0120974042309007,0.0142510671900371,-0.00387831828310375,0.00821908594779695,0.271356187404546
"bivt",0.005,1000,"0.05",TRUE,0.0190453186511826,-0.0130486701598197,0.0100226166434154,-0.00402596815205252,0.00902270200776718,0.193871301731326
"bivt",0.005,1000,"0.1",TRUE,0.0176466807465245,-0.0128645007374385,0.0086239787387573,-0.00384179872967128,0.00902270200776718,0.193871301731326
"bivt",0.005,1000,"0.01",TRUE,0.0232339895072109,-0.0137131687405772,0.0142112874994437,-0.00469046673280998,0.00902270200776718,0.193871301731326
"bivt",0.005,1000,"0.05",TRUE,0.00968492216395672,-0.00697011254473418,0.00548391651601092,-0.00276910689678838,0.0042010056479458,0.276946289248397
"bivt",0.005,1000,"0.1",TRUE,0.00879047313148278,-0.00675844697381464,0.00458946748353699,-0.00255744132586885,0.0042010056479458,0.276946289248397
"bivt",0.005,1000,"0.01",TRUE,0.0127381525043916,-0.0072771366539148,0.00853714685644585,-0.00307613100596901,0.0042010056479458,0.276946289248397
"bivt",0.005,1000,"0.05",TRUE,0.0149536436615255,-0.0110284418589099,0.0075381737736988,-0.0036129719710832,0.00741546988782672,0.196204442335816
"bivt",0.005,1000,"0.1",TRUE,0.0140990177157103,-0.0106884722609832,0.00668354782788359,-0.00327300237315647,0.00741546988782672,0.196204442335816
"bivt",0.005,1000,"0.01",TRUE,0.0157600910325841,-0.0114347581136297,0.00834462114475734,-0.00401928822580296,0.00741546988782672,0.196204442335816
"bivt",0.005,1000,"0.05",TRUE,0.00716310337905128,-0.00586673578940137,0.00376571379107572,-0.00246934620142581,0.00339738958797557,0.274516475118375
"bivt",0.005,1000,"0.1",TRUE,0.00686022868382562,-0.00578795033970827,0.00346283909585006,-0.0023905607517327,0.00339738958797557,0.274516475118375
"bivt",0.005,1000,"0.01",TRUE,0.00840466152037593,-0.00623554226917984,0.00500727193240037,-0.00283815268120427,0.00339738958797557,0.274516475118375
"bivt",0.005,1000,"0.05",TRUE,0.00798255101345898,-0.00568270351984379,0.00458516142548341,-0.00228531393186823,0.00339738958797557,0.328181720046276
"bivt",0.005,1000,"0.1",TRUE,0.00720791691021784,-0.00554514864344904,0.00381052732224227,-0.00214775905547348,0.00339738958797557,0.328181720046276
"bivt",0.005,1000,"0.01",TRUE,0.00896899889999458,-0.00600035578748601,0.00557160931201902,-0.00260296619951044,0.00339738958797557,0.328181720046276
"bivt",0.005,1000,"0.05",TRUE,0.00571569836803099,-0.00470130703797132,0.00348777553621495,-0.00247338420615527,0.00222792283181605,0.317468191034722
"bivt",0.005,1000,"0.1",TRUE,0.00513891542321609,-0.00456509481507124,0.00291099259140004,-0.00233717198325519,0.00222792283181605,0.317468191034722
"bivt",0.005,1000,"0.01",TRUE,0.00630941603687257,-0.00496788978802513,0.00408149320505652,-0.00273996695620908,0.00222792283181605,0.317468191034722
"bivt",0.005,1000,"0.05",TRUE,0.00886791621255793,-0.00708659311684366,0.0038632945046419,-0.00208197140892763,0.00500462170791603,0.315171531134672
"bivt",0.005,1000,"0.1",TRUE,0.00854045312675187,-0.00686558017371388,0.00353583141883584,-0.00186095846579785,0.00500462170791603,0.315171531134672
"bivt",0.005,1000,"0.01",TRUE,0.00949950674593337,-0.00743975281662859,0.00449488503801735,-0.00243513110871256,0.00500462170791603,0.315171531134672
"bivt",0.005,1000,"0.05",TRUE,0.00614359753951413,-0.00444501617325304,0.00435344007147902,-0.00265485870521794,0.00179015746803511,0.329971832516945
"bivt",0.005,1000,"0.1",TRUE,0.00541686316856623,-0.00420445987338999,0.00362670570053113,-0.00241430240535489,0.00179015746803511,0.329971832516945
"bivt",0.005,1000,"0.01",TRUE,0.00740565821460335,-0.00464840422305985,0.00561550074656825,-0.00285824675502475,0.00179015746803511,0.329971832516945
"bivt",0.005,1000,"0.05",TRUE,0.0117531199135708,-0.00816845245881515,0.00594488214568455,-0.00236021469092889,0.00580823776788626,0.302428503896491
"bivt",0.005,1000,"0.1",TRUE,0.0102717583715115,-0.00798354766057645,0.00446352060362529,-0.00217530989269019,0.00580823776788626,0.302428503896491
"bivt",0.005,1000,"0.01",TRUE,0.0128487937294091,-0.0086702560182575,0.00704055596152283,-0.00286201825037124,0.00580823776788626,0.302428503896491
"bivt",0.005,1000,"0.05",TRUE,0.013321055067463,-0.00941968862899058,0.00670920123960655,-0.00280783480113409,0.00661185382785649,0.23045228108769
"bivt",0.005,1000,"0.1",TRUE,0.0120980780556648,-0.00930003843309254,0.00548622422780834,-0.00268818460523605,0.00661185382785649,0.23045228108769
"bivt",0.005,1000,"0.01",TRUE,0.0183666340866338,-0.00999345912852849,0.0117547802587773,-0.003381605300672,0.00661185382785649,0.23045228108769
"bivt",0.005,1000,"0.05",TRUE,0.00950961459666864,-0.007290969403526,0.00487084358494191,-0.00265219839179927,0.00463877101172674,0.283928129281
"bivt",0.005,1000,"0.1",TRUE,0.00870149078436709,-0.00710619668402915,0.00406271977264036,-0.00246742567230241,0.00463877101172674,0.283928129281
"bivt",0.005,1000,"0.01",TRUE,0.0105811937218461,-0.00769256952696228,0.0059424227101194,-0.00305379851523555,0.00463877101172674,0.283928129281
"bivt",0.005,1000,"0.05",TRUE,0.0104499767904762,-0.00853893739671914,0.00464173902258998,-0.00273069962883289,0.00580823776788626,0.3119026289784
"bivt",0.005,1000,"0.1",TRUE,0.00966790857868106,-0.008349617998862,0.00385967081079481,-0.00254138023097574,0.00580823776788626,0.3119026289784
"bivt",0.005,1000,"0.01",TRUE,0.0123566549795323,-0.00892251591365556,0.00654841721164606,-0.00311427814576931,0.00580823776788626,0.3119026289784
"bivt",0.005,1000,"0.05",TRUE,0.0187101285973765,-0.0130317672056494,0.00968742658960929,-0.00400906519788222,0.00902270200776718,0.209843680629118
"bivt",0.005,1000,"0.1",TRUE,0.0176778608082261,-0.0129016446558968,0.00865515880045893,-0.00387894264812964,0.00902270200776718,0.209843680629118
"bivt",0.005,1000,"0.01",TRUE,0.0224200559579497,-0.0133591489463605,0.0133973539501825,-0.0043364469385933,0.00902270200776718,0.209843680629118
"bivt",0.005,1000,"0.05",TRUE,0.0129805729027892,-0.00934187858682182,0.00636871907493272,-0.00273002475896534,0.00661185382785649,0.280114635638364
"bivt",0.005,1000,"0.1",TRUE,0.0118453435204202,-0.00922725912025071,0.00523348969256369,-0.00261540529239422,0.00661185382785649,0.280114635638364
"bivt",0.005,1000,"0.01",TRUE,0.0146962918736414,-0.00953901428724741,0.0080844380457849,-0.00292716045939093,0.00661185382785649,0.280114635638364
"bivt",0.005,1000,"0.05",TRUE,0.00864913001470177,-0.00582530120652845,0.0052517404267262,-0.00242791161855289,0.00339738958797557,0.289683752217234
"bivt",0.005,1000,"0.1",TRUE,0.0074196580973906,-0.00560944495325569,0.00402226850941504,-0.00221205536528013,0.00339738958797557,0.289683752217234
"bivt",0.005,1000,"0.01",TRUE,0.00979254847881577,-0.00628804236527083,0.0063951588908402,-0.00289065277729526,0.00339738958797557,0.289683752217234
"bivt",0.005,1000,"0.05",TRUE,0.00942968655544563,-0.00713522418882757,0.00522868090749984,-0.00293421854088178,0.0042010056479458,0.266490899620836
"bivt",0.005,1000,"0.1",TRUE,0.00909734255366751,-0.00697891237406296,0.00489633690572171,-0.00277790672611716,0.0042010056479458,0.266490899620836
"bivt",0.005,1000,"0.01",TRUE,0.0105070265756797,-0.00760587407486948,0.00630602092773387,-0.00340486842692369,0.0042010056479458,0.266490899620836
"bivt",0.005,1000,"0.05",TRUE,0.0161316900901527,-0.0115240296192163,0.00791260414235578,-0.0033049436714194,0.00821908594779695,0.224740094867517
"bivt",0.005,1000,"0.1",TRUE,0.0148204670563841,-0.0113596713837811,0.0066013811085871,-0.00314058543598417,0.00821908594779695,0.224740094867517
"bivt",0.005,1000,"0.01",TRUE,0.0194866285928024,-0.0118973351466151,0.0112675426450055,-0.00367824919881813,0.00821908594779695,0.224740094867517
"bivt",0.005,1000,"0.05",TRUE,0.00942722997812134,-0.0070059909159259,0.00522622433017555,-0.0028049852679801,0.0042010056479458,0.259747493177367
"bivt",0.005,1000,"0.1",TRUE,0.00908992080563593,-0.00677891906031945,0.00488891515769013,-0.00257791341237365,0.0042010056479458,0.259747493177367
"bivt",0.005,1000,"0.01",TRUE,0.0111896789249413,-0.00721717239057752,0.00698867327699549,-0.00301616674263172,0.0042010056479458,0.259747493177367
"bivt",0.005,1000,"0.05",TRUE,0.0078242225445784,-0.00583981309781379,0.00442683295660283,-0.00244242350983823,0.00339738958797557,0.288360307160371
"bivt",0.005,1000,"0.1",TRUE,0.00744649106369975,-0.00567837111874125,0.00404910147572419,-0.00228098153076569,0.00339738958797557,0.288360307160371
"bivt",0.005,1000,"0.01",TRUE,0.00903097911414888,-0.00611749986437703,0.00563358952617331,-0.00272011027640146,0.00339738958797557,0.288360307160371
"bivt",0.005,1000,"0.05",TRUE,0.0054120522421209,-0.00414778769448936,0.00318412941030485,-0.00191986486267332,0.00222792283181605,0.332582140024042
"bivt",0.005,1000,"0.1",TRUE,0.00484984055505543,-0.00401065011141334,0.00262191772323938,-0.0017827272795973,0.00222792283181605,0.332582140024042
"bivt",0.005,1000,"0.01",TRUE,0.00619196592655728,-0.00447469497813167,0.00396404309474124,-0.00224677214631562,0.00222792283181605,0.332582140024042
"bivt",0.005,1000,"0.05",TRUE,0.0151796509369679,-0.0108326821954268,0.00776418104914115,-0.00341721230760011,0.00741546988782672,0.235927410640001
"bivt",0.005,1000,"0.1",TRUE,0.0143147670282891,-0.0105830266145129,0.00689929714046239,-0.00316755672668614,0.00741546988782672,0.235927410640001
"bivt",0.005,1000,"0.01",TRUE,0.018969613256853,-0.0110998029040258,0.0115541433690262,-0.00368433301619911,0.00741546988782672,0.235927410640001
"bivt",0.005,1000,"0.05",TRUE,0.0124459906003546,-0.00811972789865379,0.00663775283246836,-0.00231149013076753,0.00580823776788626,0.307543349712419
"bivt",0.005,1000,"0.1",TRUE,0.0113247590301558,-0.00792622277714607,0.00551652126226955,-0.00211798500925981,0.00580823776788626,0.307543349712419
"bivt",0.005,1000,"0.01",TRUE,0.0143308552940342,-0.00833408788418786,0.00852261752614797,-0.0025258501163016,0.00580823776788626,0.307543349712419
"bivt",0.005,1000,"0.05",TRUE,0.00946183777576972,-0.00693118926912698,0.00526083212782392,-0.00273018362118119,0.0042010056479458,0.301514744387259
"bivt",0.005,1000,"0.1",TRUE,0.00804601644260516,-0.00661921821215956,0.00384501079465936,-0.00241821256421376,0.0042010056479458,0.301514744387259
"bivt",0.005,1000,"0.01",TRUE,0.0113396461173094,-0.00740863379299811,0.00713864046936363,-0.00320762814505231,0.0042010056479458,0.301514744387259
"bivt",0.005,1000,"0.05",TRUE,0.00588949773037775,-0.0049072244465447,0.00329572420237242,-0.00231345091853936,0.00259377352800534,0.408844603341007
"bivt",0.005,1000,"0.1",TRUE,0.00553114054487479,-0.00455469328997763,0.00293736701686945,-0.00196091976197229,0.00259377352800534,0.408844603341007
"bivt",0.005,1000,"0.01",TRUE,0.00759244519702279,-0.00520156549131216,0.00499867166901745,-0.00260779196330682,0.00259377352800534,0.408844603341007
"bivt",0.005,1000,"0.05",TRUE,0.00725497281672786,-0.00561383339746682,0.00385758322875229,-0.00221644380949125,0.00339738958797557,0.336507983569429
"bivt",0.005,1000,"0.1",TRUE,0.00676202458678461,-0.00552064648733939,0.00336463499880905,-0.00212325689936383,0.00339738958797557,0.336507983569429
"bivt",0.005,1000,"0.01",TRUE,0.00834130284527843,-0.00596945415054169,0.00494391325730286,-0.00257206456256613,0.00339738958797557,0.336507983569429
"bivt",0.005,1000,"0.05",TRUE,0.0104887506736416,-0.00780264796324521,0.00548412896572556,-0.00279802625532918,0.00500462170791603,0.280479117604137
"bivt",0.005,1000,"0.1",TRUE,0.00949956420592506,-0.00766007060356247,0.00449494249800904,-0.00265544889564644,0.00500462170791603,0.280479117604137
"bivt",0.005,1000,"0.01",TRUE,0.0135643458133991,-0.00820241581978201,0.00855972410548311,-0.00319779411186598,0.00500462170791603,0.280479117604137
"bivt",0.005,1000,"0.05",TRUE,0.012255222486454,-0.0085415352771205,0.00644698471856774,-0.00273329750923424,0.00580823776788626,0.286720551950758
"bivt",0.005,1000,"0.1",TRUE,0.0104854077537798,-0.00829677450378671,0.0046771699858935,-0.00248853673590046,0.00580823776788626,0.286720551950758
"bivt",0.005,1000,"0.01",TRUE,0.0140846697011134,-0.00879979521962468,0.00827643193322716,-0.00299155745173842,0.00580823776788626,0.286720551950758
"bivt",0.005,1000,"0.05",TRUE,0.00625477640517664,-0.00519864902177731,0.00322323751339037,-0.00216711012999104,0.00303153889178628,0.363311020606852
"bivt",0.005,1000,"0.1",TRUE,0.00612605127854093,-0.00512370871871356,0.00309451238675466,-0.00209216982692729,0.00303153889178628,0.363311020606852
"bivt",0.005,1000,"0.01",TRUE,0.00750768144692007,-0.00544817019360192,0.00447614255513379,-0.00241663130181564,0.00303153889178628,0.363311020606852
"bivt",0.005,1000,"0.05",TRUE,0.00673750853817044,-0.00523498809215666,0.00370596964638417,-0.00220344920037038,0.00303153889178628,0.39609550304986
"bivt",0.005,1000,"0.1",TRUE,0.0059842792416049,-0.00498379431031567,0.00295274034981862,-0.00195225541852939,0.00303153889178628,0.39609550304986
"bivt",0.005,1000,"0.01",TRUE,0.00768775528026873,-0.00567715630803688,0.00465621638848245,-0.0026456174162506,0.00303153889178628,0.39609550304986
"bivt",0.005,1000,"0.05",TRUE,0.00722225367404434,-0.0051099637156731,0.00462848014603901,-0.00251619018766776,0.00259377352800534,0.288821107848493
"bivt",0.005,1000,"0.1",TRUE,0.00646028093648822,-0.00489898512500243,0.00386650740848288,-0.00230521159699709,0.00259377352800534,0.288821107848493
"bivt",0.005,1000,"0.01",TRUE,0.00895292572737499,-0.00544022404872493,0.00635915219936965,-0.00284645052071959,0.00259377352800534,0.288821107848493
"bivt",0.005,1000,"0.05",TRUE,0.0163903195588479,-0.0120414695614226,0.008171233611051,-0.00382238361362565,0.00821908594779695,0.219278982235954
"bivt",0.005,1000,"0.1",TRUE,0.0153889895230834,-0.0117027011793101,0.00716990357528647,-0.00348361523151311,0.00821908594779695,0.219278982235954
"bivt",0.005,1000,"0.01",TRUE,0.0199913061492865,-0.0127755758959823,0.0117722202014896,-0.00455648994818531,0.00821908594779695,0.219278982235954
"bivt",0.005,1000,"0.05",TRUE,0.0098461416912304,-0.00747185797645842,0.00484151998331437,-0.0024672362685424,0.00500462170791603,0.294682674777784
"bivt",0.005,1000,"0.1",TRUE,0.00909100490982711,-0.00726263848034791,0.00408638320191108,-0.00225801677243189,0.00500462170791603,0.294682674777784
"bivt",0.005,1000,"0.01",TRUE,0.0113216140327336,-0.00777035386110407,0.00631699232481753,-0.00276573215318804,0.00500462170791603,0.294682674777784
"bivt",0.005,1000,"0.05",TRUE,0.00636229472039191,-0.00441446391660641,0.0045721372523568,-0.0026243064485713,0.00179015746803511,0.290828133771331
"bivt",0.005,1000,"0.1",TRUE,0.00586348310192323,-0.00411308068647918,0.00407332563388813,-0.00232292321844407,0.00179015746803511,0.290828133771331
"bivt",0.005,1000,"0.01",TRUE,0.00711847523291088,-0.00512019115147307,0.00532831776487577,-0.00333003368343796,0.00179015746803511,0.290828133771331
"bivt",0.005,1000,"0.05",TRUE,0.00912722897876836,-0.00691442887805128,0.00492622333082257,-0.00271342323010548,0.0042010056479458,0.241717730518257
"bivt",0.005,1000,"0.1",TRUE,0.00852312939000474,-0.0066638979953163,0.00432212374205895,-0.00246289234737051,0.0042010056479458,0.241717730518257
"bivt",0.005,1000,"0.01",TRUE,0.0112471285140694,-0.00735152302154559,0.00704612286612364,-0.00315051737359979,0.0042010056479458,0.241717730518257
"bivt",0.005,1000,"0.05",TRUE,0.0102444743910129,-0.00774270571850631,0.00523985268309686,-0.00273808401059029,0.00500462170791603,0.291854239646935
"bivt",0.005,1000,"0.1",TRUE,0.00976458964815297,-0.00759439997001084,0.00475996794023694,-0.00258977826209482,0.00500462170791603,0.291854239646935
"bivt",0.005,1000,"0.01",TRUE,0.0127260599037457,-0.00808559233008966,0.00772143819582971,-0.00308097062217364,0.00500462170791603,0.291854239646935
"bivt",0.005,1000,"0.05",TRUE,0.00664200962575739,-0.00514822399590189,0.00404823609775206,-0.00255445046789655,0.00259377352800534,0.331004493306643
"bivt",0.005,1000,"0.1",TRUE,0.00628116584810294,-0.00500267648268193,0.0036873923200976,-0.0024089029546766,0.00259377352800534,0.331004493306643
"bivt",0.005,1000,"0.01",TRUE,0.0087426286495408,-0.00565766595776092,0.00614885512153546,-0.00306389242975558,0.00259377352800534,0.331004493306643
"bivt",0.005,1000,"0.05",TRUE,0.00982507625611558,-0.00700701064906666,0.00482045454819955,-0.00200238894115063,0.00500462170791603,0.326021112236118
"bivt",0.005,1000,"0.1",TRUE,0.00941355147490772,-0.00689842183758307,0.0044089297669917,-0.00189380012966704,0.00500462170791603,0.326021112236118
"bivt",0.005,1000,"0.01",TRUE,0.0122721471402282,-0.00737063144514831,0.00726752543231214,-0.00236600973723229,0.00500462170791603,0.326021112236118
"bivt",0.005,1000,"0.05",TRUE,0.010036392375359,-0.00746907685561018,0.00503177066744295,-0.00246445514769415,0.00500462170791603,0.369232226491788
"bivt",0.005,1000,"0.1",TRUE,0.009452574319225,-0.00736731021415219,0.00444795261130897,-0.00236268850623616,0.00500462170791603,0.369232226491788
"bivt",0.005,1000,"0.01",TRUE,0.0120425564722642,-0.00779771992425969,0.00703793476434812,-0.00279309821634367,0.00500462170791603,0.369232226491788
"bivt",0.005,1000,"0.05",TRUE,0.0138542201954545,-0.0079587664810565,0.00884959848753847,-0.00295414477314048,0.00500462170791603,0.31902415159399
"bivt",0.005,1000,"0.1",TRUE,0.0116757179188792,-0.00769655207780861,0.00667109621096318,-0.00269193036989258,0.00500462170791603,0.31902415159399
"bivt",0.005,1000,"0.01",TRUE,0.0139496307003647,-0.00827982371516056,0.00894500899244869,-0.00327520200724454,0.00500462170791603,0.31902415159399
"bivt",0.005,1000,"0.05",TRUE,0.0131355160348358,-0.00929371547622239,0.00732727826694956,-0.00348547770833613,0.00580823776788626,0.247982103425023
"bivt",0.005,1000,"0.1",TRUE,0.0123615290613286,-0.00905809178051995,0.00655329129344239,-0.00324985401263369,0.00580823776788626,0.247982103425023
"bivt",0.005,1000,"0.01",TRUE,0.0150926313246376,-0.0097992346639356,0.00928439355675132,-0.00399099689604934,0.00580823776788626,0.247982103425023
"bivt",0.005,1000,"0.05",TRUE,0.00749620413580082,-0.00653622312415903,0.00285743312407408,-0.00189745211243229,0.00463877101172674,0.368313765145762
"bivt",0.005,1000,"0.1",TRUE,0.00730142909138914,-0.00643017122605683,0.00266265807966241,-0.00179140021433009,0.00463877101172674,0.368313765145762
"bivt",0.005,1000,"0.01",TRUE,0.00864109547384329,-0.0068044357609998,0.00400232446211655,-0.00216566474927307,0.00463877101172674,0.368313765145762
"bivt",0.005,1000,"0.05",TRUE,0.00999095772823625,-0.00747072496084373,0.00578995208029046,-0.00326971931289794,0.0042010056479458,0.259347158455765
"bivt",0.005,1000,"0.1",TRUE,0.00914159529184762,-0.00730822653731244,0.00494058964390183,-0.00310722088936664,0.0042010056479458,0.259347158455765
"bivt",0.005,1000,"0.01",TRUE,0.0115147242999283,-0.00777720990492801,0.00731371865198251,-0.00357620425698221,0.0042010056479458,0.259347158455765
"bivt",0.005,1000,"0.05",TRUE,0.00959357915962088,-0.00703017489726403,0.00539257351167509,-0.00282916924931823,0.0042010056479458,0.288848404282245
"bivt",0.005,1000,"0.1",TRUE,0.00928160160069662,-0.00674279184158903,0.00508059595275083,-0.00254178619364323,0.0042010056479458,0.288848404282245
"bivt",0.005,1000,"0.01",TRUE,0.0106704383252815,-0.00720153088372287,0.00646943267733575,-0.00300052523577707,0.0042010056479458,0.288848404282245
"bivt",0.005,1000,"0.05",TRUE,0.00529521716763069,-0.00461062936162137,0.00226367827584441,-0.0015790904698351,0.00303153889178628,0.398677795963533
"bivt",0.005,1000,"0.1",TRUE,0.00487844554937357,-0.00447620348867756,0.00184690665758729,-0.00144466459689128,0.00303153889178628,0.398677795963533
"bivt",0.005,1000,"0.01",TRUE,0.00612052173787883,-0.00490948557966572,0.00308898284609256,-0.00187794668787944,0.00303153889178628,0.398677795963533
"bivt",0.005,1000,"0.05",TRUE,0.0156346345195213,-0.010638461690899,0.00821916463169453,-0.0032229918030723,0.00741546988782672,0.25989836987427
"bivt",0.005,1000,"0.1",TRUE,0.0139618273515014,-0.0104529641418456,0.00654635746367468,-0.00303749425401892,0.00741546988782672,0.25989836987427
"bivt",0.005,1000,"0.01",TRUE,0.0169294900548773,-0.0109547470550957,0.0095140201670506,-0.003539277167269,0.00741546988782672,0.25989836987427
"bivt",0.005,1000,"0.05",TRUE,0.0138177548726449,-0.00972611464746825,0.00720590104478843,-0.00311426081961176,0.00661185382785649,0.246058843895326
"bivt",0.005,1000,"0.1",TRUE,0.0127299607065982,-0.00947902609886125,0.0061181068787417,-0.00286717227100477,0.00661185382785649,0.246058843895326
"bivt",0.005,1000,"0.01",TRUE,0.0161553935589471,-0.0101361785820844,0.00954353973109064,-0.0035243247542279,0.00661185382785649,0.246058843895326
"bivt",0.005,1000,"0.05",TRUE,0.0103661670298186,-0.00785053400609688,0.00536154532190257,-0.00284591229818085,0.00500462170791603,0.262230009146695
"bivt",0.005,1000,"0.1",TRUE,0.00924598946574277,-0.00764169747892001,0.00424136775782674,-0.00263707577100398,0.00500462170791603,0.262230009146695
"bivt",0.005,1000,"0.01",TRUE,0.0123992666786119,-0.00812416228968826,0.00739464497069589,-0.00311954058177224,0.00500462170791603,0.262230009146695
"bivt",0.005,1000,"0.05",TRUE,0.00582292304249674,-0.00446047978159953,0.0035950002106807,-0.00223255694978348,0.00222792283181605,0.353153030836739
"bivt",0.005,1000,"0.1",TRUE,0.00529049638955605,-0.00422222115698268,0.00306257355774,-0.00199429832516663,0.00222792283181605,0.353153030836739
"bivt",0.005,1000,"0.01",TRUE,0.00729613540340209,-0.00473231828931492,0.00506821257158605,-0.00250439545749887,0.00222792283181605,0.353153030836739
"bivt",0.005,1000,"0.05",TRUE,0.00812764951977134,-0.00587335376473,0.00473025993179577,-0.00247596417675443,0.00339738958797557,0.26138766641312
"bivt",0.005,1000,"0.1",TRUE,0.0077169703204611,-0.00565648221485372,0.00431958073248553,-0.00225909262687816,0.00339738958797557,0.26138766641312
"bivt",0.005,1000,"0.01",TRUE,0.00888160565951156,-0.0061579330604007,0.00548421607153599,-0.00276054347242513,0.00339738958797557,0.26138766641312
"bivt",0.005,1000,"0.05",TRUE,0.0172513428349266,-0.0112703496902178,0.00903225688712963,-0.0030512637424209,0.00821908594779695,0.238654370246046
"bivt",0.005,1000,"0.1",TRUE,0.0159000261578205,-0.0111269383937006,0.00768094021002358,-0.00290785244590365,0.00821908594779695,0.238654370246046
"bivt",0.005,1000,"0.01",TRUE,0.0196017554967681,-0.0117498631969066,0.0113826695489712,-0.00353077724910967,0.00821908594779695,0.238654370246046
"bivt",0.005,1000,"0.05",TRUE,0.00522463981826888,-0.00399474758709726,0.00343448235023377,-0.00220459011906215,0.00179015746803511,0.359780161940314
"bivt",0.005,1000,"0.1",TRUE,0.00462656845805936,-0.00379874356117928,0.00283641099002425,-0.00200858609314417,0.00179015746803511,0.359780161940314
"bivt",0.005,1000,"0.01",TRUE,0.00611256960114605,-0.00441949865304548,0.00432241213311094,-0.00262934118501037,0.00179015746803511,0.359780161940314
"bivt",0.005,1000,"0.05",TRUE,0.0110312354386308,-0.00950954705767477,0.00441938161077434,-0.00289769322981828,0.00661185382785649,0.289999171041984
"bivt",0.005,1000,"0.1",TRUE,0.0106061897158651,-0.00939664751759852,0.0039943358880086,-0.00278479368974204,0.00661185382785649,0.289999171041984
"bivt",0.005,1000,"0.01",TRUE,0.0131292756857199,-0.0099601074463319,0.00651742185786345,-0.00334825361847542,0.00661185382785649,0.289999171041984
"bivt",0.005,1000,"0.05",TRUE,0.014918422702578,-0.0115298646428927,0.00669933675478106,-0.00331077869509573,0.00821908594779695,0.243140035946889
"bivt",0.005,1000,"0.1",TRUE,0.0136241118913832,-0.0112103786336948,0.00540502594358626,-0.00299129268589786,0.00821908594779695,0.243140035946889
"bivt",0.005,1000,"0.01",TRUE,0.0185271382063143,-0.0117305764125954,0.0103080522585173,-0.00351149046479841,0.00821908594779695,0.243140035946889
"bivt",0.005,1000,"0.05",TRUE,0.00878919741704036,-0.00667326248384793,0.00458819176909457,-0.00247225683590213,0.0042010056479458,0.28832792566607
"bivt",0.005,1000,"0.1",TRUE,0.00821356097217791,-0.00653579742827009,0.00401255532423211,-0.00233479178032429,0.0042010056479458,0.28832792566607
"bivt",0.005,1000,"0.01",TRUE,0.0102526057682619,-0.00703758864672019,0.00605160012031606,-0.00283658299877439,0.0042010056479458,0.28832792566607
"bivt",0.005,1000,"0.05",TRUE,0.00885653509102714,-0.00713489253330859,0.00465552944308135,-0.0029338868853628,0.0042010056479458,0.359487173919358
"bivt",0.005,1000,"0.1",TRUE,0.00793842677976635,-0.00665445927866904,0.00373742113182056,-0.00245345363072324,0.0042010056479458,0.359487173919358
"bivt",0.005,1000,"0.01",TRUE,0.00996653596541666,-0.0073302722702849,0.00576553031747086,-0.0031292666223391,0.0042010056479458,0.359487173919358
"bivt",0.005,1000,"0.05",TRUE,0.0152961524188691,-0.0102991629763283,0.00788068253104241,-0.00288369308850163,0.00741546988782672,0.281956287191244
"bivt",0.005,1000,"0.1",TRUE,0.0135820245313137,-0.0101626628007557,0.00616655464348693,-0.00274719291292897,0.00741546988782672,0.281956287191244
"bivt",0.005,1000,"0.01",TRUE,0.0168472976094562,-0.0109007466184585,0.00943182772162952,-0.00348527673063175,0.00741546988782672,0.281956287191244
"bivt",0.005,1000,"0.05",TRUE,0.0101954827019716,-0.00789556502911728,0.00519086099405561,-0.00289094332120125,0.00500462170791603,0.325496401176855
"bivt",0.005,1000,"0.1",TRUE,0.00861787404895773,-0.00773409899716945,0.00361325234104171,-0.00272947728925342,0.00500462170791603,0.325496401176855
"bivt",0.005,1000,"0.01",TRUE,0.0119993417990739,-0.00827897014488357,0.00699472009115785,-0.00327434843696755,0.00500462170791603,0.325496401176855
"bivt",0.005,1000,"0.05",TRUE,0.00906313519809958,-0.0067509957043923,0.00486212955015378,-0.0025499900564465,0.0042010056479458,0.276012137242645
"bivt",0.005,1000,"0.1",TRUE,0.00814342596437548,-0.00655381677799769,0.00394242031642969,-0.0023528111300519,0.0042010056479458,0.276012137242645
"bivt",0.005,1000,"0.01",TRUE,0.0103275963992857,-0.00711093912399686,0.00612659075133993,-0.00290993347605106,0.0042010056479458,0.276012137242645
"bivt",0.005,1000,"0.05",TRUE,0.00503422919267945,-0.00424925639981783,0.0028063063608634,-0.00202133356800179,0.00222792283181605,0.366601760493778
"bivt",0.005,1000,"0.1",TRUE,0.00478804431118376,-0.00409213946650714,0.00256012147936772,-0.00186421663469109,0.00222792283181605,0.366601760493778
"bivt",0.005,1000,"0.01",TRUE,0.00578757282518035,-0.00449907336117886,0.00355964999336431,-0.00227115052936282,0.00222792283181605,0.366601760493778
"bivt",0.005,1000,"0.05",TRUE,0.00756831953386048,-0.00532896119269329,0.0045367806420742,-0.00229742230090702,0.00303153889178628,0.274354977547425
"bivt",0.005,1000,"0.1",TRUE,0.00683072860028339,-0.00520251066129728,0.00379918970849712,-0.00217097176951101,0.00303153889178628,0.274354977547425
"bivt",0.005,1000,"0.01",TRUE,0.00838433738889632,-0.00566148148902614,0.00535279849711004,-0.00262994259723986,0.00303153889178628,0.274354977547425
"bivt",0.005,1000,"0.05",TRUE,0.00957535656041595,-0.0065939082331268,0.00537435091247015,-0.002392902585181,0.0042010056479458,0.333225822842812
"bivt",0.005,1000,"0.1",TRUE,0.0081567475425046,-0.00639485903794124,0.0039557418945588,-0.00219385338999544,0.0042010056479458,0.333225822842812
"bivt",0.005,1000,"0.01",TRUE,0.0119260881347723,-0.00673675561953927,0.00772508248682646,-0.00253574997159347,0.0042010056479458,0.333225822842812
"bivt",0.005,1000,"0.05",TRUE,0.0146898799086173,-0.0106118475888937,0.0072744100207906,-0.003196377701067,0.00741546988782672,0.222993383351728
"bivt",0.005,1000,"0.1",TRUE,0.0131160162843903,-0.0103359500935099,0.00570054639656359,-0.00292048020568313,0.00741546988782672,0.222993383351728
"bivt",0.005,1000,"0.01",TRUE,0.0189390520495129,-0.0110750692072704,0.0115235821616862,-0.0036595993194437,0.00741546988782672,0.222993383351728
"bivt",0.005,1000,"0.05",TRUE,0.0162823281912382,-0.0114587201682893,0.00806324224344127,-0.00323963422049232,0.00821908594779695,0.237685342642093
"bivt",0.005,1000,"0.1",TRUE,0.0146459129473174,-0.0113217232360755,0.00642682699952048,-0.00310263728827854,0.00821908594779695,0.237685342642093
"bivt",0.005,1000,"0.01",TRUE,0.0210692013307096,-0.0121967548117566,0.0128501153829126,-0.00397766886395963,0.00821908594779695,0.237685342642093
"bivt",0.005,1000,"0.05",TRUE,0.0131957955353456,-0.00949108021782939,0.00658394170748912,-0.0028792263899729,0.00661185382785649,0.24668403973386
"bivt",0.005,1000,"0.1",TRUE,0.0118755772750776,-0.00933864201515882,0.00526372344722114,-0.00272678818730233,0.00661185382785649,0.24668403973386
"bivt",0.005,1000,"0.01",TRUE,0.0156924786281271,-0.00988685974954583,0.00908062480027064,-0.00327500592168934,0.00661185382785649,0.24668403973386
"bivt",0.005,1000,"0.05",TRUE,0.00863334704244798,-0.00666277566629114,0.00443234139450218,-0.00246177001834535,0.0042010056479458,0.323770492464823
"bivt",0.005,1000,"0.1",TRUE,0.00818880530602906,-0.00662125244745305,0.00398779965808327,-0.00242024679950726,0.0042010056479458,0.323770492464823
"bivt",0.005,1000,"0.01",TRUE,0.0120903925080784,-0.00693390452759552,0.00788938686013258,-0.00273289887964973,0.0042010056479458,0.323770492464823
"bivt",0.005,1000,"0.05",TRUE,0.0078963919135024,-0.0070171717539158,0.00325762090177566,-0.00237840074218907,0.00463877101172674,0.311623422969772
"bivt",0.005,1000,"0.1",TRUE,0.00761374906259703,-0.00669611622453964,0.0029749780508703,-0.00205734521281291,0.00463877101172674,0.311623422969772
"bivt",0.005,1000,"0.01",TRUE,0.00906213961587268,-0.00738219097420035,0.00442336860414594,-0.00274341996247361,0.00463877101172674,0.311623422969772
"bivt",0.005,1000,"0.05",TRUE,0.0192224880228151,-0.0128384631743985,0.010199786015048,-0.00381576116663132,0.00902270200776718,0.195658972747088
"bivt",0.005,1000,"0.1",TRUE,0.015744208360014,-0.0125276195853396,0.00672150635224681,-0.00350491757757244,0.00902270200776718,0.195658972747088
"bivt",0.005,1000,"0.01",TRUE,0.0218356531689178,-0.0131992096495032,0.0128129511611506,-0.00417650764173603,0.00902270200776718,0.195658972747088
"bivt",0.005,1000,"0.05",TRUE,0.0144581717600328,-0.0101400058061416,0.00784631793217635,-0.00352815197828509,0.00661185382785649,0.214354915383409
"bivt",0.005,1000,"0.1",TRUE,0.0124841597942543,-0.00998364888505713,0.00587230596639784,-0.00337179505720065,0.00661185382785649,0.214354915383409
"bivt",0.005,1000,"0.01",TRUE,0.0158390271327619,-0.0107366585422274,0.00922717330490543,-0.00412480471437088,0.00661185382785649,0.214354915383409
"bivt",0.005,1000,"0.05",TRUE,0.0141578335618512,-0.0101909345264715,0.00674236367402444,-0.00277546463864477,0.00741546988782672,0.285444482427502
"bivt",0.005,1000,"0.1",TRUE,0.0122146697360771,-0.0100452106235156,0.00479919984825043,-0.00262974073568886,0.00741546988782672,0.285444482427502
"bivt",0.005,1000,"0.01",TRUE,0.0160471428264136,-0.0105374081004775,0.00863167293858687,-0.00312193821265076,0.00741546988782672,0.285444482427502
"bivt",0.005,1000,"0.05",TRUE,0.0095889534987868,-0.00725630733947145,0.00458433179087078,-0.00225168563155543,0.00500462170791603,0.299210261213888
"bivt",0.005,1000,"0.1",TRUE,0.00900404615195433,-0.00706277589657623,0.0039994244440383,-0.0020581541886602,0.00500462170791603,0.299210261213888
"bivt",0.005,1000,"0.01",TRUE,0.01168576903551,-0.00760024862345138,0.00668114732759396,-0.00259562691553536,0.00500462170791603,0.299210261213888
"bivt",0.005,1000,"0.05",TRUE,0.00665048331988894,-0.00495122249620896,0.00405670979188361,-0.00235744896820363,0.00259377352800534,0.396239518039825
"bivt",0.005,1000,"0.1",TRUE,0.00642094718071596,-0.00479497257915801,0.00382717365271062,-0.00220119905115268,0.00259377352800534,0.396239518039825
"bivt",0.005,1000,"0.01",TRUE,0.00785341338006409,-0.00516479402959148,0.00525963985205876,-0.00257102050158614,0.00259377352800534,0.396239518039825
"bivt",0.005,1000,"0.05",TRUE,0.00604740297198609,-0.0045897684486542,0.00381948014017005,-0.00236184561683815,0.00222792283181605,0.287388534361347
"bivt",0.005,1000,"0.1",TRUE,0.00561890769967726,-0.00435594509681913,0.00339098486786121,-0.00212802226500309,0.00222792283181605,0.287388534361347
"bivt",0.005,1000,"0.01",TRUE,0.0069800971773666,-0.00486870912008317,0.00475217434555056,-0.00264078628826712,0.00222792283181605,0.287388534361347
"bivt",0.005,1000,"0.05",TRUE,0.0109008323613595,-0.00808836977631549,0.00509259459347321,-0.00228013200842923,0.00580823776788626,0.319801562209918
"bivt",0.005,1000,"0.1",TRUE,0.0101043974548176,-0.00787617497168246,0.00429615968693131,-0.0020679372037962,0.00580823776788626,0.319801562209918
"bivt",0.005,1000,"0.01",TRUE,0.0131994029482096,-0.00841175507671385,0.00739116518032334,-0.00260351730882759,0.00580823776788626,0.319801562209918
"bivt",0.005,1000,"0.05",TRUE,0.00859913870427165,-0.00743844273673088,0.00315675163257468,-0.00199605566503391,0.00544238707169697,0.373174570049285
"bivt",0.005,1000,"0.1",TRUE,0.00814932119011182,-0.0072696514195928,0.00270693411841486,-0.00182726434789583,0.00544238707169697,0.373174570049285
"bivt",0.005,1000,"0.01",TRUE,0.0103947112468464,-0.00759827479276808,0.00495232417514946,-0.00215588772107112,0.00544238707169697,0.373174570049285
"bivt",0.005,1000,"0.05",TRUE,0.0178245034145266,-0.0115103184433111,0.00960541746672964,-0.00329123249551419,0.00821908594779695,0.197396340270954
"bivt",0.005,1000,"0.1",TRUE,0.0165489522594094,-0.0113029501880608,0.00832986631161245,-0.00308386424026389,0.00821908594779695,0.197396340270954
"bivt",0.005,1000,"0.01",TRUE,0.0197230118255873,-0.0120875004101101,0.0115039258777904,-0.00386841446231318,0.00821908594779695,0.197396340270954
"bivt",0.005,1000,"0.05",TRUE,0.0144716996147996,-0.0103981763278468,0.00705622972697292,-0.00298270644002013,0.00741546988782672,0.234804642886633
"bivt",0.005,1000,"0.1",TRUE,0.0131236749352908,-0.0102181147025066,0.00570820504746404,-0.00280264481467988,0.00741546988782672,0.234804642886633
"bivt",0.005,1000,"0.01",TRUE,0.0187463480971144,-0.0107063165479371,0.0113308782092877,-0.00329084666011038,0.00741546988782672,0.234804642886633
"bivt",0.005,1000,"0.05",TRUE,0.00803565083339514,-0.00667000044181794,0.00383464518544935,-0.00246899479387215,0.0042010056479458,0.310865975713799
"bivt",0.005,1000,"0.1",TRUE,0.00744673378168187,-0.00644547672920201,0.00324572813373607,-0.00224447108125621,0.0042010056479458,0.310865975713799
"bivt",0.005,1000,"0.01",TRUE,0.00947991110663873,-0.00710943179817247,0.00527890545869293,-0.00290842615022667,0.0042010056479458,0.310865975713799
"bivt",0.005,1000,"0.05",TRUE,0.0110197916967888,-0.00839772215451666,0.00521155392890256,-0.0025894843866304,0.00580823776788626,0.275437973207829
"bivt",0.005,1000,"0.1",TRUE,0.0101938131025874,-0.00824811588714198,0.00438557533470115,-0.00243987811925573,0.00580823776788626,0.275437973207829
"bivt",0.005,1000,"0.01",TRUE,0.0125564040394311,-0.00867084566341052,0.0067481662715448,-0.00286260789552426,0.00580823776788626,0.275437973207829
"bivt",0.005,1000,"0.05",TRUE,0.0127083680200205,-0.00917300437328795,0.00609651419216405,-0.00256115054543146,0.00661185382785649,0.283262846684897
"bivt",0.005,1000,"0.1",TRUE,0.0124112998094926,-0.00898512161603759,0.00579944598163614,-0.0023732677881811,0.00661185382785649,0.283262846684897
"bivt",0.005,1000,"0.01",TRUE,0.0162642962114685,-0.00941748245998475,0.00965244238361201,-0.00280562863212827,0.00661185382785649,0.283262846684897
"bivt",0.005,1000,"0.05",TRUE,0.0092286719200139,-0.00669545587025651,0.0050276662720681,-0.00249445022231071,0.0042010056479458,0.36264307326934
"bivt",0.005,1000,"0.1",TRUE,0.00896020320130385,-0.0065734103090004,0.00475919755335806,-0.00237240466105461,0.0042010056479458,0.36264307326934
"bivt",0.005,1000,"0.01",TRUE,0.0104390324589231,-0.00708928895923358,0.00623802681097732,-0.00288828331128779,0.0042010056479458,0.36264307326934
"bivt",0.005,1000,"0.05",TRUE,0.00629363690442355,-0.00499446546791469,0.00326209801263727,-0.00196292657612841,0.00303153889178628,0.302005765025792
"bivt",0.005,1000,"0.1",TRUE,0.00573917903895637,-0.00482656109334604,0.00270764014717009,-0.00179502220155977,0.00303153889178628,0.302005765025792
"bivt",0.005,1000,"0.01",TRUE,0.00771053060783128,-0.00531209412759693,0.004678991716045,-0.00228055523581066,0.00303153889178628,0.302005765025792
"bivt",0.005,1000,"0.05",TRUE,0.00906206744637362,-0.00701665134030987,0.00486106179842783,-0.00281564569236407,0.0042010056479458,0.28993186666833
"bivt",0.005,1000,"0.1",TRUE,0.0079900427370744,-0.00661615194372872,0.00378903708912861,-0.00241514629578292,0.0042010056479458,0.28993186666833
"bivt",0.005,1000,"0.01",TRUE,0.0125296349393391,-0.00742290615465877,0.00832862929139332,-0.00322190050671297,0.0042010056479458,0.28993186666833
"bivt",0.005,1000,"0.05",TRUE,0.0082779576172059,-0.00675249607874289,0.0044428026654494,-0.00291734112698638,0.00383515495175651,0.288506044532191
"bivt",0.005,1000,"0.1",TRUE,0.00786824153233751,-0.00647034460782937,0.004033086580581,-0.00263518965607286,0.00383515495175651,0.288506044532191
"bivt",0.005,1000,"0.01",TRUE,0.0092713185864606,-0.00721243000446919,0.0054361636347041,-0.00337727505271268,0.00383515495175651,0.288506044532191
"bivt",0.005,1000,"0.05",TRUE,0.00815408890394638,-0.00696371875427198,0.00395308325600058,-0.00276271310632619,0.0042010056479458,0.289792805894903
"bivt",0.005,1000,"0.1",TRUE,0.00780190685707681,-0.00674898916060855,0.00360090120913101,-0.00254798351266275,0.0042010056479458,0.289792805894903
"bivt",0.005,1000,"0.01",TRUE,0.00922131105781385,-0.00731093577466635,0.00502030540986805,-0.00310993012672055,0.0042010056479458,0.289792805894903
"bivt",0.005,1000,"0.05",TRUE,0.00992015459623316,-0.00760070424072835,0.00491553288831713,-0.00259608253281232,0.00500462170791603,0.298709548781389
"bivt",0.005,1000,"0.1",TRUE,0.00952779536288029,-0.00728617672203056,0.00452317365496426,-0.00228155501411453,0.00500462170791603,0.298709548781389
"bivt",0.005,1000,"0.01",TRUE,0.0119057191380045,-0.00801384067753323,0.00690109743008844,-0.0030092189696172,0.00500462170791603,0.298709548781389
"bivt",0.005,1000,"0.05",TRUE,0.00793685282731687,-0.00602276816352514,0.0045394632393413,-0.00262537857554957,0.00339738958797557,0.252760744625995
"bivt",0.005,1000,"0.1",TRUE,0.00758928465618563,-0.00593548344419083,0.00419189506821007,-0.00253809385621527,0.00339738958797557,0.252760744625995
"bivt",0.005,1000,"0.01",TRUE,0.00959976282160974,-0.00642668286093511,0.00620237323363417,-0.00302929327295955,0.00339738958797557,0.252760744625995
"bivt",0.005,1000,"0.05",TRUE,0.0156819929211411,-0.0115928823205358,0.00746290697334416,-0.00337379637273885,0.00821908594779695,0.274602674514462
"bivt",0.005,1000,"0.1",TRUE,0.0138481354617785,-0.0113414964977965,0.00562904951398157,-0.00312241054999957,0.00821908594779695,0.274602674514462
"bivt",0.005,1000,"0.01",TRUE,0.0185976337389819,-0.0121040457527001,0.010378547791185,-0.00388495980490311,0.00821908594779695,0.274602674514462
"bivt",0.005,1000,"0.05",TRUE,0.00949760979412619,-0.00622523532438913,0.00610022020615062,-0.00282784573641357,0.00339738958797557,0.235503947235889
"bivt",0.005,1000,"0.1",TRUE,0.00856723002246184,-0.00594152384469538,0.00516984043448628,-0.00254413425671981,0.00339738958797557,0.235503947235889
"bivt",0.005,1000,"0.01",TRUE,0.0109092854108513,-0.00654880657747503,0.00751189582287576,-0.00315141698949947,0.00339738958797557,0.235503947235889
"bivt",0.005,1000,"0.05",TRUE,0.0156261879925608,-0.0112251934563738,0.00740710204476389,-0.00300610750857688,0.00821908594779695,0.239765848513133
"bivt",0.005,1000,"0.1",TRUE,0.0144325323905215,-0.011010088291762,0.00621344644272453,-0.00279100234396508,0.00821908594779695,0.239765848513133
"bivt",0.005,1000,"0.01",TRUE,0.0196996906534952,-0.0115602467718848,0.0114806047056983,-0.00334116082408783,0.00821908594779695,0.239765848513133
"bivt",0.005,1000,"0.05",TRUE,0.0115229663762673,-0.00766499198931321,0.00651834466835125,-0.00266037028139718,0.00500462170791603,0.304949526859637
"bivt",0.005,1000,"0.1",TRUE,0.0104047229459781,-0.00751383861069746,0.00540010123806209,-0.00250921690278143,0.00500462170791603,0.304949526859637
"bivt",0.005,1000,"0.01",TRUE,0.0139015296677007,-0.00787229265879796,0.00889690795978471,-0.00286767095088194,0.00500462170791603,0.304949526859637
"bivt",0.005,1000,"0.05",TRUE,0.013888615771291,-0.00983310603700981,0.00727676194343452,-0.00322125220915333,0.00661185382785649,0.225375973202217
"bivt",0.005,1000,"0.1",TRUE,0.0122074389367887,-0.00959949774887796,0.00559558510893225,-0.00298764392102148,0.00661185382785649,0.225375973202217
"bivt",0.005,1000,"0.01",TRUE,0.0166012264896488,-0.0103349877842697,0.00998937266179232,-0.00372313395641325,0.00661185382785649,0.225375973202217
"bivt",0.005,1000,"0.05",TRUE,0.0107108169082748,-0.00767733422020379,0.0057061952003588,-0.00267271251228777,0.00500462170791603,0.266709371377561
"bivt",0.005,1000,"0.1",TRUE,0.00969840756907265,-0.00750810702696725,0.00469378586115662,-0.00250348531905122,0.00500462170791603,0.266709371377561
"bivt",0.005,1000,"0.01",TRUE,0.0122706423856039,-0.00799972473439955,0.00726602067768783,-0.00299510302648353,0.00500462170791603,0.266709371377561
"bivt",0.005,1000,"0.05",TRUE,0.0102420537837568,-0.00782749979114275,0.00523743207584079,-0.00282287808322673,0.00500462170791603,0.287493345905156
"bivt",0.005,1000,"0.1",TRUE,0.00999976763559452,-0.00767362142276986,0.00499514592767849,-0.00266899971485383,0.00500462170791603,0.287493345905156
"bivt",0.005,1000,"0.01",TRUE,0.0136677779590288,-0.00821766123410046,0.00866315625111279,-0.00321303952618443,0.00500462170791603,0.287493345905156
"bivt",0.005,1000,"0.05",TRUE,0.00738515333990314,-0.00575306338967506,0.00398776375192757,-0.0023556738016995,0.00339738958797557,0.342818843392047
"bivt",0.005,1000,"0.1",TRUE,0.0066886559351315,-0.00564535755137094,0.00329126634715594,-0.00224796796339537,0.00339738958797557,0.342818843392047
"bivt",0.005,1000,"0.01",TRUE,0.00950155763376433,-0.00612199545675325,0.00610416804578876,-0.00272460586877768,0.00339738958797557,0.342818843392047
"bivt",0.005,1000,"0.05",TRUE,0.00688459055407741,-0.00486633164064577,0.00429081702607208,-0.00227255811264043,0.00259377352800534,0.33461194805443
"bivt",0.005,1000,"0.1",TRUE,0.0061151240990695,-0.00468940754985007,0.00352135057106417,-0.00209563402184473,0.00259377352800534,0.33461194805443
"bivt",0.005,1000,"0.01",TRUE,0.00839268349605132,-0.00514980026173128,0.00579890996804599,-0.00255602673372594,0.00259377352800534,0.33461194805443
"bivt",0.005,1000,"0.05",TRUE,0.0173225581043265,-0.0126121104591882,0.00829985609655928,-0.00358940845142101,0.00902270200776718,0.246141490782518
"bivt",0.005,1000,"0.1",TRUE,0.0166228159270598,-0.012289440059965,0.00760011391929267,-0.00326673805219779,0.00902270200776718,0.246141490782518
"bivt",0.005,1000,"0.01",TRUE,0.0226281726541052,-0.0128540595993626,0.013605470646338,-0.00383135759159545,0.00902270200776718,0.246141490782518
"bivt",0.005,1000,"0.05",TRUE,0.0106414046092611,-0.00796553882472695,0.0064403989613153,-0.00376453317678115,0.0042010056479458,0.214793890853259
"bivt",0.005,1000,"0.1",TRUE,0.0097288074271673,-0.00744379017179913,0.00552780177922151,-0.00324278452385333,0.0042010056479458,0.214793890853259
"bivt",0.005,1000,"0.01",TRUE,0.012164512537489,-0.00823245091383054,0.00796350688954317,-0.00403144526588474,0.0042010056479458,0.214793890853259
"bivt",0.005,1000,"0.05",TRUE,0.0154620964310487,-0.0114099488009815,0.00724301048325173,-0.00319086285318458,0.00821908594779695,0.285013352336473
"bivt",0.005,1000,"0.1",TRUE,0.0132159633344055,-0.0112875247268861,0.00499687738660854,-0.00306843877908912,0.00821908594779695,0.285013352336473
"bivt",0.005,1000,"0.01",TRUE,0.0193793176438118,-0.0116630052744998,0.0111602316960148,-0.00344391932670289,0.00821908594779695,0.285013352336473
"bivt",0.005,1000,"0.05",TRUE,0.00707775739703747,-0.00479253979671657,0.00448398386903214,-0.00219876626871124,0.00259377352800534,0.316203874585682
"bivt",0.005,1000,"0.1",TRUE,0.00567227678968849,-0.00460324707128127,0.00307850326168315,-0.00200947354327593,0.00259377352800534,0.316203874585682
"bivt",0.005,1000,"0.01",TRUE,0.00909298989695699,-0.00510234581971663,0.00649921636895166,-0.0025085722917113,0.00259377352800534,0.316203874585682
"bivt",0.005,1000,"0.05",TRUE,0.013382053592434,-0.00954009416897231,0.00677019976457753,-0.00292824034111582,0.00661185382785649,0.314039436242931
"bivt",0.005,1000,"0.1",TRUE,0.0121341678191263,-0.00929862492535309,0.0055223139912698,-0.0026867710974966,0.00661185382785649,0.314039436242931
"bivt",0.005,1000,"0.01",TRUE,0.0159789960893187,-0.00989120237723047,0.00936714226146222,-0.00327934854937399,0.00661185382785649,0.314039436242931
"bivt",0.005,1000,"0.05",TRUE,0.00616851397520884,-0.00498620047352903,0.0035747404472035,-0.00239242694552369,0.00259377352800534,0.384244815200088
"bivt",0.005,1000,"0.1",TRUE,0.00593181876250445,-0.00481917204519381,0.00333804523449912,-0.00222539851718847,0.00259377352800534,0.384244815200088
"bivt",0.005,1000,"0.01",TRUE,0.00686130952988901,-0.00536905935410461,0.00426753600188368,-0.00277528582609927,0.00259377352800534,0.384244815200088
"bivt",0.005,1000,"0.05",TRUE,0.0136798745035458,-0.010351368843145,0.00626440461571905,-0.00293589895531827,0.00741546988782672,0.25836604811668
"bivt",0.005,1000,"0.1",TRUE,0.0126064859216088,-0.0102067857589424,0.00519101603378208,-0.00279131587111572,0.00741546988782672,0.25836604811668
"bivt",0.005,1000,"0.01",TRUE,0.0150525117918657,-0.0106859469279277,0.00763704190403902,-0.00327047704010103,0.00741546988782672,0.25836604811668
"bivt",0.005,1000,"0.05",TRUE,0.00763040092144424,-0.00622150545628052,0.00423301133346868,-0.00282411586830495,0.00339738958797557,0.290804754472449
"bivt",0.005,1000,"0.1",TRUE,0.00693546249631807,-0.00583781194810063,0.0035380729083425,-0.00244042236012507,0.00339738958797557,0.290804754472449
"bivt",0.005,1000,"0.01",TRUE,0.00923766226330024,-0.00647105292090427,0.00584027267532467,-0.00307366333292871,0.00339738958797557,0.290804754472449
"bivt",0.005,1000,"0.05",TRUE,0.00675809810283878,-0.00538733398789995,0.00416432457483344,-0.00279356045989462,0.00259377352800534,0.30970510318699
"bivt",0.005,1000,"0.1",TRUE,0.00634618178690663,-0.00514800460034612,0.00375240825890129,-0.00255423107234079,0.00259377352800534,0.30970510318699
"bivt",0.005,1000,"0.01",TRUE,0.00785601332751932,-0.00573171771896303,0.00526223979951398,-0.0031379441909577,0.00259377352800534,0.30970510318699
"bivt",0.005,1000,"0.05",TRUE,0.0127428637167732,-0.00946780589354065,0.00613100988891669,-0.00285595206568416,0.00661185382785649,0.248544062447153
"bivt",0.005,1000,"0.1",TRUE,0.0116628789313434,-0.00928224575841412,0.00505102510348695,-0.00267039193055764,0.00661185382785649,0.248544062447153
"bivt",0.005,1000,"0.01",TRUE,0.0163315404791676,-0.00983586363161613,0.00971968665131116,-0.00322400980375965,0.00661185382785649,0.248544062447153
"bivt",0.005,1000,"0.05",TRUE,0.0123228718988878,-0.00880765575376861,0.00651463413100155,-0.00299941798588235,0.00580823776788626,0.298785921790821
"bivt",0.005,1000,"0.1",TRUE,0.0117728040134639,-0.00848402628843155,0.00596456624557766,-0.00267578852054529,0.00580823776788626,0.298785921790821
"bivt",0.005,1000,"0.01",TRUE,0.0141524452182078,-0.00903582513805924,0.0083442074503215,-0.00322758737017298,0.00580823776788626,0.298785921790821
"bivt",0.005,1000,"0.05",TRUE,0.0124292534202823,-0.00962364609651611,0.0058173995924258,-0.00301179226865962,0.00661185382785649,0.239174142639776
"bivt",0.005,1000,"0.1",TRUE,0.0114648229885855,-0.00936967297364348,0.00485296916072897,-0.00275781914578699,0.00661185382785649,0.239174142639776
"bivt",0.005,1000,"0.01",TRUE,0.0150559247310525,-0.0101081754603326,0.00844407090319597,-0.00349632163247608,0.00661185382785649,0.239174142639776
"bivt",0.005,1000,"0.05",TRUE,0.0111035398409185,-0.00735841600985495,0.0060989181330025,-0.00235379430193893,0.00500462170791603,0.291162477821787
"bivt",0.005,1000,"0.1",TRUE,0.00993266647777722,-0.00714898633503688,0.0049280447698612,-0.00214436462712086,0.00500462170791603,0.291162477821787
"bivt",0.005,1000,"0.01",TRUE,0.0124483207866131,-0.00789043048291465,0.00744369907869706,-0.00288580877499862,0.00500462170791603,0.291162477821787
"bivt",0.005,1000,"0.05",TRUE,0.0100485868560558,-0.00675337095340935,0.00584758120810999,-0.00255236530546355,0.0042010056479458,0.285957924358794
"bivt",0.005,1000,"0.1",TRUE,0.00958754765773568,-0.00652666091479925,0.00538654200978988,-0.00232565526685346,0.0042010056479458,0.285957924358794
"bivt",0.005,1000,"0.01",TRUE,0.0113785745276417,-0.00706291309445687,0.00717756887969595,-0.00286190744651107,0.0042010056479458,0.285957924358794
"bivt",0.005,1000,"0.05",TRUE,0.0107002814744679,-0.00831041179683174,0.00489204370658162,-0.00250217402894548,0.00580823776788626,0.317027040003855
"bivt",0.005,1000,"0.1",TRUE,0.0103350782173543,-0.00824270629314825,0.004526840449468,-0.002434468525262,0.00580823776788626,0.317027040003855
"bivt",0.005,1000,"0.01",TRUE,0.0120852641486894,-0.00871076355904953,0.00627702638080314,-0.00290252579116327,0.00580823776788626,0.317027040003855
"bivt",0.005,1000,"0.05",TRUE,0.00870595142943896,-0.0065633367130106,0.00450494578149317,-0.00236233106506481,0.0042010056479458,0.315195186059062
"bivt",0.005,1000,"0.1",TRUE,0.00779590380802319,-0.00633278410364213,0.00359489816007739,-0.00213177845569634,0.0042010056479458,0.315195186059062
"bivt",0.005,1000,"0.01",TRUE,0.0113401990289034,-0.00680895858674317,0.00713919338095764,-0.00260795293879737,0.0042010056479458,0.315195186059062
"bivt",0.005,1000,"0.05",TRUE,0.00884655420705635,-0.00626237831182091,0.00544916461908078,-0.00286498872384534,0.00339738958797557,0.263186874981109
"bivt",0.005,1000,"0.1",TRUE,0.0079705795014423,-0.00612878988814976,0.00457318991346673,-0.00273140030017419,0.00339738958797557,0.263186874981109
"bivt",0.005,1000,"0.01",TRUE,0.0103455957524153,-0.00669041617884659,0.00694820616443973,-0.00329302659087103,0.00339738958797557,0.263186874981109
"bivt",0.005,1000,"0.05",TRUE,0.010367122357911,-0.00778811074120247,0.00536250064999497,-0.00278348903328644,0.00500462170791603,0.251544768180972
"bivt",0.005,1000,"0.1",TRUE,0.00916840184013961,-0.0075342360380621,0.00416378013222359,-0.00252961433014608,0.00500462170791603,0.251544768180972
"bivt",0.005,1000,"0.01",TRUE,0.0130349895730445,-0.00813672900233653,0.00803036786512852,-0.0031321072944205,0.00500462170791603,0.251544768180972
"bivt",0.005,1000,"0.05",TRUE,0.00717997394775092,-0.00536139703122731,0.00458620041974558,-0.00276762350322197,0.00259377352800534,0.307113570255269
"bivt",0.005,1000,"0.1",TRUE,0.00647259371170898,-0.00520179700034456,0.00387882018370364,-0.00260802347233922,0.00259377352800534,0.307113570255269
"bivt",0.005,1000,"0.01",TRUE,0.0095079926678955,-0.00566550606112198,0.00691421913989017,-0.00307173253311664,0.00259377352800534,0.307113570255269
"bivt",0.005,1000,"0.05",TRUE,0.0071914939354992,-0.00610162882453167,0.00335633898374269,-0.00226647387277516,0.00383515495175651,0.29382653182607
"bivt",0.005,1000,"0.1",TRUE,0.00683083993617257,-0.00597647045513318,0.00299568498441606,-0.00214131550337667,0.00383515495175651,0.29382653182607
"bivt",0.005,1000,"0.01",TRUE,0.00809933414574081,-0.00652696397873179,0.0042641791939843,-0.00269180902697529,0.00383515495175651,0.29382653182607
"bivt",0.005,1000,"0.05",TRUE,0.011141352261434,-0.00989934232164323,0.00452949843357749,-0.00328748849378675,0.00661185382785649,0.284722398079081
"bivt",0.005,1000,"0.1",TRUE,0.0104135312989263,-0.00950171102210055,0.0038016774710698,-0.00288985719424407,0.00661185382785649,0.284722398079081
"bivt",0.005,1000,"0.01",TRUE,0.0139844028578487,-0.0100288146473366,0.00737254902999218,-0.00341696081948008,0.00661185382785649,0.284722398079081
"bivt",0.005,1000,"0.05",TRUE,0.0105755076948461,-0.00681741456362686,0.00637450204690032,-0.00261640891568106,0.0042010056479458,0.311150812656808
"bivt",0.005,1000,"0.1",TRUE,0.00865936058855461,-0.00664165888008144,0.00445835494060882,-0.00244065323213565,0.0042010056479458,0.311150812656808
"bivt",0.005,1000,"0.01",TRUE,0.0112152577102307,-0.00723552256294354,0.00701425206228494,-0.00303451691499774,0.0042010056479458,0.311150812656808
"bivt",0.005,1000,"0.05",TRUE,0.0145365576622641,-0.0099440779317344,0.00792470383440763,-0.00333222410387791,0.00661185382785649,0.227072772956656
"bivt",0.005,1000,"0.1",TRUE,0.0133206005652007,-0.00974601861296094,0.00670874673734423,-0.00313416478510445,0.00661185382785649,0.227072772956656
"bivt",0.005,1000,"0.01",TRUE,0.0171170429686836,-0.0103180059316808,0.0105051891408272,-0.00370615210382435,0.00661185382785649,0.227072772956656
"bivt",0.005,1000,"0.05",TRUE,0.00936479140880066,-0.0059944100070847,0.0059674018208251,-0.00259702041910913,0.00339738958797557,0.310656103671405
"bivt",0.005,1000,"0.1",TRUE,0.00802318264258824,-0.00582468549473193,0.00462579305461268,-0.00242729590675636,0.00339738958797557,0.310656103671405
"bivt",0.005,1000,"0.01",TRUE,0.0110268906248029,-0.00618336332999487,0.00762950103682737,-0.0027859737420193,0.00339738958797557,0.310656103671405
"bivt",0.005,1000,"0.05",TRUE,0.00683101416998329,-0.00466189801374305,0.00460309133816724,-0.00243397518192701,0.00222792283181605,0.323778496300602
"bivt",0.005,1000,"0.1",TRUE,0.00612382425766089,-0.00450269834521999,0.00389590142584485,-0.00227477551340395,0.00222792283181605,0.323778496300602
"bivt",0.005,1000,"0.01",TRUE,0.00754811979706104,-0.00504289150274476,0.005320196965245,-0.00281496867092871,0.00222792283181605,0.323778496300602
"bivt",0.005,1000,"0.05",TRUE,0.0107312635074171,-0.00762656930182958,0.00572664179950104,-0.00262194759391356,0.00500462170791603,0.280889160145267
"bivt",0.005,1000,"0.1",TRUE,0.0100997046976474,-0.0074268722208932,0.00509508298973142,-0.00242225051297717,0.00500462170791603,0.280889160145267
"bivt",0.005,1000,"0.01",TRUE,0.013337624649238,-0.00792848418862014,0.00833300294132199,-0.00292386248070411,0.00500462170791603,0.280889160145267
"bivt",0.005,1000,"0.05",TRUE,0.0141355189786041,-0.0095380262219447,0.00752366515074766,-0.00292617239408822,0.00661185382785649,0.258563214954232
"bivt",0.005,1000,"0.1",TRUE,0.0130573018168434,-0.00937247090457,0.0064454479889869,-0.00276061707671352,0.00661185382785649,0.258563214954232
"bivt",0.005,1000,"0.01",TRUE,0.0152923766545926,-0.00981687975413422,0.00868052282673614,-0.00320502592627773,0.00661185382785649,0.258563214954232
"bivt",0.005,1000,"0.05",TRUE,0.0182521297507716,-0.0116217994968551,0.0100330438029746,-0.00340271354905816,0.00821908594779695,0.242720219490389
"bivt",0.005,1000,"0.1",TRUE,0.0163854904832578,-0.0114713155486871,0.00816640453546087,-0.00325222960089013,0.00821908594779695,0.242720219490389
"bivt",0.005,1000,"0.01",TRUE,0.0202057755973835,-0.0118314747574298,0.0119866896495866,-0.0036123888096328,0.00821908594779695,0.242720219490389
"bivt",0.005,1000,"0.05",TRUE,0.00757150447985614,-0.0053279223060505,0.00453996558806986,-0.00229638341426423,0.00303153889178628,0.323457380239558
"bivt",0.005,1000,"0.1",TRUE,0.00683579197586118,-0.00520265487457442,0.00380425308407491,-0.00217111598278815,0.00303153889178628,0.323457380239558
"bivt",0.005,1000,"0.01",TRUE,0.00824352340814329,-0.00572119071990183,0.00521198451635702,-0.00268965182811556,0.00303153889178628,0.323457380239558
"bivt",0.005,1000,"0.05",TRUE,0.00745193010431003,-0.00720119361226858,0.00281315909258329,-0.00256242260054184,0.00463877101172674,0.344152381505903
"bivt",0.005,1000,"0.1",TRUE,0.0071102368031516,-0.0067543167371681,0.00247146579142487,-0.00211554572544136,0.00463877101172674,0.344152381505903
"bivt",0.005,1000,"0.01",TRUE,0.00795045752783681,-0.00747759752523231,0.00331168651611007,-0.00283882651350557,0.00463877101172674,0.344152381505903
"bivt",0.005,1000,"0.05",TRUE,0.00789105708265242,-0.00582090364672644,0.00449366749467685,-0.00242351405875087,0.00339738958797557,0.297429730368093
"bivt",0.005,1000,"0.1",TRUE,0.00746185754351079,-0.00565273222699153,0.00406446795553523,-0.00225534263901596,0.00339738958797557,0.297429730368093
"bivt",0.005,1000,"0.01",TRUE,0.00968126626009957,-0.00615435130172752,0.00628387667212401,-0.00275696171375195,0.00339738958797557,0.297429730368093
"bivt",0.005,1000,"0.05",TRUE,0.0146369719955096,-0.0106912395342839,0.00722150210768286,-0.00327576964645717,0.00741546988782672,0.265531222474083
"bivt",0.005,1000,"0.1",TRUE,0.0133222759400165,-0.0103929269931152,0.00590680605218974,-0.00297745710528848,0.00741546988782672,0.265531222474083
"bivt",0.005,1000,"0.01",TRUE,0.0168329976620976,-0.010911461340843,0.00941752777427086,-0.00349599145301625,0.00741546988782672,0.265531222474083
"bivt",0.005,1000,"0.05",TRUE,0.0182726892894707,-0.0124550821889294,0.00924998728170354,-0.00343238018116227,0.00902270200776718,0.228691885868176
"bivt",0.005,1000,"0.1",TRUE,0.0155053246256785,-0.0122920465276039,0.00648262261791137,-0.00326934451983675,0.00902270200776718,0.228691885868176
"bivt",0.005,1000,"0.01",TRUE,0.02206199040042,-0.0128230739314104,0.0130392883926529,-0.00380037192364321,0.00902270200776718,0.228691885868176
"bivt",0.005,1000,"0.05",TRUE,0.0112301159070882,-0.00868193540215296,0.00542187813920197,-0.0028736976342667,0.00580823776788626,0.274780018206799
"bivt",0.005,1000,"0.1",TRUE,0.0103420269951706,-0.00847305870664595,0.00453378922728438,-0.0026648209387597,0.00580823776788626,0.274780018206799
"bivt",0.005,1000,"0.01",TRUE,0.0135987088856769,-0.00898189520777604,0.00779047111779062,-0.00317365743988978,0.00580823776788626,0.274780018206799
"bivt",0.005,1000,"0.05",TRUE,0.00711147404022543,-0.00477169387052361,0.00451770051222009,-0.00217792034251827,0.00259377352800534,0.333494392289032
"bivt",0.005,1000,"0.1",TRUE,0.00670177772018578,-0.00473341628224312,0.00410800419218045,-0.00213964275423779,0.00259377352800534,0.333494392289032
"bivt",0.005,1000,"0.01",TRUE,0.00856801426732407,-0.00496739877431466,0.00597424073931873,-0.00237362524630932,0.00259377352800534,0.333494392289032
"bivt",0.005,1000,"0.05",TRUE,0.011712497713496,-0.0087653451158457,0.00590425994560973,-0.00295710734795945,0.00580823776788626,0.274594992362306
"bivt",0.005,1000,"0.1",TRUE,0.0103236219642954,-0.00843252011240915,0.00451538419640912,-0.00262428234452289,0.00580823776788626,0.274594992362306
"bivt",0.005,1000,"0.01",TRUE,0.0146149860664614,-0.00910272223926098,0.00880674829857519,-0.00329448447137472,0.00580823776788626,0.274594992362306
"bivt",0.005,1000,"0.05",TRUE,0.0220481769666233,-0.0142718088450938,0.0114182428389157,-0.00364187471738619,0.0106299341277076,0.239742454081961
"bivt",0.005,1000,"0.1",TRUE,0.0199584826228027,-0.0140712645304602,0.00932854849509503,-0.00344133040275256,0.0106299341277076,0.239742454081961
"bivt",0.005,1000,"0.01",TRUE,0.0257496193916445,-0.0146114688832159,0.0151196852639368,-0.00398153475550829,0.0106299341277076,0.239742454081961
"bivt",0.005,1000,"0.05",TRUE,0.0182679573526423,-0.0144729300863754,0.00844163928490494,-0.00464661201863803,0.00982631806773741,0.228344161443728
"bivt",0.005,1000,"0.1",TRUE,0.0175754215613001,-0.0142544169606992,0.00774910349356265,-0.00442809889296183,0.00982631806773741,0.228344161443728
"bivt",0.005,1000,"0.01",TRUE,0.0205737082116848,-0.0146420991348338,0.0107473901439474,-0.00481578106709636,0.00982631806773741,0.228344161443728
"bivt",0.005,1000,"0.05",TRUE,0.00579985237235978,-0.00476273822210799,0.00357192954054373,-0.00253481539029194,0.00222792283181605,0.301597867517682
"bivt",0.005,1000,"0.1",TRUE,0.00550527706910599,-0.00453465254258835,0.00327735423728994,-0.0023067297107723,0.00222792283181605,0.301597867517682
"bivt",0.005,1000,"0.01",TRUE,0.00849786402653642,-0.0050085807099912,0.00626994119472038,-0.00278065787817515,0.00222792283181605,0.301597867517682
"bivt",0.005,1000,"0.05",TRUE,0.0149042757143736,-0.0104161339320427,0.00748880582654684,-0.00300066404421599,0.00741546988782672,0.274506574052924
"bivt",0.005,1000,"0.1",TRUE,0.0132492137627673,-0.0101802988035021,0.00583374387494056,-0.00276482891567534,0.00741546988782672,0.274506574052924
"bivt",0.005,1000,"0.01",TRUE,0.0186430035863611,-0.0107906581876681,0.0112275336985343,-0.00337518829984136,0.00741546988782672,0.274506574052924
"bivt",0.005,1000,"0.05",TRUE,0.00905195265977638,-0.00710542584420139,0.00404733095186035,-0.00210080413628536,0.00500462170791603,0.355248593342038
"bivt",0.005,1000,"0.1",TRUE,0.00871370515582198,-0.00692889931855421,0.00370908344790596,-0.00192427761063819,0.00500462170791603,0.355248593342038
"bivt",0.005,1000,"0.01",TRUE,0.0103504945025943,-0.00745126200903635,0.00534587279467826,-0.00244664030112032,0.00500462170791603,0.355248593342038
"bivt",0.005,1000,"0.05",TRUE,0.0111974849289712,-0.00727630174187624,0.00699647928102545,-0.00307529609393044,0.0042010056479458,0.256482580974434
"bivt",0.005,1000,"0.1",TRUE,0.0100592650239956,-0.00693405361453973,0.00585825937604981,-0.00273304796659393,0.0042010056479458,0.256482580974434
"bivt",0.005,1000,"0.01",TRUE,0.0130912384700765,-0.007583655786989,0.0088902328221307,-0.00338265013904321,0.0042010056479458,0.256482580974434
"bivt",0.005,1000,"0.05",TRUE,0.00648438790598652,-0.00486236505925888,0.00389061437798119,-0.00226859153125355,0.00259377352800534,0.346059725566331
"bivt",0.005,1000,"0.1",TRUE,0.00556181498610701,-0.00464429689554584,0.00296804145810167,-0.0020505233675405,0.00259377352800534,0.346059725566331
"bivt",0.005,1000,"0.01",TRUE,0.00727704986751963,-0.0050922837694608,0.00468327633951429,-0.00249851024145547,0.00259377352800534,0.346059725566331
"bivt",0.005,1000,"0.05",TRUE,0.00981904630405653,-0.00667667780252907,0.00561804065611073,-0.00247567215458328,0.0042010056479458,0.282320616225764
"bivt",0.005,1000,"0.1",TRUE,0.00895676330405641,-0.00644485942412884,0.00475575765611062,-0.00224385377618305,0.0042010056479458,0.282320616225764
"bivt",0.005,1000,"0.01",TRUE,0.0120817651686336,-0.0070808256676082,0.00788075952068782,-0.0028798200196624,0.0042010056479458,0.282320616225764
"bivt",0.005,1000,"0.05",TRUE,0.0124740363505015,-0.0096258306795061,0.00586218252264499,-0.00301397685164961,0.00661185382785649,0.258453896230642
"bivt",0.005,1000,"0.1",TRUE,0.0122480744505143,-0.00954626646148539,0.00563622062265778,-0.00293441263362891,0.00661185382785649,0.258453896230642
"bivt",0.005,1000,"0.01",TRUE,0.0139739111266225,-0.00999133349362808,0.00736205729876597,-0.0033794796657716,0.00661185382785649,0.258453896230642
"bivt",0.005,1000,"0.05",TRUE,0.00670480413244303,-0.00543373183861476,0.00367326524065676,-0.00240219294682848,0.00303153889178628,0.336527011763406
"bivt",0.005,1000,"0.1",TRUE,0.00641168092296937,-0.00518317571848979,0.00338014203118309,-0.00215163682670351,0.00303153889178628,0.336527011763406
"bivt",0.005,1000,"0.01",TRUE,0.00751684565432549,-0.00577875349313781,0.00448530676253921,-0.00274721460135153,0.00303153889178628,0.336527011763406
"bivt",0.005,1000,"0.05",TRUE,0.0176657231636037,-0.0125963839328937,0.00864302115583654,-0.00357368192512656,0.00902270200776718,0.219379947258602
"bivt",0.005,1000,"0.1",TRUE,0.0170543838317996,-0.0124334161940833,0.00803168182403238,-0.00341071418631612,0.00902270200776718,0.219379947258602
"bivt",0.005,1000,"0.01",TRUE,0.0219098101104582,-0.0130906184997551,0.012887108102691,-0.00406791649198789,0.00902270200776718,0.219379947258602
"bivt",0.005,1000,"0.05",TRUE,0.00755131143661998,-0.00549551602730389,0.00495753790861464,-0.00290174249929856,0.00259377352800534,0.267196606381692
"bivt",0.005,1000,"0.1",TRUE,0.00681528294537971,-0.00533513160653692,0.00422150941737437,-0.00274135807853159,0.00259377352800534,0.267196606381692
"bivt",0.005,1000,"0.01",TRUE,0.00949499685934877,-0.0058332929187663,0.00690122333134344,-0.00323951939076096,0.00259377352800534,0.267196606381692
"bivt",0.005,1000,"0.05",TRUE,0.014180591251239,-0.00974058352771525,0.0075687374233825,-0.00312872969985876,0.00661185382785649,0.24512157513081
"bivt",0.005,1000,"0.1",TRUE,0.0132009122341746,-0.00948923456786591,0.00658905840631815,-0.00287738074000942,0.00661185382785649,0.24512157513081
"bivt",0.005,1000,"0.01",TRUE,0.015477181412755,-0.0103394441404531,0.00886532758489855,-0.00372759031259657,0.00661185382785649,0.24512157513081
"bivt",0.005,1000,"0.05",TRUE,0.012372040175073,-0.00862888459753322,0.00656380240718673,-0.00282064682964696,0.00580823776788626,0.258476892626845
"bivt",0.005,1000,"0.1",TRUE,0.011537742023614,-0.0084327609190704,0.00572950425572777,-0.00262452315118415,0.00580823776788626,0.258476892626845
"bivt",0.005,1000,"0.01",TRUE,0.0148525579728934,-0.00900965205587414,0.00904432020500714,-0.00320141428798788,0.00580823776788626,0.258476892626845
"bivt",0.005,1000,"0.05",TRUE,0.00721820533063271,-0.00477829341189186,0.00499028249881666,-0.00255037058007582,0.00222792283181605,0.30266600771235
"bivt",0.005,1000,"0.1",TRUE,0.0060757592519459,-0.00465463654394626,0.00384783642012985,-0.00242671371213022,0.00222792283181605,0.30266600771235
"bivt",0.005,1000,"0.01",TRUE,0.00813332698581362,-0.00527565812736979,0.00590540415399758,-0.00304773529555375,0.00222792283181605,0.30266600771235
"bivt",0.005,1000,"0.05",TRUE,0.0209651157872301,-0.0137235437809465,0.0111387977194927,-0.00389722571320913,0.00982631806773741,0.203713197409682
"bivt",0.005,1000,"0.1",TRUE,0.0188706367047458,-0.0134299532162499,0.00904431863700835,-0.00360363514851253,0.00982631806773741,0.203713197409682
"bivt",0.005,1000,"0.01",TRUE,0.023795753953944,-0.0140168671016856,0.0139694358862066,-0.00419054903394816,0.00982631806773741,0.203713197409682
"bivt",0.005,1000,"0.05",TRUE,0.0123646046016961,-0.00786854336234,0.0073599828937801,-0.00286392165442398,0.00500462170791603,0.289612881263377
"bivt",0.005,1000,"0.1",TRUE,0.010116728564608,-0.00767180832473559,0.005112106856692,-0.00266718661681956,0.00500462170791603,0.289612881263377
"bivt",0.005,1000,"0.01",TRUE,0.0137351586407791,-0.00810029556032275,0.00873053693286306,-0.00309567385240672,0.00500462170791603,0.289612881263377
"bivt",0.005,1000,"0.05",TRUE,0.0107672809412308,-0.00839894516111148,0.00495904317334454,-0.00259070739322522,0.00580823776788626,0.251144520958853
"bivt",0.005,1000,"0.1",TRUE,0.00972228529186073,-0.00823018307310995,0.00391404752397447,-0.00242194530522369,0.00580823776788626,0.251144520958853
"bivt",0.005,1000,"0.01",TRUE,0.0145373451171367,-0.00872915012444209,0.00872910734925041,-0.00292091235655583,0.00580823776788626,0.251144520958853
"bivt",0.005,1000,"0.05",TRUE,0.00768564835309465,-0.00528250739925775,0.00509187482508931,-0.00268873387125242,0.00259377352800534,0.3159001927638
"bivt",0.005,1000,"0.1",TRUE,0.00708129204341236,-0.00502345062714988,0.00448751851540702,-0.00242967709914455,0.00259377352800534,0.3159001927638
"bivt",0.005,1000,"0.01",TRUE,0.00835654128834983,-0.00573033733784118,0.00576276776034449,-0.00313656380983585,0.00259377352800534,0.3159001927638
"bivt",0.005,1000,"0.05",TRUE,0.0126104524419332,-0.00891506873226746,0.00680221467404691,-0.0031068309643812,0.00580823776788626,0.220097200359658
"bivt",0.005,1000,"0.1",TRUE,0.0120950397129042,-0.00875129919875267,0.00628680194501791,-0.00294306143086642,0.00580823776788626,0.220097200359658
"bivt",0.005,1000,"0.01",TRUE,0.0151211030506915,-0.00931065620811958,0.00931286528280522,-0.00350241844023332,0.00580823776788626,0.220097200359658
"bivt",0.005,1000,"0.05",TRUE,0.00880136776809467,-0.00702070866022329,0.00460036212014887,-0.00281970301227749,0.0042010056479458,0.258900555307145
"bivt",0.005,1000,"0.1",TRUE,0.00824680064063198,-0.00680940282426351,0.00404579499268618,-0.00260839717631771,0.0042010056479458,0.258900555307145
"bivt",0.005,1000,"0.01",TRUE,0.010203369395101,-0.00739666908409318,0.00600236374715522,-0.00319566343614738,0.0042010056479458,0.258900555307145
"bivt",0.005,1000,"0.05",TRUE,0.0108097450972658,-0.0081510428586836,0.00580512338934978,-0.00314642115076758,0.00500462170791603,0.259797404034966
"bivt",0.005,1000,"0.1",TRUE,0.00972347638547029,-0.00785171069942624,0.00471885467755426,-0.00284708899151022,0.00500462170791603,0.259797404034966
"bivt",0.005,1000,"0.01",TRUE,0.0134899475482292,-0.00848613663248101,0.00848532584031318,-0.00348151492456498,0.00500462170791603,0.259797404034966
"bivt",0.005,1000,"0.05",TRUE,0.011584772628128,-0.00879425715494237,0.00577653486024176,-0.00298601938705611,0.00580823776788626,0.256793594166771
"bivt",0.005,1000,"0.1",TRUE,0.0106503553767623,-0.0085749746505816,0.00484211760887607,-0.00276673688269534,0.00580823776788626,0.256793594166771
"bivt",0.005,1000,"0.01",TRUE,0.0131584133426664,-0.00915320494199958,0.00735017557478016,-0.00334496717411332,0.00580823776788626,0.256793594166771
"bivt",0.005,1000,"0.05",TRUE,0.00780381280054015,-0.00681835354527551,0.00360280715259436,-0.00261734789732971,0.0042010056479458,0.322736267634797
"bivt",0.005,1000,"0.1",TRUE,0.0072887893500032,-0.0065818969855982,0.00308778370205741,-0.0023808913376524,0.0042010056479458,0.322736267634797
"bivt",0.005,1000,"0.01",TRUE,0.00960310097410651,-0.00718881926540091,0.00540209532616072,-0.00298781361745511,0.0042010056479458,0.322736267634797
"bivt",0.005,1000,"0.05",TRUE,0.0153609819419746,-0.011832137452366,0.00714189599417765,-0.00361305150456902,0.00821908594779695,0.188421206002175
"bivt",0.005,1000,"0.1",TRUE,0.0143811791276493,-0.0115209398074021,0.00616209317985239,-0.0033018538596052,0.00821908594779695,0.188421206002175
"bivt",0.005,1000,"0.01",TRUE,0.0213708108364322,-0.012276428917971,0.0131517248886353,-0.00405734297017405,0.00821908594779695,0.188421206002175
"bivt",0.005,1000,"0.05",TRUE,0.00677102525519222,-0.00551209989708156,0.00373948636340594,-0.00248056100529529,0.00303153889178628,0.305800233752436
"bivt",0.005,1000,"0.1",TRUE,0.00634070668861214,-0.00527510451572569,0.00330916779682586,-0.00224356562393942,0.00303153889178628,0.305800233752436
"bivt",0.005,1000,"0.01",TRUE,0.00743142395006531,-0.0060787296129575,0.00439988505827903,-0.00304719072117122,0.00303153889178628,0.305800233752436
"bivt",0.005,1000,"0.05",TRUE,0.00791144852349634,-0.00640835110467096,0.00407629357173983,-0.00257319615291446,0.00383515495175651,0.279455462826238
"bivt",0.005,1000,"0.1",TRUE,0.00718563524290807,-0.00616154869531587,0.00335048029115156,-0.00232639374355936,0.00383515495175651,0.279455462826238
"bivt",0.005,1000,"0.01",TRUE,0.00865710506207055,-0.006704203428655,0.00482195011031404,-0.00286904847689849,0.00383515495175651,0.279455462826238
"bivt",0.005,1000,"0.05",TRUE,0.0135303954442385,-0.009280896820843,0.00691854161638203,-0.00266904299298652,0.00661185382785649,0.257419752908117
"bivt",0.005,1000,"0.1",TRUE,0.0116449332197216,-0.00914662620177954,0.00503307939186509,-0.00253477237392305,0.00661185382785649,0.257419752908117
"bivt",0.005,1000,"0.01",TRUE,0.0164446578155671,-0.00982150055978209,0.00983280398771059,-0.00320964673192561,0.00661185382785649,0.257419752908117
"bivt",0.005,1000,"0.05",TRUE,0.0126470938560484,-0.00980934130378201,0.00603524002819189,-0.00319748747592553,0.00661185382785649,0.244179727868032
"bivt",0.005,1000,"0.1",TRUE,0.0115273002323382,-0.00960195560574621,0.00491544640448175,-0.00299010177788972,0.00661185382785649,0.244179727868032
"bivt",0.005,1000,"0.01",TRUE,0.0156181649199822,-0.0100075007463855,0.0090063110921257,-0.00339564691852903,0.00661185382785649,0.244179727868032
"bivt",0.005,1000,"0.05",TRUE,0.00934768412354588,-0.0067143063011513,0.00514667847560009,-0.00251330065320551,0.0042010056479458,0.325095300986234
"bivt",0.005,1000,"0.1",TRUE,0.0082314853064808,-0.00665390975226817,0.00403047965853501,-0.00245290410432237,0.0042010056479458,0.325095300986234
"bivt",0.005,1000,"0.01",TRUE,0.0117724723944452,-0.0072407920007036,0.0075714667464994,-0.0030397863527578,0.0042010056479458,0.325095300986234
"bivt",0.005,1000,"0.05",TRUE,0.0064875439387686,-0.00528349105138599,0.00345600504698232,-0.00225195215959971,0.00303153889178628,0.309765590253105
"bivt",0.005,1000,"0.1",TRUE,0.0058776652155162,-0.00506405661373977,0.00284612632372992,-0.00203251772195349,0.00303153889178628,0.309765590253105
"bivt",0.005,1000,"0.01",TRUE,0.00740666438034029,-0.0057058997267596,0.00437512548855401,-0.00267436083497332,0.00303153889178628,0.309765590253105
"bivt",0.005,1000,"0.05",TRUE,0.00588216304610201,-0.00502308204155992,0.00328838951809667,-0.00242930851355458,0.00259377352800534,0.331613511662369
"bivt",0.005,1000,"0.1",TRUE,0.00558846088764377,-0.00480357640983659,0.00299468735963844,-0.00220980288183125,0.00259377352800534,0.331613511662369
"bivt",0.005,1000,"0.01",TRUE,0.00698812217751794,-0.00532898753597834,0.0043943486495126,-0.002735214007973,0.00259377352800534,0.331613511662369
"bivt",0.005,1000,"0.05",TRUE,0.00770481210875784,-0.00554559890275695,0.00467327321697156,-0.00251406001097067,0.00303153889178628,0.320018847515264
"bivt",0.005,1000,"0.1",TRUE,0.00660308394081319,-0.00526887739634396,0.00357154504902691,-0.00223733850455768,0.00303153889178628,0.320018847515264
"bivt",0.005,1000,"0.01",TRUE,0.00980320680621449,-0.00604370386153469,0.00677166791442821,-0.00301216496974842,0.00303153889178628,0.320018847515264
"bivt",0.005,1000,"0.05",TRUE,0.0127326019549215,-0.0100441080746911,0.00612074812706497,-0.00343225424683466,0.00661185382785649,0.194222914876782
"bivt",0.005,1000,"0.1",TRUE,0.0122792544014105,-0.00986057511078222,0.00566740057355399,-0.00324872128292574,0.00661185382785649,0.194222914876782
"bivt",0.005,1000,"0.01",TRUE,0.0160708903611165,-0.0103448438015364,0.00945903653325998,-0.00373298997367995,0.00661185382785649,0.194222914876782
"bivt",0.005,1000,"0.05",TRUE,0.00932659905820956,-0.0068785655003288,0.00512559341026376,-0.002677559852383,0.0042010056479458,0.287247227218125
"bivt",0.005,1000,"0.1",TRUE,0.00851776448405239,-0.00669285079183416,0.00431675883610659,-0.00249184514388836,0.0042010056479458,0.287247227218125
"bivt",0.005,1000,"0.01",TRUE,0.0107773182585128,-0.00713115492275264,0.00657631261056697,-0.00293014927480685,0.0042010056479458,0.287247227218125
"bivt",0.005,1000,"0.05",TRUE,0.00892030522559223,-0.00611642445266025,0.00552291563761666,-0.00271903486468468,0.00339738958797557,0.237771996082198
"bivt",0.005,1000,"0.1",TRUE,0.00832856592894559,-0.00592399825113727,0.00493117634097003,-0.0025266086631617,0.00339738958797557,0.237771996082198
"bivt",0.005,1000,"0.01",TRUE,0.0101959229139932,-0.0065857319726453,0.00679853332601766,-0.00318834238466973,0.00339738958797557,0.237771996082198
"bivt",0.005,1000,"0.05",TRUE,0.0132978758592109,-0.0102357196937634,0.00588240597138421,-0.00282024980593665,0.00741546988782672,0.285450969007117
"bivt",0.005,1000,"0.1",TRUE,0.0125657547414555,-0.0100393846984778,0.00515028485362881,-0.00262391481065105,0.00741546988782672,0.285450969007117
"bivt",0.005,1000,"0.01",TRUE,0.0172371994787918,-0.0105397245297748,0.0098217295909651,-0.00312425464194809,0.00741546988782672,0.285450969007117
"bivt",0.005,1000,"0.05",TRUE,0.0067418358566858,-0.0052719254068281,0.00414806232868046,-0.00267815187882277,0.00259377352800534,0.319214817090437
"bivt",0.005,1000,"0.1",TRUE,0.00633551543733715,-0.00505045907909725,0.00374174190933181,-0.00245668555109192,0.00259377352800534,0.319214817090437
"bivt",0.005,1000,"0.01",TRUE,0.00897392151444937,-0.00552465801968224,0.00638014798644403,-0.00293088449167691,0.00259377352800534,0.319214817090437
"bivt",0.005,1000,"0.05",TRUE,0.0140484394724564,-0.00955845584136155,0.00743658564459993,-0.00294660201350506,0.00661185382785649,0.273014340359617
"bivt",0.005,1000,"0.1",TRUE,0.0129736536754634,-0.00939594321341122,0.00636179984760694,-0.00278408938555474,0.00661185382785649,0.273014340359617
"bivt",0.005,1000,"0.01",TRUE,0.0162942727080749,-0.00982753050595607,0.00968241888021845,-0.00321567667809958,0.00661185382785649,0.273014340359617
"bivt",0.005,1000,"0.05",TRUE,0.0174656756628256,-0.0117771816977608,0.00924658971502866,-0.00355809574996389,0.00821908594779695,0.289541726168275
"bivt",0.005,1000,"0.1",TRUE,0.016333950908386,-0.0115564320970214,0.00811486496058907,-0.00333734614922447,0.00821908594779695,0.289541726168275
"bivt",0.005,1000,"0.01",TRUE,0.0185456635864154,-0.0118733612731943,0.0103265776386184,-0.0036542753253974,0.00821908594779695,0.289541726168275
"bivt",0.005,1000,"0.05",TRUE,0.00603898765272363,-0.00394000679726697,0.00424883018468852,-0.00214984932923186,0.00179015746803511,0.343324031306991
"bivt",0.005,1000,"0.1",TRUE,0.00531165823074074,-0.00385491936707986,0.00352150076270563,-0.00206476189904475,0.00179015746803511,0.343324031306991
"bivt",0.005,1000,"0.01",TRUE,0.00726885976244833,-0.00430478717439212,0.00547870229441323,-0.00251462970635701,0.00179015746803511,0.343324031306991
"bivt",0.005,1000,"0.05",TRUE,0.0124979326511463,-0.00971384867416489,0.0058860788232898,-0.00310199484630841,0.00661185382785649,0.270616174397804
"bivt",0.005,1000,"0.1",TRUE,0.0123329053508705,-0.00942446502335613,0.00572105152301399,-0.00281261119549965,0.00661185382785649,0.270616174397804
"bivt",0.005,1000,"0.01",TRUE,0.0143499885250191,-0.0100167148354376,0.00773813469716259,-0.0034048610075811,0.00661185382785649,0.270616174397804
"bivt",0.005,1000,"0.05",TRUE,0.0113490155907136,-0.00874540208010078,0.0055407778228273,-0.00293716431221452,0.00580823776788626,0.241843030633668
"bivt",0.005,1000,"0.1",TRUE,0.0104406609871019,-0.00847762268663631,0.00463242321921563,-0.00266938491875005,0.00580823776788626,0.241843030633668
"bivt",0.005,1000,"0.01",TRUE,0.014801501248564,-0.00907179212235494,0.00899326348067772,-0.00326355435446869,0.00580823776788626,0.241843030633668
"bivt",0.005,1000,"0.05",TRUE,0.00989780156276488,-0.00723320661971426,0.00489317985484886,-0.00222858491179824,0.00500462170791603,0.266847848001812
"bivt",0.005,1000,"0.1",TRUE,0.00928755928048396,-0.00704273968248781,0.00428293757256793,-0.00203811797457178,0.00500462170791603,0.266847848001812
"bivt",0.005,1000,"0.01",TRUE,0.0118522172606963,-0.00756906359000651,0.0068475955527803,-0.00256444188209049,0.00500462170791603,0.266847848001812
"bivt",0.005,1000,"0.05",TRUE,0.0136195444350024,-0.00938834485275103,0.0070076906071459,-0.00277649102489454,0.00661185382785649,0.270887842423254
"bivt",0.005,1000,"0.1",TRUE,0.0126250261869083,-0.00922416265978729,0.00601317235905185,-0.0026123088319308,0.00661185382785649,0.270887842423254
"bivt",0.005,1000,"0.01",TRUE,0.0157730286891804,-0.00975861006802903,0.00916117486132393,-0.00314675624017254,0.00661185382785649,0.270887842423254
"bivt",0.005,1000,"0.05",TRUE,0.00770186359218526,-0.00648781520106524,0.00386670864042875,-0.00265266024930874,0.00383515495175651,0.325962892960055
"bivt",0.005,1000,"0.1",TRUE,0.00724390832015236,-0.0062810995800374,0.00340875336839585,-0.0024459446282809,0.00383515495175651,0.325962892960055
"bivt",0.005,1000,"0.01",TRUE,0.00955049908979943,-0.00685242872602006,0.00571534413804292,-0.00301727377426355,0.00383515495175651,0.325962892960055
"bivt",0.005,1000,"0.05",TRUE,0.0101687956804032,-0.00759314138982877,0.00516417397248713,-0.00258851968191274,0.00500462170791603,0.306446353566902
"bivt",0.005,1000,"0.1",TRUE,0.00939906944541409,-0.00732214394729187,0.00439444773749806,-0.00231752223937584,0.00500462170791603,0.306446353566902
"bivt",0.005,1000,"0.01",TRUE,0.0118081407334539,-0.00801364053453654,0.0068035190255379,-0.00300901882662051,0.00500462170791603,0.306446353566902
"bivt",0.005,1000,"0.05",TRUE,0.0206289796850241,-0.0136962016130751,0.0108026616172867,-0.0038698835453377,0.00982631806773741,0.228365314839623
"bivt",0.005,1000,"0.1",TRUE,0.01818965897187,-0.0136259565327865,0.00836334090413256,-0.00379963846504911,0.00982631806773741,0.228365314839623
"bivt",0.005,1000,"0.01",TRUE,0.0263894314599589,-0.0142464754861445,0.0165631133922215,-0.00442015741840714,0.00982631806773741,0.228365314839623
"bivt",0.001,5000,"0.05",TRUE,0.00150521267499717,-0.00137648270906055,0.000472798980622811,-0.000344069014686185,0.00103241369437436,0.272921830974234
"bivt",0.001,5000,"0.1",TRUE,0.00143799460290624,-0.00135256610278347,0.000405580908531878,-0.000320152408409105,0.00103241369437436,0.272921830974234
"bivt",0.001,5000,"0.01",TRUE,0.0016549737487659,-0.00141579052702334,0.000622560054391541,-0.00038337683264898,0.00103241369437436,0.272921830974234
"bivt",0.001,5000,"0.05",TRUE,0.00114504725774094,-0.000962656022646159,0.000526283645712658,-0.000343892410617874,0.000618763612028285,0.275834311387338
"bivt",0.001,5000,"0.1",TRUE,0.00107484978219212,-0.000932260830125887,0.000456086170163835,-0.000313497218097601,0.000618763612028285,0.275834311387338
"bivt",0.001,5000,"0.01",TRUE,0.00127650162971791,-0.00100981253437483,0.000657738017689625,-0.000391048922346544,0.000618763612028285,0.275834311387338
"bivt",0.001,5000,"0.05",TRUE,0.00120530216290109,-0.00102323347457922,0.000503123929807252,-0.000321055241485387,0.000702178233093833,0.316405464568784
"bivt",0.001,5000,"0.1",TRUE,0.00113490087114443,-0.00100106526711244,0.000432722638050592,-0.000298887034018603,0.000702178233093833,0.316405464568784
"bivt",0.001,5000,"0.01",TRUE,0.00141060234390261,-0.00107805819665413,0.000708424110808774,-0.000375879963560298,0.000702178233093833,0.316405464568784
"bivt",0.001,5000,"0.05",TRUE,0.00155716400226912,-0.00137367429449606,0.000524750307894757,-0.0003412606001217,0.00103241369437436,0.309924032169507
"bivt",0.001,5000,"0.1",TRUE,0.00147514262597482,-0.00134098733020035,0.000442728931600462,-0.000308573635825991,0.00103241369437436,0.309924032169507
"bivt",0.001,5000,"0.01",TRUE,0.00176192016198366,-0.00142338741742426,0.000729506467609295,-0.000390973723049897,0.00103241369437436,0.309924032169507
"bivt",0.001,5000,"0.05",TRUE,0.000833685972406977,-0.000694068275808193,0.000435079334565711,-0.000295461637966927,0.000398606637841266,0.293588476952386
"bivt",0.001,5000,"0.1",TRUE,0.000773751865722812,-0.000663878301889741,0.000375145227881547,-0.000265271664048476,0.000398606637841266,0.293588476952386
"bivt",0.001,5000,"0.01",TRUE,0.00091485662269052,-0.000728789231022086,0.000516249984849254,-0.00033018259318082,0.000398606637841266,0.293588476952386
"bivt",0.001,5000,"0.05",TRUE,0.00117673461746637,-0.00101861016061192,0.00044789251834458,-0.000289768061490127,0.000728842099121795,0.290973251076478
"bivt",0.001,5000,"0.1",TRUE,0.00111649669113151,-0.000989983195741327,0.000387654592009714,-0.000261141096619532,0.000728842099121795,0.290973251076478
"bivt",0.001,5000,"0.01",TRUE,0.00130208930467094,-0.00106607113534729,0.000573247205549143,-0.00033722903622549,0.000728842099121795,0.290973251076478
"bivt",0.001,5000,"0.05",TRUE,0.00107485416980277,-0.000806490077477191,0.000592832910895956,-0.000324468818570377,0.000482021258906814,0.321321648497161
"bivt",0.001,5000,"0.1",TRUE,0.0010010877802702,-0.000794749151757502,0.000519066521363383,-0.000312727892850689,0.000482021258906814,0.321321648497161
"bivt",0.001,5000,"0.01",TRUE,0.00124019217451466,-0.000856312759628424,0.000758170915607851,-0.00037429150072161,0.000482021258906814,0.321321648497161
"bivt",0.001,5000,"0.05",TRUE,0.00121590782274813,-0.00103599810543369,0.000513729589654298,-0.000333819872339856,0.000702178233093833,0.298753799926481
"bivt",0.001,5000,"0.1",TRUE,0.0011482874928173,-0.001000254836725,0.00044610925972347,-0.000298076603631168,0.000702178233093833,0.298753799926481
"bivt",0.001,5000,"0.01",TRUE,0.00136607711818103,-0.00108356286790248,0.000663898885087201,-0.000381384634808645,0.000702178233093833,0.298753799926481
"bivt",0.001,5000,"0.05",TRUE,0.00158737731394576,-0.00140401022437895,0.0005549636195714,-0.000371596530004588,0.00103241369437436,0.258948290899317
"bivt",0.001,5000,"0.1",TRUE,0.00153834142319769,-0.00137421690993517,0.00050592772882333,-0.000341803215560806,0.00103241369437436,0.258948290899317
"bivt",0.001,5000,"0.01",TRUE,0.00178053981421811,-0.00146348535176164,0.000748126119843751,-0.000431071657387274,0.00103241369437436,0.258948290899317
"bivt",0.001,5000,"0.05",TRUE,0.00171730827082853,-0.00141573872630657,0.000684894576454169,-0.000383325031932203,0.00103241369437436,0.255111740886199
"bivt",0.001,5000,"0.1",TRUE,0.00163706277071395,-0.00139365628034399,0.00060464907633959,-0.000361242585969627,0.00103241369437436,0.255111740886199
"bivt",0.001,5000,"0.01",TRUE,0.00196921967736599,-0.00147546146004121,0.000936805982991626,-0.000443047765666843,0.00103241369437436,0.255111740886199
"bivt",0.001,5000,"0.05",TRUE,0.00112471799872946,-0.00102768267018769,0.00039587589960766,-0.000298840571065898,0.000728842099121795,0.306345228036108
"bivt",0.001,5000,"0.1",TRUE,0.00106187815112372,-0.000994459249735205,0.00033303605200192,-0.00026561715061341,0.000728842099121795,0.306345228036108
"bivt",0.001,5000,"0.01",TRUE,0.00120288465866524,-0.00107286133464838,0.000474042559543447,-0.000344019235526587,0.000728842099121795,0.306345228036108
"bivt",0.001,5000,"0.05",TRUE,0.00110641775457577,-0.000937449242051577,0.000487654142547483,-0.000318685630023292,0.000618763612028285,0.307987590847215
"bivt",0.001,5000,"0.1",TRUE,0.00103495415776209,-0.000907319271296271,0.000416190545733807,-0.000288555659267985,0.000618763612028285,0.307987590847215
"bivt",0.001,5000,"0.01",TRUE,0.00127740592649664,-0.000992596068034544,0.000658642314468356,-0.000373832456006259,0.000618763612028285,0.307987590847215
"bivt",0.001,5000,"0.05",TRUE,0.0025471432979551,-0.00211583238461627,0.000854258681019678,-0.000422947767680845,0.00169288461693542,0.232245947915131
"bivt",0.001,5000,"0.1",TRUE,0.0024189245842884,-0.00208836732873979,0.000726039967352978,-0.000395482711804366,0.00169288461693542,0.232245947915131
"bivt",0.001,5000,"0.01",TRUE,0.00286992425938076,-0.00218637580406146,0.00117703964244534,-0.000493491187126034,0.00169288461693542,0.232245947915131
"bivt",0.001,5000,"0.05",TRUE,0.00177699818740298,-0.00153444563678326,0.000634506005935109,-0.000391953455315387,0.00114249218146787,0.263087191788226
"bivt",0.001,5000,"0.1",TRUE,0.00169499733153027,-0.00150725880922927,0.000552505150062396,-0.000364766627761399,0.00114249218146787,0.263087191788226
"bivt",0.001,5000,"0.01",TRUE,0.00193896281009804,-0.00159216432299195,0.000796470628630164,-0.000449672141524077,0.00114249218146787,0.263087191788226
"bivt",0.001,5000,"0.05",TRUE,0.00175376307219721,-0.00154516438883548,0.000611270890729334,-0.00040267220736761,0.00114249218146787,0.265429899736714
"bivt",0.001,5000,"0.1",TRUE,0.00165675011794367,-0.00150876242641855,0.000514257936475797,-0.00036627024495068,0.00114249218146787,0.265429899736714
"bivt",0.001,5000,"0.01",TRUE,0.0020425089361334,-0.00159692904903174,0.000900016754665522,-0.00045443686756387,0.00114249218146787,0.265429899736714
"bivt",0.001,5000,"0.05",TRUE,0.00112631285882704,-0.00101826105091226,0.000397470759705247,-0.000289418951790466,0.000728842099121795,0.353522859786282
"bivt",0.001,5000,"0.1",TRUE,0.00106726012784697,-0.000990993989631907,0.000338418028725173,-0.000262151890510112,0.000728842099121795,0.353522859786282
"bivt",0.001,5000,"0.01",TRUE,0.00126482046530068,-0.00106056333234772,0.000535978366178882,-0.000331721233225922,0.000728842099121795,0.353522859786282
"bivt",0.001,5000,"0.05",TRUE,0.00115267772441575,-0.00100975878012053,0.00042383562529396,-0.000280916680998732,0.000728842099121795,0.308873107818531
"bivt",0.001,5000,"0.1",TRUE,0.00109954869598325,-0.000986453054082957,0.000370706596861459,-0.000257610954961162,0.000728842099121795,0.308873107818531
"bivt",0.001,5000,"0.01",TRUE,0.00123912660391104,-0.00106464961379509,0.000510284504789245,-0.000335807514673291,0.000728842099121795,0.308873107818531
"bivt",0.001,5000,"0.05",TRUE,0.00130364250756799,-0.00114556770314539,0.000491385787380649,-0.000333310982958044,0.000812256720187343,0.321588180005836
"bivt",0.001,5000,"0.1",TRUE,0.00122140090418233,-0.00110670270218455,0.000409144183994984,-0.000294445981997204,0.000812256720187343,0.321588180005836
"bivt",0.001,5000,"0.01",TRUE,0.00139597594353274,-0.0011979520957178,0.000583719223345397,-0.000385695375530452,0.000812256720187343,0.321588180005836
"bivt",0.001,5000,"0.05",TRUE,0.00181561488885078,-0.00156982616494441,0.000673122707382904,-0.000427333983476534,0.00114249218146787,0.251763967343732
"bivt",0.001,5000,"0.1",TRUE,0.00171643357715727,-0.00152947930462412,0.000573941395689392,-0.00038698712315625,0.00114249218146787,0.251763967343732
"bivt",0.001,5000,"0.01",TRUE,0.00202608871661618,-0.00161889616181072,0.000883596535148308,-0.000476403980342848,0.00114249218146787,0.251763967343732
"bivt",0.001,5000,"0.05",TRUE,0.00111943557507259,-0.000925463183595449,0.000527335829072267,-0.000333363437595125,0.000592099746000324,0.272060124158625
"bivt",0.001,5000,"0.1",TRUE,0.00107895585937664,-0.000886881986909752,0.00048685611337632,-0.000294782240909428,0.000592099746000324,0.272060124158625
"bivt",0.001,5000,"0.01",TRUE,0.00121981314709703,-0.000973057810357476,0.000627713401096706,-0.000380958064357153,0.000592099746000324,0.272060124158625
"bivt",0.001,5000,"0.05",TRUE,0.00146990463196231,-0.00126242148482461,0.000547569424681458,-0.000340086277543758,0.000922335207280854,0.279660442266812
"bivt",0.001,5000,"0.1",TRUE,0.00137226431167434,-0.00122609074786339,0.000449929104393484,-0.000303755540582535,0.000922335207280854,0.279660442266812
"bivt",0.001,5000,"0.01",TRUE,0.00170166003659931,-0.00132729973317634,0.000779324829318455,-0.000404964525895488,0.000922335207280854,0.279660442266812
"bivt",0.001,5000,"0.05",TRUE,0.000902566360567354,-0.000811617931260454,0.000393881235632579,-0.000302932806325678,0.000508685124934776,0.307001421652273
"bivt",0.001,5000,"0.1",TRUE,0.000853037548779469,-0.000778709646678088,0.000344352423844693,-0.000270024521743312,0.000508685124934776,0.307001421652273
"bivt",0.001,5000,"0.01",TRUE,0.00100318201242497,-0.00087780281777439,0.000494496887490198,-0.000369117692839615,0.000508685124934776,0.307001421652273
"bivt",0.001,5000,"0.05",TRUE,0.00183777988474412,-0.00169512408468604,0.000475130729089226,-0.000332474929031149,0.00136264915565489,0.297485674813427
"bivt",0.001,5000,"0.1",TRUE,0.00178464058299251,-0.00166337190613632,0.000421991427337613,-0.000300722750481423,0.00136264915565489,0.297485674813427
"bivt",0.001,5000,"0.01",TRUE,0.00204886820212972,-0.00175669291299964,0.000686219046474831,-0.000394043757344745,0.00136264915565489,0.297485674813427
"bivt",0.001,5000,"0.05",TRUE,0.00149937760578164,-0.00131517385024224,0.000577042398500783,-0.000392838642961384,0.000922335207280854,0.269591285825062
"bivt",0.001,5000,"0.1",TRUE,0.00141264003051988,-0.00128882657539711,0.00049030482323903,-0.000366491368116255,0.000922335207280854,0.269591285825062
"bivt",0.001,5000,"0.01",TRUE,0.00166205860384823,-0.00136837442189791,0.000739723396567375,-0.000446039214617061,0.000922335207280854,0.269591285825062
"bivt",0.001,5000,"0.05",TRUE,0.00202718026338821,-0.00174537856405365,0.000774609594826822,-0.000492807895492264,0.00125257066856138,0.194619249157918
"bivt",0.001,5000,"0.1",TRUE,0.00195883118977178,-0.00170388494848744,0.000706260521210396,-0.000451314279926059,0.00125257066856138,0.194619249157918
"bivt",0.001,5000,"0.01",TRUE,0.00229713008803107,-0.00178892778454774,0.00104455941946968,-0.000536357115986354,0.00125257066856138,0.194619249157918
"bivt",0.001,5000,"0.05",TRUE,0.00101985097954339,-0.000868081960078322,0.000511165854608619,-0.000359396835143546,0.000508685124934776,0.294479864894126
"bivt",0.001,5000,"0.1",TRUE,0.000955901827403336,-0.00084475633067899,0.00044721670246856,-0.000336071205744215,0.000508685124934776,0.294479864894126
"bivt",0.001,5000,"0.01",TRUE,0.00114630199933646,-0.000911598805094484,0.000637616874401683,-0.000402913680159708,0.000508685124934776,0.294479864894126
"bivt",0.001,5000,"0.05",TRUE,0.000796221979532279,-0.000693693233320932,0.000424279207718975,-0.000321750461507628,0.000371942771813304,0.29913658770493
"bivt",0.001,5000,"0.1",TRUE,0.000766410272250009,-0.00066453066521862,0.000394467500436705,-0.000292587893405316,0.000371942771813304,0.29913658770493
"bivt",0.001,5000,"0.01",TRUE,0.000972190084392061,-0.000734393354789684,0.000600247312578757,-0.00036245058297638,0.000371942771813304,0.29913658770493
"bivt",0.001,5000,"0.05",TRUE,0.00118687234765832,-0.00103499021575182,0.000484694114564488,-0.000332811982657989,0.000702178233093833,0.277233036133281
"bivt",0.001,5000,"0.1",TRUE,0.00109604236022445,-0.00100979256185813,0.000393864127130621,-0.000307614328764295,0.000702178233093833,0.277233036133281
"bivt",0.001,5000,"0.01",TRUE,0.00128235317918376,-0.00107800691300489,0.000580174946089929,-0.000375828679911058,0.000702178233093833,0.277233036133281
"bivt",0.001,5000,"0.05",TRUE,0.00134207385965832,-0.00121109874207576,0.000419738652377464,-0.000288763534794905,0.000922335207280854,0.324286040128566
"bivt",0.001,5000,"0.1",TRUE,0.00127476896960678,-0.00118550320802149,0.000352433762325925,-0.000263168000740635,0.000922335207280854,0.324286040128566
"bivt",0.001,5000,"0.01",TRUE,0.00148062168945033,-0.00125348520148018,0.000558286482169473,-0.000331149994199323,0.000922335207280854,0.324286040128566
"bivt",0.001,5000,"0.05",TRUE,0.00122525388596451,-0.00104353294682124,0.000496411786842715,-0.000314690847699446,0.000728842099121795,0.293708943100208
"bivt",0.001,5000,"0.1",TRUE,0.00116269978176855,-0.00101826248077224,0.000433857682646758,-0.000289420381650447,0.000728842099121795,0.293708943100208
"bivt",0.001,5000,"0.01",TRUE,0.00135220532670406,-0.00106877036437201,0.00062336322758226,-0.000339928265250217,0.000728842099121795,0.293708943100208
"bivt",0.001,5000,"0.05",TRUE,0.00203758519743096,-0.00175938487686884,0.000674936041776072,-0.00039673572121395,0.00136264915565489,0.234273527249213
"bivt",0.001,5000,"0.1",TRUE,0.00193219930894092,-0.00172589269902837,0.000569550153286026,-0.000363243543373477,0.00136264915565489,0.234273527249213
"bivt",0.001,5000,"0.01",TRUE,0.00223988859043006,-0.00181750653475062,0.000877239434775163,-0.000454857379095729,0.00136264915565489,0.234273527249213
"bivt",0.001,5000,"0.05",TRUE,0.00140414223549982,-0.0011927214039407,0.000481807028218963,-0.00027038619665985,0.000922335207280854,0.283705272020756
"bivt",0.001,5000,"0.1",TRUE,0.00130392311948556,-0.00116684604815707,0.000381587912204709,-0.000244510840876216,0.000922335207280854,0.283705272020756
"bivt",0.001,5000,"0.01",TRUE,0.00155207525957681,-0.00124645057194871,0.000629740052295957,-0.000324115364667854,0.000922335207280854,0.283705272020756
"bivt",0.001,5000,"0.05",TRUE,0.00127829648021277,-0.0011335700761095,0.000466039760025432,-0.000321313355922158,0.000812256720187343,0.302815365047354
"bivt",0.001,5000,"0.1",TRUE,0.00120940909608064,-0.00110154306512569,0.000397152375893294,-0.000289286344938349,0.000812256720187343,0.302815365047354
"bivt",0.001,5000,"0.01",TRUE,0.00146119019251118,-0.0011624684101461,0.000648933472323835,-0.000350211689958752,0.000812256720187343,0.302815365047354
"bivt",0.001,5000,"0.05",TRUE,0.00134381299210639,-0.00118631639655524,0.000531556271919044,-0.000374059676367895,0.000812256720187343,0.247870626766507
"bivt",0.001,5000,"0.1",TRUE,0.00128730001589637,-0.00115250940538093,0.000475043295709024,-0.000340252685193586,0.000812256720187343,0.247870626766507
"bivt",0.001,5000,"0.01",TRUE,0.00152150692991027,-0.00125750645526224,0.000709250209722932,-0.000445249735074895,0.000812256720187343,0.247870626766507
"bivt",0.001,5000,"0.05",TRUE,0.00137920612690385,-0.0011275959918969,0.000566949406716503,-0.000315339271709554,0.000812256720187343,0.29050217662787
"bivt",0.001,5000,"0.1",TRUE,0.00131548222010501,-0.00110519023890337,0.000503225499917663,-0.000292933518716022,0.000812256720187343,0.29050217662787
"bivt",0.001,5000,"0.01",TRUE,0.00149547301434718,-0.00118882833492592,0.000683216294159835,-0.000376571614738576,0.000812256720187343,0.29050217662787
"bivt",0.001,5000,"0.05",TRUE,0.00122941880238495,-0.00102707876366458,0.000527240569291112,-0.000324900530570751,0.000702178233093833,0.274800039086987
"bivt",0.001,5000,"0.1",TRUE,0.00114872787741897,-0.000998758829289211,0.000446549644325134,-0.000296580596195377,0.000702178233093833,0.274800039086987
"bivt",0.001,5000,"0.01",TRUE,0.00136219163298642,-0.00106212493556196,0.000660013399892581,-0.000359946702468132,0.000702178233093833,0.274800039086987
"bivt",0.001,5000,"0.05",TRUE,0.00121736788984987,-0.00102707918645531,0.000515189656756033,-0.000324900953361481,0.000702178233093833,0.27640360820908
"bivt",0.001,5000,"0.1",TRUE,0.00113877490660368,-0.000995622639378774,0.000436596673509846,-0.00029344440628494,0.000702178233093833,0.27640360820908
"bivt",0.001,5000,"0.01",TRUE,0.00138915490442778,-0.00108827837086252,0.000686976671333946,-0.000386100137768687,0.000702178233093833,0.27640360820908
"bivt",0.001,5000,"0.05",TRUE,0.000886725257730566,-0.00077634600327031,0.0004881186198893,-0.000377739365429044,0.000398606637841266,0.270803215496912
"bivt",0.001,5000,"0.1",TRUE,0.000834130655861531,-0.000734327546235347,0.000435524018020265,-0.000335720908394082,0.000398606637841266,0.270803215496912
"bivt",0.001,5000,"0.01",TRUE,0.000960462019882034,-0.000807332821840253,0.000561855382040768,-0.000408726183998987,0.000398606637841266,0.270803215496912
"bivt",0.001,5000,"0.05",TRUE,0.00211151578714722,-0.00186683040212022,0.000638788144398813,-0.000394102759371817,0.0014727276427484,0.260966048542481
"bivt",0.001,5000,"0.1",TRUE,0.00199337709094014,-0.00183209090931702,0.000520649448191739,-0.000359363266568621,0.0014727276427484,0.260966048542481
"bivt",0.001,5000,"0.01",TRUE,0.00227568402196397,-0.00195002246996753,0.000802956379215572,-0.000477294827219123,0.0014727276427484,0.260966048542481
"bivt",0.001,5000,"0.05",TRUE,0.00124856544385721,-0.00112291001879607,0.000436308723669864,-0.000310653298608731,0.000812256720187343,0.296168969723259
"bivt",0.001,5000,"0.1",TRUE,0.00119134176320916,-0.00109989381865074,0.000379085043021814,-0.000287637098463395,0.000812256720187343,0.296168969723259
"bivt",0.001,5000,"0.01",TRUE,0.00142260183574629,-0.00117775224646638,0.000610345115558952,-0.000365495526279037,0.000812256720187343,0.296168969723259
"bivt",0.001,5000,"0.05",TRUE,0.000977443060299868,-0.000833611607364556,0.000468757935365092,-0.00032492648242978,0.000508685124934776,0.329502734208589
"bivt",0.001,5000,"0.1",TRUE,0.000905932248965089,-0.000792160990290657,0.000397247124030314,-0.000283475865355881,0.000508685124934776,0.329502734208589
"bivt",0.001,5000,"0.01",TRUE,0.00105439597083851,-0.00088279043172274,0.000545710845903732,-0.000374105306787964,0.000508685124934776,0.329502734208589
"bivt",0.001,5000,"0.05",TRUE,0.0028886598515412,-0.00245370712638137,0.000865539773325244,-0.000430587048165417,0.00202312007821595,0.210679807095445
"bivt",0.001,5000,"0.1",TRUE,0.00273534615426466,-0.00241731912651161,0.000712226076048704,-0.000394199048295653,0.00202312007821595,0.210679807095445
"bivt",0.001,5000,"0.01",TRUE,0.00311447821549787,-0.00253523530453904,0.00109135813728192,-0.000512115226323087,0.00202312007821595,0.210679807095445
"bivt",0.001,5000,"0.05",TRUE,0.00144272672906781,-0.00121364667515166,0.00063047000888047,-0.000401389954964318,0.000812256720187343,0.275048409655934
"bivt",0.001,5000,"0.1",TRUE,0.0013457532422351,-0.00116990237328042,0.000533496522047761,-0.000357645653093076,0.000812256720187343,0.275048409655934
"bivt",0.001,5000,"0.01",TRUE,0.00154059552558055,-0.00125307998072806,0.000728338805393202,-0.000440823260540716,0.000812256720187343,0.275048409655934
"bivt",0.001,5000,"0.05",TRUE,0.00118994708389805,-0.000949670865742832,0.000597847337897722,-0.000357571119742508,0.000592099746000324,0.267828358691234
"bivt",0.001,5000,"0.1",TRUE,0.00110544135333673,-0.00093871076934112,0.000513341607336407,-0.000346611023340796,0.000592099746000324,0.267828358691234
"bivt",0.001,5000,"0.01",TRUE,0.00136354399447518,-0.000989931046409004,0.000771444248474857,-0.00039783130040868,0.000592099746000324,0.267828358691234
"bivt",0.001,5000,"0.05",TRUE,0.00205685355516563,-0.00175874973459149,0.000694204399510733,-0.000396100578936595,0.00136264915565489,0.236163418343563
"bivt",0.001,5000,"0.1",TRUE,0.00195885959904381,-0.00173743484828913,0.000596210443388916,-0.000374785692634236,0.00136264915565489,0.236163418343563
"bivt",0.001,5000,"0.01",TRUE,0.00220514567916986,-0.00181520788687019,0.000842496523514965,-0.000452558731215295,0.00136264915565489,0.236163418343563
"bivt",0.001,5000,"0.05",TRUE,0.000955750430204083,-0.000812252212931808,0.000473729171297269,-0.000330230954024994,0.000482021258906814,0.332468548316932
"bivt",0.001,5000,"0.1",FALSE,0.000895716328419459,-0.000784853511048801,0.000413695069512645,-0.000302832252141988,0.000482021258906814,0.332468548316932
"bivt",0.001,5000,"0.01",TRUE,0.00107821447242387,-0.000859017695322983,0.000596193213517053,-0.000376996436416169,0.000482021258906814,0.332468548316932
"bivt",0.001,5000,"0.05",TRUE,0.000938291354809621,-0.000679478403222915,0.000566348582996318,-0.000307535631409612,0.000371942771813304,0.26441009824851
"bivt",0.001,5000,"0.1",TRUE,0.000810870642454523,-0.00065123703990972,0.000438927870641219,-0.000279294268096417,0.000371942771813304,0.26441009824851
"bivt",0.001,5000,"0.01",TRUE,0.00110292552519801,-0.000728874911490809,0.000730982753384708,-0.000356932139677505,0.000371942771813304,0.26441009824851
"bivt",0.001,5000,"0.05",TRUE,0.00114638823064603,-0.000957387896956892,0.00052762461861774,-0.000338624284928607,0.000618763612028285,0.297908393804966
"bivt",0.001,5000,"0.1",TRUE,0.00105968794436005,-0.000928864814896036,0.000440924332331761,-0.00031010120286775,0.000618763612028285,0.297908393804966
"bivt",0.001,5000,"0.01",TRUE,0.00124524847336361,-0.00100332309827385,0.00062648486133533,-0.000384559486245565,0.000618763612028285,0.297908393804966
"bivt",0.001,5000,"0.05",TRUE,0.00147949311024747,-0.00126788597602697,0.000557157902966615,-0.000345550768746115,0.000922335207280854,0.267851699531839
"bivt",0.001,5000,"0.1",TRUE,0.00138871013602619,-0.00124315349121621,0.00046637492874534,-0.000320818283935361,0.000922335207280854,0.267851699531839
"bivt",0.001,5000,"0.01",TRUE,0.00163930013561239,-0.00133606070748213,0.000716964928331536,-0.000413725500201272,0.000922335207280854,0.267851699531839
"bivt",0.001,5000,"0.05",TRUE,0.00166928663039309,-0.00150239388415366,0.000526794448925216,-0.00035990170268579,0.00114249218146787,0.264860711237159
"bivt",0.001,5000,"0.1",TRUE,0.0016108494810743,-0.00147076101516838,0.000468357299606425,-0.000328268833700509,0.00114249218146787,0.264860711237159
"bivt",0.001,5000,"0.01",TRUE,0.00184466589669201,-0.0015517319062704,0.000702173715224139,-0.000409239724802527,0.00114249218146787,0.264860711237159
"bivt",0.001,5000,"0.05",TRUE,0.00135510746156188,-0.0011342962341614,0.000542850741374535,-0.000322039513974055,0.000812256720187343,0.297513993996845
"bivt",0.001,5000,"0.1",TRUE,0.00126239159241416,-0.00110921590297631,0.000450134872226814,-0.000296959182788965,0.000812256720187343,0.297513993996845
"bivt",0.001,5000,"0.01",TRUE,0.00144204811580487,-0.00119205079710008,0.000629791395617527,-0.000379794076912734,0.000812256720187343,0.297513993996845
"bivt",0.001,5000,"0.05",TRUE,0.0012249188502144,-0.00104169530447852,0.000522740617120571,-0.000339517071384691,0.000702178233093833,0.31011118379162
"bivt",0.001,5000,"0.1",TRUE,0.00114377768690857,-0.00100989173652736,0.000441599453814735,-0.000307713503433532,0.000702178233093833,0.31011118379162
"bivt",0.001,5000,"0.01",TRUE,0.00135074626753508,-0.00109367612686489,0.00064856803444125,-0.00039149789377106,0.000702178233093833,0.31011118379162
"bivt",0.001,5000,"0.05",TRUE,0.00170454197243468,-0.00144927018784444,0.000672128278060312,-0.000416856493470074,0.00103241369437436,0.236940197009618
"bivt",0.001,5000,"0.1",TRUE,0.00166585691437454,-0.00142596892642863,0.000633443220000174,-0.000393555232054262,0.00103241369437436,0.236940197009618
"bivt",0.001,5000,"0.01",TRUE,0.00200256079094984,-0.00150924017481513,0.000970147096575474,-0.000476826480440766,0.00103241369437436,0.236940197009618
"bivt",0.001,5000,"0.05",TRUE,0.00105305352102298,-0.000801055697131259,0.000544368396088201,-0.000292370572196484,0.000508685124934776,0.319553615072489
"bivt",0.001,5000,"0.1",TRUE,0.000939615739381295,-0.000778227761813745,0.000430930614446519,-0.000269542636878969,0.000508685124934776,0.319553615072489
"bivt",0.001,5000,"0.01",TRUE,0.00115602592016847,-0.000863319173545112,0.000647340795233698,-0.000354634048610337,0.000508685124934776,0.319553615072489
"bivt",0.001,5000,"0.05",TRUE,0.00235524084574861,-0.00202629606924232,0.000772434715906698,-0.000443489939400411,0.00158280612984191,0.224390889086007
"bivt",0.001,5000,"0.1",TRUE,0.00224029439662449,-0.00197999586290358,0.000657488266782581,-0.000397189733061668,0.00158280612984191,0.224390889086007
"bivt",0.001,5000,"0.01",TRUE,0.00263947483592729,-0.00207459568749443,0.00105666870608538,-0.000491789557652521,0.00158280612984191,0.224390889086007
"bivt",0.001,5000,"0.05",TRUE,0.00149267225923088,-0.00130179097051252,0.000570337051950026,-0.000379455763231666,0.000922335207280854,0.235682061894742
"bivt",0.001,5000,"0.1",TRUE,0.00142546721282004,-0.00126683785734617,0.00050313200553919,-0.000344502650065319,0.000922335207280854,0.235682061894742
"bivt",0.001,5000,"0.01",TRUE,0.00166163620552516,-0.001351100390718,0.000739300998244311,-0.000428765183437143,0.000922335207280854,0.235682061894742
"bivt",0.001,5000,"0.05",TRUE,0.00160958836787172,-0.00145098680468104,0.000577174673497358,-0.00041857311030668,0.00103241369437436,0.265967904600313
"bivt",0.001,5000,"0.1",TRUE,0.0015517103115015,-0.00140203031649265,0.000519296617127137,-0.000369616622118288,0.00103241369437436,0.265967904600313
"bivt",0.001,5000,"0.01",TRUE,0.0018346580859758,-0.00149372930085698,0.000802244391601434,-0.000461315606482617,0.00103241369437436,0.265967904600313
"bivt",0.001,5000,"0.05",TRUE,0.00159739824435928,-0.00137628304123076,0.000564984549984914,-0.000343869346856395,0.00103241369437436,0.255141860554301
"bivt",0.001,5000,"0.1",TRUE,0.00155344018916991,-0.00134865719009193,0.000521026494795548,-0.000316243495717572,0.00103241369437436,0.255141860554301
"bivt",0.001,5000,"0.01",TRUE,0.00173517928567696,-0.0014259403766001,0.000702765591302602,-0.000393526682225738,0.00103241369437436,0.255141860554301
"bivt",0.001,5000,"0.05",TRUE,0.00136844523506823,-0.00114501356988887,0.000556188514880886,-0.000332756849701527,0.000812256720187343,0.307928245155753
"bivt",0.001,5000,"0.1",TRUE,0.00127658475000919,-0.00111631920194849,0.000464328029821846,-0.000304062481761149,0.000812256720187343,0.307928245155753
"bivt",0.001,5000,"0.01",TRUE,0.00149520541706203,-0.00119174194045756,0.00068294869687469,-0.000379485220270215,0.000812256720187343,0.307928245155753
"bivt",0.001,5000,"0.05",TRUE,0.00207661227396961,-0.00173669626744208,0.000713963118314713,-0.000374047111787187,0.00136264915565489,0.242143042036463
"bivt",0.001,5000,"0.1",TRUE,0.00196757673015755,-0.00170503522720374,0.000604927574502652,-0.000342386071548848,0.00136264915565489,0.242143042036463
"bivt",0.001,5000,"0.01",TRUE,0.00230280387098615,-0.00178024507253148,0.000940154715331257,-0.000417595916876585,0.00136264915565489,0.242143042036463
"bivt",0.001,5000,"0.05",TRUE,0.00193911895559667,-0.00167860158892707,0.000686548287035288,-0.00042603092036569,0.00125257066856138,0.218539653358611
"bivt",0.001,5000,"0.1",TRUE,0.00183391848866482,-0.0016396542356102,0.000581347820103433,-0.000387083567048813,0.00125257066856138,0.218539653358611
"bivt",0.001,5000,"0.01",TRUE,0.00216314132982455,-0.00173818185107868,0.000910570661263163,-0.000485611182517293,0.00125257066856138,0.218539653358611
"bivt",0.001,5000,"0.05",TRUE,0.00132326806640957,-0.00117134717038389,0.000511011346222228,-0.000359090450196552,0.000812256720187343,0.296963937235096
"bivt",0.001,5000,"0.1",TRUE,0.00123282013380166,-0.00111999894265811,0.000420563413614315,-0.000307742222470767,0.000812256720187343,0.296963937235096
"bivt",0.001,5000,"0.01",TRUE,0.00152857247758403,-0.00121416875500836,0.000716315757396682,-0.000401912034821022,0.000812256720187343,0.296963937235096
"bivt",0.001,5000,"0.05",TRUE,0.000878008299522361,-0.000692625685196167,0.000506065527709057,-0.000320682913382863,0.000371942771813304,0.323884735006845
"bivt",0.001,5000,"0.1",TRUE,0.000798632476733746,-0.000664681014957361,0.000426689704920442,-0.000292738243144058,0.000371942771813304,0.323884735006845
"bivt",0.001,5000,"0.01",TRUE,0.000973835892348526,-0.000732311201707878,0.000601893120535222,-0.000360368429894574,0.000371942771813304,0.323884735006845
"bivt",0.001,5000,"0.05",TRUE,0.00184907160084263,-0.00152525273128093,0.000706579419374753,-0.000382760549813058,0.00114249218146787,0.232428764748022
"bivt",0.001,5000,"0.1",TRUE,0.00175870907015691,-0.0014993184040437,0.000616216888689038,-0.000356826222575822,0.00114249218146787,0.232428764748022
"bivt",0.001,5000,"0.01",TRUE,0.00215498353074759,-0.00161335600063703,0.00101249134927972,-0.000470863819169157,0.00114249218146787,0.232428764748022
"bivt",0.001,5000,"0.05",TRUE,0.00282040560666801,-0.00236800152880815,0.000907364015545568,-0.000454959937685704,0.00191304159112244,0.219622739909392
"bivt",0.001,5000,"0.1",TRUE,0.00271125473420808,-0.00233935856235048,0.000798213143085639,-0.000426316971228039,0.00191304159112244,0.219622739909392
"bivt",0.001,5000,"0.01",TRUE,0.00312980027237484,-0.00243671937236617,0.00121675868125239,-0.000523677781243723,0.00191304159112244,0.219622739909392
"bivt",0.001,5000,"0.05",TRUE,0.00135698666926986,-0.00115365769804511,0.000544729949082514,-0.000341400977857765,0.000812256720187343,0.270690553258312
"bivt",0.001,5000,"0.1",TRUE,0.0012611304291275,-0.0011291745524821,0.000448873708940158,-0.00031691783229476,0.000812256720187343,0.270690553258312
"bivt",0.001,5000,"0.01",TRUE,0.00148391141112811,-0.00122333032488282,0.000671654690940771,-0.000411073604695479,0.000812256720187343,0.270690553258312
"bivt",0.001,5000,"0.05",TRUE,0.00105627932101064,-0.000903369572843879,0.000464179575010317,-0.000311269826843555,0.000592099746000324,0.286952643882542
"bivt",0.001,5000,"0.1",TRUE,0.00098677507410593,-0.0008823707981306,0.000394675328105606,-0.000290271052130276,0.000592099746000324,0.286952643882542
"bivt",0.001,5000,"0.01",TRUE,0.00122625192925172,-0.000937312277017969,0.0006341521832514,-0.000345212531017645,0.000592099746000324,0.286952643882542
"bivt",0.001,5000,"0.05",TRUE,0.000873045393553412,-0.000726588200038929,0.000474438755712146,-0.000327981562197664,0.000398606637841266,0.330414737129751
"bivt",0.001,5000,"0.1",TRUE,0.000792045918043711,-0.000704753131458574,0.000393439280202445,-0.000306146493617308,0.000398606637841266,0.330414737129751
"bivt",0.001,5000,"0.01",TRUE,0.00100357221343351,-0.00075762177517639,0.00060496557559224,-0.000359015137335125,0.000398606637841266,0.330414737129751
"bivt",0.001,5000,"0.05",TRUE,0.000992675809188043,-0.000808123756687354,0.000510654550281229,-0.00032610249778054,0.000482021258906814,0.304705206163194
"bivt",0.001,5000,"0.1",TRUE,0.000908545630611517,-0.000783082986080151,0.000426524371704703,-0.000301061727173338,0.000482021258906814,0.304705206163194
"bivt",0.001,5000,"0.01",TRUE,0.00110309747294593,-0.000852562402784081,0.000621076214039119,-0.000370541143877267,0.000482021258906814,0.304705206163194
"bivt",0.001,5000,"0.05",TRUE,0.00148915945159196,-0.00125584803645987,0.000566824244311107,-0.000333512829179019,0.000922335207280854,0.272017065164341
"bivt",0.001,5000,"0.1",TRUE,0.00140305679489114,-0.00122371603243649,0.000480721587610286,-0.000301380825155639,0.000922335207280854,0.272017065164341
"bivt",0.001,5000,"0.01",TRUE,0.00158399184639355,-0.00131237706642707,0.000661656639112694,-0.000390041859146221,0.000922335207280854,0.272017065164341
"bivt",0.001,5000,"0.05",TRUE,0.00124132791285474,-0.00105626488324485,0.000539149679760909,-0.000354086650151019,0.000702178233093833,0.263887018321318
"bivt",0.001,5000,"0.1",TRUE,0.00117867069341099,-0.00102485879935394,0.000476492460317159,-0.00032268056626011,0.000702178233093833,0.263887018321318
"bivt",0.001,5000,"0.01",TRUE,0.00140678674976499,-0.00109952347845606,0.00070460851667116,-0.000397345245362229,0.000702178233093833,0.263887018321318
"bivt",0.001,5000,"0.05",TRUE,0.00248996059600037,-0.00221590071437201,0.000686997491971438,-0.000412937610343082,0.00180296310402893,0.223600996790519
"bivt",0.001,5000,"0.1",TRUE,0.00241783697051982,-0.00218490786804655,0.00061487386649089,-0.000381944764017616,0.00180296310402893,0.223600996790519
"bivt",0.001,5000,"0.01",TRUE,0.00268294623935435,-0.002261989564458,0.000879983135325413,-0.000459026460429067,0.00180296310402893,0.223600996790519
"bivt",0.001,5000,"0.05",TRUE,0.00185436936565991,-0.00163622756859264,0.00060179869709853,-0.000383656900031262,0.00125257066856138,0.232979587043112
"bivt",0.001,5000,"0.1",TRUE,0.00176823991618055,-0.00158829659450055,0.000515669247619164,-0.000335725925939171,0.00125257066856138,0.232979587043112
"bivt",0.001,5000,"0.01",TRUE,0.00204511141290053,-0.00170421649776059,0.000792540744339151,-0.000451645829199202,0.00125257066856138,0.232979587043112
"bivt",0.001,5000,"0.05",TRUE,0.00123874892952736,-0.00107316942821608,0.00053657069643353,-0.000370991195122247,0.000702178233093833,0.270671893561486
"bivt",0.001,5000,"0.1",TRUE,0.00117177252418632,-0.00104674251225657,0.000469594291092488,-0.000344564279162733,0.000702178233093833,0.270671893561486
"bivt",0.001,5000,"0.01",TRUE,0.00137092530729534,-0.00111200159252805,0.000668747074201509,-0.000409823359434214,0.000702178233093833,0.270671893561486
"bivt",0.001,5000,"0.05",TRUE,0.0014830658584893,-0.001280791297192,0.00056073065120845,-0.00035845608991115,0.000922335207280854,0.270421987547295
"bivt",0.001,5000,"0.1",TRUE,0.00142258471557229,-0.00124506051221362,0.000500249508291434,-0.000322725304932771,0.000922335207280854,0.270421987547295
"bivt",0.001,5000,"0.01",TRUE,0.00162422965168906,-0.00131593932537172,0.000701894444408202,-0.000393604118090866,0.000922335207280854,0.270421987547295
"bivt",0.001,5000,"0.05",TRUE,0.00165616356335552,-0.00149542386293471,0.000513671381887644,-0.000352931681466836,0.00114249218146787,0.262785003565567
"bivt",0.001,5000,"0.1",TRUE,0.00158691595357585,-0.00146466048191688,0.000444423772107977,-0.000322168300449009,0.00114249218146787,0.262785003565567
"bivt",0.001,5000,"0.01",TRUE,0.00184274293522577,-0.00155410153143458,0.0007002507537579,-0.000411609349966705,0.00114249218146787,0.262785003565567
"bivt",0.001,5000,"0.05",TRUE,0.000777380117911733,-0.00070088815297129,0.000378773480070467,-0.000302281515130024,0.000398606637841266,0.334909387674778
"bivt",0.001,5000,"0.1",TRUE,0.00076356634721697,-0.000658577809268625,0.000364959709375704,-0.00025997117142736,0.000398606637841266,0.334909387674778
"bivt",0.001,5000,"0.01",TRUE,0.000870931450006255,-0.000748632646181711,0.000472324812164989,-0.000350026008340445,0.000398606637841266,0.334909387674778
"bivt",0.001,5000,"0.05",TRUE,0.00208876039125995,-0.00178384933704733,0.000726111235605062,-0.000421200181392437,0.00136264915565489,0.264528565904467
"bivt",0.001,5000,"0.1",TRUE,0.00201968233758587,-0.00174628972023231,0.000657033181930978,-0.000383640564577417,0.00136264915565489,0.264528565904467
"bivt",0.001,5000,"0.01",TRUE,0.00230009243864244,-0.00186659191971092,0.000937443282987544,-0.000503942764056025,0.00136264915565489,0.264528565904467
"bivt",0.001,5000,"0.05",TRUE,0.00107449359836684,-0.000928274959947765,0.000482393852366516,-0.000336175213947441,0.000592099746000324,0.313011378424428
"bivt",0.001,5000,"0.1",TRUE,0.00100661215368087,-0.000890866140824407,0.000414512407680543,-0.000298766394824083,0.000592099746000324,0.313011378424428
"bivt",0.001,5000,"0.01",TRUE,0.0012926146150747,-0.00100019822321113,0.000700514869074378,-0.000408098477210805,0.000592099746000324,0.313011378424428
"bivt",0.001,5000,"0.05",TRUE,0.0010819521576567,-0.000898615066929253,0.000489852411656374,-0.000306515320928929,0.000592099746000324,0.292819848184307
"bivt",0.001,5000,"0.1",TRUE,0.00104013373654759,-0.000887963951262879,0.000448033990547266,-0.000295864205262555,0.000592099746000324,0.292819848184307
"bivt",0.001,5000,"0.01",TRUE,0.00124548499922083,-0.000961514646593479,0.000653385253220509,-0.000369414900593155,0.000592099746000324,0.292819848184307
"bivt",0.001,5000,"0.05",TRUE,0.00175339134342353,-0.00140266428630266,0.000720977649049164,-0.000370250591928299,0.00103241369437436,0.257998072212262
"bivt",0.001,5000,"0.1",TRUE,0.00166424373629071,-0.00138289174479452,0.000631830041916342,-0.000350478050420159,0.00103241369437436,0.257998072212262
"bivt",0.001,5000,"0.01",TRUE,0.00186037814838026,-0.00145855560395387,0.000827964454005895,-0.000426141909579511,0.00103241369437436,0.257998072212262
"bivt",0.001,5000,"0.05",TRUE,0.00246509928280317,-0.00215882006038252,0.000772214665867745,-0.000465935443447097,0.00169288461693542,0.219193184242761
"bivt",0.001,5000,"0.1",TRUE,0.00238032069264122,-0.00212027441828429,0.0006874360757058,-0.00042738980134887,0.00169288461693542,0.219193184242761
"bivt",0.001,5000,"0.01",TRUE,0.00286198191280693,-0.00222100402281155,0.00116909729587151,-0.000528119405876125,0.00169288461693542,0.219193184242761
"bivt",0.001,5000,"0.05",TRUE,0.00135306941698895,-0.00113329112012889,0.000540812696801604,-0.000321034399941549,0.000812256720187343,0.25485825563706
"bivt",0.001,5000,"0.1",TRUE,0.00129735297881169,-0.0011079644592977,0.000485096258624343,-0.000295707739110355,0.000812256720187343,0.25485825563706
"bivt",0.001,5000,"0.01",TRUE,0.00150709954511742,-0.00119857585198182,0.00069484282493008,-0.000386319131794478,0.000812256720187343,0.25485825563706
"bivt",0.001,5000,"0.05",TRUE,0.00111137566291493,-0.00095072303272593,0.000492612050886649,-0.000331959420697645,0.000618763612028285,0.3035418252505
"bivt",0.001,5000,"0.1",TRUE,0.00104262985720178,-0.000918419223803761,0.000423866245173496,-0.000299655611775475,0.000618763612028285,0.3035418252505
"bivt",0.001,5000,"0.01",TRUE,0.00124962338920921,-0.00100796582848949,0.000630859777180927,-0.000389202216461201,0.000618763612028285,0.3035418252505
"bivt",0.001,5000,"0.05",TRUE,0.00102531638026977,-0.000822226414997311,0.000543295121362952,-0.000340205156090497,0.000482021258906814,0.306303264485661
"bivt",0.001,5000,"0.1",TRUE,0.00098800419864325,-0.000794828084754334,0.000505982939736436,-0.000312806825847521,0.000482021258906814,0.306303264485661
"bivt",0.001,5000,"0.01",TRUE,0.0012119229233544,-0.000860209861661291,0.000729901664447588,-0.000378188602754478,0.000482021258906814,0.306303264485661
"bivt",0.001,5000,"0.05",TRUE,0.00195978192463291,-0.00162813222407958,0.000707211256071525,-0.000375561555518198,0.00125257066856138,0.257261653224301
"bivt",0.001,5000,"0.1",TRUE,0.00184189765036784,-0.00159151100693184,0.00058932698180646,-0.000338940338370453,0.00125257066856138,0.257261653224301
"bivt",0.001,5000,"0.01",TRUE,0.00212578424585147,-0.0016866730860678,0.000873213577290088,-0.000434102417506413,0.00125257066856138,0.257261653224301
"bivt",0.001,5000,"0.05",TRUE,0.00253043273845034,-0.00231311260451511,0.000617391147327901,-0.000400071013392665,0.00191304159112244,0.219223618517831
"bivt",0.001,5000,"0.1",TRUE,0.0024238187051817,-0.00229497867849735,0.000510777114059259,-0.000381937087374907,0.00191304159112244,0.219223618517831
"bivt",0.001,5000,"0.01",TRUE,0.00296091411581684,-0.00239868307770246,0.0010478725246944,-0.000485641486580014,0.00191304159112244,0.219223618517831
"bivt",0.001,5000,"0.05",TRUE,0.00114867966685803,-0.000931064243420746,0.000556579920857701,-0.000338964497420422,0.000592099746000324,0.275839023911812
"bivt",0.001,5000,"0.1",TRUE,0.00108494591114156,-0.000905073588609768,0.000492846165141238,-0.000312973842609444,0.000592099746000324,0.275839023911812
"bivt",0.001,5000,"0.01",TRUE,0.00130839018750667,-0.000964750382618137,0.000716290441506346,-0.000372650636617813,0.000592099746000324,0.275839023911812
"bivt",0.001,5000,"0.05",TRUE,0.000897918981545385,-0.000785300437682599,0.000415897722638572,-0.000303279178775786,0.000482021258906814,0.331856022788797
"bivt",0.001,5000,"0.1",TRUE,0.000837307069486225,-0.000750837102845499,0.000355285810579411,-0.000268815843938686,0.000482021258906814,0.331856022788797
"bivt",0.001,5000,"0.01",TRUE,0.00104661457956635,-0.000819190159122111,0.00056459332065954,-0.000337168900215298,0.000482021258906814,0.331856022788797
"bivt",0.001,5000,"0.05",TRUE,0.00126811086725748,-0.00103957607887633,0.000565932634163649,-0.0003373978457825,0.000702178233093833,0.283573580370209
"bivt",0.001,5000,"0.1",TRUE,0.00111982941569441,-0.00100139200682562,0.000417651182600577,-0.000299213773731782,0.000702178233093833,0.283573580370209
"bivt",0.001,5000,"0.01",TRUE,0.00138623242680685,-0.0010995255907646,0.00068405419371302,-0.000397347357670763,0.000702178233093833,0.283573580370209
"bivt",0.001,5000,"0.05",TRUE,0.00129575478258825,-0.00111856615812893,0.000483498062400908,-0.000306309437941587,0.000812256720187343,0.286666169149268
"bivt",0.001,5000,"0.1",TRUE,0.00122023788327372,-0.00110322524939612,0.000407981163086379,-0.000290968529208779,0.000812256720187343,0.286666169149268
"bivt",0.001,5000,"0.01",TRUE,0.00151959284296334,-0.00115579879731972,0.000707336122775997,-0.000343542077132381,0.000812256720187343,0.286666169149268
"bivt",0.001,5000,"0.05",TRUE,0.00152120131345129,-0.00128786371056397,0.000598866106170434,-0.000365528503283121,0.000922335207280854,0.248399281461396
"bivt",0.001,5000,"0.1",TRUE,0.00146841157757166,-0.00126010012346865,0.00054607637029081,-0.000337764916187794,0.000922335207280854,0.248399281461396
"bivt",0.001,5000,"0.01",TRUE,0.00173448920094706,-0.00134856691862822,0.000812153993666203,-0.000426231711347365,0.000922335207280854,0.248399281461396
"bivt",0.001,5000,"0.05",TRUE,0.00197483613098942,-0.00174061437412826,0.000612186975334525,-0.000377965218473368,0.00136264915565489,0.257905112069406
"bivt",0.001,5000,"0.1",TRUE,0.00187346911231589,-0.00170695052302269,0.000510819956660994,-0.000344301367367801,0.00136264915565489,0.257905112069406
"bivt",0.001,5000,"0.01",TRUE,0.00215128113829551,-0.00179259464446792,0.00078863198264062,-0.000429945488813031,0.00136264915565489,0.257905112069406
"bivt",0.001,5000,"0.05",TRUE,0.00150944984146773,-0.0012536553050879,0.000587114634186877,-0.000331320097807045,0.000922335207280854,0.298590909289086
"bivt",0.001,5000,"0.1",TRUE,0.00140043593155877,-0.00122115124413175,0.000478100724277918,-0.000298816036850897,0.000922335207280854,0.298590909289086
"bivt",0.001,5000,"0.01",TRUE,0.00179518429007428,-0.0012851156748107,0.000872849082793431,-0.000362780467529842,0.000922335207280854,0.298590909289086
"bivt",0.001,5000,"0.05",TRUE,0.00123078860038334,-0.00113018546976114,0.000391868014168039,-0.000291264883545831,0.000838920586215305,0.314201930499185
"bivt",0.001,5000,"0.1",TRUE,0.00121656287049264,-0.00110560898760782,0.000377642284277336,-0.000266688401392516,0.000838920586215305,0.314201930499185
"bivt",0.001,5000,"0.01",TRUE,0.00131419327713136,-0.0011865600006728,0.000475272690916056,-0.000347639414457496,0.000838920586215305,0.314201930499185
"bivt",0.001,5000,"0.05",TRUE,0.0018624877534018,-0.00157056994145536,0.000719995571933931,-0.00042807775998749,0.00114249218146787,0.230297518438215
"bivt",0.001,5000,"0.1",TRUE,0.00177098799252947,-0.00152931534840503,0.000628495811061594,-0.000386823166937152,0.00114249218146787,0.230297518438215
"bivt",0.001,5000,"0.01",TRUE,0.00205486938840024,-0.00164796148540399,0.000912377206932367,-0.000505469303936118,0.00114249218146787,0.230297518438215
"bivt",0.001,5000,"0.05",TRUE,0.00285098510470039,-0.00248276804784659,0.000827865026484435,-0.000459647969630638,0.00202312007821595,0.233826583642215
"bivt",0.001,5000,"0.1",TRUE,0.00272420412535455,-0.00245793806140312,0.000701084047138599,-0.000434817983187172,0.00202312007821595,0.233826583642215
"bivt",0.001,5000,"0.01",TRUE,0.00311114434743656,-0.00254599215567603,0.00108802426922061,-0.000522872077460077,0.00202312007821595,0.233826583642215
"bivt",0.001,5000,"0.05",TRUE,0.00214192100883863,-0.00190452371955557,0.000669193366090232,-0.000431796076807165,0.0014727276427484,0.246399595370784
"bivt",0.001,5000,"0.1",TRUE,0.00206366865088812,-0.00184963441323629,0.000590941008139714,-0.00037690677048789,0.0014727276427484,0.246399595370784
"bivt",0.001,5000,"0.01",TRUE,0.0022888276763642,-0.00196036966232949,0.000816100033615795,-0.000487642019581088,0.0014727276427484,0.246399595370784
"bivt",0.001,5000,"0.05",TRUE,0.00109275333836806,-0.000927628126947365,0.000500653592367736,-0.000335528380947041,0.000592099746000324,0.284422447544242
"bivt",0.001,5000,"0.1",TRUE,0.00104329612765348,-0.000896909710164744,0.000451196381653154,-0.00030480996416442,0.000592099746000324,0.284422447544242
"bivt",0.001,5000,"0.01",TRUE,0.00125417881489042,-0.000972862963158423,0.0006620790688901,-0.000380763217158099,0.000592099746000324,0.284422447544242
"bivt",0.001,5000,"0.05",TRUE,0.00170125954852298,-0.00151402952443181,0.000558767367055102,-0.000371537342963936,0.00114249218146787,0.290094925264199
"bivt",0.001,5000,"0.1",TRUE,0.0016341317091095,-0.00149312126842203,0.000491639527641624,-0.000350629086954161,0.00114249218146787,0.290094925264199
"bivt",0.001,5000,"0.01",TRUE,0.00196253849808636,-0.0015838016469392,0.000820046316618486,-0.000441309465471325,0.00114249218146787,0.290094925264199
"bivt",0.001,5000,"0.05",TRUE,0.00158981929478712,-0.00121452404222895,0.000777562574599778,-0.000402267322041606,0.000812256720187343,0.23313231381963
"bivt",0.001,5000,"0.1",TRUE,0.00139860843469523,-0.00118416619761247,0.000586351714507889,-0.000371909477425131,0.000812256720187343,0.23313231381963
"bivt",0.001,5000,"0.01",TRUE,0.00174079228371698,-0.00127901369389397,0.000928535563529642,-0.000466756973706627,0.000812256720187343,0.23313231381963
"bivt",0.001,5000,"0.05",TRUE,0.00177223591482656,-0.00152184207372013,0.000629743733358687,-0.000379349892252254,0.00114249218146787,0.286226641721923
"bivt",0.001,5000,"0.1",TRUE,0.00167437892621902,-0.00149041756565346,0.000531886744751145,-0.000347925384185583,0.00114249218146787,0.286226641721923
"bivt",0.001,5000,"0.01",TRUE,0.00205506053945413,-0.00158121953308402,0.000912568357986256,-0.000438727351616144,0.00114249218146787,0.286226641721923
"bivt",0.001,5000,"0.05",TRUE,0.0011554433256891,-0.00102590705405197,0.000453265092595267,-0.00032372882095814,0.000702178233093833,0.284487165684398
"bivt",0.001,5000,"0.1",TRUE,0.00109332495830469,-0.00100285171251784,0.000391146725210861,-0.000300673479424011,0.000702178233093833,0.284487165684398
"bivt",0.001,5000,"0.01",TRUE,0.00128500569857332,-0.00107079138013183,0.000582827465479484,-0.000368613147037992,0.000702178233093833,0.284487165684398
"bivt",0.001,5000,"0.05",TRUE,0.00150755545289867,-0.00126433661549485,0.000585220245617815,-0.000342001408213996,0.000922335207280854,0.234672749080292
"bivt",0.001,5000,"0.1",TRUE,0.00143633523804728,-0.00123332377147946,0.000514000030766426,-0.000310988564198607,0.000922335207280854,0.234672749080292
"bivt",0.001,5000,"0.01",TRUE,0.00168519986050144,-0.00131912806557772,0.000762864653220591,-0.000396792858296869,0.000922335207280854,0.234672749080292
"bivt",0.001,5000,"0.05",TRUE,0.00152542757579785,-0.00128796718824877,0.000603092368516998,-0.000365631980967921,0.000922335207280854,0.278559409674805
"bivt",0.001,5000,"0.1",TRUE,0.00138737974896759,-0.00125293994172306,0.000465044541686734,-0.000330604734442208,0.000922335207280854,0.278559409674805
"bivt",0.001,5000,"0.01",TRUE,0.00164124280616903,-0.00135972618663245,0.00071890759888818,-0.000437390979351596,0.000922335207280854,0.278559409674805
"bivt",0.001,5000,"0.05",TRUE,0.0010961100482306,-0.000998699330060269,0.000367267949108804,-0.000269857230938474,0.000728842099121795,0.329951306553086
"bivt",0.001,5000,"0.1",TRUE,0.00104833047274918,-0.000977547945778993,0.00031948837362739,-0.000248705846657198,0.000728842099121795,0.329951306553086
"bivt",0.001,5000,"0.01",TRUE,0.00120030779548851,-0.00103250921023783,0.00047146569636671,-0.000303667111116038,0.000728842099121795,0.329951306553086
"bivt",0.001,5000,"0.05",TRUE,0.00109429368623189,-0.000979016078230524,0.000502193940231568,-0.0003869163322302,0.000592099746000324,0.271430282801986
"bivt",0.001,5000,"0.1",TRUE,0.00104685891233599,-0.000936307428550434,0.000454759166335666,-0.00034420768255011,0.000592099746000324,0.271430282801986
"bivt",0.001,5000,"0.01",TRUE,0.00125399073943345,-0.00104534340548999,0.000661890993433129,-0.000453243659489666,0.000592099746000324,0.271430282801986
"bivt",0.001,5000,"0.05",TRUE,0.00130510160349581,-0.00110760201120128,0.000492844883308466,-0.000295345291013936,0.000812256720187343,0.303116976288626
"bivt",0.001,5000,"0.1",TRUE,0.0012261934981479,-0.00108479899710474,0.000413936777960552,-0.000272542276917396,0.000812256720187343,0.303116976288626
"bivt",0.001,5000,"0.01",TRUE,0.00147386909805094,-0.00115832556219135,0.000661612377863592,-0.000346068842004006,0.000812256720187343,0.303116976288626
"bivt",0.001,5000,"0.05",TRUE,0.00233404318153286,-0.00203914338398618,0.000751237051690951,-0.000456337254144269,0.00158280612984191,0.231461665286994
"bivt",0.001,5000,"0.1",TRUE,0.00225718922329894,-0.00200265618973001,0.000674383093457031,-0.000419850059888093,0.00158280612984191,0.231461665286994
"bivt",0.001,5000,"0.01",TRUE,0.0025607465103691,-0.00210993039404931,0.000977940380527188,-0.000527124264207395,0.00158280612984191,0.231461665286994
"bivt",0.001,5000,"0.05",TRUE,0.00125459507694375,-0.00113707340914123,0.00052575297782195,-0.000408231310019437,0.000728842099121795,0.311449797704443
"bivt",0.001,5000,"0.1",TRUE,0.00117541359762897,-0.00106178491479017,0.000446571498507173,-0.000332942815668375,0.000728842099121795,0.311449797704443
"bivt",0.001,5000,"0.01",TRUE,0.00141206474211091,-0.00115715571482831,0.000683222642989113,-0.000428313615706512,0.000728842099121795,0.311449797704443
"bivt",0.001,5000,"0.05",TRUE,0.000881986400156059,-0.000683175812698498,0.000510043628342755,-0.000311233040885194,0.000371942771813304,0.296472880304154
"bivt",0.001,5000,"0.1",TRUE,0.000789679719924574,-0.000654114837966776,0.00041773694811127,-0.000282172066153472,0.000371942771813304,0.296472880304154
"bivt",0.001,5000,"0.01",TRUE,0.00102467000632062,-0.000737559042573506,0.000652727234507321,-0.000365616270760202,0.000371942771813304,0.296472880304154
"bivt",0.001,5000,"0.05",TRUE,0.00191896212346045,-0.00158243069242482,0.000666391454899064,-0.000329860023863433,0.00125257066856138,0.247574978509862
"bivt",0.001,5000,"0.1",TRUE,0.00179193405108405,-0.00155248753986364,0.000539363382522662,-0.000299916871302259,0.00125257066856138,0.247574978509862
"bivt",0.001,5000,"0.01",TRUE,0.00203342548884789,-0.00162976918752309,0.000780854820286504,-0.000377198518961706,0.00125257066856138,0.247574978509862
"bivt",0.001,5000,"0.05",TRUE,0.00234320958854099,-0.00201259535693535,0.000760403458699078,-0.000429789227093434,0.00158280612984191,0.240609037480254
"bivt",0.001,5000,"0.1",TRUE,0.00225529959618721,-0.00198302459358105,0.000672493466345302,-0.000400218463739138,0.00158280612984191,0.240609037480254
"bivt",0.001,5000,"0.01",TRUE,0.00257981528659795,-0.00208921761028164,0.000997009156756033,-0.000506411480439723,0.00158280612984191,0.240609037480254
"bivt",0.001,5000,"0.05",FALSE,0.000910470332565489,-0.00083659659560286,0.000401785207630713,-0.000327911470668085,0.000508685124934776,0.331197726412792
"bivt",0.001,5000,"0.1",FALSE,0.000864567075422405,-0.000802909019202553,0.000355881950487629,-0.000294223894267778,0.000508685124934776,0.331197726412792
"bivt",0.001,5000,"0.01",TRUE,0.00100076185525269,-0.000882108749539487,0.000492076730317916,-0.000373423624604711,0.000508685124934776,0.331197726412792
"bivt",0.001,5000,"0.05",TRUE,0.00104701019317008,-0.00087199464057795,0.000538325068235308,-0.000363309515643175,0.000508685124934776,0.295979289725516
"bivt",0.001,5000,"0.1",TRUE,0.000969181239917494,-0.00082859934718232,0.000460496114982718,-0.000319914222247544,0.000508685124934776,0.295979289725516
"bivt",0.001,5000,"0.01",TRUE,0.0011585226500034,-0.000912924322870671,0.00064983752506862,-0.000404239197935896,0.000508685124934776,0.295979289725516
"bivt",0.001,5000,"0.05",TRUE,0.0013309535250279,-0.00125682729806671,0.000381954451719083,-0.000307828224757895,0.000948999073308815,0.350473384216591
"bivt",0.001,5000,"0.1",TRUE,0.00129082963271101,-0.00122326326958406,0.000341830559402199,-0.000274264196275247,0.000948999073308815,0.350473384216591
"bivt",0.001,5000,"0.01",TRUE,0.00146640504682897,-0.00129888170998351,0.00051740597352015,-0.000349882636674698,0.000948999073308815,0.350473384216591
"bivt",0.001,5000,"0.05",TRUE,0.00143051209591028,-0.00129732412010788,0.000508176888629427,-0.000374988912827031,0.000922335207280854,0.274573379025627
"bivt",0.001,5000,"0.1",TRUE,0.00135629113867174,-0.00125585792641687,0.000433955931390888,-0.000333522719136012,0.000922335207280854,0.274573379025627
"bivt",0.001,5000,"0.01",TRUE,0.00154796672997098,-0.00135514849268438,0.000625631522690124,-0.000432813285403524,0.000922335207280854,0.274573379025627
"bivt",0.001,5000,"0.05",TRUE,0.00139953908864227,-0.00116969231253789,0.000697360855548439,-0.000467514079444056,0.000702178233093833,0.23763984929902
"bivt",0.001,5000,"0.1",TRUE,0.00125110963427318,-0.00114034463443253,0.000548931401179346,-0.000438166401338696,0.000702178233093833,0.23763984929902
"bivt",0.001,5000,"0.01",TRUE,0.00160094956690449,-0.00120627689377336,0.000898771333810653,-0.000504098660679531,0.000702178233093833,0.23763984929902
"bivt",0.001,5000,"0.05",TRUE,0.00168270501158951,-0.00143550324293631,0.000650291317215145,-0.000403089548561948,0.00103241369437436,0.265944949452694
"bivt",0.001,5000,"0.1",TRUE,0.00160842027448846,-0.00138463871879121,0.000576006580114098,-0.000352225024416851,0.00103241369437436,0.265944949452694
"bivt",0.001,5000,"0.01",TRUE,0.00183568637517655,-0.00149955401589088,0.000803272680802187,-0.000467140321516517,0.00103241369437436,0.265944949452694
"bivt",0.001,5000,"0.05",TRUE,0.000993477539925494,-0.000853837197795443,0.000484792414990718,-0.000345152072860668,0.000508685124934776,0.263700086298345
"bivt",0.001,5000,"0.1",TRUE,0.000946291386584673,-0.000817548565804153,0.000437606261649897,-0.000308863440869377,0.000508685124934776,0.263700086298345
"bivt",0.001,5000,"0.01",TRUE,0.00122071727620119,-0.000906242312489812,0.000712032151266414,-0.000397557187555036,0.000508685124934776,0.263700086298345
"bivt",0.001,5000,"0.05",TRUE,0.00104551252118383,-0.000818883898368883,0.000563491262277019,-0.000336862639462069,0.000482021258906814,0.297151071042748
"bivt",0.001,5000,"0.1",TRUE,0.000938523589206898,-0.000787588518595317,0.000456502330300085,-0.000305567259688504,0.000482021258906814,0.297151071042748
"bivt",0.001,5000,"0.01",TRUE,0.00115016460805867,-0.000876322595854641,0.00066814334915186,-0.000394301336947828,0.000482021258906814,0.297151071042748
"bivt",0.001,5000,"0.05",TRUE,0.00172636112944093,-0.00144019751951491,0.000583868947973061,-0.000297705338047038,0.00114249218146787,0.260940574178026
"bivt",0.001,5000,"0.1",TRUE,0.0016409947816574,-0.0014173127386666,0.000498502600189524,-0.000274820557198729,0.00114249218146787,0.260940574178026
"bivt",0.001,5000,"0.01",TRUE,0.00188351147566229,-0.00149651758847446,0.000741019294194416,-0.000354025407006586,0.00114249218146787,0.260940574178026
"bivt",0.001,5000,"0.05",TRUE,0.000694582328855147,-0.000562893512733444,0.000432718044135353,-0.00030102922801365,0.000261864284719794,0.275299995885911
"bivt",0.001,5000,"0.1",TRUE,0.000645976186730447,-0.000530613611825253,0.000384111902010653,-0.000268749327105459,0.000261864284719794,0.275299995885911
"bivt",0.001,5000,"0.01",TRUE,0.000869395981052631,-0.000620843914037216,0.000607531696332837,-0.000358979629317422,0.000261864284719794,0.275299995885911
"bivt",0.001,5000,"0.05",TRUE,0.00132341384757609,-0.00108678409682103,0.000621235614482258,-0.000384605863727192,0.000702178233093833,0.277320474224364
"bivt",0.001,5000,"0.1",TRUE,0.00119545771171948,-0.00104833092383767,0.000493279478625642,-0.000346152690743836,0.000702178233093833,0.277320474224364
"bivt",0.001,5000,"0.01",TRUE,0.00148762375224034,-0.00114871097066796,0.000785445519146508,-0.000446532737574122,0.000702178233093833,0.277320474224364
"bivt",0.001,5000,"0.05",TRUE,0.00141624593743425,-0.0012278655630083,0.000493910730153401,-0.000305530355727445,0.000922335207280854,0.320230419082198
"bivt",0.001,5000,"0.1",TRUE,0.00133384091536519,-0.00120015550129052,0.000411505708084341,-0.000277820294009664,0.000922335207280854,0.320230419082198
"bivt",0.001,5000,"0.01",TRUE,0.00157684832922832,-0.00128545049313484,0.000654513121947469,-0.000363115285853988,0.000922335207280854,0.320230419082198
"bivt",0.001,5000,"0.05",TRUE,0.00157729337792285,-0.00137526342678582,0.000544879683548491,-0.000342849732411453,0.00103241369437436,0.284564719200111
"bivt",0.001,5000,"0.1",TRUE,0.00151877388667242,-0.00134537539913553,0.000486360192298057,-0.000312961704761165,0.00103241369437436,0.284564719200111
"bivt",0.001,5000,"0.01",TRUE,0.00171748375761922,-0.00144161345656056,0.000685070063244853,-0.000409199762186193,0.00103241369437436,0.284564719200111
"bivt",0.001,5000,"0.05",FALSE,0.000985225028693343,-0.000902282638020789,0.000366461416665057,-0.000283519025992503,0.000618763612028285,0.369035642937874
"bivt",0.001,5000,"0.1",FALSE,0.000937262099467212,-0.000872201165668993,0.000318498487438926,-0.000253437553640707,0.000618763612028285,0.369035642937874
"bivt",0.001,5000,"0.01",TRUE,0.0010613982483577,-0.000943813926335668,0.000442634636329415,-0.000325050314307383,0.000618763612028285,0.369035642937874
"bivt",0.001,5000,"0.05",TRUE,0.00142123940737399,-0.00123991776067434,0.000498904200093138,-0.000317582553393491,0.000922335207280854,0.278175493864677
"bivt",0.001,5000,"0.1",TRUE,0.001348089817581,-0.00122048012465118,0.000425754610300148,-0.000298144917370323,0.000922335207280854,0.278175493864677
"bivt",0.001,5000,"0.01",TRUE,0.00156086813487529,-0.00127673354284623,0.00063853292759444,-0.000354398335565372,0.000922335207280854,0.278175493864677
"bivt",0.001,5000,"0.05",TRUE,0.000770707209234397,-0.000641432058069083,0.000482179058486641,-0.000352903907321327,0.000288528150747756,0.30612397805354
"bivt",0.001,5000,"0.1",TRUE,0.000711519493293622,-0.000610181991633878,0.000422991342545867,-0.000321653840886122,0.000288528150747756,0.30612397805354
"bivt",0.001,5000,"0.01",TRUE,0.000855937112623727,-0.000711586230525412,0.000567408961875971,-0.000423058079777656,0.000288528150747756,0.30612397805354
"bivt",0.001,5000,"0.05",TRUE,0.00260066292107909,-0.00233236311713078,0.000687621329956651,-0.000419321526008343,0.00191304159112244,0.245187618140873
"bivt",0.001,5000,"0.1",TRUE,0.00247726935446592,-0.00229186993059558,0.000564227763343474,-0.000378828339473133,0.00191304159112244,0.245187618140873
"bivt",0.001,5000,"0.01",TRUE,0.00269563847537023,-0.00243023727962981,0.000782596884247789,-0.000517195688507365,0.00191304159112244,0.245187618140873
"bivt",0.001,5000,"0.05",TRUE,0.00290134164804657,-0.00250413329425372,0.000878221569830621,-0.000481013216037765,0.00202312007821595,0.203111664250181
"bivt",0.001,5000,"0.1",TRUE,0.00281020239931016,-0.0024812194126603,0.00078708232109421,-0.000458099334444347,0.00202312007821595,0.203111664250181
"bivt",0.001,5000,"0.01",TRUE,0.00329134950534073,-0.00257669732014349,0.00126822942712477,-0.000553577241927537,0.00202312007821595,0.203111664250181
"bivt",0.001,5000,"0.05",TRUE,0.00103744459816626,-0.000845127225339395,0.000528759473231481,-0.00033644210040462,0.000508685124934776,0.288126640781462
"bivt",0.001,5000,"0.1",TRUE,0.000954128823517093,-0.00081741334573388,0.000445443698582317,-0.000308728220799104,0.000508685124934776,0.288126640781462
"bivt",0.001,5000,"0.01",TRUE,0.00117124673120421,-0.000892539542988852,0.000662561606269431,-0.000383854418054076,0.000508685124934776,0.288126640781462
"bivt",0.001,5000,"0.05",TRUE,0.00161116139439219,-0.00140397562275628,0.000578747700017831,-0.000371561928381914,0.00103241369437436,0.305074542938857
"bivt",0.001,5000,"0.1",TRUE,0.0015565584748966,-0.00137328271054906,0.000524144780522237,-0.000340869016174695,0.00103241369437436,0.305074542938857
"bivt",0.001,5000,"0.01",TRUE,0.00180245977496705,-0.00143693763608986,0.000770046080592685,-0.000404523941715499,0.00103241369437436,0.305074542938857
"bivt",0.001,5000,"0.05",TRUE,0.00132255992606027,-0.00114109136841294,0.000510303205872924,-0.0003288346482256,0.000812256720187343,0.281712584926814
"bivt",0.001,5000,"0.1",TRUE,0.00128231180642674,-0.00113682970216669,0.0004700550862394,-0.000324572981979345,0.000812256720187343,0.281712584926814
"bivt",0.001,5000,"0.01",TRUE,0.00147709964460493,-0.00118216116157438,0.00066484292441759,-0.000369904441387039,0.000812256720187343,0.281712584926814
"bivt",0.001,5000,"0.05",TRUE,0.00221077648999272,-0.00185903462562401,0.000738048847244315,-0.000386306982875607,0.0014727276427484,0.273957816572562
"bivt",0.001,5000,"0.1",TRUE,0.00204517315678015,-0.00182546994856287,0.000572445514031746,-0.000352742305814463,0.0014727276427484,0.273957816572562
"bivt",0.001,5000,"0.01",TRUE,0.0024390971335639,-0.00191873020077295,0.000966369490815493,-0.000446002558024543,0.0014727276427484,0.273957816572562
"bivt",0.001,5000,"0.05",TRUE,0.00200530776896279,-0.0017996256075389,0.000642658613307898,-0.000436976451884006,0.00136264915565489,0.252999574204716
"bivt",0.001,5000,"0.1",TRUE,0.00191624866902442,-0.00175605141758631,0.000553599513369526,-0.000393402261931416,0.00136264915565489,0.252999574204716
"bivt",0.001,5000,"0.01",TRUE,0.00227940981961571,-0.00184975149944659,0.00091676066396082,-0.000487102343791698,0.00136264915565489,0.252999574204716
"bivt",0.001,5000,"0.05",TRUE,0.0020213162371302,-0.00183158906261509,0.000658667081475303,-0.000468939906960194,0.00136264915565489,0.235456992675395
"bivt",0.001,5000,"0.1",TRUE,0.00191782808383819,-0.00177812126029575,0.000555178928183293,-0.000415472104640858,0.00136264915565489,0.235456992675395
"bivt",0.001,5000,"0.01",TRUE,0.00219974025524787,-0.00186497343931228,0.000837091099592978,-0.000502324283657388,0.00136264915565489,0.235456992675395
"bivt",0.001,5000,"0.05",TRUE,0.00148043706861282,-0.00109489057083426,0.000778258835518988,-0.000392712337740428,0.000702178233093833,0.302715821465872
"bivt",0.001,5000,"0.1",TRUE,0.00131007520953974,-0.00105897604519893,0.000607896976445905,-0.000356797812105092,0.000702178233093833,0.302715821465872
"bivt",0.001,5000,"0.01",TRUE,0.00166640358218603,-0.00115817041134772,0.000964225349092193,-0.000455992178253883,0.000702178233093833,0.302715821465872
"bivt",0.001,5000,"0.05",TRUE,0.00108181606452554,-0.000921367117137629,0.000489716318525218,-0.000329267371137305,0.000592099746000324,0.326976145818007
"bivt",0.001,5000,"0.1",TRUE,0.00102540358924474,-0.000886230243631253,0.000433303843244416,-0.000294130497630929,0.000592099746000324,0.326976145818007
"bivt",0.001,5000,"0.01",TRUE,0.00125176388533502,-0.00096208917552425,0.000659664139334697,-0.000369989429523926,0.000592099746000324,0.326976145818007
"bivt",0.001,5000,"0.05",TRUE,0.00128442279808034,-0.00118776143193635,0.000445502211865033,-0.000348840845721044,0.000838920586215305,0.333301249759314
"bivt",0.001,5000,"0.1",TRUE,0.00120492993628673,-0.00115846312314352,0.000366009350071427,-0.00031954253692822,0.000838920586215305,0.333301249759314
"bivt",0.001,5000,"0.01",TRUE,0.00139885094348379,-0.00123523522157906,0.000559930357268481,-0.000396314635363752,0.000838920586215305,0.333301249759314
"bivt",0.001,5000,"0.05",TRUE,0.00120490252312814,-0.000978038499045101,0.00061280277712782,-0.000385938753044777,0.000592099746000324,0.262659166983211
"bivt",0.001,5000,"0.1",TRUE,0.00112210359425618,-0.000949297823300814,0.000530003848255852,-0.00035719807730049,0.000592099746000324,0.262659166983211
"bivt",0.001,5000,"0.01",TRUE,0.00134242020622042,-0.0010280285647946,0.000750320460220097,-0.00043592881879428,0.000592099746000324,0.262659166983211
"bivt",0.001,5000,"0.05",TRUE,0.00150238670914027,-0.00138864104197913,0.000469973014765902,-0.000356227347604767,0.00103241369437436,0.256401156734648
"bivt",0.001,5000,"0.1",TRUE,0.00144229162901942,-0.0013545959120956,0.000409877934645055,-0.000322182217721234,0.00103241369437436,0.256401156734648
"bivt",0.001,5000,"0.01",TRUE,0.00163056050055042,-0.00144028072275723,0.000598146806176053,-0.00040786702838287,0.00103241369437436,0.256401156734648
"bivt",0.001,5000,"0.05",TRUE,0.000906815988291811,-0.000804076909032759,0.000398130863357036,-0.000295391784097984,0.000508685124934776,0.341820236004195
"bivt",0.001,5000,"0.1",TRUE,0.000867630514107961,-0.000774819135068318,0.000358945389173185,-0.000266134010133543,0.000508685124934776,0.341820236004195
"bivt",0.001,5000,"0.01",TRUE,0.00101117722865614,-0.000862576399930516,0.000502492103721363,-0.000353891274995741,0.000508685124934776,0.341820236004195
"bivt",0.001,5000,"0.05",TRUE,0.00152325453619575,-0.00136938866620193,0.000490840841821387,-0.000336974971827564,0.00103241369437436,0.27823595150008
"bivt",0.001,5000,"0.1",TRUE,0.00147379423251315,-0.00133833612836272,0.000441380538138789,-0.000305922433988356,0.00103241369437436,0.27823595150008
"bivt",0.001,5000,"0.01",TRUE,0.00166537179167801,-0.00141650581882898,0.000632958097303646,-0.000384092124454618,0.00103241369437436,0.27823595150008
"bivt",0.001,5000,"0.05",TRUE,0.00181534156225569,-0.00161606405324949,0.000562770893694306,-0.000363493384688109,0.00125257066856138,0.263673643096555
"bivt",0.001,5000,"0.1",TRUE,0.00172001641707381,-0.00158701418760395,0.000467445748512426,-0.000334443519042564,0.00125257066856138,0.263673643096555
"bivt",0.001,5000,"0.01",TRUE,0.00197948327977592,-0.00165983796720173,0.000726912611214542,-0.000407267298640349,0.00125257066856138,0.263673643096555
"bivt",0.001,5000,"0.05",TRUE,0.00176510153216496,-0.00149399535838977,0.000622609350697083,-0.0003515031769219,0.00114249218146787,0.256455225570538
"bivt",0.001,5000,"0.1",TRUE,0.0016735181673667,-0.00146989394865562,0.000531025985898827,-0.000327401767187742,0.00114249218146787,0.256455225570538
"bivt",0.001,5000,"0.01",TRUE,0.00210361823192285,-0.00155206204147007,0.000961126050454978,-0.000409569860002192,0.00114249218146787,0.256455225570538
"bivt",0.001,5000,"0.05",TRUE,0.00120945584020022,-0.00103299258699937,0.000507277607106386,-0.000330814353905541,0.000702178233093833,0.283535827411021
"bivt",0.001,5000,"0.1",TRUE,0.00114772868040499,-0.00100965893629362,0.000445550447311155,-0.00030748070319979,0.000702178233093833,0.283535827411021
"bivt",0.001,5000,"0.01",TRUE,0.00135406841017904,-0.00110991435303783,0.000651890177085212,-0.000407736119943996,0.000702178233093833,0.283535827411021
"bivt",0.001,5000,"0.05",TRUE,0.00113785328476833,-0.000955306774906033,0.000519089672740043,-0.000336543162877747,0.000618763612028285,0.306017764072198
"bivt",0.001,5000,"0.1",TRUE,0.00106059677418523,-0.000919819394318994,0.000441833162156946,-0.000301055782290708,0.000618763612028285,0.306017764072198
"bivt",0.001,5000,"0.01",TRUE,0.00129112261664561,-0.00100387681315412,0.000672359004617329,-0.000385113201125833,0.000618763612028285,0.306017764072198
"bivt",0.001,5000,"0.05",TRUE,0.00193350509120475,-0.00165716385804831,0.000680934422643363,-0.000404593189486925,0.00125257066856138,0.259049910206998
"bivt",0.001,5000,"0.1",TRUE,0.00176772728199025,-0.00163058260680023,0.000515156613428867,-0.000378011938238849,0.00125257066856138,0.259049910206998
"bivt",0.001,5000,"0.01",TRUE,0.00201118243346203,-0.00168798681164155,0.000758611764900648,-0.000435416143080168,0.00125257066856138,0.259049910206998
"bivt",0.001,5000,"0.05",TRUE,0.00122397787737093,-0.00111067470535671,0.000521799644277097,-0.000408496472262873,0.000702178233093833,0.234374576835615
"bivt",0.001,5000,"0.1",TRUE,0.00117417761955021,-0.00105645000366452,0.000471999386456377,-0.000354271770570689,0.000702178233093833,0.234374576835615
"bivt",0.001,5000,"0.01",TRUE,0.00141538078360574,-0.00113246039270657,0.000713202550511908,-0.000430282159612741,0.000702178233093833,0.234374576835615
"bivt",0.001,5000,"0.05",TRUE,0.00080777135416557,-0.000711814054063397,0.000409164716324304,-0.000313207416222131,0.000398606637841266,0.315844169887834
"bivt",0.001,5000,"0.1",TRUE,0.000748488973871656,-0.000689385200116016,0.00034988233603039,-0.00029077856227475,0.000398606637841266,0.315844169887834
"bivt",0.001,5000,"0.01",TRUE,0.000895908111716678,-0.000758378335811155,0.000497301473875412,-0.00035977169796989,0.000398606637841266,0.315844169887834
"bivt",0.001,5000,"0.05",TRUE,0.0010940252828463,-0.000865303243495377,0.000612004023939484,-0.000383281984588563,0.000482021258906814,0.253894768515218
"bivt",0.001,5000,"0.1",TRUE,0.000998216199758024,-0.000836279586417896,0.00051619494085121,-0.000354258327511082,0.000482021258906814,0.253894768515218
"bivt",0.001,5000,"0.01",TRUE,0.00118069995203114,-0.000912277324917025,0.000698678693124322,-0.000430256066010212,0.000482021258906814,0.253894768515218
"bivt",0.001,5000,"0.05",TRUE,0.00195794870365764,-0.00176307490306174,0.000595299548002745,-0.000400425747406847,0.00136264915565489,0.244032707934486
"bivt",0.001,5000,"0.1",TRUE,0.0019150615303417,-0.00170900829795909,0.000552412374686811,-0.000346359142304194,0.00136264915565489,0.244032707934486
"bivt",0.001,5000,"0.01",TRUE,0.00211133074306904,-0.00184512928464392,0.000748681587414151,-0.000482480128989023,0.00136264915565489,0.244032707934486
"bivt",0.001,5000,"0.05",TRUE,0.00109796427625422,-0.000949920592877669,0.000479200664225937,-0.000331156980849383,0.000618763612028285,0.281091320163378
"bivt",0.001,5000,"0.1",TRUE,0.00103297942418978,-0.000917456028915783,0.000414215812161499,-0.000298692416887498,0.000618763612028285,0.281091320163378
"bivt",0.001,5000,"0.01",TRUE,0.00123645151844239,-0.000996689392630041,0.000617687906414104,-0.000377925780601756,0.000618763612028285,0.281091320163378
"bivt",0.001,5000,"0.05",TRUE,0.000918668981643612,-0.000733014261600933,0.000546726209830308,-0.000361071489787629,0.000371942771813304,0.271616513231584
"bivt",0.001,5000,"0.1",TRUE,0.000884757028708478,-0.000700532200853983,0.000512814256895174,-0.00032858942904068,0.000371942771813304,0.271616513231584
"bivt",0.001,5000,"0.01",TRUE,0.000981499079420658,-0.000777964660561873,0.000609556307607354,-0.000406021888748569,0.000371942771813304,0.271616513231584
"bivt",0.001,5000,"0.05",TRUE,0.00205259456521448,-0.00177933684232738,0.00068994540955959,-0.000416687686672492,0.00136264915565489,0.233296105301202
"bivt",0.001,5000,"0.1",TRUE,0.00193242554344645,-0.00174047507886047,0.000569776387791559,-0.00037782592320558,0.00136264915565489,0.233296105301202
"bivt",0.001,5000,"0.01",TRUE,0.00227214359034755,-0.00182545658249036,0.000909494434692656,-0.00046280742683547,0.00136264915565489,0.233296105301202
"bivt",0.001,5000,"0.05",TRUE,0.0013279545840009,-0.00101800869211916,0.000625776350907065,-0.000315830459025329,0.000702178233093833,0.298430615412477
"bivt",0.001,5000,"0.1",TRUE,0.00118732080581007,-0.000990223140832467,0.00048514257271624,-0.000288044907738633,0.000702178233093833,0.298430615412477
"bivt",0.001,5000,"0.01",TRUE,0.00146423881842242,-0.00106935936665934,0.000762060585328589,-0.000367181133565504,0.000702178233093833,0.298430615412477
"bivt",0.001,5000,"0.05",TRUE,0.00139445043614471,-0.00126844762697764,0.000445451362835893,-0.000319448553668824,0.000948999073308815,0.310788683149468
"bivt",0.001,5000,"0.1",TRUE,0.00132024547551533,-0.00124260920862538,0.000371246402206519,-0.00029361013531656,0.000948999073308815,0.310788683149468
"bivt",0.001,5000,"0.01",TRUE,0.00153537276517656,-0.001308408214089,0.000586373691867741,-0.000359409140780183,0.000948999073308815,0.310788683149468
"bivt",0.001,5000,"0.05",TRUE,0.00103627644866978,-0.00091294383362417,0.000417512836641493,-0.000294180221595885,0.000618763612028285,0.328520025955713
"bivt",0.001,5000,"0.1",TRUE,0.000991981490243911,-0.000883268260891685,0.000373217878215626,-0.0002645046488634,0.000618763612028285,0.328520025955713
"bivt",0.001,5000,"0.01",TRUE,0.00122141710486479,-0.000961202346722736,0.000602653492836505,-0.000342438734694451,0.000618763612028285,0.328520025955713
"bivt",0.001,5000,"0.05",TRUE,0.00142957540862884,-0.00117906370648548,0.000617318688441498,-0.000366806986298137,0.000812256720187343,0.25175859042109
"bivt",0.001,5000,"0.1",TRUE,0.00134425491785446,-0.00115140854678178,0.000531998197667112,-0.000339151826594439,0.000812256720187343,0.25175859042109
"bivt",0.001,5000,"0.01",TRUE,0.0016609389498686,-0.00123427655351657,0.000848682229681252,-0.000422019833329229,0.000812256720187343,0.25175859042109
"bivt",0.001,5000,"0.05",TRUE,0.00155356941853439,-0.00133802911913916,0.000631234211253534,-0.000415693911858304,0.000922335207280854,0.246338422319677
"bivt",0.001,5000,"0.1",TRUE,0.00147454769427943,-0.00131084897878291,0.000552212486998577,-0.000388513771502056,0.000922335207280854,0.246338422319677
"bivt",0.001,5000,"0.01",TRUE,0.00175832819894571,-0.0013926541253459,0.00083599299166486,-0.000470318918065044,0.000922335207280854,0.246338422319677
"bivt",0.001,5000,"0.05",TRUE,0.00157468148396429,-0.00137685472878947,0.000542267789589922,-0.000344441034415107,0.00103241369437436,0.289862153945935
"bivt",0.001,5000,"0.1",TRUE,0.00150159467238436,-0.00134955684123235,0.000469180978009993,-0.000317143146857988,0.00103241369437436,0.289862153945935
"bivt",0.001,5000,"0.01",TRUE,0.00172950640925928,-0.00141802366488929,0.000697092714884919,-0.00038560997051493,0.00103241369437436,0.289862153945935
"bivt",0.001,5000,"0.05",TRUE,0.00223721482442873,-0.00191684408238955,0.000764487181680326,-0.000444116439641142,0.0014727276427484,0.240921042749537
"bivt",0.001,5000,"0.1",TRUE,0.00214375034888771,-0.00189253054604689,0.000671022706139305,-0.000419802903298486,0.0014727276427484,0.240921042749537
"bivt",0.001,5000,"0.01",TRUE,0.00252038020821636,-0.00197637254898928,0.00104765256546796,-0.000503644906240879,0.0014727276427484,0.240921042749537
"bivt",0.001,5000,"0.05",TRUE,0.000923795208016696,-0.000747294377526414,0.000441773949109882,-0.0002652731186196,0.000482021258906814,0.307800545276189
"bivt",0.001,5000,"0.1",TRUE,0.000876262507514684,-0.000728835849005529,0.00039424124860787,-0.000246814590098716,0.000482021258906814,0.307800545276189
"bivt",0.001,5000,"0.01",TRUE,0.00102761585146835,-0.000794248694871834,0.000545594592561532,-0.000312227435965021,0.000482021258906814,0.307800545276189
"bivt",0.001,5000,"0.05",TRUE,0.00173773349194603,-0.00153421702857639,0.000595241310478159,-0.000391724847108513,0.00114249218146787,0.290684791203671
"bivt",0.001,5000,"0.1",TRUE,0.00166217498175854,-0.00150672559598587,0.000519682800290667,-0.000364233414517999,0.00114249218146787,0.290684791203671
"bivt",0.001,5000,"0.01",TRUE,0.0019471527339907,-0.00160030749492563,0.000804660552522827,-0.000457815313457755,0.00114249218146787,0.290684791203671
"bivt",0.001,5000,"0.05",TRUE,0.00120342692532494,-0.00104608043429208,0.000474584826203147,-0.000317238335170286,0.000728842099121795,0.273454958776465
"bivt",0.001,5000,"0.1",TRUE,0.00115561197268976,-0.00102051469133817,0.000426769873567965,-0.00029167259221637,0.000728842099121795,0.273454958776465
"bivt",0.001,5000,"0.01",TRUE,0.001377678447172,-0.00109091078885078,0.000648836348050203,-0.00036206868972898,0.000728842099121795,0.273454958776465
"bivt",0.001,5000,"0.05",TRUE,0.00140237459996906,-0.00116584961961964,0.000590117879781716,-0.000353592899432301,0.000812256720187343,0.268193432983237
"bivt",0.001,5000,"0.1",TRUE,0.00133126639471434,-0.00114429680131326,0.000519009674527001,-0.00033204008112592,0.000812256720187343,0.268193432983237
"bivt",0.001,5000,"0.01",TRUE,0.00159831060926778,-0.00120802457531687,0.000786053889080435,-0.000395767855129526,0.000812256720187343,0.268193432983237
"bivt",0.001,5000,"0.05",TRUE,0.00100625354328234,-0.00089207898939817,0.00041415379728202,-0.000299979243397846,0.000592099746000324,0.308749428960665
"bivt",0.001,5000,"0.1",TRUE,0.000927163319346325,-0.000874357830079915,0.000335063573346001,-0.000282258084079591,0.000592099746000324,0.308749428960665
"bivt",0.001,5000,"0.01",TRUE,0.00108859524331892,-0.000941438659591207,0.000496495497318593,-0.000349338913590883,0.000592099746000324,0.308749428960665
"bivt",0.001,5000,"0.05",TRUE,0.00208790048866771,-0.00186876665098373,0.000615172845919306,-0.000396039008235323,0.0014727276427484,0.233995977233901
"bivt",0.001,5000,"0.1",TRUE,0.00196053776226816,-0.00184145353733283,0.000487810119519757,-0.000368725894584423,0.0014727276427484,0.233995977233901
"bivt",0.001,5000,"0.01",TRUE,0.00231738057295772,-0.0019286097451151,0.000844652930209319,-0.0004558821023667,0.0014727276427484,0.233995977233901
"bivt",0.001,5000,"0.05",TRUE,0.000960527022395748,-0.000802244825568188,0.000451841897460972,-0.000293559700633413,0.000508685124934776,0.288455754980818
"bivt",0.001,5000,"0.1",TRUE,0.000910033229334817,-0.000769613692492493,0.000401348104400042,-0.000260928567557718,0.000508685124934776,0.288455754980818
"bivt",0.001,5000,"0.01",TRUE,0.00105780601108487,-0.000845802648375288,0.000549120886150097,-0.000337117523440513,0.000508685124934776,0.288455754980818
"bivt",0.001,5000,"0.05",TRUE,0.00161475951430857,-0.00137733843334246,0.000582345819934203,-0.000344924738968092,0.00103241369437436,0.271646101204693
"bivt",0.001,5000,"0.1",TRUE,0.00153313611593779,-0.00135140122681503,0.000500722421563428,-0.000318987532440665,0.00103241369437436,0.271646101204693
"bivt",0.001,5000,"0.01",TRUE,0.0017681916876127,-0.00143836500066536,0.000735777993238334,-0.000405951306290994,0.00103241369437436,0.271646101204693
"bivt",0.001,5000,"0.05",TRUE,0.00268231916722018,-0.00245451851018481,0.00065919908900423,-0.000431398431968854,0.00202312007821595,0.221659253566051
"bivt",0.001,5000,"0.1",TRUE,0.0026115643319529,-0.00242535891389285,0.000588444253736943,-0.000402238835676895,0.00202312007821595,0.221659253566051
"bivt",0.001,5000,"0.01",TRUE,0.00295703515634562,-0.00251818152268323,0.000933915078129666,-0.000495061444467279,0.00202312007821595,0.221659253566051
"bivt",0.001,5000,"0.05",TRUE,0.00102515762232425,-0.000810378099366207,0.000543136363417441,-0.000328356840459393,0.000482021258906814,0.300163580152995
"bivt",0.001,5000,"0.1",TRUE,0.000954086018663575,-0.000775730792719074,0.000472064759756762,-0.000293709533812261,0.000482021258906814,0.300163580152995
"bivt",0.001,5000,"0.01",TRUE,0.00118436166654423,-0.000859720062956594,0.000702340407637412,-0.00037769880404978,0.000482021258906814,0.300163580152995
"bivt",0.001,5000,"0.05",TRUE,0.00144565927730265,-0.00123032798755833,0.00063340255711531,-0.000418071267370989,0.000812256720187343,0.250924729668859
"bivt",0.001,5000,"0.1",TRUE,0.00134585525609509,-0.00119106972485075,0.000533598535907746,-0.000378813004663408,0.000812256720187343,0.250924729668859
"bivt",0.001,5000,"0.01",TRUE,0.00164405895888921,-0.0012860888275593,0.000831802238701867,-0.000473832107371961,0.000812256720187343,0.250924729668859
"bivt",0.001,5000,"0.05",TRUE,0.000862761135469782,-0.000722321933779739,0.000490818363656478,-0.000350379161966435,0.000371942771813304,0.305047164620851
"bivt",0.001,5000,"0.1",TRUE,0.000817059977022934,-0.000681240366812219,0.00044511720520963,-0.000309297594998915,0.000371942771813304,0.305047164620851
"bivt",0.001,5000,"0.01",TRUE,0.000974069416305123,-0.000762944878177657,0.000602126644491819,-0.000391002106364353,0.000371942771813304,0.305047164620851
"bivt",0.001,5000,"0.05",TRUE,0.000857278499920014,-0.000721574881211459,0.000458671862078748,-0.000322968243370194,0.000398606637841266,0.28984001309987
"bivt",0.001,5000,"0.1",TRUE,0.000784982493270852,-0.000685458007040432,0.000386375855429586,-0.000286851369199166,0.000398606637841266,0.28984001309987
"bivt",0.001,5000,"0.01",TRUE,0.000985811797057267,-0.00077500520593751,0.000587205159216002,-0.000376398568096245,0.000398606637841266,0.28984001309987
"bivt",0.001,5000,"0.05",TRUE,0.00126999923901864,-0.00107072800774045,0.000567821005924808,-0.00036854977464662,0.000702178233093833,0.234760136199772
"bivt",0.001,5000,"0.1",TRUE,0.00117451871729635,-0.00103791062048311,0.000472340484202516,-0.000335732387389277,0.000702178233093833,0.234760136199772
"bivt",0.001,5000,"0.01",TRUE,0.00142460051140392,-0.00112106865037139,0.000722422278310088,-0.00041889041727756,0.000702178233093833,0.234760136199772
"bivt",0.001,5000,"0.05",TRUE,0.00115554003216133,-0.00101703687620338,0.000453361799067495,-0.000314858643109551,0.000702178233093833,0.286199942170112
"bivt",0.001,5000,"0.1",TRUE,0.00109641675806717,-0.000994276133709232,0.000394238524973332,-0.000292097900615398,0.000702178233093833,0.286199942170112
"bivt",0.001,5000,"0.01",TRUE,0.00133395136074633,-0.00106959240181053,0.000631773127652492,-0.000367414168716698,0.000702178233093833,0.286199942170112
"bivt",0.001,5000,"0.05",TRUE,0.00179438723850868,-0.00159881233576671,0.000541816569947297,-0.000346241667205332,0.00125257066856138,0.26938831743024
"bivt",0.001,5000,"0.1",TRUE,0.00169725405351084,-0.0015675915701248,0.000444683384949452,-0.000315020901563413,0.00125257066856138,0.26938831743024
"bivt",0.001,5000,"0.01",TRUE,0.00194777968573106,-0.00166601609091548,0.000695209017169676,-0.000413445422354098,0.00125257066856138,0.26938831743024
"bivt",0.001,5000,"0.05",TRUE,0.000858767515826479,-0.00075962387928163,0.000376746256919666,-0.000277602620374817,0.000482021258906814,0.351604696357617
"bivt",0.001,5000,"0.1",TRUE,0.000808454169825481,-0.000729817592427155,0.000326432910918668,-0.000247796333520342,0.000482021258906814,0.351604696357617
"bivt",0.001,5000,"0.01",TRUE,0.000951686763726038,-0.000797588457465373,0.000469665504819224,-0.000315567198558559,0.000482021258906814,0.351604696357617
"bivt",0.001,5000,"0.05",TRUE,0.000872751008837369,-0.000769153224899976,0.000390729749930555,-0.000287131965993162,0.000482021258906814,0.295023663591248
"bivt",0.001,5000,"0.1",TRUE,0.000832296109322194,-0.000742186995944307,0.000350274850415381,-0.000260165737037494,0.000482021258906814,0.295023663591248
"bivt",0.001,5000,"0.01",TRUE,0.000989744147081997,-0.00081933077544713,0.000507722888175183,-0.000337309516540317,0.000482021258906814,0.295023663591248
"bivt",0.001,5000,"0.05",TRUE,0.00147821069657686,-0.00131354766273496,0.000555875489296003,-0.000391212455454108,0.000922335207280854,0.242748377557739
"bivt",0.001,5000,"0.1",TRUE,0.00140433648135049,-0.00128544309810027,0.000482001274069632,-0.000363107890819412,0.000922335207280854,0.242748377557739
"bivt",0.001,5000,"0.01",TRUE,0.00160897901074468,-0.00135090034489655,0.000686643803463828,-0.000428565137615694,0.000922335207280854,0.242748377557739
"bivt",0.001,5000,"0.05",TRUE,0.00119804410777637,-0.00105725592984201,0.000495865874682538,-0.000355077696748178,0.000702178233093833,0.298538349422965
"bivt",0.001,5000,"0.1",TRUE,0.00113198635548615,-0.00103403072050763,0.000429808122392314,-0.000331852487413802,0.000702178233093833,0.298538349422965
"bivt",0.001,5000,"0.01",TRUE,0.00132152912113029,-0.00108359726904189,0.000619350888036459,-0.000381419035948053,0.000702178233093833,0.298538349422965
"bivt",0.001,5000,"0.05",TRUE,0.0021410888620475,-0.00186181282378202,0.000668361219299099,-0.000389085181033617,0.0014727276427484,0.231185263014544
"bivt",0.001,5000,"0.1",TRUE,0.00204921292226612,-0.00184939043647072,0.000576485279517714,-0.00037666279372232,0.0014727276427484,0.231185263014544
"bivt",0.001,5000,"0.01",TRUE,0.00235473843734377,-0.0019013424787412,0.000882010794595369,-0.000428614835992798,0.0014727276427484,0.231185263014544
"bivt",0.001,5000,"0.05",TRUE,0.00194533045077066,-0.00163572655826948,0.000692759782209278,-0.0003831558897081,0.00125257066856138,0.218582957333405
"bivt",0.001,5000,"0.1",TRUE,0.00182232788497782,-0.00160299520385869,0.000569757216416437,-0.000350424535297309,0.00125257066856138,0.218582957333405
"bivt",0.001,5000,"0.01",TRUE,0.00226070605628716,-0.00168615048535391,0.00100813538772578,-0.000433579816792523,0.00125257066856138,0.218582957333405
"bivt",0.001,5000,"0.05",TRUE,0.00128733927166083,-0.0010492233244607,0.000585161038566992,-0.000347045091366865,0.000702178233093833,0.269605293848603
"bivt",0.001,5000,"0.1",TRUE,0.00120546407677054,-0.00101535259391318,0.000503285843676703,-0.000313174360819345,0.000702178233093833,0.269605293848603
"bivt",0.001,5000,"0.01",TRUE,0.00139588918861094,-0.00110196667045223,0.000693710955517106,-0.000399788437358395,0.000702178233093833,0.269605293848603
"bivt",0.001,5000,"0.05",TRUE,0.00172595258505885,-0.00148672711127831,0.000583460403590978,-0.000344234929810434,0.00114249218146787,0.248419856125831
"bivt",0.001,5000,"0.1",TRUE,0.00160624376881212,-0.00146526687811258,0.000463751587344245,-0.000322774696644703,0.00114249218146787,0.248419856125831
"bivt",0.001,5000,"0.01",TRUE,0.00190613910662241,-0.00155825376727191,0.000763646925154535,-0.000415761585804039,0.00114249218146787,0.248419856125831
"bivt",0.001,5000,"0.05",TRUE,0.000999784933961737,-0.000840077644579826,0.000491099809026962,-0.00033139251964505,0.000508685124934776,0.267380931461137
"bivt",0.001,5000,"0.1",TRUE,0.000918457780284896,-0.000817695032065438,0.000409772655350121,-0.000309009907130662,0.000508685124934776,0.267380931461137
"bivt",0.001,5000,"0.01",TRUE,0.00121429281865972,-0.000902523411733572,0.000705607693724941,-0.000393838286798797,0.000508685124934776,0.267380931461137
"bivt",0.001,5000,"0.05",TRUE,0.00179314619624145,-0.00151498097206883,0.000650654014773578,-0.000372488790600957,0.00114249218146787,0.261661678920339
"bivt",0.001,5000,"0.1",TRUE,0.00170613834533489,-0.0014957036979053,0.000563646163867012,-0.000353211516437423,0.00114249218146787,0.261661678920339
"bivt",0.001,5000,"0.01",TRUE,0.00190078108676605,-0.0015546662823855,0.000758288905298173,-0.000412174100917626,0.00114249218146787,0.261661678920339
"bivt",0.001,5000,"0.05",TRUE,0.00137264625035328,-0.00118687360185738,0.000560389530165936,-0.000374616881670042,0.000812256720187343,0.285344940471991
"bivt",0.001,5000,"0.1",TRUE,0.00127741763844095,-0.00115485998059415,0.000465160918253603,-0.000342603260406804,0.000812256720187343,0.285344940471991
"bivt",0.001,5000,"0.01",TRUE,0.0015014969040031,-0.00124540712276655,0.000689240183815753,-0.000433150402579206,0.000812256720187343,0.285344940471991
"bivt",0.001,5000,"0.05",TRUE,0.00176160528288905,-0.0015363039294718,0.000619113101421178,-0.000393811748003928,0.00114249218146787,0.252948716142755
"bivt",0.001,5000,"0.1",TRUE,0.00172419674643937,-0.00150046107788781,0.000581704564971494,-0.000357968896419939,0.00114249218146787,0.252948716142755
"bivt",0.001,5000,"0.01",TRUE,0.00194367608371019,-0.00161598370270529,0.000801183902242316,-0.000473491521237418,0.00114249218146787,0.252948716142755
"bivt",0.001,5000,"0.05",TRUE,0.00135800577607736,-0.00116783591499372,0.000545749055890014,-0.000355579194806372,0.000812256720187343,0.253901352734188
"bivt",0.001,5000,"0.1",TRUE,0.00126469030308753,-0.0011334450711271,0.000452433582900188,-0.000321188350939757,0.000812256720187343,0.253901352734188
"bivt",0.001,5000,"0.01",TRUE,0.00157470207316677,-0.00122445410250724,0.000762445352979427,-0.0004121973823199,0.000812256720187343,0.253901352734188
"bivt",0.001,5000,"0.05",TRUE,0.00191819450273063,-0.00172548510019233,0.000555545347075733,-0.000362835944537437,0.00136264915565489,0.27759919498876
"bivt",0.001,5000,"0.1",TRUE,0.00186718739995845,-0.00170080475061109,0.000504538244303554,-0.000338155594956201,0.00136264915565489,0.27759919498876
"bivt",0.001,5000,"0.01",TRUE,0.00204646141240654,-0.00179268366957996,0.000683812256751652,-0.000430034513925065,0.00136264915565489,0.27759919498876
"bivt",0.001,5000,"0.05",TRUE,0.000968791882771184,-0.000809059616386986,0.000460106757836409,-0.00030037449145221,0.000508685124934776,0.322578695465319
"bivt",0.001,5000,"0.1",TRUE,0.000917315440057077,-0.000787091249009051,0.000408630315122301,-0.000278406124074276,0.000508685124934776,0.322578695465319
"bivt",0.001,5000,"0.01",TRUE,0.001063483175941,-0.000854430277509499,0.000554798051006229,-0.000345745152574723,0.000508685124934776,0.322578695465319
"bivt",0.001,5000,"0.05",TRUE,0.00092732575151405,-0.000721836809328064,0.000528719113672784,-0.000323230171486798,0.000398606637841266,0.289526363239741
"bivt",0.001,5000,"0.1",TRUE,0.000809815667683503,-0.000696273695243318,0.000411209029842238,-0.000297667057402052,0.000398606637841266,0.289526363239741
"bivt",0.001,5000,"0.01",TRUE,0.00105614589347614,-0.000790164355543903,0.000657539255634877,-0.000391557717702637,0.000398606637841266,0.289526363239741
"bivt",0.001,5000,"0.05",TRUE,0.00178529105773301,-0.00156969519474506,0.000642798876265139,-0.000427203013277183,0.00114249218146787,0.249485295283107
"bivt",0.001,5000,"0.1",TRUE,0.0017210312464337,-0.00151546207595841,0.000578539064965829,-0.000372969894490536,0.00114249218146787,0.249485295283107
"bivt",0.001,5000,"0.01",TRUE,0.00196659391862937,-0.00163402345313291,0.000824101737161499,-0.000491531271665039,0.00114249218146787,0.249485295283107
"bivt",0.001,5000,"0.05",TRUE,0.00167661000374272,-0.00141595005115457,0.000644196309368362,-0.000383536356780212,0.00103241369437436,0.263576153775846
"bivt",0.001,5000,"0.1",TRUE,0.00160144999635747,-0.00137507897593103,0.000569036301983103,-0.000342665281556666,0.00103241369437436,0.263576153775846
"bivt",0.001,5000,"0.01",TRUE,0.00194844497398074,-0.0014717878161112,0.000916031279606373,-0.000439374121736837,0.00103241369437436,0.263576153775846
"bivt",0.001,5000,"0.05",TRUE,0.000917139167587588,-0.000724328618087304,0.000518532529746322,-0.000325721980246038,0.000398606637841266,0.311193636605143
"bivt",0.001,5000,"0.1",TRUE,0.000842417257052618,-0.000695914943810692,0.000443810619211352,-0.000297308305969427,0.000398606637841266,0.311193636605143
"bivt",0.001,5000,"0.01",TRUE,0.00104861601063806,-0.000788080409158272,0.00065000937279679,-0.000389473771317007,0.000398606637841266,0.311193636605143
"bivt",0.001,5000,"0.05",TRUE,0.00117717504430073,-0.00103946766879352,0.000448332945178931,-0.00031062556967173,0.000728842099121795,0.279449356580025
"bivt",0.001,5000,"0.1",TRUE,0.00113074238817721,-0.0010199328897534,0.000401900289055415,-0.000291090790631605,0.000728842099121795,0.279449356580025
"bivt",0.001,5000,"0.01",TRUE,0.00132758793734947,-0.00109583930611646,0.000598745838227674,-0.000366997206994661,0.000728842099121795,0.279449356580025
"bivt",0.001,5000,"0.05",TRUE,0.00110790617552511,-0.000953134102468411,0.000489142563496828,-0.000334370490440126,0.000618763612028285,0.305023077798689
"bivt",0.001,5000,"0.1",TRUE,0.00105345201301589,-0.000916285211555554,0.0004346884009876,-0.000297521599527268,0.000618763612028285,0.305023077798689
"bivt",0.001,5000,"0.01",TRUE,0.00123247645520726,-0.000988643845265182,0.000613712843178975,-0.000369880233236897,0.000618763612028285,0.305023077798689
"bivt",0.001,5000,"0.05",TRUE,0.00179044628574141,-0.00152852287330956,0.000647954104273541,-0.000386030691841687,0.00114249218146787,0.248873853852397
"bivt",0.001,5000,"0.1",TRUE,0.00172143489007534,-0.00149357482570914,0.000578942708607469,-0.000351082644241269,0.00114249218146787,0.248873853852397
"bivt",0.001,5000,"0.01",TRUE,0.00192113696302853,-0.00158250244577349,0.000778644781560654,-0.000440010264305613,0.00114249218146787,0.248873853852397
"bivt",0.001,5000,"0.05",TRUE,0.00198443325616252,-0.00169739946525694,0.000731862587601142,-0.000444828796695557,0.00125257066856138,0.211594808861103
"bivt",0.001,5000,"0.1",TRUE,0.00191637758256147,-0.00166483431533695,0.000663806914000086,-0.000412263646775572,0.00125257066856138,0.211594808861103
"bivt",0.001,5000,"0.01",TRUE,0.00226733784505687,-0.0017452995438091,0.00101476717649549,-0.000492728875247712,0.00125257066856138,0.211594808861103
"bivt",0.001,5000,"0.05",TRUE,0.00108792093216934,-0.000926321995800945,0.000469157320141057,-0.00030755838377266,0.000618763612028285,0.314298835304792
"bivt",0.001,5000,"0.1",TRUE,0.00102279472874674,-0.000905868240518561,0.000404031116718456,-0.000287104628490275,0.000618763612028285,0.314298835304792
"bivt",0.001,5000,"0.01",TRUE,0.00124942227790743,-0.000980880909071603,0.000630658665879144,-0.000362117297043318,0.000618763612028285,0.314298835304792
"bivt",0.001,5000,"0.05",TRUE,0.00173260164522209,-0.0014830793971421,0.000590109463754215,-0.000340587215674226,0.00114249218146787,0.244967274015425
"bivt",0.001,5000,"0.1",TRUE,0.00165071157279977,-0.00146084781479393,0.000508219391331898,-0.000318355633326061,0.00114249218146787,0.244967274015425
"bivt",0.001,5000,"0.01",TRUE,0.00194352761211535,-0.00152687884953897,0.000801035430647479,-0.000384386668071095,0.00114249218146787,0.244967274015425
"bivt",0.001,5000,"0.05",TRUE,0.000880105821206943,-0.000738599153149365,0.000508163049393639,-0.000366656381336061,0.000371942771813304,0.269498930509556
"bivt",0.001,5000,"0.1",TRUE,0.000806187981758205,-0.000697254906811625,0.000434245209944901,-0.000325312134998321,0.000371942771813304,0.269498930509556
"bivt",0.001,5000,"0.01",TRUE,0.000997403840384116,-0.000782730984224507,0.000625461068570812,-0.000410788212411203,0.000371942771813304,0.269498930509556
"bivt",0.001,5000,"0.05",TRUE,0.00145311703613026,-0.00126640076088452,0.000530781828849406,-0.000344065553603667,0.000922335207280854,0.267496043470483
"bivt",0.001,5000,"0.1",TRUE,0.00138982574693709,-0.00122854597147198,0.000467490539656234,-0.000306210764191125,0.000922335207280854,0.267496043470483
"bivt",0.001,5000,"0.01",TRUE,0.00160452165231009,-0.00131727868250382,0.000682186445029234,-0.000394943475222967,0.000922335207280854,0.267496043470483
"bivt",0.001,5000,"0.05",TRUE,0.00156927903554962,-0.00131144328803237,0.00064694382826877,-0.000389108080751512,0.000922335207280854,0.266520857767061
"bivt",0.001,5000,"0.1",TRUE,0.00144560289065959,-0.00128102180317462,0.000523267683378738,-0.000358686595893768,0.000922335207280854,0.266520857767061
"bivt",0.001,5000,"0.01",TRUE,0.00183953602787507,-0.00137599529774559,0.000917200820594217,-0.000453660090464741,0.000922335207280854,0.266520857767061
"bivt",0.001,5000,"0.05",TRUE,0.00242590367755318,-0.00210357713586375,0.000733019060617757,-0.000410692518928323,0.00169288461693542,0.218107150302182
"bivt",0.001,5000,"0.1",TRUE,0.00234844882036839,-0.00206364621113629,0.000655564203432971,-0.000370761594200863,0.00169288461693542,0.218107150302182
"bivt",0.001,5000,"0.01",TRUE,0.00264914767317495,-0.00214801748400127,0.000956263056239532,-0.000455132867065852,0.00169288461693542,0.218107150302182
"bivt",0.001,5000,"0.05",TRUE,0.0015178076029086,-0.00129605891922477,0.000595472395627745,-0.000373723711943915,0.000922335207280854,0.240301563245838
"bivt",0.001,5000,"0.1",TRUE,0.0014191133689353,-0.00125744639261947,0.000496778161654446,-0.000335111185338621,0.000922335207280854,0.240301563245838
"bivt",0.001,5000,"0.01",TRUE,0.00170271688758333,-0.00134100851730067,0.000780381680302479,-0.000418673310019815,0.000922335207280854,0.240301563245838
"bivt",0.001,5000,"0.05",TRUE,0.0010327290702561,-0.000842095962867492,0.000550707811349284,-0.000360074703960678,0.000482021258906814,0.251352001847422
"bivt",0.001,5000,"0.1",TRUE,0.000921743976188574,-0.000804127263879246,0.000439722717281761,-0.000322106004972432,0.000482021258906814,0.251352001847422
"bivt",0.001,5000,"0.01",TRUE,0.0010863879595331,-0.000896721993554494,0.000604366700626288,-0.000414700734647681,0.000482021258906814,0.251352001847422
"bivt",0.001,5000,"0.05",TRUE,0.00165545695115237,-0.00141605773490354,0.000623043256778008,-0.000383644040529173,0.00103241369437436,0.256271258417334
"bivt",0.001,5000,"0.1",TRUE,0.00151023999387884,-0.00139016279461935,0.000477826299504481,-0.000357749100244982,0.00103241369437436,0.256271258417334
"bivt",0.001,5000,"0.01",TRUE,0.00184499703617694,-0.00145729422139686,0.000812583341802575,-0.000424880527022495,0.00103241369437436,0.256271258417334
"bivt",0.001,5000,"0.05",TRUE,0.0010187399650777,-0.000896329513043848,0.000399976353049416,-0.000277565901015563,0.000618763612028285,0.345647355045159
"bivt",0.001,5000,"0.1",TRUE,0.000975206533617393,-0.000877192328562454,0.000356442921589107,-0.000258428716534169,0.000618763612028285,0.345647355045159
"bivt",0.001,5000,"0.01",TRUE,0.00112273685340449,-0.000938360326870849,0.000503973241376202,-0.000319596714842564,0.000618763612028285,0.345647355045159
"bivt",0.001,5000,"0.05",TRUE,0.00109293870422272,-0.000997808960015679,0.000474175092194434,-0.000379045347987393,0.000618763612028285,0.29901289444578
"bivt",0.001,5000,"0.1",TRUE,0.00100858368822184,-0.000955587104247239,0.000389820076193559,-0.000336823492218953,0.000618763612028285,0.29901289444578
"bivt",0.001,5000,"0.01",TRUE,0.00128797221654766,-0.00105053606136189,0.000669208604519377,-0.000431772449333604,0.000618763612028285,0.29901289444578
"bivt",0.001,5000,"0.05",TRUE,0.0011031315020046,-0.000947442813808421,0.000511031756004277,-0.000355343067808097,0.000592099746000324,0.255121054546297
"bivt",0.001,5000,"0.1",TRUE,0.00103640391310966,-0.000916173144464499,0.000444304167109333,-0.000324073398464176,0.000592099746000324,0.255121054546297
"bivt",0.001,5000,"0.01",TRUE,0.00124717721553406,-0.000991242563709556,0.000655077469533737,-0.000399142817709233,0.000592099746000324,0.255121054546297
"bivt",0.001,5000,"0.05",TRUE,0.000674910963332697,-0.000575574133478796,0.000386382812584941,-0.00028704598273104,0.000288528150747756,0.317438962762232
"bivt",0.001,5000,"0.1",TRUE,0.00062653526360991,-0.000554231418793613,0.000338007112862154,-0.000265703268045857,0.000288528150747756,0.317438962762232
"bivt",0.001,5000,"0.01",TRUE,0.000805319561732451,-0.000645021182069442,0.000516791410984696,-0.000356493031321686,0.000288528150747756,0.317438962762232
"bivt",0.001,5000,"0.05",TRUE,0.00304151073161284,-0.00262150890183257,0.000908312166303374,-0.000488310336523112,0.00213319856530946,0.194760464359345
"bivt",0.001,5000,"0.1",TRUE,0.00295786497321594,-0.00256152179292577,0.000824666407906482,-0.000428323227616309,0.00213319856530946,0.194760464359345
"bivt",0.001,5000,"0.01",TRUE,0.00331071596256627,-0.00268649944041876,0.00117751739725681,-0.000553300875109302,0.00213319856530946,0.194760464359345
"bivt",0.001,5000,"0.05",TRUE,0.00114851601601792,-0.000969407984956671,0.000529752403989638,-0.000350644372928385,0.000618763612028285,0.244636820133178
"bivt",0.001,5000,"0.1",TRUE,0.00106838092974628,-0.000946439811876108,0.000449617317717999,-0.000327676199847822,0.000618763612028285,0.244636820133178
"bivt",0.001,5000,"0.01",TRUE,0.00132274094381043,-0.00102021113324288,0.000703977331782142,-0.000401447521214593,0.000618763612028285,0.244636820133178
"bivt",0.001,5000,"0.05",TRUE,0.00151251499062665,-0.00124862125935642,0.000590179783345792,-0.000326286052075571,0.000922335207280854,0.275110000651112
"bivt",0.001,5000,"0.1",TRUE,0.00141779692402188,-0.00122663763860573,0.000495461716741023,-0.000304302431324874,0.000922335207280854,0.275110000651112
"bivt",0.001,5000,"0.01",TRUE,0.00184156955073414,-0.00130301256031688,0.000919234343453282,-0.000380677353036025,0.000922335207280854,0.275110000651112
"bivt",0.001,5000,"0.05",TRUE,0.00143145368210297,-0.00124095764153717,0.000482454608794152,-0.000291958568228359,0.000948999073308815,0.285280492660379
"bivt",0.001,5000,"0.1",TRUE,0.00134705383986504,-0.00121242234873854,0.000398054766556223,-0.000263423275429728,0.000948999073308815,0.285280492660379
"bivt",0.001,5000,"0.01",TRUE,0.00152324497045256,-0.00129126943289725,0.000574245897143742,-0.000342270359588433,0.000948999073308815,0.285280492660379
"bivt",0.001,5000,"0.05",TRUE,0.000925657229520902,-0.000820583991701993,0.000416972104586126,-0.000311898866767217,0.000508685124934776,0.291665106168043
"bivt",0.001,5000,"0.1",TRUE,0.000882421342009212,-0.000789752189004228,0.000373736217074436,-0.000281067064069452,0.000508685124934776,0.291665106168043
"bivt",0.001,5000,"0.01",TRUE,0.00104057739648302,-0.000867720567390058,0.000531892271548245,-0.000359035442455282,0.000508685124934776,0.291665106168043
"bivt",0.001,5000,"0.05",TRUE,0.0010541897180583,-0.000898078994403438,0.000435426106030011,-0.000279315382375152,0.000618763612028285,0.339391355326358
"bivt",0.001,5000,"0.1",TRUE,0.000994754697574679,-0.000876958223668201,0.000375991085546394,-0.000258194611639915,0.000618763612028285,0.339391355326358
"bivt",0.001,5000,"0.01",TRUE,0.00113315522890673,-0.00094801482092362,0.00051439161687844,-0.000329251208895334,0.000618763612028285,0.339391355326358
"bivt",0.001,5000,"0.05",TRUE,0.00141628781556947,-0.00121354917619427,0.000467288742260657,-0.000264550102885454,0.000948999073308815,0.332603739531643
"bivt",0.001,5000,"0.1",TRUE,0.00131480236627526,-0.00118487911042403,0.000365803292966444,-0.000235880037115216,0.000948999073308815,0.332603739531643
"bivt",0.001,5000,"0.01",TRUE,0.00162106020945255,-0.0012564892282748,0.000672061136143732,-0.000307490154965984,0.000948999073308815,0.332603739531643
"bivt",0.001,5000,"0.05",TRUE,0.00114379131207688,-0.000947731985326552,0.000525027700048597,-0.000328968373298266,0.000618763612028285,0.315814757321122
"bivt",0.001,5000,"0.1",TRUE,0.00104457478003995,-0.000926825730642995,0.000425811168011664,-0.00030806211861471,0.000618763612028285,0.315814757321122
"bivt",0.001,5000,"0.01",TRUE,0.00127489976120897,-0.00099154927857579,0.000656136149180687,-0.000372785666547504,0.000618763612028285,0.315814757321122
"bivt",0.001,5000,"0.05",TRUE,0.00172866849378359,-0.00156141478777882,0.000586176312315716,-0.000418922606310944,0.00114249218146787,0.240560602310304
"bivt",0.001,5000,"0.1",TRUE,0.00165899478752262,-0.00153528402290405,0.000516502606054746,-0.000392791841436176,0.00114249218146787,0.240560602310304
"bivt",0.001,5000,"0.01",TRUE,0.00186607946389087,-0.001628477958827,0.000723587282422997,-0.000485985777359123,0.00114249218146787,0.240560602310304
"bivt",0.001,5000,"0.05",TRUE,0.00137144686133285,-0.00124863857487832,0.000449111654051995,-0.000326303367597465,0.000922335207280854,0.257898430531094
"bivt",0.001,5000,"0.1",TRUE,0.00128740385739044,-0.00121454717842372,0.000365068650109589,-0.000292211971142863,0.000922335207280854,0.257898430531094
"bivt",0.001,5000,"0.01",TRUE,0.00153716217347334,-0.00131446827300453,0.00061482696619249,-0.000392133065723678,0.000922335207280854,0.257898430531094
"bivt",0.001,5000,"0.05",TRUE,0.00197629054136187,-0.00163814439640585,0.000723719872800486,-0.000385573727844467,0.00125257066856138,0.223422148859236
"bivt",0.001,5000,"0.1",TRUE,0.00184508897309086,-0.00159919480876076,0.000592518304529481,-0.000346624140199379,0.00125257066856138,0.223422148859236
"bivt",0.001,5000,"0.01",TRUE,0.00219745038557024,-0.00171766775428006,0.000944879717008855,-0.000465097085718679,0.00125257066856138,0.223422148859236
"bivt",0.001,5000,"0.05",TRUE,0.00119372009060245,-0.00104626808760338,0.00049154185750862,-0.00034408985450955,0.000702178233093833,0.259891963595781
"bivt",0.001,5000,"0.1",TRUE,0.00114926066413308,-0.00102163909568255,0.000447082431039243,-0.000319460862588719,0.000702178233093833,0.259891963595781
"bivt",0.001,5000,"0.01",TRUE,0.00133765464917669,-0.00111525889864222,0.000635476416082856,-0.000413080665548386,0.000702178233093833,0.259891963595781
"bivt",0.001,5000,"0.05",TRUE,0.00152869256877325,-0.0012731992690744,0.000606357361492394,-0.000350864061793545,0.000922335207280854,0.280720169537243
"bivt",0.001,5000,"0.1",TRUE,0.00147485076808568,-0.00124813303905036,0.000552515560804828,-0.000325797831769506,0.000922335207280854,0.280720169537243
"bivt",0.001,5000,"0.01",TRUE,0.00172433976987177,-0.00133141155317922,0.000802004562590916,-0.000409076345898371,0.000922335207280854,0.280720169537243
"bivt",0.001,5000,"0.05",TRUE,0.00122119321666844,-0.000917637448345414,0.00062909347066812,-0.00032553770234509,0.000592099746000324,0.259879118392703
"bivt",0.001,5000,"0.1",TRUE,0.00108675701477425,-0.00089544879740102,0.000494657268773931,-0.000303349051400696,0.000592099746000324,0.259879118392703
"bivt",0.001,5000,"0.01",TRUE,0.00148109550764816,-0.000960106034508958,0.000888995761647838,-0.000368006288508634,0.000592099746000324,0.259879118392703
"bivt",0.001,5000,"0.05",TRUE,0.00168480877728709,-0.00150023201632808,0.000542316595819216,-0.000357739834860203,0.00114249218146787,0.228954051387715
"bivt",0.001,5000,"0.1",TRUE,0.00163043700467065,-0.00147222450214385,0.000487944823202777,-0.000329732320675975,0.00114249218146787,0.228954051387715
"bivt",0.001,5000,"0.01",TRUE,0.00189006777150396,-0.00159479300500376,0.000747575590036087,-0.000452300823535887,0.00114249218146787,0.228954051387715
"bivt",0.001,5000,"0.05",TRUE,0.00157105368686528,-0.0014591026375809,0.000428561505397403,-0.000316610456113026,0.00114249218146787,0.285640740090314
"bivt",0.001,5000,"0.1",TRUE,0.00152231150939438,-0.00143287057676539,0.000379819327926504,-0.000290378395297519,0.00114249218146787,0.285640740090314
"bivt",0.001,5000,"0.01",TRUE,0.00167360119781462,-0.00149379029144885,0.000531109016346742,-0.000351298109980974,0.00114249218146787,0.285640740090314
"bivt",0.001,5000,"0.05",TRUE,0.00202590457244785,-0.00166376751068679,0.00077333390388647,-0.000411196842125408,0.00125257066856138,0.242887977882419
"bivt",0.001,5000,"0.1",TRUE,0.0019016722921304,-0.00163845176528451,0.000649101623569019,-0.000385881096723124,0.00125257066856138,0.242887977882419
"bivt",0.001,5000,"0.01",TRUE,0.00221622624696859,-0.00173938440087682,0.000963655578407204,-0.000486813732315437,0.00125257066856138,0.242887977882419
"bivt",0.001,5000,"0.05",TRUE,0.00124492554595006,-0.00114553681706807,0.000432668825762718,-0.000333280096880728,0.000812256720187343,0.315416535698291
"bivt",0.001,5000,"0.1",TRUE,0.00119206270554621,-0.00111165147383022,0.000379805985358865,-0.000299394753642872,0.000812256720187343,0.315416535698291
"bivt",0.001,5000,"0.01",TRUE,0.00141382663631338,-0.00119008982405042,0.000601569916126035,-0.000377833103863078,0.000812256720187343,0.315416535698291
"bivt",0.001,5000,"0.05",TRUE,0.00260269719310637,-0.00221391830685883,0.000799734089077439,-0.000410955202829896,0.00180296310402893,0.233257215319173
"bivt",0.001,5000,"0.1",TRUE,0.00245238587474912,-0.00218708501646818,0.000649422770720188,-0.000384121912439252,0.00180296310402893,0.233257215319173
"bivt",0.001,5000,"0.01",TRUE,0.00281309713810371,-0.00226181378774762,0.00101013403407477,-0.00045885068371869,0.00180296310402893,0.233257215319173
"bivt",0.001,5000,"0.05",TRUE,0.00179134945902378,-0.00163994887442479,0.000538778790462397,-0.000387378205863409,0.00125257066856138,0.251994170775961
"bivt",0.001,5000,"0.1",TRUE,0.00170841895160921,-0.00160152422757807,0.000455848283047824,-0.000348953559016688,0.00125257066856138,0.251994170775961
"bivt",0.001,5000,"0.01",TRUE,0.00200895320563838,-0.00170255573834348,0.000756382537076996,-0.000449985069782099,0.00125257066856138,0.251994170775961
"bivt",0.001,5000,"0.05",TRUE,0.00147463056007566,-0.0012561388944296,0.000552295352794811,-0.000333803687148744,0.000922335207280854,0.265686466633192
"bivt",0.001,5000,"0.1",TRUE,0.00139452663428099,-0.00122957840814805,0.000472191427000139,-0.000307243200867195,0.000922335207280854,0.265686466633192
"bivt",0.001,5000,"0.01",TRUE,0.00171482139515327,-0.00130127273905868,0.00079248618787242,-0.000378937531777825,0.000922335207280854,0.265686466633192
"bivt",0.001,5000,"0.05",TRUE,0.00125075523848158,-0.00106527737060776,0.000521913139359781,-0.000336435271485962,0.000728842099121795,0.297434489014543
"bivt",0.001,5000,"0.1",TRUE,0.00121128515831797,-0.00103786220527108,0.000482443059196178,-0.000309020106149282,0.000728842099121795,0.297434489014543
"bivt",0.001,5000,"0.01",TRUE,0.00133075685618394,-0.00113492271456163,0.000601914757062147,-0.000406080615439833,0.000728842099121795,0.297434489014543
"bivt",0.001,5000,"0.05",TRUE,0.0010626129588735,-0.000952071735868762,0.000443849346845213,-0.000333308123840477,0.000618763612028285,0.259043129605111
"bivt",0.001,5000,"0.1",TRUE,0.00101741082691509,-0.000923470897886635,0.000398647214886802,-0.000304707285858349,0.000618763612028285,0.259043129605111
"bivt",0.001,5000,"0.01",TRUE,0.00117285500963586,-0.000996666414385261,0.000554091397607579,-0.000377902802356976,0.000618763612028285,0.259043129605111
"bivt",0.001,5000,"0.05",TRUE,0.0017348713737525,-0.00156179791913444,0.000482300705191113,-0.000309227250573059,0.00125257066856138,0.267338649649178
"bivt",0.001,5000,"0.1",TRUE,0.00168982582116124,-0.0015346318250087,0.000437255152599856,-0.000282061156447322,0.00125257066856138,0.267338649649178
"bivt",0.001,5000,"0.01",TRUE,0.00192974680530148,-0.00161388078565051,0.0006771761367401,-0.000361310117089131,0.00125257066856138,0.267338649649178
"bivt",0.001,5000,"0.05",TRUE,0.00203029608770512,-0.00175341852914923,0.000667646932050231,-0.000390769373494336,0.00136264915565489,0.245367647451062
"bivt",0.001,5000,"0.1",TRUE,0.00195091951477441,-0.00172415855298246,0.000588270359119519,-0.000361509397327569,0.00136264915565489,0.245367647451062
"bivt",0.001,5000,"0.01",TRUE,0.00228578379710994,-0.0017999130163384,0.000923134641455052,-0.000437263860683509,0.00136264915565489,0.245367647451062
"bivt",0.001,5000,"0.05",TRUE,0.00111466804014239,-0.000936080358450217,0.000522568294142066,-0.000343980612449893,0.000592099746000324,0.296231341814931
"bivt",0.001,5000,"0.1",TRUE,0.00103685610683184,-0.000917124731079833,0.000444756360831515,-0.000325024985079509,0.000592099746000324,0.296231341814931
"bivt",0.001,5000,"0.01",TRUE,0.00127087080382557,-0.000988141145761862,0.000678771057825251,-0.000396041399761538,0.000592099746000324,0.296231341814931
"bivt",0.001,5000,"0.05",TRUE,0.00130997691980012,-0.00108229297645777,0.00060779868670629,-0.000380114743363939,0.000702178233093833,0.265160153329828
"bivt",0.001,5000,"0.1",TRUE,0.00123640974889052,-0.0010469288166724,0.000534231515796689,-0.000344750583578562,0.000702178233093833,0.265160153329828
"bivt",0.001,5000,"0.01",TRUE,0.00145459047599703,-0.00112568529260287,0.000752412242903193,-0.00042350705950904,0.000702178233093833,0.265160153329828
"bivt",0.001,5000,"0.05",TRUE,0.00123512823186609,-0.00105211285489037,0.000532949998772253,-0.000349934621796541,0.000702178233093833,0.288424195535188
"bivt",0.001,5000,"0.1",TRUE,0.00114982814205104,-0.00100294507395058,0.000447649908957208,-0.000300766840856742,0.000702178233093833,0.288424195535188
"bivt",0.001,5000,"0.01",TRUE,0.00135245481415397,-0.00110934460527044,0.000650276581060139,-0.000407166372176606,0.000702178233093833,0.288424195535188
"bivt",0.001,5000,"0.05",TRUE,0.000846823341462698,-0.000666929087196743,0.000448216703621432,-0.000268322449355477,0.000398606637841266,0.318172920493993
"bivt",0.001,5000,"0.1",TRUE,0.000794585536724892,-0.000655495196139739,0.000395978898883627,-0.000256888558298474,0.000398606637841266,0.318172920493993
"bivt",0.001,5000,"0.01",TRUE,0.000932201741138643,-0.000708822088398799,0.000533595103297377,-0.000310215450557534,0.000398606637841266,0.318172920493993
"bivt",0.001,5000,"0.05",TRUE,0.00133418052326379,-0.00121512253143836,0.000411845315982932,-0.000292787324157511,0.000922335207280854,0.315701838610419
"bivt",0.001,5000,"0.1",TRUE,0.00127780895834697,-0.00119319403781703,0.000355473751066121,-0.000270858830536175,0.000922335207280854,0.315701838610419
"bivt",0.001,5000,"0.01",TRUE,0.00145851990744876,-0.00126013034430628,0.000536184700167902,-0.000337795137025424,0.000922335207280854,0.315701838610419
"bivt",0.001,5000,"0.05",TRUE,0.00112692305470479,-0.00096436055284458,0.000508159442676508,-0.000345596940816294,0.000618763612028285,0.268159975342007
"bivt",0.001,5000,"0.1",TRUE,0.00108360559443531,-0.000936164969205907,0.000464841982407025,-0.000317401357177622,0.000618763612028285,0.268159975342007
"bivt",0.001,5000,"0.01",TRUE,0.00123035755115737,-0.00102316292662281,0.000611593939129086,-0.000404399314594527,0.000618763612028285,0.268159975342007
"bivt",0.001,5000,"0.05",TRUE,0.00104965415151267,-0.000917282973342134,0.000430890539484387,-0.000298519361313849,0.000618763612028285,0.287735390422272
"bivt",0.001,5000,"0.1",TRUE,0.00100107515171725,-0.000882604270014409,0.000382311539688968,-0.000263840657986123,0.000618763612028285,0.287735390422272
"bivt",0.001,5000,"0.01",TRUE,0.00112118665727803,-0.00096549796928541,0.000502423045249746,-0.000346734357257124,0.000618763612028285,0.287735390422272
"bivt",0.001,5000,"0.05",TRUE,0.00187349517104286,-0.00162371091016445,0.000620924502481481,-0.000371140241603066,0.00125257066856138,0.270418862351367
"bivt",0.001,5000,"0.1",TRUE,0.00175291771578935,-0.00160357621352424,0.000500347047227971,-0.000351005544962855,0.00125257066856138,0.270418862351367
"bivt",0.001,5000,"0.01",TRUE,0.00200300600586722,-0.00168023726363109,0.00075043533730584,-0.000427666595069705,0.00125257066856138,0.270418862351367
"bivt",0.001,5000,"0.05",TRUE,0.000924657989843344,-0.000747214466407353,0.000526051352002079,-0.000348607828566088,0.000398606637841266,0.273611453098086
"bivt",0.001,5000,"0.1",TRUE,0.000827747053751294,-0.000723852352146318,0.000429140415910028,-0.000325245714305053,0.000398606637841266,0.273611453098086
"bivt",0.001,5000,"0.01",TRUE,0.00102822052394263,-0.000793148988885098,0.000629613886101366,-0.000394542351043832,0.000398606637841266,0.273611453098086
"bivt",0.001,5000,"0.05",TRUE,0.00124236123368884,-0.00101644583942804,0.000540183000595009,-0.000314267606334207,0.000702178233093833,0.319982783010571
"bivt",0.001,5000,"0.1",TRUE,0.00112016388775321,-0.000980958516487555,0.000417985654659377,-0.000278780283393721,0.000702178233093833,0.319982783010571
"bivt",0.001,5000,"0.01",TRUE,0.00144542237868609,-0.00107325136304929,0.000743244145592252,-0.000371073129955461,0.000702178233093833,0.319982783010571
"bivt",0.001,5000,"0.05",TRUE,0.00108216717993801,-0.000931880758811089,0.000463403567909721,-0.000313117146782804,0.000618763612028285,0.298084118070605
"bivt",0.001,5000,"0.1",TRUE,0.00101065035490233,-0.000911680468831971,0.000391886742874042,-0.000292916856803685,0.000618763612028285,0.298084118070605
"bivt",0.001,5000,"0.01",TRUE,0.00120418182538715,-0.000981551835557159,0.000585418213358863,-0.000362788223528874,0.000618763612028285,0.298084118070605
"bivt",0.001,5000,"0.05",TRUE,0.00192058382086329,-0.00168070581488581,0.000557934665208402,-0.000318056659230913,0.00136264915565489,0.279928143005197
"bivt",0.001,5000,"0.1",TRUE,0.00183513784341143,-0.00165425372002044,0.000472488687756533,-0.000291604564365549,0.00136264915565489,0.279928143005197
"bivt",0.001,5000,"0.01",TRUE,0.00207363062348412,-0.00172689408414701,0.000710981467829225,-0.000364244928492121,0.00136264915565489,0.279928143005197
"bivt",0.001,5000,"0.05",FALSE,0.000677494611465423,-0.000605828006910994,0.000278887973624158,-0.000207221369069728,0.000398606637841266,0.409747540760178
"bivt",0.001,5000,"0.1",FALSE,0.000646320482715529,-0.000587020401170957,0.000247713844874264,-0.000188413763329691,0.000398606637841266,0.409747540760178
"bivt",0.001,5000,"0.01",FALSE,0.000733728351750176,-0.000645980650004801,0.00033512171390891,-0.000247374012163535,0.000398606637841266,0.409747540760178
"bivt",0.001,5000,"0.05",TRUE,0.0013427418061383,-0.00115647280067079,0.000530485085950959,-0.00034421608048345,0.000812256720187343,0.265229248589975
"bivt",0.001,5000,"0.1",TRUE,0.00125737524113495,-0.00112757728960948,0.000445118520947611,-0.000315320569422133,0.000812256720187343,0.265229248589975
"bivt",0.001,5000,"0.01",TRUE,0.00150727341073899,-0.00119964112650839,0.000695016690551645,-0.000387384406321048,0.000812256720187343,0.265229248589975
"bivt",0.001,5000,"0.05",TRUE,0.00126241621562532,-0.00104104223152095,0.000560237982531491,-0.000338863998427112,0.000702178233093833,0.289430937341287
"bivt",0.001,5000,"0.1",TRUE,0.00121225519362362,-0.00102222817105408,0.000510076960529785,-0.000320049937960242,0.000702178233093833,0.289430937341287
"bivt",0.001,5000,"0.01",TRUE,0.00139877053929772,-0.00108561576803814,0.000696592306203886,-0.000383437534944307,0.000702178233093833,0.289430937341287
"bivt",0.001,5000,"0.05",TRUE,0.00182477105417769,-0.00165679983064337,0.000462121898522797,-0.000294150674988481,0.00136264915565489,0.27420167975694
"bivt",0.001,5000,"0.1",TRUE,0.00175637797758437,-0.00163480305525539,0.000393728821929474,-0.000272153899600493,0.00136264915565489,0.27420167975694
"bivt",0.001,5000,"0.01",TRUE,0.00199988449189288,-0.00171133471429923,0.000637235336237984,-0.000348685558644333,0.00136264915565489,0.27420167975694
"bivt",0.001,5000,"0.05",TRUE,0.0011353278907622,-0.000971499944693588,0.000543228144761872,-0.000379400198693265,0.000592099746000324,0.281275734747998
"bivt",0.001,5000,"0.1",TRUE,0.00105845710170839,-0.000937828876501429,0.000466357355708063,-0.000345729130501105,0.000592099746000324,0.281275734747998
"bivt",0.001,5000,"0.01",TRUE,0.00133770005713639,-0.00101289661369095,0.000745600311136071,-0.000420796867690624,0.000592099746000324,0.281275734747998
"bivt",0.001,5000,"0.05",TRUE,0.000886615161719961,-0.000750565617552376,0.000488008523878696,-0.00035195897971111,0.000398606637841266,0.273085796113748
"bivt",0.001,5000,"0.1",TRUE,0.000840831214249024,-0.000728965453007719,0.000442224576407759,-0.000330358815166453,0.000398606637841266,0.273085796113748
"bivt",0.001,5000,"0.01",TRUE,0.00109908111828077,-0.000795920951956999,0.000700474480439509,-0.000397314314115734,0.000398606637841266,0.273085796113748
"bivt",0.001,5000,"0.05",TRUE,0.000972708352716477,-0.000846675796758067,0.000490687093809663,-0.000364654537851253,0.000482021258906814,0.326216811689867
"bivt",0.001,5000,"0.1",FALSE,0.000918576737208271,-0.000810107417248092,0.000436555478301458,-0.000328086158341278,0.000482021258906814,0.326216811689867
"bivt",0.001,5000,"0.01",TRUE,0.00115893970314183,-0.00089841848083285,0.00067691844423502,-0.000416397221926036,0.000482021258906814,0.326216811689867
"bivt",0.001,5000,"0.05",TRUE,0.00159069041700034,-0.00141893498697106,0.000558276722625981,-0.000386521292596694,0.00103241369437436,0.248922749568939
"bivt",0.001,5000,"0.1",TRUE,0.00150447265025889,-0.00138706468072297,0.000472058955884525,-0.000354650986348609,0.00103241369437436,0.248922749568939
"bivt",0.001,5000,"0.01",TRUE,0.0017572245985158,-0.00146445761867738,0.000724810904141434,-0.000432043924303022,0.00103241369437436,0.248922749568939
"bivt",0.001,5000,"0.05",TRUE,0.00120582002694695,-0.000984528628657002,0.00058705641491866,-0.000365765016628716,0.000618763612028285,0.25826127867779
"bivt",0.001,5000,"0.1",TRUE,0.00110484402937879,-0.000954086350187684,0.000486080417350509,-0.000335322738159399,0.000618763612028285,0.25826127867779
"bivt",0.001,5000,"0.01",TRUE,0.00132866276868342,-0.00105294277574338,0.000709899156655136,-0.000434179163715096,0.000618763612028285,0.25826127867779
"bivt",0.001,5000,"0.05",TRUE,0.00107537257719108,-0.000958552709187688,0.000456608965162796,-0.000339789097159402,0.000618763612028285,0.300820150028091
"bivt",0.001,5000,"0.1",TRUE,0.00101959612151933,-0.000926772515968214,0.000400832509491048,-0.000308008903939929,0.000618763612028285,0.300820150028091
"bivt",0.001,5000,"0.01",TRUE,0.00118279085493724,-0.000984689841314484,0.000564027242908955,-0.000365926229286199,0.000618763612028285,0.300820150028091
"bivt",0.001,5000,"0.05",TRUE,0.00110373626578057,-0.00102596484578474,0.000374894166658777,-0.000297122746662944,0.000728842099121795,0.311630496125332
"bivt",0.001,5000,"0.1",TRUE,0.00105341659523923,-0.000991651961897006,0.000324574496117432,-0.000262809862775211,0.000728842099121795,0.311630496125332
"bivt",0.001,5000,"0.01",TRUE,0.00120052487969087,-0.00105795638402449,0.000471682780569075,-0.000329114284902692,0.000728842099121795,0.311630496125332
"bivt",0.001,5000,"0.05",TRUE,0.00122119615717448,-0.00112709598344474,0.000408939436987135,-0.000314839263257394,0.000812256720187343,0.26889485931922
"bivt",0.001,5000,"0.1",TRUE,0.00117589521945716,-0.00110851925993389,0.00036363849926982,-0.000296262539746546,0.000812256720187343,0.26889485931922
"bivt",0.001,5000,"0.01",TRUE,0.00134574009892082,-0.00119132782580315,0.000533483378733481,-0.000379071105615806,0.000812256720187343,0.26889485931922
"bivt",0.001,5000,"0.05",TRUE,0.00196233368093744,-0.00175120593334155,0.000599684525282544,-0.000388556777686656,0.00136264915565489,0.264519143782959
"bivt",0.001,5000,"0.1",TRUE,0.00185986216780781,-0.00171305268121483,0.000497213012152918,-0.000350403525559935,0.00136264915565489,0.264519143782959
"bivt",0.001,5000,"0.01",TRUE,0.00212509443566696,-0.00182061345330284,0.000762445280012071,-0.000457964297647947,0.00136264915565489,0.264519143782959
"bivt",0.001,5000,"0.05",TRUE,0.00108939078866064,-0.00097536538843023,0.000470627176632353,-0.000356601776401944,0.000618763612028285,0.274696573623414
"bivt",0.001,5000,"0.1",TRUE,0.00102194269634761,-0.00092739841952838,0.000403179084319322,-0.000308634807500095,0.000618763612028285,0.274696573623414
"bivt",0.001,5000,"0.01",TRUE,0.00124438982087166,-0.00102120003473848,0.000625626208843373,-0.000402436422710198,0.000618763612028285,0.274696573623414
"bivt",0.001,5000,"0.05",TRUE,0.0010876106120379,-0.0009290849180083,0.000495510866037576,-0.000336985172007977,0.000592099746000324,0.285144601583677
"bivt",0.001,5000,"0.1",TRUE,0.00103469940509733,-0.000902227766447188,0.000442599659097006,-0.000310128020446864,0.000592099746000324,0.285144601583677
"bivt",0.001,5000,"0.01",TRUE,0.0012363543453262,-0.00096410941127057,0.000644254599325878,-0.000372009665270246,0.000592099746000324,0.285144601583677
"bivt",0.001,5000,"0.05",TRUE,0.00111949779415943,-0.000932170674805975,0.000500734182131148,-0.00031340706277769,0.000618763612028285,0.328537440362605
"bivt",0.001,5000,"0.1",TRUE,0.00106125873319127,-0.000909441652667468,0.000442495121162988,-0.000290678040639182,0.000618763612028285,0.328537440362605
"bivt",0.001,5000,"0.01",TRUE,0.0012741138458232,-0.000973663589804086,0.000655350233794919,-0.0003548999777758,0.000618763612028285,0.328537440362605
"bivt",0.001,5000,"0.05",TRUE,0.00150781737907968,-0.00136985671144987,0.000448739818677353,-0.000310779151047548,0.00105907756040233,0.304446059412959
"bivt",0.001,5000,"0.1",TRUE,0.00144198013253838,-0.00134185093743924,0.000382902572136051,-0.000282773377036912,0.00105907756040233,0.304446059412959
"bivt",0.001,5000,"0.01",TRUE,0.00159850363459285,-0.00140647934323451,0.000539426074190523,-0.000347401782832188,0.00105907756040233,0.304446059412959
"bivt",0.001,5000,"0.05",TRUE,0.00165300412040319,-0.00148001475709543,0.000510511938935315,-0.00033752257562756,0.00114249218146787,0.253023824950301
"bivt",0.001,5000,"0.1",TRUE,0.00157875347975175,-0.00145675541324169,0.000436261298283878,-0.000314263231773817,0.00114249218146787,0.253023824950301
"bivt",0.001,5000,"0.01",TRUE,0.00179589501866305,-0.00151596357063849,0.000653402837195176,-0.000373471389170616,0.00114249218146787,0.253023824950301
"bivt",0.001,5000,"0.05",TRUE,0.00113014998522444,-0.00095588824565233,0.000511386373196152,-0.000337124633624044,0.000618763612028285,0.297461906593666
"bivt",0.001,5000,"0.1",TRUE,0.00111529386335638,-0.000928341056778927,0.000496530251328093,-0.000309577444750641,0.000618763612028285,0.297461906593666
"bivt",0.001,5000,"0.01",TRUE,0.00122626067075308,-0.000997476682020468,0.000607497058724799,-0.000378713069992182,0.000618763612028285,0.297461906593666
"bivt",0.001,5000,"0.05",TRUE,0.00118563094458744,-0.00104210462724538,0.000483452711493604,-0.000339926394151544,0.000702178233093833,0.280286039659722
"bivt",0.001,5000,"0.1",TRUE,0.00111852827561872,-0.00101780633010633,0.000416350042524884,-0.000315628097012493,0.000702178233093833,0.280286039659722
"bivt",0.001,5000,"0.01",TRUE,0.00133967324497561,-0.00108442623105887,0.000637495011881779,-0.00038224799796504,0.000702178233093833,0.280286039659722
"bivt",0.001,5000,"0.05",TRUE,0.00171300854663932,-0.00147220513379058,0.000570516365171448,-0.000329712952322702,0.00114249218146787,0.267176494631931
"bivt",0.001,5000,"0.1",TRUE,0.00159447791588977,-0.00144655733520397,0.000451985734421897,-0.000304065153736092,0.00114249218146787,0.267176494631931
"bivt",0.001,5000,"0.01",TRUE,0.00191507852557132,-0.00153226735453395,0.000772586344103445,-0.000389775173066081,0.00114249218146787,0.267176494631931
"bivt",0.001,5000,"0.05",TRUE,0.00230224434560864,-0.00197641270517342,0.00082951670286024,-0.000503685062425018,0.0014727276427484,0.200976342931641
"bivt",0.001,5000,"0.1",TRUE,0.00212607993117622,-0.00193767355845641,0.000653352288427818,-0.000464945915708004,0.0014727276427484,0.200976342931641
"bivt",0.001,5000,"0.01",TRUE,0.00249110642952567,-0.00204135485349087,0.00101837878677727,-0.000568627210742462,0.0014727276427484,0.200976342931641
"bivt",0.001,5000,"0.05",TRUE,0.000847305235542734,-0.000676995284739448,0.000448698597701469,-0.000278388646898182,0.000398606637841266,0.344046093972277
"bivt",0.001,5000,"0.1",TRUE,0.000765706785913169,-0.000659356785008512,0.000367100148071903,-0.000260750147167247,0.000398606637841266,0.344046093972277
"bivt",0.001,5000,"0.01",TRUE,0.000957331555230182,-0.00070415496288755,0.000558724917388916,-0.000305548325046284,0.000398606637841266,0.344046093972277
"bivt",0.001,5000,"0.05",TRUE,0.00189507809943314,-0.0016366316578133,0.000642507430871757,-0.000384060989251916,0.00125257066856138,0.271141763974117
"bivt",0.001,5000,"0.1",TRUE,0.00179970471594407,-0.0016153113236058,0.000547134047382688,-0.000362740655044415,0.00125257066856138,0.271141763974117
"bivt",0.001,5000,"0.01",TRUE,0.00212459257195418,-0.00169621977193191,0.000872021903392801,-0.000443649103370524,0.00125257066856138,0.271141763974117
"bivt",0.001,5000,"0.05",TRUE,0.00099649237240027,-0.000900304549201569,0.000377728760371985,-0.000281540937173284,0.000618763612028285,0.30744772548127
"bivt",0.001,5000,"0.1",TRUE,0.000930328500533885,-0.000877873712782481,0.000311564888505599,-0.000259110100754195,0.000618763612028285,0.30744772548127
"bivt",0.001,5000,"0.01",TRUE,0.00111922789066396,-0.000959066756198732,0.000500464278635678,-0.000340303144170447,0.000618763612028285,0.30744772548127
"bivt",0.001,5000,"0.05",TRUE,0.00172247838508426,-0.00150086451267277,0.000579986203616389,-0.000358372331204894,0.00114249218146787,0.258297379493425
"bivt",0.001,5000,"0.1",TRUE,0.00162834521427686,-0.00147735037074338,0.000485853032808985,-0.00033485818927551,0.00114249218146787,0.258297379493425
"bivt",0.001,5000,"0.01",TRUE,0.0019409839690536,-0.00155087720554052,0.000798491787585729,-0.000408385024072642,0.00114249218146787,0.258297379493425
"bivt",0.001,5000,"0.05",TRUE,0.00085766632593546,-0.000669843913145041,0.000459059688094194,-0.000271237275303775,0.000398606637841266,0.329844182771982
"bivt",0.001,5000,"0.1",TRUE,0.000806048542811983,-0.000648232740075307,0.000407441904970718,-0.000249626102234042,0.000398606637841266,0.329844182771982
"bivt",0.001,5000,"0.01",TRUE,0.000934706807903335,-0.000716966241957966,0.000536100170062069,-0.0003183596041167,0.000398606637841266,0.329844182771982
"bivt",0.001,5000,"0.05",TRUE,0.0018256700175679,-0.00153767928871276,0.000683177836100027,-0.000395187107244886,0.00114249218146787,0.258449910167896
"bivt",0.001,5000,"0.1",TRUE,0.00171301070334845,-0.00150124382019075,0.000570518521880574,-0.00035875163872288,0.00114249218146787,0.258449910167896
"bivt",0.001,5000,"0.01",TRUE,0.00209807736963215,-0.00160281226564132,0.000955585188164279,-0.00046032008417345,0.00114249218146787,0.258449910167896
"bivt",0.001,5000,"0.05",TRUE,0.00138152228106296,-0.00125042545506482,0.000542601694847656,-0.000411504868849511,0.000838920586215305,0.290273894685869
"bivt",0.001,5000,"0.1",TRUE,0.00131740737737377,-0.00118731516513053,0.000478486791158461,-0.000348394578915223,0.000838920586215305,0.290273894685869
"bivt",0.001,5000,"0.01",TRUE,0.00149898214272919,-0.0012654847657937,0.000660061556513881,-0.000426564179578391,0.000838920586215305,0.290273894685869
"bivt",0.001,5000,"0.05",TRUE,0.00126816684886414,-0.00104375255383554,0.000539324749742342,-0.000314910454713749,0.000728842099121795,0.266352635029604
"bivt",0.001,5000,"0.1",TRUE,0.00118683322894767,-0.00101997199528794,0.000457991129825875,-0.000291129896166149,0.000728842099121795,0.266352635029604
"bivt",0.001,5000,"0.01",TRUE,0.00144714205385574,-0.0011071543739737,0.000718299954733943,-0.000378312274851903,0.000728842099121795,0.266352635029604
"bivt",0.001,5000,"0.05",TRUE,0.000958961923660008,-0.000689331472151701,0.000587019151846705,-0.000317388700338397,0.000371942771813304,0.30965812629352
"bivt",0.001,5000,"0.1",TRUE,0.00088602122448725,-0.000670912167704874,0.000514078452673946,-0.000298969395891571,0.000371942771813304,0.30965812629352
"bivt",0.001,5000,"0.01",TRUE,0.00104516787930707,-0.000754208015522517,0.00067322510749377,-0.000382265243709213,0.000371942771813304,0.30965812629352
"bivt",0.001,5000,"0.05",TRUE,0.00181127958569962,-0.0015768098117087,0.000558708917138236,-0.000324239143147321,0.00125257066856138,0.263187833657801
"bivt",0.001,5000,"0.1",TRUE,0.00172522506215256,-0.00156564998463854,0.000472654393591175,-0.000313079316077157,0.00125257066856138,0.263187833657801
"bivt",0.001,5000,"0.01",TRUE,0.00195016252755353,-0.00162969514796152,0.000697591858992146,-0.000377124479400135,0.00125257066856138,0.263187833657801
"bivt",0.001,5000,"0.05",TRUE,0.00191337530777678,-0.00174736244786783,0.000550726152121891,-0.000384713292212935,0.00136264915565489,0.244507492052271
"bivt",0.001,5000,"0.1",TRUE,0.00184820049939771,-0.00171854999323401,0.000485551343742814,-0.000355900837579114,0.00136264915565489,0.244507492052271
"bivt",0.001,5000,"0.01",TRUE,0.00226782486701028,-0.00181354752780529,0.000905175711355383,-0.000450898372150401,0.00136264915565489,0.244507492052271
"bivt",0.001,5000,"0.05",TRUE,0.00142026075396143,-0.00111207814419701,0.000718082520867598,-0.000409899911103173,0.000702178233093833,0.237225574561831
"bivt",0.001,5000,"0.1",TRUE,0.00128030211974912,-0.00106985080450505,0.000578123886655282,-0.000367672571411212,0.000702178233093833,0.237225574561831
"bivt",0.001,5000,"0.01",TRUE,0.0015553792229377,-0.0012009057003808,0.000853200989843869,-0.000498727467286962,0.000702178233093833,0.237225574561831
"bivt",0.001,5000,"0.05",TRUE,0.0020135116002371,-0.00180226714652744,0.00065086244458221,-0.000439617990872547,0.00136264915565489,0.245149535828787
"bivt",0.001,5000,"0.1",TRUE,0.00195024147780688,-0.0017662834983105,0.000587592322151989,-0.000403634342655612,0.00136264915565489,0.245149535828787
"bivt",0.001,5000,"0.01",TRUE,0.0022652492459123,-0.00186524253600608,0.000902600090257412,-0.000502593380351188,0.00136264915565489,0.245149535828787
"bivt",0.001,5000,"0.05",TRUE,0.000964481467274279,-0.000831246571346895,0.000455796342339504,-0.000322561446412119,0.000508685124934776,0.295447578546048
"bivt",0.001,5000,"0.1",TRUE,0.000915848554245247,-0.000795745349605952,0.000407163429310472,-0.000287060224671177,0.000508685124934776,0.295447578546048
"bivt",0.001,5000,"0.01",TRUE,0.00106599691237516,-0.000890149864387602,0.00055731178744038,-0.000381464739452827,0.000508685124934776,0.295447578546048
"bivt",0.001,5000,"0.05",TRUE,0.00213362306228034,-0.00187546338246059,0.000660895419531939,-0.000402735739712187,0.0014727276427484,0.219711033318583
"bivt",0.001,5000,"0.1",TRUE,0.00206023567505279,-0.00184730535594639,0.000587508032304383,-0.000374577713197987,0.0014727276427484,0.219711033318583
"bivt",0.001,5000,"0.01",TRUE,0.00234299108367183,-0.00191777566901456,0.000870263440923431,-0.000445048026266159,0.0014727276427484,0.219711033318583
"bivt",0.001,5000,"0.05",TRUE,0.00298536302139929,-0.0025340946454298,0.000962242943183342,-0.000510974567213849,0.00202312007821595,0.219719192507499
"bivt",0.001,5000,"0.1",TRUE,0.00282888214467185,-0.0024800320459589,0.000805762066455893,-0.000456911967742943,0.00202312007821595,0.219719192507499
"bivt",0.001,5000,"0.01",TRUE,0.00318256356983771,-0.00258748360686924,0.00115944349162176,-0.000564363528653288,0.00202312007821595,0.219719192507499
"bivt",0.001,5000,"0.05",TRUE,0.00198642618868842,-0.0015056345627378,0.000843934007220546,-0.000363142381269923,0.00114249218146787,0.222058501978921
"bivt",0.001,5000,"0.1",TRUE,0.00188949002396557,-0.00147528949570898,0.000746997842497696,-0.000332797314241102,0.00114249218146787,0.222058501978921
"bivt",0.001,5000,"0.01",TRUE,0.00224860874690497,-0.00155681136615736,0.00110611656543709,-0.000414319184689485,0.00114249218146787,0.222058501978921
"bivt",0.001,5000,"0.05",TRUE,0.00159972499879782,-0.00142222492483167,0.000567311304423454,-0.000389811230457311,0.00103241369437436,0.282279891009792
"bivt",0.001,5000,"0.1",TRUE,0.00154332288962276,-0.00137743609080608,0.000510909195248396,-0.000345022396431714,0.00103241369437436,0.282279891009792
"bivt",0.001,5000,"0.01",TRUE,0.00176200140368767,-0.00148163088613374,0.000729587709313311,-0.00044921719175938,0.00103241369437436,0.282279891009792
"bivt",0.001,5000,"0.05",TRUE,0.00158037594701416,-0.00141702691166386,0.000547962252639801,-0.000384613217289496,0.00103241369437436,0.240364478494982
"bivt",0.001,5000,"0.1",TRUE,0.0015138281161855,-0.00137431020551009,0.000481414421811133,-0.000341896511135728,0.00103241369437436,0.240364478494982
"bivt",0.001,5000,"0.01",TRUE,0.00173454309950793,-0.00148821350767266,0.000702129405133567,-0.000455799813298292,0.00103241369437436,0.240364478494982
"bivt",0.001,5000,"0.05",TRUE,0.0024565616957858,-0.00213775872402636,0.000763677078850375,-0.000444874107090936,0.00169288461693542,0.223959514555203
"bivt",0.001,5000,"0.1",TRUE,0.00236517154803727,-0.00210320505106113,0.000672286931101848,-0.000410320434125712,0.00169288461693542,0.223959514555203
"bivt",0.001,5000,"0.01",TRUE,0.00273345287370937,-0.00221642576707983,0.00104056825677394,-0.00052354115014441,0.00169288461693542,0.223959514555203
"bivt",0.001,5000,"0.05",TRUE,0.00214665851923113,-0.00174690046698356,0.000784009363576235,-0.000384251311328667,0.00136264915565489,0.263811734746113
"bivt",0.001,5000,"0.1",TRUE,0.00204645917438243,-0.00171175128422163,0.000683810018727539,-0.000349102128566742,0.00136264915565489,0.263811734746113
"bivt",0.001,5000,"0.01",TRUE,0.0022938954258643,-0.00180496631626461,0.000931246270209404,-0.000442317160609717,0.00136264915565489,0.263811734746113
"bivt",0.001,5000,"0.05",TRUE,0.00088610645381639,-0.00078205730823854,0.000377421328881615,-0.000273372183303764,0.000508685124934776,0.331613259491568
"bivt",0.001,5000,"0.1",TRUE,0.000839050408097451,-0.000758275335904887,0.000330365283162675,-0.000249590210970112,0.000508685124934776,0.331613259491568
"bivt",0.001,5000,"0.01",TRUE,0.00100333315562865,-0.000845526371794151,0.000494648030693871,-0.000336841246859376,0.000508685124934776,0.331613259491568
"bivt",0.001,5000,"0.05",TRUE,0.00280820228845909,-0.00220468646978815,0.00100523918443016,-0.000401723365759218,0.00180296310402893,0.246478711072845
"bivt",0.001,5000,"0.1",TRUE,0.0026392612031582,-0.00217953226605159,0.000836298099129271,-0.000376569162022658,0.00180296310402893,0.246478711072845
"bivt",0.001,5000,"0.01",TRUE,0.00305789251219979,-0.0022460303769118,0.00125492940817086,-0.000443067272882869,0.00180296310402893,0.246478711072845
"bivt",0.001,5000,"0.05",TRUE,0.00112317808020593,-0.0010426317584565,0.000394335981084139,-0.000313789659334701,0.000728842099121795,0.315498650259097
"bivt",0.001,5000,"0.1",TRUE,0.0010810174711906,-0.00100344969719822,0.000352175372068803,-0.000274607598076427,0.000728842099121795,0.315498650259097
"bivt",0.001,5000,"0.01",TRUE,0.00122562400872653,-0.00106941572463703,0.000496781909604739,-0.000340573625515239,0.000728842099121795,0.315498650259097
"bivt",0.001,5000,"0.05",TRUE,0.00160932163013752,-0.00140550586386651,0.00057690793576316,-0.000373092169492143,0.00103241369437436,0.294785468214687
"bivt",0.001,5000,"0.1",TRUE,0.00152428068352093,-0.00137684908109933,0.000491866989146571,-0.00034443538672497,0.00103241369437436,0.294785468214687
"bivt",0.001,5000,"0.01",TRUE,0.00177345392976512,-0.00143887148122884,0.000741040235390758,-0.000406457786854481,0.00103241369437436,0.294785468214687
"bivt",0.001,5000,"0.05",TRUE,0.00129613491913283,-0.00101311063551417,0.000593956686039,-0.000310932402420334,0.000702178233093833,0.320754200475936
"bivt",0.001,5000,"0.1",TRUE,0.00121523001452125,-0.000989884961606795,0.000513051781427421,-0.000287706728512961,0.000702178233093833,0.320754200475936
"bivt",0.001,5000,"0.01",TRUE,0.00139803201164629,-0.0010830562194646,0.000695853778552457,-0.000380877986370765,0.000702178233093833,0.320754200475936
"bivt",0.001,5000,"0.05",TRUE,0.0019843154284409,-0.0016416785701954,0.000731744759879516,-0.000389107901634019,0.00125257066856138,0.233078632489882
"bivt",0.001,5000,"0.1",TRUE,0.00188847430034097,-0.00160921399243514,0.000635903631779583,-0.000356643323873755,0.00125257066856138,0.233078632489882
"bivt",0.001,5000,"0.01",TRUE,0.00226758308903116,-0.00170609303313635,0.00101501242046978,-0.000453522364574965,0.00125257066856138,0.233078632489882
"bivt",0.001,5000,"0.05",TRUE,0.000919435664121047,-0.000707393139771564,0.000520829026279782,-0.000308786501930298,0.000398606637841266,0.302905460708224
"bivt",0.001,5000,"0.1",TRUE,0.000862579183973249,-0.000675102206657674,0.000463972546131983,-0.000276495568816409,0.000398606637841266,0.302905460708224
"bivt",0.001,5000,"0.01",TRUE,0.00108592059247658,-0.000758805687828346,0.000687313954635316,-0.00036019904998708,0.000398606637841266,0.302905460708224
"bivt",0.001,5000,"0.05",TRUE,0.00164034097682731,-0.0013728015800681,0.000607927282452944,-0.000340387885693736,0.00103241369437436,0.291375478212372
"bivt",0.001,5000,"0.1",TRUE,0.00154683498875292,-0.00135863557153216,0.000514421294378552,-0.000326221877157792,0.00103241369437436,0.291375478212372
"bivt",0.001,5000,"0.01",TRUE,0.00179319620140197,-0.00142170118932834,0.000760782507027607,-0.000389287494953972,0.00103241369437436,0.291375478212372
"bivt",0.001,5000,"0.05",TRUE,0.00153007918007035,-0.00130524817038953,0.000607743972789497,-0.000382912963108679,0.000922335207280854,0.279297975681356
"bivt",0.001,5000,"0.1",TRUE,0.00144355742379958,-0.00126556215539646,0.000521222216518722,-0.000343226948115606,0.000922335207280854,0.279297975681356
"bivt",0.001,5000,"0.01",TRUE,0.00172737820038874,-0.00135242384982737,0.000805042993107885,-0.000430088642546516,0.000922335207280854,0.279297975681356
"bivt",0.001,5000,"0.05",TRUE,0.000897251103657743,-0.000773777158307211,0.000388565978722968,-0.000265092033372436,0.000508685124934776,0.335124368742403
"bivt",0.001,5000,"0.1",TRUE,0.000830849760168603,-0.000752363329835555,0.000322164635233827,-0.00024367820490078,0.000508685124934776,0.335124368742403
"bivt",0.001,5000,"0.01",TRUE,0.00103168724057026,-0.000819366022255835,0.000523002115635483,-0.000310680897321059,0.000508685124934776,0.335124368742403
"bivt",0.001,5000,"0.05",TRUE,0.00150156634737601,-0.00123225502532612,0.000689309627188671,-0.000419998305138778,0.000812256720187343,0.299764341002559
"bivt",0.001,5000,"0.1",TRUE,0.00140759239891172,-0.00118906650793635,0.000595335678724374,-0.000376809787749008,0.000812256720187343,0.299764341002559
"bivt",0.001,5000,"0.01",TRUE,0.00163561497706312,-0.00133736555635343,0.000823358256875779,-0.000525108836166088,0.000812256720187343,0.299764341002559
"bivt",0.001,5000,"0.05",TRUE,0.00133385243403878,-0.00132508014743918,0.000384853360729966,-0.000376081074130363,0.000948999073308815,0.284677733147161
"bivt",0.001,5000,"0.1",TRUE,0.00132095543418215,-0.00125735199530503,0.00037195636087333,-0.000308352921996219,0.000948999073308815,0.284677733147161
"bivt",0.001,5000,"0.01",TRUE,0.00149109067645328,-0.00136340474709053,0.000542091603144465,-0.000414405673781719,0.000948999073308815,0.284677733147161
"bivt",0.001,5000,"0.05",TRUE,0.00208331261383826,-0.00175600864517057,0.000720663458183367,-0.000393359489515676,0.00136264915565489,0.266813210647093
"bivt",0.001,5000,"0.1",TRUE,0.001969801487483,-0.00172514397821076,0.000607152331828103,-0.000362494822555866,0.00136264915565489,0.266813210647093
"bivt",0.001,5000,"0.01",TRUE,0.00231669598846831,-0.00181799662952782,0.000954046832813414,-0.000455347473872928,0.00136264915565489,0.266813210647093
"bivt",0.001,5000,"0.05",TRUE,0.000860089074257574,-0.000700558892926892,0.00048814630244427,-0.000328616121113589,0.000371942771813304,0.287826331673125
"bivt",0.001,5000,"0.1",TRUE,0.000789142093135949,-0.000668951458524858,0.000417199321322645,-0.000297008686711554,0.000371942771813304,0.287826331673125
"bivt",0.001,5000,"0.01",TRUE,0.000968004138996879,-0.000759133262444887,0.000596061367183575,-0.000387190490631583,0.000371942771813304,0.287826331673125
"bivt",0.001,5000,"0.05",TRUE,0.00134611546936079,-0.00113676289318488,0.000533858749173447,-0.00032450617299754,0.000812256720187343,0.281127639277469
"bivt",0.001,5000,"0.1",TRUE,0.00126472136125679,-0.00111177569999735,0.000452464641069445,-0.00029951897981001,0.000812256720187343,0.281127639277469
"bivt",0.001,5000,"0.01",TRUE,0.00152664778218969,-0.00119707306390091,0.000714391062002346,-0.000384816343713567,0.000812256720187343,0.281127639277469
"bivt",0.001,5000,"0.05",TRUE,0.0018784137145494,-0.00165842883517884,0.000625843045988016,-0.000405858166617459,0.00125257066856138,0.241601626952862
"bivt",0.001,5000,"0.1",TRUE,0.00180149888578762,-0.00161634647148448,0.000548928217226234,-0.0003637758029231,0.00125257066856138,0.241601626952862
"bivt",0.001,5000,"0.01",TRUE,0.00208144553583678,-0.00172688321713736,0.0008288748672754,-0.000474312548575973,0.00125257066856138,0.241601626952862
"bivt",0.001,5000,"0.05",TRUE,0.00148712343591356,-0.00129920467711284,0.000564788228632709,-0.000376869469831991,0.000922335207280854,0.261851306758986
"bivt",0.001,5000,"0.1",TRUE,0.00139910313956083,-0.00126989501143501,0.000476767932279974,-0.000347559804154154,0.000922335207280854,0.261851306758986
"bivt",0.001,5000,"0.01",TRUE,0.00165146353574893,-0.00135084846236591,0.000729128328468072,-0.000428513255085061,0.000922335207280854,0.261851306758986
"bivt",0.001,5000,"0.05",TRUE,0.00197555417281019,-0.00163426398136993,0.000722983504248809,-0.000381693312808543,0.00125257066856138,0.252265817338513
"bivt",0.001,5000,"0.1",TRUE,0.00184410255782064,-0.00160369113440944,0.000591531889259262,-0.000351120465848057,0.00125257066856138,0.252265817338513
"bivt",0.001,5000,"0.01",TRUE,0.00226368558398473,-0.00167991171213272,0.00101111491542335,-0.000427341043571341,0.00125257066856138,0.252265817338513
"bivt",0.001,5000,"0.05",TRUE,0.00115162979258744,-0.00101513263962891,0.000449451559493606,-0.000312954406535075,0.000702178233093833,0.286565659249147
"bivt",0.001,5000,"0.1",TRUE,0.00109954141925627,-0.000991848426224562,0.000397363186162433,-0.000289670193130728,0.000702178233093833,0.286565659249147
"bivt",0.001,5000,"0.01",TRUE,0.00130716763673253,-0.00105418812109755,0.000604989403638692,-0.000352009888003714,0.000702178233093833,0.286565659249147
"bivt",0.001,5000,"0.05",TRUE,0.0011760478052327,-0.00105850776313469,0.000473869572138869,-0.000356329530040858,0.000702178233093833,0.297448804408174
"bivt",0.001,5000,"0.1",TRUE,0.00111918627444413,-0.00102803792627048,0.0004170080413503,-0.000325859693176643,0.000702178233093833,0.297448804408174
"bivt",0.001,5000,"0.01",TRUE,0.00130446608434627,-0.00112739117312806,0.000602287851252436,-0.000425212940034223,0.000702178233093833,0.297448804408174
"bivt",0.001,5000,"0.05",TRUE,0.00141645434086778,-0.00125734845799186,0.000494119133586925,-0.00033501325071101,0.000922335207280854,0.332886737197664
"bivt",0.001,5000,"0.1",TRUE,0.00134341722518108,-0.00122837200521544,0.00042108201790023,-0.000306036797934584,0.000922335207280854,0.332886737197664
"bivt",0.001,5000,"0.01",TRUE,0.001691994642239,-0.0012987234128584,0.000769659434958151,-0.000376388205577548,0.000922335207280854,0.332886737197664
"bivt",0.001,5000,"0.05",TRUE,0.001905589844976,-0.0017482563660319,0.000542940689321109,-0.000385607210377006,0.00136264915565489,0.251615835588364
"bivt",0.001,5000,"0.1",TRUE,0.00182266088571474,-0.00170883499519532,0.000460011730059844,-0.000346185839540424,0.00136264915565489,0.251615835588364
"bivt",0.001,5000,"0.01",TRUE,0.00205691483755461,-0.00180935350095934,0.000694265681899719,-0.000446704345304452,0.00136264915565489,0.251615835588364
"bivt",0.001,5000,"0.05",TRUE,0.00148397859842858,-0.00133311362686022,0.000561643391147731,-0.000410778419579365,0.000922335207280854,0.263679833999095
"bivt",0.001,5000,"0.1",TRUE,0.00142314888306504,-0.00128620518884637,0.000500813675784186,-0.000363869981565518,0.000922335207280854,0.263679833999095
"bivt",0.001,5000,"0.01",TRUE,0.00158165674185867,-0.00137871560445354,0.000659321534577812,-0.000456380397172688,0.000922335207280854,0.263679833999095
"bivt",0.001,5000,"0.05",TRUE,0.00243775105760841,-0.00198827841988535,0.000854944927766493,-0.00040547229004344,0.00158280612984191,0.231746433398341
"bivt",0.001,5000,"0.1",TRUE,0.0022873226754815,-0.00196123524424516,0.000704516545639586,-0.000378429114403252,0.00158280612984191,0.231746433398341
"bivt",0.001,5000,"0.01",TRUE,0.00266589588999812,-0.00204095575380599,0.00108308976015621,-0.000458149623964074,0.00158280612984191,0.231746433398341
"bivt",0.001,5000,"0.05",TRUE,0.00177427706197836,-0.00159513482108149,0.000631784880510488,-0.000452642639613614,0.00114249218146787,0.224130027385768
"bivt",0.001,5000,"0.1",TRUE,0.0017021793986398,-0.00153383832363314,0.000559687217171923,-0.000391346142165266,0.00114249218146787,0.224130027385768
"bivt",0.001,5000,"0.01",TRUE,0.00194194921599237,-0.00164603973267068,0.0007994570345245,-0.000503547551202802,0.00114249218146787,0.224130027385768
"bivt",0.001,5000,"0.05",TRUE,0.00170942044251187,-0.0014461014360644,0.000677006748137511,-0.000413687741690035,0.00103241369437436,0.233055846695877
"bivt",0.001,5000,"0.1",TRUE,0.00161836669647359,-0.00141833786451827,0.000585953002099227,-0.00038592417014391,0.00103241369437436,0.233055846695877
"bivt",0.001,5000,"0.01",TRUE,0.00188104694126693,-0.00152387642636533,0.000848633246892568,-0.000491462731990972,0.00103241369437436,0.233055846695877
"bivt",0.001,5000,"0.05",TRUE,0.00130555348237764,-0.00116991966809906,0.000466632896162334,-0.000330999081883752,0.000838920586215305,0.296599414965268
"bivt",0.001,5000,"0.1",TRUE,0.00123787504220539,-0.0011341865328363,0.000398954455990087,-0.000295265946620994,0.000838920586215305,0.296599414965268
"bivt",0.001,5000,"0.01",TRUE,0.00144825698826018,-0.00122373328477001,0.000609336402044879,-0.000384812698554706,0.000838920586215305,0.296599414965268
"bivt",0.001,5000,"0.05",TRUE,0.00174536221791924,-0.00145663266101588,0.00071294852354488,-0.000424218966641518,0.00103241369437436,0.228409365277195
"bivt",0.001,5000,"0.1",TRUE,0.00164798395491661,-0.00142015922725179,0.00061557026054225,-0.00038774553287743,0.00103241369437436,0.228409365277195
"bivt",0.001,5000,"0.01",TRUE,0.00201835955915565,-0.00151016103825312,0.000985945864781287,-0.000477747343878756,0.00103241369437436,0.228409365277195
"bivt",0.001,5000,"0.05",TRUE,0.00167148312524793,-0.00152521108542911,0.000528990943780057,-0.000382718903961238,0.00114249218146787,0.2401062171123
"bivt",0.001,5000,"0.1",TRUE,0.00159104232787808,-0.00149668231717,0.000448550146410204,-0.000354190135702129,0.00114249218146787,0.2401062171123
"bivt",0.001,5000,"0.01",TRUE,0.00182518327537585,-0.00156470682866456,0.000682691093907973,-0.000422214647196686,0.00114249218146787,0.2401062171123
"bivt",0.001,5000,"0.05",TRUE,0.000971452284174987,-0.000820812099448173,0.000462767159240212,-0.000312126974513397,0.000508685124934776,0.295573529147967
"bivt",0.001,5000,"0.1",TRUE,0.000891115880607663,-0.000794611988262434,0.000382430755672888,-0.000285926863327658,0.000508685124934776,0.295573529147967
"bivt",0.001,5000,"0.01",TRUE,0.00112868614188866,-0.000878702651220282,0.000620001016953883,-0.000370017526285507,0.000508685124934776,0.295573529147967
"bivt",0.001,5000,"0.05",TRUE,0.00251425368183111,-0.00216426721783542,0.000821369064895688,-0.000471382600899993,0.00169288461693542,0.212339276357829
"bivt",0.001,5000,"0.1",TRUE,0.00242304607044635,-0.00212899004375185,0.000730161453510932,-0.000436105426816429,0.00169288461693542,0.212339276357829
"bivt",0.001,5000,"0.01",TRUE,0.00293578113112521,-0.00224109418526802,0.00124289651418979,-0.0005482095683326,0.00169288461693542,0.212339276357829
"bivt",0.001,5000,"0.05",TRUE,0.00157408091993521,-0.00141530764279043,0.000541667225560845,-0.000382893948416072,0.00103241369437436,0.267511931057255
"bivt",0.001,5000,"0.1",TRUE,0.00149731155819829,-0.00137349774875015,0.000464897863823922,-0.000341084054375786,0.00103241369437436,0.267511931057255
"bivt",0.001,5000,"0.01",TRUE,0.00173713295233023,-0.00145261601381096,0.000704719257955868,-0.000420202319436593,0.00103241369437436,0.267511931057255
"bivt",0.001,5000,"0.05",TRUE,0.00218095569961947,-0.00187932350653539,0.000708228056871069,-0.000406595863786987,0.0014727276427484,0.235552336341863
"bivt",0.001,5000,"0.1",TRUE,0.00208135157181179,-0.00185560548239452,0.000608623929063388,-0.00038287783964612,0.0014727276427484,0.235552336341863
"bivt",0.001,5000,"0.01",TRUE,0.002499305214275,-0.00192587344901286,0.00102657757152659,-0.000453145806264455,0.0014727276427484,0.235552336341863
"bivt",0.001,5000,"0.05",TRUE,0.00119446003602602,-0.000937417454126044,0.000602360290025698,-0.00034531770812572,0.000592099746000324,0.277890685300429
"bivt",0.001,5000,"0.1",TRUE,0.00108179612278658,-0.000914094219417517,0.000489696376786252,-0.000321994473417193,0.000592099746000324,0.277890685300429
"bivt",0.001,5000,"0.01",TRUE,0.00130870744534404,-0.000984938919603914,0.000716607699343716,-0.00039283917360359,0.000592099746000324,0.277890685300429
"bivt",0.001,5000,"0.05",TRUE,0.000961520391468525,-0.000802127999963985,0.000479499132561712,-0.000320106741057172,0.000482021258906814,0.292471757354755
"bivt",0.001,5000,"0.1",TRUE,0.000883161089651238,-0.000773088369533376,0.000401139830744424,-0.000291067110626562,0.000482021258906814,0.292471757354755
"bivt",0.001,5000,"0.01",TRUE,0.00113728138609931,-0.000853388485364126,0.000655260127192495,-0.000371367226457312,0.000482021258906814,0.292471757354755
"bivt",0.001,5000,"0.05",TRUE,0.00129694758063851,-0.00111613140427065,0.000484690860451166,-0.000303874684083306,0.000812256720187343,0.324272778979043
"bivt",0.001,5000,"0.1",TRUE,0.00121931714033289,-0.00109427388319505,0.000407060420145544,-0.000282017163007708,0.000812256720187343,0.324272778979043
"bivt",0.001,5000,"0.01",TRUE,0.00141811326944924,-0.00118180821619374,0.000605856549261895,-0.000369551496006401,0.000812256720187343,0.324272778979043
"bivt",0.001,5000,"0.05",TRUE,0.00126088021113766,-0.00109403793611268,0.000558701978043827,-0.00039185970301885,0.000702178233093833,0.262700668454481
"bivt",0.001,5000,"0.1",TRUE,0.00118206022173305,-0.00106248370835033,0.000479881988639212,-0.000360305475256498,0.000702178233093833,0.262700668454481
"bivt",0.001,5000,"0.01",TRUE,0.00133538322692094,-0.00115952845924295,0.000633204993827102,-0.000457350226149115,0.000702178233093833,0.262700668454481
"bivt",0.001,5000,"0.05",TRUE,0.00273575525314562,-0.00232080534174324,0.00082271366202318,-0.000407763750620797,0.00191304159112244,0.254612021260689
"bivt",0.001,5000,"0.1",TRUE,0.00261835840204176,-0.00230101733548889,0.000705316810919313,-0.000387975744366447,0.00191304159112244,0.254612021260689
"bivt",0.001,5000,"0.01",TRUE,0.00310837216626143,-0.0023708924701533,0.00119533057513898,-0.000457850879030862,0.00191304159112244,0.254612021260689
"bivt",0.001,5000,"0.05",TRUE,0.00251968108460523,-0.00223872362302192,0.000716717980576295,-0.000435760518992984,0.00180296310402893,0.222794127615629
"bivt",0.001,5000,"0.1",TRUE,0.00241558220921055,-0.00219527118209632,0.000612619105181615,-0.000392308078067391,0.00180296310402893,0.222794127615629
"bivt",0.001,5000,"0.01",TRUE,0.00276082040565775,-0.00233088292031092,0.000957857301628817,-0.000527919816281992,0.00180296310402893,0.222794127615629
"bivt",0.001,5000,"0.05",TRUE,0.00192651332254148,-0.00172625053877407,0.000563864166886589,-0.000363601383119174,0.00136264915565489,0.262535694370242
"bivt",0.001,5000,"0.1",TRUE,0.00184853175557035,-0.0017058674190862,0.000485882599915457,-0.000343218263431303,0.00136264915565489,0.262535694370242
"bivt",0.001,5000,"0.01",TRUE,0.00210872147831814,-0.00177351902953339,0.000746072322663247,-0.0004108698738785,0.00136264915565489,0.262535694370242
"bivt",0.001,5000,"0.05",TRUE,0.00106310975501556,-0.000917878196160038,0.000471010009015241,-0.000325778450159714,0.000592099746000324,0.277521159222624
"bivt",0.001,5000,"0.1",TRUE,0.00101346719633553,-0.000872745912125626,0.000421367450335203,-0.000280646166125302,0.000592099746000324,0.277521159222624
"bivt",0.001,5000,"0.01",TRUE,0.00120746827882774,-0.000963676617158058,0.000615368532827415,-0.000371576871157734,0.000592099746000324,0.277521159222624
"bivt",0.001,5000,"0.05",TRUE,0.00284115311545323,-0.00245508020998254,0.000818033037237282,-0.000431960131766591,0.00202312007821595,0.242120283218919
"bivt",0.001,5000,"0.1",TRUE,0.00270370363395394,-0.00241620395858111,0.000680583555737988,-0.000393083880365156,0.00202312007821595,0.242120283218919
"bivt",0.001,5000,"0.01",TRUE,0.00327525254778702,-0.00252440054598977,0.00125213246957106,-0.000501280467773812,0.00202312007821595,0.242120283218919
"bivt",0.001,5000,"0.05",TRUE,0.00135054128254189,-0.00119730402658189,0.000538284562354545,-0.000385047306394544,0.000812256720187343,0.268171329688807
"bivt",0.001,5000,"0.1",TRUE,0.00126746509978635,-0.00115924475867197,0.000455208379599009,-0.000346988038484627,0.000812256720187343,0.268171329688807
"bivt",0.001,5000,"0.01",TRUE,0.00154992653183585,-0.0012732506531329,0.000737669811648502,-0.00046099393294556,0.000812256720187343,0.268171329688807
"bivt",0.001,5000,"0.05",TRUE,0.00150098910020256,-0.00128137531157948,0.000578653892921707,-0.000359040104298628,0.000922335207280854,0.246746968169514
"bivt",0.001,5000,"0.1",TRUE,0.00142574416152548,-0.00125787776091619,0.000503408954244625,-0.000335542553635332,0.000922335207280854,0.246746968169514
"bivt",0.001,5000,"0.01",TRUE,0.00165659498363849,-0.00132133462183923,0.000734259776357632,-0.000398999414558374,0.000922335207280854,0.246746968169514
"bivt",0.001,5000,"0.05",TRUE,0.00252825483284987,-0.00228538984988839,0.000615213241727427,-0.000372348258765943,0.00191304159112244,0.260266226855632
"bivt",0.001,5000,"0.1",TRUE,0.00242978530222974,-0.00225698301000619,0.000516743711107295,-0.000343941418883744,0.00191304159112244,0.260266226855632
"bivt",0.001,5000,"0.01",TRUE,0.00266565708969689,-0.00233412318998554,0.000752615498574449,-0.000421081598863097,0.00191304159112244,0.260266226855632
"bivt",0.001,5000,"0.05",TRUE,0.00119414623307938,-0.00101474974956609,0.000491967999985546,-0.000312571516472254,0.000702178233093833,0.264287591713931
"bivt",0.001,5000,"0.1",TRUE,0.00110735543379175,-0.000986390005369282,0.000405177200697915,-0.000284211772275448,0.000702178233093833,0.264287591713931
"bivt",0.001,5000,"0.01",TRUE,0.00130232150717712,-0.0010647397474256,0.000600143274083284,-0.000362561514331765,0.000702178233093833,0.264287591713931
"bivt",0.001,5000,"0.05",TRUE,0.00113102308992238,-0.000960686752870768,0.000512259477894092,-0.000341923140842482,0.000618763612028285,0.276730920242767
"bivt",0.001,5000,"0.1",TRUE,0.0010678545626537,-0.000938399522897068,0.000449090950625411,-0.000319635910868782,0.000618763612028285,0.276730920242767
"bivt",0.001,5000,"0.01",TRUE,0.00132656423545649,-0.00100232672939284,0.000707800623428207,-0.000383563117364555,0.000618763612028285,0.276730920242767
"bivt",0.001,5000,"0.05",TRUE,0.00147896091310355,-0.001264874855864,0.000556625705822692,-0.000342539648583151,0.000922335207280854,0.277338096949965
"bivt",0.001,5000,"0.1",TRUE,0.0014228314180844,-0.00123405690160444,0.000500496210803549,-0.00031172169432359,0.000922335207280854,0.277338096949965
"bivt",0.001,5000,"0.01",TRUE,0.00163933936366302,-0.00132191847201336,0.000717004156382165,-0.000399583264732508,0.000922335207280854,0.277338096949965
"bivt",0.001,5000,"0.05",TRUE,0.00114810866113743,-0.000945413495605032,0.000556008915137104,-0.000353313749604708,0.000592099746000324,0.235409399458812
"bivt",0.001,5000,"0.1",TRUE,0.00104712070508735,-0.000919126523712197,0.000455020959087031,-0.000327026777711874,0.000592099746000324,0.235409399458812
"bivt",0.001,5000,"0.01",TRUE,0.00134306976966374,-0.00101215798439615,0.00075097002366342,-0.000420058238395823,0.000592099746000324,0.235409399458812
"bivt",0.001,5000,"0.05",TRUE,0.00174787043094138,-0.00146703381866752,0.000605378249473502,-0.000324541637199644,0.00114249218146787,0.343393747836532
"bivt",0.001,5000,"0.1",TRUE,0.00164953261619268,-0.0014466740652666,0.000507040434724802,-0.000304181883798729,0.00114249218146787,0.343393747836532
"bivt",0.001,5000,"0.01",TRUE,0.0019833145128623,-0.00151857215261505,0.000840822331394431,-0.000376079971147172,0.00114249218146787,0.343393747836532
"bivt",0.001,5000,"0.05",TRUE,0.000856185769820568,-0.000689807734061169,0.000457579131979303,-0.000291201096219904,0.000398606637841266,0.297261323906936
"bivt",0.001,5000,"0.1",TRUE,0.00078009967090243,-0.000656021067318999,0.000381493033061165,-0.000257414429477733,0.000398606637841266,0.297261323906936
"bivt",0.001,5000,"0.01",TRUE,0.000974944848849713,-0.000740240886898607,0.000576338211008447,-0.000341634249057341,0.000398606637841266,0.297261323906936
"bivt",0.001,5000,"0.05",TRUE,0.00136898976368707,-0.00108832394287785,0.00066681153059324,-0.000386145709784021,0.000702178233093833,0.243863269564775
"bivt",0.001,5000,"0.1",TRUE,0.00126707092751187,-0.00106447281094126,0.000564892694418035,-0.000362294577847428,0.000702178233093833,0.243863269564775
"bivt",0.001,5000,"0.01",TRUE,0.00150222759695203,-0.00112513346235266,0.000800049363858196,-0.000422955229258824,0.000702178233093833,0.243863269564775
"bivt",0.001,5000,"0.05",TRUE,0.00134702627327689,-0.00116851477315313,0.000534769553089543,-0.000356258052965786,0.000812256720187343,0.271273491828207
"bivt",0.001,5000,"0.1",TRUE,0.00127910083597714,-0.00112885735637632,0.000466844115789801,-0.000316600636188973,0.000812256720187343,0.271273491828207
"bivt",0.001,5000,"0.01",TRUE,0.00147163829760631,-0.0012160916429191,0.000659381577418971,-0.000403834922731759,0.000812256720187343,0.271273491828207
"bivt",0.001,5000,"0.05",TRUE,0.00152112937615957,-0.00129435135635906,0.000598794168878717,-0.000372016149078208,0.000922335207280854,0.241221048719843
"bivt",0.001,5000,"0.1",TRUE,0.00144838171452093,-0.00126741367907798,0.00052604650724008,-0.000345078471797121,0.000922335207280854,0.241221048719843
"bivt",0.001,5000,"0.01",TRUE,0.00172119668892161,-0.00134058041839135,0.000798861481640758,-0.000418245211110499,0.000922335207280854,0.241221048719843
"bivt",0.001,5000,"0.05",TRUE,0.00148845024848752,-0.00128828403720206,0.000566115041206669,-0.000365948829921206,0.000922335207280854,0.250568350948009
"bivt",0.001,5000,"0.1",TRUE,0.00142064307546731,-0.00126897329580276,0.000498307868186459,-0.00034663808852191,0.000922335207280854,0.250568350948009
"bivt",0.001,5000,"0.01",TRUE,0.00164238947075812,-0.00134874201047928,0.000720054263477263,-0.000426406803198424,0.000922335207280854,0.250568350948009
"bivt",0.001,5000,"0.05",TRUE,0.0019446085141836,-0.00174110074086746,0.000581959358528707,-0.000378451585212563,0.00136264915565489,0.267148008538813
"bivt",0.001,5000,"0.1",TRUE,0.00186947783285505,-0.00171500372455401,0.000506828677200156,-0.000352354568899116,0.00136264915565489,0.267148008538813
"bivt",0.001,5000,"0.01",TRUE,0.00211501405399645,-0.0017942367815707,0.00075236489834156,-0.000431587625915805,0.00136264915565489,0.267148008538813
"bivt",0.001,5000,"0.05",TRUE,0.0017001954790558,-0.00141224254147612,0.000667781784681438,-0.000379828847101759,0.00103241369437436,0.234567393455267
"bivt",0.001,5000,"0.1",TRUE,0.00161764280696794,-0.00137607912018583,0.000585229112593582,-0.000343665425811467,0.00103241369437436,0.234567393455267
"bivt",0.001,5000,"0.01",TRUE,0.00185949731628789,-0.00146739192588358,0.000827083621913527,-0.000434978231509218,0.00103241369437436,0.234567393455267
"bivt",0.001,5000,"0.05",TRUE,0.0018590097446164,-0.00164887839859411,0.000606439076055013,-0.000396307730032723,0.00125257066856138,0.246793095365178
"bivt",0.001,5000,"0.1",TRUE,0.00177972016596144,-0.00162600143092504,0.000527149497400056,-0.000373430762363657,0.00125257066856138,0.246793095365178
"bivt",0.001,5000,"0.01",TRUE,0.00204099120139379,-0.00169856563133856,0.00078842053283241,-0.000445994962777181,0.00125257066856138,0.246793095365178
"bivt",0.001,5000,"0.05",TRUE,0.00151085939384655,-0.00128729268764275,0.000588524186565695,-0.000364957480361895,0.000922335207280854,0.264398527790393
"bivt",0.001,5000,"0.1",TRUE,0.0013944679586004,-0.00126014636160702,0.00047213275131955,-0.000337811154326164,0.000922335207280854,0.264398527790393
"bivt",0.001,5000,"0.01",TRUE,0.00159739584772468,-0.00132219177217732,0.000675060640443825,-0.000399856564896467,0.000922335207280854,0.264398527790393
"bivt",0.001,5000,"0.05",TRUE,0.00151378408690705,-0.00131800189655436,0.000591448879626201,-0.000395666689273502,0.000922335207280854,0.287064128840054
"bivt",0.001,5000,"0.1",TRUE,0.00144427907483383,-0.00129175356273551,0.000521943867552977,-0.000369418355454657,0.000922335207280854,0.287064128840054
"bivt",0.001,5000,"0.01",TRUE,0.00165952774557143,-0.00136312355099171,0.000737192538290578,-0.000440788343710861,0.000922335207280854,0.287064128840054
"bivt",0.001,5000,"0.05",TRUE,0.00158499903023774,-0.00139206920793585,0.000552585335863375,-0.000359655513561484,0.00103241369437436,0.303656221489397
"bivt",0.001,5000,"0.1",TRUE,0.00152689047430529,-0.00136091883188885,0.000494476779930923,-0.000328505137514485,0.00103241369437436,0.303656221489397
"bivt",0.001,5000,"0.01",TRUE,0.00169426361878044,-0.00144097583432872,0.000661849924406075,-0.00040856213995436,0.00103241369437436,0.303656221489397
"bivt",0.001,5000,"0.05",TRUE,0.00121465522442315,-0.00103785929196072,0.000512476991329317,-0.000335681058866883,0.000702178233093833,0.29215134979246
"bivt",0.001,5000,"0.1",TRUE,0.00113598688850821,-0.0010144131128784,0.000433808655414376,-0.000312234879784564,0.000702178233093833,0.29215134979246
"bivt",0.001,5000,"0.01",TRUE,0.00150226175509535,-0.00109190681035389,0.00080008352200152,-0.000389728577260058,0.000702178233093833,0.29215134979246
"bivt",0.001,5000,"0.05",TRUE,0.00182719277739347,-0.0015558632412001,0.000684700595925595,-0.00041337105973223,0.00114249218146787,0.234966775749176
"bivt",0.001,5000,"0.1",TRUE,0.00171479678938755,-0.00151163357936929,0.000572304607919674,-0.000369141397901413,0.00114249218146787,0.234966775749176
"bivt",0.001,5000,"0.01",TRUE,0.00196068197250501,-0.0015967393174274,0.000818189791037133,-0.000454247135959523,0.00114249218146787,0.234966775749176
"bivt",0.001,5000,"0.05",TRUE,0.00147672996214121,-0.00118058935881672,0.000664473241953864,-0.000368332638629382,0.000812256720187343,0.26021530470309
"bivt",0.001,5000,"0.1",TRUE,0.00138791954003158,-0.00115411499050205,0.000575662819844236,-0.000341858270314706,0.000812256720187343,0.26021530470309
"bivt",0.001,5000,"0.01",TRUE,0.00171436493756581,-0.00122381902116516,0.000902108217378466,-0.000411562300977812,0.000812256720187343,0.26021530470309
"bivt",0.001,5000,"0.05",TRUE,0.000981674896338477,-0.000782506710924289,0.000499653637431663,-0.000300485452017475,0.000482021258906814,0.290317480469368
"bivt",0.001,5000,"0.1",TRUE,0.000900021060132237,-0.000756605828257825,0.000417999801225423,-0.000274584569351011,0.000482021258906814,0.290317480469368
"bivt",0.001,5000,"0.01",TRUE,0.00111358338919041,-0.000847404302973219,0.0006315621302836,-0.000365383044066405,0.000482021258906814,0.290317480469368
"bivt",0.001,5000,"0.05",TRUE,0.00153610387082371,-0.00126750715238969,0.000613768663542861,-0.000345171945108835,0.000922335207280854,0.276948241201003
"bivt",0.001,5000,"0.1",TRUE,0.00141873730993982,-0.00123517510360462,0.000496402102658964,-0.000312839896323763,0.000922335207280854,0.276948241201003
"bivt",0.001,5000,"0.01",TRUE,0.00172524697932338,-0.00130659010413381,0.000802911772042523,-0.000384254896852953,0.000922335207280854,0.276948241201003
"bivt",0.001,5000,"0.05",TRUE,0.00110993357131596,-0.000937581913270058,0.000517833825315633,-0.000345482167269734,0.000592099746000324,0.295342879712022
"bivt",0.001,5000,"0.1",TRUE,0.00105375939556187,-0.000915125663552487,0.000461659649561544,-0.000323025917552163,0.000592099746000324,0.295342879712022
"bivt",0.001,5000,"0.01",TRUE,0.00123155589421337,-0.00100087747511126,0.000639456148213046,-0.000408777729110933,0.000592099746000324,0.295342879712022
"bivt",0.001,5000,"0.05",TRUE,0.00149170973330185,-0.00127252469531699,0.000569374526020999,-0.000350189488036134,0.000922335207280854,0.279551382163971
"bivt",0.001,5000,"0.1",TRUE,0.00144238133578008,-0.0012407956642574,0.000520046128499231,-0.000318460456976551,0.000922335207280854,0.279551382163971
"bivt",0.001,5000,"0.01",TRUE,0.00166141740875582,-0.00131197795165249,0.000739082201474971,-0.000389642744371636,0.000922335207280854,0.279551382163971
"bivt",0.001,5000,"0.05",TRUE,0.00176489141415483,-0.00142932664567243,0.000732477719780465,-0.00039691295129807,0.00103241369437436,0.2329524557248
"bivt",0.001,5000,"0.1",TRUE,0.00167804791516813,-0.00139716788563251,0.000645634220793769,-0.00036475419125815,0.00103241369437436,0.2329524557248
"bivt",0.001,5000,"0.01",TRUE,0.00202488194826872,-0.00148962736924816,0.000992468253894355,-0.000457213674873798,0.00103241369437436,0.2329524557248
"bivt",0.001,5000,"0.05",TRUE,0.00117175387734236,-0.00105463634510496,0.000442911778220562,-0.000325794245983165,0.000728842099121795,0.291934804825879
"bivt",0.001,5000,"0.1",TRUE,0.00112418808400039,-0.00102751090199001,0.000395345984878598,-0.000298668802868218,0.000728842099121795,0.291934804825879
"bivt",0.001,5000,"0.01",TRUE,0.00127296095304816,-0.00110267021358827,0.000544118853926365,-0.00037382811446647,0.000728842099121795,0.291934804825879
"bivt",0.001,5000,"0.05",TRUE,0.00157186858524746,-0.00130816168614131,0.000649533377966608,-0.000385826478860456,0.000922335207280854,0.256215623855901
"bivt",0.001,5000,"0.1",TRUE,0.0015106151352035,-0.00128130954501334,0.000588279927922643,-0.000358974337732485,0.000922335207280854,0.256215623855901
"bivt",0.001,5000,"0.01",TRUE,0.00177467980931914,-0.00135876159501143,0.000852344602038284,-0.000436426387730573,0.000922335207280854,0.256215623855901
"bivt",0.001,5000,"0.05",TRUE,0.00196177935244259,-0.00174357149555993,0.000599130196787697,-0.000380922339905039,0.00136264915565489,0.223217472793361
"bivt",0.001,5000,"0.1",TRUE,0.00187532727133212,-0.00171801542511986,0.000512678115677226,-0.000355366269464966,0.00136264915565489,0.223217472793361
"bivt",0.001,5000,"0.01",TRUE,0.00214184030646152,-0.00180032152302929,0.000779191150806625,-0.000437672367374396,0.00136264915565489,0.223217472793361
"bivt",0.001,5000,"0.05",TRUE,0.00223467205501057,-0.00185680783822554,0.000761944412262166,-0.00038408019547714,0.0014727276427484,0.252245348472555
"bivt",0.001,5000,"0.1",TRUE,0.00210131859703913,-0.00181600847897697,0.000628590954290729,-0.000343280836228564,0.0014727276427484,0.252245348472555
"bivt",0.001,5000,"0.01",TRUE,0.00238581270326851,-0.00190550210045437,0.000913085060520106,-0.000432774457705964,0.0014727276427484,0.252245348472555
"bivt",0.001,5000,"0.05",TRUE,0.00116402674991993,-0.00100895101592132,0.000461848516826097,-0.000306772782827484,0.000702178233093833,0.301709268556628
"bivt",0.001,5000,"0.1",TRUE,0.00109513966805658,-0.000984913653876473,0.000392961434962742,-0.00028273542078264,0.000702178233093833,0.301709268556628
"bivt",0.001,5000,"0.01",TRUE,0.00127130203678585,-0.00105504556099898,0.000569123803692017,-0.000352867327905145,0.000702178233093833,0.301709268556628
"bivt",0.001,5000,"0.05",TRUE,0.00150694909542038,-0.00129111402931494,0.000584613888139523,-0.000368778822034085,0.000922335207280854,0.251897274533994
"bivt",0.001,5000,"0.1",TRUE,0.00144516103710949,-0.00125447101032388,0.000522825829828633,-0.000332135803043031,0.000922335207280854,0.251897274533994
"bivt",0.001,5000,"0.01",TRUE,0.0017109835584791,-0.00134245708683129,0.000788648351198251,-0.000420121879550437,0.000922335207280854,0.251897274533994
"bivt",0.001,5000,"0.05",TRUE,0.0019322862600897,-0.00171834577657506,0.000569637104434807,-0.000355696620920166,0.00136264915565489,0.2589912427039
"bivt",0.001,5000,"0.1",TRUE,0.00185998907538288,-0.00168781117427062,0.000497339919727986,-0.000325162018615725,0.00136264915565489,0.2589912427039
"bivt",0.001,5000,"0.01",TRUE,0.00213173399380044,-0.00175579206620031,0.000769084838145552,-0.000393142910545419,0.00136264915565489,0.2589912427039
"bivt",0.001,5000,"0.05",TRUE,0.00164774487983835,-0.00146643246240837,0.000505252698370481,-0.000323940280940498,0.00114249218146787,0.2954984205946
"bivt",0.001,5000,"0.1",TRUE,0.0015768550726786,-0.00144550826147288,0.00043436289121073,-0.000303016080005004,0.00114249218146787,0.2954984205946
"bivt",0.001,5000,"0.01",TRUE,0.0017485047194599,-0.00151439201247616,0.000606012537992023,-0.000371899831008285,0.00114249218146787,0.2954984205946
"bivt",0.001,5000,"0.05",TRUE,0.00202397510111803,-0.00160245898880381,0.000771404432556646,-0.000349888320242425,0.00125257066856138,0.249609790305298
"bivt",0.001,5000,"0.1",TRUE,0.00187542871651056,-0.00158422888195175,0.000622858047949178,-0.000331658213390364,0.00125257066856138,0.249609790305298
"bivt",0.001,5000,"0.01",TRUE,0.00219043088873735,-0.00164632149088346,0.000937860220175971,-0.000393750822322073,0.00125257066856138,0.249609790305298
"bivt",0.001,5000,"0.05",TRUE,0.00235698302588829,-0.00206904098822523,0.000664098408952869,-0.000376156371289804,0.00169288461693542,0.253487448966231
"bivt",0.001,5000,"0.1",TRUE,0.00223764347867784,-0.00203487725735468,0.000544758861742422,-0.000341992640419253,0.00169288461693542,0.253487448966231
"bivt",0.001,5000,"0.01",TRUE,0.00262515070999057,-0.00212645121079071,0.000932266093055147,-0.000433566593855284,0.00169288461693542,0.253487448966231
"bivt",0.001,5000,"0.05",TRUE,0.00213155435381782,-0.00177949264006985,0.000768905198162925,-0.000416843484414957,0.00136264915565489,0.247558570215915
"bivt",0.001,5000,"0.1",TRUE,0.00201293236193371,-0.00174709653992885,0.000650283206278819,-0.000384447384273955,0.00136264915565489,0.247558570215915
"bivt",0.001,5000,"0.01",TRUE,0.00230399471925805,-0.00181597687748666,0.00094134556360316,-0.000453327721831766,0.00136264915565489,0.247558570215915
"bivt",0.001,5000,"0.05",TRUE,0.0016756646704224,-0.00138419659611165,0.000643250976048041,-0.000351782901737283,0.00103241369437436,0.286137974149243
"bivt",0.001,5000,"0.1",TRUE,0.00158971691400036,-0.00135017240654195,0.000557303219625995,-0.000317758712167584,0.00103241369437436,0.286137974149243
"bivt",0.001,5000,"0.01",TRUE,0.00177531783583083,-0.00141672021526741,0.000742904141456465,-0.000384306520893044,0.00103241369437436,0.286137974149243
"bivt",0.001,5000,"0.05",TRUE,0.0017373553297214,-0.00153684013003977,0.000594863148253528,-0.000394347948571895,0.00114249218146787,0.239915832250892
"bivt",0.001,5000,"0.1",TRUE,0.00167173208549052,-0.00148926930443413,0.000529239904022647,-0.000346777122966258,0.00114249218146787,0.239915832250892
"bivt",0.001,5000,"0.01",TRUE,0.00187462727666972,-0.00157442159714139,0.000732135095201848,-0.000431929415673521,0.00114249218146787,0.239915832250892
"bivt",0.001,5000,"0.05",TRUE,0.00234452490224485,-0.00194287255659086,0.00076171877240294,-0.000360066426748948,0.00158280612984191,0.295994017589641
"bivt",0.001,5000,"0.1",TRUE,0.00218637775187304,-0.00191417632489555,0.000603571622031125,-0.000331370195053636,0.00158280612984191,0.295994017589641
"bivt",0.001,5000,"0.01",TRUE,0.00250953920236123,-0.00198663202706359,0.000926733072519319,-0.000403825897221681,0.00158280612984191,0.295994017589641
"bivt",0.001,5000,"0.05",TRUE,0.0016656045087078,-0.00141232597669621,0.00063319081433344,-0.000379912282321846,0.00103241369437436,0.263067476163175
"bivt",0.001,5000,"0.1",TRUE,0.00153352885616063,-0.00138136581858585,0.000501115161786264,-0.000348952124211484,0.00103241369437436,0.263067476163175
"bivt",0.001,5000,"0.01",TRUE,0.00183659710343246,-0.00144559135189368,0.000804183409058102,-0.000413177657519314,0.00103241369437436,0.263067476163175
"bivt",0.001,5000,"0.05",TRUE,0.00143177430473088,-0.00127667962303301,0.000509439097450022,-0.000354344415752157,0.000922335207280854,0.249274381623398
"bivt",0.001,5000,"0.1",TRUE,0.00137319006425038,-0.00125375942174058,0.000450854856969528,-0.000331424214459731,0.000922335207280854,0.249274381623398
"bivt",0.001,5000,"0.01",TRUE,0.00157778339586572,-0.00131183294640624,0.000655448188584869,-0.000389497739125382,0.000922335207280854,0.249274381623398
"bivt",0.001,5000,"0.05",TRUE,0.00188498978573571,-0.00159438226257472,0.000632419117174331,-0.00034181159401334,0.00125257066856138,0.289685043152371
"bivt",0.001,5000,"0.1",TRUE,0.00178469426590463,-0.00155946895450925,0.000532123597343246,-0.00030689828594787,0.00125257066856138,0.289685043152371
"bivt",0.001,5000,"0.01",TRUE,0.00213815069236976,-0.00167089362199717,0.000885580023808381,-0.000418322953435791,0.00125257066856138,0.289685043152371
"bivt",0.001,5000,"0.05",TRUE,0.00204922523849396,-0.00181475007372316,0.000686576082839068,-0.000452100918068262,0.00136264915565489,0.260354720688833
"bivt",0.001,5000,"0.1",TRUE,0.00199057695381258,-0.00176528548591798,0.000627927798157683,-0.000402636330263091,0.00136264915565489,0.260354720688833
"bivt",0.001,5000,"0.01",TRUE,0.00227116738053755,-0.00185537055965507,0.000908518224882654,-0.00049272140400018,0.00136264915565489,0.260354720688833
"bivt",0.001,5000,"0.05",TRUE,0.00209918388414434,-0.0018631388050454,0.000626456241395941,-0.000390411162296994,0.0014727276427484,0.267426898299195
"bivt",0.001,5000,"0.1",TRUE,0.00198993027989201,-0.00181858372907674,0.000517202637143609,-0.000345856086328335,0.0014727276427484,0.267426898299195
"bivt",0.001,5000,"0.01",TRUE,0.00239130475605608,-0.00191807555678536,0.000918577113307674,-0.00044534791403696,0.0014727276427484,0.267426898299195
"bivt",0.001,5000,"0.05",TRUE,0.00182571995480504,-0.00162015779798787,0.000573149286243658,-0.00036758712942649,0.00125257066856138,0.242001623055511
"bivt",0.001,5000,"0.1",TRUE,0.00173082258837799,-0.00158551317968654,0.000478251919816602,-0.000332942511125161,0.00125257066856138,0.242001623055511
"bivt",0.001,5000,"0.01",TRUE,0.00199403635819935,-0.00168581590906702,0.00074146568963797,-0.000433245240505632,0.00125257066856138,0.242001623055511
"bivt",0.001,5000,"0.05",TRUE,0.00121897397095026,-0.000943561730667693,0.000626874224949931,-0.000351461984667369,0.000592099746000324,0.254560006956117
"bivt",0.001,5000,"0.1",TRUE,0.00107723410744728,-0.000927010584903895,0.000485134361446961,-0.000334910838903571,0.000592099746000324,0.254560006956117
"bivt",0.001,5000,"0.01",TRUE,0.00149343773513748,-0.000994515563495975,0.000901337989137158,-0.000402415817495651,0.000592099746000324,0.254560006956117
"bivt",0.001,5000,"0.05",TRUE,0.00141110775664331,-0.00125133283640468,0.000488772549362459,-0.000328997629123828,0.000922335207280854,0.285165490684508
"bivt",0.001,5000,"0.1",TRUE,0.00135625100431449,-0.00122542223198461,0.000433915797033636,-0.000303087024703756,0.000922335207280854,0.285165490684508
"bivt",0.001,5000,"0.01",TRUE,0.00158463668548103,-0.00130419004449289,0.000662301478200181,-0.000381854837212033,0.000922335207280854,0.285165490684508
"bivt",0.001,5000,"0.05",TRUE,0.00107329800897769,-0.00095744289972353,0.00045453439694941,-0.000338679287695245,0.000618763612028285,0.287195041040668
"bivt",0.001,5000,"0.1",TRUE,0.0010387978837603,-0.000909650417481136,0.000420034271732017,-0.00029088680545285,0.000618763612028285,0.287195041040668
"bivt",0.001,5000,"0.01",TRUE,0.00120750873686353,-0.00101035289745213,0.000588745124835245,-0.000391589285423846,0.000618763612028285,0.287195041040668
"bivt",0.001,5000,"0.05",TRUE,0.00165737657320378,-0.00138032347626036,0.00062496287882942,-0.000347909781885992,0.00103241369437436,0.283263558674544
"bivt",0.001,5000,"0.1",TRUE,0.00150663580182425,-0.00134946153166567,0.000474222107449884,-0.000317047837291311,0.00103241369437436,0.283263558674544
"bivt",0.001,5000,"0.01",TRUE,0.00179501403643636,-0.00144454909261491,0.000762600342061997,-0.000412135398240546,0.00103241369437436,0.283263558674544
"bivt",0.001,5000,"0.05",TRUE,0.00184317321924631,-0.00152576385551067,0.000700681037778433,-0.000383271674042798,0.00114249218146787,0.253788161886059
"bivt",0.001,5000,"0.1",TRUE,0.00170510109210572,-0.00149669337692249,0.000562608910637848,-0.000354201195454621,0.00114249218146787,0.253788161886059
"bivt",0.001,5000,"0.01",TRUE,0.00205803208715107,-0.00157640106287163,0.000915539905683195,-0.000433908881403761,0.00114249218146787,0.253788161886059
"bivt",0.001,5000,"0.05",TRUE,0.000871075000469272,-0.000692455451773338,0.000472468362628007,-0.000293848813932073,0.000398606637841266,0.314084202387616
"bivt",0.001,5000,"0.1",TRUE,0.000793317434116268,-0.000672875000322864,0.000394710796275002,-0.000274268362481598,0.000398606637841266,0.314084202387616
"bivt",0.001,5000,"0.01",TRUE,0.000981807462263809,-0.000743644476141814,0.000583200824422543,-0.000345037838300548,0.000398606637841266,0.314084202387616
"bivt",0.001,5000,"0.05",TRUE,0.00104965402031897,-0.000892286224054569,0.000457554274318645,-0.000300186478054246,0.000592099746000324,0.281895027468468
"bivt",0.001,5000,"0.1",TRUE,0.000981737226261813,-0.000865336780725022,0.000389637480261489,-0.000273237034724698,0.000592099746000324,0.281895027468468
"bivt",0.001,5000,"0.01",TRUE,0.00114876363403726,-0.000943591164971468,0.000556663888036932,-0.000351491418971144,0.000592099746000324,0.281895027468468
"bivt",0.001,5000,"0.05",TRUE,0.00148085796668747,-0.00129679370663314,0.00055852275940662,-0.000374458499352283,0.000922335207280854,0.280155038439944
"bivt",0.001,5000,"0.1",TRUE,0.00140616767367073,-0.0012634522528835,0.000483832466389877,-0.000341117045602646,0.000922335207280854,0.280155038439944
"bivt",0.001,5000,"0.01",TRUE,0.00161992596272834,-0.00135266140505493,0.000697590755447489,-0.000430326197774072,0.000922335207280854,0.280155038439944
"bivt",0.001,5000,"0.05",TRUE,0.00217917676875282,-0.00197067321784869,0.000596370638910912,-0.000387867088006775,0.00158280612984191,0.29152051717445
"bivt",0.001,5000,"0.1",TRUE,0.0021110741400851,-0.00192585766203844,0.000528268010243192,-0.000343051532196532,0.00158280612984191,0.29152051717445
"bivt",0.001,5000,"0.01",TRUE,0.00236283975060075,-0.0020098922292149,0.000780033620758836,-0.000427086099372983,0.00158280612984191,0.29152051717445
"bivt",0.001,5000,"0.05",TRUE,0.00121243543474298,-0.00105908003487101,0.000510257201649148,-0.000356901801777175,0.000702178233093833,0.263237624387059
"bivt",0.001,5000,"0.1",TRUE,0.00111972479829846,-0.00103733719044415,0.000417546565204632,-0.00033515895735032,0.000702178233093833,0.263237624387059
"bivt",0.001,5000,"0.01",TRUE,0.00148158011508744,-0.00109543554226845,0.000779401881993607,-0.000393257309174616,0.000702178233093833,0.263237624387059
"bivt",0.001,5000,"0.05",TRUE,0.00211443250698443,-0.00184775222815212,0.00064170486423603,-0.000375024585403715,0.0014727276427484,0.223956842612932
"bivt",0.001,5000,"0.1",TRUE,0.00199437600465485,-0.00179967858930945,0.000521648361906449,-0.000326950946561043,0.0014727276427484,0.223956842612932
"bivt",0.001,5000,"0.01",TRUE,0.00228151096477516,-0.00189509505791565,0.000808783322026761,-0.000422367415167249,0.0014727276427484,0.223956842612932
"bivt",0.001,5000,"0.05",TRUE,0.00199716446477664,-0.00165551150658896,0.000744593796215254,-0.000402940838027579,0.00125257066856138,0.238217522305993
"bivt",0.001,5000,"0.1",TRUE,0.00187524605690495,-0.00161622040075454,0.000622675388343565,-0.000363649732193154,0.00125257066856138,0.238217522305993
"bivt",0.001,5000,"0.01",TRUE,0.00217830257127826,-0.00169406430047055,0.000925731902716875,-0.000441493631909171,0.00125257066856138,0.238217522305993
"bivt",0.001,5000,"0.05",TRUE,0.00129530147977731,-0.00107703668156748,0.000593123246683478,-0.000374858448473643,0.000702178233093833,0.271222833780107
"bivt",0.001,5000,"0.1",TRUE,0.00123675116241265,-0.00104600451746316,0.000534572929318816,-0.00034382628436933,0.000702178233093833,0.271222833780107
"bivt",0.001,5000,"0.01",TRUE,0.00151316902840484,-0.00113548821659987,0.000810990795311007,-0.000433309983506032,0.000702178233093833,0.271222833780107
"bivt",0.001,5000,"0.05",TRUE,0.00143952542656703,-0.00126142295113989,0.000517190219286177,-0.000339087743859039,0.000922335207280854,0.273672145894223
"bivt",0.001,5000,"0.1",TRUE,0.00138212533820008,-0.00123437606025545,0.000459790130919227,-0.0003120408529746,0.000922335207280854,0.273672145894223
"bivt",0.001,5000,"0.01",TRUE,0.0015829267051983,-0.00130962187544785,0.000660591497917442,-0.000387286668166993,0.000922335207280854,0.273672145894223
"bivt",0.001,5000,"0.05",TRUE,0.00187619191988182,-0.0016341523548407,0.000623621251320435,-0.000381581686279318,0.00125257066856138,0.254471824803375
"bivt",0.001,5000,"0.1",TRUE,0.00177008526513243,-0.0016027062244682,0.000517514596571049,-0.000350135555906813,0.00125257066856138,0.254471824803375
"bivt",0.001,5000,"0.01",TRUE,0.00211076590420236,-0.00168374868618494,0.000858195235640973,-0.000431178017623557,0.00125257066856138,0.254471824803375
"bivt",0.001,5000,"0.05",TRUE,0.00137855918532816,-0.00121414799543791,0.000566302465140821,-0.000401891275250564,0.000812256720187343,0.252109739381635
"bivt",0.001,5000,"0.1",TRUE,0.00130871220709746,-0.00117902942758268,0.000496455486910116,-0.000366772707395337,0.000812256720187343,0.252109739381635
"bivt",0.001,5000,"0.01",TRUE,0.00154232491649854,-0.00129041676692682,0.000730068196311195,-0.000478160046739478,0.000812256720187343,0.252109739381635
"bivt",0.001,5000,"0.05",TRUE,0.00124118677458646,-0.000925838776467304,0.000649087028586138,-0.00033373903046698,0.000592099746000324,0.260455139116333
"bivt",0.001,5000,"0.1",TRUE,0.00114171274414722,-0.000899499172063205,0.000549612998146895,-0.000307399426062881,0.000592099746000324,0.260455139116333
"bivt",0.001,5000,"0.01",TRUE,0.00139919354571766,-0.000960578420467076,0.000807093799717333,-0.000368478674466752,0.000592099746000324,0.260455139116333
"bivt",0.001,5000,"0.05",TRUE,0.0011452371782171,-0.000926310768411139,0.000553137432216777,-0.000334211022410816,0.000592099746000324,0.305302469682991
"bivt",0.001,5000,"0.1",TRUE,0.00104764660355738,-0.00090231234965247,0.000455546857557054,-0.000310212603652146,0.000592099746000324,0.305302469682991
"bivt",0.001,5000,"0.01",TRUE,0.00121346741675322,-0.000960545023528521,0.000621367670752893,-0.000368445277528197,0.000592099746000324,0.305302469682991
"bivt",0.001,5000,"0.05",TRUE,0.00165296223450198,-0.00142424661926046,0.000620548540127621,-0.000391832924886095,0.00103241369437436,0.241602426852451
"bivt",0.001,5000,"0.1",TRUE,0.00155311350340915,-0.0013899824565254,0.000520699809034782,-0.000357568762151032,0.00103241369437436,0.241602426852451
"bivt",0.001,5000,"0.01",TRUE,0.00189053466699306,-0.00149221830555681,0.000858120972618698,-0.000459804611182451,0.00103241369437436,0.241602426852451
"bivt",0.001,5000,"0.05",TRUE,0.00095361405934349,-0.000787493466543869,0.000444928934408715,-0.000278808341609093,0.000508685124934776,0.326340099755945
"bivt",0.001,5000,"0.1",TRUE,0.000873757588038992,-0.000762736032480353,0.000365072463104216,-0.000254050907545577,0.000508685124934776,0.326340099755945
"bivt",0.001,5000,"0.01",TRUE,0.00109094803684127,-0.00082883489064473,0.000582262911906497,-0.000320149765709954,0.000508685124934776,0.326340099755945
"bivt",0.001,5000,"0.05",TRUE,0.00154969545132345,-0.00133443985988568,0.000627360244042594,-0.000412104652604831,0.000922335207280854,0.296139239797625
"bivt",0.001,5000,"0.1",TRUE,0.00145949074279873,-0.00129924394729233,0.000537155535517874,-0.000376908740011476,0.000922335207280854,0.296139239797625
"bivt",0.001,5000,"0.01",TRUE,0.00175875077690541,-0.00137539886160946,0.000836415569624555,-0.000453063654328603,0.000922335207280854,0.296139239797625
"bivt",0.001,5000,"0.05",TRUE,0.00104986283469357,-0.000929589463055955,0.000431099222665289,-0.00031082585102767,0.000618763612028285,0.277426217860262
"bivt",0.001,5000,"0.1",TRUE,0.00102080110576824,-0.000903830241107423,0.000402037493739952,-0.000285066629079138,0.000618763612028285,0.277426217860262
"bivt",0.001,5000,"0.01",TRUE,0.00114996614046957,-0.000970364469219736,0.000531202528441284,-0.00035160085719145,0.000618763612028285,0.277426217860262
"bivt",0.001,5000,"0.05",TRUE,0.00208799161111725,-0.00183414668844674,0.00061526396836885,-0.000361419045698332,0.0014727276427484,0.257224869334623
"bivt",0.001,5000,"0.1",TRUE,0.0020382701777665,-0.00179847623211788,0.000565542535018101,-0.000325748589369478,0.0014727276427484,0.257224869334623
"bivt",0.001,5000,"0.01",TRUE,0.00238894578381396,-0.00188653986193796,0.000916218141065554,-0.000413812219189558,0.0014727276427484,0.257224869334623
"bivt",0.001,5000,"0.05",TRUE,0.00181035500746622,-0.00151822800274841,0.000667862825998348,-0.000375735821280533,0.00114249218146787,0.244993249764803
"bivt",0.001,5000,"0.1",TRUE,0.00171250975721618,-0.00149813604455953,0.000570017575748306,-0.000355643863091654,0.00114249218146787,0.244993249764803
"bivt",0.001,5000,"0.01",TRUE,0.00197612529456029,-0.00156260674750943,0.000833633113092419,-0.000420114566041552,0.00114249218146787,0.244993249764803
"bivt",0.001,5000,"0.05",TRUE,0.00236677913740636,-0.00206984690702954,0.000673894520470936,-0.000376962290094116,0.00169288461693542,0.258470326360006
"bivt",0.001,5000,"0.1",TRUE,0.00227712080023852,-0.00203974080915283,0.000584236183303101,-0.000346856192217407,0.00169288461693542,0.258470326360006
"bivt",0.001,5000,"0.01",TRUE,0.00260127894332419,-0.00212606133206403,0.000908394326388769,-0.000433176715128612,0.00169288461693542,0.258470326360006
"bivt",0.001,5000,"0.05",TRUE,0.00150785361370745,-0.00123453290242939,0.000695596893520106,-0.000422276182242048,0.000812256720187343,0.268185498639507
"bivt",0.001,5000,"0.1",TRUE,0.00140270956447068,-0.00120385652545824,0.000590452844283334,-0.000391599805270899,0.000812256720187343,0.268185498639507
"bivt",0.001,5000,"0.01",TRUE,0.00174743921930347,-0.00128429984495723,0.000935182499116123,-0.000472043124769884,0.000812256720187343,0.268185498639507
"bivt",0.001,5000,"0.05",TRUE,0.001381747679445,-0.00117483723532673,0.000569490959257656,-0.000362580515139387,0.000812256720187343,0.223336689835393
"bivt",0.001,5000,"0.1",TRUE,0.00129318731278513,-0.00115744797195431,0.000480930592597785,-0.000345191251766967,0.000812256720187343,0.223336689835393
"bivt",0.001,5000,"0.01",TRUE,0.00150857850021837,-0.00121244682294035,0.00069632178003103,-0.000400190102753005,0.000812256720187343,0.223336689835393
"bivt",0.001,5000,"0.05",TRUE,0.000997059336366734,-0.000793877459109243,0.000488374211431958,-0.000285192334174468,0.000508685124934776,0.291394486342574
"bivt",0.001,5000,"0.1",TRUE,0.000902235523097696,-0.000771834499651241,0.00039355039816292,-0.000263149374716466,0.000508685124934776,0.291394486342574
"bivt",0.001,5000,"0.01",TRUE,0.00110866937724468,-0.000831003526185631,0.000599984252309905,-0.000322318401250855,0.000508685124934776,0.291394486342574
"bivt",0.001,5000,"0.05",TRUE,0.00160696688138581,-0.00140180622160538,0.00057455318701145,-0.000369392527231017,0.00103241369437436,0.25685434978587
"bivt",0.001,5000,"0.1",TRUE,0.00155711181606133,-0.00137560544891106,0.00052469812168697,-0.000343191754536695,0.00103241369437436,0.25685434978587
"bivt",0.001,5000,"0.01",TRUE,0.00175715621860391,-0.00144021513164551,0.000724742524229548,-0.000407801437271142,0.00103241369437436,0.25685434978587
"bivt",0.001,5000,"0.05",TRUE,0.00113684463287551,-0.00103553244454806,0.000408002533753718,-0.000306690345426265,0.000728842099121795,0.317796229121721
"bivt",0.001,5000,"0.1",TRUE,0.00109076394629371,-0.00100886759168028,0.000361921847171918,-0.000280025492558489,0.000728842099121795,0.317796229121721
"bivt",0.001,5000,"0.01",TRUE,0.00136642239068426,-0.00106536581787038,0.000637580291562468,-0.000336523718748583,0.000728842099121795,0.317796229121721
"bivt",0.001,5000,"0.05",TRUE,0.00183481938822108,-0.00162801052244888,0.000582248719659698,-0.000375439853887495,0.00125257066856138,0.23228808216718
"bivt",0.001,5000,"0.1",TRUE,0.00175985765794751,-0.00159526507943622,0.000507286989386126,-0.000342694410874838,0.00125257066856138,0.23228808216718
"bivt",0.001,5000,"0.01",TRUE,0.0020567295918129,-0.00173233491639155,0.000804158923251521,-0.000479764247830166,0.00125257066856138,0.23228808216718
"bivt",0.001,5000,"0.05",TRUE,0.00244294230752005,-0.00212017481564314,0.000750057690584624,-0.000427290198707722,0.00169288461693542,0.218454301790789
"bivt",0.001,5000,"0.1",TRUE,0.00237864645738167,-0.0020970780752402,0.000685761840446252,-0.00040419345830478,0.00169288461693542,0.218454301790789
"bivt",0.001,5000,"0.01",TRUE,0.00265962050563566,-0.00217898712085327,0.000966735888700236,-0.000486102503917843,0.00169288461693542,0.218454301790789
"bivt",0.001,5000,"0.05",TRUE,0.00108753570023439,-0.000940145764190759,0.00049543595423407,-0.000348046018190436,0.000592099746000324,0.275510487046187
"bivt",0.001,5000,"0.1",TRUE,0.00102456935132312,-0.000912425292199296,0.0004324696053228,-0.000320325546198972,0.000592099746000324,0.275510487046187
"bivt",0.001,5000,"0.01",TRUE,0.00121719184845864,-0.000985479618253077,0.000625092102458312,-0.000393379872252753,0.000592099746000324,0.275510487046187
"bivt",0.001,5000,"0.05",TRUE,0.0016610225362534,-0.00146933613823334,0.000628608841879035,-0.000436922443858977,0.00103241369437436,0.219061186741572
"bivt",0.001,5000,"0.1",TRUE,0.00162621737493752,-0.00143525598809445,0.000593803680563156,-0.000402842293720089,0.00103241369437436,0.219061186741572
"bivt",0.001,5000,"0.01",TRUE,0.00181710805696637,-0.00153403880439258,0.000784694362592005,-0.000501625110018222,0.00103241369437436,0.219061186741572
"bivt",0.001,5000,"0.05",TRUE,0.00129192210027278,-0.00112408300389434,0.000479665380085439,-0.000311826283707,0.000812256720187343,0.263471190350571
"bivt",0.001,5000,"0.1",TRUE,0.00124506223791808,-0.00109757917839271,0.000432805517730735,-0.000285322458205365,0.000812256720187343,0.263471190350571
"bivt",0.001,5000,"0.01",TRUE,0.00143324615152654,-0.00117757399331817,0.000620989431339195,-0.000365317273130824,0.000812256720187343,0.263471190350571
"bivt",0.001,5000,"0.05",TRUE,0.00201648977154214,-0.0017410935323764,0.000653840615887249,-0.000378444376721506,0.00136264915565489,0.269359694484797
"bivt",0.001,5000,"0.1",TRUE,0.00190034637838377,-0.00170543938049757,0.000537697222728874,-0.000342790224842679,0.00136264915565489,0.269359694484797
"bivt",0.001,5000,"0.01",TRUE,0.00224109134238677,-0.00180066310978659,0.000878442186731882,-0.000438013954131693,0.00136264915565489,0.269359694484797
"bivt",0.001,5000,"0.05",TRUE,0.00117032219169327,-0.00105375867661611,0.000441480092571478,-0.00032491657749431,0.000728842099121795,0.293243521615987
"bivt",0.001,5000,"0.1",TRUE,0.0011267052243437,-0.00102145090604972,0.000397863125221909,-0.000292608806927927,0.000728842099121795,0.293243521615987
"bivt",0.001,5000,"0.01",TRUE,0.0012775889226835,-0.00110228848588816,0.000548746823561704,-0.000373446386766361,0.000728842099121795,0.293243521615987
"bivt",0.001,5000,"0.05",TRUE,0.00194655800611738,-0.00177941736565268,0.00058390885046249,-0.000416768209997791,0.00136264915565489,0.253373454609858
"bivt",0.001,5000,"0.1",TRUE,0.00184889105580004,-0.00173745048248242,0.000486241900145148,-0.000374801326827525,0.00136264915565489,0.253373454609858
"bivt",0.001,5000,"0.01",TRUE,0.00219382170275754,-0.00184108005824258,0.000831172547102645,-0.000478430902587685,0.00136264915565489,0.253373454609858
"bivt",0.001,5000,"0.05",TRUE,0.00166223785944574,-0.001396497622529,0.000629824165071375,-0.000364083928154637,0.00103241369437436,0.227412277880608
"bivt",0.001,5000,"0.1",TRUE,0.00157291783136229,-0.00136287091839353,0.000540504136987924,-0.000330457224019168,0.00103241369437436,0.227412277880608
"bivt",0.001,5000,"0.01",TRUE,0.0018791214213806,-0.00146859445635957,0.000846707727006237,-0.000436180761985206,0.00103241369437436,0.227412277880608
"bivt",0.001,5000,"0.05",TRUE,0.000957047790168501,-0.000783956541492189,0.000475026531261688,-0.000301935282585376,0.000482021258906814,0.291770008110718
"bivt",0.001,5000,"0.1",TRUE,0.000874006137730563,-0.000760204967508658,0.000391984878823749,-0.000278183708601844,0.000482021258906814,0.291770008110718
"bivt",0.001,5000,"0.01",TRUE,0.0010641797720083,-0.000849023445933204,0.000582158513101486,-0.00036700218702639,0.000482021258906814,0.291770008110718
"bivt",0.001,5000,"0.05",TRUE,0.00180005205747003,-0.00164166968144882,0.000547481388908649,-0.00038909901288744,0.00125257066856138,0.26760411022066
"bivt",0.001,5000,"0.1",TRUE,0.00175631956816779,-0.00160114674515652,0.000503748899606407,-0.000348576076595132,0.00125257066856138,0.26760411022066
"bivt",0.001,5000,"0.01",TRUE,0.00199956580330226,-0.00170192129482664,0.000746995134740875,-0.000449350626265252,0.00125257066856138,0.26760411022066
"bivt",0.001,5000,"0.05",TRUE,0.00125200555303307,-0.00114513642704228,0.000413084966817769,-0.000306215840826979,0.000838920586215305,0.301019572612012
"bivt",0.001,5000,"0.1",TRUE,0.0012222074595561,-0.001120722533363,0.000383286873340796,-0.000281801947147692,0.000838920586215305,0.301019572612012
"bivt",0.001,5000,"0.01",TRUE,0.00135928205840835,-0.00120434845504116,0.000520361472193042,-0.000365427868825851,0.000838920586215305,0.301019572612012
"bivt",0.001,5000,"0.05",TRUE,0.00152260735634184,-0.00127393606091765,0.000600272149060984,-0.000351600853636798,0.000922335207280854,0.268911898591439
"bivt",0.001,5000,"0.1",TRUE,0.00147625874557329,-0.00122594579469988,0.00055392353829244,-0.000303610587419026,0.000922335207280854,0.268911898591439
"bivt",0.001,5000,"0.01",TRUE,0.00168704783104121,-0.0013430871776241,0.000764712623760358,-0.000420751970343241,0.000922335207280854,0.268911898591439
"bivt",0.001,5000,"0.05",TRUE,0.00112607368444203,-0.00101179687891996,0.0004238954513482,-0.000309618645826123,0.000702178233093833,0.276879032730047
"bivt",0.001,5000,"0.1",TRUE,0.00108418221112271,-0.000985979618234968,0.000382003978028877,-0.000283801385141135,0.000702178233093833,0.276879032730047
"bivt",0.001,5000,"0.01",TRUE,0.00130184809470014,-0.00105651073466371,0.000599669861606306,-0.000354332501569877,0.000702178233093833,0.276879032730047
"bivt",0.001,5000,"0.05",TRUE,0.00143499552068422,-0.00126575613186285,0.000512660313403367,-0.000343420924581993,0.000922335207280854,0.267582309942216
"bivt",0.001,5000,"0.1",TRUE,0.0013677531698278,-0.0012443066751053,0.000445417962546944,-0.00032197146782445,0.000922335207280854,0.267582309942216
"bivt",0.001,5000,"0.01",TRUE,0.0016021472982343,-0.00131496893745093,0.000679812090953445,-0.000392633730170078,0.000922335207280854,0.267582309942216
"bivt",0.001,5000,"0.05",TRUE,0.0010261618567304,-0.000920869603623604,0.000407398244702112,-0.000302105991595318,0.000618763612028285,0.316506091532499
"bivt",0.001,5000,"0.1",TRUE,0.000995745793503074,-0.000884660693768506,0.000376982181474788,-0.000265897081740221,0.000618763612028285,0.316506091532499
"bivt",0.001,5000,"0.01",TRUE,0.00109560989414279,-0.000972230992023423,0.000476846282114508,-0.000353467379995138,0.000618763612028285,0.316506091532499
"bivt",0.001,5000,"0.05",TRUE,0.00189679743835303,-0.00162801208493419,0.000644226769791646,-0.000375441416372802,0.00125257066856138,0.258343250879238
"bivt",0.001,5000,"0.1",TRUE,0.00176654345484455,-0.00158709699662263,0.000513972786283169,-0.000334526328061244,0.00125257066856138,0.258343250879238
"bivt",0.001,5000,"0.01",TRUE,0.00207017914302463,-0.00167803445037116,0.000817608474463249,-0.000425463781809781,0.00125257066856138,0.258343250879238
"bivt",0.001,5000,"0.05",TRUE,0.00118244777129191,-0.00103581862284698,0.000453605672170117,-0.000306976523725182,0.000728842099121795,0.301981036696841
"bivt",0.001,5000,"0.1",TRUE,0.00110256975857521,-0.00100629302986628,0.000373727659453415,-0.00027745093074449,0.000728842099121795,0.301981036696841
"bivt",0.001,5000,"0.01",TRUE,0.00130561267001117,-0.0010839760602189,0.000576770570889372,-0.000355133961097105,0.000728842099121795,0.301981036696841
"bivt",0.001,5000,"0.05",TRUE,0.00323016735415201,-0.00274989558327713,0.000986890301749033,-0.000506618530874161,0.00224327705240297,0.201033481691669
"bivt",0.001,5000,"0.1",TRUE,0.0031816094511472,-0.00269205021019766,0.000938332398744227,-0.00044877315779469,0.00224327705240297,0.201033481691669
"bivt",0.001,5000,"0.01",TRUE,0.00371177747547874,-0.00279679291300586,0.00146850042307577,-0.00055351586060289,0.00224327705240297,0.201033481691669
"bivt",0.001,5000,"0.05",TRUE,0.00152535402143992,-0.0012663996063832,0.000603018814159065,-0.000344064399102346,0.000922335207280854,0.309555755497462
"bivt",0.001,5000,"0.1",TRUE,0.00142178052409804,-0.0012360439171644,0.000499445316817189,-0.000313708709883549,0.000922335207280854,0.309555755497462
"bivt",0.001,5000,"0.01",TRUE,0.00177187482781292,-0.00131103265252444,0.000849539620532071,-0.000388697445243588,0.000922335207280854,0.309555755497462
"bivt",0.001,5000,"0.05",TRUE,0.00129072699203132,-0.00106157032514997,0.000588548758937483,-0.000359392092056138,0.000702178233093833,0.269593132389877
"bivt",0.001,5000,"0.1",TRUE,0.00121546649602133,-0.00103405843490336,0.000513288262927493,-0.000331880201809522,0.000702178233093833,0.269593132389877
"bivt",0.001,5000,"0.01",TRUE,0.00140849719660707,-0.00111455405663949,0.000706318963513241,-0.000412375823545656,0.000702178233093833,0.269593132389877
"bivt",0.001,5000,"0.05",FALSE,0.00077606828964795,-0.000697916121333969,0.000377461651806684,-0.000299309483492703,0.000398606637841266,0.339862671178662
"bivt",0.001,5000,"0.1",FALSE,0.000681970477760822,-0.000665976756772982,0.000283363839919556,-0.000267370118931717,0.000398606637841266,0.339862671178662
"bivt",0.001,5000,"0.01",FALSE,0.000885968230009296,-0.000741131574736115,0.000487361592168031,-0.000342524936894849,0.000398606637841266,0.339862671178662
"bivt",0.001,5000,"0.05",TRUE,0.00101581263773381,-0.000863086170279642,0.000423712891733482,-0.000270986424279318,0.000592099746000324,0.311932328255989
"bivt",0.001,5000,"0.1",TRUE,0.000957376766838455,-0.000844482002630483,0.000365277020838131,-0.00025238225663016,0.000592099746000324,0.311932328255989
"bivt",0.001,5000,"0.01",TRUE,0.00115452182714219,-0.000915651863101072,0.000562422081141864,-0.000323552117100748,0.000592099746000324,0.311932328255989
"bivt",0.001,5000,"0.05",TRUE,0.00191517041091133,-0.00163766003071434,0.000662599742349947,-0.000385089362152953,0.00125257066856138,0.252815706934592
"bivt",0.001,5000,"0.1",TRUE,0.00181890291833615,-0.00160971475351144,0.000566332249774762,-0.000357144084950057,0.00125257066856138,0.252815706934592
"bivt",0.001,5000,"0.01",TRUE,0.00218786237956123,-0.00169738295466061,0.000935291710999849,-0.000444812286099229,0.00125257066856138,0.252815706934592
"bivt",0.001,5000,"0.05",TRUE,0.0013902555320211,-0.00115126682788474,0.000577998811833761,-0.000339010107697401,0.000812256720187343,0.27225163315502
"bivt",0.001,5000,"0.1",TRUE,0.00130464012829694,-0.00113395914672045,0.000492383408109595,-0.000321702426533105,0.000812256720187343,0.27225163315502
"bivt",0.001,5000,"0.01",TRUE,0.0015379145020544,-0.00119772060572886,0.000725657781867056,-0.000385463885541515,0.000812256720187343,0.27225163315502
"bivt",0.001,5000,"0.05",TRUE,0.00167038815890535,-0.00148217489044322,0.000527895977437478,-0.000339682708975346,0.00114249218146787,0.256273771919237
"bivt",0.001,5000,"0.1",TRUE,0.00159714380993145,-0.00145560151985756,0.000454651628463578,-0.000313109338389688,0.00114249218146787,0.256273771919237
"bivt",0.001,5000,"0.01",TRUE,0.00194193178317303,-0.00155586092685801,0.000799439601705155,-0.000413368745390139,0.00114249218146787,0.256273771919237
"bivt",0.001,5000,"0.05",TRUE,0.00126123916982199,-0.00113752801903722,0.000448982449634652,-0.000325271298849876,0.000812256720187343,0.276510332273627
"bivt",0.001,5000,"0.1",TRUE,0.00119299009682708,-0.00111315851088297,0.000380733376639735,-0.00030090179069563,0.000812256720187343,0.276510332273627
"bivt",0.001,5000,"0.01",TRUE,0.00136526884710898,-0.00118221560694212,0.000553012126921634,-0.000369958886754775,0.000812256720187343,0.276510332273627
"bivt",0.001,5000,"0.05",TRUE,0.00135234386531051,-0.00117670116520471,0.000540087145123166,-0.000364444445017369,0.000812256720187343,0.26997812488856
"bivt",0.001,5000,"0.1",TRUE,0.00126821673778697,-0.00114590868125867,0.000455960017599632,-0.000333651961071322,0.000812256720187343,0.26997812488856
"bivt",0.001,5000,"0.01",TRUE,0.00148267717714847,-0.00125949784013313,0.000670420456961124,-0.000447241119945783,0.000812256720187343,0.26997812488856
"bivt",0.001,5000,"0.05",TRUE,0.00149941084680099,-0.00126109336301153,0.000687154126613651,-0.000448836642824184,0.000812256720187343,0.238644416580307
"bivt",0.001,5000,"0.1",TRUE,0.00139522287083664,-0.00122699019062518,0.000582966150649295,-0.000414733470437841,0.000812256720187343,0.238644416580307
"bivt",0.001,5000,"0.01",TRUE,0.00170672615491522,-0.00133056594642709,0.000894469434727875,-0.000518309226239751,0.000812256720187343,0.238644416580307
"bivt",0.001,5000,"0.05",TRUE,0.00123647883605011,-0.00104099550290634,0.000534300602956275,-0.00033881726981251,0.000702178233093833,0.257566034915492
"bivt",0.001,5000,"0.1",TRUE,0.00112974068862927,-0.00101114103983333,0.000427562455535435,-0.000308962806739499,0.000702178233093833,0.257566034915492
"bivt",0.001,5000,"0.01",TRUE,0.00145652284425252,-0.00109872518988811,0.000754344611158689,-0.000396546956794274,0.000702178233093833,0.257566034915492
"bivt",0.001,5000,"0.05",TRUE,0.0012990432818715,-0.00102954821752783,0.000596865048777669,-0.000327369984434,0.000702178233093833,0.281418859190272
"bivt",0.001,5000,"0.1",TRUE,0.00121847626162026,-0.00101198145144203,0.000516298028526426,-0.000309803218348197,0.000702178233093833,0.281418859190272
"bivt",0.001,5000,"0.01",TRUE,0.00141943600673347,-0.00107678853147511,0.000717257773639639,-0.000374610298381278,0.000702178233093833,0.281418859190272
"bivt",0.001,5000,"0.05",TRUE,0.00117796009675515,-0.00105916051893444,0.000475781863661316,-0.000356982285840611,0.000702178233093833,0.282777751850113
"bivt",0.001,5000,"0.1",TRUE,0.00111253322271184,-0.00102940958173033,0.00041035498961801,-0.000327231348636497,0.000702178233093833,0.282777751850113
"bivt",0.001,5000,"0.01",TRUE,0.00125699217588239,-0.00112562099361972,0.00055481394278856,-0.00042344276052589,0.000702178233093833,0.282777751850113
"bivt",0.001,5000,"0.05",TRUE,0.00249448805178966,-0.00230239327775795,0.000581446460667221,-0.000389351686635505,0.00191304159112244,0.233687192454568
"bivt",0.001,5000,"0.1",TRUE,0.00242478939696396,-0.00228781160425442,0.000511747805841517,-0.000374770013131977,0.00191304159112244,0.233687192454568
"bivt",0.001,5000,"0.01",TRUE,0.00274668512664284,-0.00236860817304079,0.0008336435355204,-0.000455566581918347,0.00191304159112244,0.233687192454568
"bivt",0.001,5000,"0.05",TRUE,0.000886840918272812,-0.000767306532697133,0.000404819659365998,-0.000285285273790319,0.000482021258906814,0.306362798521897
"bivt",0.001,5000,"0.1",TRUE,0.000856151046339616,-0.000744142728387391,0.000374129787432802,-0.000262121469480578,0.000482021258906814,0.306362798521897
"bivt",0.001,5000,"0.01",TRUE,0.000974903359938543,-0.00082057365150653,0.000492882101031729,-0.000338552392599716,0.000482021258906814,0.306362798521897
"bivt",0.001,5000,"0.05",TRUE,0.00128446798769243,-0.00108943503182319,0.000555625888570631,-0.000360592932701395,0.000728842099121795,0.27360347953372
"bivt",0.001,5000,"0.1",TRUE,0.00123786635216572,-0.00105330627991443,0.000509024253043921,-0.000324464180792632,0.000728842099121795,0.27360347953372
"bivt",0.001,5000,"0.01",TRUE,0.00148251624891913,-0.00114209471691688,0.000753674149797331,-0.000413252617795087,0.000728842099121795,0.27360347953372
"bivt",0.001,5000,"0.05",TRUE,0.00172663467850201,-0.00152039262152147,0.000584142497034134,-0.000377900440053596,0.00114249218146787,0.24765255424766
"bivt",0.001,5000,"0.1",TRUE,0.00162270346443317,-0.00147591763115379,0.000480211282965301,-0.000333425449685917,0.00114249218146787,0.24765255424766
"bivt",0.001,5000,"0.01",TRUE,0.0018873270488165,-0.00157554814880164,0.000744834867348626,-0.000433055967333769,0.00114249218146787,0.24765255424766
"bivt",0.001,5000,"0.05",TRUE,0.00118297187784234,-0.00102924227753014,0.00048079364474851,-0.000327064044436303,0.000702178233093833,0.301908842601281
"bivt",0.001,5000,"0.1",TRUE,0.0010846618932768,-0.00099959388242322,0.000382483660182963,-0.000297415649329386,0.000702178233093833,0.301908842601281
"bivt",0.001,5000,"0.01",TRUE,0.0013130956735524,-0.00107077722311675,0.00061091744045857,-0.000368598990022916,0.000702178233093833,0.301908842601281
"bivt",0.001,5000,"0.05",TRUE,0.00186291414194506,-0.00160892207204876,0.000610343473383674,-0.00035635140348738,0.00125257066856138,0.301485962121675
"bivt",0.001,5000,"0.1",TRUE,0.00177076979287111,-0.00156649564825552,0.000518199124309725,-0.000313924979694141,0.00125257066856138,0.301485962121675
"bivt",0.001,5000,"0.01",TRUE,0.00212741369297369,-0.00167240287446211,0.00087484302441231,-0.00041983220590073,0.00125257066856138,0.301485962121675
"bivt",0.001,5000,"0.05",TRUE,0.00193191632569419,-0.00161586711703667,0.000789424144226314,-0.000473374935568792,0.00114249218146787,0.221105564901274
"bivt",0.001,5000,"0.1",TRUE,0.00180885208767227,-0.00157359347056672,0.000666359906204396,-0.000431101289098848,0.00114249218146787,0.221105564901274
"bivt",0.001,5000,"0.01",TRUE,0.00205273384398001,-0.00165536393203635,0.000910241662512132,-0.000512871750568481,0.00114249218146787,0.221105564901274
"bivt",0.001,5000,"0.05",TRUE,0.000817321092164336,-0.000741845834371908,0.00041871445432307,-0.000343239196530642,0.000398606637841266,0.280044900329348
"bivt",0.001,5000,"0.1",TRUE,0.000776481878311582,-0.000706301723659759,0.000377875240470317,-0.000307695085818493,0.000398606637841266,0.280044900329348
"bivt",0.001,5000,"0.01",TRUE,0.000945317418324682,-0.000800043938969259,0.000546710780483417,-0.000401437301127993,0.000398606637841266,0.280044900329348
"bivt",0.001,5000,"0.05",TRUE,0.00126996377255386,-0.00105385412683262,0.000567785539460025,-0.000351675893738787,0.000702178233093833,0.293676704121273
"bivt",0.001,5000,"0.1",TRUE,0.00117387767407178,-0.00103942472406117,0.000471699440977949,-0.000337246490967334,0.000702178233093833,0.293676704121273
"bivt",0.001,5000,"0.01",TRUE,0.00142148337206242,-0.00111283075489217,0.000719305138968591,-0.000410652521798337,0.000702178233093833,0.293676704121273
"bivt",0.001,5000,"0.05",TRUE,0.0011257042928288,-0.000940047505667105,0.000533604546828473,-0.000347947759666781,0.000592099746000324,0.248275929887795
"bivt",0.001,5000,"0.1",TRUE,0.00103615581159412,-0.000915184289524133,0.000444056065593792,-0.000323084543523809,0.000592099746000324,0.248275929887795
"bivt",0.001,5000,"0.01",TRUE,0.00121964068481426,-0.000993163430974525,0.000627540938813937,-0.000401063684974202,0.000592099746000324,0.248275929887795
"bivt",0.001,5000,"0.05",TRUE,0.00114729525862711,-0.000877378339353843,0.000638610133692331,-0.000368693214419068,0.000508685124934776,0.272594137990248
"bivt",0.001,5000,"0.1",TRUE,0.0011266731742122,-0.000839351808841095,0.000617988049277424,-0.000330666683906319,0.000508685124934776,0.272594137990248
"bivt",0.001,5000,"0.01",TRUE,0.00125544367502431,-0.000941815605792233,0.00074675855008953,-0.000433130480857457,0.000508685124934776,0.272594137990248
"bivt",0.001,5000,"0.05",TRUE,0.00109065843897162,-0.0009821106791408,0.000471894826943336,-0.000363347067112515,0.000618763612028285,0.268624462605464
"bivt",0.001,5000,"0.1",TRUE,0.00103237570041913,-0.000943580218615891,0.000413612088390841,-0.000324816606587606,0.000618763612028285,0.268624462605464
"bivt",0.001,5000,"0.01",TRUE,0.00130917306280453,-0.00105643021170295,0.000690409450776245,-0.000437666599674661,0.000618763612028285,0.268624462605464
"bivt",0.001,5000,"0.05",TRUE,0.00224183825724479,-0.00201674393432931,0.000659032127402877,-0.000433937804487401,0.00158280612984191,0.249559132773301
"bivt",0.001,5000,"0.1",TRUE,0.00216869984695881,-0.0019713626137742,0.000585893717116897,-0.000388556483932292,0.00158280612984191,0.249559132773301
"bivt",0.001,5000,"0.01",TRUE,0.00247447134923583,-0.0020487935265706,0.000891665219393915,-0.000465987396728685,0.00158280612984191,0.249559132773301
"bivt",0.001,5000,"0.05",TRUE,0.00142621307732114,-0.0012652049800623,0.000503877870040288,-0.000342869772781446,0.000922335207280854,0.268115065409474
"bivt",0.001,5000,"0.1",TRUE,0.00134401610900085,-0.00123456659033254,0.000421680901719999,-0.000312231383051683,0.000922335207280854,0.268115065409474
"bivt",0.001,5000,"0.01",TRUE,0.0015490625689255,-0.00132653492691904,0.000626727361644646,-0.000404199719638188,0.000922335207280854,0.268115065409474
"bivt",0.001,5000,"0.05",TRUE,0.000914038801381786,-0.000788573669770049,0.00040535367644701,-0.000279888544835273,0.000508685124934776,0.314017261521122
"bivt",0.001,5000,"0.1",TRUE,0.000872820149996113,-0.000759464982075892,0.000364135025061338,-0.000250779857141116,0.000508685124934776,0.314017261521122
"bivt",0.001,5000,"0.01",TRUE,0.00105107470563483,-0.000854849527849111,0.000542389580700051,-0.000346164402914336,0.000508685124934776,0.314017261521122
"bivt",0.001,5000,"0.05",TRUE,0.00119437636845317,-0.000969326474007112,0.000602276622452848,-0.000377226728006788,0.000592099746000324,0.280172263482743
"bivt",0.001,5000,"0.1",TRUE,0.00109030871172863,-0.000929957585011229,0.000498208965728307,-0.000337857839010905,0.000592099746000324,0.280172263482743
"bivt",0.001,5000,"0.01",TRUE,0.0013176650127533,-0.00103497933495182,0.00072556526675298,-0.000442879588951493,0.000592099746000324,0.280172263482743
"bivt",0.001,5000,"0.05",TRUE,0.00122252992883055,-0.000973622826918159,0.000630430182830227,-0.000381523080917835,0.000592099746000324,0.251835313101462
"bivt",0.001,5000,"0.1",TRUE,0.0010879217654938,-0.000950339244458385,0.000495822019493472,-0.000358239498458061,0.000592099746000324,0.251835313101462
"bivt",0.001,5000,"0.01",TRUE,0.0014080769086541,-0.00107472993789757,0.000815977162653774,-0.000482630191897248,0.000592099746000324,0.251835313101462
"bivt",0.001,5000,"0.05",TRUE,0.00193291513839048,-0.00165616202225579,0.000680344469829094,-0.000403591353694411,0.00125257066856138,0.240159612461907
"bivt",0.001,5000,"0.1",TRUE,0.00183346861444152,-0.0016219941521786,0.000580897945880133,-0.000369423483617216,0.00125257066856138,0.240159612461907
"bivt",0.001,5000,"0.01",TRUE,0.00218722369043822,-0.00172341187821615,0.000934653021876842,-0.000470841209654766,0.00125257066856138,0.240159612461907
"bivt",0.001,5000,"0.05",TRUE,0.00138672331245812,-0.00114614558133311,0.000574466592270775,-0.00033388886114577,0.000812256720187343,0.310987986849784
"bivt",0.001,5000,"0.1",TRUE,0.00131228022823427,-0.00112102213351092,0.000500023508046927,-0.000308765413323575,0.000812256720187343,0.310987986849784
"bivt",0.001,5000,"0.01",TRUE,0.00154824869003688,-0.00120055697834541,0.000735991969849538,-0.000388300258158063,0.000812256720187343,0.310987986849784
"bivt",0.001,5000,"0.05",TRUE,0.00108224738016015,-0.000949956103815275,0.00049014763415983,-0.000357856357814951,0.000592099746000324,0.27166895139108
"bivt",0.001,5000,"0.1",TRUE,0.00100607398037351,-0.000916743158124585,0.000413974234373183,-0.000324643412124262,0.000592099746000324,0.27166895139108
"bivt",0.001,5000,"0.01",TRUE,0.00124397485153732,-0.00101433655516129,0.000651875105536992,-0.000422236809160969,0.000592099746000324,0.27166895139108
"bivt",0.001,5000,"0.05",TRUE,0.00179589643754392,-0.00153071937018318,0.000653404256076044,-0.000388227188715302,0.00114249218146787,0.29988048614121
"bivt",0.001,5000,"0.1",TRUE,0.00173013556069576,-0.00148966844103313,0.000587643379227885,-0.000347176259565259,0.00114249218146787,0.29988048614121
"bivt",0.001,5000,"0.01",TRUE,0.0020382560132116,-0.00161408589357814,0.000895763831743726,-0.000471593712110268,0.00114249218146787,0.29988048614121
"bivt",0.001,5000,"0.05",TRUE,0.00159090966999032,-0.00138783879443234,0.000558495975615955,-0.000355425100057973,0.00103241369437436,0.296245276976059
"bivt",0.001,5000,"0.1",TRUE,0.00155227228203518,-0.00135833869194127,0.000519858587660815,-0.000325924997566906,0.00103241369437436,0.296245276976059
"bivt",0.001,5000,"0.01",TRUE,0.00173028382495706,-0.00145098889828312,0.000697870130582694,-0.000418575203908754,0.00103241369437436,0.296245276976059
"bivt",0.001,5000,"0.05",TRUE,0.00161892886701762,-0.00138361468225042,0.000586515172643261,-0.000351200987876061,0.00103241369437436,0.28131624983104
"bivt",0.001,5000,"0.1",TRUE,0.00154726098643086,-0.00135342686695776,0.0005148472920565,-0.000321013172583394,0.00103241369437436,0.28131624983104
"bivt",0.001,5000,"0.01",TRUE,0.00185169996725358,-0.00144898409695171,0.000819286272879219,-0.000416570402577346,0.00103241369437436,0.28131624983104
"bivt",0.001,5000,"0.05",TRUE,0.00130942410369323,-0.00105832035696297,0.000580582004571439,-0.000329478257841177,0.000728842099121795,0.304701140449476
"bivt",0.001,5000,"0.1",TRUE,0.0012161530855098,-0.00102738503378025,0.000487310986388002,-0.000298542934658452,0.000728842099121795,0.304701140449476
"bivt",0.001,5000,"0.01",TRUE,0.00146003269315333,-0.00113214585577455,0.000731190594031537,-0.000403303756652757,0.000728842099121795,0.304701140449476
"bivt",0.001,5000,"0.05",TRUE,0.00219450595611551,-0.00196896195838233,0.000611699826273595,-0.000386155828540413,0.00158280612984191,0.250964843428618
"bivt",0.001,5000,"0.1",TRUE,0.0021341464998514,-0.00193988821585292,0.000551340370009483,-0.000357082086011008,0.00158280612984191,0.250964843428618
"bivt",0.001,5000,"0.01",TRUE,0.00233435757681521,-0.00200039685220381,0.000751551446973296,-0.000417590722361902,0.00158280612984191,0.250964843428618
"bivt",0.001,5000,"0.05",TRUE,0.00113750553533514,-0.000909576163176178,0.000545405789334816,-0.000317476417175855,0.000592099746000324,0.306314781423267
"bivt",0.001,5000,"0.1",TRUE,0.00105657692774961,-0.000875201990056076,0.000464477181749283,-0.000283102244055752,0.000592099746000324,0.306314781423267
"bivt",0.001,5000,"0.01",TRUE,0.00130167103566678,-0.000961271743784486,0.000709571289666455,-0.000369171997784162,0.000592099746000324,0.306314781423267
"bivt",0.001,5000,"0.05",TRUE,0.0014434976707741,-0.0012443776187078,0.000521162463493243,-0.000322042411426949,0.000922335207280854,0.28096884440364
"bivt",0.001,5000,"0.1",TRUE,0.00138703952563789,-0.00121653946109846,0.000464704318357035,-0.000294204253817611,0.000922335207280854,0.28096884440364
"bivt",0.001,5000,"0.01",TRUE,0.00162371168694403,-0.00128668857144568,0.000701376479663175,-0.000364353364164828,0.000922335207280854,0.28096884440364
"bivt",0.001,5000,"0.05",TRUE,0.00125378430315483,-0.00116976455769701,0.000414863716939524,-0.000330843971481707,0.000838920586215305,0.322749685049045
"bivt",0.001,5000,"0.1",TRUE,0.00121516857933963,-0.0011353428771424,0.000376247993124325,-0.000296422290927099,0.000838920586215305,0.322749685049045
"bivt",0.001,5000,"0.01",TRUE,0.001372417961229,-0.00121768485396,0.000533497375013693,-0.000378764267744694,0.000838920586215305,0.322749685049045
"bivt",0.001,5000,"0.05",TRUE,0.000952928236149488,-0.000817875091669349,0.000470906977242675,-0.000335853832762536,0.000482021258906814,0.281200785010333
"bivt",0.001,5000,"0.1",TRUE,0.000889410397146107,-0.000791314292148585,0.000407389138239294,-0.000309293033241771,0.000482021258906814,0.281200785010333
"bivt",0.001,5000,"0.01",TRUE,0.00108176906222536,-0.000860089083639226,0.000599747803318548,-0.000378067824732413,0.000482021258906814,0.281200785010333
"bivt",0.001,5000,"0.05",TRUE,0.00104156986816517,-0.000844988739877196,0.000559548609258358,-0.000362967480970382,0.000482021258906814,0.268157288705109
"bivt",0.001,5000,"0.1",TRUE,0.000955421955297312,-0.000817079916833246,0.000473400696390499,-0.000335058657926432,0.000482021258906814,0.268157288705109
"bivt",0.001,5000,"0.01",TRUE,0.00121817741444184,-0.00089684787374515,0.000736156155535027,-0.000414826614838336,0.000482021258906814,0.268157288705109
"bivt",0.001,5000,"0.05",TRUE,0.00206627110845564,-0.00172009059684104,0.000813700439894253,-0.000467519928279658,0.00125257066856138,0.252674560200983
"bivt",0.001,5000,"0.1",TRUE,0.0019333563237107,-0.00169570479874345,0.000680785655149321,-0.000443134130182066,0.00125257066856138,0.252674560200983
"bivt",0.001,5000,"0.01",TRUE,0.00226690828357086,-0.00174834697670151,0.00101433761500948,-0.000495776308140129,0.00125257066856138,0.252674560200983
"bivt",0.001,5000,"0.05",TRUE,0.000977473096200603,-0.000801601306909028,0.000495451837293789,-0.000319580048002214,0.000482021258906814,0.299486827170175
"bivt",0.001,5000,"0.1",TRUE,0.000890764430968607,-0.000773930079855791,0.000408743172061793,-0.000291908820948977,0.000482021258906814,0.299486827170175
"bivt",0.001,5000,"0.01",TRUE,0.00116725447736194,-0.00084100653531596,0.000685233218455125,-0.000358985276409147,0.000482021258906814,0.299486827170175
"bivt",0.001,5000,"0.05",TRUE,0.00177891248937339,-0.00147232854545478,0.000636420307905514,-0.000329836363986903,0.00114249218146787,0.309769152802898
"bivt",0.001,5000,"0.1",TRUE,0.00165865963478651,-0.00144858167649131,0.000516167453318636,-0.00030608949502344,0.00114249218146787,0.309769152802898
"bivt",0.001,5000,"0.01",TRUE,0.00191249626957165,-0.00151909245621018,0.00077000408810378,-0.000376600274742307,0.00114249218146787,0.309769152802898
"bivt",0.001,5000,"0.05",TRUE,0.00109502821370276,-0.000941726866837832,0.000476264601674479,-0.000322963254809547,0.000618763612028285,0.277849700369096
"bivt",0.001,5000,"0.1",TRUE,0.00101880666344126,-0.000912446472194223,0.000400043051412975,-0.000293682860165937,0.000618763612028285,0.277849700369096
"bivt",0.001,5000,"0.01",TRUE,0.00123539029731523,-0.001004036250643,0.000616626685286944,-0.000385272638614716,0.000618763612028285,0.277849700369096
"bivt",0.001,5000,"0.05",TRUE,0.0015926261596065,-0.00136458640894914,0.00056021246523214,-0.000332172714574774,0.00103241369437436,0.286041115467042
"bivt",0.001,5000,"0.1",TRUE,0.00150066581086387,-0.00135108272109624,0.000468252116489504,-0.000318669026721879,0.00103241369437436,0.286041115467042
"bivt",0.001,5000,"0.01",TRUE,0.00176218815641178,-0.00141913503757395,0.000729774462037418,-0.000386721343199583,0.00103241369437436,0.286041115467042
"bivt",0.001,5000,"0.05",TRUE,0.00111022904366323,-0.000947383627054282,0.000491465431634943,-0.000328620015025997,0.000618763612028285,0.304185301762786
"bivt",0.001,5000,"0.1",TRUE,0.00100017780652895,-0.000916264855936349,0.000381414194500661,-0.000297501243908064,0.000618763612028285,0.304185301762786
"bivt",0.001,5000,"0.01",TRUE,0.00125345830182873,-0.00100261799374744,0.000634694689800444,-0.000383854381719158,0.000618763612028285,0.304185301762786
"bivt",0.001,5000,"0.05",TRUE,0.00217182895038205,-0.0019180718839822,0.000699101307633645,-0.0004453442412338,0.0014727276427484,0.209994517585719
"bivt",0.001,5000,"0.1",TRUE,0.00206944268867053,-0.00188807475615932,0.000596715045922124,-0.000415347113410914,0.0014727276427484,0.209994517585719
"bivt",0.001,5000,"0.01",TRUE,0.00254767248594834,-0.00197499269887904,0.00107494484319993,-0.000502265056130637,0.0014727276427484,0.209994517585719
"bivt",0.001,5000,"0.05",TRUE,0.00138252448379754,-0.00116216406927893,0.000570267763610193,-0.000349907349091586,0.000812256720187343,0.28840454382922
"bivt",0.001,5000,"0.1",TRUE,0.00134948436713946,-0.00114060461424772,0.000537227646952112,-0.000328347894060377,0.000812256720187343,0.28840454382922
"bivt",0.001,5000,"0.01",TRUE,0.00162449639837168,-0.00120636997598884,0.000812239678184334,-0.000394113255801497,0.000812256720187343,0.28840454382922
"bivt",0.001,5000,"0.05",TRUE,0.0012719573815894,-0.00113176465486738,0.000433036795374099,-0.000292844068652073,0.000838920586215305,0.316436591607745
"bivt",0.001,5000,"0.1",TRUE,0.00120168787327337,-0.00111042143420568,0.000362767287058063,-0.000271500847990372,0.000838920586215305,0.316436591607745
"bivt",0.001,5000,"0.01",TRUE,0.00141562776020519,-0.0012013448954864,0.000576707173989881,-0.000362424309271095,0.000838920586215305,0.316436591607745
"bivt",0.001,5000,"0.05",TRUE,0.0013851996373735,-0.00126180247695122,0.000462864430092651,-0.000339467269670363,0.000922335207280854,0.296531704209726
"bivt",0.001,5000,"0.1",TRUE,0.00132471203128722,-0.00122597426956226,0.000402376824006363,-0.000303639062281405,0.000922335207280854,0.296531704209726
"bivt",0.001,5000,"0.01",TRUE,0.00151269946456375,-0.00132235581972505,0.000590364257282899,-0.000400020612444199,0.000922335207280854,0.296531704209726
"bivt",0.001,5000,"0.05",TRUE,0.00232454634281911,-0.0019694332748862,0.000741740212977195,-0.000386627145044287,0.00158280612984191,0.270612080566838
"bivt",0.001,5000,"0.1",TRUE,0.0021692026265122,-0.00193610834851178,0.000586396496670289,-0.000353302218669865,0.00158280612984191,0.270612080566838
"bivt",0.001,5000,"0.01",TRUE,0.0025309497178124,-0.00202263926049593,0.000948143587970489,-0.000439833130654014,0.00158280612984191,0.270612080566838
"bivt",0.001,5000,"0.05",TRUE,0.00149219433660603,-0.00127329891868927,0.000569859129325178,-0.000350963711408415,0.000922335207280854,0.267427065411848
"bivt",0.001,5000,"0.1",TRUE,0.00140974248455801,-0.00124902108423421,0.000487407277277158,-0.000326685876953359,0.000922335207280854,0.267427065411848
"bivt",0.001,5000,"0.01",TRUE,0.00164681208002403,-0.00133435359486231,0.000724476872743172,-0.000412018387581453,0.000922335207280854,0.267427065411848
"bivt",0.001,5000,"0.05",TRUE,0.00128084198480807,-0.000961499003928564,0.000688742238807743,-0.000369399257928241,0.000592099746000324,0.294231682830947
"bivt",0.001,5000,"0.1",TRUE,0.00118586272036076,-0.000928784847233284,0.000593762974360441,-0.00033668510123296,0.000592099746000324,0.294231682830947
"bivt",0.001,5000,"0.01",TRUE,0.00140922405996509,-0.00105464789060586,0.000817124313964762,-0.000462548144605532,0.000592099746000324,0.294231682830947
"bivt",0.001,5000,"0.05",TRUE,0.00238405335980337,-0.00198456257008195,0.000801247229961461,-0.000401756440240034,0.00158280612984191,0.238886590111556
"bivt",0.001,5000,"0.1",TRUE,0.00209264163355753,-0.00195038482994599,0.000509835503715615,-0.00036757870010408,0.00158280612984191,0.238886590111556
"bivt",0.001,5000,"0.01",TRUE,0.00266528302940912,-0.00204069130934844,0.00108247689956721,-0.000457885179506526,0.00158280612984191,0.238886590111556
"bivt",0.001,5000,"0.05",TRUE,0.00157636872214982,-0.00136978663314768,0.000543955027775461,-0.000337372938773312,0.00103241369437436,0.279051097759471
"bivt",0.001,5000,"0.1",TRUE,0.00150027204260528,-0.00134398279710959,0.000467858348230915,-0.000311569102735223,0.00103241369437436,0.279051097759471
"bivt",0.001,5000,"0.01",TRUE,0.00172069742986871,-0.00141853390658548,0.000688283735494346,-0.000386120212211121,0.00103241369437436,0.279051097759471
"bivt",0.001,5000,"0.05",TRUE,0.00190713586863299,-0.00162390933697814,0.00065456520007161,-0.000371338668416761,0.00125257066856138,0.272410046507521
"bivt",0.001,5000,"0.1",TRUE,0.00178365157158917,-0.00159540708055483,0.00053108090302779,-0.000342836411993448,0.00125257066856138,0.272410046507521
"bivt",0.001,5000,"0.01",TRUE,0.00208373899251189,-0.00167203138636067,0.000831168323950503,-0.000419460717799288,0.00125257066856138,0.272410046507521
"bivt",0.001,5000,"0.05",TRUE,0.00127780413521839,-0.0011365255248099,0.000465547415031049,-0.000324268804622555,0.000812256720187343,0.270632945464787
"bivt",0.001,5000,"0.1",TRUE,0.00123382972160814,-0.00110947781449839,0.000421573001420793,-0.000297221094311049,0.000812256720187343,0.270632945464787
"bivt",0.001,5000,"0.01",TRUE,0.00137435952318601,-0.00118260126049463,0.000562102802998669,-0.000370344540307283,0.000812256720187343,0.270632945464787
"bivt",0.001,5000,"0.05",TRUE,0.00136949833316055,-0.0012335826329716,0.000447163125879693,-0.000311247425690748,0.000922335207280854,0.297870984788957
"bivt",0.001,5000,"0.1",TRUE,0.00133431942030442,-0.00121209906781436,0.000411984213023567,-0.000289763860533509,0.000922335207280854,0.297870984788957
"bivt",0.001,5000,"0.01",TRUE,0.00149932982708612,-0.00128588085253269,0.000576994619805267,-0.00036354564525184,0.000922335207280854,0.297870984788957
"bivt",0.001,5000,"0.05",TRUE,0.00139047600678535,-0.00124994891877254,0.000468140799504496,-0.00032761371149169,0.000922335207280854,0.316294466875881
"bivt",0.001,5000,"0.1",TRUE,0.00131246490070592,-0.001209142276477,0.000390129693425071,-0.000286807069196144,0.000922335207280854,0.316294466875881
"bivt",0.001,5000,"0.01",TRUE,0.00157122386934469,-0.00127965014469257,0.000648888662063837,-0.000357314937411714,0.000922335207280854,0.316294466875881
"bivt",0.001,5000,"0.05",TRUE,0.00120365041504299,-0.00103961528857022,0.000474808315921193,-0.000310773189448428,0.000728842099121795,0.322484703702973
"bivt",0.001,5000,"0.1",TRUE,0.00112124795853304,-0.00101296965535538,0.000392405859411242,-0.000284127556233585,0.000728842099121795,0.322484703702973
"bivt",0.001,5000,"0.01",TRUE,0.00127859369050756,-0.00110462832445294,0.000549751591385763,-0.000375786225331143,0.000728842099121795,0.322484703702973
"bivt",0.001,5000,"0.05",TRUE,0.00141049259240245,-0.00108294814560732,0.000681650493280654,-0.000354106046485528,0.000728842099121795,0.263078252695241
"bivt",0.001,5000,"0.1",TRUE,0.00129376073591174,-0.00106084082124902,0.000564918636789949,-0.000331998722127221,0.000728842099121795,0.263078252695241
"bivt",0.001,5000,"0.01",TRUE,0.00151042036236981,-0.00115143649191415,0.000781578263248011,-0.000422594392792355,0.000728842099121795,0.263078252695241
"bivt",0.001,5000,"0.05",TRUE,0.00136764587109183,-0.00115840083999031,0.000555389150904489,-0.000346144119802965,0.000812256720187343,0.274034455230587
"bivt",0.001,5000,"0.1",TRUE,0.00127846002993886,-0.0011255836449476,0.000466203309751516,-0.000313326924760259,0.000812256720187343,0.274034455230587
"bivt",0.001,5000,"0.01",TRUE,0.00152969869457367,-0.00120935055739607,0.000717441974386327,-0.000397093837208731,0.000812256720187343,0.274034455230587
"bivt",0.001,5000,"0.05",TRUE,0.00177096403081102,-0.0015125598031544,0.000628471849343149,-0.000370067621686526,0.00114249218146787,0.267758950718658
"bivt",0.001,5000,"0.1",TRUE,0.00166553319646554,-0.00149719516759021,0.000523041014997668,-0.000354702986122334,0.00114249218146787,0.267758950718658
"bivt",0.001,5000,"0.01",TRUE,0.00203160958471881,-0.00156754075732059,0.000889117403250941,-0.000425048575852718,0.00114249218146787,0.267758950718658
"bivt",0.001,5000,"0.05",TRUE,0.00114286410165296,-0.000974536507049446,0.000524100489624675,-0.000355772895021161,0.000618763612028285,0.296586664755295
"bivt",0.001,5000,"0.1",TRUE,0.0010668787341318,-0.000951702120838026,0.000448115122103515,-0.000332938508809741,0.000618763612028285,0.296586664755295
"bivt",0.001,5000,"0.01",TRUE,0.00128435742573883,-0.00100694085767514,0.00066559381371054,-0.000388177245646853,0.000618763612028285,0.296586664755295
"bivt",5e-04,10000,"0.05",TRUE,0.000359916372717844,-0.000314172952017572,0.000181666803697707,-0.000135923382997435,0.000178249569020137,0.302741236685239
"bivt",5e-04,10000,"0.1",TRUE,0.000335722923232717,-0.000302834154573053,0.00015747335421258,-0.000124584585552916,0.000178249569020137,0.302741236685239
"bivt",5e-04,10000,"0.01",TRUE,0.00041113317386698,-0.000336096659441479,0.000232883604846843,-0.000157847090421342,0.000178249569020137,0.302741236685239
"bivt",5e-04,10000,"0.05",TRUE,0.000556908602230296,-0.000482987923728018,0.000231493967108454,-0.000157573288606177,0.000325414635121841,0.287078891888369
"bivt",5e-04,10000,"0.1",TRUE,0.000515640803191831,-0.000470423734015914,0.00019022616806999,-0.000145009098894073,0.000325414635121841,0.287078891888369
"bivt",5e-04,10000,"0.01",TRUE,0.000636282332990244,-0.000506402903002424,0.000310867697868403,-0.000180988267880583,0.000325414635121841,0.287078891888369
"bivt",5e-04,10000,"0.05",TRUE,0.00068437479339799,-0.000636447267024956,0.000185611639923867,-0.000137684113550833,0.000498763153474123,0.274940466466306
"bivt",5e-04,10000,"0.1",TRUE,0.000662190244060989,-0.000624421994718099,0.000163427090586866,-0.000125658841243976,0.000498763153474123,0.274940466466306
"bivt",5e-04,10000,"0.01",TRUE,0.000724585481832022,-0.000658497127282739,0.000225822328357898,-0.000159733973808616,0.000498763153474123,0.274940466466306
"bivt",5e-04,10000,"0.05",TRUE,0.000663822774088847,-0.000594669059520584,0.00024683282912301,-0.000177679114554747,0.000416989944965837,0.289789657805418
"bivt",5e-04,10000,"0.1",TRUE,0.000649046022759124,-0.000582107273344974,0.000232056077793287,-0.000165117328379137,0.000416989944965837,0.289789657805418
"bivt",5e-04,10000,"0.01",TRUE,0.000746042175561437,-0.000619873897299132,0.000329052230595599,-0.000202883952333294,0.000416989944965837,0.289789657805418
"bivt",5e-04,10000,"0.05",TRUE,0.000602071121000445,-0.000519535422048574,0.000230868830956606,-0.000148333132004735,0.000371202290043839,0.255806069050381
"bivt",5e-04,10000,"0.1",TRUE,0.000577116182171148,-0.000508829966284409,0.000205913892127309,-0.000137627676240569,0.000371202290043839,0.255806069050381
"bivt",5e-04,10000,"0.01",TRUE,0.000655550203982433,-0.000546803533313745,0.000284347913938594,-0.000175601243269906,0.000371202290043839,0.255806069050381
"bivt",5e-04,10000,"0.05",TRUE,0.000592424305534295,-0.000525295833733247,0.000221222015490455,-0.000154093543689408,0.000371202290043839,0.259888075911475
"bivt",5e-04,10000,"0.1",TRUE,0.000564181167404964,-0.00051439187485388,0.000192978877361125,-0.000143189584810041,0.000371202290043839,0.259888075911475
"bivt",5e-04,10000,"0.01",TRUE,0.000649951404463222,-0.000547804889786222,0.000278749114419383,-0.000176602599742383,0.000371202290043839,0.259888075911475
"bivt",5e-04,10000,"0.05",TRUE,0.000514356057494994,-0.000457733792699846,0.000188941422373152,-0.000132319157578005,0.000325414635121841,0.267521339673314
"bivt",5e-04,10000,"0.1",TRUE,0.000486655874963249,-0.000450026318511646,0.000161241239841408,-0.000124611683389805,0.000325414635121841,0.267521339673314
"bivt",5e-04,10000,"0.01",TRUE,0.000559759551277659,-0.000483891347434809,0.000234344916155818,-0.000158476712312967,0.000325414635121841,0.267521339673314
"bivt",5e-04,10000,"0.05",TRUE,0.000640813010831624,-0.000529417719708324,0.000269610720787785,-0.000158215429664485,0.000371202290043839,0.269960694012357
"bivt",5e-04,10000,"0.1",TRUE,0.00060667044222619,-0.000518716170126808,0.000235468152182351,-0.000147513880082969,0.000371202290043839,0.269960694012357
"bivt",5e-04,10000,"0.01",TRUE,0.000725960721217659,-0.00054256559974379,0.00035475843117382,-0.000171363309699951,0.000371202290043839,0.269960694012357
"bivt",5e-04,10000,"0.05",TRUE,0.000641474910329197,-0.000568557814301706,0.00022448496536336,-0.000151567869335868,0.000416989944965837,0.254714424764269
"bivt",5e-04,10000,"0.1",TRUE,0.00061727047566904,-0.00055740615095988,0.000200280530703203,-0.000140416205994042,0.000416989944965837,0.254714424764269
"bivt",5e-04,10000,"0.01",TRUE,0.000705490358317361,-0.00059431990590148,0.000288500413351524,-0.000177329960935642,0.000416989944965837,0.254714424764269
"bivt",5e-04,10000,"0.05",TRUE,0.000620038742565633,-0.000563088917938613,0.000203048797599795,-0.000146098972972776,0.000416989944965837,0.279251511778172
"bivt",5e-04,10000,"0.1",TRUE,0.000601284417837757,-0.000552211855236624,0.000184294472871919,-0.000135221910270786,0.000416989944965837,0.279251511778172
"bivt",5e-04,10000,"0.01",TRUE,0.0007127069018488,-0.000587336282321366,0.000295716956882963,-0.000170346337355528,0.000416989944965837,0.279251511778172
"bivt",5e-04,10000,"0.05",TRUE,0.000632871114225023,-0.000565237825383291,0.000215881169259186,-0.000148247880417454,0.000416989944965837,0.270772524901563
"bivt",5e-04,10000,"0.1",TRUE,0.000601046990161269,-0.000554789098294542,0.000184057045195432,-0.000137799153328705,0.000416989944965837,0.270772524901563
"bivt",5e-04,10000,"0.01",TRUE,0.000693783275009677,-0.000589562308004121,0.000276793330043839,-0.000172572363038283,0.000416989944965837,0.270772524901563
"bivt",5e-04,10000,"0.05",TRUE,0.000564511989463811,-0.000509112882750636,0.000203111800755682,-0.000147712694042506,0.000361400188708129,0.294286791879412
"bivt",5e-04,10000,"0.1",TRUE,0.000550420780195939,-0.000500779748508491,0.000189020591487809,-0.000139379559800362,0.000361400188708129,0.294286791879412
"bivt",5e-04,10000,"0.01",TRUE,0.000615375523297441,-0.000526279771375621,0.000253975334589311,-0.000164879582667492,0.000361400188708129,0.294286791879412
"bivt",5e-04,10000,"0.05",TRUE,0.000635327532330502,-0.000573058964401278,0.000218337587364665,-0.00015606901943544,0.000416989944965837,0.270553736396382
"bivt",5e-04,10000,"0.1",TRUE,0.000604694164176505,-0.000554656541627323,0.000187704219210668,-0.000137666596661485,0.000416989944965837,0.270553736396382
"bivt",5e-04,10000,"0.01",TRUE,0.000714961859263567,-0.000595306969607927,0.00029797191429773,-0.00017831702464209,0.000416989944965837,0.270553736396382
"bivt",5e-04,10000,"0.05",TRUE,0.000629607647863788,-0.000561916424200066,0.00021261770289795,-0.000144926479234229,0.000416989944965837,0.281230312581114
"bivt",5e-04,10000,"0.1",TRUE,0.000598129347009431,-0.000551337227999605,0.000181139402043593,-0.000134347283033768,0.000416989944965837,0.281230312581114
"bivt",5e-04,10000,"0.01",TRUE,0.000699464448352286,-0.000585151367034071,0.000282474503386449,-0.000168161422068234,0.000416989944965837,0.281230312581114
"bivt",5e-04,10000,"0.05",TRUE,0.000546209105109469,-0.000485961887000606,0.000220794469987628,-0.000160547251878764,0.000325414635121841,0.280294307588312
"bivt",5e-04,10000,"0.1",TRUE,0.000517920902931785,-0.000478345804977716,0.000192506267809944,-0.000152931169855875,0.000325414635121841,0.280294307588312
"bivt",5e-04,10000,"0.01",TRUE,0.000625219424989265,-0.000515260787193591,0.000299804789867424,-0.00018984615207175,0.000325414635121841,0.280294307588312
"bivt",5e-04,10000,"0.05",TRUE,0.00107237972452076,-0.000991420637359863,0.00024330088525694,-0.000162341798096043,0.000829078839263819,0.264956346906178
"bivt",5e-04,10000,"0.1",TRUE,0.00103882062591841,-0.000973213024005772,0.000209741786654592,-0.000144134184741953,0.000829078839263819,0.264956346906178
"bivt",5e-04,10000,"0.01",TRUE,0.00115911075649824,-0.00100987097269112,0.000330031917234422,-0.000180792133427298,0.000829078839263819,0.264956346906178
"bivt",5e-04,10000,"0.05",TRUE,0.000727050734926777,-0.000678001845674297,0.000218485480116944,-0.000169436590864463,0.000508565254809833,0.24333914383831
"bivt",5e-04,10000,"0.1",TRUE,0.000689546823941475,-0.000654481232540179,0.000180981569131641,-0.000145915977730345,0.000508565254809833,0.24333914383831
"bivt",5e-04,10000,"0.01",TRUE,0.000794970006947054,-0.000693319971799803,0.000286404752137221,-0.00018475471698997,0.000508565254809833,0.24333914383831
"bivt",5e-04,10000,"0.05",TRUE,0.000856808032098347,-0.000783272446605552,0.000256667467444518,-0.000183131881951723,0.000600140564653829,0.227474421984939
"bivt",5e-04,10000,"0.1",TRUE,0.000812055701752356,-0.000766497978326041,0.000211915137098527,-0.000166357413672212,0.000600140564653829,0.227474421984939
"bivt",5e-04,10000,"0.01",TRUE,0.000944056864891254,-0.000808365963052723,0.000343916300237424,-0.000208225398398894,0.000600140564653829,0.227474421984939
"bivt",5e-04,10000,"0.05",TRUE,0.000834775957363795,-0.000764036979809018,0.000234635392709966,-0.000163896415155188,0.000600140564653829,0.251044440280523
"bivt",5e-04,10000,"0.1",TRUE,0.000807326102416998,-0.000745337473157091,0.000207185537763168,-0.000145196908503262,0.000600140564653829,0.251044440280523
"bivt",5e-04,10000,"0.01",TRUE,0.000901877869463226,-0.000788671520734606,0.000301737304809397,-0.000188530956080776,0.000600140564653829,0.251044440280523
"bivt",5e-04,10000,"0.05",TRUE,0.000855619715438316,-0.000762324504587027,0.000255479150784486,-0.000162183939933197,0.000600140564653829,0.270065976537289
"bivt",5e-04,10000,"0.1",TRUE,0.000825049723884982,-0.000746741031385781,0.000224909159231152,-0.000146600466731952,0.000600140564653829,0.270065976537289
"bivt",5e-04,10000,"0.01",TRUE,0.000928081226607408,-0.000794957873127409,0.000327940661953578,-0.00019481730847358,0.000600140564653829,0.270065976537289
"bivt",5e-04,10000,"0.05",TRUE,0.000809986830314287,-0.000719396273767496,0.000255633920582455,-0.000165043364035664,0.000554352909731831,0.230459054620183
"bivt",5e-04,10000,"0.1",TRUE,0.000773928321109474,-0.000707352105504569,0.000219575411377643,-0.000152999195772737,0.000554352909731831,0.230459054620183
"bivt",5e-04,10000,"0.01",TRUE,0.000874272801435182,-0.000750246215504687,0.000319919891703351,-0.000195893305772856,0.000554352909731831,0.230459054620183
"bivt",5e-04,10000,"0.05",TRUE,0.000326762212377716,-0.000269356731101191,0.000194300298279577,-0.000136894817003051,0.000132461914098139,0.284692884007844
"bivt",5e-04,10000,"0.1",TRUE,0.000296545974386795,-0.000253461216249829,0.000164084060288656,-0.00012099930215169,0.000132461914098139,0.284692884007844
"bivt",5e-04,10000,"0.01",TRUE,0.000386603078152509,-0.000282863239111986,0.00025414116405437,-0.000150401325013847,0.000132461914098139,0.284692884007844
"bivt",5e-04,10000,"0.05",TRUE,0.000403993395864154,-0.000380679446987663,0.000134168517000021,-0.00011085456812353,0.000269824878864133,0.326091277686285
"bivt",5e-04,10000,"0.1",TRUE,0.00038443036111256,-0.00036939595902407,0.000114605482248427,-9.95710801599369e-05,0.000269824878864133,0.326091277686285
"bivt",5e-04,10000,"0.01",TRUE,0.000443117913809541,-0.000401813270155846,0.000173293034945407,-0.000131988391291713,0.000269824878864133,0.326091277686285
"bivt",5e-04,10000,"0.05",TRUE,0.000588153036509452,-0.000544629258122019,0.000171163091543615,-0.000127639313156182,0.000416989944965837,0.308806324967319
"bivt",5e-04,10000,"0.1",TRUE,0.000559389310814016,-0.000531806646417378,0.000142399365848179,-0.000114816701451541,0.000416989944965837,0.308806324967319
"bivt",5e-04,10000,"0.01",TRUE,0.00062828827826093,-0.000562841511143687,0.000211298333295093,-0.000145851566177849,0.000416989944965837,0.308806324967319
"bivt",5e-04,10000,"0.05",TRUE,0.000644763712584664,-0.000617598220810276,0.000146000559110541,-0.000118835067336153,0.000498763153474123,0.327395198821151
"bivt",5e-04,10000,"0.1",TRUE,0.000634132844091208,-0.00060544128693595,0.000135369690617085,-0.000106678133461827,0.000498763153474123,0.327395198821151
"bivt",5e-04,10000,"0.01",TRUE,0.000696348542624832,-0.000635705154890741,0.000197585389150709,-0.000136942001416617,0.000498763153474123,0.327395198821151
"bivt",5e-04,10000,"0.05",TRUE,0.000537741488410571,-0.000491974665419465,0.00021232685328873,-0.000166560030297624,0.000325414635121841,0.286934685686192
"bivt",5e-04,10000,"0.1",TRUE,0.000516646934845048,-0.000468410334148797,0.000191232299723207,-0.000142995699026955,0.000325414635121841,0.286934685686192
"bivt",5e-04,10000,"0.01",TRUE,0.00057607874795627,-0.000517115120003596,0.000250664112834429,-0.000191700484881755,0.000325414635121841,0.286934685686192
"bivt",5e-04,10000,"0.05",TRUE,0.000461167018964273,-0.000412003033764833,0.00018154003876443,-0.00013237605356499,0.000279626980199843,0.280298198454267
"bivt",5e-04,10000,"0.1",TRUE,0.000440640184065684,-0.000402817057721911,0.000161013203865841,-0.000123190077522068,0.000279626980199843,0.280298198454267
"bivt",5e-04,10000,"0.01",TRUE,0.000507683173659814,-0.000435845682476703,0.000228056193459971,-0.00015621870227686,0.000279626980199843,0.280298198454267
"bivt",5e-04,10000,"0.05",TRUE,0.000632975767716366,-0.00057162582265981,0.000215985822750529,-0.000154635877693973,0.000416989944965837,0.259622955457435
"bivt",5e-04,10000,"0.1",TRUE,0.00061049812809733,-0.000559944387351853,0.000193508183131492,-0.000142954442386016,0.000416989944965837,0.259622955457435
"bivt",5e-04,10000,"0.01",TRUE,0.000698406312910247,-0.000611737452096827,0.00028141636794441,-0.00019474750713099,0.000416989944965837,0.259622955457435
"bivt",5e-04,10000,"0.05",TRUE,0.000825311675092582,-0.000716478095518676,0.000270958765360751,-0.000162125185786845,0.000554352909731831,0.197992179325718
"bivt",5e-04,10000,"0.1",TRUE,0.000804789076445547,-0.000706024801394737,0.000250436166713715,-0.000151671891662906,0.000554352909731831,0.197992179325718
"bivt",5e-04,10000,"0.01",TRUE,0.000869119699470357,-0.000755246373292113,0.000314766789738525,-0.000200893463560281,0.000554352909731831,0.197992179325718
"bivt",5e-04,10000,"0.05",TRUE,0.00057103759813941,-0.000477534024968888,0.000245622963017569,-0.000152119389847047,0.000325414635121841,0.259664640889993
"bivt",5e-04,10000,"0.1",TRUE,0.000544644684978246,-0.000463847747550253,0.000219230049856405,-0.000138433112428412,0.000325414635121841,0.259664640889993
"bivt",5e-04,10000,"0.01",TRUE,0.000620207406791108,-0.000502354552178336,0.000294792771669267,-0.000176939917056495,0.000325414635121841,0.259664640889993
"bivt",5e-04,10000,"0.05",FALSE,0.000389204875254623,-0.000338174228157129,0.000165167651312488,-0.000114137004214994,0.000224037223942135,0.353034237507412
"bivt",5e-04,10000,"0.1",FALSE,0.000362873900090449,-0.000329662622440875,0.000138836676148314,-0.00010562539849874,0.000224037223942135,0.353034237507412
"bivt",5e-04,10000,"0.01",FALSE,0.000427042150426548,-0.000359868045192301,0.000203004926484413,-0.000135830821250166,0.000224037223942135,0.353034237507412
"bivt",5e-04,10000,"0.05",TRUE,0.000759268420773009,-0.000686160797986476,0.000250703165963176,-0.000177595543176643,0.000508565254809833,0.227567832416575
"bivt",5e-04,10000,"0.1",TRUE,0.00074218071399515,-0.000674638965048128,0.000233615459185317,-0.000166073710238294,0.000508565254809833,0.227567832416575
"bivt",5e-04,10000,"0.01",TRUE,0.000855671793498049,-0.000712682619046214,0.000347106538688216,-0.00020411736423638,0.000508565254809833,0.227567832416575
"bivt",5e-04,10000,"0.05",TRUE,0.000617173691675675,-0.000573252817004228,0.000200183746709837,-0.00015626287203839,0.000416989944965837,0.24921811776392
"bivt",5e-04,10000,"0.1",TRUE,0.000591528415796828,-0.000556055195451407,0.000174538470830991,-0.000139065250485569,0.000416989944965837,0.24921811776392
"bivt",5e-04,10000,"0.01",TRUE,0.000665768624777898,-0.000601907989093894,0.000248778679812061,-0.000184918044128057,0.000416989944965837,0.24921811776392
"bivt",5e-04,10000,"0.05",TRUE,0.00061165596757121,-0.000574383733555415,0.000194666022605372,-0.000157393788589578,0.000416989944965837,0.265436045993061
"bivt",5e-04,10000,"0.1",TRUE,0.000588872938199233,-0.000547971303503856,0.000171882993233396,-0.000130981358538019,0.000416989944965837,0.265436045993061
"bivt",5e-04,10000,"0.01",TRUE,0.000668341314062001,-0.000598030855367071,0.000251351369096164,-0.000181040910401233,0.000416989944965837,0.265436045993061
"bivt",5e-04,10000,"0.05",TRUE,0.000604042953693382,-0.000496518047689991,0.000278628318571541,-0.000171103412568149,0.000325414635121841,0.276123514747959
"bivt",5e-04,10000,"0.1",TRUE,0.000550521915539493,-0.000482782465820052,0.000225107280417651,-0.000157367830698211,0.000325414635121841,0.276123514747959
"bivt",5e-04,10000,"0.01",TRUE,0.000696552307627406,-0.000518612763913037,0.000371137672505564,-0.000193198128791196,0.000325414635121841,0.276123514747959
"bivt",5e-04,10000,"0.05",TRUE,0.000955907724646932,-0.00085668235738284,0.000264191850149106,-0.000164966482885014,0.000691715874497825,0.238040754890895
"bivt",5e-04,10000,"0.1",TRUE,0.000921259208107468,-0.000842986648446052,0.000229543333609643,-0.000151270773948227,0.000691715874497825,0.238040754890895
"bivt",5e-04,10000,"0.01",TRUE,0.00102189633440706,-0.000879167271874492,0.00033018045990923,-0.000187451397376667,0.000691715874497825,0.238040754890895
"bivt",5e-04,10000,"0.05",TRUE,0.000437470424345021,-0.000400368018553826,0.000167645545480888,-0.000130543139689693,0.000269824878864133,0.30904084978034
"bivt",5e-04,10000,"0.1",TRUE,0.000412430170553941,-0.000386060012641001,0.000142605291689807,-0.000116235133776868,0.000269824878864133,0.30904084978034
"bivt",5e-04,10000,"0.01",TRUE,0.000501338698576994,-0.000416840606519369,0.000231513819712861,-0.000147015727655236,0.000269824878864133,0.30904084978034
"bivt",5e-04,10000,"0.05",TRUE,0.000427000590280068,-0.000366028712474547,0.000193161265002223,-0.000132189387196701,0.000233839325277845,0.294453590249107
"bivt",5e-04,10000,"0.1",TRUE,0.000394872586413035,-0.000355842313436349,0.00016103326113519,-0.000122002988158504,0.000233839325277845,0.294453590249107
"bivt",5e-04,10000,"0.01",TRUE,0.000462209369809531,-0.000390623863828047,0.000228370044531686,-0.000156784538550202,0.000233839325277845,0.294453590249107
"bivt",5e-04,10000,"0.05",TRUE,0.000517754006268347,-0.000463065482945668,0.000202141472482216,-0.000147452949159537,0.000315612533786131,0.26411046550255
"bivt",5e-04,10000,"0.1",TRUE,0.000491458525083694,-0.000452178360489178,0.000175845991297563,-0.000136565826703046,0.000315612533786131,0.26411046550255
"bivt",5e-04,10000,"0.01",TRUE,0.000565368473382477,-0.000483076060452019,0.000249755939596345,-0.000167463526665887,0.000315612533786131,0.26411046550255
"bivt",5e-04,10000,"0.05",TRUE,0.00071066114857026,-0.000638450438248235,0.000247883548682424,-0.0001756728383604,0.000462777599887835,0.247362789519474
"bivt",5e-04,10000,"0.1",TRUE,0.000682167987095554,-0.000619761958647322,0.000219390387207719,-0.000156984358759487,0.000462777599887835,0.247362789519474
"bivt",5e-04,10000,"0.01",TRUE,0.000761665399756596,-0.000676100498769495,0.00029888779986876,-0.00021332289888166,0.000462777599887835,0.247362789519474
"bivt",5e-04,10000,"0.05",TRUE,0.000464804454449226,-0.000419269468636746,0.000185177474249383,-0.000139642488436902,0.000279626980199843,0.323271385148053
"bivt",5e-04,10000,"0.1",TRUE,0.000441606217414592,-0.000402675209662655,0.000161979237214749,-0.000123048229462811,0.000279626980199843,0.323271385148053
"bivt",5e-04,10000,"0.01",TRUE,0.000510439158283758,-0.00044071773760244,0.000230812178083915,-0.000161090757402596,0.000279626980199843,0.323271385148053
"bivt",5e-04,10000,"0.05",TRUE,0.000516613486016739,-0.000433511665183524,0.000236986505816895,-0.000153884684983681,0.000279626980199843,0.276097251169858
"bivt",5e-04,10000,"0.1",TRUE,0.000472719551624013,-0.000419190559694579,0.00019309257142417,-0.000139563579494735,0.000279626980199843,0.276097251169858
"bivt",5e-04,10000,"0.01",TRUE,0.000601467127523047,-0.000450520796057475,0.000321840147323203,-0.000170893815857632,0.000279626980199843,0.276097251169858
"bivt",5e-04,10000,"0.05",TRUE,0.000456545731549191,-0.000403866522893866,0.000186720852685058,-0.000134041644029733,0.000269824878864133,0.26824819464402
"bivt",5e-04,10000,"0.1",TRUE,0.000431476653045313,-0.000396980389402642,0.00016165177418118,-0.000127155510538509,0.000269824878864133,0.26824819464402
"bivt",5e-04,10000,"0.01",TRUE,0.000481633528301601,-0.000428229395775879,0.000211808649437468,-0.000158404516911746,0.000269824878864133,0.26824819464402
"bivt",5e-04,10000,"0.05",FALSE,0.00034888898093653,-0.000308632353855258,0.000160837310580683,-0.000120580683499411,0.000188051670355847,0.326938181994327
"bivt",5e-04,10000,"0.1",FALSE,0.000332518519319389,-0.000300140755591795,0.000144466848963542,-0.000112089085235948,0.000188051670355847,0.326938181994327
"bivt",5e-04,10000,"0.01",FALSE,0.000373881511645793,-0.000329661099744778,0.000185829841289946,-0.000141609429388931,0.000188051670355847,0.326938181994327
"bivt",5e-04,10000,"0.05",TRUE,0.000967937543557198,-0.000832178842114807,0.00032200932398137,-0.00018625062253898,0.000645928219575828,0.20415254047074
"bivt",5e-04,10000,"0.1",TRUE,0.000931614952139144,-0.000814887191680658,0.000285686732563316,-0.000168958972104831,0.000645928219575828,0.20415254047074
"bivt",5e-04,10000,"0.01",TRUE,0.00100950750792978,-0.000849094947340374,0.000363579288353956,-0.000203166727764546,0.000645928219575828,0.20415254047074
"bivt",5e-04,10000,"0.05",TRUE,0.000810680413619597,-0.000713561873750988,0.000256327503887765,-0.000159208964019157,0.000554352909731831,0.270664469310257
"bivt",5e-04,10000,"0.1",TRUE,0.000782678085433432,-0.000697759134723548,0.000228325175701601,-0.000143406224991717,0.000554352909731831,0.270664469310257
"bivt",5e-04,10000,"0.01",TRUE,0.00085793546464135,-0.000732178538893321,0.000303582554909519,-0.00017782562916149,0.000554352909731831,0.270664469310257
"bivt",5e-04,10000,"0.05",TRUE,0.000514150914735259,-0.000462070094198668,0.000188736279613418,-0.000136655459076827,0.000325414635121841,0.259048782226232
"bivt",5e-04,10000,"0.1",TRUE,0.000491891330499972,-0.000446012511638548,0.000166476695378131,-0.000120597876516707,0.000325414635121841,0.259048782226232
"bivt",5e-04,10000,"0.01",TRUE,0.000578310239881228,-0.000485880251264307,0.000252895604759387,-0.000160465616142465,0.000325414635121841,0.259048782226232
"bivt",5e-04,10000,"0.05",TRUE,0.000696013369343788,-0.000621483088664412,0.000233235769455953,-0.000158705488776577,0.000462777599887835,0.255476804411585
"bivt",5e-04,10000,"0.1",TRUE,0.000672158297934554,-0.000609308355954412,0.000209380698046719,-0.000146530756066577,0.000462777599887835,0.255476804411585
"bivt",5e-04,10000,"0.01",TRUE,0.000763541156834037,-0.000653867699551617,0.000300763556946202,-0.000191090099663782,0.000462777599887835,0.255476804411585
"bivt",5e-04,10000,"0.05",TRUE,0.000845862302623526,-0.000751858903588398,0.000245721737969697,-0.000151718338934569,0.000600140564653829,0.263837073990809
"bivt",5e-04,10000,"0.1",TRUE,0.000822760289943465,-0.000736370107336395,0.000222619725289635,-0.000136229542682566,0.000600140564653829,0.263837073990809
"bivt",5e-04,10000,"0.01",TRUE,0.000926603713249715,-0.000770490440599458,0.000326463148595885,-0.000170349875945628,0.000600140564653829,0.263837073990809
"bivt",5e-04,10000,"0.05",TRUE,0.000842170253283814,-0.000760761897177647,0.000242029688629985,-0.000160621332523817,0.000600140564653829,0.253815369474533
"bivt",5e-04,10000,"0.1",TRUE,0.000825145708729116,-0.000746578230185896,0.000225005144075286,-0.000146437665532067,0.000600140564653829,0.253815369474533
"bivt",5e-04,10000,"0.01",TRUE,0.000886689789991755,-0.0007853075378425,0.000286549225337926,-0.00018516697318867,0.000600140564653829,0.253815369474533
"bivt",5e-04,10000,"0.05",TRUE,0.000909479445921709,-0.000813992112548489,0.000263551226345881,-0.000168063892972661,0.000645928219575828,0.210041939195082
"bivt",5e-04,10000,"0.1",TRUE,0.000865086913974926,-0.000802566662199467,0.000219158694399098,-0.000156638442623639,0.000645928219575828,0.210041939195082
"bivt",5e-04,10000,"0.01",TRUE,0.000968246781721739,-0.00084860779438172,0.000322318562145911,-0.000202679574805893,0.000645928219575828,0.210041939195082
"bivt",5e-04,10000,"0.05",TRUE,0.000595651859749276,-0.000558457669642358,0.00014267636119715,-0.000105482171090233,0.000452975498552125,0.362354763795267
"bivt",5e-04,10000,"0.1",TRUE,0.00057911370303776,-0.000547948728587846,0.000126138204485635,-9.49732300357203e-05,0.000452975498552125,0.362354763795267
"bivt",5e-04,10000,"0.01",TRUE,0.000638533667330531,-0.000575924049814572,0.000185558168778406,-0.000122948551262446,0.000452975498552125,0.362354763795267
"bivt",5e-04,10000,"0.05",TRUE,0.000434457834787064,-0.000393929670634069,0.000154830854587221,-0.000114302690434226,0.000279626980199843,0.332916729875026
"bivt",5e-04,10000,"0.1",TRUE,0.000416037818734911,-0.000381847289736355,0.000136410838535068,-0.000102220309536512,0.000279626980199843,0.332916729875026
"bivt",5e-04,10000,"0.01",TRUE,0.000475008641258363,-0.000416737576454277,0.000195381661058519,-0.000137110596254433,0.000279626980199843,0.332916729875026
"bivt",5e-04,10000,"0.05",TRUE,0.000400796131033282,-0.000355282901696158,0.000176758907091147,-0.000131245677754023,0.000224037223942135,0.27779927050406
"bivt",5e-04,10000,"0.1",TRUE,0.000377386686336637,-0.000346505878173379,0.000153349462394502,-0.000122468654231243,0.000224037223942135,0.27779927050406
"bivt",5e-04,10000,"0.01",TRUE,0.000440363816306329,-0.000369392607053465,0.000216326592364194,-0.00014535538311133,0.000224037223942135,0.27779927050406
"bivt",5e-04,10000,"0.05",TRUE,0.000567881935664428,-0.000514823803800287,0.000196679645620588,-0.000143621513756447,0.000371202290043839,0.286516575650808
"bivt",5e-04,10000,"0.1",TRUE,0.00055229178677278,-0.000496992195925063,0.000181089496728941,-0.000125789905881224,0.000371202290043839,0.286516575650808
"bivt",5e-04,10000,"0.01",TRUE,0.000638545950294776,-0.000525938048706628,0.000267343660250937,-0.000154735758662789,0.000371202290043839,0.286516575650808
"bivt",5e-04,10000,"0.05",TRUE,0.00058979041295657,-0.000523595760774638,0.000218588122912731,-0.000152393470730799,0.000371202290043839,0.264220818329826
"bivt",5e-04,10000,"0.1",TRUE,0.00054971697528769,-0.000509950413632955,0.00017851468524385,-0.000138748123589116,0.000371202290043839,0.264220818329826
"bivt",5e-04,10000,"0.01",TRUE,0.000642220341033397,-0.000541488587487857,0.000271018050989558,-0.000170286297444018,0.000371202290043839,0.264220818329826
"bivt",5e-04,10000,"0.05",TRUE,0.0010323627115884,-0.00095501287954248,0.000249071527246579,-0.000171721695200658,0.000783291184341822,0.236112581774216
"bivt",5e-04,10000,"0.1",TRUE,0.00100908643388329,-0.000941711536523009,0.000225795249541468,-0.000158420352181187,0.000783291184341822,0.236112581774216
"bivt",5e-04,10000,"0.01",TRUE,0.00110220207013226,-0.000977509896531064,0.000318910885790434,-0.000194218712189242,0.000783291184341822,0.236112581774216
"bivt",5e-04,10000,"0.05",TRUE,0.000481927596910423,-0.00041521265356094,0.00020230061671058,-0.000135585673361097,0.000279626980199843,0.276997521578299
"bivt",5e-04,10000,"0.1",TRUE,0.00045013400733664,-0.000406771281734638,0.000170507027136797,-0.000127144301534795,0.000279626980199843,0.276997521578299
"bivt",5e-04,10000,"0.01",TRUE,0.000548669428832355,-0.000437835423436714,0.000269042448632511,-0.000158208443236871,0.000279626980199843,0.276997521578299
"bivt",5e-04,10000,"0.05",TRUE,0.000421818902705409,-0.000367530546616104,0.000197781678763274,-0.000143493322673969,0.000224037223942135,0.260533732951765
"bivt",5e-04,10000,"0.1",TRUE,0.000401593216432536,-0.000354312596602651,0.000177555992490401,-0.000130275372660516,0.000224037223942135,0.260533732951765
"bivt",5e-04,10000,"0.01",TRUE,0.00046834284637439,-0.000386180666560587,0.000244305622432255,-0.000162143442618452,0.000224037223942135,0.260533732951765
"bivt",5e-04,10000,"0.05",TRUE,0.000652772438212905,-0.000569927913497436,0.000235782493247068,-0.000152937968531599,0.000416989944965837,0.255941778400383
"bivt",5e-04,10000,"0.1",TRUE,0.000633797013344813,-0.000553675513984992,0.000216807068378976,-0.000136685569019154,0.000416989944965837,0.255941778400383
"bivt",5e-04,10000,"0.01",TRUE,0.000733001554165677,-0.00059408468117877,0.000316011609199839,-0.000177094736212933,0.000416989944965837,0.255941778400383
"bivt",5e-04,10000,"0.05",TRUE,0.000587778936602773,-0.000522415420966676,0.000216576646558934,-0.000151213130922837,0.000371202290043839,0.285150983060659
"bivt",5e-04,10000,"0.1",TRUE,0.000555989753275448,-0.000510209043225312,0.000184787463231609,-0.000139006753181473,0.000371202290043839,0.285150983060659
"bivt",5e-04,10000,"0.01",TRUE,0.000651909197422557,-0.000540845673201563,0.000280706907378718,-0.000169643383157723,0.000371202290043839,0.285150983060659
"bivt",5e-04,10000,"0.05",TRUE,0.000550519864786425,-0.000497683142949585,0.000189119676078296,-0.000136282954241455,0.000361400188708129,0.28035239955481
"bivt",5e-04,10000,"0.1",TRUE,0.000526044552451064,-0.000481874095296041,0.000164644363742935,-0.000120473906587912,0.000361400188708129,0.28035239955481
"bivt",5e-04,10000,"0.01",TRUE,0.000608714544638859,-0.000513845660580297,0.00024731435593073,-0.000152445471872168,0.000361400188708129,0.28035239955481
"bivt",5e-04,10000,"0.05",TRUE,0.000540012697371224,-0.000498985842008258,0.000168810407327385,-0.000127783551964419,0.000371202290043839,0.297087105178743
"bivt",5e-04,10000,"0.1",TRUE,0.000523734132839925,-0.00048462384528047,0.000152531842796086,-0.000113421555236631,0.000371202290043839,0.297087105178743
"bivt",5e-04,10000,"0.01",TRUE,0.000598951640186886,-0.000523606405257517,0.000227749350143047,-0.000152404115213677,0.000371202290043839,0.297087105178743
"bivt",5e-04,10000,"0.05",TRUE,0.00041047141467945,-0.000365007625765848,0.000176632089401605,-0.000131168300488002,0.000233839325277845,0.286673753491392
"bivt",5e-04,10000,"0.1",TRUE,0.00038577111528951,-0.000351419297056081,0.000151931790011665,-0.000117579971778236,0.000233839325277845,0.286673753491392
"bivt",5e-04,10000,"0.01",TRUE,0.000457412729636795,-0.000382960677270005,0.00022357340435895,-0.00014912135199216,0.000233839325277845,0.286673753491392
"bivt",5e-04,10000,"0.05",TRUE,0.000832507468619702,-0.000761405170818968,0.000232366903965872,-0.000161264606165139,0.000600140564653829,0.278463410142447
"bivt",5e-04,10000,"0.1",TRUE,0.000801775059472153,-0.000749476208162725,0.000201634494818324,-0.000149335643508896,0.000600140564653829,0.278463410142447
"bivt",5e-04,10000,"0.01",TRUE,0.000892567869146827,-0.000785119739264562,0.000292427304492998,-0.000184979174610733,0.000600140564653829,0.278463410142447
"bivt",5e-04,10000,"0.05",TRUE,0.000512756656634542,-0.00045166031717768,0.000233129676434699,-0.000172033336977837,0.000279626980199843,0.246995633277268
"bivt",5e-04,10000,"0.1",TRUE,0.000486419113775154,-0.000433112372022856,0.00020679213357531,-0.000153485391823012,0.000279626980199843,0.246995633277268
"bivt",5e-04,10000,"0.01",TRUE,0.000570741518241413,-0.000472647215815074,0.000291114538041569,-0.00019302023561523,0.000279626980199843,0.246995633277268
"bivt",5e-04,10000,"0.05",TRUE,0.000583731326542911,-0.000518166515139709,0.000212529036499072,-0.00014696422509587,0.000371202290043839,0.264242519277393
"bivt",5e-04,10000,"0.1",TRUE,0.000554674402078648,-0.000506905170659362,0.000183472112034809,-0.000135702880615523,0.000371202290043839,0.264242519277393
"bivt",5e-04,10000,"0.01",TRUE,0.000654096090976972,-0.000539129833364134,0.000282893800933132,-0.000167927543320295,0.000371202290043839,0.264242519277393
"bivt",5e-04,10000,"0.05",TRUE,0.000728869714509001,-0.000672280514345499,0.000220304459699168,-0.000163715259535666,0.000508565254809833,0.254241901608646
"bivt",5e-04,10000,"0.1",TRUE,0.000697363632495069,-0.000658517691479614,0.000188798377685235,-0.000149952436669781,0.000508565254809833,0.254241901608646
"bivt",5e-04,10000,"0.01",TRUE,0.000790620102023923,-0.000698483934887959,0.00028205484721409,-0.000189918680078126,0.000508565254809833,0.254241901608646
"bivt",5e-04,10000,"0.05",TRUE,0.000904691714947624,-0.000798560761511074,0.000258763495371796,-0.000152632541935246,0.000645928219575828,0.253212560538728
"bivt",5e-04,10000,"0.1",TRUE,0.000862242208292938,-0.000783785041435232,0.00021631398871711,-0.000137856821859405,0.000645928219575828,0.253212560538728
"bivt",5e-04,10000,"0.01",TRUE,0.000957777894347316,-0.000828924662142333,0.000311849674771489,-0.000182996442566506,0.000645928219575828,0.253212560538728
"bivt",5e-04,10000,"0.05",TRUE,0.00053849655284335,-0.000471373426274615,0.000213081917721508,-0.000145958791152774,0.000325414635121841,0.276802389212489
"bivt",5e-04,10000,"0.1",TRUE,0.000510689485835846,-0.000460589143528848,0.000185274850714005,-0.000135174508407007,0.000325414635121841,0.276802389212489
"bivt",5e-04,10000,"0.01",TRUE,0.000596440287860378,-0.000490060786191,0.000271025652738537,-0.000164646151069159,0.000325414635121841,0.276802389212489
"bivt",5e-04,10000,"0.05",TRUE,0.000577911629782674,-0.000463061784724354,0.000252496994660833,-0.000137647149602513,0.000325414635121841,0.279898719189798
"bivt",5e-04,10000,"0.1",TRUE,0.00053190825876449,-0.000452099199555054,0.000206493623642648,-0.000126684564433213,0.000325414635121841,0.279898719189798
"bivt",5e-04,10000,"0.01",TRUE,0.000641040988618058,-0.000490478158189949,0.000315626353496217,-0.000165063523068108,0.000325414635121841,0.279898719189798
"bivt",5e-04,10000,"0.05",TRUE,0.000626158811357091,-0.000564623346075809,0.000209168866391254,-0.000147633401109971,0.000416989944965837,0.267297595815934
"bivt",5e-04,10000,"0.1",TRUE,0.000596445045884516,-0.000552077332194346,0.000179455100918678,-0.000135087387228509,0.000416989944965837,0.267297595815934
"bivt",5e-04,10000,"0.01",TRUE,0.000682514909742128,-0.000590378575048817,0.000265524964776291,-0.00017338863008298,0.000416989944965837,0.267297595815934
"bivt",5e-04,10000,"0.05",TRUE,0.00111664329195658,-0.000983213840343656,0.00028756445269276,-0.000154135001079837,0.000829078839263819,0.259638440061118
"bivt",5e-04,10000,"0.1",TRUE,0.00105683474736965,-0.000968824630326488,0.00022775590810583,-0.000139745791062669,0.000829078839263819,0.259638440061118
"bivt",5e-04,10000,"0.01",TRUE,0.00118197157322151,-0.00100626072091104,0.000352892733957687,-0.00017718188164722,0.000829078839263819,0.259638440061118
"bivt",5e-04,10000,"0.05",TRUE,0.000512699060705367,-0.000450512596695147,0.000197086526919236,-0.000134900062909016,0.000315612533786131,0.295971113376352
"bivt",5e-04,10000,"0.1",TRUE,0.00049072524226915,-0.000438654678467062,0.000175112708483019,-0.00012304214468093,0.000315612533786131,0.295971113376352
"bivt",5e-04,10000,"0.01",TRUE,0.000566657380142901,-0.000466906170074144,0.00025104484635677,-0.000151293636288013,0.000315612533786131,0.295971113376352
"bivt",5e-04,10000,"0.05",TRUE,0.00061419281155987,-0.000559655384446185,0.000197202866594033,-0.000142665439480348,0.000416989944965837,0.243873391487407
"bivt",5e-04,10000,"0.1",TRUE,0.000583228986061755,-0.000545778119030242,0.000166239041095918,-0.000128788174064405,0.000416989944965837,0.243873391487407
"bivt",5e-04,10000,"0.01",TRUE,0.000672862177251395,-0.000579166543220567,0.000255872232285558,-0.00016217659825473,0.000416989944965837,0.243873391487407
"bivt",5e-04,10000,"0.05",TRUE,0.000940615439260918,-0.000880554234397906,0.000203111909841094,-0.000143050704978082,0.000737503529419824,0.283936193139379
"bivt",5e-04,10000,"0.1",TRUE,0.000918725903226445,-0.000867414405560426,0.000181222373806621,-0.000129910876140603,0.000737503529419824,0.283936193139379
"bivt",5e-04,10000,"0.01",TRUE,0.000994887129653261,-0.000899012529730002,0.000257383600233437,-0.000161509000310178,0.000737503529419824,0.283936193139379
"bivt",5e-04,10000,"0.05",TRUE,0.000546175572953473,-0.000496857927717691,0.000174973282909634,-0.000125655637673851,0.000371202290043839,0.302675893010736
"bivt",5e-04,10000,"0.1",TRUE,0.000516389317617201,-0.000484699163265922,0.000145187027573361,-0.000113496873222083,0.000371202290043839,0.302675893010736
"bivt",5e-04,10000,"0.01",TRUE,0.00060277905432294,-0.000515663371097643,0.000231576764279101,-0.000144461081053803,0.000371202290043839,0.302675893010736
"bivt",5e-04,10000,"0.05",TRUE,0.000469294671216444,-0.00042994731845634,0.000189667691016601,-0.000150320338256497,0.000279626980199843,0.29672510031685
"bivt",5e-04,10000,"0.1",TRUE,0.000450048187929017,-0.000410476844184284,0.000170421207729174,-0.000130849863984441,0.000279626980199843,0.29672510031685
"bivt",5e-04,10000,"0.01",TRUE,0.000513743025056141,-0.000455533506457257,0.000234116044856298,-0.000175906526257413,0.000279626980199843,0.29672510031685
"bivt",5e-04,10000,"0.05",TRUE,0.000297992656052677,-0.000250039177121008,0.000165530741954538,-0.000117577263022869,0.000132461914098139,0.301611479631221
"bivt",5e-04,10000,"0.1",TRUE,0.000270014467290007,-0.000234178171410739,0.000137552553191868,-0.0001017162573126,0.000132461914098139,0.301611479631221
"bivt",5e-04,10000,"0.01",TRUE,0.000352216835149845,-0.000266687368103635,0.000219754921051706,-0.000134225454005496,0.000132461914098139,0.301611479631221
"bivt",5e-04,10000,"0.05",TRUE,0.000773238388258432,-0.00073379525018864,0.000173097823604602,-0.000133654685534811,0.000600140564653829,0.264113905443993
"bivt",5e-04,10000,"0.1",TRUE,0.000749195136192675,-0.000725130914214921,0.000149054571538846,-0.000124990349561092,0.000600140564653829,0.264113905443993
"bivt",5e-04,10000,"0.01",TRUE,0.000814306372734306,-0.000745783088056899,0.000214165808080476,-0.000145642523403069,0.000600140564653829,0.264113905443993
"bivt",5e-04,10000,"0.05",TRUE,0.000735191015306344,-0.000670581525426485,0.000226625760496511,-0.000162016270616652,0.000508565254809833,0.244074046651922
"bivt",5e-04,10000,"0.1",TRUE,0.000694923169047263,-0.000664012630332121,0.000186357914237429,-0.000155447375522287,0.000508565254809833,0.244074046651922
"bivt",5e-04,10000,"0.01",TRUE,0.000820811996904858,-0.000688337034217378,0.000312246742095025,-0.000179771779407545,0.000508565254809833,0.244074046651922
"bivt",5e-04,10000,"0.05",TRUE,0.000531401606349489,-0.000479013353146322,0.000205986971227647,-0.000153598718024481,0.000325414635121841,0.278149633031935
"bivt",5e-04,10000,"0.1",TRUE,0.000503036125080549,-0.000465600888229841,0.000177621489958708,-0.000140186253108,0.000325414635121841,0.278149633031935
"bivt",5e-04,10000,"0.01",TRUE,0.000601848167627785,-0.000512907587608265,0.000276433532505944,-0.000187492952486424,0.000325414635121841,0.278149633031935
"bivt",5e-04,10000,"0.05",TRUE,0.000539557864154136,-0.000507412273567791,0.000168355574110297,-0.000136209983523952,0.000371202290043839,0.287598278599675
"bivt",5e-04,10000,"0.1",TRUE,0.000527948330448399,-0.000494717623769083,0.00015674604040456,-0.000123515333725244,0.000371202290043839,0.287598278599675
"bivt",5e-04,10000,"0.01",TRUE,0.000579123765747849,-0.000534036221194885,0.00020792147570401,-0.000162833931151046,0.000371202290043839,0.287598278599675
"bivt",5e-04,10000,"0.05",TRUE,0.000818025944537861,-0.000718019398208432,0.00026367303480603,-0.000163666488476601,0.000554352909731831,0.256613146948106
"bivt",5e-04,10000,"0.1",TRUE,0.000786001813068509,-0.000702964873612139,0.000231648903336678,-0.000148611963880307,0.000554352909731831,0.256613146948106
"bivt",5e-04,10000,"0.01",TRUE,0.00091754537138257,-0.000739827770431871,0.000363192461650738,-0.00018547486070004,0.000554352909731831,0.256613146948106
"bivt",5e-04,10000,"0.05",TRUE,0.000734916775591594,-0.000663935807155022,0.00022635152078176,-0.000155370552345188,0.000508565254809833,0.298796264398301
"bivt",5e-04,10000,"0.1",TRUE,0.000698312530459226,-0.000655097466572311,0.000189747275649393,-0.000146532211762477,0.000508565254809833,0.298796264398301
"bivt",5e-04,10000,"0.01",TRUE,0.000809223547974181,-0.000685923656896548,0.000300658293164347,-0.000177358402086715,0.000508565254809833,0.298796264398301
"bivt",5e-04,10000,"0.05",TRUE,0.000612393248563744,-0.000556635887670179,0.000205205404933617,-0.000149448044040051,0.000407187843630127,0.244857390195007
"bivt",5e-04,10000,"0.1",TRUE,0.000579399876713245,-0.000543961143339488,0.000172212033083118,-0.000136773299709361,0.000407187843630127,0.244857390195007
"bivt",5e-04,10000,"0.01",TRUE,0.000672844658164791,-0.000585021712668303,0.000265656814534663,-0.000177833869038176,0.000407187843630127,0.244857390195007
"bivt",5e-04,10000,"0.05",TRUE,0.000401208536668496,-0.000356892213542096,0.000177171312726361,-0.000132854989599961,0.000224037223942135,0.282172013483841
"bivt",5e-04,10000,"0.1",TRUE,0.000380434634288716,-0.000344463710821955,0.000156397410346581,-0.00012042648687982,0.000224037223942135,0.282172013483841
"bivt",5e-04,10000,"0.01",TRUE,0.000447537099597116,-0.00037728510713248,0.000223499875654981,-0.000153247883190345,0.000224037223942135,0.282172013483841
"bivt",5e-04,10000,"0.05",TRUE,0.000706259511566244,-0.000630549746202174,0.000243481911678408,-0.000167772146314338,0.000462777599887835,0.236091224094903
"bivt",5e-04,10000,"0.1",TRUE,0.000680354747514849,-0.000622678455365921,0.000217577147627014,-0.000159900855478085,0.000462777599887835,0.236091224094903
"bivt",5e-04,10000,"0.01",TRUE,0.000760081960936013,-0.00065569360631601,0.000297304361048178,-0.000192916006428175,0.000462777599887835,0.236091224094903
"bivt",5e-04,10000,"0.05",TRUE,0.000684074252779933,-0.000612669745992931,0.000221296652892098,-0.000149892146105096,0.000462777599887835,0.242540914923257
"bivt",5e-04,10000,"0.1",TRUE,0.000665001802072848,-0.000598105060499014,0.000202224202185012,-0.000135327460611179,0.000462777599887835,0.242540914923257
"bivt",5e-04,10000,"0.01",TRUE,0.00074514363465501,-0.000652112645261239,0.000282366034767174,-0.000189335045373404,0.000462777599887835,0.242540914923257
"bivt",5e-04,10000,"0.05",TRUE,0.000420692941684448,-0.000380928258812481,0.000150868062820315,-0.000111103379948348,0.000269824878864133,0.344095967211688
"bivt",5e-04,10000,"0.1",TRUE,0.000395402884706262,-0.000371802114118833,0.000125578005842129,-0.0001019772352547,0.000269824878864133,0.344095967211688
"bivt",5e-04,10000,"0.01",TRUE,0.00045925760804722,-0.000406106877375639,0.000189432729183087,-0.000136281998511506,0.000269824878864133,0.344095967211688
"bivt",5e-04,10000,"0.05",TRUE,0.00057734552815996,-0.000522735521152089,0.000206143238116121,-0.00015153323110825,0.000371202290043839,0.242592654396795
"bivt",5e-04,10000,"0.1",TRUE,0.000554966729405127,-0.000509893428952956,0.000183764439361288,-0.000138691138909117,0.000371202290043839,0.242592654396795
"bivt",5e-04,10000,"0.01",TRUE,0.000648757223556056,-0.000551503178936099,0.000277554933512217,-0.00018030088889226,0.000371202290043839,0.242592654396795
"bivt",5e-04,10000,"0.05",TRUE,0.000597648833358065,-0.000530264872397335,0.000226446543314226,-0.000159062582353496,0.000371202290043839,0.247675661635117
"bivt",5e-04,10000,"0.1",TRUE,0.000578317360741415,-0.000520344575117875,0.000207115070697576,-0.000149142285074036,0.000371202290043839,0.247675661635117
"bivt",5e-04,10000,"0.01",TRUE,0.000651480639246017,-0.000551690527290621,0.000280278349202178,-0.000180488237246782,0.000371202290043839,0.247675661635117
"bivt",5e-04,10000,"0.05",TRUE,0.000936696475088749,-0.000885390666471175,0.000199192945668925,-0.000147887137051351,0.000737503529419824,0.256284528186146
"bivt",5e-04,10000,"0.1",TRUE,0.000906771947050336,-0.000871535698499579,0.000169268417630512,-0.000134032169079755,0.000737503529419824,0.256284528186146
"bivt",5e-04,10000,"0.01",TRUE,0.000989378018663665,-0.000907920226511735,0.000251874489243842,-0.000170416697091911,0.000737503529419824,0.256284528186146
"bivt",5e-04,10000,"0.05",TRUE,0.000808732451062208,-0.000741998722127062,0.000208591886408378,-0.000141858157473232,0.000600140564653829,0.276787147156543
"bivt",5e-04,10000,"0.1",TRUE,0.000768639420596967,-0.000724856502448402,0.000168498855943137,-0.000124715937794572,0.000600140564653829,0.276787147156543
"bivt",5e-04,10000,"0.01",TRUE,0.000869568096849949,-0.000759899737250723,0.00026942753219612,-0.000159759172596893,0.000600140564653829,0.276787147156543
"bivt",5e-04,10000,"0.05",TRUE,0.00121908410019441,-0.00116829415092397,0.000252642296164599,-0.000201852346894158,0.000966441804029813,0.208168822954539
"bivt",5e-04,10000,"0.1",TRUE,0.00118321014128139,-0.00115283466237259,0.000216768337251573,-0.000186392858342778,0.000966441804029813,0.208168822954539
"bivt",5e-04,10000,"0.01",TRUE,0.00133300252650916,-0.00119618827233291,0.000366560722479347,-0.000229746468303096,0.000966441804029813,0.208168822954539
"bivt",5e-04,10000,"0.05",TRUE,0.000886124743645686,-0.000772837902915323,0.000285984178991857,-0.000172697338261494,0.000600140564653829,0.223657669675833
"bivt",5e-04,10000,"0.1",TRUE,0.000839577282407206,-0.000762501912625037,0.000239436717753376,-0.000162361347971207,0.000600140564653829,0.223657669675833
"bivt",5e-04,10000,"0.01",TRUE,0.000962238302733128,-0.000803855587018948,0.000362097738079299,-0.000203715022365119,0.000600140564653829,0.223657669675833
"bivt",5e-04,10000,"0.05",TRUE,0.000966338344978448,-0.000861869828705256,0.000274622470480623,-0.000170153954207431,0.000691715874497825,0.221973491179379
"bivt",5e-04,10000,"0.1",TRUE,0.000923695437341223,-0.000850063068565079,0.000231979562843397,-0.000158347194067253,0.000691715874497825,0.221973491179379
"bivt",5e-04,10000,"0.01",TRUE,0.00104986781809902,-0.000882544052662294,0.000358151943601193,-0.000190828178164468,0.000691715874497825,0.221973491179379
"bivt",5e-04,10000,"0.05",TRUE,0.000514623166319001,-0.000468146112947171,0.00018920853119716,-0.00014273147782533,0.000325414635121841,0.27643300655496
"bivt",5e-04,10000,"0.1",TRUE,0.000494217573885375,-0.000452939096052574,0.000168802938763534,-0.000127524460930733,0.000325414635121841,0.27643300655496
"bivt",5e-04,10000,"0.01",TRUE,0.000559310936042139,-0.000483895937849377,0.000233896300920298,-0.000158481302727535,0.000325414635121841,0.27643300655496
"bivt",5e-04,10000,"0.05",TRUE,0.000819525028583114,-0.000662044772986303,0.00031095977377328,-0.000153479518176469,0.000508565254809833,0.296258023560525
"bivt",5e-04,10000,"0.1",TRUE,0.000776687785324541,-0.000641300208612965,0.000268122530514707,-0.000132734953803131,0.000508565254809833,0.296258023560525
"bivt",5e-04,10000,"0.01",TRUE,0.000853759440806799,-0.00068915959514974,0.000345194185996965,-0.000180594340339907,0.000508565254809833,0.296258023560525
"bivt",5e-04,10000,"0.05",TRUE,0.000781371265752492,-0.000707244235345988,0.000227018356020661,-0.000152891325614156,0.000554352909731831,0.26761784123177
"bivt",5e-04,10000,"0.1",TRUE,0.000744969956001184,-0.000696952439985272,0.000190617046269352,-0.000142599530253441,0.000554352909731831,0.26761784123177
"bivt",5e-04,10000,"0.01",TRUE,0.000842404677684216,-0.000730466794424638,0.000288051767952385,-0.000176113884692807,0.000554352909731831,0.26761784123177
"bivt",5e-04,10000,"0.05",TRUE,0.000656989697234148,-0.000548234669954564,0.000239999752268311,-0.000131244724988727,0.000416989944965837,0.312389783694955
"bivt",5e-04,10000,"0.1",TRUE,0.000607030599300917,-0.000537867639257565,0.00019004065433508,-0.000120877694291728,0.000416989944965837,0.312389783694955
"bivt",5e-04,10000,"0.01",TRUE,0.000719396906232703,-0.000570628456957284,0.000302406961266866,-0.000153638511991447,0.000416989944965837,0.312389783694955
"bivt",5e-04,10000,"0.05",TRUE,0.000476798028836159,-0.000382124816181151,0.000242958703558314,-0.000148285490903305,0.000233839325277845,0.257204743489693
"bivt",5e-04,10000,"0.1",TRUE,0.000441918325945378,-0.000370009768105598,0.000208079000667533,-0.000136170442827753,0.000233839325277845,0.257204743489693
"bivt",5e-04,10000,"0.01",TRUE,0.000515344325249484,-0.000410355329732983,0.000281504999971639,-0.000176516004455138,0.000233839325277845,0.257204743489693
"bivt",5e-04,10000,"0.05",TRUE,0.000385906962154438,-0.000349227221292261,0.000197855291798591,-0.000161175550936413,0.000188051670355847,0.280133296379705
"bivt",5e-04,10000,"0.1",TRUE,0.000361274342589125,-0.000335987862031691,0.000173222672233278,-0.000147936191675844,0.000188051670355847,0.280133296379705
"bivt",5e-04,10000,"0.01",TRUE,0.000442515645968383,-0.000380110454844268,0.000254463975612535,-0.000192058784488421,0.000188051670355847,0.280133296379705
"bivt",5e-04,10000,"0.05",TRUE,0.000511977613352888,-0.000460007573196608,0.000186562978231047,-0.000134592938074767,0.000325414635121841,0.294225437450289
"bivt",5e-04,10000,"0.1",TRUE,0.000485719390953828,-0.000445491780449305,0.000160304755831987,-0.000120077145327464,0.000325414635121841,0.294225437450289
"bivt",5e-04,10000,"0.01",TRUE,0.000567648600021921,-0.000483420469172129,0.00024223396490008,-0.000158005834050288,0.000325414635121841,0.294225437450289
"bivt",5e-04,10000,"0.05",TRUE,0.000582871649505914,-0.000550864933329061,0.000175683805875787,-0.000143677089698934,0.000407187843630127,0.280606151314572
"bivt",5e-04,10000,"0.1",TRUE,0.000557111584036314,-0.000540086259200654,0.000149923740406186,-0.000132898415570527,0.000407187843630127,0.280606151314572
"bivt",5e-04,10000,"0.01",TRUE,0.000629437274013707,-0.000578804673256387,0.000222249430383579,-0.000171616829626259,0.000407187843630127,0.280606151314572
"bivt",5e-04,10000,"0.05",TRUE,0.000737383205363038,-0.00066148744448554,0.000228817950553204,-0.000152922189675707,0.000508565254809833,0.269278104576493
"bivt",5e-04,10000,"0.1",TRUE,0.00069270757302612,-0.000649740600885155,0.000184142318216286,-0.000141175346075321,0.000508565254809833,0.269278104576493
"bivt",5e-04,10000,"0.01",TRUE,0.000807472586534963,-0.000681914522489963,0.00029890733172513,-0.00017334926768013,0.000508565254809833,0.269278104576493
"bivt",5e-04,10000,"0.05",TRUE,0.000651688171021306,-0.000605099805481881,0.000188910571133471,-0.000142322205594046,0.000462777599887835,0.285380339486148
"bivt",5e-04,10000,"0.1",TRUE,0.000632485301025754,-0.000593432403146065,0.000169707701137919,-0.000130654803258229,0.000462777599887835,0.285380339486148
"bivt",5e-04,10000,"0.01",TRUE,0.00070567697070692,-0.000633892837225245,0.000242899370819084,-0.00017111523733741,0.000462777599887835,0.285380339486148
"bivt",5e-04,10000,"0.05",TRUE,0.000843166718030635,-0.000760653917117044,0.000243026153376806,-0.000160513352463214,0.000600140564653829,0.245217269134603
"bivt",5e-04,10000,"0.1",TRUE,0.000811260984998395,-0.000752759361437639,0.000211120420344566,-0.000152618796783809,0.000600140564653829,0.245217269134603
"bivt",5e-04,10000,"0.01",TRUE,0.000904999534728962,-0.000779543827360333,0.000304858970075132,-0.000179403262706504,0.000600140564653829,0.245217269134603
"bivt",5e-04,10000,"0.05",TRUE,0.000724658689910823,-0.000609703575747585,0.000261881090022988,-0.00014692597585975,0.000462777599887835,0.304027335151742
"bivt",5e-04,10000,"0.1",TRUE,0.000664002095554699,-0.000603785116647666,0.000201224495666864,-0.000141007516759831,0.000462777599887835,0.304027335151742
"bivt",5e-04,10000,"0.01",TRUE,0.000798439324397803,-0.000629277049873987,0.000335661724509968,-0.000166499449986152,0.000462777599887835,0.304027335151742
"bivt",5e-04,10000,"0.05",TRUE,0.000440603537740194,-0.000417738238873186,0.00016097655754035,-0.000138111258673343,0.000279626980199843,0.290608431217122
"bivt",5e-04,10000,"0.1",TRUE,0.000423952277602416,-0.000404099529181766,0.000144325297402573,-0.000124472548981923,0.000279626980199843,0.290608431217122
"bivt",5e-04,10000,"0.01",TRUE,0.000491385057305561,-0.000440719140176913,0.000211758077105718,-0.00016109215997707,0.000279626980199843,0.290608431217122
"bivt",5e-04,10000,"0.05",TRUE,0.000727470595810533,-0.000652779916537162,0.000218905341000699,-0.000144214661727328,0.000508565254809833,0.27654106679313
"bivt",5e-04,10000,"0.1",TRUE,0.000700363410800046,-0.000641719445741719,0.000191798155990213,-0.000133154190931886,0.000508565254809833,0.27654106679313
"bivt",5e-04,10000,"0.01",TRUE,0.000817439788330759,-0.000676471031811068,0.000308874533520926,-0.000167905777001234,0.000508565254809833,0.27654106679313
"bivt",5e-04,10000,"0.05",TRUE,0.00103270343881291,-0.000939932902377633,0.000249412254471088,-0.000156641718035811,0.000783291184341822,0.244412922813026
"bivt",5e-04,10000,"0.1",TRUE,0.0009982041530745,-0.000930382514455921,0.000214912968732678,-0.000147091330114099,0.000783291184341822,0.244412922813026
"bivt",5e-04,10000,"0.01",TRUE,0.00109407601654554,-0.000968229532204697,0.000310784832203721,-0.000184938347862876,0.000783291184341822,0.244412922813026
"bivt",5e-04,10000,"0.05",TRUE,0.000940351467933388,-0.000817624933084956,0.00029442324835756,-0.000171696713509129,0.000645928219575828,0.252522637552636
"bivt",5e-04,10000,"0.1",TRUE,0.000886260417250383,-0.00080067495753456,0.000240332197674555,-0.000154746737958732,0.000645928219575828,0.252522637552636
"bivt",5e-04,10000,"0.01",TRUE,0.00101511153868083,-0.000840351537268915,0.000369183319104998,-0.000194423317693087,0.000645928219575828,0.252522637552636
"bivt",5e-04,10000,"0.05",TRUE,0.000724944873184431,-0.000666292364642453,0.000216379618374598,-0.00015772710983262,0.000508565254809833,0.286558299515848
"bivt",5e-04,10000,"0.1",TRUE,0.00071512546719608,-0.000650080388668949,0.000206560212386246,-0.000141515133859115,0.000508565254809833,0.286558299515848
"bivt",5e-04,10000,"0.01",TRUE,0.000770445628874058,-0.000690413166967541,0.000261880374064225,-0.000181847912157707,0.000508565254809833,0.286558299515848
"bivt",5e-04,10000,"0.05",TRUE,0.000571335266464229,-0.000511255632487026,0.00020013297642039,-0.000140053342443187,0.000371202290043839,0.292233332889366
"bivt",5e-04,10000,"0.1",TRUE,0.000549217086656634,-0.000497856186659852,0.000178014796612794,-0.000126653896616013,0.000371202290043839,0.292233332889366
"bivt",5e-04,10000,"0.01",TRUE,0.000637595905372106,-0.000537673561571982,0.000266393615328267,-0.000166471271528143,0.000371202290043839,0.292233332889366
"bivt",5e-04,10000,"0.05",TRUE,0.000664199108336764,-0.000626698758317814,0.00016543595486264,-0.000127935604843691,0.000498763153474123,0.286792647733874
"bivt",5e-04,10000,"0.1",TRUE,0.000640596387960787,-0.000609956256001579,0.000141833234486664,-0.000111193102527456,0.000498763153474123,0.286792647733874
"bivt",5e-04,10000,"0.01",TRUE,0.000702143081185325,-0.000654728943924122,0.000203379927711202,-0.000155965790449999,0.000498763153474123,0.286792647733874
"bivt",5e-04,10000,"0.05",TRUE,0.000650819908372245,-0.00060042949836555,0.00018804230848441,-0.000137651898477715,0.000462777599887835,0.304062505801861
"bivt",5e-04,10000,"0.1",TRUE,0.000626467045979372,-0.000588199305519592,0.000163689446091536,-0.000125421705631756,0.000462777599887835,0.304062505801861
"bivt",5e-04,10000,"0.01",TRUE,0.000698379587516683,-0.00062429641304218,0.000235601987628848,-0.000161518813154344,0.000462777599887835,0.304062505801861
"bivt",5e-04,10000,"0.05",TRUE,0.000695097494388148,-0.000626114947166517,0.000232319894500313,-0.000163337347278682,0.000462777599887835,0.238306200109464
"bivt",5e-04,10000,"0.1",TRUE,0.00066703140284407,-0.000609091141204759,0.000204253802956235,-0.000146313541316924,0.000462777599887835,0.238306200109464
"bivt",5e-04,10000,"0.01",TRUE,0.000757595719435266,-0.000653545366961216,0.00029481811954743,-0.00019076776707338,0.000462777599887835,0.238306200109464
"bivt",5e-04,10000,"0.05",TRUE,0.000453900177920586,-0.000403223311153782,0.000174273197720743,-0.000123596330953939,0.000279626980199843,0.320684487051171
"bivt",5e-04,10000,"0.1",TRUE,0.000427996630028477,-0.000390154236789201,0.000148369649828634,-0.000110527256589358,0.000279626980199843,0.320684487051171
"bivt",5e-04,10000,"0.01",TRUE,0.00049999252311571,-0.000420175814025726,0.000220365542915866,-0.000140548833825883,0.000279626980199843,0.320684487051171
"bivt",5e-04,10000,"0.05",TRUE,0.000474031835087992,-0.000411165544285607,0.000204206956223859,-0.000141340665421473,0.000269824878864133,0.286219637555769
"bivt",5e-04,10000,"0.1",TRUE,0.000450765042282889,-0.000398780625084424,0.000180940163418756,-0.000128955746220291,0.000269824878864133,0.286219637555769
"bivt",5e-04,10000,"0.01",TRUE,0.000533260769563288,-0.000434974518800051,0.000263435890699155,-0.000165149639935918,0.000269824878864133,0.286219637555769
"bivt",5e-04,10000,"0.05",TRUE,0.000411135794443343,-0.000341937379184228,0.000223084124087496,-0.000153885708828381,0.000188051670355847,0.262656438477781
"bivt",5e-04,10000,"0.1",TRUE,0.000376264319551104,-0.000328520450062716,0.000188212649195257,-0.000140468779706869,0.000188051670355847,0.262656438477781
"bivt",5e-04,10000,"0.01",TRUE,0.000460496362765169,-0.000364465747291413,0.000272444692409322,-0.000176414076935566,0.000188051670355847,0.262656438477781
"bivt",5e-04,10000,"0.05",TRUE,0.000586381022849801,-0.000536561448321891,0.000215178732805962,-0.000165359158278052,0.000371202290043839,0.2771181147105
"bivt",5e-04,10000,"0.1",TRUE,0.000560504570451295,-0.000516517417777494,0.000189302280407456,-0.000145315127733655,0.000371202290043839,0.2771181147105
"bivt",5e-04,10000,"0.01",TRUE,0.00062331672277313,-0.00056809493553202,0.000252114432729291,-0.000196892645488181,0.000371202290043839,0.2771181147105
"bivt",5e-04,10000,"0.05",TRUE,0.000466297109076937,-0.00042856436617757,0.000150684575290806,-0.000112951832391439,0.000315612533786131,0.306432218286483
"bivt",5e-04,10000,"0.1",TRUE,0.000448330209182826,-0.000419817897390806,0.000132717675396695,-0.000104205363604675,0.000315612533786131,0.306432218286483
"bivt",5e-04,10000,"0.01",TRUE,0.000500898035795678,-0.000450695141627852,0.000185285502009547,-0.000135082607841721,0.000315612533786131,0.306432218286483
"bivt",5e-04,10000,"0.05",TRUE,0.000563410075661698,-0.000494624884277278,0.000202009886953569,-0.000133224695569149,0.000361400188708129,0.287217224028417
"bivt",5e-04,10000,"0.1",TRUE,0.000532965312655238,-0.000485290864747922,0.000171565123947108,-0.000123890676039792,0.000361400188708129,0.287217224028417
"bivt",5e-04,10000,"0.01",TRUE,0.000612110830301403,-0.000516688319873221,0.000250710641593274,-0.000155288131165092,0.000361400188708129,0.287217224028417
"bivt",5e-04,10000,"0.05",TRUE,0.0006062461294715,-0.000552065333024839,0.000189256184505663,-0.000135075388059002,0.000416989944965837,0.283743447878119
"bivt",5e-04,10000,"0.1",TRUE,0.000580562838011415,-0.000537973580275505,0.000163572893045577,-0.000120983635309667,0.000416989944965837,0.283743447878119
"bivt",5e-04,10000,"0.01",TRUE,0.000660045215004482,-0.000570760181317923,0.000243055270038645,-0.000153770236352085,0.000416989944965837,0.283743447878119
"bivt",5e-04,10000,"0.05",TRUE,0.00067284966658364,-0.00057955048313958,0.000255859721617803,-0.000162560538173743,0.000416989944965837,0.275396748007041
"bivt",5e-04,10000,"0.1",TRUE,0.000632429544369913,-0.000563895408678511,0.000215439599404076,-0.000146905463712673,0.000416989944965837,0.275396748007041
"bivt",5e-04,10000,"0.01",TRUE,0.000740332800563002,-0.000611029584656962,0.000323342855597165,-0.000194039639691125,0.000416989944965837,0.275396748007041
"bivt",5e-04,10000,"0.05",TRUE,0.000849050695676732,-0.000765622922269465,0.000248910131022902,-0.000165482357615636,0.000600140564653829,0.225658299503384
"bivt",5e-04,10000,"0.1",TRUE,0.000807875048715904,-0.000750150217203633,0.000207734484062075,-0.000150009652549804,0.000600140564653829,0.225658299503384
"bivt",5e-04,10000,"0.01",TRUE,0.000902221334406039,-0.00080091943512016,0.00030208076975221,-0.000200778870466331,0.000600140564653829,0.225658299503384
"bivt",5e-04,10000,"0.05",TRUE,0.000905833757054821,-0.000813727076454992,0.000259905537478994,-0.000167798856879165,0.000645928219575828,0.254192485279072
"bivt",5e-04,10000,"0.1",TRUE,0.000886736045409786,-0.000794923608917957,0.000240807825833959,-0.000148995389342129,0.000645928219575828,0.254192485279072
"bivt",5e-04,10000,"0.01",TRUE,0.00102416155045101,-0.000830862839202788,0.000378233330875184,-0.000184934619626961,0.000645928219575828,0.254192485279072
"bivt",5e-04,10000,"0.05",TRUE,0.000543838786843331,-0.00049557026421836,0.000182438598135202,-0.00013417007551023,0.000361400188708129,0.297542217537491
"bivt",5e-04,10000,"0.1",TRUE,0.000512514447183998,-0.00048360159757335,0.000151114258475869,-0.000122201408865221,0.000361400188708129,0.297542217537491
"bivt",5e-04,10000,"0.01",TRUE,0.000582321101062188,-0.000513794834661269,0.000220920912354059,-0.00015239464595314,0.000361400188708129,0.297542217537491
"bivt",5e-04,10000,"0.05",TRUE,0.000570830993795288,-0.000532984434547169,0.000163643150165161,-0.000125796590917042,0.000407187843630127,0.299053808246181
"bivt",5e-04,10000,"0.1",TRUE,0.000552213721337055,-0.000520143196159912,0.000145025877706928,-0.000112955352529785,0.000407187843630127,0.299053808246181
"bivt",5e-04,10000,"0.01",TRUE,0.00061291750146354,-0.000551423015667419,0.000205729657833413,-0.000144235172037292,0.000407187843630127,0.299053808246181
"bivt",5e-04,10000,"0.05",TRUE,0.000296693445881218,-0.000272319531250077,0.000154429430447369,-0.000130055515816228,0.000142264015433849,0.298703551076914
"bivt",5e-04,10000,"0.1",TRUE,0.000277080091379321,-0.000252755783396901,0.000134816075945472,-0.000110491767963052,0.000142264015433849,0.298703551076914
"bivt",5e-04,10000,"0.01",TRUE,0.000349094452387277,-0.000298829087914659,0.000206830436953428,-0.00015656507248081,0.000142264015433849,0.298703551076914
"bivt",5e-04,10000,"0.05",TRUE,0.000434278279590975,-0.000366541845365076,0.00021024105564884,-0.000142504621422941,0.000224037223942135,0.286717534814211
"bivt",5e-04,10000,"0.1",TRUE,0.000403092148884443,-0.000354978920900514,0.000179054924942308,-0.000130941696958379,0.000224037223942135,0.286717534814211
"bivt",5e-04,10000,"0.01",TRUE,0.000480303953776203,-0.000398341719937049,0.000256266729834068,-0.000174304495994914,0.000224037223942135,0.286717534814211
"bivt",5e-04,10000,"0.05",TRUE,0.00126324007379755,-0.00116884248456634,0.000251010614845733,-0.000156613025614525,0.00101222945895181,0.254735257065271
"bivt",5e-04,10000,"0.1",TRUE,0.00124241317476071,-0.00115481025906634,0.000230183715808901,-0.00014258080011453,0.00101222945895181,0.254735257065271
"bivt",5e-04,10000,"0.01",TRUE,0.0013463468965771,-0.00119329987427316,0.000334117437625293,-0.000181070415321353,0.00101222945895181,0.254735257065271
"bivt",5e-04,10000,"0.05",TRUE,0.000748720343952535,-0.000634801005551976,0.0002859427440647,-0.000172023405664141,0.000462777599887835,0.231144402674048
"bivt",5e-04,10000,"0.1",TRUE,0.000709628084512398,-0.000622873830091012,0.000246850484624563,-0.000160096230203177,0.000462777599887835,0.231144402674048
"bivt",5e-04,10000,"0.01",TRUE,0.000848307564036719,-0.000665817554813615,0.000385529964148884,-0.00020303995492578,0.000462777599887835,0.231144402674048
"bivt",5e-04,10000,"0.05",TRUE,0.00065352454243025,-0.000603561975268535,0.000190746942542414,-0.0001407843753807,0.000462777599887835,0.295136162152858
"bivt",5e-04,10000,"0.1",TRUE,0.000629880753913629,-0.000587944771127117,0.000167103154025794,-0.000125167171239282,0.000462777599887835,0.295136162152858
"bivt",5e-04,10000,"0.01",TRUE,0.000689047512378385,-0.000622117646241216,0.00022626991249055,-0.000159340046353381,0.000462777599887835,0.295136162152858
"bivt",5e-04,10000,"0.05",TRUE,0.000652115259058781,-0.000570832921109972,0.000235125314092944,-0.000153842976144135,0.000416989944965837,0.236511844955012
"bivt",5e-04,10000,"0.1",TRUE,0.000615950519746932,-0.000557456919274258,0.000198960574781094,-0.00014046697430842,0.000416989944965837,0.236511844955012
"bivt",5e-04,10000,"0.01",TRUE,0.000680105546671273,-0.00059774429468135,0.000263115601705435,-0.000180754349715513,0.000416989944965837,0.236511844955012
"bivt",5e-04,10000,"0.05",TRUE,0.000338052855380095,-0.000284630721366777,0.000195788839946246,-0.000142366705932928,0.000142264015433849,0.296557514372875
"bivt",5e-04,10000,"0.1",TRUE,0.000315039809525137,-0.000270468733532889,0.000172775794091288,-0.00012820471809904,0.000142264015433849,0.296557514372875
"bivt",5e-04,10000,"0.01",TRUE,0.000381860805225944,-0.00031808679152109,0.000239596789792095,-0.000175822776087241,0.000142264015433849,0.296557514372875
"bivt",5e-04,10000,"0.05",TRUE,0.000579984553936197,-0.000491136729611805,0.000254569918814356,-0.000165722094489963,0.000325414635121841,0.251631761714434
"bivt",5e-04,10000,"0.1",TRUE,0.000534659957779977,-0.000472334451492827,0.000209245322658135,-0.000146919816370986,0.000325414635121841,0.251631761714434
"bivt",5e-04,10000,"0.01",TRUE,0.000635146658502165,-0.000512364791445289,0.000309732023380323,-0.000186950156323448,0.000325414635121841,0.251631761714434
"bivt",5e-04,10000,"0.05",TRUE,0.000478737947632001,-0.000430094786471642,0.000163125413845869,-0.000114482252685511,0.000315612533786131,0.311765841777314
"bivt",5e-04,10000,"0.1",TRUE,0.000451888110043832,-0.000420056707947396,0.000136275576257701,-0.000104444174161265,0.000315612533786131,0.311765841777314
"bivt",5e-04,10000,"0.01",TRUE,0.000512565997055139,-0.000446265653737846,0.000196953463269008,-0.000130653119951715,0.000315612533786131,0.311765841777314
"bivt",5e-04,10000,"0.05",TRUE,0.00081236014152448,-0.000754837549444,0.000212219576870651,-0.000154696984790171,0.000600140564653829,0.272594816612365
"bivt",5e-04,10000,"0.1",TRUE,0.000785553477734341,-0.000745302775385425,0.000185412913080512,-0.000145162210731596,0.000600140564653829,0.272594816612365
"bivt",5e-04,10000,"0.01",TRUE,0.000891037636414403,-0.000782353947526974,0.000290897071760574,-0.000182213382873145,0.000600140564653829,0.272594816612365
"bivt",5e-04,10000,"0.05",TRUE,0.00077706870420146,-0.000695292158532117,0.000222715794469628,-0.000140939248800285,0.000554352909731831,0.255820555259136
"bivt",5e-04,10000,"0.1",TRUE,0.000747653726897498,-0.000683701765989275,0.000193300817165667,-0.000129348856257444,0.000554352909731831,0.255820555259136
"bivt",5e-04,10000,"0.01",TRUE,0.000835331671642388,-0.000726436556416349,0.000280978761910557,-0.000172083646684517,0.000554352909731831,0.255820555259136
"bivt",5e-04,10000,"0.05",TRUE,0.000864079395488294,-0.000797345943974971,0.000218151175912466,-0.000151417724399143,0.000645928219575828,0.259630029831227
"bivt",5e-04,10000,"0.1",TRUE,0.000845583274533971,-0.000783914203081684,0.000199655054958144,-0.000137985983505857,0.000645928219575828,0.259630029831227
"bivt",5e-04,10000,"0.01",TRUE,0.000912447618587575,-0.000816432914772975,0.000266519399011747,-0.000170504695197147,0.000645928219575828,0.259630029831227
"bivt",5e-04,10000,"0.05",TRUE,0.000398599912362595,-0.000353939609538707,0.000164760587084749,-0.000120100284260861,0.000233839325277845,0.321702775155261
"bivt",5e-04,10000,"0.1",TRUE,0.000378261866292795,-0.000341864879934912,0.000144422541014949,-0.000108025554657066,0.000233839325277845,0.321702775155261
"bivt",5e-04,10000,"0.01",TRUE,0.000441531315086773,-0.000377452593528913,0.000207691989808928,-0.000143613268251067,0.000233839325277845,0.321702775155261
"bivt",5e-04,10000,"0.05",TRUE,0.000885775761094963,-0.000806105499190515,0.000239847541519135,-0.000160177279614687,0.000645928219575828,0.273105878712702
"bivt",5e-04,10000,"0.1",TRUE,0.000853845664321081,-0.00078772938074051,0.000207917444745254,-0.000141801161164682,0.000645928219575828,0.273105878712702
"bivt",5e-04,10000,"0.01",TRUE,0.000957187025284708,-0.000836444553556911,0.00031125880570888,-0.000190516333981083,0.000645928219575828,0.273105878712702
"bivt",5e-04,10000,"0.05",TRUE,0.000524521341880599,-0.000494825888107864,0.00016312115317247,-0.000133425699399735,0.000361400188708129,0.295826413116781
"bivt",5e-04,10000,"0.1",TRUE,0.000504590466623683,-0.000482913085989936,0.000143190277915554,-0.000121512897281807,0.000361400188708129,0.295826413116781
"bivt",5e-04,10000,"0.01",TRUE,0.000575174105637904,-0.000518163902615724,0.000213773916929775,-0.000156763713907595,0.000361400188708129,0.295826413116781
"bivt",5e-04,10000,"0.05",TRUE,0.000500694985695366,-0.000437870310580622,0.000221068005495523,-0.000158243330380779,0.000279626980199843,0.27901211249318
"bivt",5e-04,10000,"0.1",TRUE,0.000469174065825776,-0.00042122664972752,0.000189547085625933,-0.000141599669527676,0.000279626980199843,0.27901211249318
"bivt",5e-04,10000,"0.01",TRUE,0.000577945990255628,-0.000462742879840206,0.000298319010055785,-0.000183115899640363,0.000279626980199843,0.27901211249318
"bivt",5e-04,10000,"0.05",TRUE,0.00111520151187801,-0.00104673833961662,0.000240335017692196,-0.000171871845430806,0.000874866494185818,0.219403700563129
"bivt",5e-04,10000,"0.1",TRUE,0.0010914206998161,-0.00103572754825251,0.00021655420563028,-0.000160861054066691,0.000874866494185818,0.219403700563129
"bivt",5e-04,10000,"0.01",TRUE,0.00117816855285267,-0.0010756528649133,0.000303302058666855,-0.000200786370727481,0.000874866494185818,0.219403700563129
"bivt",5e-04,10000,"0.05",TRUE,0.000372742185333282,-0.000334778730251371,0.000184690514977435,-0.000146727059895524,0.000188051670355847,0.277805833384478
"bivt",5e-04,10000,"0.1",TRUE,0.000352394705345584,-0.000320573554667,0.000164343034989737,-0.000132521884311153,0.000188051670355847,0.277805833384478
"bivt",5e-04,10000,"0.01",TRUE,0.000420699556478987,-0.000359078866591856,0.000232647886123139,-0.000171027196236009,0.000188051670355847,0.277805833384478
"bivt",5e-04,10000,"0.05",TRUE,0.000660268669185268,-0.000593126691817939,0.000197491069297433,-0.000130349091930104,0.000462777599887835,0.273167507480549
"bivt",5e-04,10000,"0.1",TRUE,0.000633156573085143,-0.000581161428441214,0.000170378973197307,-0.000118383828553379,0.000462777599887835,0.273167507480549
"bivt",5e-04,10000,"0.01",TRUE,0.000712797965723667,-0.000612192880312295,0.000250020365835832,-0.00014941528042446,0.000462777599887835,0.273167507480549
"bivt",5e-04,10000,"0.05",TRUE,0.000681541690702034,-0.000621258953527187,0.000218764090814198,-0.000158481353639352,0.000462777599887835,0.240973852824171
"bivt",5e-04,10000,"0.1",TRUE,0.000658100149525357,-0.000611896118310328,0.000195322549637522,-0.000149118518422492,0.000462777599887835,0.240973852824171
"bivt",5e-04,10000,"0.01",TRUE,0.000734616283961584,-0.000643055693723495,0.000271838684073749,-0.00018027809383566,0.000462777599887835,0.240973852824171
"bivt",5e-04,10000,"0.05",TRUE,0.000534012888505546,-0.000468531139431873,0.000208598253383705,-0.000143116504310032,0.000325414635121841,0.27937955754477
"bivt",5e-04,10000,"0.1",TRUE,0.000504603878140896,-0.000455623096646132,0.000179189243019054,-0.000130208461524291,0.000325414635121841,0.27937955754477
"bivt",5e-04,10000,"0.01",TRUE,0.000574932126456492,-0.000488889835075493,0.000249517491334651,-0.000163475199953652,0.000325414635121841,0.27937955754477
"bivt",5e-04,10000,"0.05",TRUE,0.00117426652902395,-0.00107472552951335,0.000253612379916133,-0.000154071380405538,0.000920654149107816,0.218718464255029
"bivt",5e-04,10000,"0.1",TRUE,0.00115120337616102,-0.00105993958271463,0.0002305492270532,-0.00013928543360681,0.000920654149107816,0.218718464255029
"bivt",5e-04,10000,"0.01",TRUE,0.00122846215768199,-0.00109951347592024,0.000307808008574176,-0.000178859326812428,0.000920654149107816,0.218718464255029
"bivt",5e-04,10000,"0.05",TRUE,0.000420362726676874,-0.000375475659086736,0.000186523401399028,-0.000141636333808891,0.000233839325277845,0.2737823716932
"bivt",5e-04,10000,"0.1",TRUE,0.00039800831921858,-0.000366797519618601,0.000164168993940735,-0.000132958194340755,0.000233839325277845,0.2737823716932
"bivt",5e-04,10000,"0.01",TRUE,0.000456254985058303,-0.000402113613279173,0.000222415659780458,-0.000168274288001328,0.000233839325277845,0.2737823716932
"bivt",5e-04,10000,"0.05",TRUE,0.000384955193266704,-0.000337698063625959,0.000196903522910857,-0.000149646393270112,0.000188051670355847,0.289916184744763
"bivt",5e-04,10000,"0.1",TRUE,0.000360077561561886,-0.000324387296227367,0.000172025891206038,-0.00013633562587152,0.000188051670355847,0.289916184744763
"bivt",5e-04,10000,"0.01",TRUE,0.000426276455909691,-0.000364036655600351,0.000238224785553843,-0.000175984985244504,0.000188051670355847,0.289916184744763
"bivt",5e-04,10000,"0.05",TRUE,0.000701902712271118,-0.000633089573599938,0.000239125112383282,-0.000170311973712103,0.000462777599887835,0.260405095844845
"bivt",5e-04,10000,"0.1",TRUE,0.000659705632947589,-0.000617004789083736,0.000196928033059754,-0.000154227189195901,0.000462777599887835,0.260405095844845
"bivt",5e-04,10000,"0.01",TRUE,0.000764821272314645,-0.000652561718851641,0.00030204367242681,-0.000189784118963806,0.000462777599887835,0.260405095844845
"bivt",5e-04,10000,"0.05",FALSE,0.000453766394296909,-0.000394020083754754,0.000183941515432776,-0.000124195204890621,0.000269824878864133,0.344197571646832
"bivt",5e-04,10000,"0.1",FALSE,0.000430526548387735,-0.000384572333658146,0.000160701669523602,-0.000114747454794013,0.000269824878864133,0.344197571646832
"bivt",5e-04,10000,"0.01",FALSE,0.000495292896387207,-0.000425800528814615,0.000225468017523074,-0.000155975649950482,0.000269824878864133,0.344197571646832
"bivt",5e-04,10000,"0.05",TRUE,0.000533791885929959,-0.00047521029128773,0.000208377250808117,-0.000149795656165888,0.000325414635121841,0.272591507466199
"bivt",5e-04,10000,"0.1",TRUE,0.000513975898461614,-0.00046270297754676,0.000188561263339772,-0.000137288342424919,0.000325414635121841,0.272591507466199
"bivt",5e-04,10000,"0.01",TRUE,0.000578552252603685,-0.000492284194930882,0.000253137617481844,-0.000166869559809041,0.000325414635121841,0.272591507466199
"bivt",5e-04,10000,"0.05",TRUE,0.000528491946282838,-0.000461397280739284,0.000203077311160997,-0.000135982645617443,0.000325414635121841,0.297193664381062
"bivt",5e-04,10000,"0.1",TRUE,0.000505086202026395,-0.000450128906433444,0.000179671566904554,-0.000124714271311603,0.000325414635121841,0.297193664381062
"bivt",5e-04,10000,"0.01",TRUE,0.000602709377557099,-0.000484144081845739,0.000277294742435258,-0.000158729446723898,0.000325414635121841,0.297193664381062
"bivt",5e-04,10000,"0.05",TRUE,0.00059382725730523,-0.00050863757547356,0.00022262496726139,-0.000137435285429721,0.000371202290043839,0.284963876982395
"bivt",5e-04,10000,"0.1",TRUE,0.000567742047940482,-0.000496338288278662,0.000196539757896643,-0.000125135998234823,0.000371202290043839,0.284963876982395
"bivt",5e-04,10000,"0.01",TRUE,0.00064052509951486,-0.000524168191639095,0.000269322809471021,-0.000152965901595256,0.000371202290043839,0.284963876982395
"bivt",5e-04,10000,"0.05",TRUE,0.000516093234742741,-0.000485192639895945,0.000154693046034612,-0.000123792451187816,0.000361400188708129,0.309590763599886
"bivt",5e-04,10000,"0.1",TRUE,0.000499756161388903,-0.000474878684709254,0.000138355972680774,-0.000113478496001125,0.000361400188708129,0.309590763599886
"bivt",5e-04,10000,"0.01",TRUE,0.000557255039225046,-0.000505133583309922,0.000195854850516916,-0.000143733394601793,0.000361400188708129,0.309590763599886
"bivt",5e-04,10000,"0.05",TRUE,0.000319787527906034,-0.00027177432952484,0.000177523512472185,-0.000129510314090991,0.000142264015433849,0.299378194681799
"bivt",5e-04,10000,"0.1",TRUE,0.000293237262015423,-0.000263171920913623,0.000150973246581574,-0.000120907905479774,0.000142264015433849,0.299378194681799
"bivt",5e-04,10000,"0.01",TRUE,0.000365344364039772,-0.000288183440045507,0.000223080348605922,-0.000145919424611658,0.000142264015433849,0.299378194681799
"bivt",5e-04,10000,"0.05",FALSE,0.000497416834126034,-0.000465599820400748,0.000136016645417905,-0.000104199631692619,0.000361400188708129,0.367252796455108
"bivt",5e-04,10000,"0.1",FALSE,0.000480278633709738,-0.000453656779732329,0.000118878445001609,-9.22565910241994e-05,0.000361400188708129,0.367252796455108
"bivt",5e-04,10000,"0.01",FALSE,0.000528650733901357,-0.000479224875001959,0.000167250545193227,-0.00011782468629383,0.000361400188708129,0.367252796455108
"bivt",5e-04,10000,"0.05",TRUE,0.000449367435643566,-0.000408621355250015,0.000179542556779433,-0.000138796476385882,0.000269824878864133,0.303268330365592
"bivt",5e-04,10000,"0.1",TRUE,0.000427430251965401,-0.00039457822503761,0.000157605373101268,-0.000124753346173477,0.000269824878864133,0.303268330365592
"bivt",5e-04,10000,"0.01",TRUE,0.000488444382438486,-0.000426437871026918,0.000218619503574352,-0.000156612992162785,0.000269824878864133,0.303268330365592
"bivt",5e-04,10000,"0.05",TRUE,0.000743527276945691,-0.000666874720154998,0.000234962022135858,-0.000158309465345164,0.000508565254809833,0.263072486595767
"bivt",5e-04,10000,"0.1",TRUE,0.00071583970345257,-0.000654348509018072,0.000207274448642737,-0.000145783254208239,0.000508565254809833,0.263072486595767
"bivt",5e-04,10000,"0.01",TRUE,0.000795890367435018,-0.000683913712046619,0.000287325112625184,-0.000175348457236785,0.000508565254809833,0.263072486595767
"bivt",5e-04,10000,"0.05",TRUE,0.000500471038359916,-0.000428084611237919,0.000220844058160072,-0.000148457631038076,0.000279626980199843,0.269050990396125
"bivt",5e-04,10000,"0.1",TRUE,0.00047023623971357,-0.000412405615042371,0.000190609259513727,-0.000132778634842527,0.000279626980199843,0.269050990396125
"bivt",5e-04,10000,"0.01",TRUE,0.000561908438421266,-0.000451347714943247,0.000282281458221423,-0.000171720734743404,0.000279626980199843,0.269050990396125
"bivt",5e-04,10000,"0.05",TRUE,0.000478279459011842,-0.000447487615473218,0.00016266692522571,-0.000131875081687087,0.000315612533786131,0.316535767572872
"bivt",5e-04,10000,"0.1",TRUE,0.000455716627585066,-0.000434139585505013,0.000140104093798935,-0.000118527051718882,0.000315612533786131,0.316535767572872
"bivt",5e-04,10000,"0.01",TRUE,0.000514144876403201,-0.000464538704301579,0.00019853234261707,-0.000148926170515448,0.000315612533786131,0.316535767572872
"bivt",5e-04,10000,"0.05",TRUE,0.000965531487857852,-0.000867018727321419,0.000273815613360026,-0.000175302852823593,0.000691715874497825,0.251839004057914
"bivt",5e-04,10000,"0.1",TRUE,0.000934260822999744,-0.000849772003127372,0.000242544948501919,-0.000158056128629547,0.000691715874497825,0.251839004057914
"bivt",5e-04,10000,"0.01",TRUE,0.00102801708105838,-0.000891366446660328,0.000336301206560554,-0.000199650572162502,0.000691715874497825,0.251839004057914
"bivt",5e-04,10000,"0.05",TRUE,0.000632309267614612,-0.000556205253649562,0.000215319322648774,-0.000139215308683725,0.000416989944965837,0.313019184550728
"bivt",5e-04,10000,"0.1",TRUE,0.000597395768266771,-0.000545342100688279,0.000180405823300934,-0.000128352155722441,0.000416989944965837,0.313019184550728
"bivt",5e-04,10000,"0.01",TRUE,0.000701994159041243,-0.00057935005830674,0.000285004214075406,-0.000162360113340903,0.000416989944965837,0.313019184550728
"bivt",5e-04,10000,"0.05",TRUE,0.000386016878214702,-0.000334971895933344,0.000197965207858855,-0.000146920225577497,0.000188051670355847,0.251681308995533
"bivt",5e-04,10000,"0.1",TRUE,0.000350369151173335,-0.000321275465370174,0.000162317480817488,-0.000133223795014327,0.000188051670355847,0.251681308995533
"bivt",5e-04,10000,"0.01",TRUE,0.000425682824478107,-0.000358320072931905,0.00023763115412226,-0.000170268402576058,0.000188051670355847,0.251681308995533
"bivt",5e-04,10000,"0.05",TRUE,0.000389624386472157,-0.000334294483097057,0.00020157271611631,-0.00014624281274121,0.000188051670355847,0.266517927860882
"bivt",5e-04,10000,"0.1",TRUE,0.000363580603797295,-0.000317954172697252,0.000175528933441448,-0.000129902502341404,0.000188051670355847,0.266517927860882
"bivt",5e-04,10000,"0.01",TRUE,0.00045091766735928,-0.000361128231836563,0.000262865997003433,-0.000173076561480716,0.000188051670355847,0.266517927860882
"bivt",5e-04,10000,"0.05",TRUE,0.000871485678372711,-0.000798573887873154,0.000225557458796884,-0.000152645668297327,0.000645928219575828,0.264844395496292
"bivt",5e-04,10000,"0.1",TRUE,0.000847142435913911,-0.000788013445430375,0.000201214216338083,-0.000142085225854547,0.000645928219575828,0.264844395496292
"bivt",5e-04,10000,"0.01",TRUE,0.000917330694331524,-0.000828049725235398,0.000271402474755696,-0.00018212150565957,0.000645928219575828,0.264844395496292
"bivt",5e-04,10000,"0.05",TRUE,0.000590582273000958,-0.000508806857193925,0.000219379982957119,-0.000137604567150086,0.000371202290043839,0.281192954306656
"bivt",5e-04,10000,"0.1",TRUE,0.000555910198389435,-0.000499216960947001,0.000184707908345596,-0.000128014670903161,0.000371202290043839,0.281192954306656
"bivt",5e-04,10000,"0.01",TRUE,0.000660956965465267,-0.00052835731076955,0.000289754675421428,-0.000157155020725711,0.000371202290043839,0.281192954306656
"bivt",5e-04,10000,"0.05",TRUE,0.00057595988871013,-0.000540049948532749,0.000168772045080003,-0.000132862104902622,0.000407187843630127,0.320581547545628
"bivt",5e-04,10000,"0.1",TRUE,0.000552889685846523,-0.000526573890711963,0.000145701842216396,-0.000119386047081836,0.000407187843630127,0.320581547545628
"bivt",5e-04,10000,"0.01",TRUE,0.000638521269914605,-0.000559630016330626,0.000231333426284478,-0.000152442172700499,0.000407187843630127,0.320581547545628
"bivt",5e-04,10000,"0.05",TRUE,0.000513304211610756,-0.000456709233681609,0.000197691677824625,-0.000141096699895478,0.000315612533786131,0.289589027709992
"bivt",5e-04,10000,"0.1",TRUE,0.000486561847843473,-0.00044076494630242,0.000170949314057341,-0.000125152412516289,0.000315612533786131,0.289589027709992
"bivt",5e-04,10000,"0.01",TRUE,0.000573666401865217,-0.000475896634270425,0.000258053868079086,-0.000160284100484294,0.000315612533786131,0.289589027709992
"bivt",5e-04,10000,"0.05",TRUE,0.000678505040470029,-0.000618047238685516,0.000215727440582194,-0.000155269638797681,0.000462777599887835,0.292383888750208
"bivt",5e-04,10000,"0.1",TRUE,0.00065293115908435,-0.000603349289922449,0.000190153559196515,-0.000140571690034614,0.000462777599887835,0.292383888750208
"bivt",5e-04,10000,"0.01",TRUE,0.000751497458380771,-0.000639237023200287,0.000288719858492936,-0.000176459423312452,0.000462777599887835,0.292383888750208
"bivt",5e-04,10000,"0.05",TRUE,0.000810938492588576,-0.000739617413438371,0.000210797927934746,-0.000139476848784541,0.000600140564653829,0.310384753509909
"bivt",5e-04,10000,"0.1",TRUE,0.000797967235920473,-0.000725316456106767,0.000197826671266644,-0.000125175891452938,0.000600140564653829,0.310384753509909
"bivt",5e-04,10000,"0.01",TRUE,0.000865247644750767,-0.000762168566500295,0.000265107080096938,-0.000162028001846465,0.000600140564653829,0.310384753509909
"bivt",5e-04,10000,"0.05",TRUE,0.000791007472581304,-0.000735758562015773,0.000190866907927474,-0.000135617997361944,0.000600140564653829,0.280283152298871
"bivt",5e-04,10000,"0.1",TRUE,0.000764414775586114,-0.000720338006205788,0.000164274210932285,-0.000120197441551959,0.000600140564653829,0.280283152298871
"bivt",5e-04,10000,"0.01",TRUE,0.000845775834329022,-0.000753191288918398,0.000245635269675192,-0.000153050724264569,0.000600140564653829,0.280283152298871
"bivt",5e-04,10000,"0.05",TRUE,0.000607305441558614,-0.000559290922054584,0.000190315496592777,-0.000142300977088747,0.000416989944965837,0.264926215838529
"bivt",5e-04,10000,"0.1",TRUE,0.000583353315845098,-0.000550346936264114,0.000166363370879261,-0.000133356991298276,0.000416989944965837,0.264926215838529
"bivt",5e-04,10000,"0.01",TRUE,0.00064716110384103,-0.000586310971389298,0.000230171158875193,-0.000169321026423461,0.000416989944965837,0.264926215838529
"bivt",5e-04,10000,"0.05",TRUE,0.00051973318159722,-0.000457011209699637,0.000204120647811089,-0.000141398675913506,0.000315612533786131,0.289489930891342
"bivt",5e-04,10000,"0.1",TRUE,0.000481284480984341,-0.000444893549221318,0.000165671947198209,-0.000129281015435187,0.000315612533786131,0.289489930891342
"bivt",5e-04,10000,"0.01",TRUE,0.000558154597126799,-0.000479413799537861,0.000242542063340668,-0.000163801265751729,0.000315612533786131,0.289489930891342
"bivt",5e-04,10000,"0.05",TRUE,0.000741405982365341,-0.000691898712914207,0.00018705307263351,-0.000137545803182375,0.000554352909731831,0.273394807560547
"bivt",5e-04,10000,"0.1",TRUE,0.000709052256611208,-0.000680257648109382,0.000154699346879377,-0.00012590473837755,0.000554352909731831,0.273394807560547
"bivt",5e-04,10000,"0.01",TRUE,0.000807157260455954,-0.00071586962690427,0.000252804350724123,-0.000161516717172439,0.000554352909731831,0.273394807560547
"bivt",5e-04,10000,"0.05",TRUE,0.000535202891956873,-0.00046003382380793,0.000209788256835031,-0.000134619188686089,0.000325414635121841,0.279884903904969
"bivt",5e-04,10000,"0.1",TRUE,0.000505633411920331,-0.000450352554726389,0.00018021877679849,-0.000124937919604547,0.000325414635121841,0.279884903904969
"bivt",5e-04,10000,"0.01",TRUE,0.000592870450063585,-0.000475536506248805,0.000267455814941743,-0.000150121871126964,0.000325414635121841,0.279884903904969
"bivt",5e-04,10000,"0.05",TRUE,0.000717174138538359,-0.000658756190357639,0.000208608883728526,-0.000150190935547806,0.000508565254809833,0.257002574316673
"bivt",5e-04,10000,"0.1",TRUE,0.000688431767539385,-0.000647292485461819,0.000179866512729552,-0.000138727230651985,0.000508565254809833,0.257002574316673
"bivt",5e-04,10000,"0.01",TRUE,0.000790133976890133,-0.000681099385887292,0.000281568722080299,-0.000172534131077459,0.000508565254809833,0.257002574316673
"bivt",5e-04,10000,"0.05",TRUE,0.00052607173928327,-0.000461265812744691,0.000200657104161429,-0.00013585117762285,0.000325414635121841,0.298598812854769
"bivt",5e-04,10000,"0.1",TRUE,0.000501284433665228,-0.000455549427298188,0.000175869798543386,-0.000130134792176347,0.000325414635121841,0.298598812854769
"bivt",5e-04,10000,"0.01",TRUE,0.000574682850756884,-0.000482571390700684,0.000249268215635043,-0.000157156755578843,0.000325414635121841,0.298598812854769
"bivt",5e-04,10000,"0.05",TRUE,0.000357574403103662,-0.000306099022622565,0.000179324834083525,-0.000127849453602428,0.000178249569020137,0.290348099557787
"bivt",5e-04,10000,"0.1",TRUE,0.000329468913792706,-0.000296804128434301,0.000151219344772569,-0.000118554559414164,0.000178249569020137,0.290348099557787
"bivt",5e-04,10000,"0.01",TRUE,0.000387553852088792,-0.0003264153032038,0.000209304283068655,-0.000148165734183663,0.000178249569020137,0.290348099557787
"bivt",5e-04,10000,"0.05",TRUE,0.00113668856132739,-0.00103147594446891,0.000261822067141577,-0.000156609450283088,0.000874866494185818,0.250422939257759
"bivt",5e-04,10000,"0.1",TRUE,0.00111560062898821,-0.00101372353406812,0.000240734134802388,-0.000138857039882301,0.000874866494185818,0.250422939257759
"bivt",5e-04,10000,"0.01",TRUE,0.00120681929072455,-0.00105137951598066,0.000331952796538727,-0.000176513021794844,0.000874866494185818,0.250422939257759
"bivt",5e-04,10000,"0.05",TRUE,0.000356455018418359,-0.000298121776028069,0.00021419100298451,-0.00015585776059422,0.000142264015433849,0.266445038892132
"bivt",5e-04,10000,"0.1",TRUE,0.000333479384726179,-0.000282254151000197,0.000191215369292329,-0.000139990135566348,0.000142264015433849,0.266445038892132
"bivt",5e-04,10000,"0.01",TRUE,0.000388606860740992,-0.0003271604623815,0.000246342845307143,-0.000184896446947651,0.000142264015433849,0.266445038892132
"bivt",5e-04,10000,"0.05",TRUE,0.000537410641703449,-0.000475871515310322,0.000211996006581607,-0.00015045688018848,0.000325414635121841,0.251548278060507
"bivt",5e-04,10000,"0.1",TRUE,0.000505422437484598,-0.000457904375655944,0.000180007802362756,-0.000132489740534102,0.000325414635121841,0.251548278060507
"bivt",5e-04,10000,"0.01",TRUE,0.000643655094550471,-0.000499133237619316,0.00031824045942863,-0.000173718602497475,0.000325414635121841,0.251548278060507
"bivt",5e-04,10000,"0.05",TRUE,0.000766851505347926,-0.000657991972139583,0.000258286250538092,-0.000149426717329749,0.000508565254809833,0.264733243663732
"bivt",5e-04,10000,"0.1",TRUE,0.000727855699222653,-0.00064440164127706,0.00021929044441282,-0.000135836386467227,0.000508565254809833,0.264733243663732
"bivt",5e-04,10000,"0.01",TRUE,0.000835951916690212,-0.0006769335235667,0.000327386661880378,-0.000168368268756867,0.000508565254809833,0.264733243663732
"bivt",5e-04,10000,"0.05",TRUE,0.000571768091052643,-0.000512978576427783,0.000200565801008804,-0.000141776286383944,0.000371202290043839,0.263376938085346
"bivt",5e-04,10000,"0.1",TRUE,0.000552254339395962,-0.000500168281234949,0.000181052049352123,-0.00012896599119111,0.000371202290043839,0.263376938085346
"bivt",5e-04,10000,"0.01",TRUE,0.00061737154523564,-0.000534920717217776,0.000246169255191801,-0.000163718427173936,0.000371202290043839,0.263376938085346
"bivt",5e-04,10000,"0.05",TRUE,0.000602897365157053,-0.00052403520221351,0.000231695075113213,-0.000152832912169671,0.000371202290043839,0.276704801731701
"bivt",5e-04,10000,"0.1",TRUE,0.000579661094398173,-0.000512656490195625,0.000208458804354334,-0.000141454200151786,0.000371202290043839,0.276704801731701
"bivt",5e-04,10000,"0.01",TRUE,0.000672537144830286,-0.00054730186047125,0.000301334854786446,-0.000176099570427411,0.000371202290043839,0.276704801731701
"bivt",5e-04,10000,"0.05",TRUE,0.000784561158049988,-0.000713397303485714,0.000230208248318156,-0.000159044393753882,0.000554352909731831,0.280075620520298
"bivt",5e-04,10000,"0.1",TRUE,0.000750968995955795,-0.000703981844494976,0.000196616086223963,-0.000149628934763145,0.000554352909731831,0.280075620520298
"bivt",5e-04,10000,"0.01",TRUE,0.000836848546402969,-0.000740448571728894,0.000282495636671137,-0.000186095661997063,0.000554352909731831,0.280075620520298
"bivt",5e-04,10000,"0.05",TRUE,0.000487100530179979,-0.000460662583021787,0.000161685895058138,-0.000135247947899945,0.000325414635121841,0.287571331804214
"bivt",5e-04,10000,"0.1",TRUE,0.000470578699753175,-0.000443058937788972,0.000145164064631334,-0.000117644302667131,0.000325414635121841,0.287571331804214
"bivt",5e-04,10000,"0.01",TRUE,0.000517675687631892,-0.000475620850035923,0.00019226105251005,-0.000150206214914082,0.000325414635121841,0.287571331804214
"bivt",5e-04,10000,"0.05",TRUE,0.00087080728713829,-0.000806020407557255,0.000224879067562463,-0.000160092187981428,0.000645928219575828,0.281123106963189
"bivt",5e-04,10000,"0.1",TRUE,0.000845420989809553,-0.000790867788309891,0.000199492770233725,-0.000144939568734063,0.000645928219575828,0.281123106963189
"bivt",5e-04,10000,"0.01",TRUE,0.000925330807568586,-0.000831638861155589,0.000279402587992758,-0.000185710641579762,0.000645928219575828,0.281123106963189
"bivt",5e-04,10000,"0.05",TRUE,0.000383865316103056,-0.000326051958834521,0.000195813645747209,-0.000138000288478674,0.000188051670355847,0.294113333380201
"bivt",5e-04,10000,"0.1",TRUE,0.000343039181060311,-0.00031261340698823,0.000154987510704464,-0.000124561736632383,0.000188051670355847,0.294113333380201
"bivt",5e-04,10000,"0.01",TRUE,0.000462825924311536,-0.000347562540430819,0.000274774253955689,-0.000159510870074972,0.000188051670355847,0.294113333380201
"bivt",5e-04,10000,"0.05",TRUE,0.000516489627544871,-0.000462049241992511,0.00019107499242303,-0.00013663460687067,0.000325414635121841,0.32473782363173
"bivt",5e-04,10000,"0.1",TRUE,0.000491917870210199,-0.000450752783041895,0.000166503235088358,-0.000125338147920054,0.000325414635121841,0.32473782363173
"bivt",5e-04,10000,"0.01",TRUE,0.000545500066776101,-0.000479243323595044,0.00022008543165426,-0.000153828688473203,0.000325414635121841,0.32473782363173
"bivt",5e-04,10000,"0.05",TRUE,0.000644589274158499,-0.000589372347516589,0.000181811674270664,-0.000126594747628754,0.000462777599887835,0.301833757774683
"bivt",5e-04,10000,"0.1",TRUE,0.000617943186532305,-0.000579761252664287,0.00015516558664447,-0.000116983652776452,0.000462777599887835,0.301833757774683
"bivt",5e-04,10000,"0.01",TRUE,0.000675163621422769,-0.000613028713077269,0.000212386021534934,-0.000150251113189434,0.000462777599887835,0.301833757774683
"bivt",5e-04,10000,"0.05",TRUE,0.00102749683459586,-0.000909619952894725,0.000289993305176033,-0.000172116423474902,0.000737503529419824,0.227471195772863
"bivt",5e-04,10000,"0.1",TRUE,0.000970391425609339,-0.000898582688820402,0.000232887896189515,-0.000161079159400578,0.000737503529419824,0.227471195772863
"bivt",5e-04,10000,"0.01",TRUE,0.00109094951794101,-0.000935827072910887,0.000353445988521187,-0.000198323543491063,0.000737503529419824,0.227471195772863
"bivt",5e-04,10000,"0.05",TRUE,0.000682821969116481,-0.000610739997352422,0.000220044369228646,-0.000147962397464587,0.000462777599887835,0.248196880319074
"bivt",5e-04,10000,"0.1",TRUE,0.000654289525046533,-0.0006046276963654,0.000191511925158697,-0.000141850096477565,0.000462777599887835,0.248196880319074
"bivt",5e-04,10000,"0.01",TRUE,0.000735732985223331,-0.000631681289932275,0.000272955385335496,-0.00016890369004444,0.000462777599887835,0.248196880319074
"bivt",5e-04,10000,"0.05",TRUE,0.000924089989879876,-0.000844274390967219,0.000232374115382051,-0.000152558516469394,0.000691715874497825,0.266979668397906
"bivt",5e-04,10000,"0.1",TRUE,0.000886006443857481,-0.00083098420818085,0.000194290569359655,-0.000139268333683025,0.000691715874497825,0.266979668397906
"bivt",5e-04,10000,"0.01",TRUE,0.00101354468019349,-0.000865181105010725,0.000321828805695667,-0.0001734652305129,0.000691715874497825,0.266979668397906
"bivt",5e-04,10000,"0.05",TRUE,0.000582047126404133,-0.000516535338341862,0.000210844836360293,-0.000145333048298023,0.000371202290043839,0.250680573828681
"bivt",5e-04,10000,"0.1",TRUE,0.00054733775723864,-0.000505079299569903,0.000176135467194801,-0.000133877009526064,0.000371202290043839,0.250680573828681
"bivt",5e-04,10000,"0.01",TRUE,0.000636571526973332,-0.000547438525133877,0.000265369236929493,-0.000176236235090037,0.000371202290043839,0.250680573828681
"bivt",5e-04,10000,"0.05",TRUE,0.000697782744397766,-0.000617213848360723,0.000235005144509931,-0.000154436248472888,0.000462777599887835,0.234655356500086
"bivt",5e-04,10000,"0.1",TRUE,0.000670625936241699,-0.00060767411839846,0.000207848336353864,-0.000144896518510624,0.000462777599887835,0.234655356500086
"bivt",5e-04,10000,"0.01",TRUE,0.000755838221085471,-0.000650235518778764,0.000293060621197636,-0.000187457918890929,0.000462777599887835,0.234655356500086
"bivt",5e-04,10000,"0.05",TRUE,0.000473026888187122,-0.000422774117897833,0.000203202009322989,-0.0001529492390337,0.000269824878864133,0.283332039082372
"bivt",5e-04,10000,"0.1",TRUE,0.000461274539476027,-0.000410102440410786,0.000191449660611894,-0.000140277561546652,0.000269824878864133,0.283332039082372
"bivt",5e-04,10000,"0.01",TRUE,0.000526456053363803,-0.000442474617346032,0.00025663117449967,-0.000172649738481899,0.000269824878864133,0.283332039082372
"bivt",5e-04,10000,"0.05",TRUE,0.000393086348425938,-0.000354671948933531,0.000169049124483803,-0.000130634724991396,0.000224037223942135,0.282395135854076
"bivt",5e-04,10000,"0.1",TRUE,0.000367443599834248,-0.000341244446890627,0.000143406375892113,-0.000117207222948492,0.000224037223942135,0.282395135854076
"bivt",5e-04,10000,"0.01",TRUE,0.000446542473175437,-0.000378038253162511,0.000222505249233302,-0.000154001029220376,0.000224037223942135,0.282395135854076
"bivt",5e-04,10000,"0.05",TRUE,0.00109113522771246,-0.000952767048738327,0.000307844043370639,-0.000169475864396506,0.000783291184341822,0.245907373419554
"bivt",5e-04,10000,"0.1",TRUE,0.00102185617568897,-0.000940199326514995,0.000238564991347149,-0.000156908142173173,0.000783291184341822,0.245907373419554
"bivt",5e-04,10000,"0.01",TRUE,0.00120534980425243,-0.000976728708843361,0.000422058619910606,-0.000193437524501539,0.000783291184341822,0.245907373419554
"bivt",5e-04,10000,"0.05",TRUE,0.000671814885142998,-0.000613574616352134,0.000209037285255162,-0.000150797016464298,0.000462777599887835,0.247315011915754
"bivt",5e-04,10000,"0.1",TRUE,0.000648787663416843,-0.000602790079831164,0.000186010063529008,-0.000140012479943329,0.000462777599887835,0.247315011915754
"bivt",5e-04,10000,"0.01",TRUE,0.000763222168934242,-0.000634408836364484,0.000300444569046407,-0.000171631236476649,0.000462777599887835,0.247315011915754
"bivt",5e-04,10000,"0.05",TRUE,0.000455135344520174,-0.000389803498421057,0.000221296019242329,-0.000155964173143212,0.000233839325277845,0.255467471228309
"bivt",5e-04,10000,"0.1",TRUE,0.000428389845337065,-0.00037210725504093,0.00019455052005922,-0.000138267929763085,0.000233839325277845,0.255467471228309
"bivt",5e-04,10000,"0.01",TRUE,0.00052857146499247,-0.00041588612356264,0.000294732139714625,-0.000182046798284795,0.000233839325277845,0.255467471228309
"bivt",5e-04,10000,"0.05",TRUE,0.000664052264507989,-0.00060940136596512,0.000201274664620154,-0.000146623766077285,0.000462777599887835,0.271197032694089
"bivt",5e-04,10000,"0.1",TRUE,0.00064281838617585,-0.000598421717252179,0.000180040786288015,-0.000135644117364344,0.000462777599887835,0.271197032694089
"bivt",5e-04,10000,"0.01",TRUE,0.000737143033610019,-0.000641980654366685,0.000274365433722184,-0.00017920305447885,0.000462777599887835,0.271197032694089
"bivt",5e-04,10000,"0.05",TRUE,0.000558453712191446,-0.000528541407266793,0.000151265868561319,-0.000121353563636666,0.000407187843630127,0.316904564310271
"bivt",5e-04,10000,"0.1",TRUE,0.000541648337618282,-0.000517050817704086,0.000134460493988155,-0.000109862974073959,0.000407187843630127,0.316904564310271
"bivt",5e-04,10000,"0.01",TRUE,0.000600070578363696,-0.000546462742421005,0.000192882734733569,-0.000139274898790878,0.000407187843630127,0.316904564310271
"bivt",5e-04,10000,"0.05",TRUE,0.00070958242201958,-0.00064114044138002,0.000201017167209747,-0.000132575186570186,0.000508565254809833,0.301116478242983
"bivt",5e-04,10000,"0.1",TRUE,0.00068374604861876,-0.000629569645942536,0.000175180793808927,-0.000121004391132702,0.000508565254809833,0.301116478242983
"bivt",5e-04,10000,"0.01",TRUE,0.000761724143223213,-0.000659954562065792,0.00025315888841338,-0.000151389307255958,0.000508565254809833,0.301116478242983
"bivt",5e-04,10000,"0.05",TRUE,0.000497924610591453,-0.000450315721652641,0.000172509975469612,-0.0001249010865308,0.000325414635121841,0.283173165913533
"bivt",5e-04,10000,"0.1",TRUE,0.000469498429384397,-0.000439791183252527,0.000144083794262555,-0.000114376548130685,0.000325414635121841,0.283173165913533
"bivt",5e-04,10000,"0.01",TRUE,0.000547109076810786,-0.000481557843206383,0.000221694441688945,-0.000156143208084541,0.000325414635121841,0.283173165913533
"bivt",5e-04,10000,"0.05",TRUE,0.000901496895963383,-0.000806458900582686,0.000255568676387556,-0.000160530681006859,0.000645928219575828,0.257747527612277
"bivt",5e-04,10000,"0.1",TRUE,0.000864291640074392,-0.000792567677525374,0.000218363420498564,-0.000146639457949546,0.000645928219575828,0.257747527612277
"bivt",5e-04,10000,"0.01",TRUE,0.000955827135002477,-0.000833647569911594,0.000309898915426649,-0.000187719350335767,0.000645928219575828,0.257747527612277
"bivt",5e-04,10000,"0.05",TRUE,0.00062133830066165,-0.000564071120626271,0.000204348355695813,-0.000147081175660434,0.000416989944965837,0.245198671526538
"bivt",5e-04,10000,"0.1",TRUE,0.000596378147417511,-0.000553205091166621,0.000179388202451674,-0.000136215146200784,0.000416989944965837,0.245198671526538
"bivt",5e-04,10000,"0.01",TRUE,0.000687005331542462,-0.000593190220174031,0.000270015386576625,-0.000176200275208193,0.000416989944965837,0.245198671526538
"bivt",5e-04,10000,"0.05",TRUE,0.000846701909832383,-0.000750493812504793,0.000246561345178553,-0.000150353247850964,0.000600140564653829,0.268358165975247
"bivt",5e-04,10000,"0.1",TRUE,0.000809102176588233,-0.000738842247535857,0.000208961611934404,-0.000138701682882028,0.000600140564653829,0.268358165975247
"bivt",5e-04,10000,"0.01",TRUE,0.000928891682526521,-0.000779197305437735,0.000328751117872691,-0.000179056740783905,0.000600140564653829,0.268358165975247
"bivt",5e-04,10000,"0.05",TRUE,0.000759142452862582,-0.000696182909262154,0.000204789543130751,-0.000141829999530323,0.000554352909731831,0.277363082226174
"bivt",5e-04,10000,"0.1",TRUE,0.000732386775128638,-0.000678695600177493,0.000178033865396806,-0.000124342690445662,0.000554352909731831,0.277363082226174
"bivt",5e-04,10000,"0.01",TRUE,0.000815977546062649,-0.000716381889415425,0.000261624636330818,-0.000162028979683594,0.000554352909731831,0.277363082226174
"bivt",5e-04,10000,"0.05",TRUE,0.00118740201002411,-0.00110425798674599,0.000266747860916298,-0.000183603837638171,0.000920654149107816,0.240316400935371
"bivt",5e-04,10000,"0.1",TRUE,0.0011618759875093,-0.00108801289347731,0.00024122183840148,-0.000167358744369492,0.000920654149107816,0.240316400935371
"bivt",5e-04,10000,"0.01",TRUE,0.00126724797085319,-0.00113479596310406,0.000346593821745375,-0.000214141813996249,0.000920654149107816,0.240316400935371
"bivt",5e-04,10000,"0.05",TRUE,0.00112880901276017,-0.000993266375352881,0.000299730173496347,-0.000164187536089062,0.000829078839263819,0.220724596023333
"bivt",5e-04,10000,"0.1",TRUE,0.00107897819065463,-0.000980869810441231,0.000249899351390812,-0.000151790971177412,0.000829078839263819,0.220724596023333
"bivt",5e-04,10000,"0.01",TRUE,0.00124971452580757,-0.00103133436298141,0.000420635686543749,-0.00020225552371759,0.000829078839263819,0.220724596023333
"bivt",5e-04,10000,"0.05",TRUE,0.000542905354430054,-0.000470272457660453,0.000217490719308213,-0.000144857822538612,0.000325414635121841,0.279217127556407
"bivt",5e-04,10000,"0.1",TRUE,0.000534469953998346,-0.000458688768315003,0.000209055318876504,-0.000133274133193162,0.000325414635121841,0.279217127556407
"bivt",5e-04,10000,"0.01",TRUE,0.000584946826827618,-0.000483122126110337,0.000259532191705777,-0.000157707490988496,0.000325414635121841,0.279217127556407
"bivt",5e-04,10000,"0.05",TRUE,0.000515943050753952,-0.000459666117868892,0.000190528415632111,-0.000134251482747051,0.000325414635121841,0.306145567512089
"bivt",5e-04,10000,"0.1",TRUE,0.000492463528427149,-0.000449275629489341,0.000167048893305308,-0.000123860994367499,0.000325414635121841,0.306145567512089
"bivt",5e-04,10000,"0.01",TRUE,0.000582112779571757,-0.00047492341666865,0.000256698144449916,-0.000149508781546809,0.000325414635121841,0.306145567512089
"bivt",5e-04,10000,"0.05",TRUE,0.000870811336480266,-0.000805339604331157,0.000224883116904439,-0.00015941138475533,0.000645928219575828,0.255366123757296
"bivt",5e-04,10000,"0.1",TRUE,0.000843981216614716,-0.000792170338304965,0.000198052997038888,-0.000146242118729138,0.000645928219575828,0.255366123757296
"bivt",5e-04,10000,"0.01",TRUE,0.00093238562099755,-0.000832243491028341,0.000286457401421722,-0.000186315271452513,0.000645928219575828,0.255366123757296
"bivt",5e-04,10000,"0.05",TRUE,0.000670608447886624,-0.000601199234097554,0.000253618502920787,-0.000184209289131716,0.000416989944965837,0.257275256933658
"bivt",5e-04,10000,"0.1",TRUE,0.00065131943897871,-0.000592866997361618,0.000234329494012873,-0.000175877052395781,0.000416989944965837,0.257275256933658
"bivt",5e-04,10000,"0.01",TRUE,0.000750085858235891,-0.000629902001913409,0.000333095913270053,-0.000212912056947572,0.000416989944965837,0.257275256933658
"bivt",5e-04,10000,"0.05",TRUE,0.000985561688438435,-0.000879491742359168,0.000293845813940609,-0.000187775867861343,0.000691715874497825,0.219146077282799
"bivt",5e-04,10000,"0.1",TRUE,0.000937788126753484,-0.000864050811603224,0.000246072252255658,-0.000172334937105398,0.000691715874497825,0.219146077282799
"bivt",5e-04,10000,"0.01",TRUE,0.00106026837498755,-0.000906362031012154,0.000368552500489728,-0.000214646156514329,0.000691715874497825,0.219146077282799
"bivt",5e-04,10000,"0.05",TRUE,0.000505863861760784,-0.0004688568097185,0.000180449226638942,-0.000143442174596659,0.000325414635121841,0.301465112241559
"bivt",5e-04,10000,"0.1",TRUE,0.000484946581520914,-0.000455181514530694,0.000159531946399072,-0.000129766879408852,0.000325414635121841,0.301465112241559
"bivt",5e-04,10000,"0.01",TRUE,0.000567651007265884,-0.000496256853124024,0.000242236372144043,-0.000170842218002182,0.000325414635121841,0.301465112241559
"bivt",5e-04,10000,"0.05",TRUE,0.000848376617775128,-0.000764731522518034,0.000248236053121299,-0.000164590957864205,0.000600140564653829,0.244789617506669
"bivt",5e-04,10000,"0.1",TRUE,0.000813470004548511,-0.00074506579319698,0.000213329439894681,-0.000144925228543151,0.000600140564653829,0.244789617506669
"bivt",5e-04,10000,"0.01",TRUE,0.00091168453762544,-0.000787115034212067,0.000311543972971611,-0.000186974469558238,0.000600140564653829,0.244789617506669
"bivt",5e-04,10000,"0.05",TRUE,0.000458092326991975,-0.00040313167487411,0.000188267448127842,-0.000133306796009977,0.000269824878864133,0.308262428647867
"bivt",5e-04,10000,"0.1",TRUE,0.000434957067527807,-0.000390760306327506,0.000165132188663674,-0.000120935427463373,0.000269824878864133,0.308262428647867
"bivt",5e-04,10000,"0.01",TRUE,0.000516705850007375,-0.000420959135253305,0.000246880971143242,-0.000151134256389172,0.000269824878864133,0.308262428647867
"bivt",5e-04,10000,"0.05",TRUE,0.000834785141646112,-0.000772861271174657,0.000234644576992282,-0.000172720706520827,0.000600140564653829,0.23818143069675
"bivt",5e-04,10000,"0.1",TRUE,0.000813469887823617,-0.000755003277280239,0.000213329323169787,-0.000154862712626409,0.000600140564653829,0.23818143069675
"bivt",5e-04,10000,"0.01",TRUE,0.000903542703440879,-0.000789431505171754,0.000303402138787049,-0.000189290940517924,0.000600140564653829,0.23818143069675
"bivt",5e-04,10000,"0.05",TRUE,0.00049666133598921,-0.000450018820291691,0.000181048802203079,-0.00013440628650556,0.000315612533786131,0.277309409467863
"bivt",5e-04,10000,"0.1",TRUE,0.000471845169882046,-0.000436001617479811,0.000156232636095914,-0.00012038908369368,0.000315612533786131,0.277309409467863
"bivt",5e-04,10000,"0.01",TRUE,0.000534632028972646,-0.000469262864213541,0.000219019495186515,-0.00015365033042741,0.000315612533786131,0.277309409467863
"bivt",5e-04,10000,"0.05",TRUE,0.000555975007397553,-0.000541719541834373,0.000148787163767426,-0.000134531698204246,0.000407187843630127,0.295673018498845
"bivt",5e-04,10000,"0.1",TRUE,0.00054105083463351,-0.000527216876872859,0.000133862991003382,-0.000120029033242732,0.000407187843630127,0.295673018498845
"bivt",5e-04,10000,"0.01",TRUE,0.000605902471036299,-0.000564463739069222,0.000198714627406172,-0.000157275895439095,0.000407187843630127,0.295673018498845
"bivt",5e-04,10000,"0.05",TRUE,0.000524393812961762,-0.000476342827796282,0.000198979177839921,-0.000150928192674441,0.000325414635121841,0.249867869338597
"bivt",5e-04,10000,"0.1",TRUE,0.000506404172302786,-0.000462927801681654,0.000180989537180945,-0.000137513166559812,0.000325414635121841,0.249867869338597
"bivt",5e-04,10000,"0.01",TRUE,0.000594153319358785,-0.000502789661816803,0.000268738684236944,-0.000177375026694962,0.000325414635121841,0.249867869338597
"bivt",5e-04,10000,"0.05",TRUE,0.000631125661325476,-0.000565008449086866,0.000214135716359639,-0.000148018504121028,0.000416989944965837,0.263018810495488
"bivt",5e-04,10000,"0.1",TRUE,0.000605397723750857,-0.000551176052979864,0.00018840777878502,-0.000134186108014026,0.000416989944965837,0.263018810495488
"bivt",5e-04,10000,"0.01",TRUE,0.000693159698919301,-0.000582603650497202,0.000276169753953463,-0.000165613705531365,0.000416989944965837,0.263018810495488
"bivt",5e-04,10000,"0.05",TRUE,0.000883575768573378,-0.000804083309825311,0.00023764754899755,-0.000158155090249484,0.000645928219575828,0.233931194332702
"bivt",5e-04,10000,"0.1",TRUE,0.000848648226148962,-0.000791477152966125,0.000202720006573134,-0.000145548933390298,0.000645928219575828,0.233931194332702
"bivt",5e-04,10000,"0.01",TRUE,0.000953485284215037,-0.000832622224450513,0.000307557064639209,-0.000186694004874685,0.000645928219575828,0.233931194332702
"bivt",5e-04,10000,"0.05",TRUE,0.000844460267204688,-0.000750382511433142,0.000244319702550859,-0.000150241946779313,0.000600140564653829,0.255284395217339
"bivt",5e-04,10000,"0.1",TRUE,0.000810588310368513,-0.000739077194765877,0.000210447745714683,-0.000138936630112048,0.000600140564653829,0.255284395217339
"bivt",5e-04,10000,"0.01",TRUE,0.000901609056531433,-0.000782917927527609,0.000301468491877604,-0.00018277736287378,0.000600140564653829,0.255284395217339
"bivt",5e-04,10000,"0.05",TRUE,0.000457877079077309,-0.000382817490298601,0.000224037753799464,-0.000148978165020756,0.000233839325277845,0.261020486504439
"bivt",5e-04,10000,"0.1",TRUE,0.000419043512258335,-0.000373551180376504,0.00018520418698049,-0.000139711855098658,0.000233839325277845,0.261020486504439
"bivt",5e-04,10000,"0.01",TRUE,0.000523323971586649,-0.000412883601105713,0.000289484646308804,-0.000179044275827868,0.000233839325277845,0.261020486504439
"bivt",5e-04,10000,"0.05",TRUE,0.00060366538117212,-0.000550843208058059,0.000186675436206283,-0.000133853263092222,0.000416989944965837,0.281123508998871
"bivt",5e-04,10000,"0.1",TRUE,0.000574552174209137,-0.000540349035889549,0.0001575622292433,-0.000123359090923712,0.000416989944965837,0.281123508998871
"bivt",5e-04,10000,"0.01",TRUE,0.000642156329591622,-0.00057685665454341,0.000225166384625785,-0.000159866709577573,0.000416989944965837,0.281123508998871
"bivt",5e-04,10000,"0.05",TRUE,0.000664397089014043,-0.000570902192952053,0.000247407144048206,-0.000153912247986215,0.000416989944965837,0.256526760792467
"bivt",5e-04,10000,"0.1",TRUE,0.00063205618872564,-0.000560756404794984,0.000215066243759803,-0.000143766459829147,0.000416989944965837,0.256526760792467
"bivt",5e-04,10000,"0.01",TRUE,0.000750524222026352,-0.000593979931888942,0.000333534277060515,-0.000176989986923105,0.000416989944965837,0.256526760792467
"bivt",5e-04,10000,"0.05",TRUE,0.00058672367606036,-0.000509370111042182,0.000215521386016521,-0.000138167820998342,0.000371202290043839,0.278464057889801
"bivt",5e-04,10000,"0.1",TRUE,0.000547610394917518,-0.000494488145812246,0.000176408104873679,-0.000123285855768407,0.000371202290043839,0.278464057889801
"bivt",5e-04,10000,"0.01",TRUE,0.000659424381831537,-0.000530946767030451,0.000288222091787698,-0.000159744476986612,0.000371202290043839,0.278464057889801
"bivt",5e-04,10000,"0.05",TRUE,0.000745624394340073,-0.000674322104558669,0.000237059139530239,-0.000165756849748836,0.000508565254809833,0.254335684104106
"bivt",5e-04,10000,"0.1",TRUE,0.000718795885749479,-0.000660129159584332,0.000210230630939646,-0.000151563904774498,0.000508565254809833,0.254335684104106
"bivt",5e-04,10000,"0.01",TRUE,0.000803035242263099,-0.000696906295990368,0.000294469987453266,-0.000188341041180534,0.000508565254809833,0.254335684104106
"bivt",5e-04,10000,"0.05",TRUE,0.00041632514839763,-0.000358371479500107,0.000192287924455495,-0.000134334255557972,0.000224037223942135,0.283892231139684
"bivt",5e-04,10000,"0.1",TRUE,0.000376002383913952,-0.000341323345249028,0.000151965159971817,-0.000117286121306893,0.000224037223942135,0.283892231139684
"bivt",5e-04,10000,"0.01",TRUE,0.000469694549902434,-0.000380665732290676,0.000245657325960299,-0.000156628508348541,0.000224037223942135,0.283892231139684
"bivt",5e-04,10000,"0.05",TRUE,0.000604071655502152,-0.000522286654002115,0.000232869365458312,-0.000151084363958276,0.000371202290043839,0.26273113488207
"bivt",5e-04,10000,"0.1",TRUE,0.000579436283142436,-0.000511017970886386,0.000208233993098597,-0.000139815680842547,0.000371202290043839,0.26273113488207
"bivt",5e-04,10000,"0.01",TRUE,0.000669075549418892,-0.000545250532961754,0.000297873259375053,-0.000174048242917914,0.000371202290043839,0.26273113488207
"bivt",5e-04,10000,"0.05",TRUE,0.0005672420448815,-0.000504732861980109,0.000196039754837661,-0.000133530571936269,0.000371202290043839,0.288102803541751
"bivt",5e-04,10000,"0.1",TRUE,0.000540038195354532,-0.000493277750621194,0.000168835905310693,-0.000122075460577355,0.000371202290043839,0.288102803541751
"bivt",5e-04,10000,"0.01",TRUE,0.000625955442432875,-0.000531466854671107,0.000254753152389036,-0.000160264564627268,0.000371202290043839,0.288102803541751
"bivt",5e-04,10000,"0.05",TRUE,0.000772435892260139,-0.000706776282458077,0.000218082982528308,-0.000152423372726246,0.000554352909731831,0.234427663026437
"bivt",5e-04,10000,"0.1",TRUE,0.000741440138335583,-0.000692282560886661,0.000187087228603752,-0.000137929651154829,0.000554352909731831,0.234427663026437
"bivt",5e-04,10000,"0.01",TRUE,0.000834241706927561,-0.000735083546139145,0.00027988879719573,-0.000180730636407313,0.000554352909731831,0.234427663026437
"bivt",5e-04,10000,"0.05",TRUE,0.00088343966737804,-0.000803398522246876,0.000237511447802212,-0.000157470302671049,0.000645928219575828,0.253612211944948
"bivt",5e-04,10000,"0.1",TRUE,0.000848429144610746,-0.00079037978087267,0.000202500925034919,-0.000144451561296842,0.000645928219575828,0.253612211944948
"bivt",5e-04,10000,"0.01",TRUE,0.000963096378586795,-0.00082714921774179,0.000317168159010967,-0.000181220998165962,0.000645928219575828,0.253612211944948
"bivt",5e-04,10000,"0.05",TRUE,0.000759891270486848,-0.000704299628087105,0.000205538360755017,-0.000149946718355273,0.000554352909731831,0.238088390695407
"bivt",5e-04,10000,"0.1",TRUE,0.000727469451042217,-0.000688158992763024,0.000173116541310385,-0.000133806083031192,0.000554352909731831,0.238088390695407
"bivt",5e-04,10000,"0.01",TRUE,0.000827800385353407,-0.000735017748616374,0.000273447475621576,-0.000180664838884542,0.000554352909731831,0.238088390695407
"bivt",5e-04,10000,"0.05",TRUE,0.000475712814427847,-0.000413852789720808,0.000196085834228004,-0.000134225809520964,0.000279626980199843,0.290895926825014
"bivt",5e-04,10000,"0.1",TRUE,0.00044000076027855,-0.000405761864074412,0.000160373780078706,-0.000126134883874569,0.000279626980199843,0.290895926825014
"bivt",5e-04,10000,"0.01",TRUE,0.000526494949091508,-0.00044216887891662,0.000246867968891664,-0.000162541898716777,0.000279626980199843,0.290895926825014
"bivt",5e-04,10000,"0.05",TRUE,0.00045078337379658,-0.000381970079856814,0.000216944048518735,-0.000148130754578969,0.000233839325277845,0.26956700702804
"bivt",5e-04,10000,"0.1",TRUE,0.000421932930331702,-0.000369624432682894,0.000188093605053857,-0.000135785107405048,0.000233839325277845,0.26956700702804
"bivt",5e-04,10000,"0.01",TRUE,0.000524136008531554,-0.000401689727088891,0.000290296683253709,-0.000167850401811046,0.000233839325277845,0.26956700702804
"bivt",5e-04,10000,"0.05",TRUE,0.000521078267195193,-0.000493807912477456,0.000159678078487064,-0.000132407723769327,0.000361400188708129,0.302472227344577
"bivt",5e-04,10000,"0.1",TRUE,0.000504881803127715,-0.000478770297277358,0.000143481614419586,-0.000117370108569228,0.000361400188708129,0.302472227344577
"bivt",5e-04,10000,"0.01",TRUE,0.00055761873779276,-0.000511596001841289,0.000196218549084631,-0.00015019581313316,0.000361400188708129,0.302472227344577
"bivt",5e-04,10000,"0.05",TRUE,0.000591411302629005,-0.000521605955533046,0.000220209012585165,-0.000150403665489207,0.000371202290043839,0.250497970064386
"bivt",5e-04,10000,"0.1",TRUE,0.000555925538860762,-0.000512352941680335,0.000184723248816922,-0.000141150651636496,0.000371202290043839,0.250497970064386
"bivt",5e-04,10000,"0.01",TRUE,0.000674128501347434,-0.000551050954572816,0.000302926211303595,-0.000179848664528977,0.000371202290043839,0.250497970064386
"bivt",5e-04,10000,"0.05",TRUE,0.00083531949566453,-0.000764377341838027,0.000235178931010701,-0.000164236777184198,0.000600140564653829,0.262332331020034
"bivt",5e-04,10000,"0.1",TRUE,0.000808255637943579,-0.000747821059305323,0.000208115073289749,-0.000147680494651494,0.000600140564653829,0.262332331020034
"bivt",5e-04,10000,"0.01",TRUE,0.000882844030213707,-0.000790667856624633,0.000282703465559878,-0.000190527291970804,0.000600140564653829,0.262332331020034
"bivt",5e-04,10000,"0.05",TRUE,0.000626765117098692,-0.00056574324839939,0.000209775172132854,-0.000148753303433553,0.000416989944965837,0.247429970138357
"bivt",5e-04,10000,"0.1",TRUE,0.000592842693952861,-0.000556347427734774,0.000175852748987024,-0.000139357482768937,0.000416989944965837,0.247429970138357
"bivt",5e-04,10000,"0.01",TRUE,0.000677665070074952,-0.000593838915338038,0.000260675125109115,-0.0001768489703722,0.000416989944965837,0.247429970138357
"bivt",5e-04,10000,"0.05",TRUE,0.00142701799859631,-0.00130661882649187,0.000323213229800504,-0.000202814057696064,0.00110380476879581,0.219531431385811
"bivt",5e-04,10000,"0.1",TRUE,0.00137743344595422,-0.00129200355480782,0.00027362867715841,-0.000188198786012008,0.00110380476879581,0.219531431385811
"bivt",5e-04,10000,"0.01",TRUE,0.00151287703121627,-0.00133719275528226,0.000409072262420461,-0.000233387986486452,0.00110380476879581,0.219531431385811
"bivt",5e-04,10000,"0.05",TRUE,0.000457231593360802,-0.000417014770173519,0.000177604613160959,-0.000137387789973676,0.000279626980199843,0.272791595132795
"bivt",5e-04,10000,"0.1",TRUE,0.000438761646567513,-0.00040584378120012,0.000159134666367669,-0.000126216801000277,0.000279626980199843,0.272791595132795
"bivt",5e-04,10000,"0.01",TRUE,0.000503308327913886,-0.000442757894548986,0.000223681347714043,-0.000163130914349143,0.000279626980199843,0.272791595132795
"bivt",5e-04,10000,"0.05",TRUE,0.00050512367850427,-0.000427343622857739,0.000225496698304427,-0.000147716642657896,0.000279626980199843,0.282313291732258
"bivt",5e-04,10000,"0.1",TRUE,0.000469898531144331,-0.00041443523640633,0.000190271550944488,-0.000134808256206486,0.000279626980199843,0.282313291732258
"bivt",5e-04,10000,"0.01",TRUE,0.000542658641115753,-0.00045460555108708,0.000263031660915909,-0.000174978570887237,0.000279626980199843,0.282313291732258
"bivt",5e-04,10000,"0.05",TRUE,0.000516592481426809,-0.000469301865018233,0.000191177846304968,-0.000143887229896392,0.000325414635121841,0.267583201859372
"bivt",5e-04,10000,"0.1",TRUE,0.000486359537431881,-0.000456454334438198,0.00016094490231004,-0.000131039699316356,0.000325414635121841,0.267583201859372
"bivt",5e-04,10000,"0.01",TRUE,0.000563736031676083,-0.000495418976553382,0.000238321396554242,-0.00017000434143154,0.000325414635121841,0.267583201859372
"bivt",5e-04,10000,"0.05",TRUE,0.000886931104797745,-0.000825437213604054,0.000241002885221917,-0.000179508994028226,0.000645928219575828,0.227817541158269
"bivt",5e-04,10000,"0.1",TRUE,0.000861998049596274,-0.000807314878102059,0.000216069830020447,-0.000161386658526232,0.000645928219575828,0.227817541158269
"bivt",5e-04,10000,"0.01",TRUE,0.000959241859572221,-0.000847978960559905,0.000313313639996394,-0.000202050740984077,0.000645928219575828,0.227817541158269
"bivt",5e-04,10000,"0.05",TRUE,0.000312189418827777,-0.000266605076310297,0.000169925403393928,-0.000124341060876448,0.000142264015433849,0.293263843694112
"bivt",5e-04,10000,"0.1",TRUE,0.000288668823888681,-0.000255841744135363,0.000146404808454832,-0.000113577728701514,0.000142264015433849,0.293263843694112
"bivt",5e-04,10000,"0.01",TRUE,0.000363954127900966,-0.000289537484772019,0.000221690112467117,-0.00014727346933817,0.000142264015433849,0.293263843694112
"bivt",5e-04,10000,"0.05",TRUE,0.00106233138579479,-0.000890773850837476,0.000370615511296966,-0.00019905797633965,0.000691715874497825,0.242117236826705
"bivt",5e-04,10000,"0.1",TRUE,0.000995847812014736,-0.000877432233672264,0.000304131937516911,-0.000185716359174439,0.000691715874497825,0.242117236826705
"bivt",5e-04,10000,"0.01",TRUE,0.00111912683264749,-0.000903621575472704,0.000427410958149663,-0.000211905700974879,0.000691715874497825,0.242117236826705
"bivt",5e-04,10000,"0.05",TRUE,0.000784180732135436,-0.000712034175712165,0.000229827822403604,-0.000157681265980333,0.000554352909731831,0.221372046763021
"bivt",5e-04,10000,"0.1",TRUE,0.000755721839664392,-0.000696971886636647,0.000201368929932561,-0.000142618976904816,0.000554352909731831,0.221372046763021
"bivt",5e-04,10000,"0.01",TRUE,0.000860529272168414,-0.000735432374379002,0.000306176362436582,-0.000181079464647171,0.000554352909731831,0.221372046763021
"bivt",5e-04,10000,"0.05",TRUE,0.000589801846699227,-0.000537173099047737,0.00017281190173339,-0.0001201831540819,0.000416989944965837,0.27191494388746
"bivt",5e-04,10000,"0.1",TRUE,0.000561541203563087,-0.000525522701660517,0.000144551258597249,-0.00010853275669468,0.000416989944965837,0.27191494388746
"bivt",5e-04,10000,"0.01",TRUE,0.000626369900777907,-0.000553019269527189,0.000209379955812069,-0.000136029324561351,0.000416989944965837,0.27191494388746
"bivt",5e-04,10000,"0.05",TRUE,0.000475595295451298,-0.000437189364077795,0.000159982761665167,-0.000121576830291664,0.000315612533786131,0.306020563181715
"bivt",5e-04,10000,"0.1",TRUE,0.000451743091762528,-0.000421280256699192,0.000136130557976397,-0.000105667722913061,0.000315612533786131,0.306020563181715
"bivt",5e-04,10000,"0.01",TRUE,0.000522925665283382,-0.000456094461324719,0.000207313131497251,-0.000140481927538588,0.000315612533786131,0.306020563181715
"bivt",5e-04,10000,"0.05",TRUE,0.000794216797030101,-0.000718757676880353,0.000239863887298269,-0.000164404767148522,0.000554352909731831,0.238010584775488
"bivt",5e-04,10000,"0.1",TRUE,0.000760312177473264,-0.000705120843533229,0.000205959267741432,-0.000150767933801397,0.000554352909731831,0.238010584775488
"bivt",5e-04,10000,"0.01",TRUE,0.00083766352608788,-0.000740612092284837,0.000283310616356048,-0.000186259182553006,0.000554352909731831,0.238010584775488
"bivt",5e-04,10000,"0.05",TRUE,0.000914406566443933,-0.000778005546459324,0.000314266001790104,-0.000177864981805494,0.000600140564653829,0.222947966003197
"bivt",5e-04,10000,"0.1",TRUE,0.000868661115973457,-0.000763812742581196,0.000268520551319628,-0.000163672177927366,0.000600140564653829,0.222947966003197
"bivt",5e-04,10000,"0.01",TRUE,0.000984845411342115,-0.000806380953299795,0.000384704846688285,-0.000206240388645966,0.000600140564653829,0.222947966003197
"bivt",5e-04,10000,"0.05",TRUE,0.000693819865613467,-0.00061154290368098,0.000231042265725632,-0.000148765303793145,0.000462777599887835,0.228339855945561
"bivt",5e-04,10000,"0.1",TRUE,0.000668290144406017,-0.000597768232467139,0.000205512544518181,-0.000134990632579303,0.000462777599887835,0.228339855945561
"bivt",5e-04,10000,"0.01",TRUE,0.000747330838507815,-0.000635465940091009,0.00028455323861998,-0.000172688340203174,0.000462777599887835,0.228339855945561
"bivt",5e-04,10000,"0.05",TRUE,0.000644679996461082,-0.000597616049984827,0.000181902396573247,-0.000134838450096991,0.000462777599887835,0.287020951983001
"bivt",5e-04,10000,"0.1",TRUE,0.000626809301895114,-0.000585705949202328,0.000164031702007279,-0.000122928349314493,0.000462777599887835,0.287020951983001
"bivt",5e-04,10000,"0.01",TRUE,0.000702983172587908,-0.000624085083368446,0.000240205572700073,-0.000161307483480611,0.000462777599887835,0.287020951983001
"bivt",5e-04,10000,"0.05",TRUE,0.000351939715558665,-0.000315343679176714,0.000163888045202818,-0.000127292008820867,0.000188051670355847,0.281648537772335
"bivt",5e-04,10000,"0.1",TRUE,0.000334278103755188,-0.000300890147219067,0.00014622643339934,-0.00011283847686322,0.000188051670355847,0.281648537772335
"bivt",5e-04,10000,"0.01",TRUE,0.000412515614532003,-0.000332594732324762,0.000224463944176156,-0.000144543061968914,0.000188051670355847,0.281648537772335
"bivt",5e-04,10000,"0.05",TRUE,0.000985165361715282,-0.000904965567893632,0.000247661832295459,-0.000167462038473809,0.000737503529419824,0.241647212484386
"bivt",5e-04,10000,"0.1",TRUE,0.000952306519512073,-0.000890448743906975,0.000214802990092249,-0.000152945214487151,0.000737503529419824,0.241647212484386
"bivt",5e-04,10000,"0.01",TRUE,0.00106924349613856,-0.000925095409621719,0.000331739966718734,-0.000187591880201895,0.000737503529419824,0.241647212484386
"bivt",5e-04,10000,"0.05",TRUE,0.000506363175919322,-0.000463314361469713,0.000190750642133191,-0.000147701827683582,0.000315612533786131,0.2678672484505
"bivt",5e-04,10000,"0.1",TRUE,0.000489347660943253,-0.000448514946353716,0.000173735127157122,-0.000132902412567584,0.000315612533786131,0.2678672484505
"bivt",5e-04,10000,"0.01",TRUE,0.000561093232944433,-0.000482640834413197,0.000245480699158302,-0.000167028300627066,0.000315612533786131,0.2678672484505
"bivt",5e-04,10000,"0.05",TRUE,0.00063343800536397,-0.000570184262814129,0.000216448060398133,-0.000153194317848292,0.000416989944965837,0.251908111039944
"bivt",5e-04,10000,"0.1",TRUE,0.000606095022517995,-0.000554627354426605,0.000189105077552157,-0.000137637409460768,0.000416989944965837,0.251908111039944
"bivt",5e-04,10000,"0.01",TRUE,0.000697245873089447,-0.000593277121529529,0.00028025592812361,-0.000176287176563692,0.000416989944965837,0.251908111039944
"bivt",5e-04,10000,"0.05",TRUE,0.000744292404977436,-0.000655589777120417,0.000235727150167603,-0.000147024522310584,0.000508565254809833,0.263964992962137
"bivt",5e-04,10000,"0.1",TRUE,0.000710125210348794,-0.000643853643283738,0.00020155995553896,-0.000135288388473904,0.000508565254809833,0.263964992962137
"bivt",5e-04,10000,"0.01",TRUE,0.000807128591483894,-0.000678133933909332,0.000298563336674061,-0.000169568679099498,0.000508565254809833,0.263964992962137
"bivt",5e-04,10000,"0.05",TRUE,0.00124458198028029,-0.00110879352546452,0.00032392783117247,-0.000188139376356705,0.000920654149107816,0.237524251106911
"bivt",5e-04,10000,"0.1",TRUE,0.00119952818412874,-0.00109062716849429,0.000278874035020921,-0.00016997301938647,0.000920654149107816,0.237524251106911
"bivt",5e-04,10000,"0.01",TRUE,0.00132246979030539,-0.00113615372328376,0.000401815641197579,-0.000215499574175941,0.000920654149107816,0.237524251106911
"bivt",5e-04,10000,"0.05",TRUE,0.00112479800124039,-0.00101658915742257,0.000295719161976573,-0.000187510318158752,0.000829078839263819,0.220958074817121
"bivt",5e-04,10000,"0.1",TRUE,0.00109003912816989,-0.00100092166659372,0.00026096028890607,-0.000171842827329896,0.000829078839263819,0.220958074817121
"bivt",5e-04,10000,"0.01",TRUE,0.00121232896585939,-0.00104086438945615,0.000383250126595568,-0.000211785550192329,0.000829078839263819,0.220958074817121
"bivt",5e-04,10000,"0.05",TRUE,0.000609763892164016,-0.000560136428197681,0.000192773947198179,-0.000143146483231844,0.000416989944965837,0.28118239547613
"bivt",5e-04,10000,"0.1",TRUE,0.000590580872636918,-0.00054489827500865,0.000173590927671081,-0.000127908330042813,0.000416989944965837,0.28118239547613
"bivt",5e-04,10000,"0.01",TRUE,0.00068270135533427,-0.000585515765606917,0.000265711410368432,-0.00016852582064108,0.000416989944965837,0.28118239547613
"bivt",5e-04,10000,"0.05",TRUE,0.000421051590496156,-0.00035979087618283,0.000197014366554021,-0.000135753652240695,0.000224037223942135,0.319060014482036
"bivt",5e-04,10000,"0.1",TRUE,0.000393570242852007,-0.000348967556973888,0.000169533018909872,-0.000124930333031753,0.000224037223942135,0.319060014482036
"bivt",5e-04,10000,"0.01",TRUE,0.000463334118635731,-0.000378110024546333,0.000239296894693596,-0.000154072800604198,0.000224037223942135,0.319060014482036
"bivt",5e-04,10000,"0.05",TRUE,0.000707893866852395,-0.00060459865135078,0.000245116266964559,-0.000141821051462944,0.000462777599887835,0.290419468067107
"bivt",5e-04,10000,"0.1",TRUE,0.000661505727503592,-0.00059340863462006,0.000198728127615757,-0.000130631034732224,0.000462777599887835,0.290419468067107
"bivt",5e-04,10000,"0.01",TRUE,0.000776119457141195,-0.00063953759880507,0.000313341857253359,-0.000176759998917235,0.000462777599887835,0.290419468067107
"bivt",5e-04,10000,"0.05",TRUE,0.00051336540984114,-0.000459808104094521,0.000197752876055009,-0.00014419557030839,0.000315612533786131,0.293529590081627
"bivt",5e-04,10000,"0.1",TRUE,0.000487118204990791,-0.000444460911183286,0.00017150567120466,-0.000128848377397155,0.000315612533786131,0.293529590081627
"bivt",5e-04,10000,"0.01",TRUE,0.000574011633439816,-0.000486076110223397,0.000258399099653685,-0.000170463576437266,0.000315612533786131,0.293529590081627
"bivt",5e-04,10000,"0.05",TRUE,0.000528254937170931,-0.000445743589444288,0.000248627956971088,-0.000166116609244444,0.000279626980199843,0.255393842978416
"bivt",5e-04,10000,"0.1",TRUE,0.000503098105959827,-0.000432101281128966,0.000223471125759983,-0.000152474300929123,0.000279626980199843,0.255393842978416
"bivt",5e-04,10000,"0.01",TRUE,0.000575390653772168,-0.000467667165304588,0.000295763673572325,-0.000188040185104744,0.000279626980199843,0.255393842978416
"bivt",5e-04,10000,"0.05",TRUE,0.000602299278153661,-0.000525416861316574,0.000195111434523534,-0.000118229017686447,0.000407187843630127,0.316682427967545
"bivt",5e-04,10000,"0.1",TRUE,0.000579325926572132,-0.000516323908931148,0.000172138082942005,-0.000109136065301021,0.000407187843630127,0.316682427967545
"bivt",5e-04,10000,"0.01",TRUE,0.00066781417914371,-0.000541681512863135,0.000260626335513583,-0.000134493669233008,0.000407187843630127,0.316682427967545
"bivt",5e-04,10000,"0.05",TRUE,0.000531085222611699,-0.000494535099790026,0.000205670587489858,-0.000169120464668185,0.000325414635121841,0.255715699660116
"bivt",5e-04,10000,"0.1",TRUE,0.000503336854921335,-0.000478379412347694,0.000177922219799494,-0.000152964777225853,0.000325414635121841,0.255715699660116
"bivt",5e-04,10000,"0.01",TRUE,0.000588128704363442,-0.000510437289316671,0.000262714069241601,-0.00018502265419483,0.000325414635121841,0.255715699660116
"bivt",5e-04,10000,"0.05",TRUE,0.000944809295467526,-0.000878316029815465,0.000207305766047702,-0.000140812500395641,0.000737503529419824,0.267007304465777
"bivt",5e-04,10000,"0.1",TRUE,0.000928988036987748,-0.000869780319689943,0.000191484507567924,-0.00013227679027012,0.000737503529419824,0.267007304465777
"bivt",5e-04,10000,"0.01",TRUE,0.00100012164841248,-0.000896463140257246,0.000262618118992659,-0.000158959610837422,0.000737503529419824,0.267007304465777
"bivt",5e-04,10000,"0.05",TRUE,0.000754417460411028,-0.000691246133901182,0.000200064550679196,-0.000136893224169351,0.000554352909731831,0.293963858877206
"bivt",5e-04,10000,"0.1",TRUE,0.000728127244399624,-0.000679493133185807,0.000173774334667793,-0.000125140223453976,0.000554352909731831,0.293963858877206
"bivt",5e-04,10000,"0.01",TRUE,0.000841687130343215,-0.000711387667865956,0.000287334220611383,-0.000157034758134125,0.000554352909731831,0.293963858877206
"bivt",5e-04,10000,"0.05",TRUE,0.000873092511907407,-0.000801676093051529,0.000227164292331579,-0.000155747873475702,0.000645928219575828,0.272414837594262
"bivt",5e-04,10000,"0.1",TRUE,0.000848138994193879,-0.00079174632774382,0.000202210774618051,-0.000145818108167992,0.000645928219575828,0.272414837594262
"bivt",5e-04,10000,"0.01",TRUE,0.000943010232064901,-0.000829730266314123,0.000297082012489074,-0.000183802046738296,0.000645928219575828,0.272414837594262
"bivt",5e-04,10000,"0.05",TRUE,0.000569095773268219,-0.000514553381127051,0.00019789348322438,-0.000143351091083212,0.000371202290043839,0.308416746196493
"bivt",5e-04,10000,"0.1",TRUE,0.000549259654265086,-0.000501523189811738,0.000178057364221247,-0.000130320899767899,0.000371202290043839,0.308416746196493
"bivt",5e-04,10000,"0.01",TRUE,0.000614487750701493,-0.000539740896492443,0.000243285460657654,-0.000168538606448604,0.000371202290043839,0.308416746196493
"bivt",5e-04,10000,"0.05",TRUE,0.000506493229565314,-0.000443156934965526,0.000190880695779183,-0.000127544401179395,0.000315612533786131,0.294397853691113
"bivt",5e-04,10000,"0.1",TRUE,0.000477025809913748,-0.000428481024641954,0.000161413276127617,-0.000112868490855823,0.000315612533786131,0.294397853691113
"bivt",5e-04,10000,"0.01",TRUE,0.000580191452037978,-0.000467887796102731,0.000264578918251846,-0.0001522752623166,0.000315612533786131,0.294397853691113
"bivt",5e-04,10000,"0.05",TRUE,0.000920015384637751,-0.00080008633298505,0.000274087165061924,-0.000154158113409223,0.000645928219575828,0.2345928585453
"bivt",5e-04,10000,"0.1",TRUE,0.00088244610044379,-0.000784185881031526,0.000236517880867963,-0.000138257661455698,0.000645928219575828,0.2345928585453
"bivt",5e-04,10000,"0.01",TRUE,0.00098619482671437,-0.000822213105027859,0.000340266607138543,-0.000176284885452032,0.000645928219575828,0.2345928585453
"bivt",5e-04,10000,"0.05",TRUE,0.000526787514888689,-0.000468006838819006,0.000201372879766847,-0.000142592203697164,0.000325414635121841,0.265404872958596
"bivt",5e-04,10000,"0.1",TRUE,0.00049918433632779,-0.000453588422712654,0.000173769701205949,-0.000128173787590813,0.000325414635121841,0.265404872958596
"bivt",5e-04,10000,"0.01",TRUE,0.000577475388142432,-0.000489243136261053,0.000252060753020591,-0.000163828501139212,0.000325414635121841,0.265404872958596
"bivt",5e-04,10000,"0.05",TRUE,0.000532408412997046,-0.000454096056060315,0.000206993777875205,-0.000128681420938474,0.000325414635121841,0.281777357946489
"bivt",5e-04,10000,"0.1",TRUE,0.000501147756984117,-0.000445118663318452,0.000175733121862275,-0.00011970402819661,0.000325414635121841,0.281777357946489
"bivt",5e-04,10000,"0.01",TRUE,0.000570471573979146,-0.000470457315597771,0.000245056938857304,-0.00014504268047593,0.000325414635121841,0.281777357946489
"bivt",5e-04,10000,"0.05",TRUE,0.000686072850677618,-0.00061862127222781,0.000223295250789783,-0.000155843672339975,0.000462777599887835,0.262432854060148
"bivt",5e-04,10000,"0.1",TRUE,0.000647974791638113,-0.000604371799889359,0.000185197191750278,-0.000141594200001523,0.000462777599887835,0.262432854060148
"bivt",5e-04,10000,"0.01",TRUE,0.000757495711028236,-0.00063761222588467,0.000294718111140401,-0.000174834625996835,0.000462777599887835,0.262432854060148
"bivt",5e-04,10000,"0.05",TRUE,0.000496861559250466,-0.000436333185179709,0.000181249025464335,-0.000120720651393578,0.000315612533786131,0.312180097218531
"bivt",5e-04,10000,"0.1",TRUE,0.000467518780049955,-0.000423665121063764,0.000151906246263824,-0.000108052587277633,0.000315612533786131,0.312180097218531
"bivt",5e-04,10000,"0.01",TRUE,0.000554983607073479,-0.000455636692249861,0.000239371073287348,-0.00014002415846373,0.000315612533786131,0.312180097218531
"bivt",5e-04,10000,"0.05",TRUE,0.000742056753085898,-0.000644380455455637,0.000279279153198062,-0.000181602855567802,0.000462777599887835,0.231278454796767
"bivt",5e-04,10000,"0.1",TRUE,0.000698289630386515,-0.000631199673060882,0.000235512030498679,-0.000168422073173046,0.000462777599887835,0.231278454796767
"bivt",5e-04,10000,"0.01",TRUE,0.000810936488335634,-0.000678019011816664,0.000348158888447799,-0.000215241411928829,0.000462777599887835,0.231278454796767
"bivt",5e-04,10000,"0.05",TRUE,0.00110695141244021,-0.0010464447731429,0.000232084918254393,-0.000171578278957081,0.000874866494185818,0.23898014554397
"bivt",5e-04,10000,"0.1",TRUE,0.0010837962473115,-0.00103237646905865,0.000208929753125678,-0.000157509974872837,0.000874866494185818,0.23898014554397
"bivt",5e-04,10000,"0.01",TRUE,0.00116447226974569,-0.00106614487811142,0.000289605775559872,-0.000191278383925602,0.000874866494185818,0.23898014554397
"bivt",5e-04,10000,"0.05",TRUE,0.000635449362018961,-0.000555880354949897,0.000218459417053124,-0.00013889040998406,0.000416989944965837,0.28358477287687
"bivt",5e-04,10000,"0.1",TRUE,0.000606565639225849,-0.000548205435031074,0.000189575694260011,-0.000131215490065237,0.000416989944965837,0.28358477287687
"bivt",5e-04,10000,"0.01",TRUE,0.000693427200695054,-0.000580471075579885,0.000276437255729217,-0.000163481130614048,0.000416989944965837,0.28358477287687
"bivt",5e-04,10000,"0.05",TRUE,0.000582624747406232,-0.000519378625358978,0.000211422457362393,-0.000148176335315139,0.000371202290043839,0.286736272197261
"bivt",5e-04,10000,"0.1",TRUE,0.000553167211928729,-0.000504853513592835,0.00018196492188489,-0.000133651223548996,0.000371202290043839,0.286736272197261
"bivt",5e-04,10000,"0.01",TRUE,0.000638127377407066,-0.00055907276651728,0.000266925087363227,-0.00018787047647344,0.000371202290043839,0.286736272197261
"bivt",5e-04,10000,"0.05",TRUE,0.000550237666447068,-0.000501336339900928,0.000179035376403229,-0.000130134049857089,0.000371202290043839,0.276856046853732
"bivt",5e-04,10000,"0.1",TRUE,0.000524814793313996,-0.000491665183284021,0.000153612503270157,-0.000120462893240182,0.000371202290043839,0.276856046853732
"bivt",5e-04,10000,"0.01",TRUE,0.000595588751212591,-0.000531507975490903,0.000224386461168752,-0.000160305685447064,0.000371202290043839,0.276856046853732
"bivt",5e-04,10000,"0.05",TRUE,0.000382980846700913,-0.000315025172812508,0.000204731277680776,-0.000136775603792371,0.000178249569020137,0.275841699157315
"bivt",5e-04,10000,"0.1",TRUE,0.000358313092777905,-0.000302420953026875,0.000180063523757768,-0.000124171384006738,0.000178249569020137,0.275841699157315
"bivt",5e-04,10000,"0.01",TRUE,0.000450899351777433,-0.000352037670718682,0.000272649782757295,-0.000173788101698545,0.000178249569020137,0.275841699157315
"bivt",5e-04,10000,"0.05",TRUE,0.000848978177193469,-0.000764743928990075,0.00024883761253964,-0.000164603364336245,0.000600140564653829,0.234718901023122
"bivt",5e-04,10000,"0.1",TRUE,0.000825605896967896,-0.00074981272086879,0.000225465332314067,-0.000149672156214961,0.000600140564653829,0.234718901023122
"bivt",5e-04,10000,"0.01",TRUE,0.000900616839708874,-0.000780649206582322,0.000300476275055044,-0.000180508641928493,0.000600140564653829,0.234718901023122
"bivt",5e-04,10000,"0.05",TRUE,0.000743022152997752,-0.000660889238155672,0.000234456898187918,-0.000152323983345839,0.000508565254809833,0.247631341544381
"bivt",5e-04,10000,"0.1",TRUE,0.000717619400221086,-0.000648651096665055,0.000209054145411253,-0.000140085841855221,0.000508565254809833,0.247631341544381
"bivt",5e-04,10000,"0.01",TRUE,0.000794690045132278,-0.000684458186367949,0.000286124790322445,-0.000175892931558115,0.000508565254809833,0.247631341544381
"bivt",5e-04,10000,"0.05",TRUE,0.000689456303665201,-0.000614600110583697,0.000226678703777366,-0.000151822510695862,0.000462777599887835,0.279843823049991
"bivt",5e-04,10000,"0.1",TRUE,0.000665816097612086,-0.000600817896994691,0.000203038497724251,-0.000138040297106856,0.000462777599887835,0.279843823049991
"bivt",5e-04,10000,"0.01",TRUE,0.000734909602288024,-0.000644618537439849,0.000272132002400188,-0.000181840937552014,0.000462777599887835,0.279843823049991
"bivt",5e-04,10000,"0.05",TRUE,0.000649493987922727,-0.000592403862205678,0.000186716388034892,-0.000129626262317843,0.000462777599887835,0.274210512055348
"bivt",5e-04,10000,"0.1",TRUE,0.000618595711533859,-0.000585594718919538,0.000155818111646024,-0.000122817119031703,0.000462777599887835,0.274210512055348
"bivt",5e-04,10000,"0.01",TRUE,0.000713255295289294,-0.000615130810338788,0.000250477695401458,-0.000152353210450953,0.000462777599887835,0.274210512055348
"bivt",5e-04,10000,"0.05",TRUE,0.000418575068624936,-0.000358482351900986,0.000184735743347091,-0.000124643026623141,0.000233839325277845,0.317028663828173
"bivt",5e-04,10000,"0.1",TRUE,0.000390710275937749,-0.000351078873711364,0.000156870950659904,-0.000117239548433519,0.000233839325277845,0.317028663828173
"bivt",5e-04,10000,"0.01",TRUE,0.00046035310651526,-0.000387890297654994,0.000226513781237415,-0.000154050972377149,0.000233839325277845,0.317028663828173
"bivt",5e-04,10000,"0.05",TRUE,0.000815698799981236,-0.000720392997739047,0.000261345890249405,-0.000166040088007215,0.000554352909731831,0.246169114579526
"bivt",5e-04,10000,"0.1",TRUE,0.000771783539350854,-0.000709868969931134,0.000217430629619023,-0.000155516060199302,0.000554352909731831,0.246169114579526
"bivt",5e-04,10000,"0.01",TRUE,0.000902965114436563,-0.000743703540221692,0.000348612204704732,-0.000189350630489861,0.000554352909731831,0.246169114579526
"bivt",5e-04,10000,"0.05",TRUE,0.000929076015056656,-0.000809160261996614,0.000283147795480828,-0.000163232042420787,0.000645928219575828,0.252728585319942
"bivt",5e-04,10000,"0.1",TRUE,0.000885005887427361,-0.000795796195637876,0.000239077667851534,-0.000149867976062048,0.000645928219575828,0.252728585319942
"bivt",5e-04,10000,"0.01",TRUE,0.000979464333923106,-0.00083049695482094,0.000333536114347279,-0.000184568735245113,0.000645928219575828,0.252728585319942
"bivt",5e-04,10000,"0.05",TRUE,0.000383604516050128,-0.000328397173148176,0.000195552845694281,-0.000140345502792329,0.000188051670355847,0.29175630796585
"bivt",5e-04,10000,"0.1",TRUE,0.000357921908964667,-0.00031548084405222,0.00016987023860882,-0.000127429173696373,0.000188051670355847,0.29175630796585
"bivt",5e-04,10000,"0.01",TRUE,0.000468914157159978,-0.000357831019002406,0.000280862486804131,-0.000169779348646559,0.000188051670355847,0.29175630796585
"bivt",5e-04,10000,"0.05",TRUE,0.000638111923335188,-0.000581509594002155,0.000185136424783063,-0.00012853409545003,0.000452975498552125,0.312543536418759
"bivt",5e-04,10000,"0.1",TRUE,0.000608629689872588,-0.000571022358015344,0.000155654191320462,-0.000118046859463218,0.000452975498552125,0.312543536418759
"bivt",5e-04,10000,"0.01",TRUE,0.000684923534133972,-0.000596820308864291,0.000231948035581846,-0.000143844810312165,0.000452975498552125,0.312543536418759
"bivt",5e-04,10000,"0.05",TRUE,0.000484579275172933,-0.000401182622201435,0.000250739949895088,-0.000167343296923589,0.000233839325277845,0.289616432384648
"bivt",5e-04,10000,"0.1",TRUE,0.000448600825445149,-0.000388137921890795,0.000214761500167304,-0.00015429859661295,0.000233839325277845,0.289616432384648
"bivt",5e-04,10000,"0.01",TRUE,0.000547905000879569,-0.00043391191209249,0.000314065675601724,-0.000200072586814644,0.000233839325277845,0.289616432384648
"bivt",5e-04,10000,"0.05",TRUE,0.000711233114153948,-0.000625230729332354,0.000248455514266113,-0.000162453129444519,0.000462777599887835,0.242431331726328
"bivt",5e-04,10000,"0.1",TRUE,0.000688605445362912,-0.000611781050148867,0.000225827845475076,-0.000149003450261032,0.000462777599887835,0.242431331726328
"bivt",5e-04,10000,"0.01",TRUE,0.000768457803109325,-0.000656244738948092,0.000305680203221489,-0.000193467139060257,0.000462777599887835,0.242431331726328
"bivt",5e-04,10000,"0.05",TRUE,0.000531382940625133,-0.000480126117657363,0.000205968305503292,-0.000154711482535522,0.000325414635121841,0.279016655114156
"bivt",5e-04,10000,"0.1",TRUE,0.000506148942858917,-0.000460877379451147,0.000180734307737076,-0.000135462744329306,0.000325414635121841,0.279016655114156
"bivt",5e-04,10000,"0.01",TRUE,0.000593668372973195,-0.000500858527640104,0.000268253737851353,-0.000175443892518262,0.000325414635121841,0.279016655114156
"bivt",5e-04,10000,"0.05",TRUE,0.000423781602113735,-0.000389967615006366,0.00018994227683589,-0.000156128289728521,0.000233839325277845,0.273108508205221
"bivt",5e-04,10000,"0.1",TRUE,0.000412788960487781,-0.00037620365951328,0.000178949635209936,-0.000142364334235435,0.000233839325277845,0.273108508205221
"bivt",5e-04,10000,"0.01",TRUE,0.000473463353436451,-0.000409135925047418,0.000239624028158606,-0.000175296599769573,0.000233839325277845,0.273108508205221
"bivt",5e-04,10000,"0.05",TRUE,0.000710366442945905,-0.000651281500364541,0.000201801188136072,-0.000142716245554707,0.000508565254809833,0.260565982839573
"bivt",5e-04,10000,"0.1",TRUE,0.000689127139668059,-0.000639844094343457,0.000180561884858226,-0.000131278839533624,0.000508565254809833,0.260565982839573
"bivt",5e-04,10000,"0.01",TRUE,0.000763383036758205,-0.000672162827273878,0.000254817781948372,-0.000163597572464045,0.000508565254809833,0.260565982839573
"bivt",5e-04,10000,"0.05",TRUE,0.000486075877610369,-0.000400306295112407,0.000216250998746236,-0.000130481416248274,0.000269824878864133,0.269161970400344
"bivt",5e-04,10000,"0.1",TRUE,0.000440407263236131,-0.000387914272335865,0.000170582384371998,-0.000118089393471732,0.000269824878864133,0.269161970400344
"bivt",5e-04,10000,"0.01",TRUE,0.000520294735453027,-0.000430416799954152,0.000250469856588894,-0.000160591921090019,0.000269824878864133,0.269161970400344
"bivt",5e-04,10000,"0.05",TRUE,0.000403135480570352,-0.000354258914206637,0.000169296155292507,-0.000120419588928792,0.000233839325277845,0.315094991298679
"bivt",5e-04,10000,"0.1",TRUE,0.000380004269897856,-0.000344886382601613,0.000146164944620011,-0.000111047057323768,0.000233839325277845,0.315094991298679
"bivt",5e-04,10000,"0.01",TRUE,0.000454559031580015,-0.000372530603623797,0.00022071970630217,-0.000138691278345952,0.000233839325277845,0.315094991298679
"bivt",5e-04,10000,"0.05",TRUE,0.000967304582285245,-0.00085650750720681,0.00027558870778742,-0.000164791632708985,0.000691715874497825,0.227797984041901
"bivt",5e-04,10000,"0.1",TRUE,0.000931209779310765,-0.00084707129127047,0.000239493904812939,-0.000155355416772645,0.000691715874497825,0.227797984041901
"bivt",5e-04,10000,"0.01",TRUE,0.00104751235847771,-0.000885028059186917,0.000355796483979887,-0.000193312184689092,0.000691715874497825,0.227797984041901
"bivt",5e-04,10000,"0.05",TRUE,0.000466009306417062,-0.000418745371739755,0.000186382326217219,-0.000139118391539911,0.000279626980199843,0.281613542593556
"bivt",5e-04,10000,"0.1",TRUE,0.000446823344788185,-0.000407351801098225,0.000167196364588342,-0.000127724820898382,0.000279626980199843,0.281613542593556
"bivt",5e-04,10000,"0.01",TRUE,0.00051937673332115,-0.0004325530951335,0.000239749753121307,-0.000152926114933656,0.000279626980199843,0.281613542593556
"bivt",5e-04,10000,"0.05",TRUE,0.000644799271455587,-0.000567303170849597,0.000227809326489749,-0.00015031322588376,0.000416989944965837,0.272751712918189
"bivt",5e-04,10000,"0.1",TRUE,0.000623056534457311,-0.000551902779048174,0.000206066589491474,-0.000134912834082336,0.000416989944965837,0.272751712918189
"bivt",5e-04,10000,"0.01",TRUE,0.000722050962093958,-0.000593930090929962,0.000305061017128121,-0.000176940145964124,0.000416989944965837,0.272751712918189
"bivt",5e-04,10000,"0.05",TRUE,0.00112034488197339,-0.00101348615307222,0.00029126604270957,-0.000184407313808405,0.000829078839263819,0.223662676608765
"bivt",5e-04,10000,"0.1",TRUE,0.00106979908514704,-0.000989207233425434,0.000240720245883225,-0.000160128394161615,0.000829078839263819,0.223662676608765
"bivt",5e-04,10000,"0.01",TRUE,0.00123097702549075,-0.00103731396084345,0.000401898186226935,-0.000208235121579633,0.000829078839263819,0.223662676608765
"bivt",5e-04,10000,"0.05",TRUE,0.000877539327287482,-0.00079642991038047,0.000231611107711655,-0.000150501690804643,0.000645928219575828,0.242612628410706
"bivt",5e-04,10000,"0.1",TRUE,0.000841312079317459,-0.000783455514727093,0.000195383859741631,-0.000137527295151265,0.000645928219575828,0.242612628410706
"bivt",5e-04,10000,"0.01",TRUE,0.000933896437756391,-0.00082429857823214,0.000287968218180564,-0.000178370358656312,0.000645928219575828,0.242612628410706
"bivt",5e-04,10000,"0.05",TRUE,0.000427470447346562,-0.00037744852147348,0.000193631122068717,-0.000143609196195635,0.000233839325277845,0.282344709592139
"bivt",5e-04,10000,"0.1",TRUE,0.000411951892268252,-0.000363346660454786,0.000178112566990407,-0.000129507335176941,0.000233839325277845,0.282344709592139
"bivt",5e-04,10000,"0.01",TRUE,0.000477425536076124,-0.000406707397460546,0.000243586210798279,-0.000172868072182701,0.000233839325277845,0.282344709592139
"bivt",5e-04,10000,"0.05",TRUE,0.000385540594418406,-0.000337579193417153,0.000197488924062559,-0.000149527523061306,0.000188051670355847,0.270759441705846
"bivt",5e-04,10000,"0.1",TRUE,0.00036018600305747,-0.000324093833031207,0.000172134332701623,-0.00013604216267536,0.000188051670355847,0.270759441705846
"bivt",5e-04,10000,"0.01",TRUE,0.000436677687459905,-0.00036012295959247,0.000248626017104058,-0.000172071289236623,0.000188051670355847,0.270759441705846
"bivt",5e-04,10000,"0.05",TRUE,0.000710801427619139,-0.00065276435013997,0.000202236172809306,-0.000144199095330137,0.000508565254809833,0.282399035257469
"bivt",5e-04,10000,"0.1",TRUE,0.000689360174829833,-0.000635539524066691,0.00018079492002,-0.000126974269256857,0.000508565254809833,0.282399035257469
"bivt",5e-04,10000,"0.01",TRUE,0.000765460890371187,-0.0006775972389305,0.000256895635561353,-0.000169031984120666,0.000508565254809833,0.282399035257469
"bivt",5e-04,10000,"0.05",TRUE,0.000510114340846572,-0.000468564635300557,0.000184699705724731,-0.000143150000178716,0.000325414635121841,0.291429170397405
"bivt",5e-04,10000,"0.1",TRUE,0.000494220566626644,-0.000456962373038173,0.000168805931504803,-0.000131547737916332,0.000325414635121841,0.291429170397405
"bivt",5e-04,10000,"0.01",TRUE,0.000552933442541808,-0.000494080318961696,0.000227518807419967,-0.000168665683839855,0.000325414635121841,0.291429170397405
"bivt",5e-04,10000,"0.05",TRUE,0.000723264546431714,-0.000662509315240907,0.000214699291621881,-0.000153944060431074,0.000508565254809833,0.248245594402157
"bivt",5e-04,10000,"0.1",TRUE,0.000691773869235623,-0.00065022370524126,0.000183208614425789,-0.000141658450431426,0.000508565254809833,0.248245594402157
"bivt",5e-04,10000,"0.01",TRUE,0.000793069925426222,-0.000687061657562917,0.000284504670616389,-0.000178496402753083,0.000508565254809833,0.248245594402157
"bivt",5e-04,10000,"0.05",TRUE,0.00045218968879159,-0.000406778189084183,0.000182364809927457,-0.00013695331022005,0.000269824878864133,0.296873792524737
"bivt",5e-04,10000,"0.1",TRUE,0.000426475066724757,-0.000399213035581811,0.000156650187860624,-0.000129388156717678,0.000269824878864133,0.296873792524737
"bivt",5e-04,10000,"0.01",TRUE,0.000519803061186271,-0.000425105229187866,0.000249978182322138,-0.000155280350323733,0.000269824878864133,0.296873792524737
"bivt",5e-04,10000,"0.05",TRUE,0.000539418106693995,-0.000486016444759663,0.000214003471572153,-0.000160601809637822,0.000325414635121841,0.255645993470617
"bivt",5e-04,10000,"0.1",TRUE,0.000505956272776094,-0.000465998420353718,0.000180541637654253,-0.000140583785231877,0.000325414635121841,0.255645993470617
"bivt",5e-04,10000,"0.01",TRUE,0.00062205319535515,-0.00050409484480116,0.000296638560233309,-0.000178680209679319,0.000325414635121841,0.255645993470617
"bivt",5e-04,10000,"0.05",TRUE,0.000827318861057286,-0.000755845090011106,0.000227178296403456,-0.000155704525357277,0.000600140564653829,0.252326076076028
"bivt",5e-04,10000,"0.1",TRUE,0.000786083487260346,-0.000745104210961042,0.000185942922606517,-0.000144963646307212,0.000600140564653829,0.252326076076028
"bivt",5e-04,10000,"0.01",TRUE,0.000873052826839481,-0.000785707862245571,0.000272912262185651,-0.000185567297591741,0.000600140564653829,0.252326076076028
"bivt",5e-04,10000,"0.05",TRUE,0.000663915434722819,-0.000607557915649935,0.000201137834834984,-0.0001447803157621,0.000462777599887835,0.273753513996788
"bivt",5e-04,10000,"0.1",TRUE,0.000638806586363462,-0.000595590530335094,0.000176028986475627,-0.000132812930447259,0.000462777599887835,0.273753513996788
"bivt",5e-04,10000,"0.01",TRUE,0.000722212264568831,-0.000625959388979763,0.000259434664680996,-0.000163181789091928,0.000462777599887835,0.273753513996788
"bivt",5e-04,10000,"0.05",TRUE,0.000678745707365846,-0.000608324062809348,0.000215968107478011,-0.000145546462921512,0.000462777599887835,0.281993913383619
"bivt",5e-04,10000,"0.1",TRUE,0.000648347495189149,-0.00059565870075052,0.000185569895301314,-0.000132881100862685,0.000462777599887835,0.281993913383619
"bivt",5e-04,10000,"0.01",TRUE,0.000739603382537935,-0.000636533320058635,0.000276825782650099,-0.0001737557201708,0.000462777599887835,0.281993913383619
"bivt",5e-04,10000,"0.05",TRUE,0.00053776112579997,-0.000476097277216828,0.000212346490678129,-0.000150682642094987,0.000325414635121841,0.271195860669766
"bivt",5e-04,10000,"0.1",TRUE,0.00050392341790944,-0.000461213793839672,0.000178508782787599,-0.000135799158717831,0.000325414635121841,0.271195860669766
"bivt",5e-04,10000,"0.01",TRUE,0.000604860056341401,-0.000498770312332431,0.00027944542121956,-0.000173355677210589,0.000325414635121841,0.271195860669766
"bivt",5e-04,10000,"0.05",TRUE,0.000698394313851091,-0.000646732996906581,0.000189829059041258,-0.000138167742096747,0.000508565254809833,0.277701383489977
"bivt",5e-04,10000,"0.1",TRUE,0.000665999376108627,-0.000631997123030561,0.000157434121298793,-0.000123431868220727,0.000508565254809833,0.277701383489977
"bivt",5e-04,10000,"0.01",TRUE,0.000746918853645445,-0.000669401965186797,0.000238353598835611,-0.000160836710376963,0.000508565254809833,0.277701383489977
"bivt",5e-04,10000,"0.05",TRUE,0.000999776130790185,-0.000906380071480804,0.000262272601370361,-0.000168876542060981,0.000737503529419824,0.243750019403071
"bivt",5e-04,10000,"0.1",TRUE,0.000967469584777798,-0.00089229672080778,0.000229966055357974,-0.000154793191387956,0.000737503529419824,0.243750019403071
"bivt",5e-04,10000,"0.01",TRUE,0.00107386095662645,-0.000924337632824157,0.000336357427206626,-0.000186834103404333,0.000737503529419824,0.243750019403071
"bivt",5e-04,10000,"0.05",TRUE,0.00063813246030436,-0.000562124965203291,0.000221142515338523,-0.000145135020237454,0.000416989944965837,0.270571217287241
"bivt",5e-04,10000,"0.1",TRUE,0.000611637422341599,-0.000552945819622918,0.000194647477375761,-0.000135955874657081,0.000416989944965837,0.270571217287241
"bivt",5e-04,10000,"0.01",TRUE,0.000681149646845964,-0.000591498736032761,0.000264159701880127,-0.000174508791066924,0.000416989944965837,0.270571217287241
"bivt",5e-04,10000,"0.05",TRUE,0.000557249767395674,-0.000502170940292497,0.000186047477351834,-0.000130968650248658,0.000371202290043839,0.288855241352919
"bivt",5e-04,10000,"0.1",TRUE,0.000532452004625586,-0.000493558444404068,0.000161249714581747,-0.000122356154360229,0.000371202290043839,0.288855241352919
"bivt",5e-04,10000,"0.01",TRUE,0.000604960326019413,-0.00052007704410508,0.000233758035975574,-0.000148874754061241,0.000371202290043839,0.288855241352919
"bivt",5e-04,10000,"0.05",TRUE,0.000440424306614646,-0.000378606603562843,0.000206584981336801,-0.000144767278284997,0.000233839325277845,0.273348817873013
"bivt",5e-04,10000,"0.1",TRUE,0.000409508026547397,-0.000364683627150841,0.000175668701269552,-0.000130844301872996,0.000233839325277845,0.273348817873013
"bivt",5e-04,10000,"0.01",TRUE,0.000486558126849748,-0.000399672044814209,0.000252718801571903,-0.000165832719536364,0.000233839325277845,0.273348817873013
"bivt",5e-04,10000,"0.05",TRUE,0.000579718060471619,-0.000538277955138662,0.000172530216841492,-0.000131090111508535,0.000407187843630127,0.29926009823738
"bivt",5e-04,10000,"0.1",TRUE,0.000562465686424422,-0.00052384378040027,0.000155277842794295,-0.000116655936770143,0.000407187843630127,0.29926009823738
"bivt",5e-04,10000,"0.01",TRUE,0.000614649657471065,-0.000559213249773661,0.000207461813840937,-0.000152025406143534,0.000407187843630127,0.29926009823738
"bivt",5e-04,10000,"0.05",TRUE,0.000994457987608503,-0.000911339919831956,0.00025695445818868,-0.000173836390412133,0.000737503529419824,0.223928523869002
"bivt",5e-04,10000,"0.1",TRUE,0.000966149401887119,-0.000897593104387705,0.000228645872467295,-0.000160089574967881,0.000737503529419824,0.223928523869002
"bivt",5e-04,10000,"0.01",TRUE,0.00106646846566313,-0.000941509016177257,0.000328964936243304,-0.000204005486757433,0.000737503529419824,0.223928523869002
"bivt",5e-04,10000,"0.05",TRUE,0.000637350650690475,-0.000575269236998677,0.000220360705724638,-0.00015827929203284,0.000416989944965837,0.260432889490771
"bivt",5e-04,10000,"0.1",TRUE,0.000601591747636732,-0.000555023225568897,0.000184601802670894,-0.00013803328060306,0.000416989944965837,0.260432889490771
"bivt",5e-04,10000,"0.01",TRUE,0.000732204396107107,-0.000600965093210787,0.00031521445114127,-0.00018397514824495,0.000416989944965837,0.260432889490771
"bivt",5e-04,10000,"0.05",TRUE,0.000579922418034567,-0.000520616035636725,0.000208720127990728,-0.000149413745592886,0.000371202290043839,0.277180417186981
"bivt",5e-04,10000,"0.1",TRUE,0.0005486954573976,-0.000504356317031689,0.000177493167353761,-0.000133154026987849,0.000371202290043839,0.277180417186981
"bivt",5e-04,10000,"0.01",TRUE,0.000649022609298874,-0.000549252021490691,0.000277820319255035,-0.000178049731446852,0.000371202290043839,0.277180417186981
"bivt",5e-04,10000,"0.05",TRUE,0.000668990031072498,-0.00061735097222144,0.000206212431184663,-0.000154573372333604,0.000462777599887835,0.280961502448279
"bivt",5e-04,10000,"0.1",TRUE,0.000644717814396379,-0.00058993172091296,0.000181940214508544,-0.000127154121025125,0.000462777599887835,0.280961502448279
"bivt",5e-04,10000,"0.01",TRUE,0.00071258794486287,-0.000636565953175972,0.000249810344975034,-0.000173788353288137,0.000462777599887835,0.280961502448279
"bivt",5e-04,10000,"0.05",TRUE,0.000430524079629454,-0.000358123294275919,0.000196684754351609,-0.000124283968998074,0.000233839325277845,0.312447367369103
"bivt",5e-04,10000,"0.1",TRUE,0.000398153113222487,-0.000347005207416091,0.000164313787944641,-0.000113165882138246,0.000233839325277845,0.312447367369103
"bivt",5e-04,10000,"0.01",TRUE,0.000516522230329563,-0.000375597413177972,0.000282682905051718,-0.000141758087900127,0.000233839325277845,0.312447367369103
"bivt",5e-04,10000,"0.05",TRUE,0.00081270010651978,-0.000723334135067947,0.000258347196787949,-0.000168981225336116,0.000554352909731831,0.239077555374777
"bivt",5e-04,10000,"0.1",TRUE,0.000763759057667262,-0.000703897480297854,0.000209406147935431,-0.000149544570566023,0.000554352909731831,0.239077555374777
"bivt",5e-04,10000,"0.01",TRUE,0.000906600265877367,-0.000754897576267059,0.000352247356145536,-0.000200544666535228,0.000554352909731831,0.239077555374777
"bivt",5e-04,10000,"0.05",TRUE,0.000738361094613953,-0.00066672018268916,0.00022979583980412,-0.000158154927879326,0.000508565254809833,0.232066928441517
"bivt",5e-04,10000,"0.1",TRUE,0.000705008433164292,-0.000647326639599333,0.000196443178354459,-0.0001387613847895,0.000508565254809833,0.232066928441517
"bivt",5e-04,10000,"0.01",TRUE,0.00082573215891578,-0.00068624164156836,0.000317166904105947,-0.000177676386758526,0.000508565254809833,0.232066928441517
"bivt",5e-04,10000,"0.05",TRUE,0.000483361876006369,-0.000454160308757616,0.000167749342220238,-0.000138547774971484,0.000315612533786131,0.296675366475124
"bivt",5e-04,10000,"0.1",TRUE,0.000464493881841313,-0.000445069158283285,0.000148881348055182,-0.000129456624497153,0.000315612533786131,0.296675366475124
"bivt",5e-04,10000,"0.01",TRUE,0.00052555703667081,-0.00047638886217118,0.000209944502884679,-0.000160776328385049,0.000315612533786131,0.296675366475124
"bivt",5e-04,10000,"0.05",TRUE,0.000639735529533102,-0.000578922457515731,0.000222745584567264,-0.000161932512549894,0.000416989944965837,0.271921339536895
"bivt",5e-04,10000,"0.1",TRUE,0.000614179700145476,-0.000557919076552562,0.000197189755179638,-0.000140929131586725,0.000416989944965837,0.271921339536895
"bivt",5e-04,10000,"0.01",TRUE,0.000714365584264933,-0.000599410768451417,0.000297375639299096,-0.000182420823485579,0.000416989944965837,0.271921339536895
"bivt",5e-04,10000,"0.05",TRUE,0.000622121680567644,-0.000558452049276128,0.000205131735601807,-0.000141462104310291,0.000416989944965837,0.264902594701611
"bivt",5e-04,10000,"0.1",TRUE,0.000594760477044097,-0.00054619553917751,0.00017777053207826,-0.000129205594211672,0.000416989944965837,0.264902594701611
"bivt",5e-04,10000,"0.01",TRUE,0.000690914671792385,-0.000591332289505249,0.000273924726826548,-0.000174342344539411,0.000416989944965837,0.264902594701611
"bivt",5e-04,10000,"0.05",TRUE,0.000682052010122072,-0.00057513787792679,0.000265062065156235,-0.000158147932960953,0.000416989944965837,0.243839268799732
"bivt",5e-04,10000,"0.1",TRUE,0.000640954392561387,-0.000562493021073687,0.00022396444759555,-0.000145503076107849,0.000416989944965837,0.243839268799732
"bivt",5e-04,10000,"0.01",TRUE,0.000777082800604286,-0.00059792601719884,0.000360092855638448,-0.000180936072233002,0.000416989944965837,0.243839268799732
"bivt",5e-04,10000,"0.05",TRUE,0.000763492304016963,-0.000627844861450162,0.000300714704129128,-0.000165067261562327,0.000462777599887835,0.23385371125215
"bivt",5e-04,10000,"0.1",TRUE,0.000709425846982673,-0.000614465148195246,0.000246648247094838,-0.00015168754830741,0.000462777599887835,0.23385371125215
"bivt",5e-04,10000,"0.01",TRUE,0.000836104354239233,-0.000655902680513515,0.000373326754351398,-0.00019312508062568,0.000462777599887835,0.23385371125215
"bivt",5e-04,10000,"0.05",TRUE,0.000666225286535243,-0.00061770981550604,0.000203447686647407,-0.000154932215618205,0.000462777599887835,0.252807407784909
"bivt",5e-04,10000,"0.1",TRUE,0.000650802992496623,-0.000605473773741692,0.000188025392608788,-0.000142696173853856,0.000462777599887835,0.252807407784909
"bivt",5e-04,10000,"0.01",TRUE,0.000732409110173625,-0.000643559162767383,0.00026963151028579,-0.000180781562879548,0.000462777599887835,0.252807407784909
"bivt",5e-04,10000,"0.05",TRUE,0.00074440220774276,-0.000694772119830142,0.000190049298010929,-0.00014041921009831,0.000554352909731831,0.276054531278099
"bivt",5e-04,10000,"0.1",TRUE,0.000717715373013356,-0.000678562841940985,0.000163362463281525,-0.000124209932209153,0.000554352909731831,0.276054531278099
"bivt",5e-04,10000,"0.01",TRUE,0.000793729566667917,-0.00072147022158815,0.000239376656936086,-0.000167117311856318,0.000554352909731831,0.276054531278099
"bivt",5e-04,10000,"0.05",TRUE,0.000501927215310103,-0.000399189225005117,0.00022230023511026,-0.000119562244805273,0.000279626980199843,0.292712313829767
"bivt",5e-04,10000,"0.1",TRUE,0.000471860295572703,-0.000389194421757652,0.00019223331537286,-0.000109567441557808,0.000279626980199843,0.292712313829767
"bivt",5e-04,10000,"0.01",TRUE,0.00053357708627924,-0.00041849302544744,0.000253950106079397,-0.000138866045247597,0.000279626980199843,0.292712313829767
"bivt",5e-04,10000,"0.05",TRUE,0.000697287122954856,-0.000635343637358121,0.000198523969480733,-0.000136580483883998,0.000498763153474123,0.278900368198361
"bivt",5e-04,10000,"0.1",TRUE,0.000657211292075236,-0.000617966652878872,0.000158448138601113,-0.000119203499404748,0.000498763153474123,0.278900368198361
"bivt",5e-04,10000,"0.01",TRUE,0.000741819958014971,-0.000658481483033596,0.000243056804540848,-0.000159718329559472,0.000498763153474123,0.278900368198361
"bivt",5e-04,10000,"0.05",TRUE,0.000656522754401391,-0.00060201366662163,0.000193745154513556,-0.000139236066733795,0.000462777599887835,0.272923320236142
"bivt",5e-04,10000,"0.1",TRUE,0.000633961715573843,-0.000590812667519186,0.000171184115686007,-0.000128035067631351,0.000462777599887835,0.272923320236142
"bivt",5e-04,10000,"0.01",TRUE,0.000707590828221006,-0.000629146331223615,0.00024481322833317,-0.00016636873133578,0.000462777599887835,0.272923320236142
"bivt",5e-04,10000,"0.05",TRUE,0.000875906893495791,-0.000771275299558932,0.000275766328841962,-0.000171134734905102,0.000600140564653829,0.271501088435147
"bivt",5e-04,10000,"0.1",TRUE,0.000837770249835235,-0.000764369488096833,0.000237629685181405,-0.000164228923443003,0.000600140564653829,0.271501088435147
"bivt",5e-04,10000,"0.01",TRUE,0.000945058469571867,-0.000787129669977561,0.000344917904918038,-0.000186989105323732,0.000600140564653829,0.271501088435147
"bivt",5e-04,10000,"0.05",TRUE,0.000571342958144778,-0.000517898183872603,0.000200140668100939,-0.000146695893828764,0.000371202290043839,0.305163454187042
"bivt",5e-04,10000,"0.1",TRUE,0.000535829801782794,-0.000508089785517432,0.000164627511738955,-0.000136887495473593,0.000371202290043839,0.305163454187042
"bivt",5e-04,10000,"0.01",TRUE,0.000623042718295556,-0.000535388332397123,0.000251840428251716,-0.000164186042353284,0.000371202290043839,0.305163454187042
"bivt",5e-04,10000,"0.05",TRUE,0.000558519874104566,-0.000518105975107823,0.000187317584060727,-0.000146903685063984,0.000371202290043839,0.267365600589461
"bivt",5e-04,10000,"0.1",TRUE,0.000535887699213779,-0.000503774270473958,0.00016468540916994,-0.000132571980430119,0.000371202290043839,0.267365600589461
"bivt",5e-04,10000,"0.01",TRUE,0.000602094744163705,-0.000542747191568897,0.000230892454119866,-0.000171544901525058,0.000371202290043839,0.267365600589461
"bivt",5e-04,10000,"0.05",TRUE,0.000502288579477217,-0.000429145987789416,0.000222661599277374,-0.000149519007589573,0.000279626980199843,0.267398686753796
"bivt",5e-04,10000,"0.1",TRUE,0.000480126332745897,-0.000416373584893073,0.000200499352546054,-0.00013674660469323,0.000279626980199843,0.267398686753796
"bivt",5e-04,10000,"0.01",TRUE,0.000555291482167037,-0.000449680804099467,0.000275664501967194,-0.000170053823899623,0.000279626980199843,0.267398686753796
"bivt",5e-04,10000,"0.05",TRUE,0.00073081736819788,-0.000690363881473518,0.000176464458466048,-0.000136010971741687,0.000554352909731831,0.297205839396402
"bivt",5e-04,10000,"0.1",TRUE,0.000701906292971652,-0.000679557086272733,0.000147553383239821,-0.000125204176540902,0.000554352909731831,0.297205839396402
"bivt",5e-04,10000,"0.01",TRUE,0.000800626549996399,-0.00071744651353763,0.000246273640264567,-0.000163093603805799,0.000554352909731831,0.297205839396402
"bivt",5e-04,10000,"0.05",TRUE,0.000742919705812612,-0.000655008030373069,0.000234354451002778,-0.000146442775563236,0.000508565254809833,0.280978071945159
"bivt",5e-04,10000,"0.1",TRUE,0.000715171142268884,-0.00064524878952006,0.000206605887459051,-0.000136683534710226,0.000508565254809833,0.280978071945159
"bivt",5e-04,10000,"0.01",TRUE,0.000796290385631066,-0.00067811865607633,0.000287725130821232,-0.000169553401266497,0.000508565254809833,0.280978071945159
"bivt",5e-04,10000,"0.05",TRUE,0.00061839469712148,-0.000574981027567884,0.000201404752155643,-0.000157991082602047,0.000416989944965837,0.257257544365445
"bivt",5e-04,10000,"0.1",TRUE,0.000596542048685483,-0.000564832887497862,0.000179552103719645,-0.000147842942532024,0.000416989944965837,0.257257544365445
"bivt",5e-04,10000,"0.01",TRUE,0.000660634990334765,-0.00059985548816511,0.000243645045368928,-0.000182865543199273,0.000416989944965837,0.257257544365445
"bivt",5e-04,10000,"0.05",FALSE,0.000341681063001953,-0.000306929783214297,0.000163431493981816,-0.00012868021419416,0.000178249569020137,0.327668339887608
"bivt",5e-04,10000,"0.1",FALSE,0.000323527223863929,-0.000293717054637049,0.000145277654843792,-0.000115467485616912,0.000178249569020137,0.327668339887608
"bivt",5e-04,10000,"0.01",FALSE,0.000395090199682465,-0.000337967961132123,0.000216840630662328,-0.000159718392111986,0.000178249569020137,0.327668339887608
"bivt",5e-04,10000,"0.05",TRUE,0.000518333350834053,-0.000473589099913758,0.000192918715712212,-0.000148174464791917,0.000325414635121841,0.283425447597193
"bivt",5e-04,10000,"0.1",TRUE,0.000490360571328207,-0.000451836461797928,0.000164945936206366,-0.000126421826676087,0.000325414635121841,0.283425447597193
"bivt",5e-04,10000,"0.01",TRUE,0.000560192182455737,-0.000489980563045306,0.000234777547333896,-0.000164565927923464,0.000325414635121841,0.283425447597193
"bivt",5e-04,10000,"0.05",TRUE,0.000580570342354752,-0.000542369940648999,0.000173382498724625,-0.000135182097018871,0.000407187843630127,0.264496537991363
"bivt",5e-04,10000,"0.1",TRUE,0.000562818081262222,-0.000532448218051123,0.000155630237632094,-0.000125260374420996,0.000407187843630127,0.264496537991363
"bivt",5e-04,10000,"0.01",TRUE,0.000625810094447884,-0.000565135664853087,0.000218622250817756,-0.00015794782122296,0.000407187843630127,0.264496537991363
"bivt",5e-04,10000,"0.05",TRUE,0.000390557734736687,-0.000330282229582945,0.00020250606438084,-0.000142230559227098,0.000188051670355847,0.269107391430169
"bivt",5e-04,10000,"0.1",TRUE,0.000363219901185675,-0.000316681131340833,0.000175168230829828,-0.000128629460984986,0.000188051670355847,0.269107391430169
"bivt",5e-04,10000,"0.01",TRUE,0.000439148041149508,-0.000356008830682599,0.00025109637079366,-0.000167957160326752,0.000188051670355847,0.269107391430169
"bivt",5e-04,10000,"0.05",TRUE,0.000491303355578318,-0.000442946664896159,0.000165888720456476,-0.000117532029774318,0.000325414635121841,0.321608440268978
"bivt",5e-04,10000,"0.1",TRUE,0.000465687106712396,-0.000433223727429865,0.000140272471590554,-0.000107809092308024,0.000325414635121841,0.321608440268978
"bivt",5e-04,10000,"0.01",TRUE,0.000527959965861657,-0.000458534889337619,0.000202545330739816,-0.000133120254215778,0.000325414635121841,0.321608440268978
"bivt",5e-04,10000,"0.05",TRUE,0.000657597835173502,-0.000606695921146481,0.000194820235285666,-0.000143918321258645,0.000462777599887835,0.264653997913025
"bivt",5e-04,10000,"0.1",TRUE,0.000636687089857715,-0.000592164757241766,0.00017390948996988,-0.000129387157353931,0.000462777599887835,0.264653997913025
"bivt",5e-04,10000,"0.01",TRUE,0.000703583282145884,-0.000638694024109618,0.000240805682258048,-0.000175916424221783,0.000462777599887835,0.264653997913025
"bivt",5e-04,10000,"0.05",TRUE,0.000709426580413544,-0.000619583973892367,0.000246648980525709,-0.000156806374004532,0.000462777599887835,0.24697225957609
"bivt",5e-04,10000,"0.1",TRUE,0.000663349984019187,-0.000607802236568852,0.000200572384131352,-0.000145024636681016,0.000462777599887835,0.24697225957609
"bivt",5e-04,10000,"0.01",TRUE,0.000791548599101237,-0.000650522788206873,0.000328770999213402,-0.000187745188319037,0.000462777599887835,0.24697225957609
"bivt",5e-04,10000,"0.05",TRUE,0.00056359375778686,-0.000509173514670526,0.000192391467743021,-0.000137971224626687,0.000371202290043839,0.251762202921767
"bivt",5e-04,10000,"0.1",TRUE,0.000540485700480952,-0.000499558022665818,0.000169283410437113,-0.000128355732621979,0.000371202290043839,0.251762202921767
"bivt",5e-04,10000,"0.01",TRUE,0.000617114129904903,-0.000531512742918062,0.000245911839861064,-0.000160310452874223,0.000371202290043839,0.251762202921767
"bivt",5e-04,10000,"0.05",TRUE,0.000726347480650441,-0.000665226514130801,0.000217782225840607,-0.000156661259320968,0.000508565254809833,0.24439708093142
"bivt",5e-04,10000,"0.1",TRUE,0.000704986377874614,-0.00065605108233974,0.00019642112306478,-0.000147485827529907,0.000508565254809833,0.24439708093142
"bivt",5e-04,10000,"0.01",TRUE,0.000779038809293543,-0.000687248837831498,0.00027047355448371,-0.000178683583021664,0.000508565254809833,0.24439708093142
"bivt",5e-04,10000,"0.05",TRUE,0.000481184309437101,-0.000404556761912284,0.000211359430572968,-0.00013473188304815,0.000269824878864133,0.298239039775366
"bivt",5e-04,10000,"0.1",TRUE,0.000443386228916123,-0.000392613582631784,0.00017356135005199,-0.000122788703767651,0.000269824878864133,0.298239039775366
"bivt",5e-04,10000,"0.01",TRUE,0.000531553978274842,-0.00042155856036193,0.000261729099410709,-0.000151733681497797,0.000269824878864133,0.298239039775366
"bivt",5e-04,10000,"0.05",TRUE,0.00103573327282453,-0.000914959042895742,0.000298229743404711,-0.000177455513475918,0.000737503529419824,0.246061382654112
"bivt",5e-04,10000,"0.1",TRUE,0.000981378061056181,-0.000899995879350468,0.000243874531636358,-0.000162492349930644,0.000737503529419824,0.246061382654112
"bivt",5e-04,10000,"0.01",TRUE,0.00115252052598053,-0.000963471486077307,0.000415016996560706,-0.000225967956657484,0.000737503529419824,0.246061382654112
"bivt",5e-04,10000,"0.05",TRUE,0.000714191962010283,-0.000623966496521202,0.000251414362122447,-0.000161188896633366,0.000462777599887835,0.246993451042974
"bivt",5e-04,10000,"0.1",TRUE,0.000678158495756595,-0.000612324540334746,0.00021538089586876,-0.000149546940446911,0.000462777599887835,0.246993451042974
"bivt",5e-04,10000,"0.01",TRUE,0.000792387588160189,-0.000652556265514894,0.000329609988272354,-0.000189778665627059,0.000462777599887835,0.246993451042974
"bivt",5e-04,10000,"0.05",TRUE,0.000679834581520487,-0.000614246237509876,0.000217056981632651,-0.000151468637622041,0.000462777599887835,0.271022860060382
"bivt",5e-04,10000,"0.1",TRUE,0.00063955991420531,-0.000600513994490261,0.000176782314317475,-0.000137736394602426,0.000462777599887835,0.271022860060382
"bivt",5e-04,10000,"0.01",TRUE,0.000718699904930806,-0.000636733802386984,0.000255922305042971,-0.000173956202499149,0.000462777599887835,0.271022860060382
"bivt",5e-04,10000,"0.05",TRUE,0.000414987397303923,-0.000371464757736184,0.000181148072026078,-0.000137625432458339,0.000233839325277845,0.277660814307169
"bivt",5e-04,10000,"0.1",TRUE,0.000397538827741057,-0.000361046272821035,0.000163699502463212,-0.00012720694754319,0.000233839325277845,0.277660814307169
"bivt",5e-04,10000,"0.01",TRUE,0.00046910861704643,-0.000397421705522433,0.000235269291768584,-0.000163582380244588,0.000233839325277845,0.277660814307169
"bivt",5e-04,10000,"0.05",TRUE,0.000839461955908303,-0.000770366608342066,0.000239321391254473,-0.000170226043688237,0.000600140564653829,0.263125034707824
"bivt",5e-04,10000,"0.1",TRUE,0.000808553610483776,-0.000751929966809474,0.000208413045829947,-0.000151789402155644,0.000600140564653829,0.263125034707824
"bivt",5e-04,10000,"0.01",TRUE,0.000886379666681996,-0.000800758985546814,0.000286239102028167,-0.000200618420892984,0.000600140564653829,0.263125034707824
"bivt",5e-04,10000,"0.05",TRUE,0.000406687566813904,-0.000366557919809512,0.000172848241536059,-0.000132718594531667,0.000233839325277845,0.275609972069749
"bivt",5e-04,10000,"0.1",TRUE,0.000381567167417974,-0.000355236165320488,0.000147727842140129,-0.000121396840042642,0.000233839325277845,0.275609972069749
"bivt",5e-04,10000,"0.01",TRUE,0.000434042839443209,-0.000380042931070455,0.000200203514165364,-0.00014620360579261,0.000233839325277845,0.275609972069749
"bivt",5e-04,10000,"0.05",TRUE,0.00071309641559513,-0.000620472049874709,0.000250318815707295,-0.000157694449986873,0.000462777599887835,0.245892519500622
"bivt",5e-04,10000,"0.1",TRUE,0.000674661506985789,-0.00061480820099414,0.000211883907097954,-0.000152030601106305,0.000462777599887835,0.245892519500622
"bivt",5e-04,10000,"0.01",TRUE,0.000784052664169429,-0.000645113731923374,0.000321275064281593,-0.000182336132035539,0.000462777599887835,0.245892519500622
"bivt",5e-04,10000,"0.05",TRUE,0.000514567226024809,-0.000493427597518323,0.00015316703731668,-0.000132027408810194,0.000361400188708129,0.278403825799681
"bivt",5e-04,10000,"0.1",TRUE,0.000497892849983562,-0.000478698535319836,0.000136492661275433,-0.000117298346611707,0.000361400188708129,0.278403825799681
"bivt",5e-04,10000,"0.01",TRUE,0.000550104040034723,-0.000514148628518234,0.000188703851326594,-0.000152748439810105,0.000361400188708129,0.278403825799681
"bivt",5e-04,10000,"0.05",TRUE,0.000381194320749803,-0.000327111098790071,0.000193142650393956,-0.000139059428434224,0.000188051670355847,0.294697080093475
"bivt",5e-04,10000,"0.1",TRUE,0.000372184683935313,-0.000315844143201877,0.000184133013579466,-0.00012779247284603,0.000188051670355847,0.294697080093475
"bivt",5e-04,10000,"0.01",TRUE,0.000440915045301865,-0.000347341661416452,0.000252863374946017,-0.000159289991060605,0.000188051670355847,0.294697080093475
"bivt",5e-04,10000,"0.05",TRUE,0.000551780553342421,-0.000479304284236009,0.00022636591822058,-0.000153889649114168,0.000325414635121841,0.237027582149812
"bivt",5e-04,10000,"0.1",TRUE,0.000517433485584036,-0.000459346712348189,0.000192018850462195,-0.000133932077226348,0.000325414635121841,0.237027582149812
"bivt",5e-04,10000,"0.01",TRUE,0.000612542852491117,-0.000494240136151307,0.000287128217369276,-0.000168825501029465,0.000325414635121841,0.237027582149812
"bivt",5e-04,10000,"0.05",TRUE,0.000830437298496376,-0.000732588034718685,0.000276084388764545,-0.000178235124986853,0.000554352909731831,0.21319840148332
"bivt",5e-04,10000,"0.1",TRUE,0.000779849912973094,-0.000717534609668071,0.000225497003241262,-0.000163181699936239,0.000554352909731831,0.21319840148332
"bivt",5e-04,10000,"0.01",TRUE,0.000895056604922878,-0.000757766607267675,0.000340703695191047,-0.000203413697535843,0.000554352909731831,0.21319840148332
"bivt",5e-04,10000,"0.05",TRUE,0.000583277087801532,-0.000514500969905903,0.000212074797757693,-0.000143298679862064,0.000371202290043839,0.250914807054839
"bivt",5e-04,10000,"0.1",TRUE,0.000545200543261981,-0.000506238546468586,0.000173998253218142,-0.000135036256424747,0.000371202290043839,0.250914807054839
"bivt",5e-04,10000,"0.01",TRUE,0.000628756016673304,-0.000535727880864029,0.000257553726629465,-0.00016452559082019,0.000371202290043839,0.250914807054839
"bivt",5e-04,10000,"0.05",TRUE,0.000494666366054887,-0.000422397102986615,0.000215039385855044,-0.000142770122786772,0.000279626980199843,0.278852111772326
"bivt",5e-04,10000,"0.1",TRUE,0.000462319889500812,-0.000403824235115603,0.000182692909300969,-0.00012419725491576,0.000279626980199843,0.278852111772326
"bivt",5e-04,10000,"0.01",TRUE,0.000545969339055978,-0.000443887633132945,0.000266342358856135,-0.000164260652933102,0.000279626980199843,0.278852111772326
"bivt",5e-04,10000,"0.05",TRUE,0.000524562772324893,-0.000470256925229154,0.000199148137203052,-0.000144842290107313,0.000325414635121841,0.292704481726097
"bivt",5e-04,10000,"0.1",TRUE,0.000500305895608092,-0.000456976808777674,0.00017489126048625,-0.000131562173655833,0.000325414635121841,0.292704481726097
"bivt",5e-04,10000,"0.01",TRUE,0.000560296930444815,-0.000489730303737282,0.000234882295322974,-0.000164315668615441,0.000325414635121841,0.292704481726097
"bivt",5e-04,10000,"0.05",TRUE,0.00060831804055156,-0.000561891224797441,0.000191328095585723,-0.000144901279831604,0.000416989944965837,0.243998134736073
"bivt",5e-04,10000,"0.1",TRUE,0.000594519331729761,-0.000552841018404526,0.000177529386763924,-0.000135851073438688,0.000416989944965837,0.243998134736073
"bivt",5e-04,10000,"0.01",TRUE,0.00065913859489036,-0.000582444266824477,0.000242148649924523,-0.00016545432185864,0.000416989944965837,0.243998134736073
"bivt",5e-04,10000,"0.05",TRUE,0.000540145439652663,-0.000500732638061302,0.000178745250944534,-0.000139332449353173,0.000361400188708129,0.277807121162818
"bivt",5e-04,10000,"0.1",TRUE,0.000527996922267824,-0.000488562218985318,0.000166596733559695,-0.000127162030277189,0.000361400188708129,0.277807121162818
"bivt",5e-04,10000,"0.01",TRUE,0.000582907028160232,-0.000523095953724123,0.000221506839452103,-0.000161695765015993,0.000361400188708129,0.277807121162818
"bivt",5e-04,10000,"0.05",TRUE,0.000917920035478212,-0.000852632569153262,0.000226204160980386,-0.000160916694655436,0.000691715874497825,0.243917507503887
"bivt",5e-04,10000,"0.1",TRUE,0.000889602258458024,-0.000836885005791673,0.000197886383960198,-0.000145169131293848,0.000691715874497825,0.243917507503887
"bivt",5e-04,10000,"0.01",TRUE,0.000995734884689436,-0.000877421663786892,0.000304019010191611,-0.000185705789289067,0.000691715874497825,0.243917507503887
"bivt",5e-04,10000,"0.05",TRUE,0.000653621412107535,-0.000565779800904799,0.000236631467141698,-0.000148789855938961,0.000416989944965837,0.265124193102333
"bivt",5e-04,10000,"0.1",TRUE,0.000630574087615912,-0.000556001109659887,0.000213584142650074,-0.000139011164694049,0.000416989944965837,0.265124193102333
"bivt",5e-04,10000,"0.01",TRUE,0.000716343007089592,-0.000591927836368138,0.000299353062123755,-0.0001749378914023,0.000416989944965837,0.265124193102333
"bivt",5e-04,10000,"0.05",TRUE,0.000431146380165731,-0.000405091166580768,0.000161321501301597,-0.000135266287716635,0.000269824878864133,0.311547228578478
"bivt",5e-04,10000,"0.1",TRUE,0.000411790809645466,-0.000398448392081953,0.000141965930781333,-0.00012862351321782,0.000269824878864133,0.311547228578478
"bivt",5e-04,10000,"0.01",TRUE,0.000488166702563413,-0.000427036356056404,0.00021834182369928,-0.000157211477192271,0.000269824878864133,0.311547228578478
"bivt",5e-04,10000,"0.05",TRUE,0.000577578256338178,-0.000516172815155924,0.000206375966294339,-0.000144970525112085,0.000371202290043839,0.252404918687607
"bivt",5e-04,10000,"0.1",TRUE,0.00055051235582076,-0.000508246321815717,0.000179310065776921,-0.000137044031771878,0.000371202290043839,0.252404918687607
"bivt",5e-04,10000,"0.01",TRUE,0.000646891746978811,-0.000535071626958042,0.000275689456934972,-0.000163869336914203,0.000371202290043839,0.252404918687607
"bivt",5e-04,10000,"0.05",TRUE,0.000625518610782126,-0.000560714328173049,0.000208528665816289,-0.000143724383207212,0.000416989944965837,0.268721145014216
"bivt",5e-04,10000,"0.1",TRUE,0.00060187178654881,-0.000550015135360241,0.000184881841582973,-0.000133025190394403,0.000416989944965837,0.268721145014216
"bivt",5e-04,10000,"0.01",TRUE,0.000698501651352659,-0.000585136360950918,0.000281511706386821,-0.00016814641598508,0.000416989944965837,0.268721145014216
"bivt",5e-04,10000,"0.05",TRUE,0.000701973582173549,-0.000654589924585931,0.000193408327363716,-0.000146024669776098,0.000508565254809833,0.28718614166093
"bivt",5e-04,10000,"0.1",TRUE,0.000682397871386328,-0.000640082708798554,0.000173832616576494,-0.000131517453988721,0.000508565254809833,0.28718614166093
"bivt",5e-04,10000,"0.01",TRUE,0.000767743133460318,-0.000668448425990106,0.000259177878650485,-0.000159883171180273,0.000508565254809833,0.28718614166093
"bivt",5e-04,10000,"0.05",TRUE,0.000561347659487116,-0.000497864896263064,0.000199947470778987,-0.000136464707554935,0.000361400188708129,0.309040329769819
"bivt",5e-04,10000,"0.1",TRUE,0.000532420590623046,-0.000489192825959457,0.000171020401914917,-0.000127792637251328,0.000361400188708129,0.309040329769819
"bivt",5e-04,10000,"0.01",TRUE,0.000593207602355242,-0.000520766964107297,0.000231807413647113,-0.000159366775399168,0.000361400188708129,0.309040329769819
"bivt",5e-04,10000,"0.05",TRUE,0.000468527207399588,-0.00039082273664095,0.000234687882121743,-0.000156983411363105,0.000233839325277845,0.248042261303091
"bivt",5e-04,10000,"0.1",TRUE,0.000435633208126443,-0.000376245592859917,0.000201793882848597,-0.000142406267582072,0.000233839325277845,0.248042261303091
"bivt",5e-04,10000,"0.01",TRUE,0.000529098186876783,-0.000407633617996823,0.000295258861598938,-0.000173794292718978,0.000233839325277845,0.248042261303091
"bivt",5e-04,10000,"0.05",TRUE,0.000785702505027341,-0.000701337563081353,0.000231349595295509,-0.000146984653349522,0.000554352909731831,0.256311859216467
"bivt",5e-04,10000,"0.1",TRUE,0.000751978263122015,-0.000685737965310637,0.000197625353390184,-0.000131385055578806,0.000554352909731831,0.256311859216467
"bivt",5e-04,10000,"0.01",TRUE,0.000849424242228091,-0.000722730565563367,0.000295071332496259,-0.000168377655831535,0.000554352909731831,0.256311859216467
"bivt",5e-04,10000,"0.05",TRUE,0.000459678509438608,-0.000420837625325448,0.000189853630574475,-0.000151012746461315,0.000269824878864133,0.276566815989232
"bivt",5e-04,10000,"0.1",TRUE,0.000438715979097167,-0.000410147932028542,0.000168891100233034,-0.000140323053164408,0.000269824878864133,0.276566815989232
"bivt",5e-04,10000,"0.01",TRUE,0.000505683490987887,-0.00044284567547225,0.000235858612123754,-0.000173020796608117,0.000269824878864133,0.276566815989232
"bivt",5e-04,10000,"0.05",TRUE,0.00123030227581174,-0.00109903522833271,0.00030964812670392,-0.000178381079224898,0.000920654149107816,0.227904666179568
"bivt",5e-04,10000,"0.1",TRUE,0.00119392883677228,-0.0010831541226649,0.000273274687664461,-0.000162499973557086,0.000920654149107816,0.227904666179568
"bivt",5e-04,10000,"0.01",TRUE,0.00129993343149528,-0.00112384533337569,0.000379279282387461,-0.000203191184267871,0.000920654149107816,0.227904666179568
"bivt",5e-04,10000,"0.05",TRUE,0.000583974922049813,-0.000509039898601352,0.000212772632005973,-0.000137837608557513,0.000371202290043839,0.293927286161304
"bivt",5e-04,10000,"0.1",TRUE,0.000565558065640132,-0.000498802425575826,0.000194355775596293,-0.000127600135531987,0.000371202290043839,0.293927286161304
"bivt",5e-04,10000,"0.01",TRUE,0.000618824134605587,-0.000534487170128341,0.000247621844561748,-0.000163284880084502,0.000371202290043839,0.293927286161304
"bivt",5e-04,10000,"0.05",TRUE,0.000842175436054912,-0.000790299195568583,0.000196247216479084,-0.000144370975992755,0.000645928219575828,0.275280863169963
"bivt",5e-04,10000,"0.1",TRUE,0.000820034576548159,-0.000775330929612566,0.000174106356972332,-0.000129402710036738,0.000645928219575828,0.275280863169963
"bivt",5e-04,10000,"0.01",TRUE,0.000897724734563989,-0.000810877384447562,0.000251796514988162,-0.000164949164871734,0.000645928219575828,0.275280863169963
"bivt",5e-04,10000,"0.05",TRUE,0.000508599337125972,-0.000459735221751624,0.000192986803339841,-0.000144122687965493,0.000315612533786131,0.303473394307601
"bivt",5e-04,10000,"0.1",TRUE,0.000484138557587972,-0.000447567738729376,0.000168526023801841,-0.000131955204943244,0.000315612533786131,0.303473394307601
"bivt",5e-04,10000,"0.01",TRUE,0.000546787845292487,-0.000487981228975884,0.000231175311506356,-0.000172368695189753,0.000315612533786131,0.303473394307601
"bivt",5e-04,10000,"0.05",TRUE,0.000555069982194426,-0.000502088785635906,0.000183867692150587,-0.000130886495592067,0.000371202290043839,0.287115954422665
"bivt",5e-04,10000,"0.1",TRUE,0.00053267355577826,-0.000486899300503011,0.000161471265734421,-0.000115697010459172,0.000371202290043839,0.287115954422665
"bivt",5e-04,10000,"0.01",TRUE,0.000625563863860046,-0.000514466374161849,0.000254361573816207,-0.000143264084118009,0.000371202290043839,0.287115954422665
"bivt",5e-04,10000,"0.05",TRUE,0.000646695680124634,-0.000607768185830985,0.000183918080236799,-0.000144990585943149,0.000462777599887835,0.270683463746759
"bivt",5e-04,10000,"0.1",TRUE,0.000623890850752423,-0.000599548909204528,0.000161113250864588,-0.000136771309316692,0.000462777599887835,0.270683463746759
"bivt",5e-04,10000,"0.01",TRUE,0.000687690763794643,-0.000638914393968942,0.000224913163906808,-0.000176136794081107,0.000462777599887835,0.270683463746759
"bivt",5e-04,10000,"0.05",TRUE,0.000357954312968546,-0.000319105627538441,0.000169902642612699,-0.000131053957182594,0.000188051670355847,0.295353765883041
"bivt",5e-04,10000,"0.1",TRUE,0.000332906915527537,-0.000307410635725558,0.00014485524517169,-0.000119358965369711,0.000188051670355847,0.295353765883041
"bivt",5e-04,10000,"0.01",TRUE,0.000403861999508581,-0.000336979957813369,0.000215810329152733,-0.000148928287457522,0.000188051670355847,0.295353765883041
"bivt",5e-04,10000,"0.05",TRUE,0.00084173997134901,-0.000772661739216526,0.000241599406695181,-0.000172521174562697,0.000600140564653829,0.243008114004608
"bivt",5e-04,10000,"0.1",TRUE,0.000818150391462762,-0.000752239368575563,0.000218009826808933,-0.000152098803921734,0.000600140564653829,0.243008114004608
"bivt",5e-04,10000,"0.01",TRUE,0.000952126202684193,-0.00081238598374563,0.000351985638030363,-0.000212245419091801,0.000600140564653829,0.243008114004608
"bivt",5e-04,10000,"0.05",TRUE,0.000867849812202018,-0.000769482492308237,0.000267709247548189,-0.000169341927654408,0.000600140564653829,0.219321729628763
"bivt",5e-04,10000,"0.1",TRUE,0.000832933981788118,-0.000761400222869325,0.000232793417134289,-0.000161259658215495,0.000600140564653829,0.219321729628763
"bivt",5e-04,10000,"0.01",TRUE,0.000946755268708179,-0.000800908429511403,0.000346614704054349,-0.000200767864857573,0.000600140564653829,0.219321729628763
"bivt",5e-04,10000,"0.05",TRUE,0.00084534972454111,-0.000769531389219614,0.00024520915988728,-0.000169390824565785,0.000600140564653829,0.246341595929072
"bivt",5e-04,10000,"0.1",TRUE,0.000804667421689361,-0.000749785933538627,0.000204526857035531,-0.000149645368884797,0.000600140564653829,0.246341595929072
"bivt",5e-04,10000,"0.01",TRUE,0.000937572364647142,-0.00079513336897775,0.000337431799993313,-0.000194992804323921,0.000600140564653829,0.246341595929072
"bivt",5e-04,10000,"0.05",TRUE,0.00077094346069581,-0.000711606872816681,0.000216590550963978,-0.00015725396308485,0.000554352909731831,0.251514105880875
"bivt",5e-04,10000,"0.1",TRUE,0.000745543345192566,-0.000702370779743241,0.000191190435460735,-0.00014801787001141,0.000554352909731831,0.251514105880875
"bivt",5e-04,10000,"0.01",TRUE,0.000816599008129825,-0.000736811229724544,0.000262246098397994,-0.000182458319992713,0.000554352909731831,0.251514105880875
"bivt",5e-04,10000,"0.05",TRUE,0.000383495494730217,-0.000353334317146675,0.000159458270788082,-0.00012929709320454,0.000224037223942135,0.29284271888794
"bivt",5e-04,10000,"0.1",TRUE,0.000366175479214527,-0.000339907458587107,0.000142138255272392,-0.000115870234644972,0.000224037223942135,0.29284271888794
"bivt",5e-04,10000,"0.01",TRUE,0.000443694095811732,-0.000373228470296776,0.000219656871869597,-0.000149191246354641,0.000224037223942135,0.29284271888794
"bivt",5e-04,10000,"0.05",TRUE,0.000721144365451333,-0.000623685257900517,0.000258366765563498,-0.000160907658012682,0.000462777599887835,0.242307592805296
"bivt",5e-04,10000,"0.1",TRUE,0.00067827980384277,-0.000614953820600952,0.000215502203954935,-0.000152176220713116,0.000462777599887835,0.242307592805296
"bivt",5e-04,10000,"0.01",TRUE,0.000776399419057794,-0.000651278464912933,0.000313621819169959,-0.000188500865025098,0.000462777599887835,0.242307592805296
"bivt",5e-04,10000,"0.05",TRUE,0.000701293200892734,-0.000627420317969264,0.000238515601004899,-0.000164642718081429,0.000462777599887835,0.253768478205086
"bivt",5e-04,10000,"0.1",TRUE,0.000673316932102036,-0.000612289129541705,0.000210539332214201,-0.00014951152965387,0.000462777599887835,0.253768478205086
"bivt",5e-04,10000,"0.01",TRUE,0.000759686466800857,-0.000647680836519458,0.000296908866913022,-0.000184903236631623,0.000462777599887835,0.253768478205086
"bivt",5e-04,10000,"0.05",TRUE,0.000771866752829091,-0.000711710863168586,0.00021751384309726,-0.000157357953436755,0.000554352909731831,0.244260593030468
"bivt",5e-04,10000,"0.1",TRUE,0.000737334722431468,-0.000700725268315696,0.000182981812699637,-0.000146372358583864,0.000554352909731831,0.244260593030468
"bivt",5e-04,10000,"0.01",TRUE,0.000848011284968726,-0.000736216958368515,0.000293658375236895,-0.000181864048636684,0.000554352909731831,0.244260593030468
"bivt",5e-04,10000,"0.05",TRUE,0.000601515495534878,-0.000517406717534772,0.000230313205491039,-0.000146204427490933,0.000371202290043839,0.274583571499872
"bivt",5e-04,10000,"0.1",TRUE,0.000565693146998515,-0.000505406631024483,0.000194490856954676,-0.000134204340980644,0.000371202290043839,0.274583571499872
"bivt",5e-04,10000,"0.01",TRUE,0.000639517118729617,-0.000534870363037486,0.000268314828685778,-0.000163668072993647,0.000371202290043839,0.274583571499872
"bivt",5e-04,10000,"0.05",TRUE,0.000582602735376423,-0.00054675243088822,0.000165612790410586,-0.000129762485922383,0.000416989944965837,0.288508957060822
"bivt",5e-04,10000,"0.1",TRUE,0.000562020335897206,-0.000535531551388677,0.000145030390931369,-0.000118541606422839,0.000416989944965837,0.288508957060822
"bivt",5e-04,10000,"0.01",TRUE,0.000624730185989208,-0.000564934865400922,0.000207740241023371,-0.000147944920435085,0.000416989944965837,0.288508957060822
"bivt",5e-04,10000,"0.05",TRUE,0.000316376193405962,-0.000280823782799767,0.000174112177972113,-0.000138559767365918,0.000142264015433849,0.268776637448223
"bivt",5e-04,10000,"0.1",TRUE,0.000293102976631353,-0.000263708543976884,0.000150838961197504,-0.000121444528543035,0.000142264015433849,0.268776637448223
"bivt",5e-04,10000,"0.01",TRUE,0.000382500553322178,-0.000314620830033242,0.000240236537888329,-0.000172356814599393,0.000142264015433849,0.268776637448223
"bivt",5e-04,10000,"0.05",TRUE,0.000772436019108533,-0.000696607594800664,0.000218083109376702,-0.000142254685068833,0.000554352909731831,0.282542582855158
"bivt",5e-04,10000,"0.1",TRUE,0.000746592406155384,-0.000684939198296496,0.000192239496423553,-0.000130586288564665,0.000554352909731831,0.282542582855158
"bivt",5e-04,10000,"0.01",TRUE,0.000839409689476484,-0.000724360200648317,0.000285056779744653,-0.000170007290916486,0.000554352909731831,0.282542582855158
"bivt",5e-04,10000,"0.05",TRUE,0.000689119007626227,-0.000608602307126182,0.000226341407738392,-0.000145824707238347,0.000462777599887835,0.297053610338785
"bivt",5e-04,10000,"0.1",TRUE,0.000650063001841296,-0.000596856417090503,0.00018728540195346,-0.000134078817202668,0.000462777599887835,0.297053610338785
"bivt",5e-04,10000,"0.01",TRUE,0.000741171629808449,-0.000632689376405189,0.000278394029920614,-0.000169911776517354,0.000462777599887835,0.297053610338785
"bivt",5e-04,10000,"0.05",TRUE,0.000359257850168114,-0.000319322979839865,0.000171206179812266,-0.000131271309484017,0.000188051670355847,0.300731524206181
"bivt",5e-04,10000,"0.1",TRUE,0.000340733405991966,-0.000305409277835005,0.000152681735636119,-0.000117357607479158,0.000188051670355847,0.300731524206181
"bivt",5e-04,10000,"0.01",TRUE,0.000384151584837455,-0.000336479921846047,0.000196099914481607,-0.0001484282514902,0.000188051670355847,0.300731524206181
"bivt",5e-04,10000,"0.05",FALSE,0.000369630812952215,-0.000318574386901874,0.000191381243932078,-0.000140324817881737,0.000178249569020137,0.339586131529851
"bivt",5e-04,10000,"0.1",FALSE,0.000346481869584289,-0.00030527465708839,0.000168232300564152,-0.000127025088068253,0.000178249569020137,0.339586131529851
"bivt",5e-04,10000,"0.01",TRUE,0.000421304109877117,-0.00034081213447485,0.00024305454085698,-0.000162562565454713,0.000178249569020137,0.339586131529851
"bivt",5e-04,10000,"0.05",TRUE,0.000730764586421404,-0.000683298471649651,0.000176411676689573,-0.00012894556191782,0.000554352909731831,0.272022883540015
"bivt",5e-04,10000,"0.1",TRUE,0.000713118805089063,-0.000671163854028662,0.000158765895357232,-0.000116810944296831,0.000554352909731831,0.272022883540015
"bivt",5e-04,10000,"0.01",TRUE,0.000791727256464359,-0.000713228850599282,0.000237374346732527,-0.00015887594086745,0.000554352909731831,0.272022883540015
"bivt",5e-04,10000,"0.05",TRUE,0.000896826957999595,-0.000820882713454487,0.000250898738423768,-0.00017495449387866,0.000645928219575828,0.247722879485859
"bivt",5e-04,10000,"0.1",TRUE,0.000856345053670453,-0.000808777835260971,0.000210416834094625,-0.000162849615685143,0.000645928219575828,0.247722879485859
"bivt",5e-04,10000,"0.01",TRUE,0.000958221420114241,-0.000848420588248706,0.000312293200538413,-0.000202492368672879,0.000645928219575828,0.247722879485859
"bivt",5e-04,10000,"0.05",TRUE,0.000595943107913543,-0.000518070937064012,0.000224740817869704,-0.000146868647020173,0.000371202290043839,0.261285155029846
"bivt",5e-04,10000,"0.1",TRUE,0.00055525254034209,-0.000508315716895505,0.000184050250298251,-0.000137113426851666,0.000371202290043839,0.261285155029846
"bivt",5e-04,10000,"0.01",TRUE,0.000646589805116821,-0.000537020430262706,0.000275387515072982,-0.000165818140218867,0.000371202290043839,0.261285155029846
"bivt",5e-04,10000,"0.05",TRUE,0.00055259274158773,-0.000495088961624916,0.000191192552879601,-0.000133688772916787,0.000361400188708129,0.290022283048297
"bivt",5e-04,10000,"0.1",TRUE,0.000519713440595478,-0.00048701050234342,0.000158313251887349,-0.00012561031363529,0.000361400188708129,0.290022283048297
"bivt",5e-04,10000,"0.01",TRUE,0.000578403713461303,-0.000513030744828025,0.000217003524753174,-0.000151630556119895,0.000361400188708129,0.290022283048297
"bivt",5e-04,10000,"0.05",TRUE,0.000466518304131625,-0.000416362873416922,0.000186891323931782,-0.000136735893217079,0.000279626980199843,0.242418528272281
"bivt",5e-04,10000,"0.1",TRUE,0.000440538553467552,-0.00040571688547742,0.000160911573267709,-0.000126089905277577,0.000279626980199843,0.242418528272281
"bivt",5e-04,10000,"0.01",TRUE,0.000509514956020327,-0.000440391823904011,0.000229887975820484,-0.000160764843704168,0.000279626980199843,0.242418528272281
"bivt",5e-04,10000,"0.05",TRUE,0.000858278411708583,-0.000755651649856172,0.000258137847054753,-0.000155511085202343,0.000600140564653829,0.240564131093277
"bivt",5e-04,10000,"0.1",TRUE,0.000823871654925772,-0.00073976744950871,0.000223731090271943,-0.000139626884854881,0.000600140564653829,0.240564131093277
"bivt",5e-04,10000,"0.01",TRUE,0.000915065475620099,-0.000783319545492807,0.00031492491096627,-0.000183178980838977,0.000600140564653829,0.240564131093277
"bivt",5e-04,10000,"0.05",TRUE,0.000706673593421409,-0.000644894066595625,0.000243895993533573,-0.00018211646670779,0.000462777599887835,0.249823354681345
"bivt",5e-04,10000,"0.1",TRUE,0.000674169844666588,-0.000627995245646309,0.000211392244778753,-0.000165217645758473,0.000462777599887835,0.249823354681345
"bivt",5e-04,10000,"0.01",TRUE,0.00076651384748569,-0.000672649632745625,0.000303736247597854,-0.00020987203285779,0.000462777599887835,0.249823354681345
"bivt",5e-04,10000,"0.05",TRUE,0.000815886449223544,-0.000693582375069705,0.000307321194413711,-0.000185017120259872,0.000508565254809833,0.21573539130146
"bivt",5e-04,10000,"0.1",TRUE,0.000782235956801846,-0.000681458807586883,0.000273670701992012,-0.00017289355277705,0.000508565254809833,0.21573539130146
"bivt",5e-04,10000,"0.01",TRUE,0.000885797005908318,-0.000712360895928992,0.000377231751098485,-0.000203795641119159,0.000508565254809833,0.21573539130146
"bivt",5e-04,10000,"0.05",TRUE,0.000487048730642808,-0.000425992680105975,0.000207421750442965,-0.000146365699906131,0.000279626980199843,0.27161784986731
"bivt",5e-04,10000,"0.1",TRUE,0.000447614775117648,-0.000415901592234498,0.000167987794917805,-0.000136274612034655,0.000279626980199843,0.27161784986731
"bivt",5e-04,10000,"0.01",TRUE,0.000543375954061773,-0.000448792742648449,0.000263748973861929,-0.000169165762448606,0.000279626980199843,0.27161784986731
"bivt",5e-04,10000,"0.05",TRUE,0.000818163368830421,-0.000746734020084258,0.000218022804176592,-0.000146593455430429,0.000600140564653829,0.252714745053979
"bivt",5e-04,10000,"0.1",TRUE,0.00077913058564909,-0.000738025726058551,0.000178990020995261,-0.000137885161404721,0.000600140564653829,0.252714745053979
"bivt",5e-04,10000,"0.01",TRUE,0.000874509854797132,-0.000769019933881213,0.000274369290143303,-0.000168879369227384,0.000600140564653829,0.252714745053979
"bivt",5e-04,10000,"0.05",TRUE,0.000566808767426586,-0.000506792466971284,0.000195606477382747,-0.000135590176927445,0.000371202290043839,0.29196625826528
"bivt",5e-04,10000,"0.1",TRUE,0.000552070603184089,-0.00049761232915696,0.00018086831314025,-0.00012641003911312,0.000371202290043839,0.29196625826528
"bivt",5e-04,10000,"0.01",TRUE,0.000616436755078147,-0.000537671900189323,0.000245234465034307,-0.000166469610145484,0.000371202290043839,0.29196625826528
"bivt",5e-04,10000,"0.05",TRUE,0.000657412173612905,-0.000570583154740491,0.000240422228647068,-0.000153593209774653,0.000416989944965837,0.264114518905842
"bivt",5e-04,10000,"0.1",TRUE,0.000611238202074448,-0.000555835358955142,0.000194248257108611,-0.000138845413989305,0.000416989944965837,0.264114518905842
"bivt",5e-04,10000,"0.01",TRUE,0.000739901566013501,-0.000603642283553301,0.000322911621047663,-0.000186652338587464,0.000416989944965837,0.264114518905842
"bivt",5e-04,10000,"0.05",TRUE,0.000689120899026688,-0.000585020280902282,0.000272130954060851,-0.000168030335936444,0.000416989944965837,0.233141990327418
"bivt",5e-04,10000,"0.1",TRUE,0.000651376759050242,-0.000571838609659771,0.000234386814084405,-0.000154848664693934,0.000416989944965837,0.233141990327418
"bivt",5e-04,10000,"0.01",TRUE,0.000759228201070441,-0.000630880834455687,0.000342238256104604,-0.00021389088948985,0.000416989944965837,0.233141990327418
"bivt",5e-04,10000,"0.05",TRUE,0.000841884048359544,-0.000760281511161051,0.000241743483705715,-0.000160140946507222,0.000600140564653829,0.237317746641345
"bivt",5e-04,10000,"0.1",TRUE,0.000795310147214136,-0.000748214865494196,0.000195169582560306,-0.000148074300840366,0.000600140564653829,0.237317746641345
"bivt",5e-04,10000,"0.01",TRUE,0.000895956938994171,-0.000778513404772252,0.000295816374340342,-0.000178372840118423,0.000600140564653829,0.237317746641345
"bivt",5e-04,10000,"0.05",TRUE,0.000396688966592561,-0.000322238066588823,0.000208637296236714,-0.000134186396232976,0.000188051670355847,0.315455732583546
"bivt",5e-04,10000,"0.1",TRUE,0.00036867294781899,-0.000311888153761594,0.000180621277463143,-0.000123836483405747,0.000188051670355847,0.315455732583546
"bivt",5e-04,10000,"0.01",TRUE,0.000451340433260162,-0.000342627127503668,0.000263288762904315,-0.00015457545714782,0.000188051670355847,0.315455732583546
"bivt",5e-04,10000,"0.05",TRUE,0.00073859124111473,-0.000690966149886774,0.000184238331382899,-0.000136613240154942,0.000554352909731831,0.262849150431285
"bivt",5e-04,10000,"0.1",TRUE,0.000707776602553665,-0.0006766675437773,0.000153423692821834,-0.000122314634045469,0.000554352909731831,0.262849150431285
"bivt",5e-04,10000,"0.01",TRUE,0.000774956921727529,-0.000712697551784993,0.000220604011995698,-0.000158344642053162,0.000554352909731831,0.262849150431285
"bivt",5e-04,10000,"0.05",TRUE,0.000446499018039069,-0.000407047066204762,0.000176674139174936,-0.000137222187340629,0.000269824878864133,0.316450925067924
"bivt",5e-04,10000,"0.1",TRUE,0.000425756527302035,-0.000392604969535363,0.000155931648437902,-0.00012278009067123,0.000269824878864133,0.316450925067924
"bivt",5e-04,10000,"0.01",TRUE,0.000496851948562406,-0.000425618656308638,0.000227027069698273,-0.000155793777444505,0.000269824878864133,0.316450925067924
"bivt",5e-04,10000,"0.05",TRUE,0.000834774389766509,-0.000751229547856196,0.000234633825112679,-0.000151088983202367,0.000600140564653829,0.245362383594998
"bivt",5e-04,10000,"0.1",TRUE,0.000810011530558297,-0.000738786138292038,0.000209870965904467,-0.000138645573638208,0.000600140564653829,0.245362383594998
"bivt",5e-04,10000,"0.01",TRUE,0.000937874288731859,-0.000782376923232149,0.00033773372407803,-0.00018223635857832,0.000600140564653829,0.245362383594998
"bivt",5e-04,10000,"0.05",TRUE,0.000516982230768603,-0.000453763911258745,0.000201369696982472,-0.000138151377472614,0.000315612533786131,0.304766808930307
"bivt",5e-04,10000,"0.1",TRUE,0.000479616796601904,-0.000442068875207103,0.000164004262815772,-0.000126456341420972,0.000315612533786131,0.304766808930307
"bivt",5e-04,10000,"0.01",TRUE,0.000582738285791011,-0.000470168299153302,0.000267125752004879,-0.000154555765367171,0.000315612533786131,0.304766808930307
"bivt",5e-04,10000,"0.05",TRUE,0.000624627684971913,-0.000552790745705694,0.000207637740006076,-0.000135800800739857,0.000416989944965837,0.269002608032317
"bivt",5e-04,10000,"0.1",TRUE,0.000593610036442202,-0.000543728421615837,0.000176620091476365,-0.00012673847665,0.000416989944965837,0.269002608032317
"bivt",5e-04,10000,"0.01",TRUE,0.000673039905415498,-0.000573597938340722,0.000256049960449661,-0.000156607993374885,0.000416989944965837,0.269002608032317
"bivt",5e-04,10000,"0.05",TRUE,0.00109997640246035,-0.00101273825925219,0.00027089756319653,-0.000183659419988371,0.000829078839263819,0.243736140832136
"bivt",5e-04,10000,"0.1",TRUE,0.00106504720147151,-0.000999275712862008,0.000235968362207694,-0.000170196873598189,0.000829078839263819,0.243736140832136
"bivt",5e-04,10000,"0.01",TRUE,0.00118547587181374,-0.00103771567411687,0.000356397032549924,-0.000208636834853047,0.000829078839263819,0.243736140832136
"bivt",5e-04,10000,"0.05",TRUE,0.000860392113882749,-0.000751804217971539,0.00026025154922892,-0.00015166365331771,0.000600140564653829,0.266651816241369
"bivt",5e-04,10000,"0.1",TRUE,0.000827040242294404,-0.000745826144599206,0.000226899677640575,-0.000145685579945376,0.000600140564653829,0.266651816241369
"bivt",5e-04,10000,"0.01",TRUE,0.000901406595906149,-0.000772542257859855,0.00030126603125232,-0.000172401693206026,0.000600140564653829,0.266651816241369
"bivt",5e-04,10000,"0.05",TRUE,0.000413573899672499,-0.000374773293911874,0.000179734574394654,-0.000140933968634028,0.000233839325277845,0.27221166609066
"bivt",5e-04,10000,"0.1",TRUE,0.00038863650651036,-0.000362349484812021,0.000154797181232514,-0.000128510159534176,0.000233839325277845,0.27221166609066
"bivt",5e-04,10000,"0.01",TRUE,0.000447219817677354,-0.000412725642163478,0.000213380492399509,-0.000178886316885633,0.000233839325277845,0.27221166609066
"bivt",5e-04,10000,"0.05",TRUE,0.000427907887638144,-0.000371450583130943,0.000194068562360299,-0.000137611257853098,0.000233839325277845,0.285762373947347
"bivt",5e-04,10000,"0.1",TRUE,0.0003960955980311,-0.000355544554980015,0.000162256272753255,-0.00012170522970217,0.000233839325277845,0.285762373947347
"bivt",5e-04,10000,"0.01",TRUE,0.000480105026157911,-0.000391403193730904,0.000246265700880066,-0.000157563868453059,0.000233839325277845,0.285762373947347
"bivt",5e-04,10000,"0.05",TRUE,0.000382682974947114,-0.000332332263298799,0.000194631304591267,-0.000144280592942951,0.000188051670355847,0.289035398944225
"bivt",5e-04,10000,"0.1",TRUE,0.000355752226860939,-0.000319237979682797,0.000167700556505091,-0.00013118630932695,0.000188051670355847,0.289035398944225
"bivt",5e-04,10000,"0.01",TRUE,0.00044015149692323,-0.000346356797799322,0.000252099826567383,-0.000158305127443475,0.000188051670355847,0.289035398944225
"bivt",5e-04,10000,"0.05",TRUE,0.000400161251737386,-0.000324860934845242,0.000212109581381539,-0.000136809264489395,0.000188051670355847,0.308272233026819
"bivt",5e-04,10000,"0.1",TRUE,0.000354494404577059,-0.000310389384295151,0.000166442734221212,-0.000122337713939304,0.000188051670355847,0.308272233026819
"bivt",5e-04,10000,"0.01",TRUE,0.000449201331845287,-0.000352777563064719,0.00026114966148944,-0.000164725892708872,0.000188051670355847,0.308272233026819
"bivt",5e-04,10000,"0.05",TRUE,0.00066043324015941,-0.000582599802914302,0.000243443295193573,-0.000165609857948465,0.000416989944965837,0.244225186915076
"bivt",5e-04,10000,"0.1",TRUE,0.000636362696576482,-0.000567732589862056,0.000219372751610644,-0.000150742644896219,0.000416989944965837,0.244225186915076
"bivt",5e-04,10000,"0.01",TRUE,0.000744247228617847,-0.000603029418161406,0.00032725728365201,-0.000186039473195569,0.000416989944965837,0.244225186915076
"bivt",5e-04,10000,"0.05",TRUE,0.000330347060468027,-0.000278156419998202,0.000188083045034178,-0.000135892404564353,0.000142264015433849,0.281152607544321
"bivt",5e-04,10000,"0.1",TRUE,0.000305981058260994,-0.000271561023097149,0.000163717042827145,-0.0001292970076633,0.000142264015433849,0.281152607544321
"bivt",5e-04,10000,"0.01",TRUE,0.00037360692639388,-0.000308934305890639,0.000231342910960031,-0.00016667029045679,0.000142264015433849,0.281152607544321
"bivt",5e-04,10000,"0.05",TRUE,0.00100557473693853,-0.000899884581214546,0.00026807120751871,-0.000162381051794722,0.000737503529419824,0.231939641151652
"bivt",5e-04,10000,"0.1",TRUE,0.000978927164127144,-0.000889719739135474,0.00024142363470732,-0.000152216209715651,0.000737503529419824,0.231939641151652
"bivt",5e-04,10000,"0.01",TRUE,0.00108449158078191,-0.000913558349392224,0.00034698805136209,-0.0001760548199724,0.000737503529419824,0.231939641151652
"bivt",5e-04,10000,"0.05",TRUE,0.000685572453041006,-0.000610881369476656,0.000222794853153171,-0.000148103769588821,0.000462777599887835,0.266586857152058
"bivt",5e-04,10000,"0.1",TRUE,0.00064704007297657,-0.00059446237399683,0.000184262473088735,-0.000131684774108995,0.000462777599887835,0.266586857152058
"bivt",5e-04,10000,"0.01",TRUE,0.000758476328285964,-0.000630783171833742,0.000295698728398128,-0.000168005571945906,0.000462777599887835,0.266586857152058
"bivt",5e-04,10000,"0.05",TRUE,0.000557885028869473,-0.000511796628353071,0.000186682738825633,-0.000140594338309231,0.000371202290043839,0.312134647980866
"bivt",5e-04,10000,"0.1",TRUE,0.000539365346567196,-0.000498590837021938,0.000168163056523356,-0.000127388546978099,0.000371202290043839,0.312134647980866
"bivt",5e-04,10000,"0.01",TRUE,0.000631774396803784,-0.000534831090927339,0.000260572106759945,-0.0001636288008835,0.000371202290043839,0.312134647980866
"bivt",5e-04,10000,"0.05",TRUE,0.000614139498899333,-0.000530376851180921,0.000206951655269206,-0.000123189007550794,0.000407187843630127,0.285670546786326
"bivt",5e-04,10000,"0.1",TRUE,0.000573159558965096,-0.000518646909707134,0.000165971715334968,-0.000111459066077007,0.000407187843630127,0.285670546786326
"bivt",5e-04,10000,"0.01",TRUE,0.000683071442591569,-0.000552169213473518,0.000275883598961442,-0.00014498136984339,0.000407187843630127,0.285670546786326
"bivt",5e-04,10000,"0.05",TRUE,0.000533417085031537,-0.000476353776537005,0.000208002449909695,-0.000150939141415163,0.000325414635121841,0.251600227422921
"bivt",5e-04,10000,"0.1",TRUE,0.000512885991871674,-0.00046214439562656,0.000187471356749833,-0.000136729760504719,0.000325414635121841,0.251600227422921
"bivt",5e-04,10000,"0.01",TRUE,0.000583139791507678,-0.000495753982389427,0.000257725156385836,-0.000170339347267586,0.000325414635121841,0.251600227422921
"bivt",5e-04,10000,"0.05",TRUE,0.00129893433379402,-0.00117722383116719,0.000286704874842207,-0.000164994372215379,0.00101222945895181,0.242879058667027
"bivt",5e-04,10000,"0.1",TRUE,0.00126228132342332,-0.00116112809702625,0.000250051864471504,-0.000148898638074435,0.00101222945895181,0.242879058667027
"bivt",5e-04,10000,"0.01",TRUE,0.00139059904026906,-0.00122158835970511,0.000378369581317246,-0.000209358900753303,0.00101222945895181,0.242879058667027
"bivt",5e-04,10000,"0.05",TRUE,0.000786689498434433,-0.000722121671476748,0.000232336588702602,-0.000167768761744917,0.000554352909731831,0.241985045783341
"bivt",5e-04,10000,"0.1",TRUE,0.000754563879401538,-0.000717036143746332,0.000200210969669707,-0.000162683234014501,0.000554352909731831,0.241985045783341
"bivt",5e-04,10000,"0.01",TRUE,0.000841639158509777,-0.000743754852000653,0.000287286248777945,-0.000189401942268822,0.000554352909731831,0.241985045783341
"bivt",5e-04,10000,"0.05",TRUE,0.00066586870868532,-0.000605136055435477,0.000203091108797485,-0.000142358455547642,0.000462777599887835,0.263610126012581
"bivt",5e-04,10000,"0.1",TRUE,0.00063504407507209,-0.000592532151538551,0.000172266475184255,-0.000129754551650716,0.000462777599887835,0.263610126012581
"bivt",5e-04,10000,"0.01",TRUE,0.00070366201666433,-0.000628630398247666,0.000240884416776495,-0.000165852798359831,0.000462777599887835,0.263610126012581
"bivt",5e-04,10000,"0.05",TRUE,0.000443924060805895,-0.000416599360247196,0.000164297080606052,-0.000136972380047352,0.000279626980199843,0.305221124673166
"bivt",5e-04,10000,"0.1",TRUE,0.000422504661067693,-0.000400065759669531,0.000142877680867849,-0.000120438779469688,0.000279626980199843,0.305221124673166
"bivt",5e-04,10000,"0.01",TRUE,0.000481618411085005,-0.000436304702653789,0.000201991430885162,-0.000156677722453946,0.000279626980199843,0.305221124673166
"bivt",5e-04,10000,"0.05",TRUE,0.000549369059606448,-0.000519552349453476,0.000178166769562609,-0.000148350059409637,0.000371202290043839,0.258875739097693
"bivt",5e-04,10000,"0.1",TRUE,0.000533824403097068,-0.000507722398541365,0.000162622113053229,-0.000136520108497525,0.000371202290043839,0.258875739097693
"bivt",5e-04,10000,"0.01",TRUE,0.000599415300513471,-0.000555466410498956,0.000228213010469631,-0.000184264120455117,0.000371202290043839,0.258875739097693
"bivt",5e-04,10000,"0.05",TRUE,0.000597918752341638,-0.000525693025847244,0.000226716462297798,-0.000154490735803404,0.000371202290043839,0.250743645138417
"bivt",5e-04,10000,"0.1",TRUE,0.000569658586414145,-0.000509853153027338,0.000198456296370306,-0.000138650862983499,0.000371202290043839,0.250743645138417
"bivt",5e-04,10000,"0.01",TRUE,0.000663412352845338,-0.000551566457544023,0.000292210062801499,-0.000180364167500184,0.000371202290043839,0.250743645138417
"bivt",5e-04,10000,"0.05",TRUE,0.000527577433255505,-0.00047041875659398,0.000202162798133664,-0.000145004121472138,0.000325414635121841,0.279654285379751
"bivt",5e-04,10000,"0.1",TRUE,0.000498498012638893,-0.000456002309441525,0.000173083377517052,-0.000130587674319684,0.000325414635121841,0.279654285379751
"bivt",5e-04,10000,"0.01",TRUE,0.00059462503173831,-0.000489925971770557,0.000269210396616468,-0.000164511336648716,0.000325414635121841,0.279654285379751
"bivt",5e-04,10000,"0.05",TRUE,0.000594576776471887,-0.000492058716869668,0.000269162141350046,-0.000166644081747827,0.000325414635121841,0.260199545575756
"bivt",5e-04,10000,"0.1",TRUE,0.000530188091958594,-0.000470530539401693,0.000204773456836753,-0.000145115904279851,0.000325414635121841,0.260199545575756
"bivt",5e-04,10000,"0.01",TRUE,0.000637662094295391,-0.00051710109136254,0.00031224745917355,-0.000191686456240699,0.000325414635121841,0.260199545575756
"bivt",5e-04,10000,"0.05",TRUE,0.000873405994626969,-0.000805322416820821,0.000227477775051142,-0.000159394197244993,0.000645928219575828,0.253492076934168
"bivt",5e-04,10000,"0.1",TRUE,0.000838550207117169,-0.000792417379088573,0.000192621987541342,-0.000146489159512745,0.000645928219575828,0.253492076934168
"bivt",5e-04,10000,"0.01",TRUE,0.000941978893635627,-0.000830028118002076,0.0002960506740598,-0.000184099898426249,0.000645928219575828,0.253492076934168
"bivt",5e-04,10000,"0.05",TRUE,0.000841119208777764,-0.000779161287227756,0.000195190989201937,-0.000133233067651929,0.000645928219575828,0.305708123860024
"bivt",5e-04,10000,"0.1",TRUE,0.000814740755178322,-0.000763749535556199,0.000168812535602494,-0.000117821315980371,0.000645928219575828,0.305708123860024
"bivt",5e-04,10000,"0.01",TRUE,0.000902657814416295,-0.00080067402433907,0.000256729594840468,-0.000154745804763243,0.000645928219575828,0.305708123860024
"bivt",5e-04,10000,"0.05",TRUE,0.000692223166988763,-0.000619907932987028,0.000229445567100928,-0.000157130333099193,0.000462777599887835,0.249465525564297
"bivt",5e-04,10000,"0.1",TRUE,0.000668201609022307,-0.000606169633158456,0.000205424009134472,-0.00014339203327062,0.000462777599887835,0.249465525564297
"bivt",5e-04,10000,"0.01",TRUE,0.000726507684098022,-0.000643531177370854,0.000263730084210187,-0.000180753577483019,0.000462777599887835,0.249465525564297
"bivt",5e-04,10000,"0.05",TRUE,0.000371429287622824,-0.000309348953519792,0.000193179718602686,-0.000131099384499655,0.000178249569020137,0.301502010552418
"bivt",5e-04,10000,"0.1",TRUE,0.000331732744406771,-0.000296668995167967,0.000153483175386634,-0.00011841942614783,0.000178249569020137,0.301502010552418
"bivt",5e-04,10000,"0.01",TRUE,0.000396938954647085,-0.000329741084363938,0.000218689385626948,-0.000151491515343801,0.000178249569020137,0.301502010552418
"bivt",5e-04,10000,"0.05",TRUE,0.000736606639818407,-0.00068404310334797,0.000228041385008573,-0.000175477848538137,0.000508565254809833,0.245506783255314
"bivt",5e-04,10000,"0.1",TRUE,0.000699057533126522,-0.000665088276819691,0.000190492278316688,-0.000156523022009857,0.000508565254809833,0.245506783255314
"bivt",5e-04,10000,"0.01",TRUE,0.000787856350975539,-0.00071032635266335,0.000279291096165706,-0.000201761097853516,0.000508565254809833,0.245506783255314
"bivt",5e-04,10000,"0.05",TRUE,0.000823830700426508,-0.000758002281912133,0.000223690135772678,-0.000157861717258304,0.000600140564653829,0.256458536290002
"bivt",5e-04,10000,"0.1",TRUE,0.000799171893814628,-0.000739724552319529,0.000199031329160799,-0.0001395839876657,0.000600140564653829,0.256458536290002
"bivt",5e-04,10000,"0.01",TRUE,0.000900721006130588,-0.000783556101599447,0.000300580441476759,-0.000183415536945617,0.000600140564653829,0.256458536290002
"bivt",5e-04,10000,"0.05",TRUE,0.000551791792916768,-0.000466617474963372,0.000226377157794927,-0.000141202839841531,0.000325414635121841,0.285646706535535
"bivt",5e-04,10000,"0.1",TRUE,0.000529556013532275,-0.000452695258905931,0.000204141378410433,-0.00012728062378409,0.000325414635121841,0.285646706535535
"bivt",5e-04,10000,"0.01",TRUE,0.000619465220217154,-0.000490353770715996,0.000294050585095313,-0.000164939135594155,0.000325414635121841,0.285646706535535
"bivt",5e-04,10000,"0.05",TRUE,0.000723358059636184,-0.000619688162945159,0.000260580459748348,-0.000156910563057324,0.000462777599887835,0.246526382327558
"bivt",5e-04,10000,"0.1",TRUE,0.000688094230139146,-0.00060642614471487,0.00022531663025131,-0.000143648544827035,0.000462777599887835,0.246526382327558
"bivt",5e-04,10000,"0.01",TRUE,0.000804488950720038,-0.000648769739737725,0.000341711350832203,-0.00018599213984989,0.000462777599887835,0.246526382327558
"bivt",5e-04,10000,"0.05",TRUE,0.000460096040959396,-0.000449415755285682,0.000144483507173264,-0.000133803221499551,0.000315612533786131,0.316685111501078
"bivt",5e-04,10000,"0.1",TRUE,0.000446406080083253,-0.000432486306541032,0.000130793546297122,-0.0001168737727549,0.000315612533786131,0.316685111501078
"bivt",5e-04,10000,"0.01",TRUE,0.000502253101533646,-0.000473262339396859,0.000186640567747515,-0.000157649805610728,0.000315612533786131,0.316685111501078
"bivt",5e-04,10000,"0.05",TRUE,0.000717002176382126,-0.000637655376337595,0.00025422457649429,-0.000174877776449759,0.000462777599887835,0.272323539518447
"bivt",5e-04,10000,"0.1",TRUE,0.000687571423757012,-0.000623494459115896,0.000224793823869176,-0.000160716859228061,0.000462777599887835,0.272323539518447
"bivt",5e-04,10000,"0.01",TRUE,0.000797234503099154,-0.000658870355414245,0.000334456903211319,-0.00019609275552641,0.000462777599887835,0.272323539518447
"bivt",5e-04,10000,"0.05",TRUE,0.00058974854779638,-0.000510860079402119,0.000218546257752541,-0.00013965778935828,0.000371202290043839,0.280548028566303
"bivt",5e-04,10000,"0.1",TRUE,0.000562281100586764,-0.000497319905183946,0.000191078810542925,-0.000126117615140107,0.000371202290043839,0.280548028566303
"bivt",5e-04,10000,"0.01",TRUE,0.000627013195849659,-0.000528768575467035,0.000255810905805819,-0.000157566285423196,0.000371202290043839,0.280548028566303
"bivt",5e-04,10000,"0.05",TRUE,0.000532190101985839,-0.000473686407724578,0.000206775466863998,-0.000148271772602737,0.000325414635121841,0.262386769143835
"bivt",5e-04,10000,"0.1",TRUE,0.000510551731224091,-0.000462893881347154,0.00018513709610225,-0.000137479246225313,0.000325414635121841,0.262386769143835
"bivt",5e-04,10000,"0.01",TRUE,0.000582899244794737,-0.000492133080350181,0.000257484609672896,-0.000166718445228339,0.000325414635121841,0.262386769143835
"bivt",5e-04,10000,"0.05",TRUE,0.000981366240283765,-0.000900323701086805,0.000243862710863941,-0.000162820171666981,0.000737503529419824,0.254032270649108
"bivt",5e-04,10000,"0.1",TRUE,0.000943568816147025,-0.000882823489489259,0.000206065286727202,-0.000145319960069435,0.000737503529419824,0.254032270649108
"bivt",5e-04,10000,"0.01",TRUE,0.00105333612464985,-0.000920965709580878,0.000315832595230022,-0.000183462180161055,0.000737503529419824,0.254032270649108
"bivt",5e-04,10000,"0.05",TRUE,0.000767243089630814,-0.000710560974956627,0.000212890179898983,-0.000156208065224796,0.000554352909731831,0.281211881268603
"bivt",5e-04,10000,"0.1",TRUE,0.000738281303422998,-0.000698980243351388,0.000183928393691167,-0.000144627333619557,0.000554352909731831,0.281211881268603
"bivt",5e-04,10000,"0.01",TRUE,0.000820304436695735,-0.000731664942800161,0.000265951526963904,-0.00017731203306833,0.000554352909731831,0.281211881268603
"bivt",5e-04,10000,"0.05",TRUE,0.00089426665549376,-0.000806094779676869,0.000248338435917932,-0.000160166560101042,0.000645928219575828,0.237579079252495
"bivt",5e-04,10000,"0.1",TRUE,0.00086050837528817,-0.000793824434576592,0.000214580155712342,-0.000147896215000764,0.000645928219575828,0.237579079252495
"bivt",5e-04,10000,"0.01",TRUE,0.000966244565609937,-0.000837253096852798,0.000320316346034109,-0.00019132487727697,0.000645928219575828,0.237579079252495
"bivt",5e-04,10000,"0.05",TRUE,0.000548173342150229,-0.000455039477299377,0.000222758707028388,-0.000129624842177535,0.000325414635121841,0.277647758922185
"bivt",5e-04,10000,"0.1",TRUE,0.000522358707888704,-0.000446807699886231,0.000196944072766862,-0.00012139306476439,0.000325414635121841,0.277647758922185
"bivt",5e-04,10000,"0.01",TRUE,0.000608731461886496,-0.000478988654340343,0.000283316826764655,-0.000153574019218502,0.000325414635121841,0.277647758922185
"bivt",5e-04,10000,"0.05",TRUE,0.000485300416983968,-0.00043428469827454,0.000205673436784125,-0.000154657718074697,0.000279626980199843,0.259505025365994
"bivt",5e-04,10000,"0.1",TRUE,0.000463461211131152,-0.000419308286320442,0.000183834230931308,-0.000139681306120599,0.000279626980199843,0.259505025365994
"bivt",5e-04,10000,"0.01",TRUE,0.000549596917223547,-0.000459606547175826,0.000269969937023704,-0.000179979566975982,0.000279626980199843,0.259505025365994
"bivt",5e-04,10000,"0.05",TRUE,0.000465525286516504,-0.000416242331023991,0.000185898306316661,-0.000136615350824148,0.000279626980199843,0.289954145675471
"bivt",5e-04,10000,"0.1",TRUE,0.00044529966097143,-0.000403338206196134,0.000165672680771587,-0.000123711225996291,0.000279626980199843,0.289954145675471
"bivt",5e-04,10000,"0.01",TRUE,0.000496678016920612,-0.000437179173448414,0.000217051036720769,-0.00015755219324857,0.000279626980199843,0.289954145675471
"bivt",5e-04,10000,"0.05",TRUE,0.000383864533758236,-0.000349095007327291,0.000195812863402388,-0.000161043336971444,0.000188051670355847,0.276811701917879
"bivt",5e-04,10000,"0.1",TRUE,0.000366810681133174,-0.000328378358028521,0.000178759010777327,-0.000140326687672674,0.000188051670355847,0.276811701917879
"bivt",5e-04,10000,"0.01",TRUE,0.000443924542264154,-0.000364221307618771,0.000255872871908307,-0.000176169637262924,0.000188051670355847,0.276811701917879
"bivt",5e-04,10000,"0.05",TRUE,0.000692251535471233,-0.000604385701136914,0.000229473935583397,-0.000141608101249079,0.000462777599887835,0.259304817600048
"bivt",5e-04,10000,"0.1",TRUE,0.000661840256457427,-0.000593054748502369,0.000199062656569591,-0.000130277148614533,0.000462777599887835,0.259304817600048
"bivt",5e-04,10000,"0.01",TRUE,0.000758439893229818,-0.000622347497974631,0.000295662293341983,-0.000159569898086796,0.000462777599887835,0.259304817600048
"bivt",5e-04,10000,"0.05",TRUE,0.000516758484326291,-0.000464700429182899,0.00019134384920445,-0.000139285794061058,0.000325414635121841,0.270881870622895
"bivt",5e-04,10000,"0.1",TRUE,0.000489116743269132,-0.000449822221381666,0.00016370210814729,-0.000124407586259824,0.000325414635121841,0.270881870622895
"bivt",5e-04,10000,"0.01",TRUE,0.000552346952853838,-0.000484930919659681,0.000226932317731997,-0.00015951628453784,0.000325414635121841,0.270881870622895
"bivt",5e-04,10000,"0.05",TRUE,0.00049074852580778,-0.000434081360607677,0.000211121545607937,-0.000154454380407834,0.000279626980199843,0.303522984840042
"bivt",5e-04,10000,"0.1",TRUE,0.000469229332528324,-0.000418250422779956,0.000189602352328481,-0.000138623442580113,0.000279626980199843,0.303522984840042
"bivt",5e-04,10000,"0.01",TRUE,0.000545590821547626,-0.000459939600872268,0.000265963841347783,-0.000180312620672425,0.000279626980199843,0.303522984840042
"bivt",5e-04,10000,"0.05",TRUE,0.000525182495915242,-0.000482440335740518,0.000163782307207113,-0.000121040147032389,0.000361400188708129,0.323068441285697
"bivt",5e-04,10000,"0.1",TRUE,0.000512261922552201,-0.000472157409655277,0.000150861733844072,-0.000110757220947147,0.000361400188708129,0.323068441285697
"bivt",5e-04,10000,"0.01",TRUE,0.00057581037901581,-0.00050313449123292,0.000214410190307681,-0.000141734302524791,0.000361400188708129,0.323068441285697
"bivt",5e-04,10000,"0.05",TRUE,0.000833983789349789,-0.000767807682841894,0.000233843224695959,-0.000167667118188064,0.000600140564653829,0.223142617760225
"bivt",5e-04,10000,"0.1",TRUE,0.000813670550329387,-0.000755658314744547,0.000213529985675557,-0.000155517750090718,0.000600140564653829,0.223142617760225
"bivt",5e-04,10000,"0.01",TRUE,0.000929895747935247,-0.000785562636516232,0.000329755183281418,-0.000185422071862402,0.000600140564653829,0.223142617760225
"bivt",5e-04,10000,"0.05",TRUE,0.000594806672804774,-0.000517975075176273,0.000223604382760935,-0.000146772785132434,0.000371202290043839,0.244783724450458
"bivt",5e-04,10000,"0.1",TRUE,0.000556683030361994,-0.000502291440177612,0.000185480740318155,-0.000131089150133773,0.000371202290043839,0.244783724450458
"bivt",5e-04,10000,"0.01",TRUE,0.000642219512638264,-0.000547940763879642,0.000271017222594425,-0.000176738473835803,0.000371202290043839,0.244783724450458
"bivt",5e-04,10000,"0.05",TRUE,0.000902698348448494,-0.000842419012922254,0.000210982473950668,-0.000150703138424429,0.000691715874497825,0.240584415022413
"bivt",5e-04,10000,"0.1",TRUE,0.00088054701833225,-0.00083205549180933,0.000188831143834425,-0.000140339617311505,0.000691715874497825,0.240584415022413
"bivt",5e-04,10000,"0.01",TRUE,0.000975295934149006,-0.00086431551166142,0.00028358005965118,-0.000172599637163595,0.000691715874497825,0.240584415022413
"bivt",5e-04,10000,"0.05",TRUE,0.000626221103130335,-0.00055669278269114,0.000209231158164498,-0.000139702837725303,0.000416989944965837,0.259473277875315
"bivt",5e-04,10000,"0.1",TRUE,0.000592356316011553,-0.000547184399503893,0.000175366371045716,-0.000130194454538056,0.000416989944965837,0.259473277875315
"bivt",5e-04,10000,"0.01",TRUE,0.000701330861622203,-0.000576919457858754,0.000284340916656366,-0.000159929512892917,0.000416989944965837,0.259473277875315
"bivt",5e-04,10000,"0.05",TRUE,0.000675901467786346,-0.000599025648027153,0.000213123867898511,-0.000136248048139318,0.000462777599887835,0.300151752139093
"bivt",5e-04,10000,"0.1",TRUE,0.0006534524806919,-0.000586058475936218,0.000190674880804064,-0.000123280876048383,0.000462777599887835,0.300151752139093
"bivt",5e-04,10000,"0.01",TRUE,0.000714200216283547,-0.000612164648066968,0.000251422616395711,-0.000149387048179133,0.000462777599887835,0.300151752139093
"bivt",5e-04,10000,"0.05",TRUE,0.0004435770205029,-0.000399425942860847,0.000173752141638767,-0.000129601063996714,0.000269824878864133,0.291912610186011
"bivt",5e-04,10000,"0.1",TRUE,0.00042352360773424,-0.000387027512657051,0.000153698728870106,-0.000117202633792918,0.000269824878864133,0.291912610186011
"bivt",5e-04,10000,"0.01",TRUE,0.000496717793547539,-0.000420165093468184,0.000226892914683406,-0.000150340214604051,0.000269824878864133,0.291912610186011
"bivt",5e-04,10000,"0.05",TRUE,0.000675440659516729,-0.000614271060240716,0.000212663059628894,-0.000151493460352881,0.000462777599887835,0.253401998729158
"bivt",5e-04,10000,"0.1",TRUE,0.000657036680821492,-0.000597089994097798,0.000194259080933657,-0.000134312394209963,0.000462777599887835,0.253401998729158
"bivt",5e-04,10000,"0.01",TRUE,0.000750454467075593,-0.000632167807535032,0.000287676867187758,-0.000169390207647197,0.000462777599887835,0.253401998729158
"bivt",5e-04,10000,"0.05",TRUE,0.000360151701715082,-0.000321469908757601,0.000172100031359235,-0.000133418238401754,0.000188051670355847,0.324410697724852
"bivt",5e-04,10000,"0.1",TRUE,0.000333353768358563,-0.000307725977616388,0.000145302098002716,-0.000119674307260541,0.000188051670355847,0.324410697724852
"bivt",5e-04,10000,"0.01",TRUE,0.000420137745587868,-0.000332101200030219,0.000232086075232021,-0.000144049529674372,0.000188051670355847,0.324410697724852
"bivt",5e-04,10000,"0.05",TRUE,0.000608824117002438,-0.000534248316285593,0.000237621826958599,-0.000163046026241754,0.000371202290043839,0.306909167647466
"bivt",5e-04,10000,"0.1",TRUE,0.000575585888284846,-0.000521036918611927,0.000204383598241007,-0.000149834628568088,0.000371202290043839,0.306909167647466
"bivt",5e-04,10000,"0.01",TRUE,0.000664037761225564,-0.000560555731204315,0.000292835471181725,-0.000189353441160475,0.000371202290043839,0.306909167647466
"bivt",5e-04,10000,"0.05",TRUE,0.000439551660231497,-0.000383490133218168,0.000205712334953652,-0.000149650807940323,0.000233839325277845,0.268239418494312
"bivt",5e-04,10000,"0.1",TRUE,0.000412898432021408,-0.000373268880056083,0.000179059106743563,-0.000139429554778238,0.000233839325277845,0.268239418494312
"bivt",5e-04,10000,"0.01",TRUE,0.000528108371678641,-0.000404517901805493,0.000294269046400795,-0.000170678576527648,0.000233839325277845,0.268239418494312
"bivt",5e-04,10000,"0.05",TRUE,0.000781511847391108,-0.000710554208157393,0.000227158937659277,-0.000156201298425561,0.000554352909731831,0.240940176643447
"bivt",5e-04,10000,"0.1",TRUE,0.000748512366081648,-0.00069433963253689,0.000194159456349817,-0.000139986722805058,0.000554352909731831,0.240940176643447
"bivt",5e-04,10000,"0.01",TRUE,0.000821950874202425,-0.000744722254346755,0.000267597964470594,-0.000190369344614924,0.000554352909731831,0.240940176643447
"bivt",5e-04,10000,"0.05",TRUE,0.000540654971205586,-0.000472783352466922,0.000215240336083745,-0.000147368717345081,0.000325414635121841,0.282733989950074
"bivt",5e-04,10000,"0.1",TRUE,0.000516528601218747,-0.000465888499829389,0.000191113966096906,-0.000140473864707547,0.000325414635121841,0.282733989950074
"bivt",5e-04,10000,"0.01",TRUE,0.000623694623269931,-0.000502072719080881,0.00029827998814809,-0.000176658083959039,0.000325414635121841,0.282733989950074
"bivt",5e-04,10000,"0.05",TRUE,0.000769895498493232,-0.00068157738142246,0.000261330243683398,-0.000173012126612627,0.000508565254809833,0.249464831386956
"bivt",5e-04,10000,"0.1",TRUE,0.000733091938506822,-0.000664755127875352,0.000224526683696989,-0.000156189873065518,0.000508565254809833,0.249464831386956
"bivt",5e-04,10000,"0.01",TRUE,0.000836989129429167,-0.000714380939811606,0.000328423874619333,-0.000205815685001772,0.000508565254809833,0.249464831386956
"bivt",5e-04,10000,"0.05",TRUE,0.000659909228456035,-0.000604318531302587,0.000197131628568199,-0.000141540931414752,0.000462777599887835,0.295416558496642
"bivt",5e-04,10000,"0.1",TRUE,0.000627019076547928,-0.000592807558438476,0.000164241476660093,-0.00013002995855064,0.000462777599887835,0.295416558496642
"bivt",5e-04,10000,"0.01",TRUE,0.000713325088481925,-0.000630666803862237,0.00025054748859409,-0.000167889203974401,0.000462777599887835,0.295416558496642
"bivt",5e-04,10000,"0.05",TRUE,0.000747305662659902,-0.000660548818434446,0.000238740407850068,-0.000151983563624613,0.000508565254809833,0.246863292546207
"bivt",5e-04,10000,"0.1",TRUE,0.000713283744222705,-0.000646833367616414,0.000204718489412872,-0.000138268112806581,0.000508565254809833,0.246863292546207
"bivt",5e-04,10000,"0.01",TRUE,0.000804179302152648,-0.000679680410273247,0.000295614047342814,-0.000171115155463414,0.000508565254809833,0.246863292546207
"bivt",5e-04,10000,"0.05",TRUE,0.00057500595478191,-0.000509514219279295,0.000203803664738071,-0.000138311929235456,0.000371202290043839,0.296050716609593
"bivt",5e-04,10000,"0.1",TRUE,0.000540614006733015,-0.000493897138765248,0.000169411716689176,-0.000122694848721409,0.000371202290043839,0.296050716609593
"bivt",5e-04,10000,"0.01",TRUE,0.000638286275321463,-0.000529865836089898,0.000267083985277624,-0.000158663546046059,0.000371202290043839,0.296050716609593
"bivt",5e-04,10000,"0.05",TRUE,0.000546822236680893,-0.000485085150975401,0.000221407601559052,-0.00015967051585356,0.000325414635121841,0.257266303713114
"bivt",5e-04,10000,"0.1",TRUE,0.000510266013762585,-0.000468847922544245,0.000184851378640744,-0.000143433287422403,0.000325414635121841,0.257266303713114
"bivt",5e-04,10000,"0.01",TRUE,0.000595209802652527,-0.000512234849652688,0.000269795167530686,-0.000186820214530847,0.000325414635121841,0.257266303713114
"bivt",5e-04,10000,"0.05",TRUE,0.000508984006199559,-0.000468268801319442,0.000183569371077718,-0.000142854166197601,0.000325414635121841,0.311365043435634
"bivt",5e-04,10000,"0.1",TRUE,0.000481701654391537,-0.000458070358128192,0.000156287019269696,-0.000132655723006351,0.000325414635121841,0.311365043435634
"bivt",5e-04,10000,"0.01",TRUE,0.00056735366075942,-0.000489066523004121,0.000241939025637579,-0.00016365188788228,0.000325414635121841,0.311365043435634
"bivt",5e-04,10000,"0.05",TRUE,0.00083092453941451,-0.000756150541351777,0.00023078397476068,-0.000156009976697948,0.000600140564653829,0.241861970242254
"bivt",5e-04,10000,"0.1",TRUE,0.000799266819895562,-0.000739872390439994,0.000199126255241732,-0.000139731825786164,0.000600140564653829,0.241861970242254
"bivt",5e-04,10000,"0.01",TRUE,0.000889246126431525,-0.00078495685104922,0.000289105561777695,-0.00018481628639539,0.000600140564653829,0.241861970242254
"bivt",5e-04,10000,"0.05",TRUE,0.00082319817849896,-0.000743297551891456,0.00022305761384513,-0.000143156987237626,0.000600140564653829,0.243336973740116
"bivt",5e-04,10000,"0.1",TRUE,0.000790849474506261,-0.000728761101739803,0.000190708909852432,-0.000128620537085974,0.000600140564653829,0.243336973740116
"bivt",5e-04,10000,"0.01",TRUE,0.000923625865861605,-0.000771091105101768,0.000323485301207776,-0.000170950540447939,0.000600140564653829,0.243336973740116
"bivt",5e-04,10000,"0.05",TRUE,0.000633371376666586,-0.00056623168418872,0.000216381431700748,-0.000149241739222883,0.000416989944965837,0.27494445127987
"bivt",5e-04,10000,"0.1",TRUE,0.000595961210619593,-0.000557098374025231,0.000178971265653755,-0.000140108429059394,0.000416989944965837,0.27494445127987
"bivt",5e-04,10000,"0.01",TRUE,0.00068585663702699,-0.00058296254656282,0.000268866692061153,-0.000165972601596983,0.000416989944965837,0.27494445127987
"bivt",5e-04,10000,"0.05",TRUE,0.000540490671806092,-0.000493083206112818,0.000179090483097963,-0.000131683017404688,0.000361400188708129,0.289949160514589
"bivt",5e-04,10000,"0.1",TRUE,0.000522017305768322,-0.000481262989174532,0.000160617117060192,-0.000119862800466403,0.000361400188708129,0.289949160514589
"bivt",5e-04,10000,"0.01",TRUE,0.000587419420337103,-0.000513078701018879,0.000226019231628973,-0.00015167851231075,0.000361400188708129,0.289949160514589
"bivt",5e-04,10000,"0.05",TRUE,0.00038044631938816,-0.000333279622028527,0.000192394649032313,-0.00014522795167268,0.000188051670355847,0.288154871466335
"bivt",5e-04,10000,"0.1",TRUE,0.000352907621858826,-0.000320211265977609,0.000164855951502979,-0.000132159595621762,0.000188051670355847,0.288154871466335
"bivt",5e-04,10000,"0.01",TRUE,0.000444822551265663,-0.000358959919417007,0.000256770880909816,-0.000170908249061159,0.000188051670355847,0.288154871466335
"bivt",5e-04,10000,"0.05",TRUE,0.000673252030881028,-0.000617731674594945,0.000210474430993193,-0.00015495407470711,0.000462777599887835,0.280671107966261
"bivt",5e-04,10000,"0.1",TRUE,0.000650717683450515,-0.000608743147882675,0.00018794008356268,-0.00014596554799484,0.000462777599887835,0.280671107966261
"bivt",5e-04,10000,"0.01",TRUE,0.00074333000129783,-0.000644843079391034,0.000280552401409995,-0.000182065479503199,0.000462777599887835,0.280671107966261
"bivt",1e-04,50000,"0.05",TRUE,0.000125417733890604,-0.000116767262228776,2.96848035232068e-05,-2.1034331861379e-05,9.57329303673974e-05,0.251318050960289
"bivt",1e-04,50000,"0.1",TRUE,0.00012147483125482,-0.000114842282557706,2.57419008874231e-05,-1.91093521903089e-05,9.57329303673974e-05,0.251318050960289
"bivt",1e-04,50000,"0.01",TRUE,0.000133641065985425,-0.000119613643708357,3.79081356180274e-05,-2.38807133409593e-05,9.57329303673974e-05,0.251318050960289
"bivt",1e-04,50000,"0.05",TRUE,7.03807304915029e-05,-6.69351770654299e-05,2.07526989693103e-05,-1.73071455432374e-05,4.96280315221925e-05,0.285702795443385
"bivt",1e-04,50000,"0.1",TRUE,6.85459037506544e-05,-6.50397134295514e-05,1.89178722284618e-05,-1.54116819073589e-05,4.96280315221925e-05,0.285702795443385
"bivt",1e-04,50000,"0.01",TRUE,7.40174772268008e-05,-6.96690790652705e-05,2.43894457046082e-05,-2.0041047543078e-05,4.96280315221925e-05,0.285702795443385
"bivt",1e-04,50000,"0.05",TRUE,8.5867002709846e-05,-8.09522586529662e-05,2.50207031959502e-05,-2.01059591390704e-05,6.08462995138958e-05,0.258348038216522
"bivt",1e-04,50000,"0.1",TRUE,8.32804881406649e-05,-7.89759276151572e-05,2.24341886267691e-05,-1.81296281012614e-05,6.08462995138958e-05,0.258348038216522
"bivt",1e-04,50000,"0.01",TRUE,9.10530862548845e-05,-8.3897005534913e-05,3.02067867409887e-05,-2.30507060210172e-05,6.08462995138958e-05,0.258348038216522
"bivt",1e-04,50000,"0.05",TRUE,5.88316999535584e-05,-5.46707303973697e-05,2.1243154341997e-05,-1.70821847858083e-05,3.75885456115614e-05,0.288973394678934
"bivt",1e-04,50000,"0.1",TRUE,5.70749373004569e-05,-5.31452491089461e-05,1.94863916888955e-05,-1.55567034973847e-05,3.75885456115614e-05,0.288973394678934
"bivt",1e-04,50000,"0.01",TRUE,6.27079954422084e-05,-5.76649517217088e-05,2.5119449830647e-05,-2.00764061101474e-05,3.75885456115614e-05,0.288973394678934
"bivt",1e-04,50000,"0.05",TRUE,0.000138565930940722,-0.000133942258819466,2.53896851465742e-05,-2.07660130253176e-05,0.000113176245794148,0.248164074943137
"bivt",1e-04,50000,"0.1",TRUE,0.000135087521294753,-0.000132681156642208,2.19112755006045e-05,-1.95049108480597e-05,0.000113176245794148,0.248164074943137
"bivt",1e-04,50000,"0.01",TRUE,0.000145517928234472,-0.000136786853884787,3.23416824403235e-05,-2.36106080906387e-05,0.000113176245794148,0.248164074943137
"bivt",1e-04,50000,"0.05",TRUE,0.000125324466902361,-0.000118787661051061,2.95915365349633e-05,-2.3054730683664e-05,9.57329303673974e-05,0.237306472449377
"bivt",1e-04,50000,"0.1",TRUE,0.00012192715752286,-0.000116681184455803,2.61942271554628e-05,-2.09482540884053e-05,9.57329303673974e-05,0.237306472449377
"bivt",1e-04,50000,"0.01",TRUE,0.000129513772279657,-0.000122464685337629,3.37808419122596e-05,-2.67317549702313e-05,9.57329303673974e-05,0.237306472449377
"bivt",1e-04,50000,"0.05",TRUE,0.000103325103605542,-9.81306088373486e-05,2.50354886648957e-05,-1.9840993896702e-05,7.82896149406466e-05,0.281546802991084
"bivt",1e-04,50000,"0.1",TRUE,0.000100537895363416,-9.5928134388635e-05,2.22482804227696e-05,-1.76385194479884e-05,7.82896149406466e-05,0.281546802991084
"bivt",1e-04,50000,"0.01",TRUE,0.000109975192267685,-0.000101394190971083,3.1685577327038e-05,-2.31045760304368e-05,7.82896149406466e-05,0.281546802991084
"bivt",1e-04,50000,"0.05",TRUE,8.26264440162631e-05,-7.78868809551752e-05,2.17801445023673e-05,-1.70405814412794e-05,6.08462995138958e-05,0.285150231294221
"bivt",1e-04,50000,"0.1",TRUE,8.00072337016978e-05,-7.6261116949349e-05,1.9160934187802e-05,-1.54148174354532e-05,6.08462995138958e-05,0.285150231294221
"bivt",1e-04,50000,"0.01",TRUE,8.82462071954577e-05,-8.11187993315211e-05,2.73999076815619e-05,-2.02724998176253e-05,6.08462995138958e-05,0.285150231294221
"bivt",1e-04,50000,"0.05",TRUE,0.000102271838001294,-9.64228513960931e-05,2.39822230606479e-05,-1.81332364554465e-05,7.82896149406466e-05,0.277293195054605
"bivt",1e-04,50000,"0.1",TRUE,9.93882605373049e-05,-9.48761166575086e-05,2.10986455966583e-05,-1.6586501716862e-05,7.82896149406466e-05,0.277293195054605
"bivt",1e-04,50000,"0.01",TRUE,0.000108035907273384,-9.96860276359621e-05,2.97462923327373e-05,-2.13964126953155e-05,7.82896149406466e-05,0.277293195054605
"bivt",1e-04,50000,"0.05",TRUE,8.14018077251392e-05,-7.57417914698335e-05,2.6369946686827e-05,-2.07099304315213e-05,5.50318610383122e-05,0.242896106046219
"bivt",1e-04,50000,"0.1",TRUE,7.75202392057915e-05,-7.39450553251267e-05,2.24883781674793e-05,-1.89131942868145e-05,5.50318610383122e-05,0.242896106046219
"bivt",1e-04,50000,"0.01",TRUE,8.76425922885621e-05,-8.05931385657433e-05,3.26107312502499e-05,-2.55612775274311e-05,5.50318610383122e-05,0.242896106046219
"bivt",1e-04,50000,"0.05",TRUE,7.19108237930456e-05,-6.84150752235429e-05,2.2693401230317e-05,-1.91976526608143e-05,4.92174225627286e-05,0.272516445029332
"bivt",1e-04,50000,"0.1",TRUE,6.91339573395698e-05,-6.62381530800931e-05,1.99165347768412e-05,-1.70207305173645e-05,4.92174225627286e-05,0.272516445029332
"bivt",1e-04,50000,"0.01",TRUE,7.73979787413923e-05,-7.1377272443227e-05,2.81805561786637e-05,-2.21598498804984e-05,4.92174225627286e-05,0.272516445029332
"bivt",1e-04,50000,"0.05",TRUE,0.000134878489992878,-0.000128154523355139,2.7516682674313e-05,-2.07927160365743e-05,0.000107361807318565,0.258144043827788
"bivt",1e-04,50000,"0.1",TRUE,0.000131047109457418,-0.000125895284977141,2.36853021388534e-05,-1.85334776585765e-05,0.000107361807318565,0.258144043827788
"bivt",1e-04,50000,"0.01",TRUE,0.000138977897189177,-0.00013011682819715,3.16160898706129e-05,-2.27550208785853e-05,0.000107361807318565,0.258144043827788
"bivt",1e-04,50000,"0.05",TRUE,7.39779193472493e-05,-6.93797750958983e-05,2.47604967845207e-05,-2.01623525331696e-05,4.92174225627286e-05,0.249570561959707
"bivt",1e-04,50000,"0.1",TRUE,7.0210295992781e-05,-6.74256192646153e-05,2.09928734300524e-05,-1.82081967018867e-05,4.92174225627286e-05,0.249570561959707
"bivt",1e-04,50000,"0.01",TRUE,7.87393415906869e-05,-7.1949054387471e-05,2.95219190279582e-05,-2.27316318247424e-05,4.92174225627286e-05,0.249570561959707
"bivt",1e-04,50000,"0.05",TRUE,6.10279302299888e-05,-5.71346987776881e-05,2.30287756589635e-05,-1.91355442066627e-05,3.79991545710253e-05,0.267692629144509
"bivt",1e-04,50000,"0.1",TRUE,5.79034142280737e-05,-5.52156976934048e-05,1.99042596570484e-05,-1.72165431223795e-05,3.79991545710253e-05,0.267692629144509
"bivt",1e-04,50000,"0.01",TRUE,6.57128555986776e-05,-5.96544822410509e-05,2.77137010276523e-05,-2.16553276700256e-05,3.79991545710253e-05,0.267692629144509
"bivt",1e-04,50000,"0.05",TRUE,9.51162785734618e-05,-9.01706628566158e-05,2.26411021083988e-05,-1.76954863915528e-05,7.2475176465063e-05,0.298071416351065
"bivt",1e-04,50000,"0.1",TRUE,9.0161094496326e-05,-8.87759713118418e-05,1.7685918031263e-05,-1.63007948467788e-05,7.2475176465063e-05,0.298071416351065
"bivt",1e-04,50000,"0.01",TRUE,0.000101272071978961,-9.31452197888151e-05,2.87968955138975e-05,-2.06700433237521e-05,7.2475176465063e-05,0.298071416351065
"bivt",1e-04,50000,"0.05",TRUE,8.70051499770134e-05,-7.96755623195609e-05,2.57482415036536e-05,-1.84186538462011e-05,6.12569084733597e-05,0.261672224599733
"bivt",1e-04,50000,"0.1",TRUE,8.18750499361539e-05,-7.7838119437879e-05,2.06181414627942e-05,-1.65812109645193e-05,6.12569084733597e-05,0.261672224599733
"bivt",1e-04,50000,"0.01",TRUE,9.44768140948943e-05,-8.29486585761396e-05,3.32199056215346e-05,-2.16917501027799e-05,6.12569084733597e-05,0.261672224599733
"bivt",1e-04,50000,"0.05",TRUE,0.000101059464016655,-9.76369110743832e-05,2.27698490760081e-05,-1.93472961337366e-05,7.82896149406466e-05,0.269971291169371
"bivt",1e-04,50000,"0.1",TRUE,9.85573693910191e-05,-9.54455898883594e-05,2.02677544503725e-05,-1.71559749477128e-05,7.82896149406466e-05,0.269971291169371
"bivt",1e-04,50000,"0.01",TRUE,0.000106605545708346,-0.00010007831321074,2.83159307676991e-05,-2.17886982700932e-05,7.82896149406466e-05,0.269971291169371
"bivt",1e-04,50000,"0.05",TRUE,0.000149785156963698,-0.000143820826488633,2.49800342183822e-05,-1.90157037433177e-05,0.000124805122745315,0.245099679875518
"bivt",1e-04,50000,"0.1",TRUE,0.000147887262654712,-0.000142669524620933,2.30821399093964e-05,-1.78644018756179e-05,0.000124805122745315,0.245099679875518
"bivt",1e-04,50000,"0.01",TRUE,0.000157304822300878,-0.000147837173196104,3.24996995555624e-05,-2.3032050450789e-05,0.000124805122745315,0.245099679875518
"bivt",1e-04,50000,"0.05",TRUE,8.57914524511238e-05,-7.98532025310121e-05,2.45345439777641e-05,-1.85962940576524e-05,6.12569084733597e-05,0.250053895075737
"bivt",1e-04,50000,"0.1",TRUE,8.29383445463045e-05,-7.79001713301622e-05,2.16814360729448e-05,-1.66432628568025e-05,6.12569084733597e-05,0.250053895075737
"bivt",1e-04,50000,"0.01",TRUE,9.34196336104745e-05,-8.2341783675446e-05,3.21627251371148e-05,-2.10848752020863e-05,6.12569084733597e-05,0.250053895075737
"bivt",1e-04,50000,"0.05",TRUE,8.42378185119774e-05,-7.89191559488696e-05,2.33915189980816e-05,-1.80728564349738e-05,6.08462995138958e-05,0.290200426073971
"bivt",1e-04,50000,"0.1",TRUE,8.11467018624752e-05,-7.72461180457056e-05,2.03004023485794e-05,-1.63998185318098e-05,6.08462995138958e-05,0.290200426073971
"bivt",1e-04,50000,"0.01",TRUE,8.90756289152264e-05,-8.2621261693954e-05,2.82293294013306e-05,-2.17749621800582e-05,6.08462995138958e-05,0.290200426073971
"bivt",1e-04,50000,"0.05",TRUE,0.000121342186636297,-0.000116961549226321,2.56092562689001e-05,-2.1228618858924e-05,9.57329303673974e-05,0.250466304335926
"bivt",1e-04,50000,"0.1",TRUE,0.000119137286196867,-0.000115354733509472,2.34043558294697e-05,-1.96218031420751e-05,9.57329303673974e-05,0.250466304335926
"bivt",1e-04,50000,"0.01",TRUE,0.000128749439730392,-0.000120114786299774,3.30165093629943e-05,-2.4381855932377e-05,9.57329303673974e-05,0.250466304335926
"bivt",1e-04,50000,"0.05",TRUE,0.000103341288962778,-0.00010002001515378,2.46410650626673e-05,-2.13197912536698e-05,7.87002239001105e-05,0.256131021441193
"bivt",1e-04,50000,"0.1",TRUE,0.000100936598950773,-9.69807741224684e-05,2.22363750506628e-05,-1.82805502223579e-05,7.87002239001105e-05,0.256131021441193
"bivt",1e-04,50000,"0.01",TRUE,0.000109783350486197,-0.000104906528799559,3.10831265860865e-05,-2.6206304899449e-05,7.87002239001105e-05,0.256131021441193
"bivt",1e-04,50000,"0.05",TRUE,0.000120533949386702,-0.000112372074000606,3.06154574948881e-05,-2.24535821087924e-05,8.99184918918138e-05,0.244458651230443
"bivt",1e-04,50000,"0.1",TRUE,0.000115676629972406,-0.000110765860145749,2.57581380805923e-05,-2.08473682539352e-05,8.99184918918138e-05,0.244458651230443
"bivt",1e-04,50000,"0.01",TRUE,0.000125873944389062,-0.000116215761133452,3.59554524972487e-05,-2.6297269241638e-05,8.99184918918138e-05,0.244458651230443
"bivt",1e-04,50000,"0.05",TRUE,9.64445316362667e-05,-9.13906629227326e-05,2.39693551712037e-05,-1.89154864576696e-05,7.2475176465063e-05,0.248242420316109
"bivt",1e-04,50000,"0.1",TRUE,9.40130452282267e-05,-8.93469139221352e-05,2.15378687631637e-05,-1.68717374570722e-05,7.2475176465063e-05,0.248242420316109
"bivt",1e-04,50000,"0.01",TRUE,0.000103934842442523,-9.54232663530694e-05,3.14596659774603e-05,-2.29480898880064e-05,7.2475176465063e-05,0.248242420316109
"bivt",1e-04,50000,"0.05",TRUE,0.000107453910933408,-0.000102608614380257,2.33498575171779e-05,-1.85045609640266e-05,8.41040534162302e-05,0.260361917616397
"bivt",1e-04,50000,"0.1",TRUE,0.000105742170076278,-0.000101278978765977,2.16381166600482e-05,-1.71749253497466e-05,8.41040534162302e-05,0.260361917616397
"bivt",1e-04,50000,"0.01",TRUE,0.000114271964057845,-0.00010508069217786,3.01679106416143e-05,-2.09766387616299e-05,8.41040534162302e-05,0.260361917616397
"bivt",1e-04,50000,"0.05",TRUE,6.34676378604552e-05,-5.72009008302059e-05,2.58790922488938e-05,-1.96123552186445e-05,3.75885456115614e-05,0.24913423142087
"bivt",1e-04,50000,"0.1",TRUE,5.91013677161982e-05,-5.51270080622938e-05,2.15128221046368e-05,-1.75384624507323e-05,3.75885456115614e-05,0.24913423142087
"bivt",1e-04,50000,"0.01",TRUE,6.94379740941244e-05,-6.04943508355298e-05,3.1849428482563e-05,-2.29058052239684e-05,3.75885456115614e-05,0.24913423142087
"bivt",1e-04,50000,"0.05",TRUE,0.000115037231866262,-0.000108918094236476,2.51187399744481e-05,-1.8999602344662e-05,8.99184918918138e-05,0.259969335615219
"bivt",1e-04,50000,"0.1",TRUE,0.000111403966412066,-0.000106998930129684,2.1485474520252e-05,-1.70804382378705e-05,8.99184918918138e-05,0.259969335615219
"bivt",1e-04,50000,"0.01",TRUE,0.000122359726228052,-0.000111814768265978,3.24412343362386e-05,-2.18962763741641e-05,8.99184918918138e-05,0.259969335615219
"bivt",1e-04,50000,"0.05",TRUE,6.74987170501113e-05,-6.04773509798949e-05,2.9499562479086e-05,-2.24781964088695e-05,3.79991545710253e-05,0.252677307094888
"bivt",1e-04,50000,"0.1",TRUE,6.16195345635272e-05,-5.83427909728043e-05,2.36203799925018e-05,-2.0343636401779e-05,3.79991545710253e-05,0.252677307094888
"bivt",1e-04,50000,"0.01",TRUE,7.58176301516515e-05,-6.30236796287113e-05,3.78184755806261e-05,-2.5024525057686e-05,3.79991545710253e-05,0.252677307094888
"bivt",1e-04,50000,"0.05",TRUE,7.24142656857439e-05,-6.76849443796252e-05,2.31968431230153e-05,-1.84675218168966e-05,4.92174225627286e-05,0.284172057370191
"bivt",1e-04,50000,"0.1",TRUE,6.98122155775248e-05,-6.56908809890444e-05,2.05947930147962e-05,-1.64734584263157e-05,4.92174225627286e-05,0.284172057370191
"bivt",1e-04,50000,"0.01",TRUE,7.79684380238066e-05,-7.02376776803217e-05,2.8751015461078e-05,-2.10202551175931e-05,4.92174225627286e-05,0.284172057370191
"bivt",1e-04,50000,"0.05",TRUE,8.75400288141236e-05,-8.42485890026391e-05,2.04686818651803e-05,-1.71772420536958e-05,6.70713469489433e-05,0.291677940901529
"bivt",1e-04,50000,"0.1",TRUE,8.47723968795284e-05,-8.27882331503815e-05,1.77010499305851e-05,-1.57168862014382e-05,6.70713469489433e-05,0.291677940901529
"bivt",1e-04,50000,"0.01",TRUE,9.17124821663817e-05,-8.66633382341954e-05,2.46411352174384e-05,-1.95919912852521e-05,6.70713469489433e-05,0.291677940901529
"bivt",1e-04,50000,"0.05",TRUE,0.000101418636436998,-9.66394682967247e-05,2.31290214963514e-05,-1.83498533560781e-05,7.82896149406466e-05,0.303344022513799
"bivt",1e-04,50000,"0.1",TRUE,9.90378583478299e-05,-9.47892072960825e-05,2.07482434071833e-05,-1.6499592355436e-05,7.82896149406466e-05,0.303344022513799
"bivt",1e-04,50000,"0.01",TRUE,0.000108966954839331,-9.9466810755397e-05,3.06773398986842e-05,-2.11771958147504e-05,7.82896149406466e-05,0.303344022513799
"bivt",1e-04,50000,"0.05",TRUE,0.000186848158300979,-0.000182022324255893,2.71564047021619e-05,-2.23305706570758e-05,0.000159691753598817,0.250577992796218
"bivt",1e-04,50000,"0.1",TRUE,0.000182859003213067,-0.000180286614580253,2.31672496142505e-05,-2.05948609814357e-05,0.000159691753598817,0.250577992796218
"bivt",1e-04,50000,"0.01",TRUE,0.000195546398324116,-0.000186680222327842,3.58546447252987e-05,-2.6988468729025e-05,0.000159691753598817,0.250577992796218
"bivt",1e-04,50000,"0.05",TRUE,0.000157725072223873,-0.000151324464310049,2.71055110029737e-05,-2.07049030891502e-05,0.000130619561220899,0.251746747671764
"bivt",1e-04,50000,"0.1",TRUE,0.000155487900267871,-0.00014970806235556,2.48683390469721e-05,-1.90885011346615e-05,0.000130619561220899,0.251746747671764
"bivt",1e-04,50000,"0.01",TRUE,0.000165766519927627,-0.000155234616614716,3.5146958706728e-05,-2.46150553938171e-05,0.000130619561220899,0.251746747671764
"bivt",1e-04,50000,"0.05",TRUE,0.000103905524155927,-9.81829697538212e-05,2.56159092152801e-05,-1.98933548131746e-05,7.82896149406466e-05,0.273537391813918
"bivt",1e-04,50000,"0.1",TRUE,0.000100956404642203,-9.65116935588103e-05,2.26667897015568e-05,-1.82220786181637e-05,7.82896149406466e-05,0.273537391813918
"bivt",1e-04,50000,"0.01",TRUE,0.000109558078607159,-0.000101566423198787,3.12684636665128e-05,-2.327680825814e-05,7.82896149406466e-05,0.273537391813918
"bivt",1e-04,50000,"0.05",TRUE,9.86047967461963e-05,-9.13792297316589e-05,2.61296202811333e-05,-1.89040532665959e-05,7.2475176465063e-05,0.25604383028718
"bivt",1e-04,50000,"0.1",TRUE,9.57342815429609e-05,-8.93104111313051e-05,2.32591050778979e-05,-1.68352346662421e-05,7.2475176465063e-05,0.25604383028718
"bivt",1e-04,50000,"0.01",TRUE,0.000105130356760081,-9.41092472454898e-05,3.26551802950177e-05,-2.16340707804268e-05,7.2475176465063e-05,0.25604383028718
"bivt",1e-04,50000,"0.05",TRUE,4.9123049175088e-05,-4.4764447754754e-05,2.27527715552299e-05,-1.83941701348958e-05,2.63702776198581e-05,0.283330258768848
"bivt",1e-04,50000,"0.1",TRUE,4.66300437567581e-05,-4.31000824993331e-05,2.02597661369e-05,-1.6729804879475e-05,2.63702776198581e-05,0.283330258768848
"bivt",1e-04,50000,"0.01",TRUE,5.33574854645827e-05,-4.83575196724782e-05,2.69872078447245e-05,-2.198724205262e-05,2.63702776198581e-05,0.283330258768848
"bivt",1e-04,50000,"0.05",TRUE,9.57163957608363e-05,-9.14774927410835e-05,2.32412192957733e-05,-1.90023162760205e-05,7.2475176465063e-05,0.2840215894601
"bivt",1e-04,50000,"0.1",TRUE,9.35462546974128e-05,-8.96034130190915e-05,2.10710782323498e-05,-1.71282365540285e-05,7.2475176465063e-05,0.2840215894601
"bivt",1e-04,50000,"0.01",TRUE,0.000102004364773857,-9.41927079262157e-05,2.95291883087937e-05,-2.17175314611527e-05,7.2475176465063e-05,0.2840215894601
"bivt",1e-04,50000,"0.05",TRUE,7.84373448899976e-05,-7.4435010224523e-05,2.29948748922215e-05,-1.89925402267469e-05,5.54424699977761e-05,0.258898646698723
"bivt",1e-04,50000,"0.1",TRUE,7.62407918492565e-05,-7.25280779609274e-05,2.07983218514803e-05,-1.70856079631512e-05,5.54424699977761e-05,0.258898646698723
"bivt",1e-04,50000,"0.01",TRUE,8.66516933836696e-05,-7.78498504964978e-05,3.12092233858934e-05,-2.24073804987217e-05,5.54424699977761e-05,0.258898646698723
"bivt",1e-04,50000,"0.05",TRUE,7.20241300052529e-05,-6.51327826632662e-05,2.86211459181079e-05,-2.17297985761212e-05,4.3402984087145e-05,0.252428021861156
"bivt",1e-04,50000,"0.1",TRUE,6.80273959761355e-05,-6.305724099205e-05,2.46244118889905e-05,-1.9654256904905e-05,4.3402984087145e-05,0.252428021861156
"bivt",1e-04,50000,"0.01",TRUE,7.82527254882154e-05,-6.91056756318301e-05,3.48497414010703e-05,-2.57026915446851e-05,4.3402984087145e-05,0.252428021861156
"bivt",1e-04,50000,"0.05",TRUE,7.60332425416219e-05,-6.80544492323303e-05,2.68158199788933e-05,-1.88370266696017e-05,4.92174225627286e-05,0.272334072023165
"bivt",1e-04,50000,"0.1",TRUE,7.19005000813076e-05,-6.60797062057754e-05,2.2683077518579e-05,-1.68622836430468e-05,4.92174225627286e-05,0.272334072023165
"bivt",1e-04,50000,"0.01",TRUE,8.12542998693313e-05,-7.17687508965717e-05,3.20368773066027e-05,-2.25513283338431e-05,4.92174225627286e-05,0.272334072023165
"bivt",1e-04,50000,"0.05",TRUE,7.07155694498017e-05,-6.51971064062201e-05,2.73125853626567e-05,-2.17941223190751e-05,4.3402984087145e-05,0.261052215109556
"bivt",1e-04,50000,"0.1",TRUE,6.70619027782969e-05,-6.36123403266418e-05,2.36589186911519e-05,-2.02093562394968e-05,4.3402984087145e-05,0.261052215109556
"bivt",1e-04,50000,"0.01",TRUE,7.68525639531284e-05,-6.81180370922094e-05,3.34495798659834e-05,-2.47150530050644e-05,4.3402984087145e-05,0.261052215109556
"bivt",1e-04,50000,"0.05",TRUE,8.38301006756825e-05,-7.86111327821425e-05,2.29838011617867e-05,-1.77648332682467e-05,6.08462995138958e-05,0.280586894687706
"bivt",1e-04,50000,"0.1",TRUE,8.03677681243048e-05,-7.70159558450091e-05,1.9521468610409e-05,-1.61696563311133e-05,6.08462995138958e-05,0.280586894687706
"bivt",1e-04,50000,"0.01",TRUE,8.96444999427221e-05,-8.1889298894363e-05,2.87982004288263e-05,-2.10429993804672e-05,6.08462995138958e-05,0.280586894687706
"bivt",1e-04,50000,"0.05",TRUE,8.75252125431555e-05,-8.1525946830655e-05,2.66789130292597e-05,-2.06796473167592e-05,6.08462995138958e-05,0.271529199409788
"bivt",1e-04,50000,"0.1",TRUE,8.4315558371503e-05,-7.96393262674892e-05,2.34692588576072e-05,-1.87930267535934e-05,6.08462995138958e-05,0.271529199409788
"bivt",1e-04,50000,"0.01",TRUE,9.41579812081858e-05,-8.46100996188583e-05,3.331168169429e-05,-2.37638001049625e-05,6.08462995138958e-05,0.271529199409788
"bivt",1e-04,50000,"0.05",TRUE,9.67210534685899e-05,-9.09730445077506e-05,2.42458770035269e-05,-1.84978680426876e-05,7.2475176465063e-05,0.279433548121166
"bivt",1e-04,50000,"0.1",TRUE,9.50191836848729e-05,-9.00042518365382e-05,2.25440072198099e-05,-1.75290753714752e-05,7.2475176465063e-05,0.279433548121166
"bivt",1e-04,50000,"0.01",TRUE,0.00010517188801554,-9.47156061431702e-05,3.26967115504774e-05,-2.22404296781072e-05,7.2475176465063e-05,0.279433548121166
"bivt",1e-04,50000,"0.05",TRUE,0.000110475762548102,-0.000103469776259444,2.63717091318721e-05,-1.93657228432141e-05,8.41040534162302e-05,0.256932131073395
"bivt",1e-04,50000,"0.1",TRUE,0.000106940748980531,-0.000101785170370902,2.28366955643004e-05,-1.76811169546715e-05,8.41040534162302e-05,0.256932131073395
"bivt",1e-04,50000,"0.01",TRUE,0.000117406163483704,-0.000106274450590024,3.33021100674741e-05,-2.21703971737942e-05,8.41040534162302e-05,0.256932131073395
"bivt",1e-04,50000,"0.05",TRUE,9.07285812504028e-05,-8.6750221778819e-05,2.40678432609234e-05,-2.00894837893396e-05,6.66607379894794e-05,0.253149520175079
"bivt",1e-04,50000,"0.1",TRUE,8.74345682481156e-05,-8.47961897536159e-05,2.07738302586362e-05,-1.81354517641365e-05,6.66607379894794e-05,0.253149520175079
"bivt",1e-04,50000,"0.01",TRUE,9.57976847666174e-05,-9.00656283106877e-05,2.9136946777138e-05,-2.34048903212083e-05,6.66607379894794e-05,0.253149520175079
"bivt",1e-04,50000,"0.05",TRUE,8.69497647203125e-05,-8.05280303828935e-05,2.61034652064167e-05,-1.96817308689977e-05,6.08462995138958e-05,0.26427129945435
"bivt",1e-04,50000,"0.1",TRUE,8.42977767997675e-05,-7.85935189069244e-05,2.34514772858717e-05,-1.77472193930286e-05,6.08462995138958e-05,0.26427129945435
"bivt",1e-04,50000,"0.01",TRUE,9.40343961231264e-05,-8.47327580802991e-05,3.31880966092306e-05,-2.38864585664033e-05,6.08462995138958e-05,0.26427129945435
"bivt",1e-04,50000,"0.05",TRUE,7.83122398498255e-05,-7.43098428808802e-05,2.32803788115133e-05,-1.9277981842568e-05,5.50318610383122e-05,0.276562764151368
"bivt",1e-04,50000,"0.1",TRUE,7.51592344706589e-05,-7.27980297163622e-05,2.01273734323467e-05,-1.776616867805e-05,5.50318610383122e-05,0.276562764151368
"bivt",1e-04,50000,"0.01",TRUE,8.60114295598755e-05,-7.7508757788068e-05,3.09795685215633e-05,-2.24768967497558e-05,5.50318610383122e-05,0.276562764151368
"bivt",1e-04,50000,"0.05",TRUE,6.86497570687046e-05,-6.29934758515305e-05,2.52467729815596e-05,-1.95904917643855e-05,4.3402984087145e-05,0.283343983085652
"bivt",1e-04,50000,"0.1",TRUE,6.53301816390721e-05,-6.05876439129405e-05,2.19271975519271e-05,-1.71846598257955e-05,4.3402984087145e-05,0.283343983085652
"bivt",1e-04,50000,"0.01",TRUE,7.40394481539634e-05,-6.61267020426199e-05,3.06364640668184e-05,-2.27237179554749e-05,4.3402984087145e-05,0.283343983085652
"bivt",1e-04,50000,"0.05",TRUE,4.85067920176663e-05,-4.59776806454061e-05,2.21365143978082e-05,-1.96074030255479e-05,2.63702776198581e-05,0.260764338824524
"bivt",1e-04,50000,"0.1",TRUE,4.59866414039725e-05,-4.42241927432477e-05,1.96163637841144e-05,-1.78539151233895e-05,2.63702776198581e-05,0.260764338824524
"bivt",1e-04,50000,"0.01",TRUE,5.22138475033721e-05,-4.86247432573303e-05,2.5843569883514e-05,-2.22544656374722e-05,2.63702776198581e-05,0.260764338824524
"bivt",1e-04,50000,"0.05",TRUE,0.000113642019623658,-0.000107882830267773,2.37235277318439e-05,-1.7964338375959e-05,8.99184918918138e-05,0.277283176907807
"bivt",1e-04,50000,"0.1",TRUE,0.000111574683968244,-0.000106423131945827,2.16561920764301e-05,-1.65046400540132e-05,8.99184918918138e-05,0.277283176907807
"bivt",1e-04,50000,"0.01",TRUE,0.000119128356401218,-0.000111109482626072,2.92098645094037e-05,-2.11909907342587e-05,8.99184918918138e-05,0.277283176907807
"bivt",1e-04,50000,"0.05",TRUE,5.99986502539235e-05,-5.65699566118379e-05,2.19994956828981e-05,-1.85708020408126e-05,3.79991545710253e-05,0.260240100588322
"bivt",1e-04,50000,"0.1",TRUE,5.71981963927241e-05,-5.48568002874829e-05,1.91990418216988e-05,-1.68576457164576e-05,3.79991545710253e-05,0.260240100588322
"bivt",1e-04,50000,"0.01",TRUE,6.57640945319156e-05,-5.95499965208706e-05,2.77649399608903e-05,-2.15508419498453e-05,3.79991545710253e-05,0.260240100588322
"bivt",1e-04,50000,"0.05",TRUE,0.000118765338757418,-0.000113406047932391,2.88468468656038e-05,-2.34875560405771e-05,8.99184918918138e-05,0.243249239895567
"bivt",1e-04,50000,"0.1",TRUE,0.000115279251710854,-0.000110957294423852,2.53607598190404e-05,-2.10388025320378e-05,8.99184918918138e-05,0.243249239895567
"bivt",1e-04,50000,"0.01",TRUE,0.000126772687559021,-0.000117514563663562,3.68541956672072e-05,-2.75960717717485e-05,8.99184918918138e-05,0.243249239895567
"bivt",1e-04,50000,"0.05",TRUE,7.22167742288386e-05,-6.76743899598323e-05,2.25887427066461e-05,-1.80463584376398e-05,4.96280315221925e-05,0.283513239850904
"bivt",1e-04,50000,"0.1",TRUE,6.95119507722275e-05,-6.62723029524625e-05,1.9883919250035e-05,-1.664427143027e-05,4.96280315221925e-05,0.283513239850904
"bivt",1e-04,50000,"0.01",TRUE,7.79984699446183e-05,-7.08108952880604e-05,2.83704384224258e-05,-2.11828637658678e-05,4.96280315221925e-05,0.283513239850904
"bivt",1e-04,50000,"0.05",TRUE,9.45310795750015e-05,-9.04705961165126e-05,2.16452941504746e-05,-1.75848106919857e-05,7.28857854245269e-05,0.27889265779037
"bivt",1e-04,50000,"0.1",TRUE,9.16766963231682e-05,-8.89745842504976e-05,1.87909108986413e-05,-1.60887988259707e-05,7.28857854245269e-05,0.27889265779037
"bivt",1e-04,50000,"0.01",TRUE,0.000100418003895074,-9.3618619242326e-05,2.75322184705476e-05,-2.07328338177991e-05,7.28857854245269e-05,0.27889265779037
"bivt",1e-04,50000,"0.05",TRUE,6.16789602784462e-05,-5.81291764741387e-05,2.36798057074209e-05,-2.01300219031134e-05,3.79991545710253e-05,0.269961046368676
"bivt",1e-04,50000,"0.1",TRUE,5.90005903767323e-05,-5.55220711782193e-05,2.1001435805707e-05,-1.75229166071939e-05,3.79991545710253e-05,0.269961046368676
"bivt",1e-04,50000,"0.01",TRUE,6.60593524678451e-05,-6.20062047259826e-05,2.80601978968198e-05,-2.40070501549572e-05,3.79991545710253e-05,0.269961046368676
"bivt",1e-04,50000,"0.05",TRUE,8.63748892868584e-05,-8.02586878132864e-05,2.51179808134986e-05,-1.90017793399267e-05,6.12569084733597e-05,0.255974344731665
"bivt",1e-04,50000,"0.1",TRUE,8.20770057234898e-05,-7.860988809717e-05,2.082009725013e-05,-1.73529796238102e-05,6.12569084733597e-05,0.255974344731665
"bivt",1e-04,50000,"0.01",TRUE,9.18218219979733e-05,-8.40428840744677e-05,3.05649135246135e-05,-2.27859756011079e-05,6.12569084733597e-05,0.255974344731665
"bivt",1e-04,50000,"0.05",TRUE,0.00015506558612529,-0.000148250461432366,3.02604633799746e-05,-2.34453386870509e-05,0.000124805122745315,0.273150563047253
"bivt",1e-04,50000,"0.1",TRUE,0.000149205887155651,-0.000144959169536022,2.44007644103359e-05,-2.01540467907063e-05,0.000124805122745315,0.273150563047253
"bivt",1e-04,50000,"0.01",TRUE,0.000162253217424965,-0.000151264104605598,3.74480946796501e-05,-2.64589818602826e-05,0.000124805122745315,0.273150563047253
"bivt",1e-04,50000,"0.05",TRUE,0.00010010567841116,-9.4018076004183e-05,2.76305019460969e-05,-2.154289953912e-05,7.2475176465063e-05,0.250738975904618
"bivt",1e-04,50000,"0.1",TRUE,9.71389083801997e-05,-9.22161610253326e-05,2.46637319151367e-05,-1.97409845602696e-05,7.2475176465063e-05,0.250738975904618
"bivt",1e-04,50000,"0.01",TRUE,0.000106053184860213,-9.75624374775665e-05,3.35780083951504e-05,-2.50872610125035e-05,7.2475176465063e-05,0.250738975904618
"bivt",1e-04,50000,"0.05",TRUE,7.47411606903801e-05,-6.74487215314535e-05,2.55237381276514e-05,-1.82312989687249e-05,4.92174225627286e-05,0.285027258370758
"bivt",1e-04,50000,"0.1",TRUE,7.10363769464227e-05,-6.56466115748667e-05,2.18189543836941e-05,-1.6429189012138e-05,4.92174225627286e-05,0.285027258370758
"bivt",1e-04,50000,"0.01",TRUE,8.3884102181698e-05,-7.20782609672172e-05,3.46666796189694e-05,-2.28608384044886e-05,4.92174225627286e-05,0.285027258370758
"bivt",1e-04,50000,"0.05",TRUE,0.000113507564502939,-0.000106937238777859,2.94035110867087e-05,-2.28331853616285e-05,8.41040534162302e-05,0.227904229606121
"bivt",1e-04,50000,"0.1",TRUE,0.000109902829066742,-0.000104773473039899,2.57987756505117e-05,-2.06694196236687e-05,8.41040534162302e-05,0.227904229606121
"bivt",1e-04,50000,"0.01",TRUE,0.000124235124840649,-0.000110370685614216,4.01310714244193e-05,-2.62666321979859e-05,8.41040534162302e-05,0.227904229606121
"bivt",1e-04,50000,"0.05",TRUE,5.59063693808854e-05,-5.1492052688412e-05,2.41322622449075e-05,-1.97179455524342e-05,3.17741071359778e-05,0.279631589734874
"bivt",1e-04,50000,"0.1",TRUE,5.35279977562537e-05,-4.91863238572041e-05,2.17538906202759e-05,-1.74122167212263e-05,3.17741071359778e-05,0.279631589734874
"bivt",1e-04,50000,"0.01",TRUE,6.27428918806943e-05,-5.38205505370869e-05,3.09687847447165e-05,-2.20464434011091e-05,3.17741071359778e-05,0.279631589734874
"bivt",1e-04,50000,"0.05",TRUE,8.28067638865321e-05,-7.90329490806649e-05,2.19604643726363e-05,-1.81866495667691e-05,6.08462995138958e-05,0.252267505009104
"bivt",1e-04,50000,"0.1",TRUE,8.03843716637166e-05,-7.73386792633823e-05,1.95380721498208e-05,-1.64923797494865e-05,6.08462995138958e-05,0.252267505009104
"bivt",1e-04,50000,"0.01",TRUE,8.81212048108744e-05,-8.2709930277162e-05,2.72749052969786e-05,-2.18636307632662e-05,6.08462995138958e-05,0.252267505009104
"bivt",1e-04,50000,"0.05",TRUE,6.28722469288147e-05,-5.9559036635038e-05,1.90586538822058e-05,-1.57454435884291e-05,4.38135930466089e-05,0.298255228464652
"bivt",1e-04,50000,"0.1",FALSE,6.12787453870387e-05,-5.79829205072268e-05,1.74651523404297e-05,-1.41693274606178e-05,4.38135930466089e-05,0.298255228464652
"bivt",1e-04,50000,"0.01",TRUE,6.68104762996469e-05,-6.25636247200573e-05,2.2996883253038e-05,-1.87500316734484e-05,4.38135930466089e-05,0.298255228464652
"bivt",1e-04,50000,"0.05",TRUE,0.000108257857696261,-0.000103677981420632,2.41538042800311e-05,-1.95739280044015e-05,8.41040534162302e-05,0.252176702950143
"bivt",1e-04,50000,"0.1",TRUE,0.000105874205663094,-0.000101793049159003,2.17701522468641e-05,-1.76889957427729e-05,8.41040534162302e-05,0.252176702950143
"bivt",1e-04,50000,"0.01",TRUE,0.000113329739122075,-0.000107266818864276,2.92256857058448e-05,-2.31627654480454e-05,8.41040534162302e-05,0.252176702950143
"bivt",1e-04,50000,"0.05",TRUE,5.1656597847164e-05,-4.56174398129488e-05,2.56969291867698e-05,-1.96577711525546e-05,2.59596686603942e-05,0.264711215990326
"bivt",1e-04,50000,"0.1",TRUE,4.85335798990142e-05,-4.44371403258283e-05,2.25739112386199e-05,-1.84774716654341e-05,2.59596686603942e-05,0.264711215990326
"bivt",1e-04,50000,"0.01",TRUE,5.79332989818914e-05,-4.91466456657163e-05,3.19736303214972e-05,-2.31869770053221e-05,2.59596686603942e-05,0.264711215990326
"bivt",1e-04,50000,"0.05",TRUE,7.07568030343574e-05,-6.4722723726671e-05,2.73538189472124e-05,-2.1319739639526e-05,4.3402984087145e-05,0.253714704244743
"bivt",1e-04,50000,"0.1",TRUE,6.81231664646734e-05,-6.30413101480061e-05,2.47201823775284e-05,-1.96383260608611e-05,4.3402984087145e-05,0.253714704244743
"bivt",1e-04,50000,"0.01",TRUE,7.67983709980258e-05,-6.92587934041865e-05,3.33953869108808e-05,-2.58558093170414e-05,4.3402984087145e-05,0.253714704244743
"bivt",1e-04,50000,"0.05",TRUE,7.95450668946524e-05,-7.33409527330036e-05,2.45132058563402e-05,-1.83090916946914e-05,5.50318610383122e-05,0.279315866870993
"bivt",1e-04,50000,"0.1",TRUE,7.55119645809559e-05,-7.1212120494209e-05,2.04801035426437e-05,-1.61802594558968e-05,5.50318610383122e-05,0.279315866870993
"bivt",1e-04,50000,"0.01",TRUE,8.39530354567932e-05,-7.60939107101972e-05,2.8921174418481e-05,-2.1062049671885e-05,5.50318610383122e-05,0.279315866870993
"bivt",1e-04,50000,"0.05",TRUE,9.91491663415034e-05,-9.39654029656983e-05,2.66739898764404e-05,-2.14902265006353e-05,7.2475176465063e-05,0.246918370678406
"bivt",1e-04,50000,"0.1",TRUE,9.56352785415506e-05,-9.15770131898524e-05,2.31601020764876e-05,-1.91018367247894e-05,7.2475176465063e-05,0.246918370678406
"bivt",1e-04,50000,"0.01",TRUE,0.000106612443473024,-9.78851462005067e-05,3.41372670079614e-05,-2.54099697354437e-05,7.2475176465063e-05,0.246918370678406
"bivt",1e-04,50000,"0.05",TRUE,7.95718738743369e-05,-7.41395230602037e-05,2.45400128360247e-05,-1.91076620218915e-05,5.50318610383122e-05,0.263788395006679
"bivt",1e-04,50000,"0.1",TRUE,7.6364449028009e-05,-7.25167802232043e-05,2.13325879896968e-05,-1.74849191848921e-05,5.50318610383122e-05,0.263788395006679
"bivt",1e-04,50000,"0.01",TRUE,8.58592274121235e-05,-7.67140799278441e-05,3.08273663738113e-05,-2.16822188895319e-05,5.50318610383122e-05,0.263788395006679
"bivt",1e-04,50000,"0.05",TRUE,9.28136419852727e-05,-8.70421777139907e-05,2.61529039957933e-05,-2.03814397245113e-05,6.66607379894794e-05,0.247902775895572
"bivt",1e-04,50000,"0.1",TRUE,8.89316351163808e-05,-8.548892401065e-05,2.22708971269014e-05,-1.88281860211706e-05,6.66607379894794e-05,0.247902775895572
"bivt",1e-04,50000,"0.01",TRUE,0.000100654207173422,-9.0949333366826e-05,3.39934691839426e-05,-2.42885953773466e-05,6.66607379894794e-05,0.247902775895572
"bivt",1e-04,50000,"0.05",TRUE,0.000144242063208579,-0.000138312672663885,2.52513789388472e-05,-1.93219883941537e-05,0.000118990684269732,0.256460356992249
"bivt",1e-04,50000,"0.1",TRUE,0.000140955441869251,-0.000136747125651289,2.19647575995189e-05,-1.77564413815575e-05,0.000118990684269732,0.256460356992249
"bivt",1e-04,50000,"0.01",TRUE,0.000149423081446028,-0.000143112624733036,3.04323971762959e-05,-2.41219404633041e-05,0.000118990684269732,0.256460356992249
"bivt",1e-04,50000,"0.05",TRUE,8.75276796590684e-05,-8.08315771456993e-05,2.66813801451726e-05,-1.99852776318035e-05,6.08462995138958e-05,0.265521713333585
"bivt",1e-04,50000,"0.1",TRUE,8.41542262646377e-05,-7.88334914232799e-05,2.33079267507419e-05,-1.79871919093841e-05,6.08462995138958e-05,0.265521713333585
"bivt",1e-04,50000,"0.01",TRUE,9.22687261836226e-05,-8.30448712341338e-05,3.14224266697268e-05,-2.2198571720238e-05,6.08462995138958e-05,0.265521713333585
"bivt",1e-04,50000,"0.05",TRUE,6.03265516633024e-05,-5.71991450337352e-05,2.23273970922771e-05,-1.91999904627098e-05,3.79991545710253e-05,0.265537418592639
"bivt",1e-04,50000,"0.1",TRUE,5.80952330386966e-05,-5.5543492452165e-05,2.00960784676713e-05,-1.75443378811397e-05,3.79991545710253e-05,0.265537418592639
"bivt",1e-04,50000,"0.01",TRUE,6.65938812454294e-05,-5.99273546906621e-05,2.85947266744041e-05,-2.19282001196367e-05,3.79991545710253e-05,0.265537418592639
"bivt",1e-04,50000,"0.05",TRUE,7.84418244885795e-05,-7.21654892079958e-05,2.34099634502673e-05,-1.71336281696835e-05,5.50318610383122e-05,0.27185008564665
"bivt",1e-04,50000,"0.1",TRUE,7.58046996656361e-05,-6.98043116565348e-05,2.07728386273239e-05,-1.47724506182226e-05,5.50318610383122e-05,0.27185008564665
"bivt",1e-04,50000,"0.01",TRUE,8.23208092564666e-05,-7.69054058586616e-05,2.72889482181544e-05,-2.18735448203494e-05,5.50318610383122e-05,0.27185008564665
"bivt",1e-04,50000,"0.05",TRUE,9.58582212824509e-05,-9.05611091370127e-05,2.2972435857924e-05,-1.76753237124858e-05,7.28857854245269e-05,0.288547210620564
"bivt",1e-04,50000,"0.1",TRUE,9.27184957413649e-05,-8.91074773789698e-05,1.9832710316838e-05,-1.62216919544428e-05,7.28857854245269e-05,0.288547210620564
"bivt",1e-04,50000,"0.01",TRUE,0.000103001489715798,-9.31273755307308e-05,3.01157042912709e-05,-2.02415901062039e-05,7.28857854245269e-05,0.288547210620564
"bivt",1e-04,50000,"0.05",TRUE,6.9572516796162e-05,-6.69833039075961e-05,1.99444852739694e-05,-1.73552723854036e-05,4.96280315221925e-05,0.289311240071101
"bivt",1e-04,50000,"0.1",TRUE,6.72810036315719e-05,-6.4685645342742e-05,1.76529721093794e-05,-1.50576138205495e-05,4.96280315221925e-05,0.289311240071101
"bivt",1e-04,50000,"0.01",TRUE,7.44437048381812e-05,-6.87808792704986e-05,2.48156733159887e-05,-1.91528477483061e-05,4.96280315221925e-05,0.289311240071101
"bivt",1e-04,50000,"0.05",TRUE,7.67616143643372e-05,-7.33791851967081e-05,2.1319144366561e-05,-1.7936715198932e-05,5.54424699977761e-05,0.273257319621179
"bivt",1e-04,50000,"0.1",TRUE,7.4358700876244e-05,-7.14362989378803e-05,1.89162308784679e-05,-1.59938289401042e-05,5.54424699977761e-05,0.273257319621179
"bivt",1e-04,50000,"0.01",TRUE,8.15166336496167e-05,-7.64380365469867e-05,2.60741636518406e-05,-2.09955665492106e-05,5.54424699977761e-05,0.273257319621179
"bivt",1e-04,50000,"0.05",TRUE,9.29787576090531e-05,-8.56947876526564e-05,2.63180196195737e-05,-1.9034049663177e-05,6.66607379894794e-05,0.25038673564011
"bivt",1e-04,50000,"0.1",TRUE,8.96198816665002e-05,-8.41048514210054e-05,2.29591436770208e-05,-1.7444113431526e-05,6.66607379894794e-05,0.25038673564011
"bivt",1e-04,50000,"0.01",TRUE,9.93796618834798e-05,-8.90260621723057e-05,3.27189238940004e-05,-2.23653241828263e-05,6.66607379894794e-05,0.25038673564011
"bivt",1e-04,50000,"0.05",TRUE,0.000145586087624298,-0.000139872787948734,2.65954033545663e-05,-2.08821036790026e-05,0.000118990684269732,0.255647225952853
"bivt",1e-04,50000,"0.1",TRUE,0.000142312963951151,-0.000138170057163602,2.33222796814192e-05,-1.91793728938707e-05,0.000118990684269732,0.255647225952853
"bivt",1e-04,50000,"0.01",TRUE,0.000152083577669746,-0.000143243644201625,3.30928934000144e-05,-2.42529599318934e-05,0.000118990684269732,0.255647225952853
"bivt",1e-04,50000,"0.05",TRUE,0.000102157745508276,-9.75847718072279e-05,2.38681305676295e-05,-1.92951568665813e-05,7.82896149406466e-05,0.253857322164571
"bivt",1e-04,50000,"0.1",TRUE,9.9026356151666e-05,-9.49524748755431e-05,2.07367412110194e-05,-1.66628599348965e-05,7.82896149406466e-05,0.253857322164571
"bivt",1e-04,50000,"0.01",TRUE,0.000109073116742572,-0.000101314482448158,3.07835018019249e-05,-2.30248675075118e-05,7.82896149406466e-05,0.253857322164571
"bivt",1e-04,50000,"0.05",TRUE,6.23579645443673e-05,-5.77757989949085e-05,2.43588099733419e-05,-1.97766444238832e-05,3.79991545710253e-05,0.25541890468864
"bivt",1e-04,50000,"0.1",TRUE,5.92722893844238e-05,-5.49692476177862e-05,2.12731348133985e-05,-1.69700930467609e-05,3.79991545710253e-05,0.25541890468864
"bivt",1e-04,50000,"0.01",TRUE,6.77439156172407e-05,-6.08484468718535e-05,2.97447610462154e-05,-2.28492923008282e-05,3.79991545710253e-05,0.25541890468864
"bivt",1e-04,50000,"0.05",TRUE,7.31752559427324e-05,-6.92234814045517e-05,2.39578333800038e-05,-2.00060588418231e-05,4.92174225627286e-05,0.257583583577448
"bivt",1e-04,50000,"0.1",TRUE,7.07687810882993e-05,-6.70290328095592e-05,2.15513585255707e-05,-1.78116102468306e-05,4.92174225627286e-05,0.257583583577448
"bivt",1e-04,50000,"0.01",TRUE,7.72357957474789e-05,-7.22108695818822e-05,2.80183731847503e-05,-2.29934470191535e-05,4.92174225627286e-05,0.257583583577448
"bivt",1e-04,50000,"0.05",TRUE,9.18266428619101e-05,-8.58285147574443e-05,2.51659048724307e-05,-1.91677767679649e-05,6.66607379894794e-05,0.262506890929049
"bivt",1e-04,50000,"0.1",TRUE,8.84465424746661e-05,-8.33495740508905e-05,2.17858044851867e-05,-1.66888360614111e-05,6.66607379894794e-05,0.262506890929049
"bivt",1e-04,50000,"0.01",TRUE,0.000100384543492732,-8.92965173826046e-05,3.3723805503253e-05,-2.26357793931252e-05,6.66607379894794e-05,0.262506890929049
"bivt",1e-04,50000,"0.05",TRUE,5.93315301744384e-05,-5.65772082069325e-05,2.1742984562877e-05,-1.8988662595371e-05,3.75885456115614e-05,0.26518692660035
"bivt",1e-04,50000,"0.1",TRUE,5.70957186900443e-05,-5.42371879660295e-05,1.95071730784829e-05,-1.66486423544681e-05,3.75885456115614e-05,0.26518692660035
"bivt",1e-04,50000,"0.01",TRUE,6.32552790085326e-05,-5.88431382171705e-05,2.56667333969712e-05,-2.1254592605609e-05,3.75885456115614e-05,0.26518692660035
"bivt",1e-04,50000,"0.05",FALSE,5.98169455523345e-05,-5.47360522342883e-05,2.18177909813092e-05,-1.67368976632629e-05,3.79991545710253e-05,0.302197530757341
"bivt",1e-04,50000,"0.1",FALSE,5.73386338977443e-05,-5.30631999450558e-05,1.93394793267189e-05,-1.50640453740305e-05,3.79991545710253e-05,0.302197530757341
"bivt",1e-04,50000,"0.01",FALSE,6.61683189865212e-05,-5.69152968741638e-05,2.81691644154959e-05,-1.89161423031385e-05,3.79991545710253e-05,0.302197530757341
"bivt",1e-04,50000,"0.05",TRUE,0.000124140222988902,-0.000117712553111603,2.84072926215043e-05,-2.19796227442058e-05,9.57329303673974e-05,0.231801673586274
"bivt",1e-04,50000,"0.1",TRUE,0.000120873802093316,-0.000115489312527632,2.51408717259184e-05,-1.97563821602349e-05,9.57329303673974e-05,0.231801673586274
"bivt",1e-04,50000,"0.01",TRUE,0.000129319352338506,-0.000120986204336347,3.35864219711089e-05,-2.52532739689495e-05,9.57329303673974e-05,0.231801673586274
"bivt",1e-04,50000,"0.05",TRUE,7.41022129107421e-05,-6.77322503468078e-05,2.48847903480135e-05,-1.85148277840792e-05,4.92174225627286e-05,0.282051039979813
"bivt",1e-04,50000,"0.1",TRUE,7.06481002989568e-05,-6.56122752219403e-05,2.14306777362282e-05,-1.63948526592117e-05,4.92174225627286e-05,0.282051039979813
"bivt",1e-04,50000,"0.01",TRUE,8.10856382850884e-05,-7.11612571645813e-05,3.18682157223598e-05,-2.19438346018527e-05,4.92174225627286e-05,0.282051039979813
"bivt",1e-04,50000,"0.05",TRUE,7.24084825151087e-05,-6.84236140690817e-05,2.31910599523801e-05,-1.9206191506353e-05,4.92174225627286e-05,0.277175643309701
"bivt",1e-04,50000,"0.1",TRUE,6.96367061175473e-05,-6.62298325276838e-05,2.04192835548187e-05,-1.70124099649552e-05,4.92174225627286e-05,0.277175643309701
"bivt",1e-04,50000,"0.01",TRUE,7.96684213636361e-05,-7.11631879675476e-05,3.04509988009075e-05,-2.1945765404819e-05,4.92174225627286e-05,0.277175643309701
"bivt",1e-04,50000,"0.05",TRUE,9.47479809356223e-05,-8.95840197680285e-05,2.18621955110954e-05,-1.66982343435016e-05,7.28857854245269e-05,0.277998172427151
"bivt",1e-04,50000,"0.1",TRUE,9.14990880119576e-05,-8.80841509308165e-05,1.86133025874307e-05,-1.51983655062896e-05,7.28857854245269e-05,0.277998172427151
"bivt",1e-04,50000,"0.01",TRUE,0.000101779511328191,-9.25730589538629e-05,2.88937259036644e-05,-1.9687273529336e-05,7.28857854245269e-05,0.277998172427151
"bivt",1e-04,50000,"0.05",TRUE,6.19839675702445e-05,-5.76974339251517e-05,2.39848129992191e-05,-1.96982793541263e-05,3.79991545710253e-05,0.256795645164261
"bivt",1e-04,50000,"0.1",TRUE,5.90031343029311e-05,-5.5808536154879e-05,2.10039797319057e-05,-1.78093815838537e-05,3.79991545710253e-05,0.256795645164261
"bivt",1e-04,50000,"0.01",TRUE,6.63028555836655e-05,-6.22769540028532e-05,2.83037010126401e-05,-2.42777994318279e-05,3.79991545710253e-05,0.256795645164261
"bivt",1e-04,50000,"0.05",TRUE,0.000119370526168813,-0.000111902288329823,2.94520342769988e-05,-2.19837964380092e-05,8.99184918918138e-05,0.24541812175628
"bivt",1e-04,50000,"0.1",TRUE,0.000115060483712249,-0.00011050771829206,2.51419918204351e-05,-2.05892264002458e-05,8.99184918918138e-05,0.24541812175628
"bivt",1e-04,50000,"0.01",TRUE,0.000126022366805099,-0.000115659065271061,3.61038749132854e-05,-2.5740573379247e-05,8.99184918918138e-05,0.24541812175628
"bivt",1e-04,50000,"0.05",TRUE,7.05925087574778e-05,-6.80925555781315e-05,2.13750861947492e-05,-1.88751330154029e-05,4.92174225627286e-05,0.262948379421418
"bivt",1e-04,50000,"0.1",TRUE,6.8840288271659e-05,-6.57577219365327e-05,1.96228657089304e-05,-1.65402993738041e-05,4.92174225627286e-05,0.262948379421418
"bivt",1e-04,50000,"0.01",TRUE,7.63281819346611e-05,-7.14541542630915e-05,2.71107593719325e-05,-2.22367317003629e-05,4.92174225627286e-05,0.262948379421418
"bivt",1e-04,50000,"0.05",FALSE,9.39795657570429e-05,-9.00750307556014e-05,2.1093780332516e-05,-1.71892453310745e-05,7.28857854245269e-05,0.313113218891581
"bivt",1e-04,50000,"0.1",FALSE,9.08650402459803e-05,-8.86303465129469e-05,1.79792548214534e-05,-1.574456108842e-05,7.28857854245269e-05,0.313113218891581
"bivt",1e-04,50000,"0.01",FALSE,9.95170656005448e-05,-9.32688358914958e-05,2.66312801760179e-05,-2.03830504669688e-05,7.28857854245269e-05,0.313113218891581
"bivt",1e-04,50000,"0.05",TRUE,8.78448647949365e-05,-8.44327208293812e-05,2.11841268054571e-05,-1.77719828399018e-05,6.66607379894794e-05,0.253173413275668
"bivt",1e-04,50000,"0.1",TRUE,8.55635221187732e-05,-8.26713392574744e-05,1.89027841292938e-05,-1.6010601267995e-05,6.66607379894794e-05,0.253173413275668
"bivt",1e-04,50000,"0.01",TRUE,9.60993114336885e-05,-8.69089244835561e-05,2.94385734442091e-05,-2.02481864940767e-05,6.66607379894794e-05,0.253173413275668
"bivt",1e-04,50000,"0.05",TRUE,7.70915183197418e-05,-7.31387891954148e-05,2.20596572814295e-05,-1.81069281571026e-05,5.50318610383122e-05,0.267121299641544
"bivt",1e-04,50000,"0.1",TRUE,7.49564297985248e-05,-7.17150030055533e-05,1.99245687602126e-05,-1.66831419672411e-05,5.50318610383122e-05,0.267121299641544
"bivt",1e-04,50000,"0.01",TRUE,8.3945304758851e-05,-7.68117681939823e-05,2.89134437205388e-05,-2.17799071556701e-05,5.50318610383122e-05,0.267121299641544
"bivt",1e-04,50000,"0.05",TRUE,7.40014037411699e-05,-6.92215724499001e-05,2.43733722189774e-05,-1.95935409277075e-05,4.96280315221925e-05,0.257567377660698
"bivt",1e-04,50000,"0.1",TRUE,7.1686747069909e-05,-6.76913986034705e-05,2.20587155477164e-05,-1.80633670812779e-05,4.96280315221925e-05,0.257567377660698
"bivt",1e-04,50000,"0.01",TRUE,8.28230617379638e-05,-7.26150886012933e-05,3.31950302157712e-05,-2.29870570791008e-05,4.96280315221925e-05,0.257567377660698
"bivt",1e-04,50000,"0.05",TRUE,0.000116199109018868,-0.000109713391199163,2.62806171270544e-05,-1.97948993073491e-05,8.99184918918138e-05,0.255528334695336
"bivt",1e-04,50000,"0.1",TRUE,0.000112793052302062,-0.000107654604232754,2.28745604102484e-05,-1.77361123409403e-05,8.99184918918138e-05,0.255528334695336
"bivt",1e-04,50000,"0.01",TRUE,0.000120373947766028,-0.00011477895018495,3.04554558742141e-05,-2.48604582931361e-05,8.99184918918138e-05,0.255528334695336
"bivt",1e-04,50000,"0.05",TRUE,9.05175417167768e-05,-8.60069016941462e-05,2.38568037272974e-05,-1.93461637046668e-05,6.66607379894794e-05,0.267855669596462
"bivt",1e-04,50000,"0.1",TRUE,8.79505278416551e-05,-8.41883662201805e-05,2.12897898521757e-05,-1.75276282307011e-05,6.66607379894794e-05,0.267855669596462
"bivt",1e-04,50000,"0.01",TRUE,9.51915782933843e-05,-8.9309886787878e-05,2.85308403039049e-05,-2.26491487983986e-05,6.66607379894794e-05,0.267855669596462
"bivt",1e-04,50000,"0.05",TRUE,9.55521475078541e-05,-9.01556983530227e-05,2.30769710427911e-05,-1.76805218879597e-05,7.2475176465063e-05,0.286654333973882
"bivt",1e-04,50000,"0.1",TRUE,9.18796489761653e-05,-8.86551763547867e-05,1.94044725111022e-05,-1.61799998897237e-05,7.2475176465063e-05,0.286654333973882
"bivt",1e-04,50000,"0.01",TRUE,0.000100192948619463,-9.33778883849276e-05,2.77177721543997e-05,-2.09027119198646e-05,7.2475176465063e-05,0.286654333973882
"bivt",1e-04,50000,"0.05",TRUE,6.75575937054962e-05,-6.24020211005018e-05,2.41546096183512e-05,-1.89990370133568e-05,4.3402984087145e-05,0.280696044053361
"bivt",1e-04,50000,"0.1",TRUE,6.50365615194965e-05,-6.11557972914962e-05,2.16335774323515e-05,-1.77528132043511e-05,4.3402984087145e-05,0.280696044053361
"bivt",1e-04,50000,"0.01",TRUE,7.49783194820651e-05,-6.49307461829826e-05,3.15753353949201e-05,-2.15277620958376e-05,4.3402984087145e-05,0.280696044053361
"bivt",1e-04,50000,"0.05",TRUE,7.8633243823752e-05,-7.28239791113811e-05,2.36013827854398e-05,-1.77921180730689e-05,5.50318610383122e-05,0.27762486710084
"bivt",1e-04,50000,"0.1",TRUE,7.54870099346476e-05,-7.15172070902143e-05,2.04551488963354e-05,-1.64853460519021e-05,5.50318610383122e-05,0.27762486710084
"bivt",1e-04,50000,"0.01",TRUE,8.52083515723948e-05,-7.61268192651621e-05,3.01764905340826e-05,-2.10949582268499e-05,5.50318610383122e-05,0.27762486710084
"bivt",1e-04,50000,"0.05",TRUE,5.8946051385952e-05,-5.69491723242797e-05,2.09468968149267e-05,-1.89500177532543e-05,3.79991545710253e-05,0.27694434249291
"bivt",1e-04,50000,"0.1",TRUE,5.61004544926944e-05,-5.45084556569858e-05,1.8101299921669e-05,-1.65093010859604e-05,3.79991545710253e-05,0.27694434249291
"bivt",1e-04,50000,"0.01",TRUE,6.24091930255875e-05,-6.1006070286267e-05,2.44100384545622e-05,-2.30069157152417e-05,3.79991545710253e-05,0.27694434249291
"bivt",1e-04,50000,"0.05",TRUE,0.00011929047503053,-0.000112548865198363,2.93719831387159e-05,-2.26303733065492e-05,8.99184918918138e-05,0.25221572648807
"bivt",1e-04,50000,"0.1",TRUE,0.00011595485162947,-0.000110685499674381,2.60363597376559e-05,-2.07670077825671e-05,8.99184918918138e-05,0.25221572648807
"bivt",1e-04,50000,"0.01",TRUE,0.000127578652679926,-0.000116772233428023,3.76601607881126e-05,-2.68537415362087e-05,8.99184918918138e-05,0.25221572648807
"bivt",1e-04,50000,"0.05",TRUE,8.53765221611884e-05,-8.00128199928421e-05,2.45302226472926e-05,-1.91665204789463e-05,6.08462995138958e-05,0.25229879717649
"bivt",1e-04,50000,"0.1",TRUE,8.2432857175238e-05,-7.79465970147933e-05,2.15865576613422e-05,-1.71002975008975e-05,6.08462995138958e-05,0.25229879717649
"bivt",1e-04,50000,"0.01",TRUE,8.97608806304326e-05,-8.30122014082752e-05,2.89145811165368e-05,-2.21659018943794e-05,6.08462995138958e-05,0.25229879717649
"bivt",1e-04,50000,"0.05",TRUE,0.000121011260034956,-0.000113932230914728,3.1092768143142e-05,-2.40137390229143e-05,8.99184918918138e-05,0.239244851613254
"bivt",1e-04,50000,"0.1",TRUE,0.000117317221831954,-0.000111119303961745,2.73987299401399e-05,-2.12008120699315e-05,8.99184918918138e-05,0.239244851613254
"bivt",1e-04,50000,"0.01",TRUE,0.000126346589148245,-0.000118657074189611,3.64280972564308e-05,-2.87385822977974e-05,8.99184918918138e-05,0.239244851613254
"bivt",1e-04,50000,"0.05",TRUE,0.000105984862575546,-9.91387063165155e-05,2.76952476348989e-05,-2.08490913758689e-05,7.82896149406466e-05,0.257715952581998
"bivt",1e-04,50000,"0.1",TRUE,0.000103460970321026,-9.78518858666063e-05,2.51713553803798e-05,-1.95622709259597e-05,7.82896149406466e-05,0.257715952581998
"bivt",1e-04,50000,"0.01",TRUE,0.000115020291143888,-0.000101881324253687,3.67306762032416e-05,-2.35917093130407e-05,7.82896149406466e-05,0.257715952581998
"bivt",1e-04,50000,"0.05",TRUE,7.331830072364e-05,-6.86013836501591e-05,2.41008781609114e-05,-1.93839610874305e-05,4.92174225627286e-05,0.263638410622225
"bivt",1e-04,50000,"0.1",TRUE,6.99471209045454e-05,-6.64613618330463e-05,2.07296983418168e-05,-1.72439392703176e-05,4.92174225627286e-05,0.263638410622225
"bivt",1e-04,50000,"0.01",TRUE,7.8948965469407e-05,-7.27543704167253e-05,2.97315429066784e-05,-2.35369478539967e-05,4.92174225627286e-05,0.263638410622225
"bivt",1e-04,50000,"0.05",TRUE,6.28168046833593e-05,-5.71968155299639e-05,2.4817650112334e-05,-1.91976609589385e-05,3.79991545710253e-05,0.267569414639578
"bivt",1e-04,50000,"0.1",TRUE,6.0311978072427e-05,-5.51834965001712e-05,2.23128235014016e-05,-1.71843419291459e-05,3.79991545710253e-05,0.267569414639578
"bivt",1e-04,50000,"0.01",TRUE,6.88972422994208e-05,-5.98308304888534e-05,3.08980877283955e-05,-2.1831675917828e-05,3.79991545710253e-05,0.267569414639578
"bivt",1e-04,50000,"0.05",TRUE,0.000104530536025436,-9.71072811389562e-05,2.62409210847895e-05,-1.88176661983096e-05,7.82896149406466e-05,0.263499212173588
"bivt",1e-04,50000,"0.1",TRUE,0.000100967549940796,-9.59389268693305e-05,2.26779350001497e-05,-1.76493119286839e-05,7.82896149406466e-05,0.263499212173588
"bivt",1e-04,50000,"0.01",TRUE,0.00011015585008057,-9.97230228272022e-05,3.18662351399238e-05,-2.14334078865556e-05,7.82896149406466e-05,0.263499212173588
"bivt",1e-04,50000,"0.05",TRUE,0.000102240787919473,-9.69235573020751e-05,2.39511729788269e-05,-1.86339423614285e-05,7.82896149406466e-05,0.26555386043771
"bivt",1e-04,50000,"0.1",TRUE,9.98617003222468e-05,-9.50436161049375e-05,2.15720853816002e-05,-1.67540011642909e-05,7.82896149406466e-05,0.26555386043771
"bivt",1e-04,50000,"0.01",TRUE,0.000109795285385647,-0.000100795629161895,3.15056704449999e-05,-2.25060142212488e-05,7.82896149406466e-05,0.26555386043771
"bivt",1e-04,50000,"0.05",TRUE,0.000105530720408328,-9.90309746581844e-05,2.68304965082171e-05,-2.03307507580739e-05,7.87002239001105e-05,0.265530890506632
"bivt",1e-04,50000,"0.1",TRUE,0.000101281083478692,-9.70550827047584e-05,2.25808595785812e-05,-1.83548588046479e-05,7.87002239001105e-05,0.265530890506632
"bivt",1e-04,50000,"0.01",TRUE,0.000110436315219502,-0.000102487652671082,3.17360913193917e-05,-2.37874287709718e-05,7.87002239001105e-05,0.265530890506632
"bivt",1e-04,50000,"0.05",TRUE,5.96391186359951e-05,-5.55964675149989e-05,2.16399640649698e-05,-1.75973129439736e-05,3.79991545710253e-05,0.292956514844132
"bivt",1e-04,50000,"0.1",TRUE,5.71841439812266e-05,-5.39193899396505e-05,1.91849894102013e-05,-1.59202353686252e-05,3.79991545710253e-05,0.292956514844132
"bivt",1e-04,50000,"0.01",TRUE,6.70884540470256e-05,-5.81878460711268e-05,2.90892994760003e-05,-2.01886915001014e-05,3.79991545710253e-05,0.292956514844132
"bivt",1e-04,50000,"0.05",TRUE,6.63196650135197e-05,-6.23919587573785e-05,2.25060719669108e-05,-1.85783657107696e-05,4.38135930466089e-05,0.265458314643817
"bivt",1e-04,50000,"0.1",TRUE,6.3317482517928e-05,-6.03278686274928e-05,1.95038894713191e-05,-1.65142755808839e-05,4.38135930466089e-05,0.265458314643817
"bivt",1e-04,50000,"0.01",TRUE,7.16597364070802e-05,-6.53600112554791e-05,2.78461433604713e-05,-2.15464182088701e-05,4.38135930466089e-05,0.265458314643817
"bivt",1e-04,50000,"0.05",TRUE,9.60282432681539e-05,-9.21949729886147e-05,2.35530668030909e-05,-1.97197965235517e-05,7.2475176465063e-05,0.251549804660555
"bivt",1e-04,50000,"0.1",TRUE,9.30124419668725e-05,-8.9707039963565e-05,2.05372655018094e-05,-1.7231863498502e-05,7.2475176465063e-05,0.251549804660555
"bivt",1e-04,50000,"0.01",TRUE,0.000102284628902058,-9.54947382231047e-05,2.98094524369952e-05,-2.30195617580417e-05,7.2475176465063e-05,0.251549804660555
"bivt",1e-04,50000,"0.05",TRUE,5.65552311252569e-05,-5.16902735658302e-05,2.43705150298151e-05,-1.95055574703884e-05,3.21847160954418e-05,0.266289044657392
"bivt",1e-04,50000,"0.1",TRUE,5.43334043373987e-05,-4.96849270307601e-05,2.2148688241957e-05,-1.75002109353183e-05,3.21847160954418e-05,0.266289044657392
"bivt",1e-04,50000,"0.01",TRUE,6.45791532394027e-05,-5.55769280600754e-05,3.23944371439609e-05,-2.33922119646337e-05,3.21847160954418e-05,0.266289044657392
"bivt",1e-04,50000,"0.05",TRUE,8.18029452948738e-05,-7.84486774134268e-05,2.0956645780978e-05,-1.7602377899531e-05,6.08462995138958e-05,0.267800200239495
"bivt",1e-04,50000,"0.1",TRUE,7.95539298261627e-05,-7.68255106868145e-05,1.87076303122669e-05,-1.59792111729187e-05,6.08462995138958e-05,0.267800200239495
"bivt",1e-04,50000,"0.01",TRUE,8.66697452727513e-05,-8.09475714583217e-05,2.58234457588555e-05,-2.01012719444259e-05,6.08462995138958e-05,0.267800200239495
"bivt",1e-04,50000,"0.05",TRUE,0.000115241852537925,-0.000108568346034929,2.53233606461112e-05,-1.8649854143115e-05,8.99184918918138e-05,0.260076557780657
"bivt",1e-04,50000,"0.1",TRUE,0.000110996490921012,-0.000107097200234592,2.1077999029198e-05,-1.71787083427777e-05,8.99184918918138e-05,0.260076557780657
"bivt",1e-04,50000,"0.01",TRUE,0.000122273053505398,-0.000112258473708786,3.23545616135846e-05,-2.23399818169721e-05,8.99184918918138e-05,0.260076557780657
"bivt",1e-04,50000,"0.05",TRUE,6.22585971278371e-05,-5.67564368340431e-05,2.46700515162757e-05,-1.91678912224816e-05,3.75885456115614e-05,0.26550117818834
"bivt",1e-04,50000,"0.1",TRUE,5.90326202346208e-05,-5.48155360663548e-05,2.14440746230594e-05,-1.72269904547933e-05,3.75885456115614e-05,0.26550117818834
"bivt",1e-04,50000,"0.01",TRUE,6.76644033846656e-05,-6.18395538926798e-05,3.00758577731041e-05,-2.42510082811184e-05,3.75885456115614e-05,0.26550117818834
"bivt",1e-04,50000,"0.05",TRUE,7.30760393380789e-05,-6.78608190379738e-05,2.34480078158864e-05,-1.82327875157812e-05,4.96280315221925e-05,0.270482134656819
"bivt",1e-04,50000,"0.1",TRUE,7.02602557566578e-05,-6.54476459410074e-05,2.06322242344653e-05,-1.58196144188149e-05,4.96280315221925e-05,0.270482134656819
"bivt",1e-04,50000,"0.01",TRUE,7.88592578960864e-05,-7.22087549686262e-05,2.92312263738939e-05,-2.25807234464337e-05,4.96280315221925e-05,0.270482134656819
"bivt",1e-04,50000,"0.05",TRUE,6.63145570711752e-05,-5.90974151183365e-05,2.87260114596138e-05,-2.15088695067751e-05,3.75885456115614e-05,0.244368879829713
"bivt",1e-04,50000,"0.1",TRUE,6.169888160154e-05,-5.64521946563995e-05,2.41103359899786e-05,-1.88636490448381e-05,3.75885456115614e-05,0.244368879829713
"bivt",1e-04,50000,"0.01",TRUE,7.4648889804333e-05,-6.2604748970812e-05,3.70603441927716e-05,-2.50162033592505e-05,3.75885456115614e-05,0.244368879829713
"bivt",1e-04,50000,"0.05",TRUE,6.44812345272292e-05,-6.12247012058597e-05,2.06676414806202e-05,-1.74111081592508e-05,4.38135930466089e-05,0.284512298645838
"bivt",1e-04,50000,"0.1",TRUE,6.21443411752828e-05,-5.94440250421591e-05,1.83307481286738e-05,-1.56304319955502e-05,4.38135930466089e-05,0.284512298645838
"bivt",1e-04,50000,"0.01",TRUE,6.85230490843513e-05,-6.38856923264218e-05,2.47094560377423e-05,-2.00720992798128e-05,4.38135930466089e-05,0.284512298645838
"bivt",1e-04,50000,"0.05",TRUE,9.74306793469248e-05,-9.10515605854503e-05,2.49555028818618e-05,-1.85763841203873e-05,7.2475176465063e-05,0.264151422336352
"bivt",1e-04,50000,"0.1",TRUE,9.42482481501362e-05,-8.90429180122038e-05,2.17730716850732e-05,-1.65677415471408e-05,7.2475176465063e-05,0.264151422336352
"bivt",1e-04,50000,"0.01",TRUE,0.000105505756674874,-9.45415598214253e-05,3.30305802098107e-05,-2.20663833563623e-05,7.2475176465063e-05,0.264151422336352
"bivt",1e-04,50000,"0.05",TRUE,8.97411942018648e-05,-8.34361367146902e-05,2.8894894687969e-05,-2.25898372007944e-05,6.08462995138958e-05,0.237881918065526
"bivt",1e-04,50000,"0.1",TRUE,8.6988961411013e-05,-8.21071733721438e-05,2.61426618971172e-05,-2.1260873858248e-05,6.08462995138958e-05,0.237881918065526
"bivt",1e-04,50000,"0.01",TRUE,9.99716168604066e-05,-8.64473178467114e-05,3.91253173465108e-05,-2.56010183328156e-05,6.08462995138958e-05,0.237881918065526
"bivt",1e-04,50000,"0.05",TRUE,0.000168496361362055,-0.000159259453023213,3.2062361665572e-05,-2.28254533267301e-05,0.000136433999696483,0.247559479237122
"bivt",1e-04,50000,"0.1",TRUE,0.000162880313666417,-0.000157070853618591,2.64463139699343e-05,-2.06368539221082e-05,0.000136433999696483,0.247559479237122
"bivt",1e-04,50000,"0.01",TRUE,0.000176476438880862,-0.000163018680724347,4.00424391843792e-05,-2.65846810278645e-05,0.000136433999696483,0.247559479237122
"bivt",1e-04,50000,"0.05",TRUE,5.6547865523935e-05,-4.97694266315636e-05,2.47737583879572e-05,-1.79953194955858e-05,3.17741071359778e-05,0.277787733350052
"bivt",1e-04,50000,"0.1",TRUE,5.26450862795693e-05,-4.8302422029871e-05,2.08709791435915e-05,-1.65283148938932e-05,3.17741071359778e-05,0.277787733350052
"bivt",1e-04,50000,"0.01",TRUE,6.03459460393198e-05,-5.31486633335155e-05,2.8571838903342e-05,-2.13745561975377e-05,3.17741071359778e-05,0.277787733350052
"bivt",1e-04,50000,"0.05",TRUE,5.58963823576064e-05,-5.18986950396953e-05,2.41222752216286e-05,-2.01245879037175e-05,3.17741071359778e-05,0.256533793666226
"bivt",1e-04,50000,"0.1",TRUE,5.37318115007098e-05,-5.04235470933478e-05,2.1957704364732e-05,-1.864943995737e-05,3.17741071359778e-05,0.256533793666226
"bivt",1e-04,50000,"0.01",TRUE,6.3114366369112e-05,-5.55796378423611e-05,3.13402592331342e-05,-2.38055307063833e-05,3.17741071359778e-05,0.256533793666226
"bivt",1e-04,50000,"0.05",TRUE,0.000140926274042677,-0.000134467262367342,2.77500282485286e-05,-2.1291016573194e-05,0.000113176245794148,0.249777178667397
"bivt",1e-04,50000,"0.1",TRUE,0.000137090630706925,-0.000132920407425998,2.39143849127768e-05,-1.97441616318501e-05,0.000113176245794148,0.249777178667397
"bivt",1e-04,50000,"0.01",TRUE,0.000146433581427566,-0.000137911091698252,3.32573356334181e-05,-2.47348459041042e-05,0.000113176245794148,0.249777178667397
"bivt",1e-04,50000,"0.05",TRUE,6.82237108423041e-05,-6.34694757078461e-05,2.48207267551591e-05,-2.00664916207011e-05,4.3402984087145e-05,0.271125938461813
"bivt",1e-04,50000,"0.1",TRUE,6.64509091593173e-05,-6.15158888503286e-05,2.30479250721723e-05,-1.81129047631836e-05,4.3402984087145e-05,0.271125938461813
"bivt",1e-04,50000,"0.01",TRUE,7.41766459220785e-05,-6.66346008376409e-05,3.07736618349335e-05,-2.32316167504959e-05,4.3402984087145e-05,0.271125938461813
"bivt",1e-04,50000,"0.05",TRUE,9.98293553658192e-05,-9.31192111610149e-05,2.73541789007562e-05,-2.06440346959519e-05,7.2475176465063e-05,0.277676628058457
"bivt",1e-04,50000,"0.1",TRUE,9.69130996855576e-05,-9.11675568381732e-05,2.44379232204946e-05,-1.86923803731102e-05,7.2475176465063e-05,0.277676628058457
"bivt",1e-04,50000,"0.01",TRUE,0.000108365764399098,-9.84940472549958e-05,3.58905879340348e-05,-2.60188707899327e-05,7.2475176465063e-05,0.277676628058457
"bivt",1e-04,50000,"0.05",TRUE,8.470142557253e-05,-8.00673874239867e-05,2.34445170991703e-05,-1.8810478950627e-05,6.12569084733597e-05,0.272669552844074
"bivt",1e-04,50000,"0.1",TRUE,8.1489936755696e-05,-7.83147324818232e-05,2.02330282823363e-05,-1.70578240084634e-05,6.12569084733597e-05,0.272669552844074
"bivt",1e-04,50000,"0.01",TRUE,9.25099607375094e-05,-8.31763799775964e-05,3.12530522641497e-05,-2.19194715042367e-05,6.12569084733597e-05,0.272669552844074
"bivt",1e-04,50000,"0.05",TRUE,7.11700290465642e-05,-6.72556772318194e-05,2.19526064838356e-05,-1.80382546690908e-05,4.92174225627286e-05,0.279124444483059
"bivt",1e-04,50000,"0.1",TRUE,6.84735159364058e-05,-6.513665121601e-05,1.92560933736772e-05,-1.59192286532814e-05,4.92174225627286e-05,0.279124444483059
"bivt",1e-04,50000,"0.01",TRUE,7.90562666374461e-05,-7.00070731658274e-05,2.98388440747175e-05,-2.07896506030988e-05,4.92174225627286e-05,0.279124444483059
"bivt",1e-04,50000,"0.05",TRUE,9.56301348826989e-05,-9.20674027543601e-05,2.31549584176359e-05,-1.95922262892971e-05,7.2475176465063e-05,0.253102968836951
"bivt",1e-04,50000,"0.1",TRUE,9.26545722527318e-05,-9.02748487374137e-05,2.01793957876688e-05,-1.77996722723506e-05,7.2475176465063e-05,0.253102968836951
"bivt",1e-04,50000,"0.01",TRUE,0.000101113092069259,-9.56048341626069e-05,2.86379156041957e-05,-2.31296576975439e-05,7.2475176465063e-05,0.253102968836951
"bivt",1e-04,50000,"0.05",TRUE,0.000151635224157417,-0.000146313711701641,2.68301014121016e-05,-2.15085889563255e-05,0.000124805122745315,0.246018344150877
"bivt",1e-04,50000,"0.1",TRUE,0.000148163590063182,-0.00014396294823627,2.33584673178662e-05,-1.9157825490955e-05,0.000124805122745315,0.246018344150877
"bivt",1e-04,50000,"0.01",TRUE,0.000158733970007385,-0.000149289229049831,3.39288472620696e-05,-2.44841063045153e-05,0.000124805122745315,0.246018344150877
"bivt",1e-04,50000,"0.05",TRUE,7.85997912543507e-05,-7.44900422552969e-05,2.35679302160385e-05,-1.94581812169847e-05,5.50318610383122e-05,0.281315133824649
"bivt",1e-04,50000,"0.1",TRUE,7.62099977312673e-05,-7.2433894714704e-05,2.11781366929551e-05,-1.74020336763918e-05,5.50318610383122e-05,0.281315133824649
"bivt",1e-04,50000,"0.01",TRUE,8.85282807952782e-05,-7.71733169120089e-05,3.3496419756966e-05,-2.21414558736967e-05,5.50318610383122e-05,0.281315133824649
"bivt",1e-04,50000,"0.05",TRUE,7.09358780465179e-05,-6.61656610771705e-05,2.13078465243254e-05,-1.6537629554978e-05,4.96280315221925e-05,0.278903119791781
"bivt",1e-04,50000,"0.1",TRUE,6.85453997657587e-05,-6.4590287445708e-05,1.89173682435662e-05,-1.49622559235154e-05,4.96280315221925e-05,0.278903119791781
"bivt",1e-04,50000,"0.01",TRUE,7.63322653740405e-05,-6.90934021672947e-05,2.6704233851848e-05,-1.94653706451022e-05,4.96280315221925e-05,0.278903119791781
"bivt",1e-04,50000,"0.05",TRUE,6.20272133126094e-05,-5.48654091849742e-05,2.40280587415841e-05,-1.68662546139488e-05,3.79991545710253e-05,0.282873193277969
"bivt",1e-04,50000,"0.1",TRUE,5.94360006935113e-05,-5.34797299407072e-05,2.1436846122486e-05,-1.54805753696818e-05,3.79991545710253e-05,0.282873193277969
"bivt",1e-04,50000,"0.01",TRUE,6.85725758213928e-05,-5.81216010620955e-05,3.05734212503675e-05,-2.01224464910702e-05,3.79991545710253e-05,0.282873193277969
"bivt",1e-04,50000,"0.05",TRUE,0.000116182306300488,-0.00010979173994246,2.62638144086743e-05,-1.98732480506459e-05,8.99184918918138e-05,0.268392818295021
"bivt",1e-04,50000,"0.1",TRUE,0.000112666194863879,-0.000108164430739929,2.27477029720654e-05,-1.82459388481154e-05,8.99184918918138e-05,0.268392818295021
"bivt",1e-04,50000,"0.01",TRUE,0.000123808829483671,-0.000113787842704568,3.38903375918572e-05,-2.38693508127543e-05,8.99184918918138e-05,0.268392818295021
"bivt",1e-04,50000,"0.05",TRUE,0.000104210060920721,-0.00010008138201943,2.59204459800745e-05,-2.1791767078783e-05,7.82896149406466e-05,0.23138176486727
"bivt",1e-04,50000,"0.1",TRUE,0.000100652405669232,-9.80181777134273e-05,2.2362790728585e-05,-1.97285627727807e-05,7.82896149406466e-05,0.23138176486727
"bivt",1e-04,50000,"0.01",TRUE,0.000110679052499919,-0.000104022054467072,3.23894375592726e-05,-2.57324395264252e-05,7.82896149406466e-05,0.23138176486727
"bivt",1e-04,50000,"0.05",TRUE,0.000120604762594927,-0.000116590046389271,2.48718322275296e-05,-2.08571160218736e-05,9.57329303673974e-05,0.251364587770107
"bivt",1e-04,50000,"0.1",TRUE,0.000117107409141251,-0.00011397106043736,2.13744787738534e-05,-1.82381300699627e-05,9.57329303673974e-05,0.251364587770107
"bivt",1e-04,50000,"0.01",TRUE,0.000125334802087559,-0.000118998648119143,2.96018717201612e-05,-2.32657177517461e-05,9.57329303673974e-05,0.251364587770107
"bivt",1e-04,50000,"0.05",TRUE,6.19275270457629e-05,-5.49705517403635e-05,2.43389814342014e-05,-1.7382006128802e-05,3.75885456115614e-05,0.271772639364875
"bivt",1e-04,50000,"0.1",TRUE,5.78698449568794e-05,-5.32839695799327e-05,2.0281299345318e-05,-1.56954239683713e-05,3.75885456115614e-05,0.271772639364875
"bivt",1e-04,50000,"0.01",TRUE,6.65494068840294e-05,-5.80757567093308e-05,2.89608612724679e-05,-2.04872110977694e-05,3.75885456115614e-05,0.271772639364875
"bivt",1e-04,50000,"0.05",TRUE,0.00011481316295018,-0.000110064703704467,2.48946710583658e-05,-2.01462118126532e-05,8.99184918918138e-05,0.242317578479079
"bivt",1e-04,50000,"0.1",TRUE,0.000112489430209098,-0.000108420407118579,2.25709383172844e-05,-1.85019152267654e-05,8.99184918918138e-05,0.242317578479079
"bivt",1e-04,50000,"0.01",TRUE,0.000120546016163825,-0.00011420712247355,3.06275242720114e-05,-2.42886305817357e-05,8.99184918918138e-05,0.242317578479079
"bivt",1e-04,50000,"0.05",TRUE,0.000156100569044686,-0.000150156045324393,2.54810078237867e-05,-1.95364841034939e-05,0.000130619561220899,0.230145852543046
"bivt",1e-04,50000,"0.1",TRUE,0.000153098255359994,-0.000148483752345812,2.24786941390947e-05,-1.78641911249131e-05,0.000130619561220899,0.230145852543046
"bivt",1e-04,50000,"0.01",TRUE,0.000163356917744709,-0.000153410834525129,3.27373565238096e-05,-2.27912733042297e-05,0.000130619561220899,0.230145852543046
"bivt",1e-04,50000,"0.05",TRUE,9.59119170817767e-05,-9.10271623029338e-05,2.34367406167137e-05,-1.85519858378708e-05,7.2475176465063e-05,0.278102999539979
"bivt",1e-04,50000,"0.1",TRUE,9.32576577781399e-05,-8.92179725204197e-05,2.07824813130769e-05,-1.67427960553567e-05,7.2475176465063e-05,0.278102999539979
"bivt",1e-04,50000,"0.01",TRUE,0.000100070465089661,-9.37070525277814e-05,2.75952886245981e-05,-2.12318760627184e-05,7.2475176465063e-05,0.278102999539979
"bivt",1e-04,50000,"0.05",TRUE,8.53499241104344e-05,-7.96612244438288e-05,2.45036245965386e-05,-1.8814924929933e-05,6.08462995138958e-05,0.255779844252951
"bivt",1e-04,50000,"0.1",TRUE,8.14772814829431e-05,-7.78273277412604e-05,2.06309819690473e-05,-1.69810282273646e-05,6.08462995138958e-05,0.255779844252951
"bivt",1e-04,50000,"0.01",TRUE,9.38262068645089e-05,-8.41360459745596e-05,3.29799073506131e-05,-2.32897464606638e-05,6.08462995138958e-05,0.255779844252951
"bivt",1e-04,50000,"0.05",TRUE,7.42751404050048e-05,-6.70784176172893e-05,2.46471088828123e-05,-1.74503860950967e-05,4.96280315221925e-05,0.298406284477943
"bivt",1e-04,50000,"0.1",TRUE,7.08664222235405e-05,-6.5887402760325e-05,2.1238390701348e-05,-1.62593712381325e-05,4.96280315221925e-05,0.298406284477943
"bivt",1e-04,50000,"0.01",TRUE,8.06820143093565e-05,-7.0353060096989e-05,3.1053982787164e-05,-2.07250285747964e-05,4.96280315221925e-05,0.298406284477943
"bivt",1e-04,50000,"0.05",TRUE,8.24627801375692e-05,-7.63809018217514e-05,2.7430919099257e-05,-2.13490407834392e-05,5.50318610383122e-05,0.253213281689258
"bivt",1e-04,50000,"0.1",TRUE,7.96115813329624e-05,-7.42686108706648e-05,2.45797202946502e-05,-1.92367498323526e-05,5.50318610383122e-05,0.253213281689258
"bivt",1e-04,50000,"0.01",TRUE,8.77697252690933e-05,-7.99536516710339e-05,3.27378642307811e-05,-2.49217906327217e-05,5.50318610383122e-05,0.253213281689258
"bivt",1e-04,50000,"0.05",TRUE,7.52211689880433e-05,-6.79628814723607e-05,2.60037464253147e-05,-1.87454589096321e-05,4.92174225627286e-05,0.269458110675049
"bivt",1e-04,50000,"0.1",TRUE,7.10741981205437e-05,-6.64652437876111e-05,2.1856775557815e-05,-1.72478212248825e-05,4.92174225627286e-05,0.269458110675049
"bivt",1e-04,50000,"0.01",TRUE,8.16917952049794e-05,-7.0747588927836e-05,3.24743726422507e-05,-2.15301663651074e-05,4.92174225627286e-05,0.269458110675049
"bivt",1e-04,50000,"0.05",TRUE,7.14256579433138e-05,-6.67177515719459e-05,2.22082353805852e-05,-1.75003290092173e-05,4.92174225627286e-05,0.289001302588371
"bivt",1e-04,50000,"0.1",TRUE,6.83635162432776e-05,-6.48624253771654e-05,1.91460936805489e-05,-1.56450028144368e-05,4.92174225627286e-05,0.289001302588371
"bivt",1e-04,50000,"0.01",TRUE,7.7083620678494e-05,-7.0626263218961e-05,2.78661981157654e-05,-2.14088406562324e-05,4.92174225627286e-05,0.289001302588371
"bivt",1e-04,50000,"0.05",TRUE,0.000125167443808839,-0.000121370006173918,2.36200749658583e-05,-1.98226373309375e-05,0.000101547368842981,0.272041089590276
"bivt",1e-04,50000,"0.1",TRUE,0.000122558867909355,-0.000119069806840729,2.10114990663739e-05,-1.75224379977478e-05,0.000101547368842981,0.272041089590276
"bivt",1e-04,50000,"0.01",TRUE,0.000130847800225003,-0.0001245513303886,2.93004313820217e-05,-2.30039615456194e-05,0.000101547368842981,0.272041089590276
"bivt",1e-04,50000,"0.05",TRUE,0.000130381352255669,-0.000126735621156402,2.30195449371042e-05,-1.93738138378374e-05,0.000107361807318565,0.25858370186087
"bivt",1e-04,50000,"0.1",TRUE,0.000127374437779634,-0.000124787378825841,2.00126304610697e-05,-1.74255715072766e-05,0.000107361807318565,0.25858370186087
"bivt",1e-04,50000,"0.01",TRUE,0.000140623284832752,-0.000129762102942028,3.32614775141877e-05,-2.24002956234637e-05,0.000107361807318565,0.25858370186087
"bivt",1e-04,50000,"0.05",TRUE,6.14316819397709e-05,-5.59180025290829e-05,2.34325273687456e-05,-1.79188479580576e-05,3.79991545710253e-05,0.294368420609058
"bivt",1e-04,50000,"0.1",FALSE,5.69786783018967e-05,-5.40590112581993e-05,1.89795237308714e-05,-1.60598566871739e-05,3.79991545710253e-05,0.294368420609058
"bivt",1e-04,50000,"0.01",TRUE,6.60281236433015e-05,-5.89458927917562e-05,2.80289690722761e-05,-2.09467382207308e-05,3.79991545710253e-05,0.294368420609058
"bivt",1e-04,50000,"0.05",TRUE,4.06649846998166e-05,-3.68651895122772e-05,2.01091455555421e-05,-1.63093503680026e-05,2.05558391442745e-05,0.290031255224188
"bivt",1e-04,50000,"0.1",FALSE,3.83025596006055e-05,-3.5909904534985e-05,1.77467204563309e-05,-1.53540653907104e-05,2.05558391442745e-05,0.290031255224188
"bivt",1e-04,50000,"0.01",TRUE,4.59716055405486e-05,-3.96843687616916e-05,2.5415766396274e-05,-1.91285296174171e-05,2.05558391442745e-05,0.290031255224188
"bivt",1e-04,50000,"0.05",TRUE,0.000141898647943093,-0.000135518832042444,2.87224021489452e-05,-2.23425862482957e-05,0.000113176245794148,0.246904354641765
"bivt",1e-04,50000,"0.1",TRUE,0.000138349592977713,-0.000133406101023201,2.51733471835644e-05,-2.02298552290525e-05,0.000113176245794148,0.246904354641765
"bivt",1e-04,50000,"0.01",TRUE,0.000150172336512174,-0.000139844691241514,3.69960907180262e-05,-2.66684454473655e-05,0.000113176245794148,0.246904354641765
"bivt",1e-04,50000,"0.05",TRUE,0.000113441056005356,-0.000107601239639231,2.93370025891258e-05,-2.3497186223001e-05,8.41040534162302e-05,0.242765449924724
"bivt",1e-04,50000,"0.1",TRUE,0.000110048500287757,-0.000105367143514784,2.59444468715272e-05,-2.1263090098554e-05,8.41040534162302e-05,0.242765449924724
"bivt",1e-04,50000,"0.01",TRUE,0.000123016027968162,-0.000112751846139571,3.89119745519314e-05,-2.86477927233407e-05,8.41040534162302e-05,0.242765449924724
"bivt",1e-04,50000,"0.05",TRUE,8.61008422604908e-05,-8.01252418980775e-05,2.5254542746595e-05,-1.92789423841817e-05,6.08462995138958e-05,0.25647766361398
"bivt",1e-04,50000,"0.1",TRUE,8.14303886063e-05,-7.82136958577342e-05,2.05840890924042e-05,-1.73673963438384e-05,6.08462995138958e-05,0.25647766361398
"bivt",1e-04,50000,"0.01",TRUE,9.28545834899654e-05,-8.44522990295119e-05,3.20082839760696e-05,-2.36059995156161e-05,6.08462995138958e-05,0.25647766361398
"bivt",1e-04,50000,"0.05",TRUE,9.09010787854054e-05,-8.61060692034517e-05,2.4240340795926e-05,-1.94453312139723e-05,6.66607379894794e-05,0.272391566394655
"bivt",1e-04,50000,"0.1",TRUE,8.78643965506464e-05,-8.41236459970133e-05,2.1203658561167e-05,-1.74629080075339e-05,6.66607379894794e-05,0.272391566394655
"bivt",1e-04,50000,"0.01",TRUE,9.69631520871569e-05,-8.85833703055542e-05,3.03024140976775e-05,-2.19226323160748e-05,6.66607379894794e-05,0.272391566394655
"bivt",1e-04,50000,"0.05",TRUE,8.25274825967603e-05,-7.58186512027996e-05,2.74956215584481e-05,-2.07867901644874e-05,5.50318610383122e-05,0.229862395672575
"bivt",1e-04,50000,"0.1",TRUE,7.94026974228758e-05,-7.36970161480055e-05,2.43708363845636e-05,-1.86651551096933e-05,5.50318610383122e-05,0.229862395672575
"bivt",1e-04,50000,"0.01",TRUE,8.92696169575626e-05,-7.95206554079315e-05,3.42377559192503e-05,-2.44887943696193e-05,5.50318610383122e-05,0.229862395672575
"bivt",1e-04,50000,"0.05",TRUE,4.88970092710121e-05,-4.59417147179822e-05,2.2526731651154e-05,-1.95714370981241e-05,2.63702776198581e-05,0.261050633072351
"bivt",1e-04,50000,"0.1",TRUE,4.78237122497678e-05,-4.45479819956096e-05,2.14534346299096e-05,-1.81777043757515e-05,2.63702776198581e-05,0.261050633072351
"bivt",1e-04,50000,"0.01",TRUE,5.38304067506001e-05,-4.98013337966112e-05,2.74601291307419e-05,-2.34310561767531e-05,2.63702776198581e-05,0.261050633072351
"bivt",1e-04,50000,"0.05",TRUE,0.000102538779101015,-9.7052968809218e-05,2.42491641603688e-05,-1.87633538685714e-05,7.82896149406466e-05,0.273132934990779
"bivt",1e-04,50000,"0.1",TRUE,9.95157873947398e-05,-9.54477716746658e-05,2.12261724540933e-05,-1.71581567340192e-05,7.82896149406466e-05,0.273132934990779
"bivt",1e-04,50000,"0.01",TRUE,0.000108811305678865,-0.000100380475863906,3.05216907382185e-05,-2.20908609232596e-05,7.82896149406466e-05,0.273132934990779
"bivt",1e-04,50000,"0.05",TRUE,0.000112798040166483,-0.000104652696116772,2.8693986750253e-05,-2.05486427005423e-05,8.41040534162302e-05,0.237650027447262
"bivt",1e-04,50000,"0.1",TRUE,0.000107966569294207,-0.000102682821229599,2.38625158779773e-05,-1.8578767813369e-05,8.41040534162302e-05,0.237650027447262
"bivt",1e-04,50000,"0.01",TRUE,0.00011887565612735,-0.000107687219676778,3.47716027111198e-05,-2.35831662605477e-05,8.41040534162302e-05,0.237650027447262
"bivt",1e-04,50000,"0.05",TRUE,6.09981587925137e-05,-5.68048479678327e-05,2.29990042214883e-05,-1.88056933968073e-05,3.79991545710253e-05,0.265180564052634
"bivt",1e-04,50000,"0.1",TRUE,5.8334066796174e-05,-5.44729811207415e-05,2.03349122251487e-05,-1.64738265497162e-05,3.79991545710253e-05,0.265180564052634
"bivt",1e-04,50000,"0.01",TRUE,6.86817924680981e-05,-6.05107359197909e-05,3.06826378970728e-05,-2.25115813487655e-05,3.79991545710253e-05,0.265180564052634
"bivt",1e-04,50000,"0.05",TRUE,5.64210769210605e-05,-5.11401681712451e-05,2.46469697850827e-05,-1.93660610352673e-05,3.17741071359778e-05,0.270255537656062
"bivt",1e-04,50000,"0.1",TRUE,5.38609174675769e-05,-4.96954913527607e-05,2.20868103315991e-05,-1.79213842167829e-05,3.17741071359778e-05,0.270255537656062
"bivt",1e-04,50000,"0.01",TRUE,6.26628954749815e-05,-5.44900651158337e-05,3.08887883390037e-05,-2.27159579798559e-05,3.17741071359778e-05,0.270255537656062
"bivt",1e-04,50000,"0.05",TRUE,9.85810921198831e-05,-9.27618231541191e-05,2.61059156548201e-05,-2.02866466890561e-05,7.2475176465063e-05,0.255865094190191
"bivt",1e-04,50000,"0.1",TRUE,9.38461471396359e-05,-9.10838138288206e-05,2.13709706745729e-05,-1.86086373637576e-05,7.2475176465063e-05,0.255865094190191
"bivt",1e-04,50000,"0.01",TRUE,0.000108313543740369,-9.67544647844715e-05,3.58383672753064e-05,-2.42792883194084e-05,7.2475176465063e-05,0.255865094190191
"bivt",1e-04,50000,"0.05",TRUE,0.000114967028393121,-0.000108919328499784,2.50485365013073e-05,-1.90008366079704e-05,8.99184918918138e-05,0.250428661132037
"bivt",1e-04,50000,"0.1",TRUE,0.000113339448809075,-0.000107413871884929,2.34209569172616e-05,-1.74953799931157e-05,8.99184918918138e-05,0.250428661132037
"bivt",1e-04,50000,"0.01",TRUE,0.000123040198972923,-0.000112163739880065,3.31217070811088e-05,-2.22452479882513e-05,8.99184918918138e-05,0.250428661132037
"bivt",1e-04,50000,"0.05",TRUE,0.000101886324994735,-9.84267621417845e-05,2.35967100540882e-05,-2.01371472011379e-05,7.82896149406466e-05,0.257759701870603
"bivt",1e-04,50000,"0.1",TRUE,9.91231349430457e-05,-9.68052935886054e-05,2.08335200023991e-05,-1.85156786479588e-05,7.82896149406466e-05,0.257759701870603
"bivt",1e-04,50000,"0.01",TRUE,0.000110835484505892,-0.000100976797208508,3.2545869565245e-05,-2.26871822678617e-05,7.82896149406466e-05,0.257759701870603
"bivt",1e-04,50000,"0.05",TRUE,6.68748195757838e-05,-6.16162284247907e-05,2.30612265291748e-05,-1.78026353781818e-05,4.38135930466089e-05,0.275673379825713
"bivt",1e-04,50000,"0.1",TRUE,6.40015806196674e-05,-6.03303816167038e-05,2.01879875730584e-05,-1.65167885700949e-05,4.38135930466089e-05,0.275673379825713
"bivt",1e-04,50000,"0.01",TRUE,7.3888855089148e-05,-6.44220676927563e-05,3.0075262042539e-05,-2.06084746461473e-05,4.38135930466089e-05,0.275673379825713
"bivt",1e-04,50000,"0.05",TRUE,8.28896378625879e-05,-7.36916586031422e-05,2.78577768242757e-05,-1.865979756483e-05,5.50318610383122e-05,0.276587133671906
"bivt",1e-04,50000,"0.1",TRUE,7.89938441787658e-05,-7.20717212511978e-05,2.39619831404536e-05,-1.70398602128856e-05,5.50318610383122e-05,0.276587133671906
"bivt",1e-04,50000,"0.01",TRUE,8.75540664308772e-05,-7.78820206847304e-05,3.2522205392565e-05,-2.28501596464182e-05,5.50318610383122e-05,0.276587133671906
"bivt",1e-04,50000,"0.05",TRUE,9.3481762882034e-05,-8.92292623781509e-05,2.10065864169709e-05,-1.67540859130879e-05,7.2475176465063e-05,0.269621385650015
"bivt",1e-04,50000,"0.1",TRUE,9.05534173576417e-05,-8.7399406753807e-05,1.80782408925787e-05,-1.4924230288744e-05,7.2475176465063e-05,0.269621385650015
"bivt",1e-04,50000,"0.01",TRUE,9.87419333376801e-05,-9.16642790293901e-05,2.62667568726171e-05,-1.91891025643271e-05,7.2475176465063e-05,0.269621385650015
"bivt",1e-04,50000,"0.05",TRUE,0.000108579926194614,-0.000102475511375848,2.44758727783836e-05,-1.83714579596174e-05,8.41040534162302e-05,0.260770303743813
"bivt",1e-04,50000,"0.1",TRUE,0.000105654136975774,-0.000100927877982053,2.15500835595434e-05,-1.68238245658232e-05,8.41040534162302e-05,0.260770303743813
"bivt",1e-04,50000,"0.01",TRUE,0.000115726211480118,-0.000106723042418758,3.16221580638882e-05,-2.26189890025279e-05,8.41040534162302e-05,0.260770303743813
"bivt",1e-04,50000,"0.05",TRUE,5.99050866837078e-05,-5.65770604446636e-05,2.19059321126825e-05,-1.85779058736382e-05,3.79991545710253e-05,0.289430363955223
"bivt",1e-04,50000,"0.1",TRUE,5.76329194385857e-05,-5.4575356542813e-05,1.96337648675604e-05,-1.65762019717877e-05,3.79991545710253e-05,0.289430363955223
"bivt",1e-04,50000,"0.01",TRUE,6.65549435839004e-05,-6.04242848345729e-05,2.85557890128751e-05,-2.24251302635476e-05,3.79991545710253e-05,0.289430363955223
"bivt",1e-04,50000,"0.05",TRUE,8.93161948147872e-05,-8.10391573779778e-05,2.84698953008914e-05,-2.0192857864082e-05,6.08462995138958e-05,0.257807881159761
"bivt",1e-04,50000,"0.1",TRUE,8.47973864523476e-05,-7.920969576669e-05,2.39510869384518e-05,-1.83633962527942e-05,6.08462995138958e-05,0.257807881159761
"bivt",1e-04,50000,"0.01",TRUE,9.88419730130032e-05,-8.54711332253532e-05,3.79956734991074e-05,-2.46248337114574e-05,6.08462995138958e-05,0.257807881159761
"bivt",1e-04,50000,"0.05",TRUE,8.48042586522307e-05,-7.97934759228981e-05,2.3547350178871e-05,-1.85365674495383e-05,6.12569084733597e-05,0.270655340862168
"bivt",1e-04,50000,"0.1",TRUE,8.1803476407786e-05,-7.77861323091162e-05,2.05465679344263e-05,-1.65292238357565e-05,6.12569084733597e-05,0.270655340862168
"bivt",1e-04,50000,"0.01",TRUE,9.15829784032836e-05,-8.30549532239345e-05,3.03260699299239e-05,-2.17980447505748e-05,6.12569084733597e-05,0.270655340862168
"bivt",1e-04,50000,"0.05",TRUE,7.16559696041171e-05,-6.70722162745036e-05,2.20279380819245e-05,-1.7444184752311e-05,4.96280315221925e-05,0.282553765049141
"bivt",1e-04,50000,"0.1",TRUE,6.90247066956851e-05,-6.53735245421911e-05,1.93966751734926e-05,-1.57454930199986e-05,4.96280315221925e-05,0.282553765049141
"bivt",1e-04,50000,"0.01",TRUE,7.96403159514681e-05,-7.03553799824629e-05,3.00122844292756e-05,-2.07273484602703e-05,4.96280315221925e-05,0.282553765049141
"bivt",1e-04,50000,"0.05",TRUE,7.45429297773518e-05,-6.94997454486297e-05,2.53255072146232e-05,-2.02823228859011e-05,4.92174225627286e-05,0.269823004496848
"bivt",1e-04,50000,"0.1",TRUE,7.1754530386673e-05,-6.74500054912602e-05,2.25371078239444e-05,-1.82325829285316e-05,4.92174225627286e-05,0.269823004496848
"bivt",1e-04,50000,"0.01",TRUE,8.18826343611913e-05,-7.16796516291291e-05,3.26652117984627e-05,-2.24622290664005e-05,4.92174225627286e-05,0.269823004496848
"bivt",1e-04,50000,"0.05",TRUE,9.43285412855069e-05,-8.83613561675577e-05,2.76678032960275e-05,-2.17006181780783e-05,6.66607379894794e-05,0.246661657211499
"bivt",1e-04,50000,"0.1",TRUE,9.20160602195149e-05,-8.59952451646376e-05,2.53553222300355e-05,-1.93345071751582e-05,6.66607379894794e-05,0.246661657211499
"bivt",1e-04,50000,"0.01",TRUE,9.89550924987812e-05,-9.19516547585784e-05,3.22943545093018e-05,-2.5290916769099e-05,6.66607379894794e-05,0.246661657211499
"bivt",1e-04,50000,"0.05",TRUE,8.40345070885169e-05,-7.94694501937875e-05,2.31882075746211e-05,-1.86231506798917e-05,6.08462995138958e-05,0.293167653098774
"bivt",1e-04,50000,"0.1",TRUE,8.07827569068249e-05,-7.76858875872881e-05,1.99364573929291e-05,-1.68395880733923e-05,6.08462995138958e-05,0.293167653098774
"bivt",1e-04,50000,"0.01",TRUE,8.83741786927101e-05,-8.24111881265075e-05,2.75278791788143e-05,-2.15648886126117e-05,6.08462995138958e-05,0.293167653098774
"bivt",1e-04,50000,"0.05",TRUE,0.000123402111831583,-0.000115724671996626,2.76691814641855e-05,-1.9991741629229e-05,9.57329303673974e-05,0.256232185604697
"bivt",1e-04,50000,"0.1",TRUE,0.000119731660439652,-0.000113931768572991,2.39987300722551e-05,-1.8198838205594e-05,9.57329303673974e-05,0.256232185604697
"bivt",1e-04,50000,"0.01",TRUE,0.000128518320281517,-0.000118777473339885,3.27853899141201e-05,-2.30445429724873e-05,9.57329303673974e-05,0.256232185604697
"bivt",1e-04,50000,"0.05",TRUE,0.000120517851939085,-0.000114830660398937,2.47849215716879e-05,-1.90977300315398e-05,9.57329303673974e-05,0.280496494622093
"bivt",1e-04,50000,"0.1",TRUE,0.000117302260204515,-0.000113206252420688,2.15693298371175e-05,-1.74733220532902e-05,9.57329303673974e-05,0.280496494622093
"bivt",1e-04,50000,"0.01",TRUE,0.000125611249288241,-0.000118943000648187,2.98783189208435e-05,-2.32100702807895e-05,9.57329303673974e-05,0.280496494622093
"bivt",1e-04,50000,"0.05",TRUE,0.000118776633613477,-0.000115194092978547,2.30437032460794e-05,-1.94611626111501e-05,9.57329303673974e-05,0.270089216088804
"bivt",1e-04,50000,"0.1",TRUE,0.000115911211760618,-0.000113419504506665,2.01782813932211e-05,-1.76865741392674e-05,9.57329303673974e-05,0.270089216088804
"bivt",1e-04,50000,"0.01",TRUE,0.000125035462296119,-0.000117595212014827,2.93025319287212e-05,-2.18622816474296e-05,9.57329303673974e-05,0.270089216088804
"bivt",1e-04,50000,"0.05",TRUE,0.000102885708769484,-9.78113759797433e-05,2.45960938288374e-05,-1.95217610390967e-05,7.82896149406466e-05,0.237438441462789
"bivt",1e-04,50000,"0.1",TRUE,9.96428506316367e-05,-9.60997010462826e-05,2.13532356909901e-05,-1.7810086105636e-05,7.82896149406466e-05,0.237438441462789
"bivt",1e-04,50000,"0.01",TRUE,0.0001083942599938,-0.000101490374046989,3.01046450531531e-05,-2.32007591063427e-05,7.82896149406466e-05,0.237438441462789
"bivt",1e-04,50000,"0.05",TRUE,8.52181868061361e-05,-7.99929873071093e-05,2.43718872922403e-05,-1.91466877932135e-05,6.08462995138958e-05,0.250718627330795
"bivt",1e-04,50000,"0.1",TRUE,8.18641108582443e-05,-7.84217340079158e-05,2.10178113443485e-05,-1.757543449402e-05,6.08462995138958e-05,0.250718627330795
"bivt",1e-04,50000,"0.01",TRUE,9.08014311089606e-05,-8.32665695869498e-05,2.99551315950648e-05,-2.2420270073054e-05,6.08462995138958e-05,0.250718627330795
"bivt",1e-04,50000,"0.05",TRUE,0.000109122451978417,-0.000103878148833306,2.50183985621872e-05,-1.97740954170762e-05,8.41040534162302e-05,0.244873662793488
"bivt",1e-04,50000,"0.1",TRUE,0.000105379480487084,-0.000102056235223144,2.12754270708542e-05,-1.79521818069142e-05,8.41040534162302e-05,0.244873662793488
"bivt",1e-04,50000,"0.01",TRUE,0.000113183714373249,-0.000108157126328381,2.90796609570186e-05,-2.40530729121509e-05,8.41040534162302e-05,0.244873662793488
"bivt",1e-04,50000,"0.05",TRUE,5.62132293105447e-05,-5.07801650806626e-05,2.44391221745668e-05,-1.90060579446848e-05,3.17741071359778e-05,0.273632895760127
"bivt",1e-04,50000,"0.1",TRUE,5.25799842073392e-05,-4.8798386753967e-05,2.08058770713614e-05,-1.70242796179892e-05,3.17741071359778e-05,0.273632895760127
"bivt",1e-04,50000,"0.01",TRUE,6.33406533070933e-05,-5.45430998496286e-05,3.15665461711154e-05,-2.27689927136508e-05,3.17741071359778e-05,0.273632895760127
"bivt",1e-04,50000,"0.05",TRUE,5.8822252933197e-05,-5.66124434035758e-05,2.12337073216355e-05,-1.90238977920144e-05,3.75885456115614e-05,0.294568317581971
"bivt",1e-04,50000,"0.1",TRUE,5.63977132918591e-05,-5.43464185484429e-05,1.88091676802977e-05,-1.67578729368815e-05,3.75885456115614e-05,0.294568317581971
"bivt",1e-04,50000,"0.01",TRUE,6.41180972213498e-05,-5.89484097472454e-05,2.65295516097884e-05,-2.1359864135684e-05,3.75885456115614e-05,0.294568317581971
"bivt",1e-04,50000,"0.05",TRUE,8.09669475835348e-05,-7.7830443924463e-05,2.0120648069639e-05,-1.69841444105672e-05,6.08462995138958e-05,0.301156691059749
"bivt",1e-04,50000,"0.1",TRUE,7.92718179720655e-05,-7.64237460355384e-05,1.84255184581697e-05,-1.55774465216426e-05,6.08462995138958e-05,0.301156691059749
"bivt",1e-04,50000,"0.01",TRUE,8.73203623768798e-05,-8.12620529502021e-05,2.6474062862984e-05,-2.04157534363063e-05,6.08462995138958e-05,0.301156691059749
"bivt",1e-04,50000,"0.05",TRUE,9.93250484200888e-05,-9.29987189838893e-05,2.68498719550258e-05,-2.05235425188263e-05,7.2475176465063e-05,0.233827793340566
"bivt",1e-04,50000,"0.1",TRUE,9.58790509508618e-05,-9.10449211152452e-05,2.34038744857988e-05,-1.85697446501822e-05,7.2475176465063e-05,0.233827793340566
"bivt",1e-04,50000,"0.01",TRUE,0.000105353528967642,-9.63778440549705e-05,3.2878352502579e-05,-2.39026675899075e-05,7.2475176465063e-05,0.233827793340566
"bivt",1e-04,50000,"0.05",TRUE,8.88008151920789e-05,-8.51779846140637e-05,2.17294682431356e-05,-1.81066376651204e-05,6.70713469489433e-05,0.255032980604788
"bivt",1e-04,50000,"0.1",TRUE,8.66848464093483e-05,-8.33833200148165e-05,1.9613499460405e-05,-1.63119730658732e-05,6.70713469489433e-05,0.255032980604788
"bivt",1e-04,50000,"0.01",TRUE,9.43022610915078e-05,-8.8403151318232e-05,2.72309141425644e-05,-2.13318043692887e-05,6.70713469489433e-05,0.255032980604788
"bivt",1e-04,50000,"0.05",TRUE,9.21437682059311e-05,-8.49320173252298e-05,2.54830302164517e-05,-1.82712793357504e-05,6.66607379894794e-05,0.271531778704716
"bivt",1e-04,50000,"0.1",TRUE,8.95927216131317e-05,-8.28998720353271e-05,2.29319836236524e-05,-1.62391340458477e-05,6.66607379894794e-05,0.271531778704716
"bivt",1e-04,50000,"0.01",TRUE,9.77814614379933e-05,-8.78578999289293e-05,3.11207234485139e-05,-2.11971619394499e-05,6.66607379894794e-05,0.271531778704716
"bivt",1e-04,50000,"0.05",TRUE,5.84483776658092e-05,-5.36541293970203e-05,2.66742705298314e-05,-2.18800222610425e-05,3.17741071359778e-05,0.249514686941814
"bivt",1e-04,50000,"0.1",TRUE,5.40865242873308e-05,-5.15060139668538e-05,2.2312417151353e-05,-1.9731906830876e-05,3.17741071359778e-05,0.249514686941814
"bivt",1e-04,50000,"0.01",TRUE,6.40568137182644e-05,-5.69770307527692e-05,3.22827065822866e-05,-2.52029236167913e-05,3.17741071359778e-05,0.249514686941814
"bivt",1e-04,50000,"0.05",TRUE,0.000106799678696817,-0.000101750175628635,2.26956252805871e-05,-1.76461222124047e-05,8.41040534162302e-05,0.261932127303762
"bivt",1e-04,50000,"0.1",TRUE,0.000103528408501725,-0.000100044051328899,1.9424355085495e-05,-1.59399979126689e-05,8.41040534162302e-05,0.261932127303762
"bivt",1e-04,50000,"0.01",TRUE,0.000111196090008673,-0.000104713118744425,2.7092036592443e-05,-2.06090653281946e-05,8.41040534162302e-05,0.261932127303762
"bivt",1e-04,50000,"0.05",TRUE,8.00200538793314e-05,-7.6972620210604e-05,2.49881928410192e-05,-2.19407591722918e-05,5.50318610383122e-05,0.22730402625034
"bivt",1e-04,50000,"0.1",TRUE,7.7856946376651e-05,-7.516392397635e-05,2.28250853383388e-05,-2.01320629380378e-05,5.50318610383122e-05,0.22730402625034
"bivt",1e-04,50000,"0.01",TRUE,8.68571122109182e-05,-8.03365077412382e-05,3.1825251172606e-05,-2.5304646702926e-05,5.50318610383122e-05,0.22730402625034
"bivt",1e-04,50000,"0.05",TRUE,0.000209214763388912,-0.000201233999076893,3.20796943633447e-05,-2.40989300513256e-05,0.000177135069025568,0.237480175291338
"bivt",1e-04,50000,"0.1",TRUE,0.000206024065841935,-0.00019879784749938,2.88889968163668e-05,-2.16627784738124e-05,0.000177135069025568,0.237480175291338
"bivt",1e-04,50000,"0.01",TRUE,0.000217701129587432,-0.000205745225631124,4.05660605618642e-05,-2.86101566055564e-05,0.000177135069025568,0.237480175291338
"bivt",1e-04,50000,"0.05",TRUE,9.85292383075078e-05,-9.22694366157407e-05,2.56434528829809e-05,-1.93836511912137e-05,7.28857854245269e-05,0.252936765187967
"bivt",1e-04,50000,"0.1",TRUE,9.38632704897458e-05,-9.02405876388745e-05,2.09774850652189e-05,-1.73548022143476e-05,7.28857854245269e-05,0.252936765187967
"bivt",1e-04,50000,"0.01",TRUE,0.000105976201856657,-9.54575724184646e-05,3.30904164321304e-05,-2.25717869939377e-05,7.28857854245269e-05,0.252936765187967
"bivt",1e-04,50000,"0.05",TRUE,0.000123175393165996,-0.000116732790882894,2.74424627985984e-05,-2.09998605154969e-05,9.57329303673974e-05,0.245816321849276
"bivt",1e-04,50000,"0.1",TRUE,0.000119332245579001,-0.000114490271879829,2.35993152116037e-05,-1.87573415124318e-05,9.57329303673974e-05,0.245816321849276
"bivt",1e-04,50000,"0.01",TRUE,0.000129593627457092,-0.000120494707645782,3.38606970896945e-05,-2.47617772783849e-05,9.57329303673974e-05,0.245816321849276
"bivt",1e-04,50000,"0.05",TRUE,0.000118306758863132,-0.000111199936446584,2.83882669713185e-05,-2.12814445547704e-05,8.99184918918138e-05,0.246630717831113
"bivt",1e-04,50000,"0.1",TRUE,0.000113971132041606,-0.000109724452651581,2.40526401497926e-05,-1.98059607597676e-05,8.99184918918138e-05,0.246630717831113
"bivt",1e-04,50000,"0.01",TRUE,0.000124908151938628,-0.000115606624487372,3.49896600468145e-05,-2.56881325955578e-05,8.99184918918138e-05,0.246630717831113
"bivt",1e-04,50000,"0.05",TRUE,6.82907433713476e-05,-6.32965903014549e-05,2.44771503247387e-05,-1.94829972548459e-05,4.38135930466089e-05,0.25799622810066
"bivt",1e-04,50000,"0.1",TRUE,6.60006546663244e-05,-6.18331967696937e-05,2.21870616197154e-05,-1.80196037230848e-05,4.38135930466089e-05,0.25799622810066
"bivt",1e-04,50000,"0.01",TRUE,7.39782927789149e-05,-6.58640217151859e-05,3.0164699732306e-05,-2.2050428668577e-05,4.38135930466089e-05,0.25799622810066
"bivt",1e-04,50000,"0.05",TRUE,9.71257154978915e-05,-9.32220817208043e-05,2.46505390328285e-05,-2.07469052557413e-05,7.2475176465063e-05,0.267172348220423
"bivt",1e-04,50000,"0.1",TRUE,9.45225867883857e-05,-9.14985827678703e-05,2.20474103233227e-05,-1.90234063028073e-05,7.2475176465063e-05,0.267172348220423
"bivt",1e-04,50000,"0.01",TRUE,0.000102380209881343,-9.62705205384526e-05,2.99050334162799e-05,-2.37953440733896e-05,7.2475176465063e-05,0.267172348220423
"bivt",1e-04,50000,"0.05",TRUE,0.000107187479291649,-0.000103774564945987,2.30834258754191e-05,-1.96705115297567e-05,8.41040534162302e-05,0.255964387446621
"bivt",1e-04,50000,"0.1",TRUE,0.00010483369723086,-0.000101323608849363,2.07296438146303e-05,-1.72195554331329e-05,8.41040534162302e-05,0.255964387446621
"bivt",1e-04,50000,"0.01",TRUE,0.000111808452826067,-0.000107096563960208,2.7704399409837e-05,-2.29925105439777e-05,8.41040534162302e-05,0.255964387446621
"bivt",1e-04,50000,"0.05",TRUE,8.5561996465157e-05,-8.03242803355404e-05,2.47156969512612e-05,-1.94779808216446e-05,6.08462995138958e-05,0.252346917429953
"bivt",1e-04,50000,"0.1",TRUE,8.29381547313103e-05,-7.81230916689399e-05,2.20918552174145e-05,-1.72767921550441e-05,6.08462995138958e-05,0.252346917429953
"bivt",1e-04,50000,"0.01",TRUE,9.11267061805206e-05,-8.32417857126825e-05,3.02804066666248e-05,-2.23954861987868e-05,6.08462995138958e-05,0.252346917429953
"bivt",1e-04,50000,"0.05",TRUE,5.62542704580221e-05,-5.07437020774786e-05,2.44801633220443e-05,-1.89695949415008e-05,3.17741071359778e-05,0.260241632517503
"bivt",1e-04,50000,"0.1",TRUE,5.3227352095949e-05,-4.9105443620289e-05,2.14532449599712e-05,-1.73313364843112e-05,3.17741071359778e-05,0.260241632517503
"bivt",1e-04,50000,"0.01",TRUE,6.25941014001514e-05,-5.34530719949311e-05,3.08199942641736e-05,-2.16789648589533e-05,3.17741071359778e-05,0.260241632517503
"bivt",1e-04,50000,"0.05",TRUE,0.00013825214643423,-0.000132551526754872,2.50759006400816e-05,-1.93752809607235e-05,0.000113176245794148,0.257883164382391
"bivt",1e-04,50000,"0.1",TRUE,0.000135250957239719,-0.000130742995885022,2.20747114455705e-05,-1.75667500908734e-05,0.000113176245794148,0.257883164382391
"bivt",1e-04,50000,"0.01",TRUE,0.000144035291883243,-0.000136600891262671,3.08590460890948e-05,-2.34246454685231e-05,0.000113176245794148,0.257883164382391
"bivt",1e-04,50000,"0.05",TRUE,8.63386514501505e-05,-8.02047465533998e-05,2.54923519362547e-05,-1.9358447039504e-05,6.08462995138958e-05,0.257869528530196
"bivt",1e-04,50000,"0.1",TRUE,8.31267631085849e-05,-7.86252416108907e-05,2.22804635946891e-05,-1.77789420969949e-05,6.08462995138958e-05,0.257869528530196
"bivt",1e-04,50000,"0.01",TRUE,9.38943260934491e-05,-8.36670152130458e-05,3.30480265795533e-05,-2.282071569915e-05,6.08462995138958e-05,0.257869528530196
"bivt",1e-04,50000,"0.05",TRUE,7.76327223104968e-05,-7.36171185966002e-05,2.26008612721846e-05,-1.8585257558288e-05,5.50318610383122e-05,0.270174322334766
"bivt",1e-04,50000,"0.1",TRUE,7.41906813210025e-05,-7.14144201746715e-05,1.91588202826903e-05,-1.63825591363593e-05,5.50318610383122e-05,0.270174322334766
"bivt",1e-04,50000,"0.01",TRUE,8.30087099207959e-05,-7.70655290080789e-05,2.79768488824837e-05,-2.20336679697667e-05,5.50318610383122e-05,0.270174322334766
"bivt",1e-04,50000,"0.05",TRUE,8.84797551449125e-05,-8.41504363681012e-05,2.14084081959692e-05,-1.70790894191579e-05,6.70713469489433e-05,0.288399325037654
"bivt",1e-04,50000,"0.1",TRUE,8.61210727264038e-05,-8.24087484798594e-05,1.90497257774605e-05,-1.53374015309161e-05,6.70713469489433e-05,0.288399325037654
"bivt",1e-04,50000,"0.01",TRUE,9.37738767879628e-05,-8.73804813775887e-05,2.67025298390195e-05,-2.03091344286454e-05,6.70713469489433e-05,0.288399325037654
"bivt",1e-04,50000,"0.05",TRUE,9.65297377991634e-05,-8.95286889074428e-05,2.9868999809684e-05,-2.28679509179635e-05,6.66607379894794e-05,0.237110642947501
"bivt",1e-04,50000,"0.1",TRUE,9.2275727190693e-05,-8.75070815224696e-05,2.56149892012136e-05,-2.08463435329902e-05,6.66607379894794e-05,0.237110642947501
"bivt",1e-04,50000,"0.01",TRUE,0.000103195292053523,-9.4560087005638e-05,3.65345540640434e-05,-2.78993490161586e-05,6.66607379894794e-05,0.237110642947501
"bivt",1e-04,50000,"0.05",TRUE,7.89229556468213e-05,-7.52616544980718e-05,2.38910946085091e-05,-2.02297934597596e-05,5.50318610383122e-05,0.252460262318608
"bivt",1e-04,50000,"0.1",TRUE,7.61042002179547e-05,-7.39722510199101e-05,2.10723391796425e-05,-1.89403899815979e-05,5.50318610383122e-05,0.252460262318608
"bivt",1e-04,50000,"0.01",TRUE,8.599039373786e-05,-7.81055422491277e-05,3.09585326995477e-05,-2.30736812108155e-05,5.50318610383122e-05,0.252460262318608
"bivt",1e-04,50000,"0.05",TRUE,0.000106099775857452,-9.85635457057895e-05,2.78101609168058e-05,-2.02739307651429e-05,7.82896149406466e-05,0.27325561072243
"bivt",1e-04,50000,"0.1",TRUE,0.000103070515863597,-9.7046624114736e-05,2.47809009229502e-05,-1.87570091740894e-05,7.82896149406466e-05,0.27325561072243
"bivt",1e-04,50000,"0.01",TRUE,0.000113040904015089,-0.000101869206567265,3.47512890744421e-05,-2.35795916266184e-05,7.82896149406466e-05,0.27325561072243
"bivt",1e-04,50000,"0.05",TRUE,0.00010302669892494,-9.78481861259708e-05,2.47370839842932e-05,-1.95585711853242e-05,7.82896149406466e-05,0.252128611920064
"bivt",1e-04,50000,"0.1",TRUE,9.94511736460631e-05,-9.53408141305089e-05,2.11615587054165e-05,-1.70511991898623e-05,7.82896149406466e-05,0.252128611920064
"bivt",1e-04,50000,"0.01",TRUE,0.000107787964850427,-0.000101609653589643,2.94983499097808e-05,-2.33200386489966e-05,7.82896149406466e-05,0.252128611920064
"bivt",1e-04,50000,"0.05",TRUE,0.00011897797443449,-0.000114478055442937,2.32450440670925e-05,-1.87451250755393e-05,9.57329303673974e-05,0.262303357434554
"bivt",1e-04,50000,"0.1",TRUE,0.000115545045013047,-0.000112533257594111,1.98121146456496e-05,-1.6800327226714e-05,9.57329303673974e-05,0.262303357434554
"bivt",1e-04,50000,"0.01",TRUE,0.000123734962601467,-0.000116995394332383,2.80020322340701e-05,-2.12624639649856e-05,9.57329303673974e-05,0.262303357434554
"bivt",1e-04,50000,"0.05",TRUE,6.89143704409727e-05,-6.39005089277841e-05,2.55113863538277e-05,-2.04975248406391e-05,4.3402984087145e-05,0.256411886430928
"bivt",1e-04,50000,"0.1",TRUE,6.56581000593397e-05,-6.19050060856989e-05,2.22551159721947e-05,-1.85020219985539e-05,4.3402984087145e-05,0.256411886430928
"bivt",1e-04,50000,"0.01",TRUE,7.45870236220025e-05,-6.69097276966132e-05,3.11840395348575e-05,-2.35067436094682e-05,4.3402984087145e-05,0.256411886430928
"bivt",1e-04,50000,"0.05",TRUE,6.65231970400316e-05,-6.20947899064576e-05,2.27096039934226e-05,-1.82811968598487e-05,4.38135930466089e-05,0.277726624744357
"bivt",1e-04,50000,"0.1",TRUE,6.42826220923691e-05,-6.06694366717697e-05,2.04690290457602e-05,-1.68558436251608e-05,4.38135930466089e-05,0.277726624744357
"bivt",1e-04,50000,"0.01",TRUE,7.3029090204698e-05,-6.60030123003907e-05,2.92154971580891e-05,-2.21894192537817e-05,4.38135930466089e-05,0.277726624744357
"bivt",1e-04,50000,"0.05",TRUE,0.000116122553757487,-0.000107664429996522,3.20185003412569e-05,-2.35603765802923e-05,8.41040534162302e-05,0.255087900286063
"bivt",1e-04,50000,"0.1",TRUE,0.000111589187965746,-0.000105602900694662,2.7485134549516e-05,-2.14988472784323e-05,8.41040534162302e-05,0.255087900286063
"bivt",1e-04,50000,"0.01",TRUE,0.0001241011854473,-0.000111133245449924,3.99971320310702e-05,-2.70291920336938e-05,8.41040534162302e-05,0.255087900286063
"bivt",1e-04,50000,"0.05",TRUE,7.43559233524464e-05,-6.96719587242522e-05,2.51385007897178e-05,-2.04545361615236e-05,4.92174225627286e-05,0.255789722943193
"bivt",1e-04,50000,"0.1",TRUE,7.21600842589371e-05,-6.80112593157437e-05,2.29426616962085e-05,-1.87938367530151e-05,4.92174225627286e-05,0.255789722943193
"bivt",1e-04,50000,"0.01",TRUE,8.05799880734742e-05,-7.40064979027746e-05,3.13625655107456e-05,-2.4789075340046e-05,4.92174225627286e-05,0.255789722943193
"bivt",1e-04,50000,"0.05",TRUE,8.62052105572883e-05,-8.08510706661609e-05,2.53589110433925e-05,-2.00047711522651e-05,6.08462995138958e-05,0.262066088308766
"bivt",1e-04,50000,"0.1",TRUE,8.24597724822359e-05,-7.91715104306179e-05,2.16134729683401e-05,-1.83252109167221e-05,6.08462995138958e-05,0.262066088308766
"bivt",1e-04,50000,"0.01",TRUE,9.2172609303474e-05,-8.41174609495736e-05,3.13263097895782e-05,-2.32711614356778e-05,6.08462995138958e-05,0.262066088308766
"bivt",1e-04,50000,"0.05",TRUE,7.89532681710912e-05,-7.49685938893196e-05,2.3921407132779e-05,-1.99367328510074e-05,5.50318610383122e-05,0.254819429134716
"bivt",1e-04,50000,"0.1",TRUE,7.56175973092164e-05,-7.26219395357207e-05,2.05857362709042e-05,-1.75900784974085e-05,5.50318610383122e-05,0.254819429134716
"bivt",1e-04,50000,"0.01",TRUE,8.413009322902e-05,-7.93206363684987e-05,2.90982321907078e-05,-2.42887753301865e-05,5.50318610383122e-05,0.254819429134716
"bivt",1e-04,50000,"0.05",TRUE,0.000120902117729283,-0.000113796655480871,2.47585784024213e-05,-1.765311615401e-05,9.61435393268613e-05,0.275801262313725
"bivt",1e-04,50000,"0.1",TRUE,0.000117721483048741,-0.000111552871132868,2.15779437218801e-05,-1.54093318060065e-05,9.61435393268613e-05,0.275801262313725
"bivt",1e-04,50000,"0.01",TRUE,0.000126107726735984,-0.000116098083230994,2.9964187409123e-05,-1.99545439041325e-05,9.61435393268613e-05,0.275801262313725
"bivt",1e-04,50000,"0.05",TRUE,7.57068409447046e-05,-7.2619598275237e-05,2.06749799063924e-05,-1.75877372369248e-05,5.50318610383122e-05,0.276255958277577
"bivt",1e-04,50000,"0.1",TRUE,7.34207528874553e-05,-7.03671640564094e-05,1.83888918491431e-05,-1.53353030180972e-05,5.50318610383122e-05,0.276255958277577
"bivt",1e-04,50000,"0.01",TRUE,8.1994281425439e-05,-7.66636572790842e-05,2.69624203871268e-05,-2.1631796240772e-05,5.50318610383122e-05,0.276255958277577
"bivt",1e-04,50000,"0.05",TRUE,9.95759766396493e-05,-9.55295857811256e-05,2.12863616990027e-05,-1.72399708404791e-05,7.82896149406466e-05,0.270351626184968
"bivt",1e-04,50000,"0.1",TRUE,9.61856823481085e-05,-9.41121799838905e-05,1.78960674074619e-05,-1.58225650432439e-05,7.82896149406466e-05,0.270351626184968
"bivt",1e-04,50000,"0.01",TRUE,0.000104443261773166,-9.8766372162738e-05,2.6153646832519e-05,-2.04767572220914e-05,7.82896149406466e-05,0.270351626184968
"bivt",1e-04,50000,"0.05",TRUE,0.000110267578514741,-0.000105458443883266,2.61635250985109e-05,-2.13543904670358e-05,8.41040534162302e-05,0.254595886970972
"bivt",1e-04,50000,"0.1",TRUE,0.000106546403302362,-0.000102923667387828,2.24423498861317e-05,-1.88196139715976e-05,8.41040534162302e-05,0.254595886970972
"bivt",1e-04,50000,"0.01",TRUE,0.000117593709558233,-0.000108985780606869,3.34896561420032e-05,-2.4881727190639e-05,8.41040534162302e-05,0.254595886970972
"bivt",1e-04,50000,"0.05",TRUE,4.37276229595954e-05,-3.98256511657993e-05,2.31717838153209e-05,-1.92698120215248e-05,2.05558391442745e-05,0.263181344129749
"bivt",1e-04,50000,"0.1",TRUE,4.14030120166257e-05,-3.81841267821714e-05,2.08471728723512e-05,-1.76282876378968e-05,2.05558391442745e-05,0.263181344129749
"bivt",1e-04,50000,"0.01",TRUE,4.88615946540159e-05,-4.36260145691617e-05,2.83057555097414e-05,-2.30701754248871e-05,2.05558391442745e-05,0.263181344129749
"bivt",1e-04,50000,"0.05",TRUE,9.90665876645295e-05,-9.20425287124574e-05,2.65914111994665e-05,-1.95673522473944e-05,7.2475176465063e-05,0.262347863099183
"bivt",1e-04,50000,"0.1",TRUE,9.53020397807789e-05,-9.01352758425438e-05,2.28268633157159e-05,-1.76600993774808e-05,7.2475176465063e-05,0.262347863099183
"bivt",1e-04,50000,"0.01",TRUE,0.000103584611588387,-9.73298845467527e-05,3.11094351233243e-05,-2.48547080816897e-05,7.2475176465063e-05,0.262347863099183
"bivt",1e-04,50000,"0.05",TRUE,7.20817627001499e-05,-6.77680110974186e-05,2.28643401374212e-05,-1.855058853469e-05,4.92174225627286e-05,0.273627218754692
"bivt",1e-04,50000,"0.1",TRUE,6.92512854496262e-05,-6.5725714170428e-05,2.00338628868976e-05,-1.65082916076994e-05,4.92174225627286e-05,0.273627218754692
"bivt",1e-04,50000,"0.01",TRUE,7.89166574078337e-05,-7.15503189931655e-05,2.96992348451051e-05,-2.23328964304368e-05,4.92174225627286e-05,0.273627218754692
"bivt",1e-04,50000,"0.05",TRUE,0.000149643700809114,-0.000146303502887742,2.48385780637986e-05,-2.14983801424267e-05,0.000124805122745315,0.242839156426994
"bivt",1e-04,50000,"0.1",TRUE,0.000147334523383089,-0.000144009447121198,2.25294006377737e-05,-1.92043243758827e-05,0.000124805122745315,0.242839156426994
"bivt",1e-04,50000,"0.01",TRUE,0.000154628275255167,-0.000148660486698422,2.98231525098521e-05,-2.38553639531071e-05,0.000124805122745315,0.242839156426994
"bivt",1e-04,50000,"0.05",TRUE,7.42292894451796e-05,-6.96376261666871e-05,2.5011866882451e-05,-2.04202036039585e-05,4.92174225627286e-05,0.26331959685352
"bivt",1e-04,50000,"0.1",TRUE,7.12094138156475e-05,-6.75345455876501e-05,2.19919912529188e-05,-1.83171230249215e-05,4.92174225627286e-05,0.26331959685352
"bivt",1e-04,50000,"0.01",TRUE,8.1921477660161e-05,-7.38826088536351e-05,3.27040550974324e-05,-2.46651862909065e-05,4.92174225627286e-05,0.26331959685352
"bivt",1e-04,50000,"0.05",TRUE,8.6334450046716e-05,-8.22008281109136e-05,2.54881505328202e-05,-2.13545285970178e-05,6.08462995138958e-05,0.251297975591788
"bivt",1e-04,50000,"0.1",TRUE,8.37663173675013e-05,-8.01758774939474e-05,2.29200178536055e-05,-1.93295779800516e-05,6.08462995138958e-05,0.251297975591788
"bivt",1e-04,50000,"0.01",TRUE,9.17728010918983e-05,-8.59525735758645e-05,3.09265015780025e-05,-2.51062740619686e-05,6.08462995138958e-05,0.251297975591788
"bivt",1e-04,50000,"0.05",TRUE,8.60153110404708e-05,-7.90350335259922e-05,2.4758402567111e-05,-1.77781250526325e-05,6.12569084733597e-05,0.284311319503158
"bivt",1e-04,50000,"0.1",TRUE,8.26787173489336e-05,-7.76459885485037e-05,2.14218088755739e-05,-1.63890800751439e-05,6.12569084733597e-05,0.284311319503158
"bivt",1e-04,50000,"0.01",TRUE,9.23048808449281e-05,-8.34996199910357e-05,3.10479723715684e-05,-2.2242711517676e-05,6.12569084733597e-05,0.284311319503158
"bivt",1e-04,50000,"0.05",TRUE,7.36455849400364e-05,-6.88324260620404e-05,2.40175534178439e-05,-1.92043945398479e-05,4.96280315221925e-05,0.279203086289167
"bivt",1e-04,50000,"0.1",TRUE,7.08659852801236e-05,-6.69545052335302e-05,2.1237953757931e-05,-1.73264737113377e-05,4.96280315221925e-05,0.279203086289167
"bivt",1e-04,50000,"0.01",TRUE,7.80898148392698e-05,-7.18409078853766e-05,2.84617833170773e-05,-2.22128763631841e-05,4.96280315221925e-05,0.279203086289167
"bivt",1e-04,50000,"0.05",TRUE,8.41210962783772e-05,-7.97977375048116e-05,2.32747967644814e-05,-1.89514379909158e-05,6.08462995138958e-05,0.270251225478105
"bivt",1e-04,50000,"0.1",TRUE,8.09020012606823e-05,-7.81626488387626e-05,2.00557017467865e-05,-1.73163493248668e-05,6.08462995138958e-05,0.270251225478105
"bivt",1e-04,50000,"0.01",TRUE,9.13323236230232e-05,-8.23493489900274e-05,3.04860241091274e-05,-2.15030494761316e-05,6.08462995138958e-05,0.270251225478105
"bivt",1e-04,50000,"0.05",TRUE,5.97351452329358e-05,-5.55493356530127e-05,2.17359906619105e-05,-1.75501810819874e-05,3.79991545710253e-05,0.291488451335766
"bivt",1e-04,50000,"0.1",TRUE,5.74476213500099e-05,-5.3524521354266e-05,1.94484667789845e-05,-1.55253667832407e-05,3.79991545710253e-05,0.291488451335766
"bivt",1e-04,50000,"0.01",TRUE,6.5731864655892e-05,-5.88227227176151e-05,2.77327100848666e-05,-2.08235681465898e-05,3.79991545710253e-05,0.291488451335766
"bivt",1e-04,50000,"0.05",TRUE,0.00010171443762108,-9.57912922970698e-05,2.34248226804338e-05,-1.75016773564232e-05,7.82896149406466e-05,0.259207984309333
"bivt",1e-04,50000,"0.1",TRUE,9.87851431850684e-05,-9.42546072980575e-05,2.04955282444218e-05,-1.59649923574109e-05,7.82896149406466e-05,0.259207984309333
"bivt",1e-04,50000,"0.01",TRUE,0.000106508634504607,-9.8590511070754e-05,2.82190195639608e-05,-2.03008961301074e-05,7.82896149406466e-05,0.259207984309333
"bivt",1e-04,50000,"0.05",TRUE,7.18082638352115e-05,-6.73875642739292e-05,2.25908412724829e-05,-1.81701417112005e-05,4.92174225627286e-05,0.293266504006313
"bivt",1e-04,50000,"0.1",TRUE,6.95768342414678e-05,-6.53189560663381e-05,2.03594116787392e-05,-1.61015335036095e-05,4.92174225627286e-05,0.293266504006313
"bivt",1e-04,50000,"0.01",TRUE,7.6245990208092e-05,-6.99923537944339e-05,2.70285676453634e-05,-2.07749312317052e-05,4.92174225627286e-05,0.293266504006313
"bivt",1e-04,50000,"0.05",TRUE,0.000101040066625487,-9.66979640740956e-05,2.27504516848407e-05,-1.8408349133449e-05,7.82896149406466e-05,0.260886903263264
"bivt",1e-04,50000,"0.1",TRUE,9.80828220796459e-05,-9.51219090570694e-05,1.97932071389993e-05,-1.68322941164228e-05,7.82896149406466e-05,0.260886903263264
"bivt",1e-04,50000,"0.01",TRUE,0.000109347724869646,-9.98463373515356e-05,3.10581099289997e-05,-2.1556722410889e-05,7.82896149406466e-05,0.260886903263264
"bivt",1e-04,50000,"0.05",TRUE,9.93113763532083e-05,-9.39621357163695e-05,2.68361998881453e-05,-2.14869592513064e-05,7.2475176465063e-05,0.25168191169891
"bivt",1e-04,50000,"0.1",TRUE,9.60275142969428e-05,-9.17940562392682e-05,2.35523378318798e-05,-1.93188797742052e-05,7.2475176465063e-05,0.25168191169891
"bivt",1e-04,50000,"0.01",TRUE,0.000107443908310332,-9.7942644587531e-05,3.4968731845269e-05,-2.5467468122468e-05,7.2475176465063e-05,0.25168191169891
"bivt",1e-04,50000,"0.05",TRUE,6.53708967703445e-05,-5.8192669392597e-05,2.77823511587831e-05,-2.06041237810356e-05,3.75885456115614e-05,0.245211212721757
"bivt",1e-04,50000,"0.1",TRUE,6.23957435779688e-05,-5.63646834292942e-05,2.48071979664073e-05,-1.87761378177327e-05,3.75885456115614e-05,0.245211212721757
"bivt",1e-04,50000,"0.01",TRUE,7.07360928965197e-05,-6.32545509024378e-05,3.31475472849583e-05,-2.56660052908763e-05,3.75885456115614e-05,0.245211212721757
"bivt",1e-04,50000,"0.05",TRUE,7.96325253961468e-05,-7.60127570185279e-05,2.41900553983707e-05,-2.05702870207517e-05,5.54424699977761e-05,0.266292490775823
"bivt",1e-04,50000,"0.1",TRUE,7.7012343893466e-05,-7.37404826150088e-05,2.15698738956899e-05,-1.82980126172327e-05,5.54424699977761e-05,0.266292490775823
"bivt",1e-04,50000,"0.01",TRUE,8.71970240900493e-05,-7.95256905000914e-05,3.17545540922732e-05,-2.40832205023153e-05,5.54424699977761e-05,0.266292490775823
"bivt",1e-04,50000,"0.05",TRUE,0.000156107332168566,-0.000149848770023033,2.54877709476668e-05,-1.92292088021338e-05,0.000130619561220899,0.240665503258091
"bivt",1e-04,50000,"0.1",TRUE,0.000153307761116181,-0.000148102650724663,2.26881998952816e-05,-1.7483089503764e-05,0.000130619561220899,0.240665503258091
"bivt",1e-04,50000,"0.01",TRUE,0.000163597398659113,-0.000153907957872006,3.29778374382139e-05,-2.32883966511073e-05,0.000130619561220899,0.240665503258091
"bivt",1e-04,50000,"0.05",TRUE,5.69364756977613e-05,-5.03603010543886e-05,2.51623685617834e-05,-1.85861939184108e-05,3.17741071359778e-05,0.283491010157636
"bivt",1e-04,50000,"0.1",TRUE,5.29833122319194e-05,-4.87912985937297e-05,2.12092050959416e-05,-1.70171914577519e-05,3.17741071359778e-05,0.283491010157636
"bivt",1e-04,50000,"0.01",TRUE,6.37659117194213e-05,-5.48960283158471e-05,3.19918045834435e-05,-2.31219211798693e-05,3.17741071359778e-05,0.283491010157636
"bivt",1e-04,50000,"0.05",TRUE,0.000114960701966311,-0.000109636936675937,2.50422100744973e-05,-1.97184447841228e-05,8.99184918918138e-05,0.251906309626219
"bivt",1e-04,50000,"0.1",TRUE,0.000112427700921359,-0.000107801308611831,2.25092090295454e-05,-1.78828167200169e-05,8.99184918918138e-05,0.251906309626219
"bivt",1e-04,50000,"0.01",TRUE,0.000120795849449592,-0.000114442783482413,3.08773575577782e-05,-2.45242915905991e-05,8.99184918918138e-05,0.251906309626219
"bivt",1e-04,50000,"0.05",TRUE,9.51420186641935e-05,-8.98613818567475e-05,2.22562332396666e-05,-1.69755964322206e-05,7.28857854245269e-05,0.281143424930172
"bivt",1e-04,50000,"0.1",TRUE,9.25373125581388e-05,-8.86886858834904e-05,1.96515271336119e-05,-1.58029004589635e-05,7.28857854245269e-05,0.281143424930172
"bivt",1e-04,50000,"0.01",TRUE,0.000100190945299553,-9.22492862632725e-05,2.73051598750263e-05,-1.93635008387456e-05,7.28857854245269e-05,0.281143424930172
"bivt",1e-04,50000,"0.05",TRUE,5.78763779969383e-05,-5.40907762951114e-05,1.98772234259129e-05,-1.6091621724086e-05,3.79991545710253e-05,0.287551827005865
"bivt",1e-04,50000,"0.1",TRUE,5.61287963211801e-05,-5.2907700958097e-05,1.81296417501547e-05,-1.49085463870716e-05,3.79991545710253e-05,0.287551827005865
"bivt",1e-04,50000,"0.01",TRUE,6.35637013205789e-05,-5.60282778972333e-05,2.55645467495535e-05,-1.8029123326208e-05,3.79991545710253e-05,0.287551827005865
"bivt",1e-04,50000,"0.05",TRUE,5.6869902630219e-05,-5.45657451237608e-05,1.88707480591937e-05,-1.65665905527355e-05,3.79991545710253e-05,0.295352061718392
"bivt",1e-04,50000,"0.1",TRUE,5.5372225108197e-05,-5.32930932634352e-05,1.73730705371717e-05,-1.52939386924099e-05,3.79991545710253e-05,0.295352061718392
"bivt",1e-04,50000,"0.01",TRUE,6.11824750650079e-05,-5.75114577454701e-05,2.31833204939826e-05,-1.95123031744448e-05,3.79991545710253e-05,0.295352061718392
"bivt",1e-04,50000,"0.05",TRUE,0.000104236937663432,-9.80224091120348e-05,2.59473227227852e-05,-1.97327941713882e-05,7.82896149406466e-05,0.255829875045057
"bivt",1e-04,50000,"0.1",TRUE,0.000101275913719913,-9.65412905067584e-05,2.29862987792659e-05,-1.82516755661118e-05,7.82896149406466e-05,0.255829875045057
"bivt",1e-04,50000,"0.01",TRUE,0.000113907905185355,-0.000101050317001748,3.56182902447082e-05,-2.27607020611012e-05,7.82896149406466e-05,0.255829875045057
"bivt",1e-04,50000,"0.05",FALSE,4.16668312860205e-05,-3.7110378614915e-05,2.11109921417459e-05,-1.65545394706405e-05,2.05558391442745e-05,0.2998902942566
"bivt",1e-04,50000,"0.1",FALSE,3.91017251853308e-05,-3.58631054718364e-05,1.85458860410563e-05,-1.53072663275618e-05,2.05558391442745e-05,0.2998902942566
"bivt",1e-04,50000,"0.01",FALSE,4.60266824254706e-05,-4.02285046164338e-05,2.54708432811961e-05,-1.96726654721592e-05,2.05558391442745e-05,0.2998902942566
"bivt",1e-04,50000,"0.05",TRUE,7.86695080393449e-05,-7.40277411508192e-05,2.32270380415687e-05,-1.8585271153043e-05,5.54424699977761e-05,0.274057485461538
"bivt",1e-04,50000,"0.1",TRUE,7.577253852997e-05,-7.20991688361196e-05,2.03300685321939e-05,-1.66566988383434e-05,5.54424699977761e-05,0.274057485461538
"bivt",1e-04,50000,"0.01",TRUE,8.62537670168716e-05,-7.80979786735474e-05,3.08112970190955e-05,-2.26555086757713e-05,5.54424699977761e-05,0.274057485461538
"bivt",1e-04,50000,"0.05",TRUE,0.000112697931855502,-0.000109769909432191,2.27794399636882e-05,-1.98514175403772e-05,8.99184918918138e-05,0.256462907715844
"bivt",1e-04,50000,"0.1",TRUE,0.000110073636877762,-0.000107839944207631,2.01551449859486e-05,-1.79214523158169e-05,8.99184918918138e-05,0.256462907715844
"bivt",1e-04,50000,"0.01",TRUE,0.000117587024577845,-0.000112740022421662,2.76685326860308e-05,-2.28215305298481e-05,8.99184918918138e-05,0.256462907715844
"bivt",1e-04,50000,"0.05",FALSE,5.48848184330802e-05,-4.93230437384027e-05,2.27001023376384e-05,-1.71383276429609e-05,3.21847160954418e-05,0.307917633902858
"bivt",1e-04,50000,"0.1",FALSE,5.26979673697228e-05,-4.81034552771143e-05,2.0513251274281e-05,-1.59187391816725e-05,3.21847160954418e-05,0.307917633902858
"bivt",1e-04,50000,"0.01",FALSE,6.01971038050077e-05,-5.22525706655329e-05,2.80123877095659e-05,-2.00678545700912e-05,3.21847160954418e-05,0.307917633902858
"bivt",1e-04,50000,"0.05",TRUE,4.94386919808318e-05,-4.5096798225977e-05,2.30684143609736e-05,-1.87265206061189e-05,2.63702776198581e-05,0.271371512122375
"bivt",1e-04,50000,"0.1",TRUE,4.64774022721223e-05,-4.30924352845427e-05,2.01071246522641e-05,-1.67221576646846e-05,2.63702776198581e-05,0.271371512122375
"bivt",1e-04,50000,"0.01",TRUE,5.54987175694258e-05,-4.8744512495888e-05,2.91284399495676e-05,-2.23742348760299e-05,2.63702776198581e-05,0.271371512122375
"bivt",1e-04,50000,"0.05",TRUE,8.58609536570613e-05,-8.20124264067415e-05,2.50146541431655e-05,-2.11661268928457e-05,6.08462995138958e-05,0.249771727429913
"bivt",1e-04,50000,"0.1",TRUE,8.2808674517531e-05,-8.0532959815142e-05,2.19623750036352e-05,-1.96866603012462e-05,6.08462995138958e-05,0.249771727429913
"bivt",1e-04,50000,"0.01",TRUE,9.44023062972173e-05,-8.59070912435593e-05,3.35560067833215e-05,-2.50607917296635e-05,6.08462995138958e-05,0.249771727429913
"bivt",1e-04,50000,"0.05",TRUE,8.67836148451396e-05,-8.22354615296063e-05,2.59373153312438e-05,-2.13891620157105e-05,6.08462995138958e-05,0.257947700190901
"bivt",1e-04,50000,"0.1",TRUE,8.32808330989771e-05,-8.04330833478178e-05,2.24345335850813e-05,-1.9586783833922e-05,6.08462995138958e-05,0.257947700190901
"bivt",1e-04,50000,"0.01",TRUE,9.35585476848495e-05,-8.41694646621196e-05,3.27122481709537e-05,-2.33231651482238e-05,6.08462995138958e-05,0.257947700190901
"bivt",1e-04,50000,"0.05",TRUE,0.000101393914020462,-9.6415739467224e-05,2.3104299079815e-05,-1.81261245265774e-05,7.82896149406466e-05,0.265444765501576
"bivt",1e-04,50000,"0.1",TRUE,9.79272296504536e-05,-9.50729893184254e-05,1.9637614709807e-05,-1.67833743777788e-05,7.82896149406466e-05,0.265444765501576
"bivt",1e-04,50000,"0.01",TRUE,0.000105100608373367,-9.8524408448036e-05,2.681099343272e-05,-2.02347935073894e-05,7.82896149406466e-05,0.265444765501576
"bivt",1e-04,50000,"0.05",TRUE,5.99198731338428e-05,-5.58776617090032e-05,2.23313275222813e-05,-1.82891160974417e-05,3.75885456115614e-05,0.278197165111221
"bivt",1e-04,50000,"0.1",TRUE,5.77665300242258e-05,-5.41251631743328e-05,2.01779844126644e-05,-1.65366175627714e-05,3.75885456115614e-05,0.278197165111221
"bivt",1e-04,50000,"0.01",TRUE,6.54022470427703e-05,-5.94434809013432e-05,2.78137014312088e-05,-2.18549352897818e-05,3.75885456115614e-05,0.278197165111221
"bivt",1e-04,50000,"0.05",TRUE,0.000123930907210547,-0.000119333666181247,2.23835383675665e-05,-1.77862973382664e-05,0.000101547368842981,0.265560604593194
"bivt",1e-04,50000,"0.1",TRUE,0.000121463555471524,-0.000117555541600702,1.99161866285428e-05,-1.6008172757721e-05,0.000101547368842981,0.265560604593194
"bivt",1e-04,50000,"0.01",TRUE,0.000129300981373066,-0.000123469452169573,2.77536125300847e-05,-2.19220833265923e-05,0.000101547368842981,0.265560604593194
"bivt",1e-04,50000,"0.05",TRUE,7.04203831351229e-05,-6.62581430119937e-05,2.12029605723942e-05,-1.70407204492651e-05,4.92174225627286e-05,0.259526827923438
"bivt",1e-04,50000,"0.1",TRUE,6.82002164728954e-05,-6.49442077377636e-05,1.89827939101667e-05,-1.5726785175035e-05,4.92174225627286e-05,0.259526827923438
"bivt",1e-04,50000,"0.01",TRUE,7.50124616346136e-05,-6.89981186197286e-05,2.5795039071885e-05,-1.9780696057e-05,4.92174225627286e-05,0.259526827923438
"bivt",1e-04,50000,"0.05",TRUE,0.000126088919245135,-0.000121222398449514,2.45415504021537e-05,-1.96750296065333e-05,0.000101547368842981,0.26277772708061
"bivt",1e-04,50000,"0.1",TRUE,0.000122556285126078,-0.000118304747909864,2.1008916283097e-05,-1.67573790668827e-05,0.000101547368842981,0.26277772708061
"bivt",1e-04,50000,"0.01",TRUE,0.000130698180235057,-0.000124239006676096,2.91508113920764e-05,-2.26916378331153e-05,0.000101547368842981,0.26277772708061
"bivt",1e-04,50000,"0.05",TRUE,7.86962678230203e-05,-7.38573058163608e-05,2.32537978252442e-05,-1.84148358185846e-05,5.54424699977761e-05,0.275974523207428
"bivt",1e-04,50000,"0.1",TRUE,7.51474847787024e-05,-7.21927972883708e-05,1.97050147809263e-05,-1.67503272905947e-05,5.54424699977761e-05,0.275974523207428
"bivt",1e-04,50000,"0.01",TRUE,8.41676549611765e-05,-7.68667365620516e-05,2.87251849634004e-05,-2.14242665642754e-05,5.54424699977761e-05,0.275974523207428
"bivt",1e-04,50000,"0.05",TRUE,9.23828295508423e-05,-8.67750327107436e-05,2.57220915613629e-05,-2.01142947212642e-05,6.66607379894794e-05,0.268139970928734
"bivt",1e-04,50000,"0.1",TRUE,8.89908133537108e-05,-8.5289108221989e-05,2.23300753642314e-05,-1.86283702325096e-05,6.66607379894794e-05,0.268139970928734
"bivt",1e-04,50000,"0.01",TRUE,9.67968948050576e-05,-8.95144484565211e-05,3.01361568155783e-05,-2.28537104670417e-05,6.66607379894794e-05,0.268139970928734
"bivt",1e-04,50000,"0.05",TRUE,6.38497606689103e-05,-5.63890584202016e-05,2.62612150573488e-05,-1.88005128086401e-05,3.75885456115614e-05,0.285860902242042
"bivt",1e-04,50000,"0.1",TRUE,6.08523010528391e-05,-5.46709524275421e-05,2.32637554412777e-05,-1.70824068159807e-05,3.75885456115614e-05,0.285860902242042
"bivt",1e-04,50000,"0.01",TRUE,7.04009181043495e-05,-5.90204334196836e-05,3.28123724927881e-05,-2.14318878081221e-05,3.75885456115614e-05,0.285860902242042
"bivt",1e-04,50000,"0.05",TRUE,8.19856200860171e-05,-7.64725311348867e-05,2.69537590477049e-05,-2.14406700965745e-05,5.50318610383122e-05,0.250192692389567
"bivt",1e-04,50000,"0.1",TRUE,7.72379270845506e-05,-7.4038120712018e-05,2.22060660462384e-05,-1.90062596737058e-05,5.50318610383122e-05,0.250192692389567
"bivt",1e-04,50000,"0.01",TRUE,8.91312162142716e-05,-8.02061825745467e-05,3.40993551759594e-05,-2.51743215362345e-05,5.50318610383122e-05,0.250192692389567
"bivt",1e-04,50000,"0.05",FALSE,5.18625057251112e-05,-4.84501318002982e-05,1.96777896296695e-05,-1.62654157048564e-05,3.21847160954418e-05,0.331541231578889
"bivt",1e-04,50000,"0.1",FALSE,4.95594423617567e-05,-4.65166236026497e-05,1.7374726266315e-05,-1.4331907507208e-05,3.21847160954418e-05,0.331541231578889
"bivt",1e-04,50000,"0.01",FALSE,5.54608332445032e-05,-5.11125436457059e-05,2.32761171490615e-05,-1.89278275502642e-05,3.21847160954418e-05,0.331541231578889
"bivt",1e-04,50000,"0.05",TRUE,0.000131968109488127,-0.000125632705678973,2.46063021695625e-05,-1.82708983604085e-05,0.000107361807318565,0.251543408893535
"bivt",1e-04,50000,"0.1",TRUE,0.000127602381258752,-0.000124053176993627,2.02405739401874e-05,-1.6691369675062e-05,0.000107361807318565,0.251543408893535
"bivt",1e-04,50000,"0.01",TRUE,0.000136067121615777,-0.000130043015639481,2.87053142972122e-05,-2.26812083209168e-05,0.000107361807318565,0.251543408893535
"bivt",1e-04,50000,"0.05",TRUE,0.000116698191461855,-0.000111186225258537,2.67796995700417e-05,-2.12677333667235e-05,8.99184918918138e-05,0.246467454359767
"bivt",1e-04,50000,"0.1",TRUE,0.000113901712596736,-0.000109574910874223,2.39832207049225e-05,-1.96564189824088e-05,8.99184918918138e-05,0.246467454359767
"bivt",1e-04,50000,"0.01",TRUE,0.00012229501550499,-0.000116992832454735,3.23765236131766e-05,-2.70743405629208e-05,8.99184918918138e-05,0.246467454359767
"bivt",1e-04,50000,"0.05",TRUE,9.83783465461737e-05,-9.30353569996027e-05,2.59031700811107e-05,-2.05601805345397e-05,7.2475176465063e-05,0.248379430052319
"bivt",1e-04,50000,"0.1",TRUE,9.56945738874036e-05,-9.14469840183953e-05,2.32193974223406e-05,-1.89718075533323e-05,7.2475176465063e-05,0.248379430052319
"bivt",1e-04,50000,"0.01",TRUE,0.000104603866736931,-9.63409386232557e-05,3.21286902718684e-05,-2.38657621581927e-05,7.2475176465063e-05,0.248379430052319
"bivt",1e-04,50000,"0.05",TRUE,6.60343095157061e-05,-6.17235890282406e-05,2.2631325428561e-05,-1.83206049410956e-05,4.3402984087145e-05,0.28056348063449
"bivt",1e-04,50000,"0.1",TRUE,6.25704861902824e-05,-5.99676357068784e-05,1.91675021031373e-05,-1.65646516197334e-05,4.3402984087145e-05,0.28056348063449
"bivt",1e-04,50000,"0.01",TRUE,7.31994239817273e-05,-6.47883612191963e-05,2.97964398945823e-05,-2.13853771320513e-05,4.3402984087145e-05,0.28056348063449
"bivt",1e-04,50000,"0.05",TRUE,5.14451214602249e-05,-4.63157357766792e-05,2.50748438403668e-05,-1.99454581568211e-05,2.63702776198581e-05,0.252668823907646
"bivt",1e-04,50000,"0.1",TRUE,4.77003011590925e-05,-4.48920419466466e-05,2.13300235392344e-05,-1.85217643267884e-05,2.63702776198581e-05,0.252668823907646
"bivt",1e-04,50000,"0.01",TRUE,5.75788836319106e-05,-4.88163268515532e-05,3.12086060120525e-05,-2.2446049231695e-05,2.63702776198581e-05,0.252668823907646
"bivt",1e-04,50000,"0.05",TRUE,4.9865451808139e-05,-4.37590791244842e-05,2.39057831477447e-05,-1.77994104640899e-05,2.59596686603942e-05,0.284441057224125
"bivt",1e-04,50000,"0.1",TRUE,4.63773166360084e-05,-4.20243108102899e-05,2.04176479756141e-05,-1.60646421498957e-05,2.59596686603942e-05,0.284441057224125
"bivt",1e-04,50000,"0.01",TRUE,5.44082575688886e-05,-4.62490102462885e-05,2.84485889084943e-05,-2.02893415858943e-05,2.59596686603942e-05,0.284441057224125
"bivt",1e-04,50000,"0.05",TRUE,7.87015792599019e-05,-7.49986981745477e-05,2.36697182215897e-05,-1.99668371362355e-05,5.50318610383122e-05,0.265466211055225
"bivt",1e-04,50000,"0.1",TRUE,7.56797247456871e-05,-7.31372763435428e-05,2.06478637073749e-05,-1.81054153052306e-05,5.50318610383122e-05,0.265466211055225
"bivt",1e-04,50000,"0.01",TRUE,8.60896190054591e-05,-7.8223868300085e-05,3.10577579671468e-05,-2.31920072617728e-05,5.50318610383122e-05,0.265466211055225
"bivt",1e-04,50000,"0.05",TRUE,7.73918782451036e-05,-6.93210677329146e-05,2.77638467229111e-05,-1.9693036210722e-05,4.96280315221925e-05,0.246381475095798
"bivt",1e-04,50000,"0.1",TRUE,7.21399427988031e-05,-6.75138103652772e-05,2.25119112766106e-05,-1.78857788430847e-05,4.96280315221925e-05,0.246381475095798
"bivt",1e-04,50000,"0.01",TRUE,8.21242807366296e-05,-7.3023696167893e-05,3.2496249214437e-05,-2.33956646457004e-05,4.96280315221925e-05,0.246381475095798
"bivt",1e-04,50000,"0.05",TRUE,6.61678586590478e-05,-6.11945068829495e-05,2.23542656124389e-05,-1.73809138363406e-05,4.38135930466089e-05,0.285482125758502
"bivt",1e-04,50000,"0.1",TRUE,6.30258494892641e-05,-5.91801748444801e-05,1.92122564426551e-05,-1.53665817978712e-05,4.38135930466089e-05,0.285482125758502
"bivt",1e-04,50000,"0.01",TRUE,6.89322380905892e-05,-6.4492333242445e-05,2.51186450439802e-05,-2.0678740195836e-05,4.38135930466089e-05,0.285482125758502
"bivt",1e-04,50000,"0.05",TRUE,7.12054505090567e-05,-6.72443900803811e-05,2.15774189868641e-05,-1.76163585581886e-05,4.96280315221925e-05,0.280281366406509
"bivt",1e-04,50000,"0.1",TRUE,6.83149774321475e-05,-6.58413881774726e-05,1.8686945909955e-05,-1.621335665528e-05,4.96280315221925e-05,0.280281366406509
"bivt",1e-04,50000,"0.01",TRUE,7.72712510507778e-05,-7.1257011294512e-05,2.76432195285853e-05,-2.16289797723195e-05,4.96280315221925e-05,0.280281366406509
"bivt",1e-04,50000,"0.05",TRUE,0.000135831452694,-0.000128330944516317,2.8469645375435e-05,-2.09691371977528e-05,0.000107361807318565,0.243727301910194
"bivt",1e-04,50000,"0.1",TRUE,0.000133036072866322,-0.00012657649981208,2.56742655477578e-05,-1.92146924935154e-05,0.000107361807318565,0.243727301910194
"bivt",1e-04,50000,"0.01",TRUE,0.000146692066763186,-0.000132079685294432,3.93302594446218e-05,-2.47178779758677e-05,0.000107361807318565,0.243727301910194
"bivt",1e-04,50000,"0.05",TRUE,7.52033621136358e-05,-7.22225848169272e-05,2.01715010753235e-05,-1.7190723778615e-05,5.50318610383122e-05,0.295170347292102
"bivt",1e-04,50000,"0.1",TRUE,7.31498418010705e-05,-7.05697297430106e-05,1.81179807627583e-05,-1.55378687046984e-05,5.50318610383122e-05,0.295170347292102
"bivt",1e-04,50000,"0.01",TRUE,8.08425405579481e-05,-7.52175384966649e-05,2.58106795196359e-05,-2.01856774583527e-05,5.50318610383122e-05,0.295170347292102
"bivt",1e-04,50000,"0.05",TRUE,0.000103289599089024,-9.70163374854303e-05,2.4999984148377e-05,-1.87267225447837e-05,7.82896149406466e-05,0.261413680672424
"bivt",1e-04,50000,"0.1",TRUE,0.000101014875994797,-9.51836692625695e-05,2.27252610541504e-05,-1.68940543219229e-05,7.82896149406466e-05,0.261413680672424
"bivt",1e-04,50000,"0.01",TRUE,0.000110195241326814,-0.000100941892696737,3.19056263861671e-05,-2.26522777560905e-05,7.82896149406466e-05,0.261413680672424
"bivt",1e-04,50000,"0.05",TRUE,0.000141609989866876,-0.000135103660087124,2.84337440727281e-05,-2.19274142929756e-05,0.000113176245794148,0.23832030257246
"bivt",1e-04,50000,"0.1",TRUE,0.000138710227856425,-0.000133327813119442,2.55339820622767e-05,-2.01515673252939e-05,0.000113176245794148,0.23832030257246
"bivt",1e-04,50000,"0.01",TRUE,0.000146368230257599,-0.000138984386006977,3.31919844634506e-05,-2.58081402128287e-05,0.000113176245794148,0.23832030257246
"bivt",1e-04,50000,"0.05",TRUE,8.96549914552006e-05,-8.48770621813778e-05,2.25836445062573e-05,-1.78057152324344e-05,6.70713469489433e-05,0.263552575650186
"bivt",1e-04,50000,"0.1",TRUE,8.75177976740553e-05,-8.29632155741721e-05,2.0446450725112e-05,-1.58918686252288e-05,6.70713469489433e-05,0.263552575650186
"bivt",1e-04,50000,"0.01",TRUE,9.45407059149294e-05,-8.88410711771217e-05,2.74693589659861e-05,-2.17697242281784e-05,6.70713469489433e-05,0.263552575650186
"bivt",1e-04,50000,"0.05",TRUE,6.16175451841721e-05,-5.57309181326714e-05,2.40289995726106e-05,-1.814237252111e-05,3.75885456115614e-05,0.270989085507836
"bivt",1e-04,50000,"0.1",TRUE,5.85812302538647e-05,-5.43435675934395e-05,2.09926846423033e-05,-1.67550219818781e-05,3.75885456115614e-05,0.270989085507836
"bivt",1e-04,50000,"0.01",TRUE,6.77404772908264e-05,-5.88034346894245e-05,3.01519316792649e-05,-2.1214889077863e-05,3.75885456115614e-05,0.270989085507836
"bivt",1e-04,50000,"0.05",TRUE,8.10038503131408e-05,-7.85233604964447e-05,1.97469418397811e-05,-1.7266452023085e-05,6.12569084733597e-05,0.270030010003356
"bivt",1e-04,50000,"0.1",TRUE,7.82826488718165e-05,-7.67630024128454e-05,1.70257403984568e-05,-1.55060939394857e-05,6.12569084733597e-05,0.270030010003356
"bivt",1e-04,50000,"0.01",TRUE,8.64484092141588e-05,-8.06723757435762e-05,2.5191500740799e-05,-1.94154672702164e-05,6.12569084733597e-05,0.270030010003356
"bivt",1e-04,50000,"0.05",TRUE,0.000107520467774485,-0.000103881673454797,2.34164143582549e-05,-1.97776200385669e-05,8.41040534162302e-05,0.259600199180661
"bivt",1e-04,50000,"0.1",TRUE,0.000104216053426533,-0.000101670229164463,2.01120000103028e-05,-1.75661757482327e-05,8.41040534162302e-05,0.259600199180661
"bivt",1e-04,50000,"0.01",TRUE,0.000113331375255868,-0.000106923512151606,2.92273218396377e-05,-2.28194587353761e-05,8.41040534162302e-05,0.259600199180661
"bivt",1e-04,50000,"0.05",TRUE,8.24162114629468e-05,-7.9640819125011e-05,2.1159302989587e-05,-1.83839106516513e-05,6.12569084733597e-05,0.276297053363627
"bivt",1e-04,50000,"0.1",TRUE,8.10057228662074e-05,-7.79561911312188e-05,1.97488143928476e-05,-1.6699282657859e-05,6.12569084733597e-05,0.276297053363627
"bivt",1e-04,50000,"0.01",TRUE,8.95666468264412e-05,-8.23307606605518e-05,2.83097383530815e-05,-2.10738521871921e-05,6.12569084733597e-05,0.276297053363627
"bivt",1e-04,50000,"0.05",TRUE,5.21908465441983e-05,-4.87856482110689e-05,2.00061304487565e-05,-1.66009321156271e-05,3.21847160954418e-05,0.276698802463466
"bivt",1e-04,50000,"0.1",TRUE,4.94194738710594e-05,-4.75110854385142e-05,1.72347577756177e-05,-1.53263693430725e-05,3.21847160954418e-05,0.276698802463466
"bivt",1e-04,50000,"0.01",TRUE,5.65672479060849e-05,-5.2184319420299e-05,2.43825318106432e-05,-1.99996033248572e-05,3.21847160954418e-05,0.276698802463466
"bivt",1e-04,50000,"0.05",TRUE,6.83503234563554e-05,-6.6154915051325e-05,1.87222919341629e-05,-1.65268835291325e-05,4.96280315221925e-05,0.295724724739196
"bivt",1e-04,50000,"0.1",TRUE,6.63295353740445e-05,-6.4728576648965e-05,1.6701503851852e-05,-1.51005451267725e-05,4.96280315221925e-05,0.295724724739196
"bivt",1e-04,50000,"0.01",TRUE,7.2400821666801e-05,-6.96610640373165e-05,2.27727901446084e-05,-2.0033032515124e-05,4.96280315221925e-05,0.295724724739196
"bivt",1e-04,50000,"0.05",TRUE,8.35211249605487e-05,-7.95619654625635e-05,2.2264216487189e-05,-1.83050569892038e-05,6.12569084733597e-05,0.267298133466892
"bivt",1e-04,50000,"0.1",TRUE,8.06913128135687e-05,-7.77418515253427e-05,1.9434404340209e-05,-1.6484943051983e-05,6.12569084733597e-05,0.267298133466892
"bivt",1e-04,50000,"0.01",TRUE,8.83944855964241e-05,-8.31743288131124e-05,2.71375771230644e-05,-2.19174203397527e-05,6.12569084733597e-05,0.267298133466892
"bivt",1e-04,50000,"0.05",TRUE,9.82713899352209e-05,-9.26563593655407e-05,2.57962134701579e-05,-2.01811829004777e-05,7.2475176465063e-05,0.246705281895196
"bivt",1e-04,50000,"0.1",TRUE,9.55007037279361e-05,-9.09142123594287e-05,2.30255272628731e-05,-1.84390358943657e-05,7.2475176465063e-05,0.246705281895196
"bivt",1e-04,50000,"0.01",TRUE,0.000105758323393376,-9.60217672382661e-05,3.32831469283134e-05,-2.35465907732031e-05,7.2475176465063e-05,0.246705281895196
"bivt",1e-04,50000,"0.05",TRUE,7.15516433319089e-05,-6.74879902234977e-05,2.23342207691803e-05,-1.8270567660769e-05,4.92174225627286e-05,0.264544275525749
"bivt",1e-04,50000,"0.1",TRUE,6.9207727964864e-05,-6.55792016410605e-05,1.99903054021354e-05,-1.63617790783319e-05,4.92174225627286e-05,0.264544275525749
"bivt",1e-04,50000,"0.01",TRUE,7.67445747880963e-05,-7.08842166174239e-05,2.75271522253676e-05,-2.16667940546953e-05,4.92174225627286e-05,0.264544275525749
"bivt",1e-04,50000,"0.05",TRUE,8.84622255081185e-05,-8.71549297923017e-05,2.13908785591752e-05,-2.00835828433584e-05,6.70713469489433e-05,0.267543256674006
"bivt",1e-04,50000,"0.1",TRUE,8.68144771155079e-05,-8.49094292790814e-05,1.97431301665646e-05,-1.78380823301381e-05,6.70713469489433e-05,0.267543256674006
"bivt",1e-04,50000,"0.01",TRUE,9.4918867290569e-05,-8.99255402964157e-05,2.78475203416257e-05,-2.28541933474724e-05,6.70713469489433e-05,0.267543256674006
"bivt",1e-04,50000,"0.05",TRUE,0.000106396334893744,-0.000100459687960981,2.81067199530976e-05,-2.21700730203346e-05,7.82896149406466e-05,0.266442771636015
"bivt",1e-04,50000,"0.1",TRUE,0.000101935314764208,-9.89678496273405e-05,2.36456998235615e-05,-2.06782346866939e-05,7.82896149406466e-05,0.266442771636015
"bivt",1e-04,50000,"0.01",TRUE,0.000115030994018708,-0.000103803839145547,3.67413790780619e-05,-2.55142242049008e-05,7.82896149406466e-05,0.266442771636015
"bivt",1e-04,50000,"0.05",TRUE,5.7940263346543e-05,-5.31905991089183e-05,2.57555472511013e-05,-2.10058830134765e-05,3.21847160954418e-05,0.251406750873434
"bivt",1e-04,50000,"0.1",TRUE,5.48292650888243e-05,-5.12688277201371e-05,2.26445489933826e-05,-1.90841116246954e-05,3.21847160954418e-05,0.251406750873434
"bivt",1e-04,50000,"0.01",TRUE,6.88970058777101e-05,-5.80110800805772e-05,3.67122897822684e-05,-2.58263639851355e-05,3.21847160954418e-05,0.251406750873434
"bivt",1e-04,50000,"0.05",TRUE,0.00010986384579912,-0.000104197495443956,2.57597923828895e-05,-2.00934420277257e-05,8.41040534162302e-05,0.251225184053753
"bivt",1e-04,50000,"0.1",TRUE,0.000106351613871849,-0.000102133208583758,2.2247560455619e-05,-1.80291551675276e-05,8.41040534162302e-05,0.251225184053753
"bivt",1e-04,50000,"0.01",TRUE,0.000116294338364044,-0.00010690936268639,3.21902849478136e-05,-2.28053092701601e-05,8.41040534162302e-05,0.251225184053753
"bivt",1e-04,50000,"0.05",TRUE,0.000116507915443629,-0.000109620143722793,2.6589423551815e-05,-1.97016518309794e-05,8.99184918918138e-05,0.246015141486472
"bivt",1e-04,50000,"0.1",TRUE,0.000112499691918598,-0.000108270057146491,2.2581200026784e-05,-1.83515652546771e-05,8.99184918918138e-05,0.246015141486472
"bivt",1e-04,50000,"0.01",TRUE,0.000122131286872304,-0.000112747058276417,3.22127949804898e-05,-2.28285663846031e-05,8.99184918918138e-05,0.246015141486472
"bivt",1e-04,50000,"0.05",TRUE,6.69159039160695e-05,-6.43096796447472e-05,2.31023108694606e-05,-2.04960865981382e-05,4.38135930466089e-05,0.281594346331495
"bivt",1e-04,50000,"0.1",TRUE,6.47888504635472e-05,-6.15540112432055e-05,2.09752574169382e-05,-1.77404181965965e-05,4.38135930466089e-05,0.281594346331495
"bivt",1e-04,50000,"0.01",TRUE,7.48276373537118e-05,-6.65076444397514e-05,3.10140443071029e-05,-2.26940513931424e-05,4.38135930466089e-05,0.281594346331495
"bivt",1e-04,50000,"0.05",TRUE,7.91503701359917e-05,-7.48978086320502e-05,2.41185090976795e-05,-1.9865947593738e-05,5.50318610383122e-05,0.267871051780841
"bivt",1e-04,50000,"0.1",TRUE,7.65547502011976e-05,-7.3069809003419e-05,2.15228891628854e-05,-1.80379479651068e-05,5.50318610383122e-05,0.267871051780841
"bivt",1e-04,50000,"0.01",TRUE,8.53530558590841e-05,-7.88005721183166e-05,3.03211948207719e-05,-2.37687110800044e-05,5.50318610383122e-05,0.267871051780841
"bivt",1e-04,50000,"0.05",TRUE,0.000167672850037348,-0.000158285992853102,3.12388503408657e-05,-2.18519931566191e-05,0.000136433999696483,0.246521787118981
"bivt",1e-04,50000,"0.1",TRUE,0.000163777500507136,-0.000156951804378978,2.73435008106532e-05,-2.05178046824953e-05,0.000136433999696483,0.246521787118981
"bivt",1e-04,50000,"0.01",TRUE,0.000173347683232089,-0.000161688870853789,3.69136835356062e-05,-2.52548711573067e-05,0.000136433999696483,0.246521787118981
"bivt",1e-04,50000,"0.05",TRUE,0.000121282254467742,-0.000115996503632887,2.55493241003448e-05,-2.02635732654898e-05,9.57329303673974e-05,0.248620123671301
"bivt",1e-04,50000,"0.1",TRUE,0.000117912483496116,-0.000114458807000161,2.21795531287185e-05,-1.87258766327637e-05,9.57329303673974e-05,0.248620123671301
"bivt",1e-04,50000,"0.01",TRUE,0.000128921613450972,-0.000121035400266395,3.31886830835744e-05,-2.53024698989975e-05,9.57329303673974e-05,0.248620123671301
"bivt",1e-04,50000,"0.05",TRUE,7.08732926685752e-05,-6.8028430210083e-05,2.12452611463827e-05,-1.84003986878905e-05,4.96280315221925e-05,0.273280500367469
"bivt",1e-04,50000,"0.1",TRUE,6.83113209123575e-05,-6.64081308387057e-05,1.8683289390165e-05,-1.67800993165131e-05,4.96280315221925e-05,0.273280500367469
"bivt",1e-04,50000,"0.01",TRUE,7.69236681549693e-05,-7.03196370695371e-05,2.72956366327768e-05,-2.06916055473446e-05,4.96280315221925e-05,0.273280500367469
"bivt",1e-04,50000,"0.05",TRUE,8.48411176243595e-05,-8.03152355486942e-05,2.35842091509998e-05,-1.90583270753345e-05,6.12569084733597e-05,0.272578151804236
"bivt",1e-04,50000,"0.1",TRUE,8.22140590153853e-05,-7.85158473536644e-05,2.09571505420256e-05,-1.72589388803047e-05,6.12569084733597e-05,0.272578151804236
"bivt",1e-04,50000,"0.01",TRUE,9.01365409578427e-05,-8.34808691555478e-05,2.8879632484483e-05,-2.22239606821881e-05,6.12569084733597e-05,0.272578151804236
"bivt",1e-04,50000,"0.05",TRUE,0.000110514366287901,-0.000101664273968843,3.22247513472542e-05,-2.33746590281965e-05,7.82896149406466e-05,0.222964325658526
"bivt",1e-04,50000,"0.1",TRUE,0.000107013375293052,-9.91370126161201e-05,2.8723760352405e-05,-2.08473976754735e-05,7.82896149406466e-05,0.222964325658526
"bivt",1e-04,50000,"0.01",TRUE,0.00011901732430194,-0.000105712255358816,4.07277093612935e-05,-2.74226404181692e-05,7.82896149406466e-05,0.222964325658526
"bivt",1e-04,50000,"0.05",TRUE,0.00011817125853477,-0.000109953755130288,2.8252766642956e-05,-2.00352632384741e-05,8.99184918918138e-05,0.253851334724074
"bivt",1e-04,50000,"0.1",TRUE,0.000114170029497558,-0.000107737972941771,2.42515376057446e-05,-1.78194810499575e-05,8.99184918918138e-05,0.253851334724074
"bivt",1e-04,50000,"0.01",TRUE,0.000129300155165826,-0.000113986840480087,3.93816632740123e-05,-2.40683485882728e-05,8.99184918918138e-05,0.253851334724074
"bivt",1e-04,50000,"0.05",TRUE,9.01194953694915e-05,-8.46558326684082e-05,2.34587573800121e-05,-1.79950946789289e-05,6.66607379894794e-05,0.273153921102651
"bivt",1e-04,50000,"0.1",TRUE,8.75709588812172e-05,-8.34140749393228e-05,2.09102208917378e-05,-1.67533369498434e-05,6.66607379894794e-05,0.273153921102651
"bivt",1e-04,50000,"0.01",TRUE,9.5137418720589e-05,-8.9086240264721e-05,2.84766807311096e-05,-2.24255022752416e-05,6.66607379894794e-05,0.273153921102651
"bivt",1e-04,50000,"0.05",TRUE,6.82553213485831e-05,-6.28974758357742e-05,2.48523372614381e-05,-1.94944917486292e-05,4.3402984087145e-05,0.267867488964317
"bivt",1e-04,50000,"0.1",TRUE,6.45560524429135e-05,-6.15277260917468e-05,2.11530683557685e-05,-1.81247420046018e-05,4.3402984087145e-05,0.267867488964317
"bivt",1e-04,50000,"0.01",TRUE,7.38740835664287e-05,-6.63470033661299e-05,3.04710994792837e-05,-2.29440192789849e-05,4.3402984087145e-05,0.267867488964317
"bivt",1e-04,50000,"0.05",TRUE,6.78359078608851e-05,-6.56261929779576e-05,1.82078763386925e-05,-1.5998161455765e-05,4.96280315221925e-05,0.299971633926512
"bivt",1e-04,50000,"0.1",TRUE,6.61947153960206e-05,-6.36476618130207e-05,1.6566683873828e-05,-1.40196302908282e-05,4.96280315221925e-05,0.299971633926512
"bivt",1e-04,50000,"0.01",TRUE,7.25677107029681e-05,-6.81107182008072e-05,2.29396791807755e-05,-1.84826866786147e-05,4.96280315221925e-05,0.299971633926512
"bivt",1e-04,50000,"0.05",TRUE,0.000129681734501776,-0.000126264173887883,2.23199271832117e-05,-1.89023665693182e-05,0.000107361807318565,0.261131059487188
"bivt",1e-04,50000,"0.1",TRUE,0.000127228827376271,-0.000124677468877903,1.98670200577063e-05,-1.73156615593381e-05,0.000107361807318565,0.261131059487188
"bivt",1e-04,50000,"0.01",TRUE,0.000134866155672081,-0.000128720685366518,2.7504348353516e-05,-2.13588780479531e-05,0.000107361807318565,0.261131059487188
"bivt",1e-04,50000,"0.05",TRUE,6.64805928694406e-05,-6.37868445055941e-05,2.30776087822956e-05,-2.03838604184491e-05,4.3402984087145e-05,0.272832052048369
"bivt",1e-04,50000,"0.1",TRUE,6.44287631247678e-05,-6.15508466659511e-05,2.10257790376227e-05,-1.8147862578806e-05,4.3402984087145e-05,0.272832052048369
"bivt",1e-04,50000,"0.01",TRUE,7.22330277422307e-05,-6.68099564454426e-05,2.88300436550857e-05,-2.34069723582976e-05,4.3402984087145e-05,0.272832052048369
"bivt",1e-04,50000,"0.05",TRUE,7.33227331917415e-05,-6.76965487471167e-05,2.41053106290129e-05,-1.84791261843881e-05,4.92174225627286e-05,0.290923819657748
"bivt",1e-04,50000,"0.1",TRUE,6.98738228867652e-05,-6.64372452068187e-05,2.06564003240366e-05,-1.72198226440901e-05,4.92174225627286e-05,0.290923819657748
"bivt",1e-04,50000,"0.01",TRUE,8.06311839690605e-05,-7.06669835745314e-05,3.14137614063319e-05,-2.14495610118028e-05,4.92174225627286e-05,0.290923819657748
"bivt",1e-04,50000,"0.05",TRUE,0.000155620224077536,-0.000146806079949753,3.08151013322207e-05,-2.20009572044379e-05,0.000124805122745315,0.233815843712296
"bivt",1e-04,50000,"0.1",TRUE,0.000152724409932454,-0.000144617745484178,2.79192871871385e-05,-1.98126227388622e-05,0.000124805122745315,0.233815843712296
"bivt",1e-04,50000,"0.01",TRUE,0.000162715014057184,-0.000149954025650575,3.79098913118682e-05,-2.51489029052593e-05,0.000124805122745315,0.233815843712296
"bivt",1e-04,50000,"0.05",TRUE,6.74829681939074e-05,-6.35411616228464e-05,2.40799841067624e-05,-2.01381775357014e-05,4.3402984087145e-05,0.246798230241049
"bivt",1e-04,50000,"0.1",TRUE,6.46128364977515e-05,-6.22054733621337e-05,2.12098524106065e-05,-1.88024892749887e-05,4.3402984087145e-05,0.246798230241049
"bivt",1e-04,50000,"0.01",TRUE,7.32433743893553e-05,-6.70957949682621e-05,2.98403903022103e-05,-2.36928108811171e-05,4.3402984087145e-05,0.246798230241049
"bivt",1e-04,50000,"0.05",TRUE,7.85191246695685e-05,-7.00719606108715e-05,2.93017021068399e-05,-2.08545380481429e-05,4.92174225627286e-05,0.231596647844468
"bivt",1e-04,50000,"0.1",TRUE,7.45898818830373e-05,-6.83092568591244e-05,2.53724593203086e-05,-1.90918342963958e-05,4.92174225627286e-05,0.231596647844468
"bivt",1e-04,50000,"0.01",TRUE,8.33974457935864e-05,-7.41336475883964e-05,3.41800232308577e-05,-2.49162250256677e-05,4.92174225627286e-05,0.231596647844468
"bivt",1e-04,50000,"0.05",FALSE,6.56308958791019e-05,-6.16032903563585e-05,2.18173028324929e-05,-1.77896973097496e-05,4.38135930466089e-05,0.295070220877492
"bivt",1e-04,50000,"0.1",FALSE,6.27160031485363e-05,-5.99874776340181e-05,1.89024101019274e-05,-1.61738845874091e-05,4.38135930466089e-05,0.295070220877492
"bivt",1e-04,50000,"0.01",TRUE,6.81860494569749e-05,-6.50470315712265e-05,2.43724564103659e-05,-2.12334385246176e-05,4.38135930466089e-05,0.295070220877492
"bivt",1e-04,50000,"0.05",TRUE,9.69897192999885e-05,-9.12852910651139e-05,2.45145428349254e-05,-1.88101146000509e-05,7.2475176465063e-05,0.255064301508923
"bivt",1e-04,50000,"0.1",TRUE,9.46286616083548e-05,-8.90302280757461e-05,2.21534851432918e-05,-1.65550516106831e-05,7.2475176465063e-05,0.255064301508923
"bivt",1e-04,50000,"0.01",TRUE,0.000101874990884219,-9.51718423083846e-05,2.93998144191562e-05,-2.26966658433216e-05,7.2475176465063e-05,0.255064301508923
"bivt",1e-04,50000,"0.05",TRUE,0.000120879755355022,-0.000115590803527871,2.51468249876243e-05,-1.98578731604732e-05,9.57329303673974e-05,0.235822788017742
"bivt",1e-04,50000,"0.1",TRUE,0.000117819871806635,-0.000113829324368892,2.20869414392378e-05,-1.80963940014942e-05,9.57329303673974e-05,0.235822788017742
"bivt",1e-04,50000,"0.01",TRUE,0.000127600502610742,-0.0001186812240703,3.18675722433447e-05,-2.29482937029028e-05,9.57329303673974e-05,0.235822788017742
"bivt",1e-04,50000,"0.05",TRUE,9.44982139241924e-05,-8.83635010011524e-05,2.7837475934713e-05,-2.1702763011673e-05,6.66607379894794e-05,0.254705608580258
"bivt",1e-04,50000,"0.1",TRUE,9.17760740475313e-05,-8.65824019755622e-05,2.51153360580519e-05,-1.99216639860828e-05,6.66607379894794e-05,0.254705608580258
"bivt",1e-04,50000,"0.01",TRUE,0.000100345785881351,-9.15480729631378e-05,3.36850478918718e-05,-2.48873349736585e-05,6.66607379894794e-05,0.254705608580258
"bivt",1e-04,50000,"0.05",TRUE,0.000160410192396922,-0.000152113559536328,2.97906311760229e-05,-2.14939983154286e-05,0.000130619561220899,0.244434192214472
"bivt",1e-04,50000,"0.1",TRUE,0.000155950378672089,-0.000150500385675414,2.53308174511896e-05,-1.98808244545155e-05,0.000130619561220899,0.244434192214472
"bivt",1e-04,50000,"0.01",TRUE,0.00017032295193966,-0.000156143068551893,3.97033907187609e-05,-2.55235073309943e-05,0.000130619561220899,0.244434192214472
"bivt",1e-04,50000,"0.05",TRUE,0.000108401237475969,-0.000104364605275693,2.42971840597384e-05,-2.02605518594627e-05,8.41040534162302e-05,0.248956503321145
"bivt",1e-04,50000,"0.1",TRUE,0.000106366168276806,-0.00010198746528829,2.22621148605754e-05,-1.78834118720603e-05,8.41040534162302e-05,0.248956503321145
"bivt",1e-04,50000,"0.01",TRUE,0.000114636882790012,-0.000106924784060001,3.05328293737818e-05,-2.28207306437711e-05,8.41040534162302e-05,0.248956503321145
"bivt",1e-04,50000,"0.05",TRUE,0.00013178988021777,-0.000126620557583726,2.44280728992051e-05,-1.92587502651616e-05,0.000107361807318565,0.237711351905769
"bivt",1e-04,50000,"0.1",TRUE,0.000128754584076776,-0.000125168682239605,2.13927767582115e-05,-1.78068749210404e-05,0.000107361807318565,0.237711351905769
"bivt",1e-04,50000,"0.01",TRUE,0.000139668374269479,-0.000130861656920148,3.23065669509142e-05,-2.34998496015838e-05,0.000107361807318565,0.237711351905769
"bivt",1e-04,50000,"0.05",TRUE,8.54943611922319e-05,-7.95213828677348e-05,2.42374527188721e-05,-1.82644743943751e-05,6.12569084733597e-05,0.255012031909234
"bivt",1e-04,50000,"0.1",TRUE,8.1507305339676e-05,-7.79134038290247e-05,2.02503968663162e-05,-1.6656495355665e-05,6.12569084733597e-05,0.255012031909234
"bivt",1e-04,50000,"0.01",TRUE,9.1395327475353e-05,-8.33457951197172e-05,3.01384190019933e-05,-2.20888866463575e-05,6.12569084733597e-05,0.255012031909234
"bivt",1e-04,50000,"0.05",TRUE,0.000101672392106009,-9.60012684626254e-05,2.33827771653627e-05,-1.77116535219788e-05,7.82896149406466e-05,0.252231665306351
"bivt",1e-04,50000,"0.1",TRUE,9.93098062576825e-05,-9.38092999199123e-05,2.10201913170359e-05,-1.55196849792657e-05,7.82896149406466e-05,0.252231665306351
"bivt",1e-04,50000,"0.01",TRUE,0.000107685030660431,-9.95842774958452e-05,2.93954157197843e-05,-2.12946625551986e-05,7.82896149406466e-05,0.252231665306351
"bivt",1e-04,50000,"0.05",TRUE,8.87363780138637e-05,-8.25636050806213e-05,2.78900784999679e-05,-2.17173055667255e-05,6.08462995138958e-05,0.253903795939109
"bivt",1e-04,50000,"0.1",TRUE,8.50047567455493e-05,-8.06977793792266e-05,2.41584572316536e-05,-1.98514798653309e-05,6.08462995138958e-05,0.253903795939109
"bivt",1e-04,50000,"0.01",TRUE,9.46801026659168e-05,-8.59091783503758e-05,3.3833803152021e-05,-2.506287883648e-05,6.08462995138958e-05,0.253903795939109
"bivt",1e-04,50000,"0.05",TRUE,6.02802547674482e-05,-5.64009008256585e-05,2.26917091558868e-05,-1.88123552140971e-05,3.75885456115614e-05,0.281551300168498
"bivt",1e-04,50000,"0.1",TRUE,5.86269740277546e-05,-5.41486431055806e-05,2.10384284161932e-05,-1.65600974940191e-05,3.75885456115614e-05,0.281551300168498
"bivt",1e-04,50000,"0.01",TRUE,6.56689688285168e-05,-5.9835143111311e-05,2.80804232169554e-05,-2.22465974997495e-05,3.75885456115614e-05,0.281551300168498
"bivt",1e-04,50000,"0.05",TRUE,8.39101264302983e-05,-7.73945884639894e-05,2.88782653919861e-05,-2.23627274256772e-05,5.50318610383122e-05,0.238279795910709
"bivt",1e-04,50000,"0.1",TRUE,7.99893754271421e-05,-7.56524425043335e-05,2.49575143888299e-05,-2.06205814660212e-05,5.50318610383122e-05,0.238279795910709
"bivt",1e-04,50000,"0.01",TRUE,9.38920304954991e-05,-8.08297853002464e-05,3.88601694571869e-05,-2.57979242619342e-05,5.50318610383122e-05,0.238279795910709
"bivt",1e-04,50000,"0.05",TRUE,7.76000217581353e-05,-7.39111883145509e-05,2.25681607198231e-05,-1.88793272762387e-05,5.50318610383122e-05,0.268882428849562
"bivt",1e-04,50000,"0.1",TRUE,7.50150779032817e-05,-7.19687915406288e-05,1.99832168649695e-05,-1.69369305023166e-05,5.50318610383122e-05,0.268882428849562
"bivt",1e-04,50000,"0.01",TRUE,8.29143921519996e-05,-7.62107213111378e-05,2.78825311136873e-05,-2.11788602728256e-05,5.50318610383122e-05,0.268882428849562
"bivt",1e-04,50000,"0.05",TRUE,7.85874002166833e-05,-7.390835281968e-05,2.31449302189071e-05,-1.84658828219039e-05,5.54424699977761e-05,0.284688850493149
"bivt",1e-04,50000,"0.1",TRUE,7.54905877435529e-05,-7.21821990925092e-05,2.00481177457767e-05,-1.67397290947331e-05,5.54424699977761e-05,0.284688850493149
"bivt",1e-04,50000,"0.01",TRUE,8.30355938304221e-05,-7.62656604620701e-05,2.75931238326459e-05,-2.0823190464294e-05,5.54424699977761e-05,0.284688850493149
"bivt",1e-04,50000,"0.05",TRUE,0.000135912739691989,-0.000129463754421925,2.85509323734244e-05,-2.21019471033604e-05,0.000107361807318565,0.214448469785982
"bivt",1e-04,50000,"0.1",TRUE,0.000133311243957273,-0.00012744591252533,2.5949436638708e-05,-2.00841052067656e-05,0.000107361807318565,0.214448469785982
"bivt",1e-04,50000,"0.01",TRUE,0.000143686906090789,-0.000133988126784419,3.63250987722248e-05,-2.66263194658545e-05,0.000107361807318565,0.214448469785982
"bivt",1e-04,50000,"0.05",TRUE,0.000135680462776044,-0.000129196494642327,2.83186554574793e-05,-2.18346873237627e-05,0.000107361807318565,0.2550643345456
"bivt",1e-04,50000,"0.1",TRUE,0.000130923264176785,-0.000127330233168253,2.35614568582207e-05,-1.99684258496882e-05,0.000107361807318565,0.2550643345456
"bivt",1e-04,50000,"0.01",TRUE,0.000142498471968741,-0.000133421491132542,3.51366646501767e-05,-2.60596838139779e-05,0.000107361807318565,0.2550643345456
"bivt",1e-04,50000,"0.05",TRUE,6.97940342153055e-05,-6.3518343250049e-05,2.59804411686965e-05,-1.97047502034401e-05,4.38135930466089e-05,0.274709744670113
"bivt",1e-04,50000,"0.1",TRUE,6.5734150275863e-05,-6.18101107217051e-05,2.1920557229254e-05,-1.79965176750962e-05,4.38135930466089e-05,0.274709744670113
"bivt",1e-04,50000,"0.01",TRUE,7.54723919624804e-05,-6.59653614486283e-05,3.16587989158715e-05,-2.21517684020193e-05,4.38135930466089e-05,0.274709744670113
"bivt",1e-04,50000,"0.05",TRUE,0.000101226117026134,-9.65061234728362e-05,2.25258931260232e-05,-1.78058995727257e-05,7.87002239001105e-05,0.282742017367317
"bivt",1e-04,50000,"0.1",TRUE,9.96733159169538e-05,-9.52179607399465e-05,2.09730920168433e-05,-1.6517736839836e-05,7.87002239001105e-05,0.282742017367317
"bivt",1e-04,50000,"0.01",TRUE,0.000107047099749273,-9.94270126378509e-05,2.83468758491626e-05,-2.07267887377404e-05,7.87002239001105e-05,0.282742017367317
"bivt",1e-04,50000,"0.05",TRUE,6.92320569448441e-05,-6.37921656862255e-05,2.58290728576991e-05,-2.03891815990805e-05,4.3402984087145e-05,0.252695932582616
"bivt",1e-04,50000,"0.1",TRUE,6.56706734119231e-05,-6.17919939602176e-05,2.22676893247781e-05,-1.83890098730726e-05,4.3402984087145e-05,0.252695932582616
"bivt",1e-04,50000,"0.01",TRUE,7.7463158965457e-05,-6.71510541720526e-05,3.4060174878312e-05,-2.37480700849076e-05,4.3402984087145e-05,0.252695932582616
"bivt",1e-04,50000,"0.05",TRUE,8.0481369481546e-05,-7.69760951249533e-05,2.54495084432338e-05,-2.19442340866411e-05,5.50318610383122e-05,0.243232300730867
"bivt",1e-04,50000,"0.1",TRUE,7.70784571236611e-05,-7.46607198514082e-05,2.20465960853488e-05,-1.9628858813096e-05,5.50318610383122e-05,0.243232300730867
"bivt",1e-04,50000,"0.01",TRUE,8.40793034659901e-05,-8.01852733057884e-05,2.90474424276779e-05,-2.51534122674762e-05,5.50318610383122e-05,0.243232300730867
"bivt",1e-04,50000,"0.05",TRUE,0.000105637750924347,-9.8316429602025e-05,2.73481359837002e-05,-2.00268146613784e-05,7.82896149406466e-05,0.258230273048665
"bivt",1e-04,50000,"0.1",TRUE,0.000103090203794437,-9.71750790613411e-05,2.48005888537908e-05,-1.88854641206945e-05,7.82896149406466e-05,0.258230273048665
"bivt",1e-04,50000,"0.01",TRUE,0.000114505286486697,-0.000102195194358303,3.62156715460508e-05,-2.39055794176565e-05,7.82896149406466e-05,0.258230273048665
"bivt",1e-04,50000,"0.05",TRUE,0.000102889302711957,-9.47700762491398e-05,3.04141262468939e-05,-2.22948997840768e-05,7.2475176465063e-05,0.248885168661598
"bivt",1e-04,50000,"0.1",TRUE,9.91222510833786e-05,-9.293227033917e-05,2.66470746183156e-05,-2.0457093874107e-05,7.2475176465063e-05,0.248885168661598
"bivt",1e-04,50000,"0.01",TRUE,0.000110751710871128,-9.91874182537174e-05,3.82765344060654e-05,-2.67122417886544e-05,7.2475176465063e-05,0.248885168661598
"bivt",1e-04,50000,"0.05",TRUE,0.000114389166366023,-0.000108599390397964,2.44706744742095e-05,-1.86808985061502e-05,8.99184918918138e-05,0.259481344906456
"bivt",1e-04,50000,"0.1",TRUE,0.000111198198529408,-0.000107302553887515,2.12797066375938e-05,-1.7384061995701e-05,8.99184918918138e-05,0.259481344906456
"bivt",1e-04,50000,"0.01",TRUE,0.000119490936380814,-0.000111634690040417,2.95724444890001e-05,-2.17161981486031e-05,8.99184918918138e-05,0.259481344906456
"bivt",1e-04,50000,"0.05",TRUE,7.55254528585208e-05,-6.98063202190585e-05,2.63080302957922e-05,-2.05888976563299e-05,4.92174225627286e-05,0.258130159813317
"bivt",1e-04,50000,"0.1",TRUE,7.14715583082372e-05,-6.84683795962112e-05,2.22541357455086e-05,-1.92509570334826e-05,4.92174225627286e-05,0.258130159813317
"bivt",1e-04,50000,"0.01",TRUE,8.22798851708003e-05,-7.35023908720729e-05,3.30624626080717e-05,-2.42849683093443e-05,4.92174225627286e-05,0.258130159813317
"bivt",1e-04,50000,"0.05",TRUE,7.04472925767449e-05,-6.43069093656056e-05,2.70443084895999e-05,-2.09039252784606e-05,4.3402984087145e-05,0.242828733752163
"bivt",1e-04,50000,"0.1",TRUE,6.73219749771113e-05,-6.25736970796543e-05,2.39189908899663e-05,-1.91707129925093e-05,4.3402984087145e-05,0.242828733752163
"bivt",1e-04,50000,"0.01",TRUE,7.64791811499273e-05,-6.81386461955062e-05,3.30761970627823e-05,-2.47356621083612e-05,4.3402984087145e-05,0.242828733752163
"bivt",1e-04,50000,"0.05",TRUE,0.000131967754044378,-0.000125723944271093,2.46059467258132e-05,-1.83621369525281e-05,0.000107361807318565,0.268746962875525
"bivt",1e-04,50000,"0.1",TRUE,0.000128738252839473,-0.000124144906746948,2.13764455209085e-05,-1.67830994283837e-05,0.000107361807318565,0.268746962875525
"bivt",1e-04,50000,"0.01",TRUE,0.000138289143156601,-0.000129393994237003,3.09273358380361e-05,-2.20321869184381e-05,0.000107361807318565,0.268746962875525
"bivt",1e-04,50000,"0.05",TRUE,0.000107043792344482,-0.000100381018988137,2.87541774038359e-05,-2.20914040474905e-05,7.82896149406466e-05,0.263988552939382
"bivt",1e-04,50000,"0.1",TRUE,0.000102938737108644,-9.85321661575026e-05,2.46491221679971e-05,-2.0242551216856e-05,7.82896149406466e-05,0.263988552939382
"bivt",1e-04,50000,"0.01",TRUE,0.000116811204788165,-0.000104578010232618,3.85215898475184e-05,-2.6288395291971e-05,7.82896149406466e-05,0.263988552939382
"bivt",1e-04,50000,"0.05",TRUE,8.09040485997723e-05,-7.58098064260474e-05,2.58721875614601e-05,-2.07779453877352e-05,5.50318610383122e-05,0.243581359111942
"bivt",1e-04,50000,"0.1",TRUE,7.7183846183088e-05,-7.33041974331601e-05,2.21519851447758e-05,-1.82723363948479e-05,5.50318610383122e-05,0.243581359111942
"bivt",1e-04,50000,"0.01",TRUE,8.65843483671458e-05,-7.85525735654034e-05,3.15524873288336e-05,-2.35207125270912e-05,5.50318610383122e-05,0.243581359111942
"bivt",1e-04,50000,"0.05",TRUE,0.000105439350625964,-9.79465612984563e-05,2.71497356853172e-05,-1.96569463578097e-05,7.82896149406466e-05,0.263133141121191
"bivt",1e-04,50000,"0.1",TRUE,0.000101320600948846,-9.62495157446635e-05,2.3030986008199e-05,-1.79599008040169e-05,7.82896149406466e-05,0.263133141121191
"bivt",1e-04,50000,"0.01",TRUE,0.000111975709746366,-0.000100747755267141,3.36860948057194e-05,-2.24581403264942e-05,7.82896149406466e-05,0.263133141121191
"bivt",1e-04,50000,"0.05",TRUE,7.74588294194888e-05,-7.34635305045524e-05,2.20163594217127e-05,-1.80210605067762e-05,5.54424699977761e-05,0.285974467014691
"bivt",1e-04,50000,"0.1",TRUE,7.45177337905623e-05,-7.15778099938064e-05,1.90752637927862e-05,-1.61353399960302e-05,5.54424699977761e-05,0.285974467014691
"bivt",1e-04,50000,"0.01",TRUE,8.12497688177181e-05,-7.71790020939912e-05,2.5807298819942e-05,-2.1736532096215e-05,5.54424699977761e-05,0.285974467014691
"bivt",1e-04,50000,"0.05",TRUE,9.69575982406441e-05,-9.18986454734623e-05,2.44824217755811e-05,-1.94234690083993e-05,7.2475176465063e-05,0.245879225280135
"bivt",1e-04,50000,"0.1",TRUE,9.43226685059026e-05,-9.00932543455645e-05,2.18474920408396e-05,-1.76180778805015e-05,7.2475176465063e-05,0.245879225280135
"bivt",1e-04,50000,"0.01",TRUE,0.000102826653113255,-9.60894797216858e-05,3.03514766481925e-05,-2.36143032566228e-05,7.2475176465063e-05,0.245879225280135
"bivt",1e-04,50000,"0.05",TRUE,0.0001037749070243,-9.62375977035806e-05,3.12997305592371e-05,-2.37624212385176e-05,7.2475176465063e-05,0.238477569799839
"bivt",1e-04,50000,"0.1",TRUE,0.000101107802039787,-9.41723167555779e-05,2.86326255747245e-05,-2.16971402905149e-05,7.2475176465063e-05,0.238477569799839
"bivt",1e-04,50000,"0.01",TRUE,0.000109188586039127,-0.000100182194681319,3.67134095740645e-05,-2.77070182162562e-05,7.2475176465063e-05,0.238477569799839
"bivt",1e-04,50000,"0.05",TRUE,8.18552604415168e-05,-7.45942049051421e-05,2.68233994032046e-05,-1.95623438668299e-05,5.50318610383122e-05,0.260109018806461
"bivt",1e-04,50000,"0.1",TRUE,7.87519410885515e-05,-7.26420689609356e-05,2.37200800502393e-05,-1.76102079226233e-05,5.50318610383122e-05,0.260109018806461
"bivt",1e-04,50000,"0.01",TRUE,8.79887712918173e-05,-7.72847616829849e-05,3.2956910253505e-05,-2.22529006446727e-05,5.50318610383122e-05,0.260109018806461
"bivt",1e-04,50000,"0.05",TRUE,8.86148966976866e-05,-8.52773052212665e-05,2.15435497487433e-05,-1.82059582723231e-05,6.70713469489433e-05,0.285618849042658
"bivt",1e-04,50000,"0.1",TRUE,8.52327475396183e-05,-8.31633088520563e-05,1.8161400590675e-05,-1.6091961903113e-05,6.70713469489433e-05,0.285618849042658
"bivt",1e-04,50000,"0.01",TRUE,9.51294858773293e-05,-8.9008171010387e-05,2.8058138928386e-05,-2.19368240614437e-05,6.70713469489433e-05,0.285618849042658
"bivt",1e-04,50000,"0.05",TRUE,6.113642618843e-05,-5.75358636191305e-05,2.31372716174046e-05,-1.95367090481051e-05,3.79991545710253e-05,0.267416652417151
"bivt",1e-04,50000,"0.1",TRUE,5.82688683353322e-05,-5.52325683455062e-05,2.02697137643069e-05,-1.72334137744809e-05,3.79991545710253e-05,0.267416652417151
"bivt",1e-04,50000,"0.01",TRUE,6.77655324948377e-05,-6.14873798830125e-05,2.97663779238123e-05,-2.34882253119872e-05,3.79991545710253e-05,0.267416652417151
"bivt",1e-04,50000,"0.05",TRUE,8.62299390348881e-05,-7.68975909221632e-05,3.11980779965759e-05,-2.1865729883851e-05,5.50318610383122e-05,0.23779149245763
"bivt",1e-04,50000,"0.1",TRUE,8.06304718506403e-05,-7.51265290564886e-05,2.55986108123281e-05,-2.00946680181764e-05,5.50318610383122e-05,0.23779149245763
"bivt",1e-04,50000,"0.01",TRUE,9.6307348922217e-05,-8.02397626853627e-05,4.12754878839048e-05,-2.52079016470505e-05,5.50318610383122e-05,0.23779149245763
"bivt",1e-04,50000,"0.05",TRUE,6.89648887954589e-05,-6.55943088287428e-05,2.55619047083139e-05,-2.21913247415978e-05,4.3402984087145e-05,0.242400926771806
"bivt",1e-04,50000,"0.1",TRUE,6.63546697988906e-05,-6.38520167577928e-05,2.29516857117456e-05,-2.04490326706478e-05,4.3402984087145e-05,0.242400926771806
"bivt",1e-04,50000,"0.01",TRUE,7.70181263806262e-05,-6.88923237296776e-05,3.36151422934812e-05,-2.54893396425326e-05,4.3402984087145e-05,0.242400926771806
"bivt",1e-04,50000,"0.05",TRUE,9.67175814520325e-05,-9.12675530836982e-05,2.42424049869695e-05,-1.87923766186352e-05,7.2475176465063e-05,0.253557173130423
"bivt",1e-04,50000,"0.1",TRUE,9.44122259384266e-05,-8.93698011326146e-05,2.19370494733635e-05,-1.68946246675516e-05,7.2475176465063e-05,0.253557173130423
"bivt",1e-04,50000,"0.01",TRUE,0.0001026361911089,-9.36391255437521e-05,3.01610146438369e-05,-2.11639490786891e-05,7.2475176465063e-05,0.253557173130423
"bivt",1e-04,50000,"0.05",TRUE,9.98599593026767e-05,-9.4089002526759e-05,2.73847828376137e-05,-2.16138260616959e-05,7.2475176465063e-05,0.250783554897403
"bivt",1e-04,50000,"0.1",TRUE,9.59864106007509e-05,-9.14495923810914e-05,2.35112341356879e-05,-1.89744159160284e-05,7.2475176465063e-05,0.250783554897403
"bivt",1e-04,50000,"0.01",TRUE,0.000109046480331261,-9.79371802833367e-05,3.65713038661985e-05,-2.54620038182737e-05,7.2475176465063e-05,0.250783554897403
"bivt",1e-04,50000,"0.05",TRUE,0.000140518177425599,-0.000134772462532639,2.73419316314508e-05,-2.15962167384906e-05,0.000113176245794148,0.222517701594107
"bivt",1e-04,50000,"0.1",TRUE,0.000138933142398164,-0.000133623802945215,2.57568966040156e-05,-2.04475571510665e-05,0.000113176245794148,0.222517701594107
"bivt",1e-04,50000,"0.01",TRUE,0.000147994334112486,-0.000139000466565226,3.4818088318338e-05,-2.58242207710774e-05,0.000113176245794148,0.222517701594107
"bivt",1e-04,50000,"0.05",TRUE,7.54346590476325e-05,-6.87371143519294e-05,2.62172364849039e-05,-1.95196917892008e-05,4.92174225627286e-05,0.258017829624515
"bivt",1e-04,50000,"0.1",TRUE,7.1846302738254e-05,-6.73356130907416e-05,2.26288801755254e-05,-1.8118190528013e-05,4.92174225627286e-05,0.258017829624515
"bivt",1e-04,50000,"0.01",TRUE,8.05466819609123e-05,-7.1335879872303e-05,3.13292593981837e-05,-2.21184573095744e-05,4.92174225627286e-05,0.258017829624515
"bivt",1e-04,50000,"0.05",TRUE,0.000103999205443165,-9.84508598206393e-05,2.57095905025184e-05,-2.01612448799928e-05,7.82896149406466e-05,0.274569871753512
"bivt",1e-04,50000,"0.1",TRUE,0.000100414893963888,-9.66594812585604e-05,2.21252790232412e-05,-1.83698663179138e-05,7.82896149406466e-05,0.274569871753512
"bivt",1e-04,50000,"0.01",TRUE,0.00011304502880708,-0.000102051791044903,3.47554138664335e-05,-2.37621761042567e-05,7.82896149406466e-05,0.274569871753512
"bivt",1e-04,50000,"0.05",TRUE,6.4725496078565e-05,-5.84941078107595e-05,2.67263415075396e-05,-2.04949532397342e-05,3.79991545710253e-05,0.270652960328992
"bivt",1e-04,50000,"0.1",TRUE,6.05980992889271e-05,-5.65105314044861e-05,2.25989447179017e-05,-1.85113768334608e-05,3.79991545710253e-05,0.270652960328992
"bivt",1e-04,50000,"0.01",TRUE,7.00322876033546e-05,-6.20895321139785e-05,3.20331330323292e-05,-2.40903775429532e-05,3.79991545710253e-05,0.270652960328992
"bivt",1e-04,50000,"0.05",TRUE,7.68411966181575e-05,-7.08718812964419e-05,2.76237740554289e-05,-2.16544587337133e-05,4.92174225627286e-05,0.25191667075357
"bivt",1e-04,50000,"0.1",TRUE,7.24546018610407e-05,-6.89751605806422e-05,2.32371792983121e-05,-1.97577380179136e-05,4.92174225627286e-05,0.25191667075357
"bivt",1e-04,50000,"0.01",TRUE,8.44794816462322e-05,-7.40313169247124e-05,3.52620590835036e-05,-2.48138943619838e-05,4.92174225627286e-05,0.25191667075357
"bivt",1e-04,50000,"0.05",TRUE,9.82973206166914e-05,-9.3480706865909e-05,2.58221441516284e-05,-2.1005530400846e-05,7.2475176465063e-05,0.240308888620779
"bivt",1e-04,50000,"0.1",TRUE,9.50340343272299e-05,-9.16157042688995e-05,2.25588578621669e-05,-1.91405278038365e-05,7.2475176465063e-05,0.240308888620779
"bivt",1e-04,50000,"0.01",TRUE,0.000106839052604337,-9.63862024671178e-05,3.43638761392739e-05,-2.39110260020548e-05,7.2475176465063e-05,0.240308888620779
"bivt",1e-04,50000,"0.05",TRUE,0.000141452500767833,-0.000134266751325762,2.82762549736851e-05,-2.10905055316137e-05,0.000113176245794148,0.230210129780682
"bivt",1e-04,50000,"0.1",TRUE,0.000137717795703063,-0.000132543944127313,2.4541549908915e-05,-1.93676983331645e-05,0.000113176245794148,0.230210129780682
"bivt",1e-04,50000,"0.01",TRUE,0.000146921941499935,-0.000137856868386122,3.37456957057872e-05,-2.4680622591974e-05,0.000113176245794148,0.230210129780682
"bivt",1e-04,50000,"0.05",TRUE,9.79106647634824e-05,-9.27065015831274e-05,2.54354882984194e-05,-2.02313251180644e-05,7.2475176465063e-05,0.253855503477544
"bivt",1e-04,50000,"0.1",TRUE,9.54021534526383e-05,-9.10620633241882e-05,2.29269769875753e-05,-1.85868868591252e-05,7.2475176465063e-05,0.253855503477544
"bivt",1e-04,50000,"0.01",TRUE,0.000102534451378966,-9.64254308370509e-05,3.00592749139032e-05,-2.39502543719879e-05,7.2475176465063e-05,0.253855503477544
"bivt",1e-04,50000,"0.05",TRUE,4.95507384350412e-05,-4.54774767887842e-05,2.31804608151831e-05,-1.91071991689261e-05,2.63702776198581e-05,0.273686761316024
"bivt",1e-04,50000,"0.1",TRUE,4.77021095030434e-05,-4.40446221309955e-05,2.13318318831853e-05,-1.76743445111373e-05,2.63702776198581e-05,0.273686761316024
"bivt",1e-04,50000,"0.01",TRUE,5.48939621235403e-05,-4.88960990890171e-05,2.85236845036822e-05,-2.2525821469159e-05,2.63702776198581e-05,0.273686761316024
"bivt",1e-04,50000,"0.05",TRUE,8.40488378268763e-05,-7.99188728983602e-05,2.32025383129805e-05,-1.90725733844644e-05,6.08462995138958e-05,0.297908778209039
"bivt",1e-04,50000,"0.1",TRUE,8.04270806902636e-05,-7.8198709986538e-05,1.95807811763678e-05,-1.73524104726422e-05,6.08462995138958e-05,0.297908778209039
"bivt",1e-04,50000,"0.01",TRUE,8.65777960729795e-05,-8.39502828880187e-05,2.57314965590837e-05,-2.31039833741229e-05,6.08462995138958e-05,0.297908778209039
"bivt",1e-04,50000,"0.05",TRUE,6.2497777644702e-05,-5.88601610089381e-05,2.49092320331406e-05,-2.12716153973766e-05,3.75885456115614e-05,0.269631647320184
"bivt",1e-04,50000,"0.1",TRUE,5.89772836500446e-05,-5.64024847564787e-05,2.13887380384832e-05,-1.88139391449172e-05,3.75885456115614e-05,0.269631647320184
"bivt",1e-04,50000,"0.01",TRUE,6.70564530277631e-05,-6.32871602266259e-05,2.94679074162017e-05,-2.56986146150645e-05,3.75885456115614e-05,0.269631647320184
"bivt",1e-04,50000,"0.05",TRUE,0.000167668708841813,-0.000156483535119807,3.70491476209139e-05,-2.5863973898908e-05,0.000130619561220899,0.230493384437301
"bivt",1e-04,50000,"0.1",TRUE,0.000163170303888605,-0.000153230058425827,3.25507426677057e-05,-2.26104972049285e-05,0.000130619561220899,0.230493384437301
"bivt",1e-04,50000,"0.01",TRUE,0.000179481113108594,-0.000162295863066828,4.88615518876953e-05,-3.16763018459295e-05,0.000130619561220899,0.230493384437301
"bivt",1e-04,50000,"0.05",TRUE,4.1262125317825e-05,-3.66532972630457e-05,2.07062861735504e-05,-1.60974581187712e-05,2.05558391442745e-05,0.283294975149367
"bivt",1e-04,50000,"0.1",TRUE,3.95779607304566e-05,-3.49446863417359e-05,1.90221215861821e-05,-1.43888471974614e-05,2.05558391442745e-05,0.283294975149367
"bivt",1e-04,50000,"0.01",TRUE,4.62239558448173e-05,-3.96386933892127e-05,2.56681167005428e-05,-1.90828542449382e-05,2.05558391442745e-05,0.283294975149367
"bivt",1e-04,50000,"0.05",TRUE,6.59126782591782e-05,-5.69731283815371e-05,2.83241326476168e-05,-1.93845827699757e-05,3.75885456115614e-05,0.262973812005493
"bivt",1e-04,50000,"0.1",TRUE,6.14740207821169e-05,-5.56239170021146e-05,2.38854751705555e-05,-1.80353713905532e-05,3.75885456115614e-05,0.262973812005493
"bivt",1e-04,50000,"0.01",TRUE,7.28344686039062e-05,-6.07738710796574e-05,3.52459229923448e-05,-2.3185325468096e-05,3.75885456115614e-05,0.262973812005493
"bivt",1e-04,50000,"0.05",TRUE,7.42562677780295e-05,-6.81277867809716e-05,2.50388452153008e-05,-1.8910364218243e-05,4.92174225627286e-05,0.246255948748886
"bivt",1e-04,50000,"0.1",TRUE,7.17020026603811e-05,-6.64288314691835e-05,2.24845800976525e-05,-1.72114089064548e-05,4.92174225627286e-05,0.246255948748886
"bivt",1e-04,50000,"0.01",TRUE,7.83551976042484e-05,-7.2111722414997e-05,2.91377750415198e-05,-2.28942998522683e-05,4.92174225627286e-05,0.246255948748886
"bivt",1e-04,50000,"0.05",TRUE,9.11277478601471e-05,-8.57537302997356e-05,2.44670098706677e-05,-1.90929923102562e-05,6.66607379894794e-05,0.246610383364263
"bivt",1e-04,50000,"0.1",TRUE,8.81704246074983e-05,-8.34553827365455e-05,2.15096866180189e-05,-1.67946447470661e-05,6.66607379894794e-05,0.246610383364263
"bivt",1e-04,50000,"0.01",TRUE,9.77848551001585e-05,-8.91451454065046e-05,3.11241171106791e-05,-2.24844074170252e-05,6.66607379894794e-05,0.246610383364263
"bivt",1e-04,50000,"0.05",TRUE,5.67374446540591e-05,-5.31985189100542e-05,2.45527285586173e-05,-2.10138028146125e-05,3.21847160954418e-05,0.248517476364082
"bivt",1e-04,50000,"0.1",TRUE,5.45879401797831e-05,-5.08196996456429e-05,2.24032240843414e-05,-1.86349835502012e-05,3.21847160954418e-05,0.248517476364082
"bivt",1e-04,50000,"0.01",TRUE,6.17586298010831e-05,-5.6765062677259e-05,2.95739137056413e-05,-2.45803465818172e-05,3.21847160954418e-05,0.248517476364082
"bivt",1e-04,50000,"0.05",TRUE,0.000129909202876779,-0.000125256525050261,2.25473955582145e-05,-1.78947177316965e-05,0.000107361807318565,0.261151873943064
"bivt",1e-04,50000,"0.1",TRUE,0.000127595007645479,-0.000124016596390513,2.02332003269147e-05,-1.66547890719485e-05,0.000107361807318565,0.261151873943064
"bivt",1e-04,50000,"0.01",TRUE,0.000135498027002929,-0.000127993652189222,2.81362196843642e-05,-2.06318448706575e-05,0.000107361807318565,0.261151873943064
"bivt",1e-04,50000,"0.05",TRUE,7.66150622823375e-05,-6.867774208485e-05,2.69870307601449e-05,-1.90497105626574e-05,4.96280315221925e-05,0.277845022334775
"bivt",1e-04,50000,"0.1",TRUE,7.32820726715904e-05,-6.68997450359719e-05,2.36540411493979e-05,-1.72717135137793e-05,4.96280315221925e-05,0.277845022334775
"bivt",1e-04,50000,"0.01",TRUE,8.2727034924079e-05,-7.18697409672895e-05,3.30990034018865e-05,-2.2241709445097e-05,4.96280315221925e-05,0.277845022334775
"bivt",1e-04,50000,"0.05",TRUE,0.000102857835523976,-9.7248058050082e-05,2.45682205833298e-05,-1.89584431094354e-05,7.82896149406466e-05,0.263858038650562
"bivt",1e-04,50000,"0.1",TRUE,0.000100141768623938,-9.52740801452843e-05,2.18521536832913e-05,-1.69844652046377e-05,7.82896149406466e-05,0.263858038650562
"bivt",1e-04,50000,"0.01",TRUE,0.000109678582682929,-0.000100183696555887,3.13889677422822e-05,-2.18940816152409e-05,7.82896149406466e-05,0.263858038650562
"bivt",1e-04,50000,"0.05",TRUE,6.11230232141322e-05,-5.70496969189168e-05,2.35344776025708e-05,-1.94611513073554e-05,3.75885456115614e-05,0.271277166751559
"bivt",1e-04,50000,"0.1",TRUE,5.80817692786675e-05,-5.47719916691047e-05,2.0493223667106e-05,-1.71834460575433e-05,3.75885456115614e-05,0.271277166751559
"bivt",1e-04,50000,"0.01",TRUE,6.65498690338205e-05,-5.98099210812719e-05,2.8961323422259e-05,-2.22213754697104e-05,3.75885456115614e-05,0.271277166751559
"bivt",1e-04,50000,"0.05",TRUE,8.92792555052944e-05,-8.54505456551004e-05,2.22079085563511e-05,-1.83791987061571e-05,6.70713469489433e-05,0.254892534966467
"bivt",1e-04,50000,"0.1",TRUE,8.66919066038137e-05,-8.38397802714221e-05,1.96205596548704e-05,-1.67684333224788e-05,6.70713469489433e-05,0.254892534966467
"bivt",1e-04,50000,"0.01",TRUE,9.42151291120906e-05,-8.81114224505061e-05,2.71437821631472e-05,-2.10400755015628e-05,6.70713469489433e-05,0.254892534966467
"bivt",1e-04,50000,"0.05",TRUE,7.04113347589711e-05,-6.76974919100778e-05,2.11939121962425e-05,-1.84800693473492e-05,4.92174225627286e-05,0.272716792342404
"bivt",1e-04,50000,"0.1",TRUE,6.86972630900655e-05,-6.59858552683387e-05,1.94798405273369e-05,-1.67684327056101e-05,4.92174225627286e-05,0.272716792342404
"bivt",1e-04,50000,"0.01",TRUE,7.76881524213568e-05,-7.14566351752331e-05,2.84707298586281e-05,-2.22392126125045e-05,4.92174225627286e-05,0.272716792342404
"bivt",1e-04,50000,"0.05",TRUE,8.10690241445387e-05,-7.74264476793864e-05,1.9812115671179e-05,-1.61695392060267e-05,6.12569084733597e-05,0.304247218258049
"bivt",1e-04,50000,"0.1",TRUE,7.87866171589808e-05,-7.56492658550228e-05,1.75297086856211e-05,-1.4392357381663e-05,6.12569084733597e-05,0.304247218258049
"bivt",1e-04,50000,"0.01",TRUE,8.47379248146489e-05,-8.00468920935879e-05,2.34810163412892e-05,-1.87899836202282e-05,6.12569084733597e-05,0.304247218258049
"bivt",1e-04,50000,"0.05",TRUE,7.3472623415178e-05,-6.89536625912436e-05,2.42552008524494e-05,-1.9736240028515e-05,4.92174225627286e-05,0.259731637279912
"bivt",1e-04,50000,"0.1",TRUE,7.03536764531976e-05,-6.61988268360049e-05,2.1136253890469e-05,-1.69814042732763e-05,4.92174225627286e-05,0.259731637279912
"bivt",1e-04,50000,"0.01",TRUE,7.67079636472703e-05,-7.21425905038665e-05,2.74905410845417e-05,-2.29251679411379e-05,4.92174225627286e-05,0.259731637279912
"bivt",1e-04,50000,"0.05",TRUE,8.62443148163451e-05,-8.10895630127041e-05,2.53980153024493e-05,-2.02432634988083e-05,6.08462995138958e-05,0.270210395192257
"bivt",1e-04,50000,"0.1",TRUE,8.29177631255212e-05,-7.93913201277932e-05,2.20714636116254e-05,-1.85450206138974e-05,6.08462995138958e-05,0.270210395192257
"bivt",1e-04,50000,"0.01",TRUE,9.39056022225969e-05,-8.64230992130215e-05,3.30593027087011e-05,-2.55767996991257e-05,6.08462995138958e-05,0.270210395192257
"bivt",1e-04,50000,"0.05",TRUE,0.000101935222163183,-9.46465279273494e-05,2.94600456981204e-05,-2.21713514622863e-05,7.2475176465063e-05,0.222234686353081
"bivt",1e-04,50000,"0.1",TRUE,9.85215958411888e-05,-9.2525159075904e-05,2.60464193761258e-05,-2.0049982610841e-05,7.2475176465063e-05,0.222234686353081
"bivt",1e-04,50000,"0.01",TRUE,0.000106219395834813,-9.83191032366388e-05,3.374421936975e-05,-2.58439267715757e-05,7.2475176465063e-05,0.222234686353081
"bivt",1e-04,50000,"0.05",TRUE,6.28494776889137e-05,-5.75667989257781e-05,2.48503231178884e-05,-1.95676443547527e-05,3.79991545710253e-05,0.281906605602624
"bivt",1e-04,50000,"0.1",TRUE,5.88227149973037e-05,-5.51366865626712e-05,2.08235604262783e-05,-1.71375319916458e-05,3.79991545710253e-05,0.281906605602624
"bivt",1e-04,50000,"0.01",TRUE,6.92619429413087e-05,-6.09611887936843e-05,3.12627883702834e-05,-2.29620342226589e-05,3.79991545710253e-05,0.281906605602624
"bivt",1e-04,50000,"0.05",TRUE,6.0405438076215e-05,-5.62660031557027e-05,2.24062835051897e-05,-1.82668485846774e-05,3.79991545710253e-05,0.274562647071379
"bivt",1e-04,50000,"0.1",TRUE,5.71604309676797e-05,-5.42147364513057e-05,1.91612763966544e-05,-1.62155818802803e-05,3.79991545710253e-05,0.274562647071379
"bivt",1e-04,50000,"0.01",TRUE,6.55959120064199e-05,-6.04209360239965e-05,2.75967574353946e-05,-2.24217814529712e-05,3.79991545710253e-05,0.274562647071379
"bivt",1e-04,50000,"0.05",TRUE,6.84803006187389e-05,-6.40813441487227e-05,2.50773165315939e-05,-2.06783600615777e-05,4.3402984087145e-05,0.262490287588529
"bivt",1e-04,50000,"0.1",TRUE,6.57186861587475e-05,-6.24313167550586e-05,2.23157020716025e-05,-1.90283326679136e-05,4.3402984087145e-05,0.262490287588529
"bivt",1e-04,50000,"0.01",TRUE,7.58640421612741e-05,-6.68969187754788e-05,3.24610580741291e-05,-2.34939346883338e-05,4.3402984087145e-05,0.262490287588529
"bivt",1e-04,50000,"0.05",TRUE,6.02023456191918e-05,-5.24690695992678e-05,2.801762952375e-05,-2.0284353503826e-05,3.21847160954418e-05,0.265402282887184
"bivt",1e-04,50000,"0.1",TRUE,5.66206104136203e-05,-5.00100284992149e-05,2.44358943181786e-05,-1.78253124037731e-05,3.21847160954418e-05,0.265402282887184
"bivt",1e-04,50000,"0.01",TRUE,6.72739161977736e-05,-5.57839517031705e-05,3.50892001023318e-05,-2.35992356077287e-05,3.21847160954418e-05,0.265402282887184
"bivt",1e-04,50000,"0.05",TRUE,5.87773053868321e-05,-5.40645247057375e-05,2.70031982508543e-05,-2.22904175697597e-05,3.17741071359778e-05,0.247993857679348
"bivt",1e-04,50000,"0.1",TRUE,5.56570942312919e-05,-5.07973979633696e-05,2.3882987095314e-05,-1.90232908273918e-05,3.17741071359778e-05,0.247993857679348
"bivt",1e-04,50000,"0.01",TRUE,6.56034103084988e-05,-5.68768916530057e-05,3.3829303172521e-05,-2.51027845170279e-05,3.17741071359778e-05,0.247993857679348
"bivt",1e-04,50000,"0.05",TRUE,7.2538788233465e-05,-6.86440529196132e-05,2.33213656707364e-05,-1.94266303568846e-05,4.92174225627286e-05,0.260453590797541
"bivt",1e-04,50000,"0.1",TRUE,6.94498271937868e-05,-6.71537746511409e-05,2.02324046310582e-05,-1.79363520884123e-05,4.92174225627286e-05,0.260453590797541
"bivt",1e-04,50000,"0.01",TRUE,7.84810999911948e-05,-7.18360404433097e-05,2.92636774284661e-05,-2.2618617880581e-05,4.92174225627286e-05,0.260453590797541
"bivt",1e-04,50000,"0.05",TRUE,0.00014142355730457,-0.0001328026460762,2.8247311510422e-05,-1.96264002820514e-05,0.000113176245794148,0.260489713408161
"bivt",1e-04,50000,"0.1",TRUE,0.00013844555644572,-0.000130881717805366,2.52693106515716e-05,-1.77054720112183e-05,0.000113176245794148,0.260489713408161
"bivt",1e-04,50000,"0.01",TRUE,0.000149076391115646,-0.000136340763901162,3.59001453214981e-05,-2.31645181070142e-05,0.000113176245794148,0.260489713408161
"bivt",1e-04,50000,"0.05",TRUE,7.11266154544251e-05,-6.46283245683551e-05,2.77236313672801e-05,-2.12253404812101e-05,4.3402984087145e-05,0.25802793856124
"bivt",1e-04,50000,"0.1",TRUE,6.80182123194752e-05,-6.28779381886789e-05,2.46152282323302e-05,-1.94749541015339e-05,4.3402984087145e-05,0.25802793856124
"bivt",1e-04,50000,"0.01",TRUE,7.86881212759636e-05,-6.84128866946253e-05,3.52851371888186e-05,-2.50099026074803e-05,4.3402984087145e-05,0.25802793856124
"bivt",1e-04,50000,"0.05",TRUE,0.00011802853407702,-0.000111368479386401,2.81100421852066e-05,-2.14499874945876e-05,8.99184918918138e-05,0.273451349746747
"bivt",1e-04,50000,"0.1",TRUE,0.000115420156045757,-0.000109298483263868,2.55016641539431e-05,-1.93799913720538e-05,8.99184918918138e-05,0.273451349746747
"bivt",1e-04,50000,"0.01",TRUE,0.000125217481859796,-0.000114788483262691,3.52989899679819e-05,-2.48699913708769e-05,8.99184918918138e-05,0.273451349746747
"bivt",1e-04,50000,"0.05",TRUE,8.09472301597543e-05,-7.53072034045506e-05,2.59153691214421e-05,-2.02753423662384e-05,5.50318610383122e-05,0.26687906756148
"bivt",1e-04,50000,"0.1",TRUE,7.82373126445515e-05,-7.36461265850931e-05,2.32054516062393e-05,-1.86142655467809e-05,5.50318610383122e-05,0.26687906756148
"bivt",1e-04,50000,"0.01",TRUE,9.03250928749199e-05,-7.94084852874575e-05,3.52932318366077e-05,-2.43766242491453e-05,5.50318610383122e-05,0.26687906756148
"bivt",1e-04,50000,"0.05",TRUE,6.10287070529594e-05,-5.62573710189577e-05,2.34401614413979e-05,-1.86688254073963e-05,3.75885456115614e-05,0.283281371453877
"bivt",1e-04,50000,"0.1",TRUE,5.83938190548559e-05,-5.49397632361109e-05,2.08052734432945e-05,-1.73512176245494e-05,3.75885456115614e-05,0.283281371453877
"bivt",1e-04,50000,"0.01",TRUE,6.66948071456666e-05,-5.91806296611214e-05,2.91062615341051e-05,-2.159208404956e-05,3.75885456115614e-05,0.283281371453877
"bivt",1e-04,50000,"0.05",TRUE,0.000104743253195127,-9.84516075411968e-05,2.64536382544805e-05,-2.01619926005502e-05,7.82896149406466e-05,0.265031919127302
"bivt",1e-04,50000,"0.1",TRUE,0.00010103734005528,-9.64582565124899e-05,2.27477251146329e-05,-1.81686415718433e-05,7.82896149406466e-05,0.265031919127302
"bivt",1e-04,50000,"0.01",TRUE,0.000111600719319869,-0.000102817801485268,3.33111043792229e-05,-2.45281865446212e-05,7.82896149406466e-05,0.265031919127302
"bivt",1e-04,50000,"0.05",TRUE,6.28471321280073e-05,-5.76105310717214e-05,2.48479775569819e-05,-1.96113765006961e-05,3.79991545710253e-05,0.271663943270287
"bivt",1e-04,50000,"0.1",TRUE,6.00427612283773e-05,-5.59718364288454e-05,2.2043606657352e-05,-1.79726818578201e-05,3.79991545710253e-05,0.271663943270287
"bivt",1e-04,50000,"0.01",TRUE,6.94014084330478e-05,-6.18464372235266e-05,3.14022538620224e-05,-2.38472826525013e-05,3.79991545710253e-05,0.271663943270287
"bivt",1e-04,50000,"0.05",TRUE,6.08425266677756e-05,-5.69868227818933e-05,2.32539810562142e-05,-1.93982771703319e-05,3.75885456115614e-05,0.249183480377302
"bivt",1e-04,50000,"0.1",TRUE,5.84259043643669e-05,-5.51938023624284e-05,2.08373587528055e-05,-1.7605256750867e-05,3.75885456115614e-05,0.249183480377302
"bivt",1e-04,50000,"0.01",TRUE,6.79147545291181e-05,-6.05039708935788e-05,3.03262089175566e-05,-2.29154252820173e-05,3.75885456115614e-05,0.249183480377302
"bivt",1e-04,50000,"0.05",TRUE,0.000110324092122328,-0.000104985097597287,2.62200387060978e-05,-2.08810441810571e-05,8.41040534162302e-05,0.258569215714136
"bivt",1e-04,50000,"0.1",TRUE,0.000107703265897989,-0.000102910937089708,2.35992124817593e-05,-1.8806883673478e-05,8.41040534162302e-05,0.258569215714136
"bivt",1e-04,50000,"0.01",TRUE,0.000117358304445314,-0.000108084844987823,3.32542510290838e-05,-2.39807915715925e-05,8.41040534162302e-05,0.258569215714136
"bivt",1e-04,50000,"0.05",TRUE,0.000171306524959874,-0.000164080761437393,2.90580867878083e-05,-2.18323232653272e-05,0.000142248438172066,0.240307474036323
"bivt",1e-04,50000,"0.1",TRUE,0.000167744277345141,-0.000162133682507877,2.54958391730744e-05,-1.98852443358109e-05,0.000142248438172066,0.240307474036323
"bivt",1e-04,50000,"0.01",TRUE,0.000176677656181479,-0.000167296672389663,3.4429218009413e-05,-2.50482342175966e-05,0.000142248438172066,0.240307474036323
"bivt",1e-04,50000,"0.05",TRUE,6.26305489442131e-05,-5.69206280332628e-05,2.50420033326517e-05,-1.93320824217014e-05,3.75885456115614e-05,0.264558223955014
"bivt",1e-04,50000,"0.1",TRUE,5.98150110056857e-05,-5.52686620392998e-05,2.22264653941242e-05,-1.76801164277384e-05,3.75885456115614e-05,0.264558223955014
"bivt",1e-04,50000,"0.01",TRUE,6.70740642361019e-05,-6.06106290625551e-05,2.94855186245405e-05,-2.30220834509936e-05,3.75885456115614e-05,0.264558223955014
"bivt",1e-04,50000,"0.05",TRUE,8.9341769187902e-05,-8.45534285886945e-05,2.26810311984226e-05,-1.78926905992152e-05,6.66607379894794e-05,0.272492544385561
"bivt",1e-04,50000,"0.1",TRUE,8.70946332319669e-05,-8.29066913425925e-05,2.04338952424876e-05,-1.62459533531131e-05,6.66607379894794e-05,0.272492544385561
"bivt",1e-04,50000,"0.01",TRUE,9.57272513802952e-05,-8.80293490898669e-05,2.90665133908158e-05,-2.13686111003875e-05,6.66607379894794e-05,0.272492544385561
"bivt",1e-04,50000,"0.05",TRUE,6.92454549543937e-05,-6.35521988699857e-05,2.58424708672487e-05,-2.01492147828407e-05,4.3402984087145e-05,0.264832056666132
"bivt",1e-04,50000,"0.1",TRUE,6.6505839974499e-05,-6.20697819568531e-05,2.3102855887354e-05,-1.86667978697081e-05,4.3402984087145e-05,0.264832056666132
"bivt",1e-04,50000,"0.01",TRUE,7.6676764490749e-05,-6.78890837649868e-05,3.3273780403604e-05,-2.44860996778418e-05,4.3402984087145e-05,0.264832056666132
"bivt",1e-04,50000,"0.05",TRUE,5.77814896311039e-05,-5.1799756990077e-05,2.55967735356621e-05,-1.96150408946352e-05,3.21847160954418e-05,0.2819046912903
"bivt",1e-04,50000,"0.1",TRUE,5.47794238484708e-05,-4.98108039299726e-05,2.25947077530291e-05,-1.76260878345308e-05,3.21847160954418e-05,0.2819046912903
"bivt",1e-04,50000,"0.01",TRUE,6.73339067723897e-05,-5.51783771024006e-05,3.51491906769479e-05,-2.29936610069589e-05,3.21847160954418e-05,0.2819046912903
"bivt",1e-04,50000,"0.05",TRUE,7.88024277696881e-05,-7.2900499114526e-05,2.37705667313759e-05,-1.78686380762138e-05,5.50318610383122e-05,0.273807648601482
"bivt",1e-04,50000,"0.1",TRUE,7.63775257469957e-05,-7.09710493331694e-05,2.13456647086835e-05,-1.59391882948572e-05,5.50318610383122e-05,0.273807648601482
"bivt",1e-04,50000,"0.01",TRUE,8.48385086793445e-05,-7.58555238871658e-05,2.98066476410323e-05,-2.08236628488536e-05,5.50318610383122e-05,0.273807648601482
"bivt",1e-04,50000,"0.05",TRUE,5.8387177621178e-05,-5.05063048976255e-05,2.62024615257362e-05,-1.83215888021838e-05,3.21847160954418e-05,0.272159332913482
"bivt",1e-04,50000,"0.1",TRUE,5.45510257531876e-05,-4.90697937681061e-05,2.23663096577458e-05,-1.68850776726643e-05,3.21847160954418e-05,0.272159332913482
"bivt",1e-04,50000,"0.01",TRUE,6.14287041740511e-05,-5.43690053056232e-05,2.92439880786093e-05,-2.21842892101815e-05,3.21847160954418e-05,0.272159332913482
"bivt",1e-04,50000,"0.05",TRUE,8.59408830076345e-05,-8.01801733287469e-05,2.50945834937387e-05,-1.93338738148511e-05,6.08462995138958e-05,0.271713149665353
"bivt",1e-04,50000,"0.1",TRUE,8.33336031908888e-05,-7.80190094190941e-05,2.2487303676993e-05,-1.71727099051983e-05,6.08462995138958e-05,0.271713149665353
"bivt",1e-04,50000,"0.01",TRUE,9.08961305693076e-05,-8.32363297516365e-05,3.00498310554119e-05,-2.23900302377407e-05,6.08462995138958e-05,0.271713149665353
"bivt",1e-04,50000,"0.05",TRUE,5.85381597486866e-05,-5.20475298066266e-05,2.67640526127088e-05,-2.02734226706488e-05,3.17741071359778e-05,0.26450293571281
"bivt",1e-04,50000,"0.1",TRUE,5.49693675049162e-05,-5.00874505923992e-05,2.31952603689384e-05,-1.83133434564214e-05,3.17741071359778e-05,0.26450293571281
"bivt",1e-04,50000,"0.01",TRUE,6.32728797897773e-05,-5.52344362066028e-05,3.14987726537994e-05,-2.34603290706249e-05,3.17741071359778e-05,0.26450293571281
"bivt",1e-04,50000,"0.05",TRUE,5.99512899128001e-05,-5.61114086022156e-05,2.23627443012387e-05,-1.85228629906542e-05,3.75885456115614e-05,0.29176567503938
"bivt",1e-04,50000,"0.1",TRUE,5.73804407130509e-05,-5.42880839367004e-05,1.97918951014894e-05,-1.66995383251389e-05,3.75885456115614e-05,0.29176567503938
"bivt",1e-04,50000,"0.01",TRUE,6.4282736998251e-05,-5.82736959445355e-05,2.66941913866896e-05,-2.0685150332974e-05,3.75885456115614e-05,0.29176567503938
"bivt",1e-04,50000,"0.05",TRUE,0.000117179278982206,-0.000110792419786179,2.72607870903918e-05,-2.08739278943651e-05,8.99184918918138e-05,0.23259954780977
"bivt",1e-04,50000,"0.1",TRUE,0.000113666759995533,-0.000109259987854151,2.3748268103719e-05,-1.93414959623371e-05,8.99184918918138e-05,0.23259954780977
"bivt",1e-04,50000,"0.01",TRUE,0.000125917509814333,-0.000114350002281951,3.59990179225196e-05,-2.4431510390137e-05,8.99184918918138e-05,0.23259954780977
"bivt",1e-04,50000,"0.05",TRUE,9.76414623047407e-05,-9.4511308481529e-05,1.89412384046302e-05,-1.58110845814185e-05,7.87002239001105e-05,0.296747307597599
"bivt",1e-04,50000,"0.1",TRUE,9.53903015298913e-05,-9.33522629096368e-05,1.66900776297808e-05,-1.46520390095263e-05,7.87002239001105e-05,0.296747307597599
"bivt",1e-04,50000,"0.01",TRUE,0.000103605206108255,-9.77817893876966e-05,2.49049822081446e-05,-1.90815654875861e-05,7.87002239001105e-05,0.296747307597599
"bivt",1e-04,50000,"0.05",TRUE,0.000104500200348624,-9.87517940923833e-05,2.62105854079773e-05,-2.04621791517367e-05,7.82896149406466e-05,0.241965993522951
"bivt",1e-04,50000,"0.1",TRUE,0.000100089846062485,-9.72514720481576e-05,2.18002311218386e-05,-1.8961857107511e-05,7.82896149406466e-05,0.241965993522951
"bivt",1e-04,50000,"0.01",TRUE,0.000107925463400342,-0.000102749237519894,2.96358484596958e-05,-2.44596225792472e-05,7.82896149406466e-05,0.241965993522951
"bivt",1e-04,50000,"0.05",TRUE,8.98219119503695e-05,-8.54710741260277e-05,2.31611739608901e-05,-1.88103361365483e-05,6.66607379894794e-05,0.265063034694326
"bivt",1e-04,50000,"0.1",TRUE,8.66665011213491e-05,-8.47394154535745e-05,2.00057631318697e-05,-1.80786774640951e-05,6.66607379894794e-05,0.265063034694326
"bivt",1e-04,50000,"0.01",TRUE,9.65190854389966e-05,-8.86464458744592e-05,2.98583474495172e-05,-2.19857078849798e-05,6.66607379894794e-05,0.265063034694326
"bivt",1e-04,50000,"0.05",TRUE,7.40611887962014e-05,-6.81198466203221e-05,2.48437662334728e-05,-1.89024240575935e-05,4.92174225627286e-05,0.262084536273455
"bivt",1e-04,50000,"0.1",TRUE,7.03876740683332e-05,-6.63332880546424e-05,2.11702515056046e-05,-1.71158654919138e-05,4.92174225627286e-05,0.262084536273455
"bivt",1e-04,50000,"0.01",TRUE,7.99436320873376e-05,-7.20562227314185e-05,3.0726209524609e-05,-2.28388001686899e-05,4.92174225627286e-05,0.262084536273455
"bivt",1e-04,50000,"0.05",TRUE,0.000123374494977653,-0.000116954990128135,2.76415646102552e-05,-2.12220597607376e-05,9.57329303673974e-05,0.256572616846336
"bivt",1e-04,50000,"0.1",TRUE,0.000120694262051191,-0.000115101616071175,2.49613316837937e-05,-1.93686857037781e-05,9.57329303673974e-05,0.256572616846336
"bivt",1e-04,50000,"0.01",TRUE,0.000129037143676908,-0.000120237069142883,3.33042133095102e-05,-2.45041387754858e-05,9.57329303673974e-05,0.256572616846336
"bivt",1e-04,50000,"0.05",TRUE,7.30799972362939e-05,-6.77382621810093e-05,2.34519657141013e-05,-1.81102306588168e-05,4.96280315221925e-05,0.293158704466629
"bivt",1e-04,50000,"0.1",TRUE,7.05041404471707e-05,-6.6564607162276e-05,2.08761089249782e-05,-1.69365756400835e-05,4.96280315221925e-05,0.293158704466629
"bivt",1e-04,50000,"0.01",TRUE,8.14620170180198e-05,-7.14703299694168e-05,3.18339854958272e-05,-2.18422984472243e-05,4.96280315221925e-05,0.293158704466629
"bivt",1e-04,50000,"0.05",TRUE,4.59164123822506e-05,-4.43164641992261e-05,1.95461347623925e-05,-1.79461865793679e-05,2.63702776198581e-05,0.279452379697981
"bivt",1e-04,50000,"0.1",TRUE,4.40064971521008e-05,-4.23893565706399e-05,1.76362195322427e-05,-1.60190789507817e-05,2.63702776198581e-05,0.279452379697981
"bivt",1e-04,50000,"0.01",TRUE,5.04116878051624e-05,-4.78520259811288e-05,2.40414101853042e-05,-2.14817483612707e-05,2.63702776198581e-05,0.279452379697981
"bivt",1e-04,50000,"0.05",TRUE,0.000111362327347253,-0.000106054348181787,2.72582739310226e-05,-2.19502947655571e-05,8.41040534162302e-05,0.257693537390043
"bivt",1e-04,50000,"0.1",TRUE,0.000108498170070322,-0.000104115442777787,2.4394116654092e-05,-2.00113893615571e-05,8.41040534162302e-05,0.257693537390043
"bivt",1e-04,50000,"0.01",TRUE,0.000119177797638148,-0.000110451527175693,3.5073744221918e-05,-2.63474737594627e-05,8.41040534162302e-05,0.257693537390043
"bivt",1e-04,50000,"0.05",TRUE,9.07053689694933e-05,-8.59869754703753e-05,2.40446309800139e-05,-1.93262374808959e-05,6.66607379894794e-05,0.275622403784277
"bivt",1e-04,50000,"0.1",TRUE,8.64842688607751e-05,-8.46203305771789e-05,1.98235308712957e-05,-1.79595925876996e-05,6.66607379894794e-05,0.275622403784277
"bivt",1e-04,50000,"0.01",TRUE,9.44283712893309e-05,-8.94303488480891e-05,2.77676332998515e-05,-2.27696108586097e-05,6.66607379894794e-05,0.275622403784277
"bivt",1e-04,50000,"0.05",TRUE,9.25368388633079e-05,-8.73583119001355e-05,2.58761008738285e-05,-2.06975739106561e-05,6.66607379894794e-05,0.265326986379247
"bivt",1e-04,50000,"0.1",TRUE,9.00489793859942e-05,-8.50952849138413e-05,2.33882413965149e-05,-1.84345469243619e-05,6.66607379894794e-05,0.265326986379247
"bivt",1e-04,50000,"0.01",TRUE,9.85285684814667e-05,-8.98978973164632e-05,3.18678304919873e-05,-2.32371593269838e-05,6.66607379894794e-05,0.265326986379247
"bivt",1e-04,50000,"0.05",TRUE,5.11291973091947e-05,-4.4927108216685e-05,2.51695286488005e-05,-1.89674395562907e-05,2.59596686603942e-05,0.279289950970167
"bivt",1e-04,50000,"0.1",TRUE,4.82650260828711e-05,-4.27626106346313e-05,2.23053574224769e-05,-1.6802941974237e-05,2.59596686603942e-05,0.279289950970167
"bivt",1e-04,50000,"0.01",TRUE,5.80346293705535e-05,-4.81876853758891e-05,3.20749607101593e-05,-2.22280167154949e-05,2.59596686603942e-05,0.279289950970167
"bivt",1e-04,50000,"0.05",TRUE,8.30675918141869e-05,-7.87414998506459e-05,2.18106833408271e-05,-1.74845913772862e-05,6.12569084733597e-05,0.259388063799997
"bivt",1e-04,50000,"0.1",TRUE,8.09608548107157e-05,-7.73266397971416e-05,1.9703946337356e-05,-1.60697313237819e-05,6.12569084733597e-05,0.259388063799997
"bivt",1e-04,50000,"0.01",TRUE,8.97835446057122e-05,-8.17940869121415e-05,2.85266361323525e-05,-2.05371784387817e-05,6.12569084733597e-05,0.259388063799997
"bivt",1e-04,50000,"0.05",TRUE,0.000110003825196569,-0.000106827873192629,1.96747243452912e-05,-1.64987723413517e-05,9.03291008512777e-05,0.299980793524809
"bivt",1e-04,50000,"0.1",TRUE,0.000107753317153857,-0.000105200014783795,1.74242163025792e-05,-1.48709139325173e-05,9.03291008512777e-05,0.299980793524809
"bivt",1e-04,50000,"0.01",TRUE,0.000114345121267685,-0.000108546381559617,2.40160204164068e-05,-1.82172807083391e-05,9.03291008512777e-05,0.299980793524809
"bivt",1e-04,50000,"0.05",TRUE,9.29578771286243e-05,-8.72369710365497e-05,2.62971391391449e-05,-2.05762330470703e-05,6.66607379894794e-05,0.257028600669312
"bivt",1e-04,50000,"0.1",TRUE,8.98674022515156e-05,-8.52569342103783e-05,2.32066642620362e-05,-1.85961962208989e-05,6.66607379894794e-05,0.257028600669312
"bivt",1e-04,50000,"0.01",TRUE,9.71141721486097e-05,-9.02634699475449e-05,3.04534341591303e-05,-2.36027319580656e-05,6.66607379894794e-05,0.257028600669312
"bivt",1e-04,50000,"0.05",TRUE,9.11996728539487e-05,-8.74559880526774e-05,2.45389348644693e-05,-2.0795250063198e-05,6.66607379894794e-05,0.27013208982282
"bivt",1e-04,50000,"0.1",TRUE,8.80575257591121e-05,-8.56962647725214e-05,2.13967877696327e-05,-1.9035526783042e-05,6.66607379894794e-05,0.27013208982282
"bivt",1e-04,50000,"0.01",TRUE,9.8078674274621e-05,-9.10794777512751e-05,3.14179362851416e-05,-2.44187397617957e-05,6.66607379894794e-05,0.27013208982282
"bivt",1e-04,50000,"0.05",TRUE,0.000122303996734943,-0.000118664853791488,2.03460189324985e-05,-1.67068759890428e-05,0.000101957977802445,0.28175785256636
"bivt",1e-04,50000,"0.1",TRUE,0.00012030304061707,-0.000116995628446511,1.83450628146248e-05,-1.5037650644066e-05,0.000101957977802445,0.28175785256636
"bivt",1e-04,50000,"0.01",TRUE,0.000126554555683468,-0.000121840120775247,2.45965778810227e-05,-1.98821429728021e-05,0.000101957977802445,0.28175785256636
"bivt",1e-04,50000,"0.05",FALSE,4.77279282904332e-05,-4.21090646627194e-05,2.17682596300389e-05,-1.61493960023252e-05,2.59596686603942e-05,0.300212312466401
"bivt",1e-04,50000,"0.1",FALSE,4.44254949315398e-05,-4.08375210445072e-05,1.84658262711456e-05,-1.48778523841129e-05,2.59596686603942e-05,0.300212312466401
"bivt",1e-04,50000,"0.01",FALSE,5.3068553910694e-05,-4.47659967676367e-05,2.71088852502998e-05,-1.88063281072425e-05,2.59596686603942e-05,0.300212312466401
"bivt",1e-04,50000,"0.05",TRUE,0.0001279036802901,-0.000122050313762905,2.63563114471195e-05,-2.05029449199239e-05,0.000101547368842981,0.258946094122837
"bivt",1e-04,50000,"0.1",TRUE,0.000124168881317581,-0.000120536899457979,2.26215124745996e-05,-1.8989530614998e-05,0.000101547368842981,0.258946094122837
"bivt",1e-04,50000,"0.01",TRUE,0.000134188575124538,-0.000125113714376383,3.26412062815575e-05,-2.3566345533402e-05,0.000101547368842981,0.258946094122837
"bivt",1e-04,50000,"0.05",TRUE,6.96373246522473e-05,-6.29501597468936e-05,2.62343405651023e-05,-1.95471756597486e-05,4.3402984087145e-05,0.275076083780166
"bivt",1e-04,50000,"0.1",TRUE,6.68449955415547e-05,-6.14559649412923e-05,2.34420114544097e-05,-1.80529808541473e-05,4.3402984087145e-05,0.275076083780166
"bivt",1e-04,50000,"0.01",TRUE,7.58816698442565e-05,-6.62117418648075e-05,3.24786857571114e-05,-2.28087577776625e-05,4.3402984087145e-05,0.275076083780166
"bivt",1e-04,50000,"0.05",TRUE,6.75102844509699e-05,-6.32303919462933e-05,2.3696691404361e-05,-1.94167988996844e-05,4.38135930466089e-05,0.279003468746221
"bivt",1e-04,50000,"0.1",TRUE,6.46660432911147e-05,-6.14679884284624e-05,2.08524502445058e-05,-1.76543953818535e-05,4.38135930466089e-05,0.279003468746221
"bivt",1e-04,50000,"0.01",TRUE,7.29633043493435e-05,-6.66473539289291e-05,2.91497113027346e-05,-2.28337608823201e-05,4.38135930466089e-05,0.279003468746221
"bivt",1e-04,50000,"0.05",TRUE,9.7119353258981e-05,-9.27523693153941e-05,2.4644176793918e-05,-2.02771928503311e-05,7.2475176465063e-05,0.246893251209486
"bivt",1e-04,50000,"0.1",TRUE,9.4405055775088e-05,-9.10975080300027e-05,2.1929879310025e-05,-1.86223315649397e-05,7.2475176465063e-05,0.246893251209486
"bivt",1e-04,50000,"0.01",TRUE,0.000103985979314852,-9.66782607043219e-05,3.15108028497892e-05,-2.42030842392589e-05,7.2475176465063e-05,0.246893251209486
"bivt",1e-04,50000,"0.05",TRUE,0.00011018565786205,-0.0001040469302453,2.60816044458199e-05,-1.99428768290694e-05,8.41040534162302e-05,0.264614856513441
"bivt",1e-04,50000,"0.1",TRUE,0.000106408203464472,-0.000101971585598011,2.2304150048242e-05,-1.78675321817811e-05,8.41040534162302e-05,0.264614856513441
"bivt",1e-04,50000,"0.01",TRUE,0.000116861689582155,-0.000107557052171899,3.27576361659245e-05,-2.34529987556689e-05,8.41040534162302e-05,0.264614856513441
"bivt",1e-04,50000,"0.05",TRUE,0.000139394578081234,-0.000132802016354331,2.62183322870854e-05,-1.96257705601826e-05,0.000113176245794148,0.232755719672094
"bivt",1e-04,50000,"0.1",TRUE,0.000135919072248612,-0.000131027696078056,2.27428264544642e-05,-1.78514502839082e-05,0.000113176245794148,0.232755719672094
"bivt",1e-04,50000,"0.01",TRUE,0.000147399792267116,-0.000136757703932742,3.42235464729675e-05,-2.35814581385943e-05,0.000113176245794148,0.232755719672094
"bivt",1e-04,50000,"0.05",TRUE,0.000153587250211254,-0.0001464248393183,2.87821274659383e-05,-2.16197165729852e-05,0.000124805122745315,0.250707254430167
"bivt",1e-04,50000,"0.1",TRUE,0.00015005532949375,-0.000144438428402727,2.52502067484342e-05,-1.96333056574121e-05,0.000124805122745315,0.250707254430167
"bivt",1e-04,50000,"0.01",TRUE,0.000161510663496697,-0.000151391022790808,3.67055407513816e-05,-2.6585900045493e-05,0.000124805122745315,0.250707254430167
"bivt",1e-04,50000,"0.05",TRUE,7.75888610094781e-05,-7.43721975841151e-05,2.21463910117019e-05,-1.8929727586339e-05,5.54424699977761e-05,0.296148189509833
"bivt",1e-04,50000,"0.1",TRUE,7.57667162254337e-05,-7.23122024577221e-05,2.03242462276576e-05,-1.6869732459946e-05,5.54424699977761e-05,0.296148189509833
"bivt",1e-04,50000,"0.01",TRUE,8.12957937862593e-05,-7.70963163863951e-05,2.58533237884832e-05,-2.16538463886189e-05,5.54424699977761e-05,0.296148189509833
"bivt",1e-04,50000,"0.05",TRUE,4.91059646659174e-05,-4.37777177841484e-05,2.27356870460592e-05,-1.74074401642903e-05,2.63702776198581e-05,0.261840233559652
"bivt",1e-04,50000,"0.1",TRUE,4.50970055543226e-05,-4.19217991969089e-05,1.87267279344644e-05,-1.55515215770508e-05,2.63702776198581e-05,0.261840233559652
"bivt",1e-04,50000,"0.01",TRUE,5.40536224191689e-05,-4.83822474998909e-05,2.76833447993107e-05,-2.20119698800328e-05,2.63702776198581e-05,0.261840233559652
"bivt",1e-04,50000,"0.05",TRUE,6.86519486041243e-05,-6.31059068150249e-05,2.52489645169793e-05,-1.97029227278798e-05,4.3402984087145e-05,0.25384495494693
"bivt",1e-04,50000,"0.1",TRUE,6.4583837940025e-05,-6.13270537247666e-05,2.118085385288e-05,-1.79240696376216e-05,4.3402984087145e-05,0.25384495494693
"bivt",1e-04,50000,"0.01",TRUE,7.38957262642505e-05,-6.59478008188698e-05,3.04927421771055e-05,-2.25448167317248e-05,4.3402984087145e-05,0.25384495494693
"bivt",1e-04,50000,"0.05",TRUE,0.000139273684394307,-0.000129872744359536,3.19118770757421e-05,-2.25109370409712e-05,0.000107361807318565,0.224182278069683
"bivt",1e-04,50000,"0.1",TRUE,0.00013582633323737,-0.000127829353825192,2.84645259188058e-05,-2.04675465066273e-05,0.000107361807318565,0.224182278069683
"bivt",1e-04,50000,"0.01",TRUE,0.000147498593760141,-0.000134527114360301,4.01367864415768e-05,-2.71653070417368e-05,0.000107361807318565,0.224182278069683
"bivt",1e-04,50000,"0.05",TRUE,6.45601969668496e-05,-5.60684763809427e-05,2.69716513552882e-05,-1.84799307693812e-05,3.75885456115614e-05,0.270735721089682
"bivt",1e-04,50000,"0.1",TRUE,6.07975218595283e-05,-5.49224158432417e-05,2.32089762479668e-05,-1.73338702316802e-05,3.75885456115614e-05,0.270735721089682
"bivt",1e-04,50000,"0.01",TRUE,6.95479156676846e-05,-5.96762946041066e-05,3.19593700561231e-05,-2.20877489925452e-05,3.75885456115614e-05,0.270735721089682
"bivt",1e-04,50000,"0.05",TRUE,0.000121326997507634,-0.000115097436094456,2.55940671402365e-05,-1.93645057270586e-05,9.57329303673974e-05,0.258537561523858
"bivt",1e-04,50000,"0.1",TRUE,0.000117730435293341,-0.000113509421118848,2.19975049259434e-05,-1.77764907514507e-05,9.57329303673974e-05,0.258537561523858
"bivt",1e-04,50000,"0.01",TRUE,0.000129298825463208,-0.000118299960704279,3.35658950958103e-05,-2.25670303368814e-05,9.57329303673974e-05,0.258537561523858
"bivt",1e-04,50000,"0.05",TRUE,8.44081376108826e-05,-8.0690346097924e-05,2.31512291375228e-05,-1.94334376245643e-05,6.12569084733597e-05,0.26556122344972
"bivt",1e-04,50000,"0.1",TRUE,8.18370459603247e-05,-7.88402623195069e-05,2.0580137486965e-05,-1.75833538461472e-05,6.12569084733597e-05,0.26556122344972
"bivt",1e-04,50000,"0.01",TRUE,8.87282371377579e-05,-8.44075506540512e-05,2.74713286643981e-05,-2.31506421806915e-05,6.12569084733597e-05,0.26556122344972
"bivt",1e-04,50000,"0.05",TRUE,9.96972189143665e-05,-9.30187398410224e-05,2.72220424493035e-05,-2.05435633759594e-05,7.2475176465063e-05,0.24576081481127
"bivt",1e-04,50000,"0.1",TRUE,9.53543119314707e-05,-9.11373245351634e-05,2.28791354664077e-05,-1.86621480701004e-05,7.2475176465063e-05,0.24576081481127
"bivt",1e-04,50000,"0.01",TRUE,0.000107564692534241,-9.66923710139957e-05,3.50895160691777e-05,-2.42171945489327e-05,7.2475176465063e-05,0.24576081481127
"bivt",1e-04,50000,"0.05",TRUE,0.000115441762435528,-0.000110239370350046,2.55232705437139e-05,-2.03208784582326e-05,8.99184918918138e-05,0.256410171298736
"bivt",1e-04,50000,"0.1",TRUE,0.00011205052971385,-0.000108331859948336,2.21320378220363e-05,-1.84133680565227e-05,8.99184918918138e-05,0.256410171298736
"bivt",1e-04,50000,"0.01",TRUE,0.000121595967787454,-0.000113158303123394,3.16774758956403e-05,-2.32398112315797e-05,8.99184918918138e-05,0.256410171298736
"bivt",1e-04,50000,"0.05",TRUE,6.86178885205122e-05,-6.70744754205293e-05,1.89898569983196e-05,-1.74464438983368e-05,4.96280315221925e-05,0.296911403821538
"bivt",1e-04,50000,"0.1",TRUE,6.70334001452164e-05,-6.494471675586e-05,1.74053686230239e-05,-1.53166852336675e-05,4.96280315221925e-05,0.296911403821538
"bivt",1e-04,50000,"0.01",TRUE,7.43414119876558e-05,-7.11535715582783e-05,2.47133804654632e-05,-2.15255400360858e-05,4.96280315221925e-05,0.296911403821538
"bivt",1e-04,50000,"0.05",TRUE,9.77118434906194e-05,-9.19852898557916e-05,2.52366670255564e-05,-1.95101133907286e-05,7.2475176465063e-05,0.270574484061923
"bivt",1e-04,50000,"0.1",TRUE,9.35573065896553e-05,-9.05933253755549e-05,2.10821301245923e-05,-1.81181489104919e-05,7.2475176465063e-05,0.270574484061923
"bivt",1e-04,50000,"0.01",TRUE,0.000103764125631111,-9.61044378587104e-05,3.12889491660485e-05,-2.36292613936474e-05,7.2475176465063e-05,0.270574484061923
"bivt",1e-04,50000,"0.05",TRUE,6.87090030250964e-05,-6.32842688446188e-05,2.53060189379514e-05,-1.98812847574738e-05,4.3402984087145e-05,0.24819396530821
"bivt",1e-04,50000,"0.1",TRUE,6.62400042340858e-05,-6.15415813695216e-05,2.28370201469408e-05,-1.81385972823766e-05,4.3402984087145e-05,0.24819396530821
"bivt",1e-04,50000,"0.01",TRUE,7.34493537574574e-05,-6.89171781273109e-05,3.00463696703124e-05,-2.55141940401659e-05,4.3402984087145e-05,0.24819396530821
"bivt",1e-04,50000,"0.05",TRUE,8.95980824641923e-05,-8.42493483057826e-05,2.29373444747129e-05,-1.75886103163032e-05,6.66607379894794e-05,0.270677837734583
"bivt",1e-04,50000,"0.1",TRUE,8.71295904321383e-05,-8.2129123337001e-05,2.04688524426589e-05,-1.54683853475216e-05,6.66607379894794e-05,0.270677837734583
"bivt",1e-04,50000,"0.01",TRUE,9.36880018326723e-05,-8.72277121707804e-05,2.70272638431929e-05,-2.0566974181301e-05,6.66607379894794e-05,0.270677837734583
"bivt",1e-04,50000,"0.05",TRUE,0.000151066989459072,-0.000145445115118032,2.6261866713757e-05,-2.06399923727168e-05,0.000124805122745315,0.245444028746054
"bivt",1e-04,50000,"0.1",TRUE,0.000147977438706569,-0.000143994571803211,2.31723159612532e-05,-1.91894490578955e-05,0.000124805122745315,0.245444028746054
"bivt",1e-04,50000,"0.01",TRUE,0.000158150772460709,-0.000148583370766228,3.33456497153936e-05,-2.37782480209126e-05,0.000124805122745315,0.245444028746054
"bivt",1e-04,50000,"0.05",TRUE,9.27728470813882e-05,-8.62270510514314e-05,2.61121090919088e-05,-1.95663130619521e-05,6.66607379894794e-05,0.25318268574816
"bivt",1e-04,50000,"0.1",TRUE,8.93337976144639e-05,-8.46506519695932e-05,2.26730596249845e-05,-1.79899139801138e-05,6.66607379894794e-05,0.25318268574816
"bivt",1e-04,50000,"0.01",TRUE,9.95304028939845e-05,-9.02268920129817e-05,3.28696649045051e-05,-2.35661540235023e-05,6.66607379894794e-05,0.25318268574816
"bivt",1e-04,50000,"0.05",TRUE,0.000133379266991114,-0.00012680644219119,2.60174596725493e-05,-1.94446348726258e-05,0.000107361807318565,0.243591585243291
"bivt",1e-04,50000,"0.1",TRUE,0.000130370913167634,-0.000125008039176111,2.3009105849069e-05,-1.76462318575461e-05,0.000107361807318565,0.243591585243291
"bivt",1e-04,50000,"0.01",TRUE,0.000140031346113422,-0.000130091350141318,3.26695387948573e-05,-2.27295428227531e-05,0.000107361807318565,0.243591585243291
"bivt",1e-04,50000,"0.05",TRUE,9.69707873190354e-05,-8.93108256849617e-05,3.0310049329556e-05,-2.26500876954823e-05,6.66607379894794e-05,0.24349623080855
"bivt",1e-04,50000,"0.1",TRUE,9.27662520605259e-05,-8.66911632920967e-05,2.61055140710465e-05,-2.00304253026173e-05,6.66607379894794e-05,0.24349623080855
"bivt",1e-04,50000,"0.01",TRUE,0.000104338895373947,-9.34470626810866e-05,3.76781573844676e-05,-2.67863246916072e-05,6.66607379894794e-05,0.24349623080855
"bivt",1e-04,50000,"0.05",TRUE,9.67188438075977e-05,-8.81512116615583e-05,3.00581058181183e-05,-2.14904736720789e-05,6.66607379894794e-05,0.252659027176638
"bivt",1e-04,50000,"0.1",TRUE,9.23752283880671e-05,-8.63937595508139e-05,2.57144903985877e-05,-1.97330215613345e-05,6.66607379894794e-05,0.252659027176638
"bivt",1e-04,50000,"0.01",TRUE,0.000102657650347106,-9.23037207448598e-05,3.59969123576265e-05,-2.56429827553804e-05,6.66607379894794e-05,0.252659027176638
"bivt",1e-04,50000,"0.05",TRUE,0.00013762361651981,-0.000131691547274953,2.44473707256619e-05,-1.85153014808046e-05,0.000113176245794148,0.264634125331723
"bivt",1e-04,50000,"0.1",TRUE,0.000134295962345898,-0.000130120118389722,2.111971655175e-05,-1.69438725955741e-05,0.000113176245794148,0.264634125331723
"bivt",1e-04,50000,"0.01",TRUE,0.000141017156195536,-0.000135437719780045,2.78409104013877e-05,-2.22614739858965e-05,0.000113176245794148,0.264634125331723
"bivt",1e-04,50000,"0.05",TRUE,0.00010361965514341,-9.76071486023724e-05,2.5330040202763e-05,-1.93175336617258e-05,7.82896149406466e-05,0.264289922034496
"bivt",1e-04,50000,"0.1",TRUE,0.000100069574393119,-9.62359156339518e-05,2.17799594524726e-05,-1.79463006933052e-05,7.82896149406466e-05,0.264289922034496
"bivt",1e-04,50000,"0.01",TRUE,0.000112916637802324,-0.000101188892299826,3.46270228616774e-05,-2.28992773591796e-05,7.82896149406466e-05,0.264289922034496
"bivt",1e-04,50000,"0.05",TRUE,0.000109389597915264,-0.000104418994650352,2.52855444990333e-05,-2.0314941234122e-05,8.41040534162302e-05,0.239206286712581
"bivt",1e-04,50000,"0.1",TRUE,0.000106072732967517,-0.000102652509476442,2.19686795512868e-05,-1.85484560602114e-05,8.41040534162302e-05,0.239206286712581
"bivt",1e-04,50000,"0.01",TRUE,0.000113898732996654,-0.000108370193770395,2.97946795804238e-05,-2.42661403541648e-05,8.41040534162302e-05,0.239206286712581
"bivt",1e-04,50000,"0.05",TRUE,6.86402598387858e-05,-6.36511209182601e-05,2.48266667921769e-05,-1.98375278716511e-05,4.38135930466089e-05,0.270588726224814
"bivt",1e-04,50000,"0.1",TRUE,6.53515668258519e-05,-6.21655961518788e-05,2.1537973779243e-05,-1.83520031052698e-05,4.38135930466089e-05,0.270588726224814
"bivt",1e-04,50000,"0.01",TRUE,7.49998611975955e-05,-6.65269165908048e-05,3.11862681509866e-05,-2.27133235441959e-05,4.38135930466089e-05,0.270588726224814
"bivt",1e-04,50000,"0.05",TRUE,6.76174233398204e-05,-6.30779961564965e-05,2.38038302932114e-05,-1.92644031098876e-05,4.38135930466089e-05,0.278881684489428
"bivt",1e-04,50000,"0.1",TRUE,6.4242503295796e-05,-6.09336204610677e-05,2.04289102491871e-05,-1.71200274144587e-05,4.38135930466089e-05,0.278881684489428
"bivt",1e-04,50000,"0.01",TRUE,7.5366932042639e-05,-6.60423596050321e-05,3.15533389960301e-05,-2.22287665584232e-05,4.38135930466089e-05,0.278881684489428
"bivt",1e-04,50000,"0.05",TRUE,0.000103014359100737,-9.80710053990912e-05,2.43141352006268e-05,-1.93707814989807e-05,7.87002239001105e-05,0.264390298913719
"bivt",1e-04,50000,"0.1",TRUE,9.98553527377144e-05,-9.62184650940689e-05,2.11551288376039e-05,-1.75182411939584e-05,7.87002239001105e-05,0.264390298913719
"bivt",1e-04,50000,"0.01",TRUE,0.000108857606965193,-0.000101888131304175,3.01573830650823e-05,-2.31879074040645e-05,7.87002239001105e-05,0.264390298913719
"bivt",1e-04,50000,"0.05",TRUE,0.000135043505666289,-0.000128716417566963,2.7681698347724e-05,-2.13546102483983e-05,0.000107361807318565,0.232112704239545
"bivt",1e-04,50000,"0.1",TRUE,0.00013133501261523,-0.000127095597329265,2.39732052966658e-05,-1.97337900106999e-05,0.000107361807318565,0.232112704239545
"bivt",1e-04,50000,"0.01",TRUE,0.000139379714139909,-0.000131582809828382,3.2017906821344e-05,-2.4221002509817e-05,0.000107361807318565,0.232112704239545
"bivt",1e-04,50000,"0.05",TRUE,5.52807641434927e-05,-5.22521741793057e-05,2.35066570075149e-05,-2.04780670433279e-05,3.17741071359778e-05,0.240420967192939
"bivt",1e-04,50000,"0.1",TRUE,5.36456851396316e-05,-5.00645725904573e-05,2.18715780036538e-05,-1.82904654544794e-05,3.17741071359778e-05,0.240420967192939
"bivt",1e-04,50000,"0.01",TRUE,6.49084513792786e-05,-5.56904767711873e-05,3.31343442433008e-05,-2.39163696352095e-05,3.17741071359778e-05,0.240420967192939
"bivt",1e-04,50000,"0.05",TRUE,5.03792826520959e-05,-4.52604561377548e-05,2.40090050322378e-05,-1.88901785178966e-05,2.63702776198581e-05,0.25333149592261
"bivt",1e-04,50000,"0.1",TRUE,4.77776698629779e-05,-4.28312561522582e-05,2.14073922431198e-05,-1.64609785324001e-05,2.63702776198581e-05,0.25333149592261
"bivt",1e-04,50000,"0.01",TRUE,5.4610077135622e-05,-4.79874249229484e-05,2.82397995157638e-05,-2.16171473030902e-05,2.63702776198581e-05,0.25333149592261
"bivt",1e-04,50000,"0.05",TRUE,7.10177381771542e-05,-6.70247718829712e-05,2.18003156144256e-05,-1.78073493202426e-05,4.92174225627286e-05,0.290070030739197
"bivt",1e-04,50000,"0.1",TRUE,6.87847930608511e-05,-6.52283986252349e-05,1.95673704981225e-05,-1.60109760625063e-05,4.92174225627286e-05,0.290070030739197
"bivt",1e-04,50000,"0.01",TRUE,7.49898705127996e-05,-7.09446878224776e-05,2.5772447950071e-05,-2.1727265259749e-05,4.92174225627286e-05,0.290070030739197
"bivt",1e-04,50000,"0.05",TRUE,6.08290505346428e-05,-5.6215540867781e-05,2.28298959636175e-05,-1.82163862967556e-05,3.79991545710253e-05,0.26361036208713
"bivt",1e-04,50000,"0.1",TRUE,5.80761042846844e-05,-5.45999083437238e-05,2.00769497136591e-05,-1.66007537726985e-05,3.79991545710253e-05,0.26361036208713
"bivt",1e-04,50000,"0.01",TRUE,6.62848838590668e-05,-5.92784540777415e-05,2.82857292880414e-05,-2.12792995067161e-05,3.79991545710253e-05,0.26361036208713
"bivt",1e-04,50000,"0.05",TRUE,9.00679594148023e-05,-8.57515596787334e-05,2.34072214253229e-05,-1.9090821689254e-05,6.66607379894794e-05,0.256549806884379
"bivt",1e-04,50000,"0.1",TRUE,8.76748604172776e-05,-8.38920833117228e-05,2.10141224277982e-05,-1.72313453222434e-05,6.66607379894794e-05,0.256549806884379
"bivt",1e-04,50000,"0.01",TRUE,9.50007582720081e-05,-8.96779769431755e-05,2.83400202825287e-05,-2.30172389536962e-05,6.66607379894794e-05,0.256549806884379
"bivt",1e-04,50000,"0.05",TRUE,9.99317849468001e-05,-9.65456085582652e-05,2.16421700061536e-05,-1.82559936176186e-05,7.82896149406466e-05,0.261380497572702
"bivt",1e-04,50000,"0.1",TRUE,9.77332450549222e-05,-9.46396225739521e-05,1.94436301142756e-05,-1.63500076333055e-05,7.82896149406466e-05,0.261380497572702
"bivt",1e-04,50000,"0.01",TRUE,0.000104690409624704,-9.97644743305625e-05,2.64007946840577e-05,-2.14748593899159e-05,7.82896149406466e-05,0.261380497572702
"bivt",1e-04,50000,"0.05",TRUE,0.000152189755686719,-0.000146613047459292,2.73846329414041e-05,-2.18079247139764e-05,0.000124805122745315,0.233139114675817
"bivt",1e-04,50000,"0.1",TRUE,0.000149185319871781,-0.000144532496055213,2.43801971264652e-05,-1.97273733098981e-05,0.000124805122745315,0.233139114675817
"bivt",1e-04,50000,"0.01",TRUE,0.000159785716383318,-0.000151133900574659,3.49805936380029e-05,-2.63287778293438e-05,0.000124805122745315,0.233139114675817
"bivt",1e-04,50000,"0.05",TRUE,6.65372977794729e-05,-6.23923495919947e-05,2.2723704732864e-05,-1.85787565453857e-05,4.38135930466089e-05,0.274158846400627
"bivt",1e-04,50000,"0.1",TRUE,6.38687571793178e-05,-6.00246829536881e-05,2.00551641327088e-05,-1.62110899070791e-05,4.38135930466089e-05,0.274158846400627
"bivt",1e-04,50000,"0.01",TRUE,7.31800365547298e-05,-6.50781599636572e-05,2.93664435081208e-05,-2.12645669170483e-05,4.38135930466089e-05,0.274158846400627
"bivt",1e-04,50000,"0.05",TRUE,0.000169100577947429,-0.00016381255134825,2.68521397753631e-05,-2.15641131761837e-05,0.000142248438172066,0.24160808185969
"bivt",1e-04,50000,"0.1",TRUE,0.000165005009285819,-0.000162149538978572,2.27565711137526e-05,-1.9901100806506e-05,0.000142248438172066,0.24160808185969
"bivt",1e-04,50000,"0.01",TRUE,0.000178204047489459,-0.00016797720975465,3.59556093173925e-05,-2.57287715825837e-05,0.000142248438172066,0.24160808185969
"bivt",1e-04,50000,"0.05",TRUE,0.000108914283293968,-0.000104116701552351,2.48102298777377e-05,-2.00126481361204e-05,8.41040534162302e-05,0.269747272129699
"bivt",1e-04,50000,"0.1",TRUE,0.000105915571724077,-0.000102582809915675,2.18115183078464e-05,-1.84787564994453e-05,8.41040534162302e-05,0.269747272129699
"bivt",1e-04,50000,"0.01",TRUE,0.000115465347377757,-0.00010686249165074,3.13612939615268e-05,-2.27584382345095e-05,8.41040534162302e-05,0.269747272129699
"bivt",1e-04,50000,"0.05",TRUE,8.00642345675799e-05,-7.365469897351e-05,2.50323735292677e-05,-1.86228379351979e-05,5.50318610383122e-05,0.258680394358988
"bivt",1e-04,50000,"0.1",TRUE,7.72859493385747e-05,-7.15086313462517e-05,2.22540883002625e-05,-1.64767703079394e-05,5.50318610383122e-05,0.258680394358988
"bivt",1e-04,50000,"0.01",TRUE,8.48890509216243e-05,-7.76018784832091e-05,2.98571898833121e-05,-2.25700174448969e-05,5.50318610383122e-05,0.258680394358988
"bivt",1e-04,50000,"0.05",TRUE,9.85291859836485e-05,-9.36350892524574e-05,2.60540095185855e-05,-2.11599127873944e-05,7.2475176465063e-05,0.237776059031221
"bivt",1e-04,50000,"0.1",TRUE,9.63992447655724e-05,-9.17778111553556e-05,2.39240683005094e-05,-1.93026346902925e-05,7.2475176465063e-05,0.237776059031221
"bivt",1e-04,50000,"0.01",TRUE,0.00010331339809872,-9.71457913034789e-05,3.08382216336573e-05,-2.46706148384159e-05,7.2475176465063e-05,0.237776059031221
"bivt",1e-04,50000,"0.05",TRUE,0.000133763827368539,-0.000128050146783254,2.64020200499748e-05,-2.0688339464689e-05,0.000107361807318565,0.248020803060608
"bivt",1e-04,50000,"0.1",TRUE,0.000131052578965632,-0.000126002124494917,2.36907716470678e-05,-1.86403171763521e-05,0.000107361807318565,0.248020803060608
"bivt",1e-04,50000,"0.01",TRUE,0.000141834921133282,-0.000132065263557961,3.44731138147177e-05,-2.47034562393964e-05,0.000107361807318565,0.248020803060608
"bivt",1e-04,50000,"0.05",TRUE,7.25383727365924e-05,-6.99284086564166e-05,2.33209501738638e-05,-2.07109860936879e-05,4.92174225627286e-05,0.268768920788643
"bivt",1e-04,50000,"0.1",TRUE,6.95289160598972e-05,-6.70815457543405e-05,2.03114934971686e-05,-1.78641231916119e-05,4.92174225627286e-05,0.268768920788643
"bivt",1e-04,50000,"0.01",TRUE,7.69534084648906e-05,-7.2754104893215e-05,2.7735985902162e-05,-2.35366823304864e-05,4.92174225627286e-05,0.268768920788643
"bivt",1e-04,50000,"0.05",TRUE,6.62037530439356e-05,-6.19496915620729e-05,2.28007689567906e-05,-1.85467074749279e-05,4.3402984087145e-05,0.288746614347044
"bivt",1e-04,50000,"0.1",TRUE,6.26658496490022e-05,-6.00816196111475e-05,1.92628655618572e-05,-1.66786355240024e-05,4.3402984087145e-05,0.288746614347044
"bivt",1e-04,50000,"0.01",TRUE,7.22594972632693e-05,-6.54651579315379e-05,2.88565131761243e-05,-2.20621738443929e-05,4.3402984087145e-05,0.288746614347044
"bivt",1e-04,50000,"0.05",TRUE,0.000126465020305177,-0.000119689278535175,2.49176514621961e-05,-1.81419096921941e-05,0.000101547368842981,0.279848118955856
"bivt",1e-04,50000,"0.1",TRUE,0.000123441858151215,-0.000118114875105682,2.1894489308234e-05,-1.65675062627014e-05,0.000101547368842981,0.279848118955856
"bivt",1e-04,50000,"0.01",TRUE,0.000132768619124168,-0.000122850526402322,3.1221250281187e-05,-2.13031575593415e-05,0.000101547368842981,0.279848118955856
"bivt",1e-04,50000,"0.05",TRUE,0.000108044197519562,-0.000103634071436928,2.39401441033323e-05,-1.95300180206981e-05,8.41040534162302e-05,0.286277950109084
"bivt",1e-04,50000,"0.1",TRUE,0.000104663176953821,-0.000101878504746868,2.0559123537591e-05,-1.77744513306377e-05,8.41040534162302e-05,0.286277950109084
"bivt",1e-04,50000,"0.01",TRUE,0.000116779612712134,-0.000106586859486706,3.26755592959037e-05,-2.24828060704761e-05,8.41040534162302e-05,0.286277950109084
"bivt",1e-04,50000,"0.05",TRUE,0.000170936913305193,-0.000164402599093439,2.86884751331266e-05,-2.2154160921373e-05,0.000142248438172066,0.235511812555557
"bivt",1e-04,50000,"0.1",TRUE,0.000166789580743905,-0.000161966069617739,2.45411425718388e-05,-1.97176314456731e-05,0.000142248438172066,0.235511812555557
"bivt",1e-04,50000,"0.01",TRUE,0.000177485643497464,-0.000167189031857449,3.52372053253978e-05,-2.49405936853833e-05,0.000142248438172066,0.235511812555557
"bivt",1e-04,50000,"0.05",TRUE,0.00010786171412568,-0.000100026633923993,2.95720991850332e-05,-2.17370189833465e-05,7.82896149406466e-05,0.247642132154952
"bivt",1e-04,50000,"0.1",TRUE,0.000102573742831147,-9.82625938481567e-05,2.42841278905005e-05,-1.99729789075101e-05,7.82896149406466e-05,0.247642132154952
"bivt",1e-04,50000,"0.01",TRUE,0.000115525487215617,-0.000104269818588334,3.72358722749703e-05,-2.5980203647687e-05,7.82896149406466e-05,0.247642132154952
"bivt",1e-04,50000,"0.05",TRUE,0.000103096396392012,-9.74660101886331e-05,2.48067814513657e-05,-1.91763952479865e-05,7.82896149406466e-05,0.249792602671075
"bivt",1e-04,50000,"0.1",TRUE,0.000100572937391135,-9.54253904113776e-05,2.22833224504889e-05,-1.71357754707311e-05,7.82896149406466e-05,0.249792602671075
"bivt",1e-04,50000,"0.01",TRUE,0.00011036101867855,-0.000102677065796377,3.20714037379032e-05,-2.43874508557304e-05,7.82896149406466e-05,0.249792602671075
"bivt",1e-04,50000,"0.05",TRUE,0.000137644997319933,-0.000134778322222133,2.44687515257852e-05,-2.1602076427985e-05,0.000113176245794148,0.258033452459733
"bivt",1e-04,50000,"0.1",TRUE,0.00013495301756786,-0.000132603460871943,2.17767717737118e-05,-1.94272150777951e-05,0.000113176245794148,0.258033452459733
"bivt",1e-04,50000,"0.01",TRUE,0.000143763447108773,-0.000139225614414942,3.0587201314625e-05,-2.60493686207933e-05,0.000113176245794148,0.258033452459733
"bivt",1e-04,50000,"0.05",FALSE,6.42363720733323e-05,-6.12872306538467e-05,2.04227790267233e-05,-1.74736376072377e-05,4.38135930466089e-05,0.304890734174403
"bivt",1e-04,50000,"0.1",FALSE,6.1436813350097e-05,-5.93559059879648e-05,1.7623220303488e-05,-1.55423129413558e-05,4.38135930466089e-05,0.304890734174403
"bivt",1e-04,50000,"0.01",FALSE,6.79169786918458e-05,-6.39830258687962e-05,2.41033856452369e-05,-2.01694328221873e-05,4.38135930466089e-05,0.304890734174403
"bivt",1e-04,50000,"0.05",TRUE,7.3109431950232e-05,-6.75828127101587e-05,2.38920093875033e-05,-1.83653901474301e-05,4.92174225627286e-05,0.28357131305022
"bivt",1e-04,50000,"0.1",TRUE,7.00919670727318e-05,-6.59680811882505e-05,2.08745445100031e-05,-1.67506586255219e-05,4.92174225627286e-05,0.28357131305022
"bivt",1e-04,50000,"0.01",TRUE,7.96434689403078e-05,-7.0669792954544e-05,3.04260463775791e-05,-2.14523703918153e-05,4.92174225627286e-05,0.28357131305022
"bivt",1e-04,50000,"0.05",TRUE,7.1458272032888e-05,-6.68635314663454e-05,2.22408494701593e-05,-1.76461089036168e-05,4.92174225627286e-05,0.27714157107349
"bivt",1e-04,50000,"0.1",TRUE,6.78849885684108e-05,-6.5060585068862e-05,1.86675660056822e-05,-1.58431625061334e-05,4.92174225627286e-05,0.27714157107349
"bivt",1e-04,50000,"0.01",TRUE,7.56552394189326e-05,-7.04025817950671e-05,2.64378168562039e-05,-2.11851592323385e-05,4.92174225627286e-05,0.27714157107349
"bivt",1e-04,50000,"0.05",TRUE,0.000106059110573001,-9.92224916450723e-05,2.77694956323541e-05,-2.09328767044257e-05,7.82896149406466e-05,0.249162575664949
"bivt",1e-04,50000,"0.1",TRUE,0.00010232972606306,-9.71498656139798e-05,2.40401111224131e-05,-1.88602506733332e-05,7.82896149406466e-05,0.249162575664949
"bivt",1e-04,50000,"0.01",TRUE,0.000112475941638413,-0.000103705878319967,3.41863266977666e-05,-2.54162633793206e-05,7.82896149406466e-05,0.249162575664949
"bivt",1e-04,50000,"0.05",TRUE,0.000139485732128423,-0.000132328165149103,2.63094863342749e-05,-1.91519193549549e-05,0.000113176245794148,0.255109754841557
"bivt",1e-04,50000,"0.1",TRUE,0.000135893408599019,-0.00013054965684108,2.27171628048711e-05,-1.73734110469321e-05,0.000113176245794148,0.255109754841557
"bivt",1e-04,50000,"0.01",TRUE,0.000148502198527525,-0.000134938559687247,3.53259527333771e-05,-2.17623138930985e-05,0.000113176245794148,0.255109754841557
"bivt",1e-04,50000,"0.05",TRUE,0.000173130846341899,-0.000167733242472009,3.0882408169833e-05,-2.54848042999425e-05,0.000142248438172066,0.230411359850403
"bivt",1e-04,50000,"0.1",TRUE,0.0001706378091393,-0.000165585715907551,2.83893709672342e-05,-2.33372777354848e-05,0.000142248438172066,0.230411359850403
"bivt",1e-04,50000,"0.01",TRUE,0.000182232163123233,-0.000171945276733713,3.99837249511672e-05,-2.96968385616465e-05,0.000142248438172066,0.230411359850403
"bivt",1e-04,50000,"0.05",TRUE,0.000103042700999455,-9.78178068314087e-05,2.47530860588083e-05,-1.95281918907621e-05,7.82896149406466e-05,0.245110053814724
"bivt",1e-04,50000,"0.1",TRUE,0.000100174116189822,-9.58776092877671e-05,2.1884501249175e-05,-1.75879943471206e-05,7.82896149406466e-05,0.245110053814724
"bivt",1e-04,50000,"0.01",TRUE,0.000109157755838428,-0.000101446811269713,3.08681408977813e-05,-2.31571963290668e-05,7.82896149406466e-05,0.245110053814724
"bivt",1e-04,50000,"0.05",TRUE,0.000147219324051233,-0.000137491295965369,3.40430782570849e-05,-2.4315050171221e-05,0.000113176245794148,0.239636314722111
"bivt",1e-04,50000,"0.1",TRUE,0.000142015895400873,-0.000136393304067739,2.88396496067244e-05,-2.32170582735904e-05,0.000113176245794148,0.239636314722111
"bivt",1e-04,50000,"0.01",TRUE,0.000154681258473358,-0.000141628142798734,4.15050126792101e-05,-2.84518970045857e-05,0.000113176245794148,0.239636314722111
"bivt",1e-04,50000,"0.05",TRUE,6.91439882257358e-05,-6.434988344181e-05,2.53303951791269e-05,-2.05362903952011e-05,4.38135930466089e-05,0.26507736862712
"bivt",1e-04,50000,"0.1",TRUE,6.66800289978834e-05,-6.22736813826214e-05,2.28664359512744e-05,-1.84600883360124e-05,4.38135930466089e-05,0.26507736862712
"bivt",1e-04,50000,"0.01",TRUE,7.74736635094888e-05,-6.81317287906319e-05,3.36600704628798e-05,-2.43181357440229e-05,4.38135930466089e-05,0.26507736862712
"bivt",1e-04,50000,"0.05",TRUE,7.46715126725605e-05,-6.87909750005165e-05,2.5043481150368e-05,-1.9162943478324e-05,4.96280315221925e-05,0.276254960437026
"bivt",1e-04,50000,"0.1",TRUE,7.14978224771455e-05,-6.70464083275256e-05,2.18697909549529e-05,-1.74183768053331e-05,4.96280315221925e-05,0.276254960437026
"bivt",1e-04,50000,"0.01",TRUE,7.9653639788237e-05,-7.14263711239602e-05,3.00256082660445e-05,-2.17983396017677e-05,4.96280315221925e-05,0.276254960437026
"bivt",1e-04,50000,"0.05",TRUE,9.02118867912966e-05,-8.48846475498732e-05,2.31405398423533e-05,-1.78133006009299e-05,6.70713469489433e-05,0.287318177827745
"bivt",1e-04,50000,"0.1",TRUE,8.75031135550884e-05,-8.30493698248125e-05,2.04317666061451e-05,-1.59780228758692e-05,6.70713469489433e-05,0.287318177827745
"bivt",1e-04,50000,"0.01",TRUE,9.57618805329514e-05,-8.7642765744914e-05,2.86905335840081e-05,-2.05714187959707e-05,6.70713469489433e-05,0.287318177827745
"bivt",1e-04,50000,"0.05",TRUE,8.6269171443755e-05,-8.10176408552945e-05,2.54228719298592e-05,-2.01713413413987e-05,6.08462995138958e-05,0.256630619982225
"bivt",1e-04,50000,"0.1",TRUE,8.37161195919708e-05,-7.85932867659295e-05,2.2869820078075e-05,-1.77469872520337e-05,6.08462995138958e-05,0.256630619982225
"bivt",1e-04,50000,"0.01",TRUE,9.19836176269362e-05,-8.6032257893164e-05,3.11373181130404e-05,-2.51859583792682e-05,6.08462995138958e-05,0.256630619982225
"bivt",1e-04,50000,"0.05",TRUE,0.000100876808279517,-9.72409508537591e-05,2.25871933388709e-05,-1.89513359131125e-05,7.82896149406466e-05,0.286209137983645
"bivt",1e-04,50000,"0.1",TRUE,9.83454401780973e-05,-9.52319502427734e-05,2.00558252374507e-05,-1.69423353021268e-05,7.82896149406466e-05,0.286209137983645
"bivt",1e-04,50000,"0.01",TRUE,0.00010753899689405,-9.99495420667799e-05,2.92493819534031e-05,-2.16599271261333e-05,7.82896149406466e-05,0.286209137983645
"bivt",1e-04,50000,"0.05",TRUE,0.000106978234002807,-0.000101648528319353,2.28741805865772e-05,-1.75444749031227e-05,8.41040534162302e-05,0.269277039490296
"bivt",1e-04,50000,"0.1",TRUE,0.000104470627493082,-9.9873156195154e-05,2.03665740768522e-05,-1.57691027789238e-05,8.41040534162302e-05,0.269277039490296
"bivt",1e-04,50000,"0.01",TRUE,0.000111735450411592,-0.000105822324769744,2.76313969953617e-05,-2.17182713535137e-05,8.41040534162302e-05,0.269277039490296
"bivt",1e-04,50000,"0.05",TRUE,0.000105097264462199,-9.9520039398375e-05,2.68076495215528e-05,-2.12304244577284e-05,7.82896149406466e-05,0.24374906686241
"bivt",1e-04,50000,"0.1",TRUE,0.000102080521569619,-9.75209487103381e-05,2.37909066289728e-05,-1.92313337696915e-05,7.82896149406466e-05,0.24374906686241
"bivt",1e-04,50000,"0.01",TRUE,0.000114827764306114,-0.000103314109109039,3.65381493654671e-05,-2.50244941683927e-05,7.82896149406466e-05,0.24374906686241
"bivt",1e-04,50000,"0.05",TRUE,6.97705408072678e-05,-6.55339381563217e-05,2.05531182445392e-05,-1.63165155935931e-05,4.92174225627286e-05,0.290690602420533
"bivt",1e-04,50000,"0.1",TRUE,6.76278841505752e-05,-6.37705126994323e-05,1.84104615878466e-05,-1.45530901367037e-05,4.92174225627286e-05,0.290690602420533
"bivt",1e-04,50000,"0.01",TRUE,7.66073169883733e-05,-6.85351709482468e-05,2.73898944256447e-05,-1.93177483855182e-05,4.92174225627286e-05,0.290690602420533
"bivt",1e-04,50000,"0.05",TRUE,0.000111654394673399,-0.000103680416988149,2.75503412571693e-05,-1.95763635719186e-05,8.41040534162302e-05,0.245576070040319
"bivt",1e-04,50000,"0.1",TRUE,0.000107289873316347,-0.000102310120420287,2.31858199001163e-05,-1.82060670040565e-05,8.41040534162302e-05,0.245576070040319
"bivt",1e-04,50000,"0.01",TRUE,0.000116482400277965,-0.00010761544208967,3.23783468617352e-05,-2.35113886734394e-05,8.41040534162302e-05,0.245576070040319
"bivt",1e-04,50000,"0.05",TRUE,6.50171244570917e-05,-6.14918136649356e-05,2.16141403699467e-05,-1.80888295777906e-05,4.3402984087145e-05,0.26959158445776
"bivt",1e-04,50000,"0.1",TRUE,6.29378027254694e-05,-6.01575714252469e-05,1.95348186383244e-05,-1.67545873381019e-05,4.3402984087145e-05,0.26959158445776
"bivt",1e-04,50000,"0.01",TRUE,7.11619098293126e-05,-6.49898941006941e-05,2.77589257421676e-05,-2.15869100135491e-05,4.3402984087145e-05,0.26959158445776
"bivt",1e-04,50000,"0.05",TRUE,6.79680548020639e-05,-6.36311280352423e-05,2.41544617554549e-05,-1.98175349886334e-05,4.38135930466089e-05,0.268231441314441
"bivt",1e-04,50000,"0.1",TRUE,6.45006828065917e-05,-6.07835284663714e-05,2.06870897599828e-05,-1.69699354197625e-05,4.38135930466089e-05,0.268231441314441
"bivt",1e-04,50000,"0.01",TRUE,7.47943706966057e-05,-6.76678775510409e-05,3.09807776499967e-05,-2.3854284504432e-05,4.38135930466089e-05,0.268231441314441
"bivt",1e-04,50000,"0.05",TRUE,7.68449278192115e-05,-7.23277462085144e-05,2.14024578214353e-05,-1.68852762107382e-05,5.54424699977761e-05,0.278426893230178
"bivt",1e-04,50000,"0.1",TRUE,7.4441526814359e-05,-7.10288716371928e-05,1.89990568165828e-05,-1.55864016394166e-05,5.54424699977761e-05,0.278426893230178
"bivt",1e-04,50000,"0.01",TRUE,8.23895971444591e-05,-7.59238026863114e-05,2.6947127146683e-05,-2.04813326885353e-05,5.54424699977761e-05,0.278426893230178
"bivt",1e-04,50000,"0.05",TRUE,6.14972025150591e-05,-5.69313155932058e-05,2.39086569034976e-05,-1.93427699816443e-05,3.75885456115614e-05,0.273743914822377
"bivt",1e-04,50000,"0.1",TRUE,5.86704704439558e-05,-5.50555890575532e-05,2.10819248323944e-05,-1.74670434459917e-05,3.75885456115614e-05,0.273743914822377
"bivt",1e-04,50000,"0.01",TRUE,6.91746741143961e-05,-5.99300812003437e-05,3.15861285028347e-05,-2.23415355887823e-05,3.75885456115614e-05,0.273743914822377
"bivt",1e-04,50000,"0.05",TRUE,7.31806719654611e-05,-6.96641610551821e-05,2.35526404432686e-05,-2.00361295329896e-05,4.96280315221925e-05,0.263856322870156
"bivt",1e-04,50000,"0.1",TRUE,7.08536067871567e-05,-6.75380979443663e-05,2.12255752649641e-05,-1.79100664221738e-05,4.96280315221925e-05,0.263856322870156
"bivt",1e-04,50000,"0.01",TRUE,8.15887540623559e-05,-7.29975248494791e-05,3.19607225401634e-05,-2.33694933272866e-05,4.96280315221925e-05,0.263856322870156
"bivt",1e-04,50000,"0.05",TRUE,7.27548094553011e-05,-6.91187339750463e-05,2.31267779331086e-05,-1.94907024528538e-05,4.96280315221925e-05,0.275930941980957
"bivt",1e-04,50000,"0.1",TRUE,6.99267901297064e-05,-6.71962044251803e-05,2.02987586075139e-05,-1.75681729029878e-05,4.96280315221925e-05,0.275930941980957
"bivt",1e-04,50000,"0.01",TRUE,7.84603372229985e-05,-7.22107067211366e-05,2.88323057008059e-05,-2.2582675198944e-05,4.96280315221925e-05,0.275930941980957
"bivt",1e-04,50000,"0.05",TRUE,8.51506261792427e-05,-7.90854416616042e-05,2.43043266653469e-05,-1.82391421477084e-05,6.08462995138958e-05,0.26500329708084
"bivt",1e-04,50000,"0.1",TRUE,8.25452851291542e-05,-7.7052990580663e-05,2.16989856152583e-05,-1.62066910667672e-05,6.08462995138958e-05,0.26500329708084
"bivt",1e-04,50000,"0.01",TRUE,9.17471477757722e-05,-8.27171474301258e-05,3.09008482618764e-05,-2.187084791623e-05,6.08462995138958e-05,0.26500329708084
"bivt",1e-04,50000,"0.05",TRUE,8.60259576435303e-05,-8.02882686598285e-05,2.51796581296345e-05,-1.94419691459327e-05,6.08462995138958e-05,0.259208595761429
"bivt",1e-04,50000,"0.1",TRUE,8.2418582084461e-05,-7.84242695293704e-05,2.15722825705652e-05,-1.75779700154746e-05,6.08462995138958e-05,0.259208595761429
"bivt",1e-04,50000,"0.01",TRUE,9.14836831521508e-05,-8.31393134893869e-05,3.0637383638255e-05,-2.22930139754911e-05,6.08462995138958e-05,0.259208595761429
"bivt",1e-04,50000,"0.05",TRUE,7.64878957380375e-05,-7.28798443549119e-05,2.14560346997253e-05,-1.78479833165997e-05,5.50318610383122e-05,0.289057160587788
"bivt",1e-04,50000,"0.1",TRUE,7.47180251025683e-05,-7.10376218632234e-05,1.96861640642561e-05,-1.60057608249112e-05,5.50318610383122e-05,0.289057160587788
"bivt",1e-04,50000,"0.01",TRUE,8.32966642761829e-05,-7.56752557825509e-05,2.82648032378706e-05,-2.06433947442387e-05,5.50318610383122e-05,0.289057160587788
"bivt",1e-04,50000,"0.05",TRUE,7.895147034005e-05,-7.34064355820755e-05,2.39196093017378e-05,-1.83745745437633e-05,5.50318610383122e-05,0.269493889990823
"bivt",1e-04,50000,"0.1",TRUE,7.48759797064394e-05,-7.14559663032894e-05,1.98441186681272e-05,-1.64241052649772e-05,5.50318610383122e-05,0.269493889990823
"bivt",1e-04,50000,"0.01",TRUE,8.55661701875322e-05,-7.64683848806026e-05,3.053430914922e-05,-2.14365238422904e-05,5.50318610383122e-05,0.269493889990823
"bivt",1e-04,50000,"0.05",TRUE,7.29798440938787e-05,-6.90935286637102e-05,2.37624215311501e-05,-1.98761061009816e-05,4.92174225627286e-05,0.263544953744999
"bivt",1e-04,50000,"0.1",TRUE,6.99166187096251e-05,-6.68368412026288e-05,2.06991961468965e-05,-1.76194186399002e-05,4.92174225627286e-05,0.263544953744999
"bivt",1e-04,50000,"0.01",TRUE,7.86499223397297e-05,-7.28730371843936e-05,2.94324997770011e-05,-2.3655614621665e-05,4.92174225627286e-05,0.263544953744999
"bivt",1e-04,50000,"0.05",TRUE,6.87405842693628e-05,-6.21648200372082e-05,2.53376001822178e-05,-1.87618359500632e-05,4.3402984087145e-05,0.261959760892133
"bivt",1e-04,50000,"0.1",TRUE,6.5589319823595e-05,-6.06126203075708e-05,2.218633573645e-05,-1.72096362204258e-05,4.3402984087145e-05,0.261959760892133
"bivt",1e-04,50000,"0.01",TRUE,7.59026341719687e-05,-6.67609420588467e-05,3.24996500848237e-05,-2.33579579717017e-05,4.3402984087145e-05,0.261959760892133
"bivt",1e-04,50000,"0.05",TRUE,6.79199233392797e-05,-6.1606318700284e-05,2.45169392521347e-05,-1.8203334613139e-05,4.3402984087145e-05,0.262295126718467
"bivt",1e-04,50000,"0.1",TRUE,6.46781966119417e-05,-6.02894329827367e-05,2.12752125247967e-05,-1.68864488955917e-05,4.3402984087145e-05,0.262295126718467
"bivt",1e-04,50000,"0.01",TRUE,7.34910472435476e-05,-6.48639310220332e-05,3.00880631564025e-05,-2.14609469348882e-05,4.3402984087145e-05,0.262295126718467
"bivt",1e-04,50000,"0.05",TRUE,0.000157734449987608,-0.000151983770980214,2.71148887667088e-05,-2.13642097593155e-05,0.000130619561220899,0.233701623648616
"bivt",1e-04,50000,"0.1",TRUE,0.000154678336259072,-0.000150128292561515,2.40587750381726e-05,-1.95087313406157e-05,0.000130619561220899,0.233701623648616
"bivt",1e-04,50000,"0.01",TRUE,0.000163778188648672,-0.000155110318004754,3.3158627427773e-05,-2.44907567838549e-05,0.000130619561220899,0.233701623648616
"bivt",1e-04,50000,"0.05",TRUE,8.51628685204378e-05,-8.03809199392528e-05,2.39059600470781e-05,-1.91240114658931e-05,6.12569084733597e-05,0.263278411546068
"bivt",1e-04,50000,"0.1",TRUE,8.25781324894702e-05,-7.87617334417813e-05,2.13212240161105e-05,-1.75048249684215e-05,6.12569084733597e-05,0.263278411546068
"bivt",1e-04,50000,"0.01",TRUE,9.02129390525413e-05,-8.34276323074422e-05,2.89560305791816e-05,-2.21707238340825e-05,6.12569084733597e-05,0.263278411546068
