"dist","p","n","method","alpha","is_covered","c_plus_raw","c_minus_raw","b_marg","B_marg1","B_marg2","eta_hat","xi_gpd1","xi_gpd2","fallback_frac","clamp_frac","n_truth_pts"
"bivgauss",5e-05,1e+05,"hrv_full","0.05",FALSE,4.7381405833323e-05,-3.13242444661523e-05,NA,NA,NA,0.857154841093217,-0.125587854903342,-0.0544241355421015,0,0,50
"bivgauss",5e-05,1e+05,"hrv_full","0.1",FALSE,3.9967041707646e-05,-2.74934323359513e-05,NA,NA,NA,0.857154841093217,-0.125587854903342,-0.0544241355421015,0,0,50
"bivgauss",5e-05,1e+05,"hrv_full","0.01",TRUE,5.91333807920064e-05,-3.86331940576066e-05,NA,NA,NA,0.857154841093217,-0.125587854903342,-0.0544241355421015,0,0,50
"bivgauss",5e-05,1e+05,"hrv_interior","0.05",TRUE,4.7381405833323e-05,-3.13242444661523e-05,NA,NA,NA,0.857154841093217,-0.125587854903342,-0.0544241355421015,0,0,10
"bivgauss",5e-05,1e+05,"hrv_interior","0.1",TRUE,3.9967041707646e-05,-2.74934323359513e-05,NA,NA,NA,0.857154841093217,-0.125587854903342,-0.0544241355421015,0,0,10
"bivgauss",5e-05,1e+05,"hrv_interior","0.01",TRUE,5.91333807920064e-05,-3.86331940576066e-05,NA,NA,NA,0.857154841093217,-0.125587854903342,-0.0544241355421015,0,0,10
"bivgauss",5e-05,1e+05,"hrv_full","0.05",FALSE,5.15961940053959e-05,-3.11083972050327e-05,NA,NA,NA,0.859459428590163,-0.18691951582981,-0.0290005214015158,0,0,50
"bivgauss",5e-05,1e+05,"hrv_full","0.1",FALSE,4.43642652967317e-05,-2.77788229747605e-05,NA,NA,NA,0.859459428590163,-0.18691951582981,-0.0290005214015158,0,0,50
"bivgauss",5e-05,1e+05,"hrv_full","0.01",TRUE,6.80112852035938e-05,-3.63541616107584e-05,NA,NA,NA,0.859459428590163,-0.18691951582981,-0.0290005214015158,0,0,50
"bivgauss",5e-05,1e+05,"hrv_interior","0.05",TRUE,5.15961940053959e-05,-3.11083972050327e-05,NA,NA,NA,0.859459428590163,-0.18691951582981,-0.0290005214015158,0,0,10
"bivgauss",5e-05,1e+05,"hrv_interior","0.1",TRUE,4.43642652967317e-05,-2.77788229747605e-05,NA,NA,NA,0.859459428590163,-0.18691951582981,-0.0290005214015158,0,0,10
"bivgauss",5e-05,1e+05,"hrv_interior","0.01",TRUE,6.80112852035938e-05,-3.63541616107584e-05,NA,NA,NA,0.859459428590163,-0.18691951582981,-0.0290005214015158,0,0,10
"bivgauss",5e-05,1e+05,"hrv_full","0.05",TRUE,5.63305335206512e-05,-3.26120551499926e-05,NA,NA,NA,0.801886341378737,-0.0824215154893391,-0.0338199678455001,0,0,50
"bivgauss",5e-05,1e+05,"hrv_full","0.1",FALSE,4.73067744980412e-05,-2.94135824538794e-05,NA,NA,NA,0.801886341378737,-0.0824215154893391,-0.0338199678455001,0,0,50
"bivgauss",5e-05,1e+05,"hrv_full","0.01",TRUE,7.33267117681273e-05,-3.79212990954083e-05,NA,NA,NA,0.801886341378737,-0.0824215154893391,-0.0338199678455001,0,0,50
"bivgauss",5e-05,1e+05,"hrv_interior","0.05",TRUE,5.63305335206512e-05,-3.26120551499926e-05,NA,NA,NA,0.801886341378737,-0.0824215154893391,-0.0338199678455001,0,0,10
"bivgauss",5e-05,1e+05,"hrv_interior","0.1",TRUE,4.73067744980412e-05,-2.94135824538794e-05,NA,NA,NA,0.801886341378737,-0.0824215154893391,-0.0338199678455001,0,0,10
"bivgauss",5e-05,1e+05,"hrv_interior","0.01",TRUE,7.33267117681273e-05,-3.79212990954083e-05,NA,NA,NA,0.801886341378737,-0.0824215154893391,-0.0338199678455001,0,0,10
"bivgauss",5e-05,1e+05,"hrv_full","0.05",TRUE,5.96018925665479e-05,-3.56508308055238e-05,NA,NA,NA,0.790896848469872,-0.0661597299037898,-0.0578826350445086,0,0,50
"bivgauss",5e-05,1e+05,"hrv_full","0.1",TRUE,4.95732256288766e-05,-3.20036569206156e-05,NA,NA,NA,0.790896848469872,-0.0661597299037898,-0.0578826350445086,0,0,50
"bivgauss",5e-05,1e+05,"hrv_full","0.01",TRUE,7.50205472964921e-05,-4.08941721004884e-05,NA,NA,NA,0.790896848469872,-0.0661597299037898,-0.0578826350445086,0,0,50
"bivgauss",5e-05,1e+05,"hrv_interior","0.05",TRUE,5.96018925665479e-05,-3.56508308055238e-05,NA,NA,NA,0.790896848469872,-0.0661597299037898,-0.0578826350445086,0,0,10
"bivgauss",5e-05,1e+05,"hrv_interior","0.1",TRUE,4.95732256288766e-05,-3.20036569206156e-05,NA,NA,NA,0.790896848469872,-0.0661597299037898,-0.0578826350445086,0,0,10
"bivgauss",5e-05,1e+05,"hrv_interior","0.01",TRUE,7.50205472964921e-05,-4.08941721004884e-05,NA,NA,NA,0.790896848469872,-0.0661597299037898,-0.0578826350445086,0,0,10
"bivgauss",5e-05,1e+05,"hrv_full","0.05",FALSE,5.74797488366422e-05,-3.27936076329619e-05,NA,NA,NA,0.844486799127512,-0.108523353753709,-0.0738998085835638,0,0,50
"bivgauss",5e-05,1e+05,"hrv_full","0.1",FALSE,4.79366854519252e-05,-2.91268810739658e-05,NA,NA,NA,0.844486799127512,-0.108523353753709,-0.0738998085835638,0,0,50
"bivgauss",5e-05,1e+05,"hrv_full","0.01",TRUE,7.52212485548743e-05,-3.87221303672942e-05,NA,NA,NA,0.844486799127512,-0.108523353753709,-0.0738998085835638,0,0,50
"bivgauss",5e-05,1e+05,"hrv_interior","0.05",TRUE,5.74797488366422e-05,-3.27936076329619e-05,NA,NA,NA,0.844486799127512,-0.108523353753709,-0.0738998085835638,0,0,10
"bivgauss",5e-05,1e+05,"hrv_interior","0.1",TRUE,4.79366854519252e-05,-2.91268810739658e-05,NA,NA,NA,0.844486799127512,-0.108523353753709,-0.0738998085835638,0,0,10
"bivgauss",5e-05,1e+05,"hrv_interior","0.01",TRUE,7.52212485548743e-05,-3.87221303672942e-05,NA,NA,NA,0.844486799127512,-0.108523353753709,-0.0738998085835638,0,0,10
"bivgauss",5e-05,1e+05,"hrv_full","0.05",FALSE,5.58075002423568e-05,-3.29994069092384e-05,NA,NA,NA,0.832467612849936,-0.0995363518559796,-0.0469003824415174,0,0,50
"bivgauss",5e-05,1e+05,"hrv_full","0.1",FALSE,4.76576017297729e-05,-2.96527266813125e-05,NA,NA,NA,0.832467612849936,-0.0995363518559796,-0.0469003824415174,0,0,50
"bivgauss",5e-05,1e+05,"hrv_full","0.01",TRUE,7.15562149112739e-05,-3.92637566217311e-05,NA,NA,NA,0.832467612849936,-0.0995363518559796,-0.0469003824415174,0,0,50
"bivgauss",5e-05,1e+05,"hrv_interior","0.05",TRUE,5.58075002423568e-05,-3.29994069092384e-05,NA,NA,NA,0.832467612849936,-0.0995363518559796,-0.0469003824415174,0,0,10
"bivgauss",5e-05,1e+05,"hrv_interior","0.1",TRUE,4.76576017297729e-05,-2.96527266813125e-05,NA,NA,NA,0.832467612849936,-0.0995363518559796,-0.0469003824415174,0,0,10
"bivgauss",5e-05,1e+05,"hrv_interior","0.01",TRUE,7.15562149112739e-05,-3.92637566217311e-05,NA,NA,NA,0.832467612849936,-0.0995363518559796,-0.0469003824415174,0,0,10
"bivgauss",5e-05,1e+05,"hrv_full","0.05",FALSE,5.16292768134826e-05,-3.16953524581185e-05,NA,NA,NA,0.806045997131137,-0.0736418328318663,-0.0199455664769395,0,0,50
"bivgauss",5e-05,1e+05,"hrv_full","0.1",FALSE,4.33985603834537e-05,-2.82656173046684e-05,NA,NA,NA,0.806045997131137,-0.0736418328318663,-0.0199455664769395,0,0,50
"bivgauss",5e-05,1e+05,"hrv_full","0.01",TRUE,6.92901012674264e-05,-3.65065558177702e-05,NA,NA,NA,0.806045997131137,-0.0736418328318663,-0.0199455664769395,0,0,50
"bivgauss",5e-05,1e+05,"hrv_interior","0.05",TRUE,5.16292768134826e-05,-3.16953524581185e-05,NA,NA,NA,0.806045997131137,-0.0736418328318663,-0.0199455664769395,0,0,10
"bivgauss",5e-05,1e+05,"hrv_interior","0.1",TRUE,4.33985603834537e-05,-2.82656173046684e-05,NA,NA,NA,0.806045997131137,-0.0736418328318663,-0.0199455664769395,0,0,10
"bivgauss",5e-05,1e+05,"hrv_interior","0.01",TRUE,6.92901012674264e-05,-3.65065558177702e-05,NA,NA,NA,0.806045997131137,-0.0736418328318663,-0.0199455664769395,0,0,10
"bivgauss",5e-05,1e+05,"hrv_full","0.05",FALSE,4.72705336565859e-05,-3.11442424528336e-05,NA,NA,NA,0.809290273248271,-0.217745084944572,-0.187956242262534,0,0,50
"bivgauss",5e-05,1e+05,"hrv_full","0.1",FALSE,4.10555526521495e-05,-2.73442126113205e-05,NA,NA,NA,0.809290273248271,-0.217745084944572,-0.187956242262534,0,0,50
"bivgauss",5e-05,1e+05,"hrv_full","0.01",FALSE,6.11451924721885e-05,-3.8393431181965e-05,NA,NA,NA,0.809290273248271,-0.217745084944572,-0.187956242262534,0,0,50
"bivgauss",5e-05,1e+05,"hrv_interior","0.05",FALSE,4.72705336565859e-05,-3.11442424528336e-05,NA,NA,NA,0.809290273248271,-0.217745084944572,-0.187956242262534,0,0,10
"bivgauss",5e-05,1e+05,"hrv_interior","0.1",FALSE,4.10555526521495e-05,-2.73442126113205e-05,NA,NA,NA,0.809290273248271,-0.217745084944572,-0.187956242262534,0,0,10
"bivgauss",5e-05,1e+05,"hrv_interior","0.01",TRUE,6.11451924721885e-05,-3.8393431181965e-05,NA,NA,NA,0.809290273248271,-0.217745084944572,-0.187956242262534,0,0,10
"bivgauss",5e-05,1e+05,"hrv_full","0.05",FALSE,5.18429606403025e-05,-3.26392868225922e-05,NA,NA,NA,0.848269871187287,0.0325285565946213,-0.0580417930643428,0,0,50
"bivgauss",5e-05,1e+05,"hrv_full","0.1",FALSE,4.37490928643337e-05,-2.91259770059505e-05,NA,NA,NA,0.848269871187287,0.0325285565946213,-0.0580417930643428,0,0,50
"bivgauss",5e-05,1e+05,"hrv_full","0.01",TRUE,6.88843613420342e-05,-4.10815649360558e-05,NA,NA,NA,0.848269871187287,0.0325285565946213,-0.0580417930643428,0,0,50
"bivgauss",5e-05,1e+05,"hrv_interior","0.05",TRUE,5.18429606403025e-05,-3.26392868225922e-05,NA,NA,NA,0.848269871187287,0.0325285565946213,-0.0580417930643428,0,0,10
"bivgauss",5e-05,1e+05,"hrv_interior","0.1",TRUE,4.37490928643337e-05,-2.91259770059505e-05,NA,NA,NA,0.848269871187287,0.0325285565946213,-0.0580417930643428,0,0,10
"bivgauss",5e-05,1e+05,"hrv_interior","0.01",TRUE,6.88843613420342e-05,-4.10815649360558e-05,NA,NA,NA,0.848269871187287,0.0325285565946213,-0.0580417930643428,0,0,10
"bivgauss",5e-05,1e+05,"hrv_full","0.05",TRUE,5.480833635254e-05,-3.36890465928655e-05,NA,NA,NA,0.815561962985905,-0.0646364839288126,0.0285006248150726,0,0,50
"bivgauss",5e-05,1e+05,"hrv_full","0.1",TRUE,4.74106543957461e-05,-3.00557123803599e-05,NA,NA,NA,0.815561962985905,-0.0646364839288126,0.0285006248150726,0,0,50
"bivgauss",5e-05,1e+05,"hrv_full","0.01",TRUE,7.21564810670602e-05,-4.09111482638466e-05,NA,NA,NA,0.815561962985905,-0.0646364839288126,0.0285006248150726,0,0,50
"bivgauss",5e-05,1e+05,"hrv_interior","0.05",TRUE,5.480833635254e-05,-3.36890465928655e-05,NA,NA,NA,0.815561962985905,-0.0646364839288126,0.0285006248150726,0,0,10
"bivgauss",5e-05,1e+05,"hrv_interior","0.1",TRUE,4.74106543957461e-05,-3.00557123803599e-05,NA,NA,NA,0.815561962985905,-0.0646364839288126,0.0285006248150726,0,0,10
"bivgauss",5e-05,1e+05,"hrv_interior","0.01",TRUE,7.21564810670602e-05,-4.09111482638466e-05,NA,NA,NA,0.815561962985905,-0.0646364839288126,0.0285006248150726,0,0,10
"bivgauss",5e-05,1e+05,"hrv_full","0.05",TRUE,5.54324387665156e-05,-3.15258630901878e-05,NA,NA,NA,0.783709928534419,-0.0413540976021202,0.00396382897995201,0,0,50
"bivgauss",5e-05,1e+05,"hrv_full","0.1",FALSE,4.76621608168267e-05,-2.85549585358274e-05,NA,NA,NA,0.783709928534419,-0.0413540976021202,0.00396382897995201,0,0,50
"bivgauss",5e-05,1e+05,"hrv_full","0.01",TRUE,7.45110253623559e-05,-3.69542093391758e-05,NA,NA,NA,0.783709928534419,-0.0413540976021202,0.00396382897995201,0,0,50
"bivgauss",5e-05,1e+05,"hrv_interior","0.05",TRUE,5.54324387665156e-05,-3.15258630901878e-05,NA,NA,NA,0.783709928534419,-0.0413540976021202,0.00396382897995201,0,0,10
"bivgauss",5e-05,1e+05,"hrv_interior","0.1",TRUE,4.76621608168267e-05,-2.85549585358274e-05,NA,NA,NA,0.783709928534419,-0.0413540976021202,0.00396382897995201,0,0,10
"bivgauss",5e-05,1e+05,"hrv_interior","0.01",TRUE,7.45110253623559e-05,-3.69542093391758e-05,NA,NA,NA,0.783709928534419,-0.0413540976021202,0.00396382897995201,0,0,10
"bivgauss",5e-05,1e+05,"hrv_full","0.05",FALSE,5.90485549175521e-05,-3.26620205717852e-05,NA,NA,NA,0.788816851106665,-0.0277772255062483,-0.0532368356399919,0,0,50
"bivgauss",5e-05,1e+05,"hrv_full","0.1",FALSE,4.9804897719312e-05,-2.94531743763106e-05,NA,NA,NA,0.788816851106665,-0.0277772255062483,-0.0532368356399919,0,0,50
"bivgauss",5e-05,1e+05,"hrv_full","0.01",TRUE,7.80340447972378e-05,-3.86915068561199e-05,NA,NA,NA,0.788816851106665,-0.0277772255062483,-0.0532368356399919,0,0,50
"bivgauss",5e-05,1e+05,"hrv_interior","0.05",TRUE,5.90485549175521e-05,-3.26620205717852e-05,NA,NA,NA,0.788816851106665,-0.0277772255062483,-0.0532368356399919,0,0,10
"bivgauss",5e-05,1e+05,"hrv_interior","0.1",TRUE,4.9804897719312e-05,-2.94531743763106e-05,NA,NA,NA,0.788816851106665,-0.0277772255062483,-0.0532368356399919,0,0,10
"bivgauss",5e-05,1e+05,"hrv_interior","0.01",TRUE,7.80340447972378e-05,-3.86915068561199e-05,NA,NA,NA,0.788816851106665,-0.0277772255062483,-0.0532368356399919,0,0,10
"bivgauss",5e-05,1e+05,"hrv_full","0.05",FALSE,4.89558125683503e-05,-3.06411526980191e-05,NA,NA,NA,0.769991634491577,-0.0307865312545403,-0.173999841761016,0,0,50
"bivgauss",5e-05,1e+05,"hrv_full","0.1",FALSE,4.25826442341771e-05,-2.71008626436418e-05,NA,NA,NA,0.769991634491577,-0.0307865312545403,-0.173999841761016,0,0,50
"bivgauss",5e-05,1e+05,"hrv_full","0.01",FALSE,6.22464416557512e-05,-3.64072114690354e-05,NA,NA,NA,0.769991634491577,-0.0307865312545403,-0.173999841761016,0,0,50
"bivgauss",5e-05,1e+05,"hrv_interior","0.05",FALSE,4.89558125683503e-05,-3.06411526980191e-05,NA,NA,NA,0.769991634491577,-0.0307865312545403,-0.173999841761016,0,0,10
"bivgauss",5e-05,1e+05,"hrv_interior","0.1",FALSE,4.25826442341771e-05,-2.71008626436418e-05,NA,NA,NA,0.769991634491577,-0.0307865312545403,-0.173999841761016,0,0,10
"bivgauss",5e-05,1e+05,"hrv_interior","0.01",TRUE,6.22464416557512e-05,-3.64072114690354e-05,NA,NA,NA,0.769991634491577,-0.0307865312545403,-0.173999841761016,0,0,10
"bivgauss",5e-05,1e+05,"hrv_full","0.05",FALSE,5.63178534086674e-05,-3.34292682251153e-05,NA,NA,NA,0.769474657412115,-0.133985771937657,-0.0508475634173003,0,0,50
"bivgauss",5e-05,1e+05,"hrv_full","0.1",FALSE,4.82275788664931e-05,-2.93006076463476e-05,NA,NA,NA,0.769474657412115,-0.133985771937657,-0.0508475634173003,0,0,50
"bivgauss",5e-05,1e+05,"hrv_full","0.01",FALSE,7.37257127130284e-05,-3.98669405163753e-05,NA,NA,NA,0.769474657412115,-0.133985771937657,-0.0508475634173003,0,0,50
"bivgauss",5e-05,1e+05,"hrv_interior","0.05",TRUE,5.63178534086674e-05,-3.34292682251153e-05,NA,NA,NA,0.769474657412115,-0.133985771937657,-0.0508475634173003,0,0,10
"bivgauss",5e-05,1e+05,"hrv_interior","0.1",FALSE,4.82275788664931e-05,-2.93006076463476e-05,NA,NA,NA,0.769474657412115,-0.133985771937657,-0.0508475634173003,0,0,10
"bivgauss",5e-05,1e+05,"hrv_interior","0.01",TRUE,7.37257127130284e-05,-3.98669405163753e-05,NA,NA,NA,0.769474657412115,-0.133985771937657,-0.0508475634173003,0,0,10
"bivgauss",5e-05,1e+05,"hrv_full","0.05",FALSE,4.50982997850594e-05,-2.86466641378552e-05,NA,NA,NA,0.801085330876558,-0.0127421867849935,-0.0265292050104393,0,0,50
"bivgauss",5e-05,1e+05,"hrv_full","0.1",FALSE,3.76017218241739e-05,-2.55687439062195e-05,NA,NA,NA,0.801085330876558,-0.0127421867849935,-0.0265292050104393,0,0,50
"bivgauss",5e-05,1e+05,"hrv_full","0.01",FALSE,5.79062126607922e-05,-3.44703993341846e-05,NA,NA,NA,0.801085330876558,-0.0127421867849935,-0.0265292050104393,0,0,50
"bivgauss",5e-05,1e+05,"hrv_interior","0.05",TRUE,4.50982997850594e-05,-2.86466641378552e-05,NA,NA,NA,0.801085330876558,-0.0127421867849935,-0.0265292050104393,0,0,10
"bivgauss",5e-05,1e+05,"hrv_interior","0.1",TRUE,3.76017218241739e-05,-2.55687439062195e-05,NA,NA,NA,0.801085330876558,-0.0127421867849935,-0.0265292050104393,0,0,10
"bivgauss",5e-05,1e+05,"hrv_interior","0.01",TRUE,5.79062126607922e-05,-3.44703993341846e-05,NA,NA,NA,0.801085330876558,-0.0127421867849935,-0.0265292050104393,0,0,10
"bivgauss",5e-05,1e+05,"hrv_full","0.05",FALSE,5.60788046830167e-05,-3.21878540174089e-05,NA,NA,NA,0.792985324977998,-0.0930308821819967,-0.0558540404062329,0,0,50
"bivgauss",5e-05,1e+05,"hrv_full","0.1",FALSE,4.7077785976423e-05,-2.86333987709757e-05,NA,NA,NA,0.792985324977998,-0.0930308821819967,-0.0558540404062329,0,0,50
"bivgauss",5e-05,1e+05,"hrv_full","0.01",TRUE,7.71610686816096e-05,-3.8598299227242e-05,NA,NA,NA,0.792985324977998,-0.0930308821819967,-0.0558540404062329,0,0,50
"bivgauss",5e-05,1e+05,"hrv_interior","0.05",TRUE,5.60788046830167e-05,-3.21878540174089e-05,NA,NA,NA,0.792985324977998,-0.0930308821819967,-0.0558540404062329,0,0,10
"bivgauss",5e-05,1e+05,"hrv_interior","0.1",TRUE,4.7077785976423e-05,-2.86333987709757e-05,NA,NA,NA,0.792985324977998,-0.0930308821819967,-0.0558540404062329,0,0,10
"bivgauss",5e-05,1e+05,"hrv_interior","0.01",TRUE,7.71610686816096e-05,-3.8598299227242e-05,NA,NA,NA,0.792985324977998,-0.0930308821819967,-0.0558540404062329,0,0,10
"bivgauss",5e-05,1e+05,"hrv_full","0.05",TRUE,5.71515173552076e-05,-3.43439495892293e-05,NA,NA,NA,0.911462888803499,-0.0962760134254018,-0.0180432696367439,0,0,50
"bivgauss",5e-05,1e+05,"hrv_full","0.1",TRUE,4.87910522322206e-05,-2.95683724088245e-05,NA,NA,NA,0.911462888803499,-0.0962760134254018,-0.0180432696367439,0,0,50
"bivgauss",5e-05,1e+05,"hrv_full","0.01",TRUE,7.16164092121768e-05,-4.03640713156742e-05,NA,NA,NA,0.911462888803499,-0.0962760134254018,-0.0180432696367439,0,0,50
"bivgauss",5e-05,1e+05,"hrv_interior","0.05",TRUE,5.71515173552076e-05,-3.43439495892293e-05,NA,NA,NA,0.911462888803499,-0.0962760134254018,-0.0180432696367439,0,0,10
"bivgauss",5e-05,1e+05,"hrv_interior","0.1",TRUE,4.87910522322206e-05,-2.95683724088245e-05,NA,NA,NA,0.911462888803499,-0.0962760134254018,-0.0180432696367439,0,0,10
"bivgauss",5e-05,1e+05,"hrv_interior","0.01",TRUE,7.16164092121768e-05,-4.03640713156742e-05,NA,NA,NA,0.911462888803499,-0.0962760134254018,-0.0180432696367439,0,0,10
"bivgauss",5e-05,1e+05,"hrv_full","0.05",FALSE,4.99714257181711e-05,-3.00899365248977e-05,NA,NA,NA,0.834702549852321,-0.107353002645754,-0.129753222864014,0,0,50
"bivgauss",5e-05,1e+05,"hrv_full","0.1",FALSE,4.27421821169879e-05,-2.65674597663882e-05,NA,NA,NA,0.834702549852321,-0.107353002645754,-0.129753222864014,0,0,50
"bivgauss",5e-05,1e+05,"hrv_full","0.01",TRUE,6.67428860147199e-05,-3.61831487483729e-05,NA,NA,NA,0.834702549852321,-0.107353002645754,-0.129753222864014,0,0,50
"bivgauss",5e-05,1e+05,"hrv_interior","0.05",TRUE,4.99714257181711e-05,-3.00899365248977e-05,NA,NA,NA,0.834702549852321,-0.107353002645754,-0.129753222864014,0,0,10
"bivgauss",5e-05,1e+05,"hrv_interior","0.1",TRUE,4.27421821169879e-05,-2.65674597663882e-05,NA,NA,NA,0.834702549852321,-0.107353002645754,-0.129753222864014,0,0,10
"bivgauss",5e-05,1e+05,"hrv_interior","0.01",TRUE,6.67428860147199e-05,-3.61831487483729e-05,NA,NA,NA,0.834702549852321,-0.107353002645754,-0.129753222864014,0,0,10
"bivgauss",5e-05,1e+05,"hrv_full","0.05",FALSE,5.35501390322826e-05,-3.17379237700828e-05,NA,NA,NA,0.782946508795928,-0.0212414454584922,-0.222984013169566,0,0,50
"bivgauss",5e-05,1e+05,"hrv_full","0.1",FALSE,4.42391219346661e-05,-2.87208417176712e-05,NA,NA,NA,0.782946508795928,-0.0212414454584922,-0.222984013169566,0,0,50
"bivgauss",5e-05,1e+05,"hrv_full","0.01",FALSE,7.32894021500382e-05,-3.74412984384345e-05,NA,NA,NA,0.782946508795928,-0.0212414454584922,-0.222984013169566,0,0,50
"bivgauss",5e-05,1e+05,"hrv_interior","0.05",TRUE,5.35501390322826e-05,-3.17379237700828e-05,NA,NA,NA,0.782946508795928,-0.0212414454584922,-0.222984013169566,0,0,10
"bivgauss",5e-05,1e+05,"hrv_interior","0.1",TRUE,4.42391219346661e-05,-2.87208417176712e-05,NA,NA,NA,0.782946508795928,-0.0212414454584922,-0.222984013169566,0,0,10
"bivgauss",5e-05,1e+05,"hrv_interior","0.01",TRUE,7.32894021500382e-05,-3.74412984384345e-05,NA,NA,NA,0.782946508795928,-0.0212414454584922,-0.222984013169566,0,0,10
"bivgauss",5e-05,1e+05,"hrv_full","0.05",FALSE,4.96467542834365e-05,-3.00978181728598e-05,NA,NA,NA,0.832661104240362,-0.140269571511151,-0.159299529190816,0,0,50
"bivgauss",5e-05,1e+05,"hrv_full","0.1",FALSE,4.25002984604714e-05,-2.69922151528853e-05,NA,NA,NA,0.832661104240362,-0.140269571511151,-0.159299529190816,0,0,50
"bivgauss",5e-05,1e+05,"hrv_full","0.01",FALSE,6.45730733365693e-05,-3.56539530077099e-05,NA,NA,NA,0.832661104240362,-0.140269571511151,-0.159299529190816,0,0,50
"bivgauss",5e-05,1e+05,"hrv_interior","0.05",TRUE,4.96467542834365e-05,-3.00978181728598e-05,NA,NA,NA,0.832661104240362,-0.140269571511151,-0.159299529190816,0,0,10
"bivgauss",5e-05,1e+05,"hrv_interior","0.1",TRUE,4.25002984604714e-05,-2.69922151528853e-05,NA,NA,NA,0.832661104240362,-0.140269571511151,-0.159299529190816,0,0,10
"bivgauss",5e-05,1e+05,"hrv_interior","0.01",TRUE,6.45730733365693e-05,-3.56539530077099e-05,NA,NA,NA,0.832661104240362,-0.140269571511151,-0.159299529190816,0,0,10
"bivgauss",5e-05,1e+05,"hrv_full","0.05",FALSE,4.7040260495307e-05,-2.8995910868859e-05,NA,NA,NA,0.812430365143812,-0.0613216301902249,-0.0420936220025059,0,0,50
"bivgauss",5e-05,1e+05,"hrv_full","0.1",FALSE,3.97473160427212e-05,-2.59571753104863e-05,NA,NA,NA,0.812430365143812,-0.0613216301902249,-0.0420936220025059,0,0,50
"bivgauss",5e-05,1e+05,"hrv_full","0.01",FALSE,6.01120347755852e-05,-3.43730309020884e-05,NA,NA,NA,0.812430365143812,-0.0613216301902249,-0.0420936220025059,0,0,50
"bivgauss",5e-05,1e+05,"hrv_interior","0.05",TRUE,4.7040260495307e-05,-2.8995910868859e-05,NA,NA,NA,0.812430365143812,-0.0613216301902249,-0.0420936220025059,0,0,10
"bivgauss",5e-05,1e+05,"hrv_interior","0.1",TRUE,3.97473160427212e-05,-2.59571753104863e-05,NA,NA,NA,0.812430365143812,-0.0613216301902249,-0.0420936220025059,0,0,10
"bivgauss",5e-05,1e+05,"hrv_interior","0.01",TRUE,6.01120347755852e-05,-3.43730309020884e-05,NA,NA,NA,0.812430365143812,-0.0613216301902249,-0.0420936220025059,0,0,10
"bivgauss",5e-05,1e+05,"hrv_full","0.05",FALSE,4.84908373642519e-05,-3.22958383980969e-05,NA,NA,NA,0.848069713305233,-0.116563070766706,-0.109502534646212,0,0,50
"bivgauss",5e-05,1e+05,"hrv_full","0.1",FALSE,4.1730128442412e-05,-2.77024896699997e-05,NA,NA,NA,0.848069713305233,-0.116563070766706,-0.109502534646212,0,0,50
"bivgauss",5e-05,1e+05,"hrv_full","0.01",TRUE,6.22467724572576e-05,-3.95235467276404e-05,NA,NA,NA,0.848069713305233,-0.116563070766706,-0.109502534646212,0,0,50
"bivgauss",5e-05,1e+05,"hrv_interior","0.05",TRUE,4.84908373642519e-05,-3.22958383980969e-05,NA,NA,NA,0.848069713305233,-0.116563070766706,-0.109502534646212,0,0,10
"bivgauss",5e-05,1e+05,"hrv_interior","0.1",TRUE,4.1730128442412e-05,-2.77024896699997e-05,NA,NA,NA,0.848069713305233,-0.116563070766706,-0.109502534646212,0,0,10
"bivgauss",5e-05,1e+05,"hrv_interior","0.01",TRUE,6.22467724572576e-05,-3.95235467276404e-05,NA,NA,NA,0.848069713305233,-0.116563070766706,-0.109502534646212,0,0,10
"bivgauss",5e-05,1e+05,"hrv_full","0.05",FALSE,5.02457917020765e-05,-3.1486043909511e-05,NA,NA,NA,0.775734946123622,-0.0614831255264441,-0.0668915931611379,0,0,50
"bivgauss",5e-05,1e+05,"hrv_full","0.1",FALSE,4.20347488440532e-05,-2.77562881697985e-05,NA,NA,NA,0.775734946123622,-0.0614831255264441,-0.0668915931611379,0,0,50
"bivgauss",5e-05,1e+05,"hrv_full","0.01",TRUE,6.61435108992824e-05,-3.77951786145658e-05,NA,NA,NA,0.775734946123622,-0.0614831255264441,-0.0668915931611379,0,0,50
"bivgauss",5e-05,1e+05,"hrv_interior","0.05",TRUE,5.02457917020765e-05,-3.1486043909511e-05,NA,NA,NA,0.775734946123622,-0.0614831255264441,-0.0668915931611379,0,0,10
"bivgauss",5e-05,1e+05,"hrv_interior","0.1",TRUE,4.20347488440532e-05,-2.77562881697985e-05,NA,NA,NA,0.775734946123622,-0.0614831255264441,-0.0668915931611379,0,0,10
"bivgauss",5e-05,1e+05,"hrv_interior","0.01",TRUE,6.61435108992824e-05,-3.77951786145658e-05,NA,NA,NA,0.775734946123622,-0.0614831255264441,-0.0668915931611379,0,0,10
"bivgauss",5e-05,1e+05,"hrv_full","0.05",FALSE,5.6184737582286e-05,-3.26981371537719e-05,NA,NA,NA,0.822690540753317,-0.166616952348371,-0.150832537767615,0,0,50
"bivgauss",5e-05,1e+05,"hrv_full","0.1",FALSE,4.74626049823304e-05,-2.96699692447309e-05,NA,NA,NA,0.822690540753317,-0.166616952348371,-0.150832537767615,0,0,50
"bivgauss",5e-05,1e+05,"hrv_full","0.01",FALSE,7.48916749425192e-05,-3.87276183568722e-05,NA,NA,NA,0.822690540753317,-0.166616952348371,-0.150832537767615,0,0,50
"bivgauss",5e-05,1e+05,"hrv_interior","0.05",TRUE,5.6184737582286e-05,-3.26981371537719e-05,NA,NA,NA,0.822690540753317,-0.166616952348371,-0.150832537767615,0,0,10
"bivgauss",5e-05,1e+05,"hrv_interior","0.1",TRUE,4.74626049823304e-05,-2.96699692447309e-05,NA,NA,NA,0.822690540753317,-0.166616952348371,-0.150832537767615,0,0,10
"bivgauss",5e-05,1e+05,"hrv_interior","0.01",TRUE,7.48916749425192e-05,-3.87276183568722e-05,NA,NA,NA,0.822690540753317,-0.166616952348371,-0.150832537767615,0,0,10
"bivgauss",5e-05,1e+05,"hrv_full","0.05",TRUE,7.24498024686438e-05,-3.81426478320293e-05,NA,NA,NA,0.840163790033424,-0.0698162699342462,-0.0549278915426981,0,0,50
"bivgauss",5e-05,1e+05,"hrv_full","0.1",TRUE,6.25459438440036e-05,-3.4747177480388e-05,NA,NA,NA,0.840163790033424,-0.0698162699342462,-0.0549278915426981,0,0,50
"bivgauss",5e-05,1e+05,"hrv_full","0.01",TRUE,9.18932164021637e-05,-4.38869859514305e-05,NA,NA,NA,0.840163790033424,-0.0698162699342462,-0.0549278915426981,0,0,50
"bivgauss",5e-05,1e+05,"hrv_interior","0.05",TRUE,7.24498024686438e-05,-3.81426478320293e-05,NA,NA,NA,0.840163790033424,-0.0698162699342462,-0.0549278915426981,0,0,10
"bivgauss",5e-05,1e+05,"hrv_interior","0.1",TRUE,6.25459438440036e-05,-3.4747177480388e-05,NA,NA,NA,0.840163790033424,-0.0698162699342462,-0.0549278915426981,0,0,10
"bivgauss",5e-05,1e+05,"hrv_interior","0.01",TRUE,9.18932164021637e-05,-4.38869859514305e-05,NA,NA,NA,0.840163790033424,-0.0698162699342462,-0.0549278915426981,0,0,10
"bivgauss",5e-05,1e+05,"hrv_full","0.05",TRUE,5.22029440540712e-05,-3.13062924800738e-05,NA,NA,NA,0.849910921735037,-0.0578518603809979,-0.00653151457561663,0,0,50
"bivgauss",5e-05,1e+05,"hrv_full","0.1",TRUE,4.41556969286334e-05,-2.78431152206884e-05,NA,NA,NA,0.849910921735037,-0.0578518603809979,-0.00653151457561663,0,0,50
"bivgauss",5e-05,1e+05,"hrv_full","0.01",TRUE,6.94311268608342e-05,-3.79322034247318e-05,NA,NA,NA,0.849910921735037,-0.0578518603809979,-0.00653151457561663,0,0,50
"bivgauss",5e-05,1e+05,"hrv_interior","0.05",TRUE,5.22029440540712e-05,-3.13062924800738e-05,NA,NA,NA,0.849910921735037,-0.0578518603809979,-0.00653151457561663,0,0,10
"bivgauss",5e-05,1e+05,"hrv_interior","0.1",TRUE,4.41556969286334e-05,-2.78431152206884e-05,NA,NA,NA,0.849910921735037,-0.0578518603809979,-0.00653151457561663,0,0,10
"bivgauss",5e-05,1e+05,"hrv_interior","0.01",TRUE,6.94311268608342e-05,-3.79322034247318e-05,NA,NA,NA,0.849910921735037,-0.0578518603809979,-0.00653151457561663,0,0,10
"bivgauss",5e-05,1e+05,"hrv_full","0.05",FALSE,5.32440261374881e-05,-3.14999154902414e-05,NA,NA,NA,0.753359050458911,-0.126455225883196,-0.162337474036897,0,0,50
"bivgauss",5e-05,1e+05,"hrv_full","0.1",FALSE,4.5235549846689e-05,-2.75667227745805e-05,NA,NA,NA,0.753359050458911,-0.126455225883196,-0.162337474036897,0,0,50
"bivgauss",5e-05,1e+05,"hrv_full","0.01",FALSE,7.20455408818037e-05,-3.86182453833309e-05,NA,NA,NA,0.753359050458911,-0.126455225883196,-0.162337474036897,0,0,50
"bivgauss",5e-05,1e+05,"hrv_interior","0.05",FALSE,5.32440261374881e-05,-3.14999154902414e-05,NA,NA,NA,0.753359050458911,-0.126455225883196,-0.162337474036897,0,0,10
"bivgauss",5e-05,1e+05,"hrv_interior","0.1",FALSE,4.5235549846689e-05,-2.75667227745805e-05,NA,NA,NA,0.753359050458911,-0.126455225883196,-0.162337474036897,0,0,10
"bivgauss",5e-05,1e+05,"hrv_interior","0.01",TRUE,7.20455408818037e-05,-3.86182453833309e-05,NA,NA,NA,0.753359050458911,-0.126455225883196,-0.162337474036897,0,0,10
"bivgauss",5e-05,1e+05,"hrv_full","0.05",FALSE,4.91886610286113e-05,-2.95612721690246e-05,NA,NA,NA,0.748981488503686,-0.134691208238402,-0.0189055763333419,0,0,50
"bivgauss",5e-05,1e+05,"hrv_full","0.1",FALSE,4.12315001585344e-05,-2.65643991060693e-05,NA,NA,NA,0.748981488503686,-0.134691208238402,-0.0189055763333419,0,0,50
"bivgauss",5e-05,1e+05,"hrv_full","0.01",FALSE,6.46582624093561e-05,-3.55147241736741e-05,NA,NA,NA,0.748981488503686,-0.134691208238402,-0.0189055763333419,0,0,50
"bivgauss",5e-05,1e+05,"hrv_interior","0.05",TRUE,4.91886610286113e-05,-2.95612721690246e-05,NA,NA,NA,0.748981488503686,-0.134691208238402,-0.0189055763333419,0,0,10
"bivgauss",5e-05,1e+05,"hrv_interior","0.1",FALSE,4.12315001585344e-05,-2.65643991060693e-05,NA,NA,NA,0.748981488503686,-0.134691208238402,-0.0189055763333419,0,0,10
"bivgauss",5e-05,1e+05,"hrv_interior","0.01",TRUE,6.46582624093561e-05,-3.55147241736741e-05,NA,NA,NA,0.748981488503686,-0.134691208238402,-0.0189055763333419,0,0,10
"bivgauss",5e-05,1e+05,"hrv_full","0.05",TRUE,6.07877708478495e-05,-3.48448112990334e-05,NA,NA,NA,0.811056969518396,-0.0559375114991411,-0.0828112430797561,0,0,50
"bivgauss",5e-05,1e+05,"hrv_full","0.1",TRUE,5.07683904528537e-05,-3.15459345752569e-05,NA,NA,NA,0.811056969518396,-0.0559375114991411,-0.0828112430797561,0,0,50
"bivgauss",5e-05,1e+05,"hrv_full","0.01",TRUE,7.76706544990717e-05,-4.02312520164989e-05,NA,NA,NA,0.811056969518396,-0.0559375114991411,-0.0828112430797561,0,0,50
"bivgauss",5e-05,1e+05,"hrv_interior","0.05",TRUE,6.07877708478495e-05,-3.48448112990334e-05,NA,NA,NA,0.811056969518396,-0.0559375114991411,-0.0828112430797561,0,0,10
"bivgauss",5e-05,1e+05,"hrv_interior","0.1",TRUE,5.07683904528537e-05,-3.15459345752569e-05,NA,NA,NA,0.811056969518396,-0.0559375114991411,-0.0828112430797561,0,0,10
"bivgauss",5e-05,1e+05,"hrv_interior","0.01",TRUE,7.76706544990717e-05,-4.02312520164989e-05,NA,NA,NA,0.811056969518396,-0.0559375114991411,-0.0828112430797561,0,0,10
"bivgauss",5e-05,1e+05,"hrv_full","0.05",FALSE,5.51448405937274e-05,-3.29330029202514e-05,NA,NA,NA,0.781229612321712,-0.0623312708624434,-0.151135900562363,0,0,50
"bivgauss",5e-05,1e+05,"hrv_full","0.1",FALSE,4.7060541167468e-05,-2.92355482516627e-05,NA,NA,NA,0.781229612321712,-0.0623312708624434,-0.151135900562363,0,0,50
"bivgauss",5e-05,1e+05,"hrv_full","0.01",TRUE,7.25345828681566e-05,-3.80331301282626e-05,NA,NA,NA,0.781229612321712,-0.0623312708624434,-0.151135900562363,0,0,50
"bivgauss",5e-05,1e+05,"hrv_interior","0.05",TRUE,5.51448405937274e-05,-3.29330029202514e-05,NA,NA,NA,0.781229612321712,-0.0623312708624434,-0.151135900562363,0,0,10
"bivgauss",5e-05,1e+05,"hrv_interior","0.1",TRUE,4.7060541167468e-05,-2.92355482516627e-05,NA,NA,NA,0.781229612321712,-0.0623312708624434,-0.151135900562363,0,0,10
"bivgauss",5e-05,1e+05,"hrv_interior","0.01",TRUE,7.25345828681566e-05,-3.80331301282626e-05,NA,NA,NA,0.781229612321712,-0.0623312708624434,-0.151135900562363,0,0,10
"bivgauss",5e-05,1e+05,"hrv_full","0.05",TRUE,5.58396327418294e-05,-3.41442903935808e-05,NA,NA,NA,0.87085933376173,0.0123258466845447,-0.0961573266396132,0,0,50
"bivgauss",5e-05,1e+05,"hrv_full","0.1",TRUE,4.72564290025917e-05,-3.00726789662309e-05,NA,NA,NA,0.87085933376173,0.0123258466845447,-0.0961573266396132,0,0,50
"bivgauss",5e-05,1e+05,"hrv_full","0.01",TRUE,7.21628373942901e-05,-4.1043539879023e-05,NA,NA,NA,0.87085933376173,0.0123258466845447,-0.0961573266396132,0,0,50
"bivgauss",5e-05,1e+05,"hrv_interior","0.05",TRUE,5.58396327418294e-05,-3.41442903935808e-05,NA,NA,NA,0.87085933376173,0.0123258466845447,-0.0961573266396132,0,0,10
"bivgauss",5e-05,1e+05,"hrv_interior","0.1",TRUE,4.72564290025917e-05,-3.00726789662309e-05,NA,NA,NA,0.87085933376173,0.0123258466845447,-0.0961573266396132,0,0,10
"bivgauss",5e-05,1e+05,"hrv_interior","0.01",TRUE,7.21628373942901e-05,-4.1043539879023e-05,NA,NA,NA,0.87085933376173,0.0123258466845447,-0.0961573266396132,0,0,10
"bivgauss",5e-05,1e+05,"hrv_full","0.05",TRUE,4.8715782358978e-05,-3.17360537591624e-05,NA,NA,NA,0.87409408539259,-0.0832028262837545,-0.163181832120277,0,0,50
"bivgauss",5e-05,1e+05,"hrv_full","0.1",TRUE,4.16378211860797e-05,-2.81381198815452e-05,NA,NA,NA,0.87409408539259,-0.0832028262837545,-0.163181832120277,0,0,50
"bivgauss",5e-05,1e+05,"hrv_full","0.01",TRUE,6.132018302875e-05,-3.77224951734073e-05,NA,NA,NA,0.87409408539259,-0.0832028262837545,-0.163181832120277,0,0,50
"bivgauss",5e-05,1e+05,"hrv_interior","0.05",TRUE,4.8715782358978e-05,-3.17360537591624e-05,NA,NA,NA,0.87409408539259,-0.0832028262837545,-0.163181832120277,0,0,10
"bivgauss",5e-05,1e+05,"hrv_interior","0.1",TRUE,4.16378211860797e-05,-2.81381198815452e-05,NA,NA,NA,0.87409408539259,-0.0832028262837545,-0.163181832120277,0,0,10
"bivgauss",5e-05,1e+05,"hrv_interior","0.01",TRUE,6.132018302875e-05,-3.77224951734073e-05,NA,NA,NA,0.87409408539259,-0.0832028262837545,-0.163181832120277,0,0,10
"bivgauss",5e-05,1e+05,"hrv_full","0.05",FALSE,4.91903789500836e-05,-3.0906997201861e-05,NA,NA,NA,0.782587627289182,-0.0367565532419223,-0.0633950817327624,0,0,50
"bivgauss",5e-05,1e+05,"hrv_full","0.1",FALSE,4.19029733233242e-05,-2.77936688076041e-05,NA,NA,NA,0.782587627289182,-0.0367565532419223,-0.0633950817327624,0,0,50
"bivgauss",5e-05,1e+05,"hrv_full","0.01",FALSE,6.56807014567945e-05,-3.58584149289962e-05,NA,NA,NA,0.782587627289182,-0.0367565532419223,-0.0633950817327624,0,0,50
"bivgauss",5e-05,1e+05,"hrv_interior","0.05",TRUE,4.91903789500836e-05,-3.0906997201861e-05,NA,NA,NA,0.782587627289182,-0.0367565532419223,-0.0633950817327624,0,0,10
"bivgauss",5e-05,1e+05,"hrv_interior","0.1",TRUE,4.19029733233242e-05,-2.77936688076041e-05,NA,NA,NA,0.782587627289182,-0.0367565532419223,-0.0633950817327624,0,0,10
"bivgauss",5e-05,1e+05,"hrv_interior","0.01",TRUE,6.56807014567945e-05,-3.58584149289962e-05,NA,NA,NA,0.782587627289182,-0.0367565532419223,-0.0633950817327624,0,0,10
"bivgauss",5e-05,1e+05,"hrv_full","0.05",TRUE,5.33645919210548e-05,-3.11531384619178e-05,NA,NA,NA,0.8131943778222,-0.0429866800238205,-0.0596611865248801,0,0,50
"bivgauss",5e-05,1e+05,"hrv_full","0.1",FALSE,4.42505354260627e-05,-2.7602066593036e-05,NA,NA,NA,0.8131943778222,-0.0429866800238205,-0.0596611865248801,0,0,50
"bivgauss",5e-05,1e+05,"hrv_full","0.01",TRUE,7.0866496926959e-05,-3.67287986644826e-05,NA,NA,NA,0.8131943778222,-0.0429866800238205,-0.0596611865248801,0,0,50
"bivgauss",5e-05,1e+05,"hrv_interior","0.05",TRUE,5.33645919210548e-05,-3.11531384619178e-05,NA,NA,NA,0.8131943778222,-0.0429866800238205,-0.0596611865248801,0,0,10
"bivgauss",5e-05,1e+05,"hrv_interior","0.1",TRUE,4.42505354260627e-05,-2.7602066593036e-05,NA,NA,NA,0.8131943778222,-0.0429866800238205,-0.0596611865248801,0,0,10
"bivgauss",5e-05,1e+05,"hrv_interior","0.01",TRUE,7.0866496926959e-05,-3.67287986644826e-05,NA,NA,NA,0.8131943778222,-0.0429866800238205,-0.0596611865248801,0,0,10
"bivgauss",5e-05,1e+05,"hrv_full","0.05",TRUE,5.26409933327159e-05,-3.25802323433773e-05,NA,NA,NA,0.830850411591768,-0.0203105524293318,-0.142382190530545,0,0,50
"bivgauss",5e-05,1e+05,"hrv_full","0.1",FALSE,4.45099948930206e-05,-2.88833397426288e-05,NA,NA,NA,0.830850411591768,-0.0203105524293318,-0.142382190530545,0,0,50
"bivgauss",5e-05,1e+05,"hrv_full","0.01",TRUE,7.17689808324558e-05,-3.92063655234545e-05,NA,NA,NA,0.830850411591768,-0.0203105524293318,-0.142382190530545,0,0,50
"bivgauss",5e-05,1e+05,"hrv_interior","0.05",TRUE,5.26409933327159e-05,-3.25802323433773e-05,NA,NA,NA,0.830850411591768,-0.0203105524293318,-0.142382190530545,0,0,10
"bivgauss",5e-05,1e+05,"hrv_interior","0.1",TRUE,4.45099948930206e-05,-2.88833397426288e-05,NA,NA,NA,0.830850411591768,-0.0203105524293318,-0.142382190530545,0,0,10
"bivgauss",5e-05,1e+05,"hrv_interior","0.01",TRUE,7.17689808324558e-05,-3.92063655234545e-05,NA,NA,NA,0.830850411591768,-0.0203105524293318,-0.142382190530545,0,0,10
"bivgauss",5e-05,1e+05,"hrv_full","0.05",FALSE,5.17497865535073e-05,-3.15101577609342e-05,NA,NA,NA,0.844671937232615,-0.117671162957452,-0.16743267771927,0,0,50
"bivgauss",5e-05,1e+05,"hrv_full","0.1",FALSE,4.34035957747506e-05,-2.78158271888438e-05,NA,NA,NA,0.844671937232615,-0.117671162957452,-0.16743267771927,0,0,50
"bivgauss",5e-05,1e+05,"hrv_full","0.01",TRUE,6.74164638669761e-05,-3.78715761903225e-05,NA,NA,NA,0.844671937232615,-0.117671162957452,-0.16743267771927,0,0,50
"bivgauss",5e-05,1e+05,"hrv_interior","0.05",TRUE,5.17497865535073e-05,-3.15101577609342e-05,NA,NA,NA,0.844671937232615,-0.117671162957452,-0.16743267771927,0,0,10
"bivgauss",5e-05,1e+05,"hrv_interior","0.1",TRUE,4.34035957747506e-05,-2.78158271888438e-05,NA,NA,NA,0.844671937232615,-0.117671162957452,-0.16743267771927,0,0,10
"bivgauss",5e-05,1e+05,"hrv_interior","0.01",TRUE,6.74164638669761e-05,-3.78715761903225e-05,NA,NA,NA,0.844671937232615,-0.117671162957452,-0.16743267771927,0,0,10
"bivgauss",5e-05,1e+05,"hrv_full","0.05",FALSE,4.73551753328204e-05,-2.90465268325962e-05,NA,NA,NA,0.728256292908107,-0.09366775474744,-0.133287730799721,0,0,50
"bivgauss",5e-05,1e+05,"hrv_full","0.1",FALSE,4.05442783962758e-05,-2.52792972397298e-05,NA,NA,NA,0.728256292908107,-0.09366775474744,-0.133287730799721,0,0,50
"bivgauss",5e-05,1e+05,"hrv_full","0.01",FALSE,6.15973410366477e-05,-3.409818578212e-05,NA,NA,NA,0.728256292908107,-0.09366775474744,-0.133287730799721,0,0,50
"bivgauss",5e-05,1e+05,"hrv_interior","0.05",FALSE,4.73551753328204e-05,-2.90465268325962e-05,NA,NA,NA,0.728256292908107,-0.09366775474744,-0.133287730799721,0,0,10
"bivgauss",5e-05,1e+05,"hrv_interior","0.1",FALSE,4.05442783962758e-05,-2.52792972397298e-05,NA,NA,NA,0.728256292908107,-0.09366775474744,-0.133287730799721,0,0,10
"bivgauss",5e-05,1e+05,"hrv_interior","0.01",TRUE,6.15973410366477e-05,-3.409818578212e-05,NA,NA,NA,0.728256292908107,-0.09366775474744,-0.133287730799721,0,0,10
"bivgauss",5e-05,1e+05,"hrv_full","0.05",FALSE,5.20451362155252e-05,-3.08135144818096e-05,NA,NA,NA,0.805087788689444,-0.113706235893992,-0.17576347150448,0,0,50
"bivgauss",5e-05,1e+05,"hrv_full","0.1",FALSE,4.42181794778281e-05,-2.74014681697348e-05,NA,NA,NA,0.805087788689444,-0.113706235893992,-0.17576347150448,0,0,50
"bivgauss",5e-05,1e+05,"hrv_full","0.01",FALSE,6.56588795557232e-05,-3.69876282324267e-05,NA,NA,NA,0.805087788689444,-0.113706235893992,-0.17576347150448,0,0,50
"bivgauss",5e-05,1e+05,"hrv_interior","0.05",TRUE,5.20451362155252e-05,-3.08135144818096e-05,NA,NA,NA,0.805087788689444,-0.113706235893992,-0.17576347150448,0,0,10
"bivgauss",5e-05,1e+05,"hrv_interior","0.1",TRUE,4.42181794778281e-05,-2.74014681697348e-05,NA,NA,NA,0.805087788689444,-0.113706235893992,-0.17576347150448,0,0,10
"bivgauss",5e-05,1e+05,"hrv_interior","0.01",TRUE,6.56588795557232e-05,-3.69876282324267e-05,NA,NA,NA,0.805087788689444,-0.113706235893992,-0.17576347150448,0,0,10
"bivgauss",5e-05,1e+05,"hrv_full","0.05",TRUE,5.20675498790317e-05,-3.19842013643722e-05,NA,NA,NA,0.833965789508117,-0.112866800066033,-0.124546533189319,0,0,50
"bivgauss",5e-05,1e+05,"hrv_full","0.1",FALSE,4.38096486737208e-05,-2.83692123712772e-05,NA,NA,NA,0.833965789508117,-0.112866800066033,-0.124546533189319,0,0,50
"bivgauss",5e-05,1e+05,"hrv_full","0.01",TRUE,6.91943586252584e-05,-3.72920575468331e-05,NA,NA,NA,0.833965789508117,-0.112866800066033,-0.124546533189319,0,0,50
"bivgauss",5e-05,1e+05,"hrv_interior","0.05",TRUE,5.20675498790317e-05,-3.19842013643722e-05,NA,NA,NA,0.833965789508117,-0.112866800066033,-0.124546533189319,0,0,10
"bivgauss",5e-05,1e+05,"hrv_interior","0.1",TRUE,4.38096486737208e-05,-2.83692123712772e-05,NA,NA,NA,0.833965789508117,-0.112866800066033,-0.124546533189319,0,0,10
"bivgauss",5e-05,1e+05,"hrv_interior","0.01",TRUE,6.91943586252584e-05,-3.72920575468331e-05,NA,NA,NA,0.833965789508117,-0.112866800066033,-0.124546533189319,0,0,10
"bivgauss",5e-05,1e+05,"hrv_full","0.05",TRUE,5.22644698228602e-05,-3.07852850263987e-05,NA,NA,NA,0.816155386047677,-0.104614632668566,-0.127362985402962,0,0,50
"bivgauss",5e-05,1e+05,"hrv_full","0.1",TRUE,4.28585601826768e-05,-2.69934091132331e-05,NA,NA,NA,0.816155386047677,-0.104614632668566,-0.127362985402962,0,0,50
"bivgauss",5e-05,1e+05,"hrv_full","0.01",TRUE,6.70344297530838e-05,-3.76927668434368e-05,NA,NA,NA,0.816155386047677,-0.104614632668566,-0.127362985402962,0,0,50
"bivgauss",5e-05,1e+05,"hrv_interior","0.05",TRUE,5.22644698228602e-05,-3.07852850263987e-05,NA,NA,NA,0.816155386047677,-0.104614632668566,-0.127362985402962,0,0,10
"bivgauss",5e-05,1e+05,"hrv_interior","0.1",TRUE,4.28585601826768e-05,-2.69934091132331e-05,NA,NA,NA,0.816155386047677,-0.104614632668566,-0.127362985402962,0,0,10
"bivgauss",5e-05,1e+05,"hrv_interior","0.01",TRUE,6.70344297530838e-05,-3.76927668434368e-05,NA,NA,NA,0.816155386047677,-0.104614632668566,-0.127362985402962,0,0,10
"bivgauss",5e-05,1e+05,"hrv_full","0.05",FALSE,5.38853492002903e-05,-3.13547336995261e-05,NA,NA,NA,0.854607142543877,-0.16145360765843,-0.0477652685684576,0,0,50
"bivgauss",5e-05,1e+05,"hrv_full","0.1",FALSE,4.6362268040559e-05,-2.78407224568986e-05,NA,NA,NA,0.854607142543877,-0.16145360765843,-0.0477652685684576,0,0,50
"bivgauss",5e-05,1e+05,"hrv_full","0.01",FALSE,7.04522364811713e-05,-3.70523895810619e-05,NA,NA,NA,0.854607142543877,-0.16145360765843,-0.0477652685684576,0,0,50
"bivgauss",5e-05,1e+05,"hrv_interior","0.05",TRUE,5.38853492002903e-05,-3.13547336995261e-05,NA,NA,NA,0.854607142543877,-0.16145360765843,-0.0477652685684576,0,0,10
"bivgauss",5e-05,1e+05,"hrv_interior","0.1",FALSE,4.6362268040559e-05,-2.78407224568986e-05,NA,NA,NA,0.854607142543877,-0.16145360765843,-0.0477652685684576,0,0,10
"bivgauss",5e-05,1e+05,"hrv_interior","0.01",TRUE,7.04522364811713e-05,-3.70523895810619e-05,NA,NA,NA,0.854607142543877,-0.16145360765843,-0.0477652685684576,0,0,10
"bivgauss",5e-05,1e+05,"hrv_full","0.05",FALSE,5.17497954437802e-05,-3.13504274677011e-05,NA,NA,NA,0.812208764095509,-0.0252486105512193,-0.031019702608326,0,0,50
"bivgauss",5e-05,1e+05,"hrv_full","0.1",FALSE,4.4804965758352e-05,-2.81912718979536e-05,NA,NA,NA,0.812208764095509,-0.0252486105512193,-0.031019702608326,0,0,50
"bivgauss",5e-05,1e+05,"hrv_full","0.01",FALSE,6.80298633302964e-05,-3.71572827375131e-05,NA,NA,NA,0.812208764095509,-0.0252486105512193,-0.031019702608326,0,0,50
"bivgauss",5e-05,1e+05,"hrv_interior","0.05",TRUE,5.17497954437802e-05,-3.13504274677011e-05,NA,NA,NA,0.812208764095509,-0.0252486105512193,-0.031019702608326,0,0,10
"bivgauss",5e-05,1e+05,"hrv_interior","0.1",TRUE,4.4804965758352e-05,-2.81912718979536e-05,NA,NA,NA,0.812208764095509,-0.0252486105512193,-0.031019702608326,0,0,10
"bivgauss",5e-05,1e+05,"hrv_interior","0.01",TRUE,6.80298633302964e-05,-3.71572827375131e-05,NA,NA,NA,0.812208764095509,-0.0252486105512193,-0.031019702608326,0,0,10
"bivgauss",5e-05,1e+05,"hrv_full","0.05",FALSE,4.76267180013059e-05,-2.9252173790794e-05,NA,NA,NA,0.794186378262472,-0.0436755564907253,-0.0775798257899143,0,0,50
"bivgauss",5e-05,1e+05,"hrv_full","0.1",FALSE,4.09645044638958e-05,-2.61386650483772e-05,NA,NA,NA,0.794186378262472,-0.0436755564907253,-0.0775798257899143,0,0,50
"bivgauss",5e-05,1e+05,"hrv_full","0.01",TRUE,6.26820549935818e-05,-3.56262492419652e-05,NA,NA,NA,0.794186378262472,-0.0436755564907253,-0.0775798257899143,0,0,50
"bivgauss",5e-05,1e+05,"hrv_interior","0.05",TRUE,4.76267180013059e-05,-2.9252173790794e-05,NA,NA,NA,0.794186378262472,-0.0436755564907253,-0.0775798257899143,0,0,10
"bivgauss",5e-05,1e+05,"hrv_interior","0.1",TRUE,4.09645044638958e-05,-2.61386650483772e-05,NA,NA,NA,0.794186378262472,-0.0436755564907253,-0.0775798257899143,0,0,10
"bivgauss",5e-05,1e+05,"hrv_interior","0.01",TRUE,6.26820549935818e-05,-3.56262492419652e-05,NA,NA,NA,0.794186378262472,-0.0436755564907253,-0.0775798257899143,0,0,10
"bivgauss",5e-05,1e+05,"hrv_full","0.05",TRUE,5.25401051449614e-05,-3.26145865146488e-05,NA,NA,NA,0.85838237416291,-0.10426508174321,-0.0212385679722357,0,0,50
"bivgauss",5e-05,1e+05,"hrv_full","0.1",TRUE,4.51861799609469e-05,-2.94664956096127e-05,NA,NA,NA,0.85838237416291,-0.10426508174321,-0.0212385679722357,0,0,50
"bivgauss",5e-05,1e+05,"hrv_full","0.01",TRUE,6.60744491042001e-05,-4.01956940283861e-05,NA,NA,NA,0.85838237416291,-0.10426508174321,-0.0212385679722357,0,0,50
"bivgauss",5e-05,1e+05,"hrv_interior","0.05",TRUE,5.25401051449614e-05,-3.26145865146488e-05,NA,NA,NA,0.85838237416291,-0.10426508174321,-0.0212385679722357,0,0,10
"bivgauss",5e-05,1e+05,"hrv_interior","0.1",TRUE,4.51861799609469e-05,-2.94664956096127e-05,NA,NA,NA,0.85838237416291,-0.10426508174321,-0.0212385679722357,0,0,10
"bivgauss",5e-05,1e+05,"hrv_interior","0.01",TRUE,6.60744491042001e-05,-4.01956940283861e-05,NA,NA,NA,0.85838237416291,-0.10426508174321,-0.0212385679722357,0,0,10
"bivgauss",5e-05,1e+05,"hrv_full","0.05",TRUE,5.48295071303722e-05,-3.25052793170703e-05,NA,NA,NA,0.808745446013292,-0.0647244951775009,-0.149831317062388,0,0,50
"bivgauss",5e-05,1e+05,"hrv_full","0.1",FALSE,4.56661719455625e-05,-2.81629836181096e-05,NA,NA,NA,0.808745446013292,-0.0647244951775009,-0.149831317062388,0,0,50
"bivgauss",5e-05,1e+05,"hrv_full","0.01",TRUE,7.38826728029833e-05,-3.85195497245542e-05,NA,NA,NA,0.808745446013292,-0.0647244951775009,-0.149831317062388,0,0,50
"bivgauss",5e-05,1e+05,"hrv_interior","0.05",TRUE,5.48295071303722e-05,-3.25052793170703e-05,NA,NA,NA,0.808745446013292,-0.0647244951775009,-0.149831317062388,0,0,10
"bivgauss",5e-05,1e+05,"hrv_interior","0.1",TRUE,4.56661719455625e-05,-2.81629836181096e-05,NA,NA,NA,0.808745446013292,-0.0647244951775009,-0.149831317062388,0,0,10
"bivgauss",5e-05,1e+05,"hrv_interior","0.01",TRUE,7.38826728029833e-05,-3.85195497245542e-05,NA,NA,NA,0.808745446013292,-0.0647244951775009,-0.149831317062388,0,0,10
"bivgauss",5e-05,1e+05,"hrv_full","0.05",FALSE,4.42865858105765e-05,-2.9484505979565e-05,NA,NA,NA,0.858190518603475,-0.0369896775718002,-0.0954553847525395,0,0,50
"bivgauss",5e-05,1e+05,"hrv_full","0.1",FALSE,3.79399395293382e-05,-2.6162013287318e-05,NA,NA,NA,0.858190518603475,-0.0369896775718002,-0.0954553847525395,0,0,50
"bivgauss",5e-05,1e+05,"hrv_full","0.01",TRUE,5.95137789373422e-05,-3.42435373773297e-05,NA,NA,NA,0.858190518603475,-0.0369896775718002,-0.0954553847525395,0,0,50
"bivgauss",5e-05,1e+05,"hrv_interior","0.05",TRUE,4.42865858105765e-05,-2.9484505979565e-05,NA,NA,NA,0.858190518603475,-0.0369896775718002,-0.0954553847525395,0,0,10
"bivgauss",5e-05,1e+05,"hrv_interior","0.1",TRUE,3.79399395293382e-05,-2.6162013287318e-05,NA,NA,NA,0.858190518603475,-0.0369896775718002,-0.0954553847525395,0,0,10
"bivgauss",5e-05,1e+05,"hrv_interior","0.01",TRUE,5.95137789373422e-05,-3.42435373773297e-05,NA,NA,NA,0.858190518603475,-0.0369896775718002,-0.0954553847525395,0,0,10
"bivgauss",5e-05,1e+05,"hrv_full","0.05",FALSE,4.809742544226e-05,-3.01546503293929e-05,NA,NA,NA,0.807018244956929,-0.091203115125302,-0.00955949238099339,0,0,50
"bivgauss",5e-05,1e+05,"hrv_full","0.1",FALSE,4.04695037894151e-05,-2.68101108629142e-05,NA,NA,NA,0.807018244956929,-0.091203115125302,-0.00955949238099339,0,0,50
"bivgauss",5e-05,1e+05,"hrv_full","0.01",TRUE,6.38320362566059e-05,-3.60080865777689e-05,NA,NA,NA,0.807018244956929,-0.091203115125302,-0.00955949238099339,0,0,50
"bivgauss",5e-05,1e+05,"hrv_interior","0.05",TRUE,4.809742544226e-05,-3.01546503293929e-05,NA,NA,NA,0.807018244956929,-0.091203115125302,-0.00955949238099339,0,0,10
"bivgauss",5e-05,1e+05,"hrv_interior","0.1",TRUE,4.04695037894151e-05,-2.68101108629142e-05,NA,NA,NA,0.807018244956929,-0.091203115125302,-0.00955949238099339,0,0,10
"bivgauss",5e-05,1e+05,"hrv_interior","0.01",TRUE,6.38320362566059e-05,-3.60080865777689e-05,NA,NA,NA,0.807018244956929,-0.091203115125302,-0.00955949238099339,0,0,10
"bivgauss",5e-05,1e+05,"hrv_full","0.05",TRUE,5.16019418900454e-05,-3.18970933443066e-05,NA,NA,NA,0.869575568697097,-0.111851571974989,-0.112646831507755,0,0,50
"bivgauss",5e-05,1e+05,"hrv_full","0.1",TRUE,4.45337093090678e-05,-2.86614675560867e-05,NA,NA,NA,0.869575568697097,-0.111851571974989,-0.112646831507755,0,0,50
"bivgauss",5e-05,1e+05,"hrv_full","0.01",TRUE,6.60686907648009e-05,-3.8365381029345e-05,NA,NA,NA,0.869575568697097,-0.111851571974989,-0.112646831507755,0,0,50
"bivgauss",5e-05,1e+05,"hrv_interior","0.05",TRUE,5.16019418900454e-05,-3.18970933443066e-05,NA,NA,NA,0.869575568697097,-0.111851571974989,-0.112646831507755,0,0,10
"bivgauss",5e-05,1e+05,"hrv_interior","0.1",TRUE,4.45337093090678e-05,-2.86614675560867e-05,NA,NA,NA,0.869575568697097,-0.111851571974989,-0.112646831507755,0,0,10
"bivgauss",5e-05,1e+05,"hrv_interior","0.01",TRUE,6.60686907648009e-05,-3.8365381029345e-05,NA,NA,NA,0.869575568697097,-0.111851571974989,-0.112646831507755,0,0,10
"bivgauss",5e-05,1e+05,"hrv_full","0.05",TRUE,5.48030909046771e-05,-3.19124739303753e-05,NA,NA,NA,0.826724380283195,-0.0711117396587493,-0.0576687241934414,0,0,50
"bivgauss",5e-05,1e+05,"hrv_full","0.1",TRUE,4.65285991150252e-05,-2.83118612670289e-05,NA,NA,NA,0.826724380283195,-0.0711117396587493,-0.0576687241934414,0,0,50
"bivgauss",5e-05,1e+05,"hrv_full","0.01",TRUE,7.20289821506784e-05,-3.74782881636334e-05,NA,NA,NA,0.826724380283195,-0.0711117396587493,-0.0576687241934414,0,0,50
"bivgauss",5e-05,1e+05,"hrv_interior","0.05",TRUE,5.48030909046771e-05,-3.19124739303753e-05,NA,NA,NA,0.826724380283195,-0.0711117396587493,-0.0576687241934414,0,0,10
"bivgauss",5e-05,1e+05,"hrv_interior","0.1",TRUE,4.65285991150252e-05,-2.83118612670289e-05,NA,NA,NA,0.826724380283195,-0.0711117396587493,-0.0576687241934414,0,0,10
"bivgauss",5e-05,1e+05,"hrv_interior","0.01",TRUE,7.20289821506784e-05,-3.74782881636334e-05,NA,NA,NA,0.826724380283195,-0.0711117396587493,-0.0576687241934414,0,0,10
"bivgauss",5e-05,1e+05,"hrv_full","0.05",FALSE,5.21662376238184e-05,-3.16915781755737e-05,NA,NA,NA,0.788123248169859,-0.0260738578193299,-0.138402623653425,0,0,50
"bivgauss",5e-05,1e+05,"hrv_full","0.1",FALSE,4.44532139089267e-05,-2.78307997428841e-05,NA,NA,NA,0.788123248169859,-0.0260738578193299,-0.138402623653425,0,0,50
"bivgauss",5e-05,1e+05,"hrv_full","0.01",FALSE,6.97053725284201e-05,-3.71319129030165e-05,NA,NA,NA,0.788123248169859,-0.0260738578193299,-0.138402623653425,0,0,50
"bivgauss",5e-05,1e+05,"hrv_interior","0.05",TRUE,5.21662376238184e-05,-3.16915781755737e-05,NA,NA,NA,0.788123248169859,-0.0260738578193299,-0.138402623653425,0,0,10
"bivgauss",5e-05,1e+05,"hrv_interior","0.1",TRUE,4.44532139089267e-05,-2.78307997428841e-05,NA,NA,NA,0.788123248169859,-0.0260738578193299,-0.138402623653425,0,0,10
"bivgauss",5e-05,1e+05,"hrv_interior","0.01",TRUE,6.97053725284201e-05,-3.71319129030165e-05,NA,NA,NA,0.788123248169859,-0.0260738578193299,-0.138402623653425,0,0,10
"bivgauss",5e-05,1e+05,"hrv_full","0.05",TRUE,4.62981643753294e-05,-3.058539932759e-05,NA,NA,NA,0.841667651089335,-0.0940853894016692,-0.0818843429717767,0,0,50
"bivgauss",5e-05,1e+05,"hrv_full","0.1",TRUE,3.98661043431205e-05,-2.7467788095491e-05,NA,NA,NA,0.841667651089335,-0.0940853894016692,-0.0818843429717767,0,0,50
"bivgauss",5e-05,1e+05,"hrv_full","0.01",TRUE,5.94614412198575e-05,-3.57430880644571e-05,NA,NA,NA,0.841667651089335,-0.0940853894016692,-0.0818843429717767,0,0,50
"bivgauss",5e-05,1e+05,"hrv_interior","0.05",TRUE,4.62981643753294e-05,-3.058539932759e-05,NA,NA,NA,0.841667651089335,-0.0940853894016692,-0.0818843429717767,0,0,10
"bivgauss",5e-05,1e+05,"hrv_interior","0.1",TRUE,3.98661043431205e-05,-2.7467788095491e-05,NA,NA,NA,0.841667651089335,-0.0940853894016692,-0.0818843429717767,0,0,10
"bivgauss",5e-05,1e+05,"hrv_interior","0.01",TRUE,5.94614412198575e-05,-3.57430880644571e-05,NA,NA,NA,0.841667651089335,-0.0940853894016692,-0.0818843429717767,0,0,10
"bivgauss",5e-05,1e+05,"hrv_full","0.05",FALSE,5.55510097996752e-05,-3.33713984349413e-05,NA,NA,NA,0.774271596904084,-0.112800373352354,-0.120409455645236,0,0,50
"bivgauss",5e-05,1e+05,"hrv_full","0.1",FALSE,4.74357838391645e-05,-2.9741647201942e-05,NA,NA,NA,0.774271596904084,-0.112800373352354,-0.120409455645236,0,0,50
"bivgauss",5e-05,1e+05,"hrv_full","0.01",FALSE,7.01216726244062e-05,-3.96521640640762e-05,NA,NA,NA,0.774271596904084,-0.112800373352354,-0.120409455645236,0,0,50
"bivgauss",5e-05,1e+05,"hrv_interior","0.05",TRUE,5.55510097996752e-05,-3.33713984349413e-05,NA,NA,NA,0.774271596904084,-0.112800373352354,-0.120409455645236,0,0,10
"bivgauss",5e-05,1e+05,"hrv_interior","0.1",FALSE,4.74357838391645e-05,-2.9741647201942e-05,NA,NA,NA,0.774271596904084,-0.112800373352354,-0.120409455645236,0,0,10
"bivgauss",5e-05,1e+05,"hrv_interior","0.01",TRUE,7.01216726244062e-05,-3.96521640640762e-05,NA,NA,NA,0.774271596904084,-0.112800373352354,-0.120409455645236,0,0,10
"bivgauss",5e-05,1e+05,"hrv_full","0.05",TRUE,5.41875965848003e-05,-3.19997177854642e-05,NA,NA,NA,0.834369594195638,-0.161728648626803,-0.137428417094459,0,0,50
"bivgauss",5e-05,1e+05,"hrv_full","0.1",FALSE,4.53776601851307e-05,-2.82771011405138e-05,NA,NA,NA,0.834369594195638,-0.161728648626803,-0.137428417094459,0,0,50
"bivgauss",5e-05,1e+05,"hrv_full","0.01",TRUE,6.98509136860396e-05,-3.97103257231217e-05,NA,NA,NA,0.834369594195638,-0.161728648626803,-0.137428417094459,0,0,50
"bivgauss",5e-05,1e+05,"hrv_interior","0.05",TRUE,5.41875965848003e-05,-3.19997177854642e-05,NA,NA,NA,0.834369594195638,-0.161728648626803,-0.137428417094459,0,0,10
"bivgauss",5e-05,1e+05,"hrv_interior","0.1",TRUE,4.53776601851307e-05,-2.82771011405138e-05,NA,NA,NA,0.834369594195638,-0.161728648626803,-0.137428417094459,0,0,10
"bivgauss",5e-05,1e+05,"hrv_interior","0.01",TRUE,6.98509136860396e-05,-3.97103257231217e-05,NA,NA,NA,0.834369594195638,-0.161728648626803,-0.137428417094459,0,0,10
"bivgauss",5e-05,1e+05,"hrv_full","0.05",TRUE,5.5052363653056e-05,-3.2184022705119e-05,NA,NA,NA,0.851786413932512,-0.0269677357196238,-0.11273911218223,0,0,50
"bivgauss",5e-05,1e+05,"hrv_full","0.1",TRUE,4.5631473159738e-05,-2.85654905575884e-05,NA,NA,NA,0.851786413932512,-0.0269677357196238,-0.11273911218223,0,0,50
"bivgauss",5e-05,1e+05,"hrv_full","0.01",TRUE,7.12233986443244e-05,-3.84524726201196e-05,NA,NA,NA,0.851786413932512,-0.0269677357196238,-0.11273911218223,0,0,50
"bivgauss",5e-05,1e+05,"hrv_interior","0.05",TRUE,5.5052363653056e-05,-3.2184022705119e-05,NA,NA,NA,0.851786413932512,-0.0269677357196238,-0.11273911218223,0,0,10
"bivgauss",5e-05,1e+05,"hrv_interior","0.1",TRUE,4.5631473159738e-05,-2.85654905575884e-05,NA,NA,NA,0.851786413932512,-0.0269677357196238,-0.11273911218223,0,0,10
"bivgauss",5e-05,1e+05,"hrv_interior","0.01",TRUE,7.12233986443244e-05,-3.84524726201196e-05,NA,NA,NA,0.851786413932512,-0.0269677357196238,-0.11273911218223,0,0,10
"bivgauss",5e-05,1e+05,"hrv_full","0.05",FALSE,5.23427670090856e-05,-3.20048366760253e-05,NA,NA,NA,0.866887922355179,-0.0543444069828373,-0.187251714693235,0,0,50
"bivgauss",5e-05,1e+05,"hrv_full","0.1",FALSE,4.39860532694557e-05,-2.83178505798302e-05,NA,NA,NA,0.866887922355179,-0.0543444069828373,-0.187251714693235,0,0,50
"bivgauss",5e-05,1e+05,"hrv_full","0.01",TRUE,6.94767354575205e-05,-3.81477193916688e-05,NA,NA,NA,0.866887922355179,-0.0543444069828373,-0.187251714693235,0,0,50
"bivgauss",5e-05,1e+05,"hrv_interior","0.05",TRUE,5.23427670090856e-05,-3.20048366760253e-05,NA,NA,NA,0.866887922355179,-0.0543444069828373,-0.187251714693235,0,0,10
"bivgauss",5e-05,1e+05,"hrv_interior","0.1",TRUE,4.39860532694557e-05,-2.83178505798302e-05,NA,NA,NA,0.866887922355179,-0.0543444069828373,-0.187251714693235,0,0,10
"bivgauss",5e-05,1e+05,"hrv_interior","0.01",TRUE,6.94767354575205e-05,-3.81477193916688e-05,NA,NA,NA,0.866887922355179,-0.0543444069828373,-0.187251714693235,0,0,10
"bivgauss",5e-05,1e+05,"hrv_full","0.05",TRUE,6.65205705635854e-05,-3.6477146893288e-05,NA,NA,NA,0.860619101527505,-0.0573373029126507,-0.0564674534406255,0,0,50
"bivgauss",5e-05,1e+05,"hrv_full","0.1",TRUE,5.64100406883691e-05,-3.3359057091473e-05,NA,NA,NA,0.860619101527505,-0.0573373029126507,-0.0564674534406255,0,0,50
"bivgauss",5e-05,1e+05,"hrv_full","0.01",TRUE,8.66201209986326e-05,-4.19956754925443e-05,NA,NA,NA,0.860619101527505,-0.0573373029126507,-0.0564674534406255,0,0,50
"bivgauss",5e-05,1e+05,"hrv_interior","0.05",TRUE,6.65205705635854e-05,-3.6477146893288e-05,NA,NA,NA,0.860619101527505,-0.0573373029126507,-0.0564674534406255,0,0,10
"bivgauss",5e-05,1e+05,"hrv_interior","0.1",TRUE,5.64100406883691e-05,-3.3359057091473e-05,NA,NA,NA,0.860619101527505,-0.0573373029126507,-0.0564674534406255,0,0,10
"bivgauss",5e-05,1e+05,"hrv_interior","0.01",TRUE,8.66201209986326e-05,-4.19956754925443e-05,NA,NA,NA,0.860619101527505,-0.0573373029126507,-0.0564674534406255,0,0,10
"bivgauss",5e-05,1e+05,"hrv_full","0.05",FALSE,4.69856923015344e-05,-2.99100599930929e-05,NA,NA,NA,0.810907625742434,-0.213864537528429,-0.175262888943556,0,0,50
"bivgauss",5e-05,1e+05,"hrv_full","0.1",FALSE,4.00014157671993e-05,-2.67211378902895e-05,NA,NA,NA,0.810907625742434,-0.213864537528429,-0.175262888943556,0,0,50
"bivgauss",5e-05,1e+05,"hrv_full","0.01",FALSE,6.10021190445415e-05,-3.67048642259307e-05,NA,NA,NA,0.810907625742434,-0.213864537528429,-0.175262888943556,0,0,50
"bivgauss",5e-05,1e+05,"hrv_interior","0.05",FALSE,4.69856923015344e-05,-2.99100599930929e-05,NA,NA,NA,0.810907625742434,-0.213864537528429,-0.175262888943556,0,0,10
"bivgauss",5e-05,1e+05,"hrv_interior","0.1",FALSE,4.00014157671993e-05,-2.67211378902895e-05,NA,NA,NA,0.810907625742434,-0.213864537528429,-0.175262888943556,0,0,10
"bivgauss",5e-05,1e+05,"hrv_interior","0.01",TRUE,6.10021190445415e-05,-3.67048642259307e-05,NA,NA,NA,0.810907625742434,-0.213864537528429,-0.175262888943556,0,0,10
"bivgauss",5e-05,1e+05,"hrv_full","0.05",FALSE,5.06852986909988e-05,-3.30527119201528e-05,NA,NA,NA,0.807342617157991,-0.0971741699122887,-0.108177498876934,0,0,50
"bivgauss",5e-05,1e+05,"hrv_full","0.1",FALSE,4.3747116811738e-05,-2.90076530302602e-05,NA,NA,NA,0.807342617157991,-0.0971741699122887,-0.108177498876934,0,0,50
"bivgauss",5e-05,1e+05,"hrv_full","0.01",TRUE,6.80762638995944e-05,-3.91780475070339e-05,NA,NA,NA,0.807342617157991,-0.0971741699122887,-0.108177498876934,0,0,50
"bivgauss",5e-05,1e+05,"hrv_interior","0.05",TRUE,5.06852986909988e-05,-3.30527119201528e-05,NA,NA,NA,0.807342617157991,-0.0971741699122887,-0.108177498876934,0,0,10
"bivgauss",5e-05,1e+05,"hrv_interior","0.1",TRUE,4.3747116811738e-05,-2.90076530302602e-05,NA,NA,NA,0.807342617157991,-0.0971741699122887,-0.108177498876934,0,0,10
"bivgauss",5e-05,1e+05,"hrv_interior","0.01",TRUE,6.80762638995944e-05,-3.91780475070339e-05,NA,NA,NA,0.807342617157991,-0.0971741699122887,-0.108177498876934,0,0,10
"bivgauss",5e-05,1e+05,"hrv_full","0.05",FALSE,5.60082410963104e-05,-3.32703740998095e-05,NA,NA,NA,0.795045099610192,-0.0509454063813496,-0.137461709842891,0,0,50
"bivgauss",5e-05,1e+05,"hrv_full","0.1",FALSE,4.80483539650038e-05,-2.98095722952661e-05,NA,NA,NA,0.795045099610192,-0.0509454063813496,-0.137461709842891,0,0,50
"bivgauss",5e-05,1e+05,"hrv_full","0.01",FALSE,7.42044686212144e-05,-4.03600511953096e-05,NA,NA,NA,0.795045099610192,-0.0509454063813496,-0.137461709842891,0,0,50
"bivgauss",5e-05,1e+05,"hrv_interior","0.05",TRUE,5.60082410963104e-05,-3.32703740998095e-05,NA,NA,NA,0.795045099610192,-0.0509454063813496,-0.137461709842891,0,0,10
"bivgauss",5e-05,1e+05,"hrv_interior","0.1",TRUE,4.80483539650038e-05,-2.98095722952661e-05,NA,NA,NA,0.795045099610192,-0.0509454063813496,-0.137461709842891,0,0,10
"bivgauss",5e-05,1e+05,"hrv_interior","0.01",TRUE,7.42044686212144e-05,-4.03600511953096e-05,NA,NA,NA,0.795045099610192,-0.0509454063813496,-0.137461709842891,0,0,10
"bivgauss",5e-05,1e+05,"hrv_full","0.05",FALSE,5.81038615616143e-05,-3.8593064925847e-05,NA,NA,NA,0.816242330680422,-0.178923173152316,-0.181951039240083,0,0,50
"bivgauss",5e-05,1e+05,"hrv_full","0.1",FALSE,4.93371303271161e-05,-3.49721180751554e-05,NA,NA,NA,0.816242330680422,-0.178923173152316,-0.181951039240083,0,0,50
"bivgauss",5e-05,1e+05,"hrv_full","0.01",TRUE,7.61455804169683e-05,-4.30510427931152e-05,NA,NA,NA,0.816242330680422,-0.178923173152316,-0.181951039240083,0,0,50
"bivgauss",5e-05,1e+05,"hrv_interior","0.05",TRUE,5.81038615616143e-05,-3.8593064925847e-05,NA,NA,NA,0.816242330680422,-0.178923173152316,-0.181951039240083,0,0,10
"bivgauss",5e-05,1e+05,"hrv_interior","0.1",TRUE,4.93371303271161e-05,-3.49721180751554e-05,NA,NA,NA,0.816242330680422,-0.178923173152316,-0.181951039240083,0,0,10
"bivgauss",5e-05,1e+05,"hrv_interior","0.01",TRUE,7.61455804169683e-05,-4.30510427931152e-05,NA,NA,NA,0.816242330680422,-0.178923173152316,-0.181951039240083,0,0,10
"bivgauss",5e-05,1e+05,"hrv_full","0.05",FALSE,5.35336318063604e-05,-3.23382048002018e-05,NA,NA,NA,0.79556557072556,-0.222370671349605,-0.0654534545505418,0,0,50
"bivgauss",5e-05,1e+05,"hrv_full","0.1",FALSE,4.47832235145608e-05,-2.85701600421987e-05,NA,NA,NA,0.79556557072556,-0.222370671349605,-0.0654534545505418,0,0,50
"bivgauss",5e-05,1e+05,"hrv_full","0.01",FALSE,6.75680352207049e-05,-3.89247523160497e-05,NA,NA,NA,0.79556557072556,-0.222370671349605,-0.0654534545505418,0,0,50
"bivgauss",5e-05,1e+05,"hrv_interior","0.05",TRUE,5.35336318063604e-05,-3.23382048002018e-05,NA,NA,NA,0.79556557072556,-0.222370671349605,-0.0654534545505418,0,0,10
"bivgauss",5e-05,1e+05,"hrv_interior","0.1",TRUE,4.47832235145608e-05,-2.85701600421987e-05,NA,NA,NA,0.79556557072556,-0.222370671349605,-0.0654534545505418,0,0,10
"bivgauss",5e-05,1e+05,"hrv_interior","0.01",TRUE,6.75680352207049e-05,-3.89247523160497e-05,NA,NA,NA,0.79556557072556,-0.222370671349605,-0.0654534545505418,0,0,10
"bivgauss",5e-05,1e+05,"hrv_full","0.05",FALSE,5.06631120033321e-05,-3.22931505927984e-05,NA,NA,NA,0.825262465798707,-0.112353006978204,-0.12127791861447,0,0,50
"bivgauss",5e-05,1e+05,"hrv_full","0.1",FALSE,4.33812261834591e-05,-2.85544594148157e-05,NA,NA,NA,0.825262465798707,-0.112353006978204,-0.12127791861447,0,0,50
"bivgauss",5e-05,1e+05,"hrv_full","0.01",TRUE,6.41135458188e-05,-3.87183114837697e-05,NA,NA,NA,0.825262465798707,-0.112353006978204,-0.12127791861447,0,0,50
"bivgauss",5e-05,1e+05,"hrv_interior","0.05",TRUE,5.06631120033321e-05,-3.22931505927984e-05,NA,NA,NA,0.825262465798707,-0.112353006978204,-0.12127791861447,0,0,10
"bivgauss",5e-05,1e+05,"hrv_interior","0.1",TRUE,4.33812261834591e-05,-2.85544594148157e-05,NA,NA,NA,0.825262465798707,-0.112353006978204,-0.12127791861447,0,0,10
"bivgauss",5e-05,1e+05,"hrv_interior","0.01",TRUE,6.41135458188e-05,-3.87183114837697e-05,NA,NA,NA,0.825262465798707,-0.112353006978204,-0.12127791861447,0,0,10
"bivgauss",5e-05,1e+05,"hrv_full","0.05",FALSE,5.24608405029291e-05,-3.22493529693193e-05,NA,NA,NA,0.803113700076246,-0.0548009430081468,-0.0887753340394434,0,0,50
"bivgauss",5e-05,1e+05,"hrv_full","0.1",FALSE,4.50522220452624e-05,-2.90754975787884e-05,NA,NA,NA,0.803113700076246,-0.0548009430081468,-0.0887753340394434,0,0,50
"bivgauss",5e-05,1e+05,"hrv_full","0.01",TRUE,6.70502685493686e-05,-3.84225367753498e-05,NA,NA,NA,0.803113700076246,-0.0548009430081468,-0.0887753340394434,0,0,50
"bivgauss",5e-05,1e+05,"hrv_interior","0.05",TRUE,5.24608405029291e-05,-3.22493529693193e-05,NA,NA,NA,0.803113700076246,-0.0548009430081468,-0.0887753340394434,0,0,10
"bivgauss",5e-05,1e+05,"hrv_interior","0.1",TRUE,4.50522220452624e-05,-2.90754975787884e-05,NA,NA,NA,0.803113700076246,-0.0548009430081468,-0.0887753340394434,0,0,10
"bivgauss",5e-05,1e+05,"hrv_interior","0.01",TRUE,6.70502685493686e-05,-3.84225367753498e-05,NA,NA,NA,0.803113700076246,-0.0548009430081468,-0.0887753340394434,0,0,10
"bivgauss",5e-05,1e+05,"hrv_full","0.05",FALSE,5.37524697387558e-05,-3.25509825518855e-05,NA,NA,NA,0.78802560771973,-0.185261613860009,-0.0813677152905361,0,0,50
"bivgauss",5e-05,1e+05,"hrv_full","0.1",FALSE,4.5733882049918e-05,-2.85849802230658e-05,NA,NA,NA,0.78802560771973,-0.185261613860009,-0.0813677152905361,0,0,50
"bivgauss",5e-05,1e+05,"hrv_full","0.01",FALSE,7.29446380064173e-05,-3.94790752449154e-05,NA,NA,NA,0.78802560771973,-0.185261613860009,-0.0813677152905361,0,0,50
"bivgauss",5e-05,1e+05,"hrv_interior","0.05",TRUE,5.37524697387558e-05,-3.25509825518855e-05,NA,NA,NA,0.78802560771973,-0.185261613860009,-0.0813677152905361,0,0,10
"bivgauss",5e-05,1e+05,"hrv_interior","0.1",FALSE,4.5733882049918e-05,-2.85849802230658e-05,NA,NA,NA,0.78802560771973,-0.185261613860009,-0.0813677152905361,0,0,10
"bivgauss",5e-05,1e+05,"hrv_interior","0.01",TRUE,7.29446380064173e-05,-3.94790752449154e-05,NA,NA,NA,0.78802560771973,-0.185261613860009,-0.0813677152905361,0,0,10
"bivgauss",5e-05,1e+05,"hrv_full","0.05",FALSE,4.48402637174205e-05,-2.85205911818928e-05,NA,NA,NA,0.799746464438678,-0.143691070649464,-0.101024075281258,0,0,50
"bivgauss",5e-05,1e+05,"hrv_full","0.1",FALSE,3.88403687939698e-05,-2.53872116745171e-05,NA,NA,NA,0.799746464438678,-0.143691070649464,-0.101024075281258,0,0,50
"bivgauss",5e-05,1e+05,"hrv_full","0.01",FALSE,5.78235782484832e-05,-3.4308144158308e-05,NA,NA,NA,0.799746464438678,-0.143691070649464,-0.101024075281258,0,0,50
"bivgauss",5e-05,1e+05,"hrv_interior","0.05",TRUE,4.48402637174205e-05,-2.85205911818928e-05,NA,NA,NA,0.799746464438678,-0.143691070649464,-0.101024075281258,0,0,10
"bivgauss",5e-05,1e+05,"hrv_interior","0.1",TRUE,3.88403687939698e-05,-2.53872116745171e-05,NA,NA,NA,0.799746464438678,-0.143691070649464,-0.101024075281258,0,0,10
"bivgauss",5e-05,1e+05,"hrv_interior","0.01",TRUE,5.78235782484832e-05,-3.4308144158308e-05,NA,NA,NA,0.799746464438678,-0.143691070649464,-0.101024075281258,0,0,10
"bivgauss",5e-05,1e+05,"hrv_full","0.05",TRUE,5.32940624637173e-05,-3.21220029145519e-05,NA,NA,NA,0.822042096733925,-0.0556876108871037,-0.032973810353256,0,0,50
"bivgauss",5e-05,1e+05,"hrv_full","0.1",TRUE,4.57658819202222e-05,-2.86822446581893e-05,NA,NA,NA,0.822042096733925,-0.0556876108871037,-0.032973810353256,0,0,50
"bivgauss",5e-05,1e+05,"hrv_full","0.01",TRUE,7.09642642580612e-05,-3.84890753778386e-05,NA,NA,NA,0.822042096733925,-0.0556876108871037,-0.032973810353256,0,0,50
"bivgauss",5e-05,1e+05,"hrv_interior","0.05",TRUE,5.32940624637173e-05,-3.21220029145519e-05,NA,NA,NA,0.822042096733925,-0.0556876108871037,-0.032973810353256,0,0,10
"bivgauss",5e-05,1e+05,"hrv_interior","0.1",TRUE,4.57658819202222e-05,-2.86822446581893e-05,NA,NA,NA,0.822042096733925,-0.0556876108871037,-0.032973810353256,0,0,10
"bivgauss",5e-05,1e+05,"hrv_interior","0.01",TRUE,7.09642642580612e-05,-3.84890753778386e-05,NA,NA,NA,0.822042096733925,-0.0556876108871037,-0.032973810353256,0,0,10
"bivgauss",5e-05,1e+05,"hrv_full","0.05",FALSE,4.94183875517278e-05,-3.04232272269466e-05,NA,NA,NA,0.819247897394863,-0.0185231782677391,-0.0965034644175236,0,0,50
"bivgauss",5e-05,1e+05,"hrv_full","0.1",FALSE,4.25859905374483e-05,-2.70211902078835e-05,NA,NA,NA,0.819247897394863,-0.0185231782677391,-0.0965034644175236,0,0,50
"bivgauss",5e-05,1e+05,"hrv_full","0.01",TRUE,6.25487601451531e-05,-3.62433815082915e-05,NA,NA,NA,0.819247897394863,-0.0185231782677391,-0.0965034644175236,0,0,50
"bivgauss",5e-05,1e+05,"hrv_interior","0.05",TRUE,4.94183875517278e-05,-3.04232272269466e-05,NA,NA,NA,0.819247897394863,-0.0185231782677391,-0.0965034644175236,0,0,10
"bivgauss",5e-05,1e+05,"hrv_interior","0.1",TRUE,4.25859905374483e-05,-2.70211902078835e-05,NA,NA,NA,0.819247897394863,-0.0185231782677391,-0.0965034644175236,0,0,10
"bivgauss",5e-05,1e+05,"hrv_interior","0.01",TRUE,6.25487601451531e-05,-3.62433815082915e-05,NA,NA,NA,0.819247897394863,-0.0185231782677391,-0.0965034644175236,0,0,10
"bivgauss",5e-05,1e+05,"hrv_full","0.05",TRUE,5.29430181273008e-05,-3.15378625621355e-05,NA,NA,NA,0.857240015860764,-0.0505717380255302,-0.113445575460069,0,0,50
"bivgauss",5e-05,1e+05,"hrv_full","0.1",TRUE,4.45107882926836e-05,-2.81336684553499e-05,NA,NA,NA,0.857240015860764,-0.0505717380255302,-0.113445575460069,0,0,50
"bivgauss",5e-05,1e+05,"hrv_full","0.01",TRUE,7.23314945805585e-05,-3.73229456332024e-05,NA,NA,NA,0.857240015860764,-0.0505717380255302,-0.113445575460069,0,0,50
"bivgauss",5e-05,1e+05,"hrv_interior","0.05",TRUE,5.29430181273008e-05,-3.15378625621355e-05,NA,NA,NA,0.857240015860764,-0.0505717380255302,-0.113445575460069,0,0,10
"bivgauss",5e-05,1e+05,"hrv_interior","0.1",TRUE,4.45107882926836e-05,-2.81336684553499e-05,NA,NA,NA,0.857240015860764,-0.0505717380255302,-0.113445575460069,0,0,10
"bivgauss",5e-05,1e+05,"hrv_interior","0.01",TRUE,7.23314945805585e-05,-3.73229456332024e-05,NA,NA,NA,0.857240015860764,-0.0505717380255302,-0.113445575460069,0,0,10
"bivgauss",5e-05,1e+05,"hrv_full","0.05",TRUE,5.49994546090108e-05,-3.3016346664411e-05,NA,NA,NA,0.843471048275143,-0.114321737468185,-0.0508710527630349,0,0,50
"bivgauss",5e-05,1e+05,"hrv_full","0.1",TRUE,4.77783302714925e-05,-2.96103361632621e-05,NA,NA,NA,0.843471048275143,-0.114321737468185,-0.0508710527630349,0,0,50
"bivgauss",5e-05,1e+05,"hrv_full","0.01",TRUE,7.16452226817866e-05,-3.89038917377831e-05,NA,NA,NA,0.843471048275143,-0.114321737468185,-0.0508710527630349,0,0,50
"bivgauss",5e-05,1e+05,"hrv_interior","0.05",TRUE,5.49994546090108e-05,-3.3016346664411e-05,NA,NA,NA,0.843471048275143,-0.114321737468185,-0.0508710527630349,0,0,10
"bivgauss",5e-05,1e+05,"hrv_interior","0.1",TRUE,4.77783302714925e-05,-2.96103361632621e-05,NA,NA,NA,0.843471048275143,-0.114321737468185,-0.0508710527630349,0,0,10
"bivgauss",5e-05,1e+05,"hrv_interior","0.01",TRUE,7.16452226817866e-05,-3.89038917377831e-05,NA,NA,NA,0.843471048275143,-0.114321737468185,-0.0508710527630349,0,0,10
"bivgauss",5e-05,1e+05,"hrv_full","0.05",FALSE,5.49860925285267e-05,-3.45321987516082e-05,NA,NA,NA,0.771152678096643,-0.0790412007632715,-0.0263140460425172,0,0,50
"bivgauss",5e-05,1e+05,"hrv_full","0.1",FALSE,4.64977138605992e-05,-3.03805211012698e-05,NA,NA,NA,0.771152678096643,-0.0790412007632715,-0.0263140460425172,0,0,50
"bivgauss",5e-05,1e+05,"hrv_full","0.01",TRUE,6.95497699576665e-05,-3.96883452914829e-05,NA,NA,NA,0.771152678096643,-0.0790412007632715,-0.0263140460425172,0,0,50
"bivgauss",5e-05,1e+05,"hrv_interior","0.05",TRUE,5.49860925285267e-05,-3.45321987516082e-05,NA,NA,NA,0.771152678096643,-0.0790412007632715,-0.0263140460425172,0,0,10
"bivgauss",5e-05,1e+05,"hrv_interior","0.1",TRUE,4.64977138605992e-05,-3.03805211012698e-05,NA,NA,NA,0.771152678096643,-0.0790412007632715,-0.0263140460425172,0,0,10
"bivgauss",5e-05,1e+05,"hrv_interior","0.01",TRUE,6.95497699576665e-05,-3.96883452914829e-05,NA,NA,NA,0.771152678096643,-0.0790412007632715,-0.0263140460425172,0,0,10
"bivgauss",5e-05,1e+05,"hrv_full","0.05",TRUE,5.92640230182448e-05,-3.37595993655452e-05,NA,NA,NA,0.820922623767876,0.00147202996817429,-0.0891323352134188,0,0,50
"bivgauss",5e-05,1e+05,"hrv_full","0.1",TRUE,4.93921353927709e-05,-3.01928809246588e-05,NA,NA,NA,0.820922623767876,0.00147202996817429,-0.0891323352134188,0,0,50
"bivgauss",5e-05,1e+05,"hrv_full","0.01",TRUE,7.70734470903362e-05,-3.91533351436697e-05,NA,NA,NA,0.820922623767876,0.00147202996817429,-0.0891323352134188,0,0,50
"bivgauss",5e-05,1e+05,"hrv_interior","0.05",TRUE,5.92640230182448e-05,-3.37595993655452e-05,NA,NA,NA,0.820922623767876,0.00147202996817429,-0.0891323352134188,0,0,10
"bivgauss",5e-05,1e+05,"hrv_interior","0.1",TRUE,4.93921353927709e-05,-3.01928809246588e-05,NA,NA,NA,0.820922623767876,0.00147202996817429,-0.0891323352134188,0,0,10
"bivgauss",5e-05,1e+05,"hrv_interior","0.01",TRUE,7.70734470903362e-05,-3.91533351436697e-05,NA,NA,NA,0.820922623767876,0.00147202996817429,-0.0891323352134188,0,0,10
"bivgauss",5e-05,1e+05,"hrv_full","0.05",TRUE,5.99606027342805e-05,-3.6323378448457e-05,NA,NA,NA,0.850493670489899,-0.0529475142906429,0.0339134410931095,0,0,50
"bivgauss",5e-05,1e+05,"hrv_full","0.1",TRUE,5.10943281827289e-05,-3.18272212946274e-05,NA,NA,NA,0.850493670489899,-0.0529475142906429,0.0339134410931095,0,0,50
"bivgauss",5e-05,1e+05,"hrv_full","0.01",TRUE,8.605847686275e-05,-4.36259243791747e-05,NA,NA,NA,0.850493670489899,-0.0529475142906429,0.0339134410931095,0,0,50
"bivgauss",5e-05,1e+05,"hrv_interior","0.05",TRUE,5.99606027342805e-05,-3.6323378448457e-05,NA,NA,NA,0.850493670489899,-0.0529475142906429,0.0339134410931095,0,0,10
"bivgauss",5e-05,1e+05,"hrv_interior","0.1",TRUE,5.10943281827289e-05,-3.18272212946274e-05,NA,NA,NA,0.850493670489899,-0.0529475142906429,0.0339134410931095,0,0,10
"bivgauss",5e-05,1e+05,"hrv_interior","0.01",TRUE,8.605847686275e-05,-4.36259243791747e-05,NA,NA,NA,0.850493670489899,-0.0529475142906429,0.0339134410931095,0,0,10
"bivgauss",5e-05,1e+05,"hrv_full","0.05",FALSE,4.70385894770482e-05,-2.95315063642139e-05,NA,NA,NA,0.835954517366188,-0.162362291020382,-0.112837879042781,0,0,50
"bivgauss",5e-05,1e+05,"hrv_full","0.1",FALSE,3.9354089839872e-05,-2.62386325846884e-05,NA,NA,NA,0.835954517366188,-0.162362291020382,-0.112837879042781,0,0,50
"bivgauss",5e-05,1e+05,"hrv_full","0.01",FALSE,6.13819804448481e-05,-3.50714838525785e-05,NA,NA,NA,0.835954517366188,-0.162362291020382,-0.112837879042781,0,0,50
"bivgauss",5e-05,1e+05,"hrv_interior","0.05",TRUE,4.70385894770482e-05,-2.95315063642139e-05,NA,NA,NA,0.835954517366188,-0.162362291020382,-0.112837879042781,0,0,10
"bivgauss",5e-05,1e+05,"hrv_interior","0.1",TRUE,3.9354089839872e-05,-2.62386325846884e-05,NA,NA,NA,0.835954517366188,-0.162362291020382,-0.112837879042781,0,0,10
"bivgauss",5e-05,1e+05,"hrv_interior","0.01",TRUE,6.13819804448481e-05,-3.50714838525785e-05,NA,NA,NA,0.835954517366188,-0.162362291020382,-0.112837879042781,0,0,10
"bivgauss",5e-05,1e+05,"hrv_full","0.05",TRUE,5.44829469086313e-05,-3.30979329002465e-05,NA,NA,NA,0.873045001518123,-0.119086749282283,-0.023801041110372,0,0,50
"bivgauss",5e-05,1e+05,"hrv_full","0.1",TRUE,4.63116717553775e-05,-2.94673509433669e-05,NA,NA,NA,0.873045001518123,-0.119086749282283,-0.023801041110372,0,0,50
"bivgauss",5e-05,1e+05,"hrv_full","0.01",TRUE,7.308782549306e-05,-3.82657443310578e-05,NA,NA,NA,0.873045001518123,-0.119086749282283,-0.023801041110372,0,0,50
"bivgauss",5e-05,1e+05,"hrv_interior","0.05",TRUE,5.44829469086313e-05,-3.30979329002465e-05,NA,NA,NA,0.873045001518123,-0.119086749282283,-0.023801041110372,0,0,10
"bivgauss",5e-05,1e+05,"hrv_interior","0.1",TRUE,4.63116717553775e-05,-2.94673509433669e-05,NA,NA,NA,0.873045001518123,-0.119086749282283,-0.023801041110372,0,0,10
"bivgauss",5e-05,1e+05,"hrv_interior","0.01",TRUE,7.308782549306e-05,-3.82657443310578e-05,NA,NA,NA,0.873045001518123,-0.119086749282283,-0.023801041110372,0,0,10
"bivgauss",5e-05,1e+05,"hrv_full","0.05",TRUE,5.54111588100649e-05,-3.37875440090434e-05,NA,NA,NA,0.89626157923292,-0.00869489389483351,-0.122967493158609,0,0,50
"bivgauss",5e-05,1e+05,"hrv_full","0.1",TRUE,4.73320034298982e-05,-2.98658805692098e-05,NA,NA,NA,0.89626157923292,-0.00869489389483351,-0.122967493158609,0,0,50
"bivgauss",5e-05,1e+05,"hrv_full","0.01",TRUE,7.41151198635187e-05,-4.03161691398496e-05,NA,NA,NA,0.89626157923292,-0.00869489389483351,-0.122967493158609,0,0,50
"bivgauss",5e-05,1e+05,"hrv_interior","0.05",TRUE,5.54111588100649e-05,-3.37875440090434e-05,NA,NA,NA,0.89626157923292,-0.00869489389483351,-0.122967493158609,0,0,10
"bivgauss",5e-05,1e+05,"hrv_interior","0.1",TRUE,4.73320034298982e-05,-2.98658805692098e-05,NA,NA,NA,0.89626157923292,-0.00869489389483351,-0.122967493158609,0,0,10
"bivgauss",5e-05,1e+05,"hrv_interior","0.01",TRUE,7.41151198635187e-05,-4.03161691398496e-05,NA,NA,NA,0.89626157923292,-0.00869489389483351,-0.122967493158609,0,0,10
"bivgauss",5e-05,1e+05,"hrv_full","0.05",TRUE,6.23807324272631e-05,-3.61692890065536e-05,NA,NA,NA,0.943519282114005,-0.0480457357588037,0.0156832390124366,0,0,50
"bivgauss",5e-05,1e+05,"hrv_full","0.1",FALSE,5.07503129783277e-05,-3.16821043727451e-05,NA,NA,NA,0.943519282114005,-0.0480457357588037,0.0156832390124366,0,0,50
"bivgauss",5e-05,1e+05,"hrv_full","0.01",TRUE,8.30860746841176e-05,-4.27084285825998e-05,NA,NA,NA,0.943519282114005,-0.0480457357588037,0.0156832390124366,0,0,50
"bivgauss",5e-05,1e+05,"hrv_interior","0.05",TRUE,6.23807324272631e-05,-3.61692890065536e-05,NA,NA,NA,0.943519282114005,-0.0480457357588037,0.0156832390124366,0,0,10
"bivgauss",5e-05,1e+05,"hrv_interior","0.1",FALSE,5.07503129783277e-05,-3.16821043727451e-05,NA,NA,NA,0.943519282114005,-0.0480457357588037,0.0156832390124366,0,0,10
"bivgauss",5e-05,1e+05,"hrv_interior","0.01",TRUE,8.30860746841176e-05,-4.27084285825998e-05,NA,NA,NA,0.943519282114005,-0.0480457357588037,0.0156832390124366,0,0,10
"bivgauss",5e-05,1e+05,"hrv_full","0.05",FALSE,5.16695323636646e-05,-3.26903538208685e-05,NA,NA,NA,0.858232654022357,-0.166462052007506,-0.0997450575848901,0,0,50
"bivgauss",5e-05,1e+05,"hrv_full","0.1",FALSE,4.27174548040796e-05,-2.85032141007803e-05,NA,NA,NA,0.858232654022357,-0.166462052007506,-0.0997450575848901,0,0,50
"bivgauss",5e-05,1e+05,"hrv_full","0.01",TRUE,6.96353357041284e-05,-4.23789151934778e-05,NA,NA,NA,0.858232654022357,-0.166462052007506,-0.0997450575848901,0,0,50
"bivgauss",5e-05,1e+05,"hrv_interior","0.05",TRUE,5.16695323636646e-05,-3.26903538208685e-05,NA,NA,NA,0.858232654022357,-0.166462052007506,-0.0997450575848901,0,0,10
"bivgauss",5e-05,1e+05,"hrv_interior","0.1",TRUE,4.27174548040796e-05,-2.85032141007803e-05,NA,NA,NA,0.858232654022357,-0.166462052007506,-0.0997450575848901,0,0,10
"bivgauss",5e-05,1e+05,"hrv_interior","0.01",TRUE,6.96353357041284e-05,-4.23789151934778e-05,NA,NA,NA,0.858232654022357,-0.166462052007506,-0.0997450575848901,0,0,10
"bivgauss",5e-05,1e+05,"hrv_full","0.05",FALSE,5.5695677265499e-05,-3.34833997607967e-05,NA,NA,NA,0.804158415507699,-0.0638361101665693,-0.119613586564368,0,0,50
"bivgauss",5e-05,1e+05,"hrv_full","0.1",FALSE,4.76690163568979e-05,-3.00573731499172e-05,NA,NA,NA,0.804158415507699,-0.0638361101665693,-0.119613586564368,0,0,50
"bivgauss",5e-05,1e+05,"hrv_full","0.01",FALSE,7.36245872496071e-05,-3.7879060383967e-05,NA,NA,NA,0.804158415507699,-0.0638361101665693,-0.119613586564368,0,0,50
"bivgauss",5e-05,1e+05,"hrv_interior","0.05",TRUE,5.5695677265499e-05,-3.34833997607967e-05,NA,NA,NA,0.804158415507699,-0.0638361101665693,-0.119613586564368,0,0,10
"bivgauss",5e-05,1e+05,"hrv_interior","0.1",TRUE,4.76690163568979e-05,-3.00573731499172e-05,NA,NA,NA,0.804158415507699,-0.0638361101665693,-0.119613586564368,0,0,10
"bivgauss",5e-05,1e+05,"hrv_interior","0.01",TRUE,7.36245872496071e-05,-3.7879060383967e-05,NA,NA,NA,0.804158415507699,-0.0638361101665693,-0.119613586564368,0,0,10
"bivgauss",5e-05,1e+05,"hrv_full","0.05",FALSE,5.06933812832237e-05,-3.18865134019202e-05,NA,NA,NA,0.885737910486457,-0.100244942895515,-0.231985294356159,0,0,50
"bivgauss",5e-05,1e+05,"hrv_full","0.1",FALSE,4.32210178375692e-05,-2.78859247465574e-05,NA,NA,NA,0.885737910486457,-0.100244942895515,-0.231985294356159,0,0,50
"bivgauss",5e-05,1e+05,"hrv_full","0.01",FALSE,6.8204184684159e-05,-3.7730342756933e-05,NA,NA,NA,0.885737910486457,-0.100244942895515,-0.231985294356159,0,0,50
"bivgauss",5e-05,1e+05,"hrv_interior","0.05",TRUE,5.06933812832237e-05,-3.18865134019202e-05,NA,NA,NA,0.885737910486457,-0.100244942895515,-0.231985294356159,0,0,10
"bivgauss",5e-05,1e+05,"hrv_interior","0.1",TRUE,4.32210178375692e-05,-2.78859247465574e-05,NA,NA,NA,0.885737910486457,-0.100244942895515,-0.231985294356159,0,0,10
"bivgauss",5e-05,1e+05,"hrv_interior","0.01",TRUE,6.8204184684159e-05,-3.7730342756933e-05,NA,NA,NA,0.885737910486457,-0.100244942895515,-0.231985294356159,0,0,10
"bivgauss",5e-05,1e+05,"hrv_full","0.05",FALSE,4.81050541444817e-05,-2.9613126822265e-05,NA,NA,NA,0.788478547064687,-0.0297256315242427,-0.173005129253986,0,0,50
"bivgauss",5e-05,1e+05,"hrv_full","0.1",FALSE,4.14803249228107e-05,-2.6112633839087e-05,NA,NA,NA,0.788478547064687,-0.0297256315242427,-0.173005129253986,0,0,50
"bivgauss",5e-05,1e+05,"hrv_full","0.01",FALSE,6.39258175496071e-05,-3.58271361796017e-05,NA,NA,NA,0.788478547064687,-0.0297256315242427,-0.173005129253986,0,0,50
"bivgauss",5e-05,1e+05,"hrv_interior","0.05",FALSE,4.81050541444817e-05,-2.9613126822265e-05,NA,NA,NA,0.788478547064687,-0.0297256315242427,-0.173005129253986,0,0,10
"bivgauss",5e-05,1e+05,"hrv_interior","0.1",FALSE,4.14803249228107e-05,-2.6112633839087e-05,NA,NA,NA,0.788478547064687,-0.0297256315242427,-0.173005129253986,0,0,10
"bivgauss",5e-05,1e+05,"hrv_interior","0.01",TRUE,6.39258175496071e-05,-3.58271361796017e-05,NA,NA,NA,0.788478547064687,-0.0297256315242427,-0.173005129253986,0,0,10
"bivgauss",5e-05,1e+05,"hrv_full","0.05",FALSE,4.9909253435867e-05,-2.99678208360489e-05,NA,NA,NA,0.830990161003472,-0.0611227745856836,-0.162271715922791,0,0,50
"bivgauss",5e-05,1e+05,"hrv_full","0.1",FALSE,4.24868747052007e-05,-2.6826102475692e-05,NA,NA,NA,0.830990161003472,-0.0611227745856836,-0.162271715922791,0,0,50
"bivgauss",5e-05,1e+05,"hrv_full","0.01",FALSE,6.53786518206725e-05,-3.66088193323934e-05,NA,NA,NA,0.830990161003472,-0.0611227745856836,-0.162271715922791,0,0,50
"bivgauss",5e-05,1e+05,"hrv_interior","0.05",FALSE,4.9909253435867e-05,-2.99678208360489e-05,NA,NA,NA,0.830990161003472,-0.0611227745856836,-0.162271715922791,0,0,10
"bivgauss",5e-05,1e+05,"hrv_interior","0.1",FALSE,4.24868747052007e-05,-2.6826102475692e-05,NA,NA,NA,0.830990161003472,-0.0611227745856836,-0.162271715922791,0,0,10
"bivgauss",5e-05,1e+05,"hrv_interior","0.01",TRUE,6.53786518206725e-05,-3.66088193323934e-05,NA,NA,NA,0.830990161003472,-0.0611227745856836,-0.162271715922791,0,0,10
"bivgauss",5e-05,1e+05,"hrv_full","0.05",FALSE,4.59968456774225e-05,-2.81367319855049e-05,NA,NA,NA,0.781625358710454,-0.137776466131989,-0.175944647387356,0,0,50
"bivgauss",5e-05,1e+05,"hrv_full","0.1",FALSE,3.87074345726711e-05,-2.52652768028261e-05,NA,NA,NA,0.781625358710454,-0.137776466131989,-0.175944647387356,0,0,50
"bivgauss",5e-05,1e+05,"hrv_full","0.01",FALSE,5.94269817320451e-05,-3.30529268626583e-05,NA,NA,NA,0.781625358710454,-0.137776466131989,-0.175944647387356,0,0,50
"bivgauss",5e-05,1e+05,"hrv_interior","0.05",FALSE,4.59968456774225e-05,-2.81367319855049e-05,NA,NA,NA,0.781625358710454,-0.137776466131989,-0.175944647387356,0,0,10
"bivgauss",5e-05,1e+05,"hrv_interior","0.1",FALSE,3.87074345726711e-05,-2.52652768028261e-05,NA,NA,NA,0.781625358710454,-0.137776466131989,-0.175944647387356,0,0,10
"bivgauss",5e-05,1e+05,"hrv_interior","0.01",FALSE,5.94269817320451e-05,-3.30529268626583e-05,NA,NA,NA,0.781625358710454,-0.137776466131989,-0.175944647387356,0,0,10
"bivgauss",5e-05,1e+05,"hrv_full","0.05",FALSE,4.81906254492343e-05,-3.02481412120235e-05,NA,NA,NA,0.846579570935017,-0.11713113200667,-0.0969821882246661,0,0,50
"bivgauss",5e-05,1e+05,"hrv_full","0.1",FALSE,4.09134253540315e-05,-2.67824582106161e-05,NA,NA,NA,0.846579570935017,-0.11713113200667,-0.0969821882246661,0,0,50
"bivgauss",5e-05,1e+05,"hrv_full","0.01",TRUE,6.43327062845037e-05,-3.65156414596366e-05,NA,NA,NA,0.846579570935017,-0.11713113200667,-0.0969821882246661,0,0,50
"bivgauss",5e-05,1e+05,"hrv_interior","0.05",TRUE,4.81906254492343e-05,-3.02481412120235e-05,NA,NA,NA,0.846579570935017,-0.11713113200667,-0.0969821882246661,0,0,10
"bivgauss",5e-05,1e+05,"hrv_interior","0.1",TRUE,4.09134253540315e-05,-2.67824582106161e-05,NA,NA,NA,0.846579570935017,-0.11713113200667,-0.0969821882246661,0,0,10
"bivgauss",5e-05,1e+05,"hrv_interior","0.01",TRUE,6.43327062845037e-05,-3.65156414596366e-05,NA,NA,NA,0.846579570935017,-0.11713113200667,-0.0969821882246661,0,0,10
"bivgauss",5e-05,1e+05,"hrv_full","0.05",FALSE,5.64132045849477e-05,-3.39534035560182e-05,NA,NA,NA,0.828727393620667,0.00901722368830886,-0.0939811762677876,0,0,50
"bivgauss",5e-05,1e+05,"hrv_full","0.1",FALSE,4.81716976141755e-05,-3.0180974110019e-05,NA,NA,NA,0.828727393620667,0.00901722368830886,-0.0939811762677876,0,0,50
"bivgauss",5e-05,1e+05,"hrv_full","0.01",TRUE,7.54814519762757e-05,-4.04401261796713e-05,NA,NA,NA,0.828727393620667,0.00901722368830886,-0.0939811762677876,0,0,50
"bivgauss",5e-05,1e+05,"hrv_interior","0.05",TRUE,5.64132045849477e-05,-3.39534035560182e-05,NA,NA,NA,0.828727393620667,0.00901722368830886,-0.0939811762677876,0,0,10
"bivgauss",5e-05,1e+05,"hrv_interior","0.1",TRUE,4.81716976141755e-05,-3.0180974110019e-05,NA,NA,NA,0.828727393620667,0.00901722368830886,-0.0939811762677876,0,0,10
"bivgauss",5e-05,1e+05,"hrv_interior","0.01",TRUE,7.54814519762757e-05,-4.04401261796713e-05,NA,NA,NA,0.828727393620667,0.00901722368830886,-0.0939811762677876,0,0,10
"bivgauss",5e-05,1e+05,"hrv_full","0.05",TRUE,5.06762812797034e-05,-3.11341766513702e-05,NA,NA,NA,0.837010292023612,-0.139666990410874,-0.0841040662549236,0,0,50
"bivgauss",5e-05,1e+05,"hrv_full","0.1",TRUE,4.24521014306234e-05,-2.77424018863427e-05,NA,NA,NA,0.837010292023612,-0.139666990410874,-0.0841040662549236,0,0,50
"bivgauss",5e-05,1e+05,"hrv_full","0.01",TRUE,6.48330936077271e-05,-3.77653900997595e-05,NA,NA,NA,0.837010292023612,-0.139666990410874,-0.0841040662549236,0,0,50
"bivgauss",5e-05,1e+05,"hrv_interior","0.05",TRUE,5.06762812797034e-05,-3.11341766513702e-05,NA,NA,NA,0.837010292023612,-0.139666990410874,-0.0841040662549236,0,0,10
"bivgauss",5e-05,1e+05,"hrv_interior","0.1",TRUE,4.24521014306234e-05,-2.77424018863427e-05,NA,NA,NA,0.837010292023612,-0.139666990410874,-0.0841040662549236,0,0,10
"bivgauss",5e-05,1e+05,"hrv_interior","0.01",TRUE,6.48330936077271e-05,-3.77653900997595e-05,NA,NA,NA,0.837010292023612,-0.139666990410874,-0.0841040662549236,0,0,10
"bivgauss",5e-05,1e+05,"hrv_full","0.05",TRUE,6.25962565700886e-05,-3.62762083106898e-05,NA,NA,NA,0.782143256897096,-0.0408047048760951,-0.0428497411244358,0,0,50
"bivgauss",5e-05,1e+05,"hrv_full","0.1",FALSE,5.1717995813214e-05,-3.24022573467966e-05,NA,NA,NA,0.782143256897096,-0.0408047048760951,-0.0428497411244358,0,0,50
"bivgauss",5e-05,1e+05,"hrv_full","0.01",TRUE,8.09625113085936e-05,-4.19025752257621e-05,NA,NA,NA,0.782143256897096,-0.0408047048760951,-0.0428497411244358,0,0,50
"bivgauss",5e-05,1e+05,"hrv_interior","0.05",TRUE,6.25962565700886e-05,-3.62762083106898e-05,NA,NA,NA,0.782143256897096,-0.0408047048760951,-0.0428497411244358,0,0,10
"bivgauss",5e-05,1e+05,"hrv_interior","0.1",TRUE,5.1717995813214e-05,-3.24022573467966e-05,NA,NA,NA,0.782143256897096,-0.0408047048760951,-0.0428497411244358,0,0,10
"bivgauss",5e-05,1e+05,"hrv_interior","0.01",TRUE,8.09625113085936e-05,-4.19025752257621e-05,NA,NA,NA,0.782143256897096,-0.0408047048760951,-0.0428497411244358,0,0,10
"bivgauss",5e-05,1e+05,"hrv_full","0.05",FALSE,5.54712935325709e-05,-3.31133901577287e-05,NA,NA,NA,0.802214757531407,-0.0841256240506135,-0.0352168565948868,0,0,50
"bivgauss",5e-05,1e+05,"hrv_full","0.1",FALSE,4.55735266630616e-05,-2.92690005192745e-05,NA,NA,NA,0.802214757531407,-0.0841256240506135,-0.0352168565948868,0,0,50
"bivgauss",5e-05,1e+05,"hrv_full","0.01",TRUE,7.51157840895015e-05,-3.92232374088683e-05,NA,NA,NA,0.802214757531407,-0.0841256240506135,-0.0352168565948868,0,0,50
"bivgauss",5e-05,1e+05,"hrv_interior","0.05",TRUE,5.54712935325709e-05,-3.31133901577287e-05,NA,NA,NA,0.802214757531407,-0.0841256240506135,-0.0352168565948868,0,0,10
"bivgauss",5e-05,1e+05,"hrv_interior","0.1",TRUE,4.55735266630616e-05,-2.92690005192745e-05,NA,NA,NA,0.802214757531407,-0.0841256240506135,-0.0352168565948868,0,0,10
"bivgauss",5e-05,1e+05,"hrv_interior","0.01",TRUE,7.51157840895015e-05,-3.92232374088683e-05,NA,NA,NA,0.802214757531407,-0.0841256240506135,-0.0352168565948868,0,0,10
"bivgauss",5e-05,1e+05,"hrv_full","0.05",FALSE,4.87041585093116e-05,-2.99081783598356e-05,NA,NA,NA,0.821832496824935,-0.0418524554641722,-0.042427401430892,0,0,50
"bivgauss",5e-05,1e+05,"hrv_full","0.1",FALSE,4.17613683789531e-05,-2.67821483162766e-05,NA,NA,NA,0.821832496824935,-0.0418524554641722,-0.042427401430892,0,0,50
"bivgauss",5e-05,1e+05,"hrv_full","0.01",TRUE,6.5481679964791e-05,-3.52485683504239e-05,NA,NA,NA,0.821832496824935,-0.0418524554641722,-0.042427401430892,0,0,50
"bivgauss",5e-05,1e+05,"hrv_interior","0.05",TRUE,4.87041585093116e-05,-2.99081783598356e-05,NA,NA,NA,0.821832496824935,-0.0418524554641722,-0.042427401430892,0,0,10
"bivgauss",5e-05,1e+05,"hrv_interior","0.1",TRUE,4.17613683789531e-05,-2.67821483162766e-05,NA,NA,NA,0.821832496824935,-0.0418524554641722,-0.042427401430892,0,0,10
"bivgauss",5e-05,1e+05,"hrv_interior","0.01",TRUE,6.5481679964791e-05,-3.52485683504239e-05,NA,NA,NA,0.821832496824935,-0.0418524554641722,-0.042427401430892,0,0,10
"bivgauss",5e-05,1e+05,"hrv_full","0.05",TRUE,4.85496179410522e-05,-2.96834736177228e-05,NA,NA,NA,0.86014299836688,-0.105609990798369,-0.0164916844456098,0,0,50
"bivgauss",5e-05,1e+05,"hrv_full","0.1",TRUE,4.19115598815718e-05,-2.66000019289763e-05,NA,NA,NA,0.86014299836688,-0.105609990798369,-0.0164916844456098,0,0,50
"bivgauss",5e-05,1e+05,"hrv_full","0.01",TRUE,6.25422123839205e-05,-3.6048657277459e-05,NA,NA,NA,0.86014299836688,-0.105609990798369,-0.0164916844456098,0,0,50
"bivgauss",5e-05,1e+05,"hrv_interior","0.05",TRUE,4.85496179410522e-05,-2.96834736177228e-05,NA,NA,NA,0.86014299836688,-0.105609990798369,-0.0164916844456098,0,0,10
"bivgauss",5e-05,1e+05,"hrv_interior","0.1",TRUE,4.19115598815718e-05,-2.66000019289763e-05,NA,NA,NA,0.86014299836688,-0.105609990798369,-0.0164916844456098,0,0,10
"bivgauss",5e-05,1e+05,"hrv_interior","0.01",TRUE,6.25422123839205e-05,-3.6048657277459e-05,NA,NA,NA,0.86014299836688,-0.105609990798369,-0.0164916844456098,0,0,10
"bivgauss",5e-05,1e+05,"hrv_full","0.05",FALSE,5.19768832315389e-05,-3.12000162405225e-05,NA,NA,NA,0.828588685014277,0.0434064137334378,-0.170354577896319,0,0,50
"bivgauss",5e-05,1e+05,"hrv_full","0.1",FALSE,4.49195907598155e-05,-2.71743162919695e-05,NA,NA,NA,0.828588685014277,0.0434064137334378,-0.170354577896319,0,0,50
"bivgauss",5e-05,1e+05,"hrv_full","0.01",FALSE,6.74796415578647e-05,-3.78515055271262e-05,NA,NA,NA,0.828588685014277,0.0434064137334378,-0.170354577896319,0,0,50
"bivgauss",5e-05,1e+05,"hrv_interior","0.05",TRUE,5.19768832315389e-05,-3.12000162405225e-05,NA,NA,NA,0.828588685014277,0.0434064137334378,-0.170354577896319,0,0,10
"bivgauss",5e-05,1e+05,"hrv_interior","0.1",TRUE,4.49195907598155e-05,-2.71743162919695e-05,NA,NA,NA,0.828588685014277,0.0434064137334378,-0.170354577896319,0,0,10
"bivgauss",5e-05,1e+05,"hrv_interior","0.01",TRUE,6.74796415578647e-05,-3.78515055271262e-05,NA,NA,NA,0.828588685014277,0.0434064137334378,-0.170354577896319,0,0,10
"bivgauss",5e-05,1e+05,"hrv_full","0.05",FALSE,5.33737722234174e-05,-3.08614453705779e-05,NA,NA,NA,0.836031179909311,-0.0466651616119097,-0.175319339364386,0,0,50
"bivgauss",5e-05,1e+05,"hrv_full","0.1",FALSE,4.48241098516575e-05,-2.74128787176486e-05,NA,NA,NA,0.836031179909311,-0.0466651616119097,-0.175319339364386,0,0,50
"bivgauss",5e-05,1e+05,"hrv_full","0.01",TRUE,7.0413632695508e-05,-3.6961374859938e-05,NA,NA,NA,0.836031179909311,-0.0466651616119097,-0.175319339364386,0,0,50
"bivgauss",5e-05,1e+05,"hrv_interior","0.05",TRUE,5.33737722234174e-05,-3.08614453705779e-05,NA,NA,NA,0.836031179909311,-0.0466651616119097,-0.175319339364386,0,0,10
"bivgauss",5e-05,1e+05,"hrv_interior","0.1",TRUE,4.48241098516575e-05,-2.74128787176486e-05,NA,NA,NA,0.836031179909311,-0.0466651616119097,-0.175319339364386,0,0,10
"bivgauss",5e-05,1e+05,"hrv_interior","0.01",TRUE,7.0413632695508e-05,-3.6961374859938e-05,NA,NA,NA,0.836031179909311,-0.0466651616119097,-0.175319339364386,0,0,10
"bivgauss",5e-05,1e+05,"hrv_full","0.05",TRUE,5.67516267273886e-05,-3.31601580418917e-05,NA,NA,NA,0.858248554456537,-0.0942351757843181,-0.0181422387635795,0,0,50
"bivgauss",5e-05,1e+05,"hrv_full","0.1",TRUE,4.70424387054732e-05,-2.94817718677447e-05,NA,NA,NA,0.858248554456537,-0.0942351757843181,-0.0181422387635795,0,0,50
"bivgauss",5e-05,1e+05,"hrv_full","0.01",TRUE,7.51883395224491e-05,-4.0000059252777e-05,NA,NA,NA,0.858248554456537,-0.0942351757843181,-0.0181422387635795,0,0,50
"bivgauss",5e-05,1e+05,"hrv_interior","0.05",TRUE,5.67516267273886e-05,-3.31601580418917e-05,NA,NA,NA,0.858248554456537,-0.0942351757843181,-0.0181422387635795,0,0,10
"bivgauss",5e-05,1e+05,"hrv_interior","0.1",TRUE,4.70424387054732e-05,-2.94817718677447e-05,NA,NA,NA,0.858248554456537,-0.0942351757843181,-0.0181422387635795,0,0,10
"bivgauss",5e-05,1e+05,"hrv_interior","0.01",TRUE,7.51883395224491e-05,-4.0000059252777e-05,NA,NA,NA,0.858248554456537,-0.0942351757843181,-0.0181422387635795,0,0,10
"bivgauss",5e-05,1e+05,"hrv_full","0.05",FALSE,6.30910246808813e-05,-3.58970400631194e-05,NA,NA,NA,0.791672887841121,-0.0955650780573589,-0.0185053566569706,0,0,50
"bivgauss",5e-05,1e+05,"hrv_full","0.1",FALSE,5.3672712162961e-05,-3.24078829901499e-05,NA,NA,NA,0.791672887841121,-0.0955650780573589,-0.0185053566569706,0,0,50
"bivgauss",5e-05,1e+05,"hrv_full","0.01",TRUE,8.31773274129845e-05,-4.10043704755998e-05,NA,NA,NA,0.791672887841121,-0.0955650780573589,-0.0185053566569706,0,0,50
"bivgauss",5e-05,1e+05,"hrv_interior","0.05",TRUE,6.30910246808813e-05,-3.58970400631194e-05,NA,NA,NA,0.791672887841121,-0.0955650780573589,-0.0185053566569706,0,0,10
"bivgauss",5e-05,1e+05,"hrv_interior","0.1",TRUE,5.3672712162961e-05,-3.24078829901499e-05,NA,NA,NA,0.791672887841121,-0.0955650780573589,-0.0185053566569706,0,0,10
"bivgauss",5e-05,1e+05,"hrv_interior","0.01",TRUE,8.31773274129845e-05,-4.10043704755998e-05,NA,NA,NA,0.791672887841121,-0.0955650780573589,-0.0185053566569706,0,0,10
"bivgauss",5e-05,1e+05,"hrv_full","0.05",FALSE,4.8987203060004e-05,-2.97562189063145e-05,NA,NA,NA,0.805261137027077,-0.0497552682581449,-0.0385200895241279,0,0,50
"bivgauss",5e-05,1e+05,"hrv_full","0.1",FALSE,4.1264298427346e-05,-2.65935401967792e-05,NA,NA,NA,0.805261137027077,-0.0497552682581449,-0.0385200895241279,0,0,50
"bivgauss",5e-05,1e+05,"hrv_full","0.01",FALSE,6.83661574310254e-05,-3.62981107301505e-05,NA,NA,NA,0.805261137027077,-0.0497552682581449,-0.0385200895241279,0,0,50
"bivgauss",5e-05,1e+05,"hrv_interior","0.05",TRUE,4.8987203060004e-05,-2.97562189063145e-05,NA,NA,NA,0.805261137027077,-0.0497552682581449,-0.0385200895241279,0,0,10
"bivgauss",5e-05,1e+05,"hrv_interior","0.1",TRUE,4.1264298427346e-05,-2.65935401967792e-05,NA,NA,NA,0.805261137027077,-0.0497552682581449,-0.0385200895241279,0,0,10
"bivgauss",5e-05,1e+05,"hrv_interior","0.01",TRUE,6.83661574310254e-05,-3.62981107301505e-05,NA,NA,NA,0.805261137027077,-0.0497552682581449,-0.0385200895241279,0,0,10
"bivgauss",5e-05,1e+05,"hrv_full","0.05",TRUE,5.52361226725652e-05,-3.44154859915779e-05,NA,NA,NA,0.873467410758333,-0.127216957182193,-0.0704688540632623,0,0,50
"bivgauss",5e-05,1e+05,"hrv_full","0.1",TRUE,4.68422578617352e-05,-3.0608191365293e-05,NA,NA,NA,0.873467410758333,-0.127216957182193,-0.0704688540632623,0,0,50
"bivgauss",5e-05,1e+05,"hrv_full","0.01",TRUE,7.39432296799279e-05,-4.19199088974746e-05,NA,NA,NA,0.873467410758333,-0.127216957182193,-0.0704688540632623,0,0,50
"bivgauss",5e-05,1e+05,"hrv_interior","0.05",TRUE,5.52361226725652e-05,-3.44154859915779e-05,NA,NA,NA,0.873467410758333,-0.127216957182193,-0.0704688540632623,0,0,10
"bivgauss",5e-05,1e+05,"hrv_interior","0.1",TRUE,4.68422578617352e-05,-3.0608191365293e-05,NA,NA,NA,0.873467410758333,-0.127216957182193,-0.0704688540632623,0,0,10
"bivgauss",5e-05,1e+05,"hrv_interior","0.01",TRUE,7.39432296799279e-05,-4.19199088974746e-05,NA,NA,NA,0.873467410758333,-0.127216957182193,-0.0704688540632623,0,0,10
"bivgauss",5e-05,1e+05,"hrv_full","0.05",TRUE,4.72177015643721e-05,-2.94853912141033e-05,NA,NA,NA,0.872036387809094,-0.0923799755430473,-0.028671281417566,0,0,50
"bivgauss",5e-05,1e+05,"hrv_full","0.1",TRUE,3.95814171633004e-05,-2.63852441540894e-05,NA,NA,NA,0.872036387809094,-0.0923799755430473,-0.028671281417566,0,0,50
"bivgauss",5e-05,1e+05,"hrv_full","0.01",TRUE,6.44233031475043e-05,-3.53363931016272e-05,NA,NA,NA,0.872036387809094,-0.0923799755430473,-0.028671281417566,0,0,50
"bivgauss",5e-05,1e+05,"hrv_interior","0.05",TRUE,4.72177015643721e-05,-2.94853912141033e-05,NA,NA,NA,0.872036387809094,-0.0923799755430473,-0.028671281417566,0,0,10
"bivgauss",5e-05,1e+05,"hrv_interior","0.1",TRUE,3.95814171633004e-05,-2.63852441540894e-05,NA,NA,NA,0.872036387809094,-0.0923799755430473,-0.028671281417566,0,0,10
"bivgauss",5e-05,1e+05,"hrv_interior","0.01",TRUE,6.44233031475043e-05,-3.53363931016272e-05,NA,NA,NA,0.872036387809094,-0.0923799755430473,-0.028671281417566,0,0,10
"bivgauss",5e-05,1e+05,"hrv_full","0.05",TRUE,5.84411193649315e-05,-3.34447020609432e-05,NA,NA,NA,0.855049467913086,-7.72151765740234e-05,0.00406748801346006,0,0,50
"bivgauss",5e-05,1e+05,"hrv_full","0.1",TRUE,4.88116506992828e-05,-2.98137613750645e-05,NA,NA,NA,0.855049467913086,-7.72151765740234e-05,0.00406748801346006,0,0,50
"bivgauss",5e-05,1e+05,"hrv_full","0.01",TRUE,8.11765093088695e-05,-3.97643915472498e-05,NA,NA,NA,0.855049467913086,-7.72151765740234e-05,0.00406748801346006,0,0,50
"bivgauss",5e-05,1e+05,"hrv_interior","0.05",TRUE,5.84411193649315e-05,-3.34447020609432e-05,NA,NA,NA,0.855049467913086,-7.72151765740234e-05,0.00406748801346006,0,0,10
"bivgauss",5e-05,1e+05,"hrv_interior","0.1",TRUE,4.88116506992828e-05,-2.98137613750645e-05,NA,NA,NA,0.855049467913086,-7.72151765740234e-05,0.00406748801346006,0,0,10
"bivgauss",5e-05,1e+05,"hrv_interior","0.01",TRUE,8.11765093088695e-05,-3.97643915472498e-05,NA,NA,NA,0.855049467913086,-7.72151765740234e-05,0.00406748801346006,0,0,10
"bivgauss",5e-05,1e+05,"hrv_full","0.05",FALSE,6.1263200527418e-05,-3.4177744988796e-05,NA,NA,NA,0.74455425392199,-0.0666645638185916,-0.0205492660311215,0,0,50
"bivgauss",5e-05,1e+05,"hrv_full","0.1",FALSE,5.20505981089691e-05,-3.09863257231206e-05,NA,NA,NA,0.74455425392199,-0.0666645638185916,-0.0205492660311215,0,0,50
"bivgauss",5e-05,1e+05,"hrv_full","0.01",FALSE,8.35576793210204e-05,-3.92390965331646e-05,NA,NA,NA,0.74455425392199,-0.0666645638185916,-0.0205492660311215,0,0,50
"bivgauss",5e-05,1e+05,"hrv_interior","0.05",TRUE,6.1263200527418e-05,-3.4177744988796e-05,NA,NA,NA,0.74455425392199,-0.0666645638185916,-0.0205492660311215,0,0,10
"bivgauss",5e-05,1e+05,"hrv_interior","0.1",TRUE,5.20505981089691e-05,-3.09863257231206e-05,NA,NA,NA,0.74455425392199,-0.0666645638185916,-0.0205492660311215,0,0,10
"bivgauss",5e-05,1e+05,"hrv_interior","0.01",TRUE,8.35576793210204e-05,-3.92390965331646e-05,NA,NA,NA,0.74455425392199,-0.0666645638185916,-0.0205492660311215,0,0,10
"bivgauss",5e-05,1e+05,"hrv_full","0.05",FALSE,4.74714333073442e-05,-2.93754539485439e-05,NA,NA,NA,0.770526030496366,-0.112807883605928,-0.0707233033815298,0,0,50
"bivgauss",5e-05,1e+05,"hrv_full","0.1",FALSE,3.93980246204591e-05,-2.62836710106105e-05,NA,NA,NA,0.770526030496366,-0.112807883605928,-0.0707233033815298,0,0,50
"bivgauss",5e-05,1e+05,"hrv_full","0.01",FALSE,6.31405519375505e-05,-3.41349009922478e-05,NA,NA,NA,0.770526030496366,-0.112807883605928,-0.0707233033815298,0,0,50
"bivgauss",5e-05,1e+05,"hrv_interior","0.05",TRUE,4.74714333073442e-05,-2.93754539485439e-05,NA,NA,NA,0.770526030496366,-0.112807883605928,-0.0707233033815298,0,0,10
"bivgauss",5e-05,1e+05,"hrv_interior","0.1",FALSE,3.93980246204591e-05,-2.62836710106105e-05,NA,NA,NA,0.770526030496366,-0.112807883605928,-0.0707233033815298,0,0,10
"bivgauss",5e-05,1e+05,"hrv_interior","0.01",TRUE,6.31405519375505e-05,-3.41349009922478e-05,NA,NA,NA,0.770526030496366,-0.112807883605928,-0.0707233033815298,0,0,10
"bivgauss",5e-05,1e+05,"hrv_full","0.05",TRUE,5.57757555829559e-05,-3.55589203779482e-05,NA,NA,NA,0.774660168973628,-0.0883244716059619,-0.00258842181610307,0,0,50
"bivgauss",5e-05,1e+05,"hrv_full","0.1",TRUE,4.79509949958911e-05,-3.11068771434872e-05,NA,NA,NA,0.774660168973628,-0.0883244716059619,-0.00258842181610307,0,0,50
"bivgauss",5e-05,1e+05,"hrv_full","0.01",TRUE,7.52693417264788e-05,-4.08059937345181e-05,NA,NA,NA,0.774660168973628,-0.0883244716059619,-0.00258842181610307,0,0,50
"bivgauss",5e-05,1e+05,"hrv_interior","0.05",TRUE,5.57757555829559e-05,-3.55589203779482e-05,NA,NA,NA,0.774660168973628,-0.0883244716059619,-0.00258842181610307,0,0,10
"bivgauss",5e-05,1e+05,"hrv_interior","0.1",TRUE,4.79509949958911e-05,-3.11068771434872e-05,NA,NA,NA,0.774660168973628,-0.0883244716059619,-0.00258842181610307,0,0,10
"bivgauss",5e-05,1e+05,"hrv_interior","0.01",TRUE,7.52693417264788e-05,-4.08059937345181e-05,NA,NA,NA,0.774660168973628,-0.0883244716059619,-0.00258842181610307,0,0,10
"bivgauss",5e-05,1e+05,"hrv_full","0.05",FALSE,5.2438462990732e-05,-3.086432773507e-05,NA,NA,NA,0.820491569690134,-0.176089314732288,0.00696233314154661,0,0,50
"bivgauss",5e-05,1e+05,"hrv_full","0.1",FALSE,4.49260964077017e-05,-2.72293788737894e-05,NA,NA,NA,0.820491569690134,-0.176089314732288,0.00696233314154661,0,0,50
"bivgauss",5e-05,1e+05,"hrv_full","0.01",FALSE,6.91317296813299e-05,-3.63633769538527e-05,NA,NA,NA,0.820491569690134,-0.176089314732288,0.00696233314154661,0,0,50
"bivgauss",5e-05,1e+05,"hrv_interior","0.05",TRUE,5.2438462990732e-05,-3.086432773507e-05,NA,NA,NA,0.820491569690134,-0.176089314732288,0.00696233314154661,0,0,10
"bivgauss",5e-05,1e+05,"hrv_interior","0.1",TRUE,4.49260964077017e-05,-2.72293788737894e-05,NA,NA,NA,0.820491569690134,-0.176089314732288,0.00696233314154661,0,0,10
"bivgauss",5e-05,1e+05,"hrv_interior","0.01",TRUE,6.91317296813299e-05,-3.63633769538527e-05,NA,NA,NA,0.820491569690134,-0.176089314732288,0.00696233314154661,0,0,10
"bivgauss",5e-05,1e+05,"hrv_full","0.05",FALSE,4.99306159066434e-05,-3.17306204203836e-05,NA,NA,NA,0.786679547493241,-0.0639252097511388,-0.105193773467895,0,0,50
"bivgauss",5e-05,1e+05,"hrv_full","0.1",FALSE,4.164972359153e-05,-2.76428928473923e-05,NA,NA,NA,0.786679547493241,-0.0639252097511388,-0.105193773467895,0,0,50
"bivgauss",5e-05,1e+05,"hrv_full","0.01",TRUE,6.51865042064083e-05,-3.99867293675121e-05,NA,NA,NA,0.786679547493241,-0.0639252097511388,-0.105193773467895,0,0,50
"bivgauss",5e-05,1e+05,"hrv_interior","0.05",TRUE,4.99306159066434e-05,-3.17306204203836e-05,NA,NA,NA,0.786679547493241,-0.0639252097511388,-0.105193773467895,0,0,10
"bivgauss",5e-05,1e+05,"hrv_interior","0.1",TRUE,4.164972359153e-05,-2.76428928473923e-05,NA,NA,NA,0.786679547493241,-0.0639252097511388,-0.105193773467895,0,0,10
"bivgauss",5e-05,1e+05,"hrv_interior","0.01",TRUE,6.51865042064083e-05,-3.99867293675121e-05,NA,NA,NA,0.786679547493241,-0.0639252097511388,-0.105193773467895,0,0,10
"bivgauss",5e-05,1e+05,"hrv_full","0.05",TRUE,6.06445733997413e-05,-3.4229788870997e-05,NA,NA,NA,0.793930920205266,0.0085250025168289,-0.00718211252812317,0,0,50
"bivgauss",5e-05,1e+05,"hrv_full","0.1",TRUE,5.03887265133771e-05,-3.0733798957027e-05,NA,NA,NA,0.793930920205266,0.0085250025168289,-0.00718211252812317,0,0,50
"bivgauss",5e-05,1e+05,"hrv_full","0.01",TRUE,8.63848720842717e-05,-3.93289014286111e-05,NA,NA,NA,0.793930920205266,0.0085250025168289,-0.00718211252812317,0,0,50
"bivgauss",5e-05,1e+05,"hrv_interior","0.05",TRUE,6.06445733997413e-05,-3.4229788870997e-05,NA,NA,NA,0.793930920205266,0.0085250025168289,-0.00718211252812317,0,0,10
"bivgauss",5e-05,1e+05,"hrv_interior","0.1",TRUE,5.03887265133771e-05,-3.0733798957027e-05,NA,NA,NA,0.793930920205266,0.0085250025168289,-0.00718211252812317,0,0,10
"bivgauss",5e-05,1e+05,"hrv_interior","0.01",TRUE,8.63848720842717e-05,-3.93289014286111e-05,NA,NA,NA,0.793930920205266,0.0085250025168289,-0.00718211252812317,0,0,10
"bivgauss",5e-05,1e+05,"hrv_full","0.05",FALSE,5.95717049100628e-05,-3.33194438625373e-05,NA,NA,NA,0.745478192258298,-0.0369753238061124,-0.114472446404785,0,0,50
"bivgauss",5e-05,1e+05,"hrv_full","0.1",FALSE,4.87379764542481e-05,-2.96098739731898e-05,NA,NA,NA,0.745478192258298,-0.0369753238061124,-0.114472446404785,0,0,50
"bivgauss",5e-05,1e+05,"hrv_full","0.01",TRUE,8.00980063342564e-05,-3.93588027614101e-05,NA,NA,NA,0.745478192258298,-0.0369753238061124,-0.114472446404785,0,0,50
"bivgauss",5e-05,1e+05,"hrv_interior","0.05",TRUE,5.95717049100628e-05,-3.33194438625373e-05,NA,NA,NA,0.745478192258298,-0.0369753238061124,-0.114472446404785,0,0,10
"bivgauss",5e-05,1e+05,"hrv_interior","0.1",TRUE,4.87379764542481e-05,-2.96098739731898e-05,NA,NA,NA,0.745478192258298,-0.0369753238061124,-0.114472446404785,0,0,10
"bivgauss",5e-05,1e+05,"hrv_interior","0.01",TRUE,8.00980063342564e-05,-3.93588027614101e-05,NA,NA,NA,0.745478192258298,-0.0369753238061124,-0.114472446404785,0,0,10
"bivgauss",5e-05,1e+05,"hrv_full","0.05",FALSE,5.22761435003298e-05,-3.35775108581817e-05,NA,NA,NA,0.818243459649433,-0.113863541736215,-0.150130740975225,0,0,50
"bivgauss",5e-05,1e+05,"hrv_full","0.1",FALSE,4.47684945829243e-05,-2.94707827673382e-05,NA,NA,NA,0.818243459649433,-0.113863541736215,-0.150130740975225,0,0,50
"bivgauss",5e-05,1e+05,"hrv_full","0.01",TRUE,6.79896058121509e-05,-4.24200232162845e-05,NA,NA,NA,0.818243459649433,-0.113863541736215,-0.150130740975225,0,0,50
"bivgauss",5e-05,1e+05,"hrv_interior","0.05",TRUE,5.22761435003298e-05,-3.35775108581817e-05,NA,NA,NA,0.818243459649433,-0.113863541736215,-0.150130740975225,0,0,10
"bivgauss",5e-05,1e+05,"hrv_interior","0.1",TRUE,4.47684945829243e-05,-2.94707827673382e-05,NA,NA,NA,0.818243459649433,-0.113863541736215,-0.150130740975225,0,0,10
"bivgauss",5e-05,1e+05,"hrv_interior","0.01",TRUE,6.79896058121509e-05,-4.24200232162845e-05,NA,NA,NA,0.818243459649433,-0.113863541736215,-0.150130740975225,0,0,10
"bivgauss",5e-05,1e+05,"hrv_full","0.05",FALSE,5.24169575529977e-05,-3.16198747775513e-05,NA,NA,NA,0.809423348084881,-0.115181571407175,-0.146482843886014,0,0,50
"bivgauss",5e-05,1e+05,"hrv_full","0.1",FALSE,4.38054852323262e-05,-2.78753964083955e-05,NA,NA,NA,0.809423348084881,-0.115181571407175,-0.146482843886014,0,0,50
"bivgauss",5e-05,1e+05,"hrv_full","0.01",TRUE,6.88723029163974e-05,-3.84623519923958e-05,NA,NA,NA,0.809423348084881,-0.115181571407175,-0.146482843886014,0,0,50
"bivgauss",5e-05,1e+05,"hrv_interior","0.05",TRUE,5.24169575529977e-05,-3.16198747775513e-05,NA,NA,NA,0.809423348084881,-0.115181571407175,-0.146482843886014,0,0,10
"bivgauss",5e-05,1e+05,"hrv_interior","0.1",TRUE,4.38054852323262e-05,-2.78753964083955e-05,NA,NA,NA,0.809423348084881,-0.115181571407175,-0.146482843886014,0,0,10
"bivgauss",5e-05,1e+05,"hrv_interior","0.01",TRUE,6.88723029163974e-05,-3.84623519923958e-05,NA,NA,NA,0.809423348084881,-0.115181571407175,-0.146482843886014,0,0,10
"bivgauss",5e-05,1e+05,"hrv_full","0.05",FALSE,5.47784753572628e-05,-3.11619713994408e-05,NA,NA,NA,0.795476992311476,-0.0543551342667462,-0.088732817346187,0,0,50
"bivgauss",5e-05,1e+05,"hrv_full","0.1",FALSE,4.65477862134245e-05,-2.79525816582497e-05,NA,NA,NA,0.795476992311476,-0.0543551342667462,-0.088732817346187,0,0,50
"bivgauss",5e-05,1e+05,"hrv_full","0.01",FALSE,7.35964648372751e-05,-3.63158297406461e-05,NA,NA,NA,0.795476992311476,-0.0543551342667462,-0.088732817346187,0,0,50
"bivgauss",5e-05,1e+05,"hrv_interior","0.05",TRUE,5.47784753572628e-05,-3.11619713994408e-05,NA,NA,NA,0.795476992311476,-0.0543551342667462,-0.088732817346187,0,0,10
"bivgauss",5e-05,1e+05,"hrv_interior","0.1",TRUE,4.65477862134245e-05,-2.79525816582497e-05,NA,NA,NA,0.795476992311476,-0.0543551342667462,-0.088732817346187,0,0,10
"bivgauss",5e-05,1e+05,"hrv_interior","0.01",TRUE,7.35964648372751e-05,-3.63158297406461e-05,NA,NA,NA,0.795476992311476,-0.0543551342667462,-0.088732817346187,0,0,10
"bivgauss",5e-05,1e+05,"hrv_full","0.05",TRUE,5.11055462440276e-05,-3.31878591055376e-05,NA,NA,NA,0.827309806920405,-0.06760780552101,-0.0723574894331902,0,0,50
"bivgauss",5e-05,1e+05,"hrv_full","0.1",FALSE,4.47011405331824e-05,-2.94257412255455e-05,NA,NA,NA,0.827309806920405,-0.06760780552101,-0.0723574894331902,0,0,50
"bivgauss",5e-05,1e+05,"hrv_full","0.01",TRUE,6.78875743454584e-05,-3.94333289278992e-05,NA,NA,NA,0.827309806920405,-0.06760780552101,-0.0723574894331902,0,0,50
"bivgauss",5e-05,1e+05,"hrv_interior","0.05",TRUE,5.11055462440276e-05,-3.31878591055376e-05,NA,NA,NA,0.827309806920405,-0.06760780552101,-0.0723574894331902,0,0,10
"bivgauss",5e-05,1e+05,"hrv_interior","0.1",TRUE,4.47011405331824e-05,-2.94257412255455e-05,NA,NA,NA,0.827309806920405,-0.06760780552101,-0.0723574894331902,0,0,10
"bivgauss",5e-05,1e+05,"hrv_interior","0.01",TRUE,6.78875743454584e-05,-3.94333289278992e-05,NA,NA,NA,0.827309806920405,-0.06760780552101,-0.0723574894331902,0,0,10
"bivgauss",5e-05,1e+05,"hrv_full","0.05",FALSE,4.3813537308509e-05,-2.75256305812306e-05,NA,NA,NA,0.800664290462481,-0.195501338551357,-0.114961038052163,0,0,50
"bivgauss",5e-05,1e+05,"hrv_full","0.1",FALSE,3.74636939342263e-05,-2.44609398316855e-05,NA,NA,NA,0.800664290462481,-0.195501338551357,-0.114961038052163,0,0,50
"bivgauss",5e-05,1e+05,"hrv_full","0.01",FALSE,5.83979422669097e-05,-3.24426444726798e-05,NA,NA,NA,0.800664290462481,-0.195501338551357,-0.114961038052163,0,0,50
"bivgauss",5e-05,1e+05,"hrv_interior","0.05",TRUE,4.3813537308509e-05,-2.75256305812306e-05,NA,NA,NA,0.800664290462481,-0.195501338551357,-0.114961038052163,0,0,10
"bivgauss",5e-05,1e+05,"hrv_interior","0.1",FALSE,3.74636939342263e-05,-2.44609398316855e-05,NA,NA,NA,0.800664290462481,-0.195501338551357,-0.114961038052163,0,0,10
"bivgauss",5e-05,1e+05,"hrv_interior","0.01",TRUE,5.83979422669097e-05,-3.24426444726798e-05,NA,NA,NA,0.800664290462481,-0.195501338551357,-0.114961038052163,0,0,10
"bivgauss",5e-05,1e+05,"hrv_full","0.05",TRUE,5.65792351128646e-05,-3.35245263505002e-05,NA,NA,NA,0.855937977515812,-0.0468599452039197,-0.0618497671664819,0,0,50
"bivgauss",5e-05,1e+05,"hrv_full","0.1",FALSE,4.66242370847288e-05,-2.96382537297339e-05,NA,NA,NA,0.855937977515812,-0.0468599452039197,-0.0618497671664819,0,0,50
"bivgauss",5e-05,1e+05,"hrv_full","0.01",TRUE,7.05257124733931e-05,-4.08172641716611e-05,NA,NA,NA,0.855937977515812,-0.0468599452039197,-0.0618497671664819,0,0,50
"bivgauss",5e-05,1e+05,"hrv_interior","0.05",TRUE,5.65792351128646e-05,-3.35245263505002e-05,NA,NA,NA,0.855937977515812,-0.0468599452039197,-0.0618497671664819,0,0,10
"bivgauss",5e-05,1e+05,"hrv_interior","0.1",TRUE,4.66242370847288e-05,-2.96382537297339e-05,NA,NA,NA,0.855937977515812,-0.0468599452039197,-0.0618497671664819,0,0,10
"bivgauss",5e-05,1e+05,"hrv_interior","0.01",TRUE,7.05257124733931e-05,-4.08172641716611e-05,NA,NA,NA,0.855937977515812,-0.0468599452039197,-0.0618497671664819,0,0,10
"bivgauss",5e-05,1e+05,"hrv_full","0.05",TRUE,5.08168055988771e-05,-3.13776249855314e-05,NA,NA,NA,0.821704025626976,-0.00231884161216281,-0.0367419011455609,0,0,50
"bivgauss",5e-05,1e+05,"hrv_full","0.1",TRUE,4.40975598762596e-05,-2.81942764807613e-05,NA,NA,NA,0.821704025626976,-0.00231884161216281,-0.0367419011455609,0,0,50
"bivgauss",5e-05,1e+05,"hrv_full","0.01",TRUE,6.92382078227243e-05,-3.72780215064574e-05,NA,NA,NA,0.821704025626976,-0.00231884161216281,-0.0367419011455609,0,0,50
"bivgauss",5e-05,1e+05,"hrv_interior","0.05",TRUE,5.08168055988771e-05,-3.13776249855314e-05,NA,NA,NA,0.821704025626976,-0.00231884161216281,-0.0367419011455609,0,0,10
"bivgauss",5e-05,1e+05,"hrv_interior","0.1",TRUE,4.40975598762596e-05,-2.81942764807613e-05,NA,NA,NA,0.821704025626976,-0.00231884161216281,-0.0367419011455609,0,0,10
"bivgauss",5e-05,1e+05,"hrv_interior","0.01",TRUE,6.92382078227243e-05,-3.72780215064574e-05,NA,NA,NA,0.821704025626976,-0.00231884161216281,-0.0367419011455609,0,0,10
"bivgauss",5e-05,1e+05,"hrv_full","0.05",FALSE,4.71311458090749e-05,-2.91611928602282e-05,NA,NA,NA,0.807802069726424,-0.104941845983175,-0.106900104057675,0,0,50
"bivgauss",5e-05,1e+05,"hrv_full","0.1",FALSE,3.99177378899464e-05,-2.60323664578998e-05,NA,NA,NA,0.807802069726424,-0.104941845983175,-0.106900104057675,0,0,50
"bivgauss",5e-05,1e+05,"hrv_full","0.01",TRUE,6.07069107914095e-05,-3.6146634178123e-05,NA,NA,NA,0.807802069726424,-0.104941845983175,-0.106900104057675,0,0,50
"bivgauss",5e-05,1e+05,"hrv_interior","0.05",TRUE,4.71311458090749e-05,-2.91611928602282e-05,NA,NA,NA,0.807802069726424,-0.104941845983175,-0.106900104057675,0,0,10
"bivgauss",5e-05,1e+05,"hrv_interior","0.1",TRUE,3.99177378899464e-05,-2.60323664578998e-05,NA,NA,NA,0.807802069726424,-0.104941845983175,-0.106900104057675,0,0,10
"bivgauss",5e-05,1e+05,"hrv_interior","0.01",TRUE,6.07069107914095e-05,-3.6146634178123e-05,NA,NA,NA,0.807802069726424,-0.104941845983175,-0.106900104057675,0,0,10
"bivgauss",5e-05,1e+05,"hrv_full","0.05",TRUE,5.51788356230557e-05,-3.54832323196357e-05,NA,NA,NA,0.816365760925165,-0.0573966551859496,-0.0975547306052278,0,0,50
"bivgauss",5e-05,1e+05,"hrv_full","0.1",FALSE,4.76326799892307e-05,-3.16967115086213e-05,NA,NA,NA,0.816365760925165,-0.0573966551859496,-0.0975547306052278,0,0,50
"bivgauss",5e-05,1e+05,"hrv_full","0.01",TRUE,7.18068215336128e-05,-4.30186130122656e-05,NA,NA,NA,0.816365760925165,-0.0573966551859496,-0.0975547306052278,0,0,50
"bivgauss",5e-05,1e+05,"hrv_interior","0.05",TRUE,5.51788356230557e-05,-3.54832323196357e-05,NA,NA,NA,0.816365760925165,-0.0573966551859496,-0.0975547306052278,0,0,10
"bivgauss",5e-05,1e+05,"hrv_interior","0.1",TRUE,4.76326799892307e-05,-3.16967115086213e-05,NA,NA,NA,0.816365760925165,-0.0573966551859496,-0.0975547306052278,0,0,10
"bivgauss",5e-05,1e+05,"hrv_interior","0.01",TRUE,7.18068215336128e-05,-4.30186130122656e-05,NA,NA,NA,0.816365760925165,-0.0573966551859496,-0.0975547306052278,0,0,10
"bivgauss",5e-05,1e+05,"hrv_full","0.05",TRUE,4.89812541170632e-05,-3.07768247426231e-05,NA,NA,NA,0.824526434227024,-0.0844877597210983,-0.0984895205707757,0,0,50
"bivgauss",5e-05,1e+05,"hrv_full","0.1",FALSE,4.17376342567018e-05,-2.70773396482067e-05,NA,NA,NA,0.824526434227024,-0.0844877597210983,-0.0984895205707757,0,0,50
"bivgauss",5e-05,1e+05,"hrv_full","0.01",TRUE,6.42572360803443e-05,-3.57902092902632e-05,NA,NA,NA,0.824526434227024,-0.0844877597210983,-0.0984895205707757,0,0,50
"bivgauss",5e-05,1e+05,"hrv_interior","0.05",TRUE,4.89812541170632e-05,-3.07768247426231e-05,NA,NA,NA,0.824526434227024,-0.0844877597210983,-0.0984895205707757,0,0,10
"bivgauss",5e-05,1e+05,"hrv_interior","0.1",TRUE,4.17376342567018e-05,-2.70773396482067e-05,NA,NA,NA,0.824526434227024,-0.0844877597210983,-0.0984895205707757,0,0,10
"bivgauss",5e-05,1e+05,"hrv_interior","0.01",TRUE,6.42572360803443e-05,-3.57902092902632e-05,NA,NA,NA,0.824526434227024,-0.0844877597210983,-0.0984895205707757,0,0,10
"bivgauss",5e-05,1e+05,"hrv_full","0.05",FALSE,4.77916068379521e-05,-2.85396784034888e-05,NA,NA,NA,0.778278578188971,-0.0790377015793119,-0.0789668213089442,0,0,50
"bivgauss",5e-05,1e+05,"hrv_full","0.1",FALSE,3.88464938375791e-05,-2.52348517648272e-05,NA,NA,NA,0.778278578188971,-0.0790377015793119,-0.0789668213089442,0,0,50
"bivgauss",5e-05,1e+05,"hrv_full","0.01",FALSE,6.01815760096017e-05,-3.45996153046632e-05,NA,NA,NA,0.778278578188971,-0.0790377015793119,-0.0789668213089442,0,0,50
"bivgauss",5e-05,1e+05,"hrv_interior","0.05",FALSE,4.77916068379521e-05,-2.85396784034888e-05,NA,NA,NA,0.778278578188971,-0.0790377015793119,-0.0789668213089442,0,0,10
"bivgauss",5e-05,1e+05,"hrv_interior","0.1",FALSE,3.88464938375791e-05,-2.52348517648272e-05,NA,NA,NA,0.778278578188971,-0.0790377015793119,-0.0789668213089442,0,0,10
"bivgauss",5e-05,1e+05,"hrv_interior","0.01",TRUE,6.01815760096017e-05,-3.45996153046632e-05,NA,NA,NA,0.778278578188971,-0.0790377015793119,-0.0789668213089442,0,0,10
"bivgauss",5e-05,1e+05,"hrv_full","0.05",FALSE,5.02052075465374e-05,-2.963042068901e-05,NA,NA,NA,0.791089571127048,-0.0498411324988697,-0.0722042917877204,0,0,50
"bivgauss",5e-05,1e+05,"hrv_full","0.1",FALSE,4.27381423528285e-05,-2.6247864572519e-05,NA,NA,NA,0.791089571127048,-0.0498411324988697,-0.0722042917877204,0,0,50
"bivgauss",5e-05,1e+05,"hrv_full","0.01",TRUE,7.16255062456508e-05,-3.53236534757227e-05,NA,NA,NA,0.791089571127048,-0.0498411324988697,-0.0722042917877204,0,0,50
"bivgauss",5e-05,1e+05,"hrv_interior","0.05",TRUE,5.02052075465374e-05,-2.963042068901e-05,NA,NA,NA,0.791089571127048,-0.0498411324988697,-0.0722042917877204,0,0,10
"bivgauss",5e-05,1e+05,"hrv_interior","0.1",TRUE,4.27381423528285e-05,-2.6247864572519e-05,NA,NA,NA,0.791089571127048,-0.0498411324988697,-0.0722042917877204,0,0,10
"bivgauss",5e-05,1e+05,"hrv_interior","0.01",TRUE,7.16255062456508e-05,-3.53236534757227e-05,NA,NA,NA,0.791089571127048,-0.0498411324988697,-0.0722042917877204,0,0,10
"bivgauss",5e-05,1e+05,"hrv_full","0.05",FALSE,5.43003675999583e-05,-3.24534136609052e-05,NA,NA,NA,0.785399625832912,0.00154331812649793,-0.0346154195351428,0,0,50
"bivgauss",5e-05,1e+05,"hrv_full","0.1",FALSE,4.57121039533902e-05,-2.89178834625736e-05,NA,NA,NA,0.785399625832912,0.00154331812649793,-0.0346154195351428,0,0,50
"bivgauss",5e-05,1e+05,"hrv_full","0.01",TRUE,7.03882697181593e-05,-3.9157527672157e-05,NA,NA,NA,0.785399625832912,0.00154331812649793,-0.0346154195351428,0,0,50
"bivgauss",5e-05,1e+05,"hrv_interior","0.05",TRUE,5.43003675999583e-05,-3.24534136609052e-05,NA,NA,NA,0.785399625832912,0.00154331812649793,-0.0346154195351428,0,0,10
"bivgauss",5e-05,1e+05,"hrv_interior","0.1",TRUE,4.57121039533902e-05,-2.89178834625736e-05,NA,NA,NA,0.785399625832912,0.00154331812649793,-0.0346154195351428,0,0,10
"bivgauss",5e-05,1e+05,"hrv_interior","0.01",TRUE,7.03882697181593e-05,-3.9157527672157e-05,NA,NA,NA,0.785399625832912,0.00154331812649793,-0.0346154195351428,0,0,10
"bivgauss",5e-05,1e+05,"hrv_full","0.05",FALSE,4.84167781355623e-05,-2.93218214384797e-05,NA,NA,NA,0.760822408781816,-0.0999113774823334,-0.0305260193630931,0,0,50
"bivgauss",5e-05,1e+05,"hrv_full","0.1",FALSE,4.19446131079413e-05,-2.61478421464311e-05,NA,NA,NA,0.760822408781816,-0.0999113774823334,-0.0305260193630931,0,0,50
"bivgauss",5e-05,1e+05,"hrv_full","0.01",FALSE,6.13923038712456e-05,-3.49476417990666e-05,NA,NA,NA,0.760822408781816,-0.0999113774823334,-0.0305260193630931,0,0,50
"bivgauss",5e-05,1e+05,"hrv_interior","0.05",TRUE,4.84167781355623e-05,-2.93218214384797e-05,NA,NA,NA,0.760822408781816,-0.0999113774823334,-0.0305260193630931,0,0,10
"bivgauss",5e-05,1e+05,"hrv_interior","0.1",TRUE,4.19446131079413e-05,-2.61478421464311e-05,NA,NA,NA,0.760822408781816,-0.0999113774823334,-0.0305260193630931,0,0,10
"bivgauss",5e-05,1e+05,"hrv_interior","0.01",TRUE,6.13923038712456e-05,-3.49476417990666e-05,NA,NA,NA,0.760822408781816,-0.0999113774823334,-0.0305260193630931,0,0,10
"bivgauss",5e-05,1e+05,"hrv_full","0.05",TRUE,5.42638647297379e-05,-3.14860296135035e-05,NA,NA,NA,0.860500863095049,-0.024357837825157,0.1014594797669,0,0,50
"bivgauss",5e-05,1e+05,"hrv_full","0.1",TRUE,4.60791416957243e-05,-2.8536855574511e-05,NA,NA,NA,0.860500863095049,-0.024357837825157,0.1014594797669,0,0,50
"bivgauss",5e-05,1e+05,"hrv_full","0.01",TRUE,6.97497872309512e-05,-3.68126859835141e-05,NA,NA,NA,0.860500863095049,-0.024357837825157,0.1014594797669,0,0,50
"bivgauss",5e-05,1e+05,"hrv_interior","0.05",TRUE,5.42638647297379e-05,-3.14860296135035e-05,NA,NA,NA,0.860500863095049,-0.024357837825157,0.1014594797669,0,0,10
"bivgauss",5e-05,1e+05,"hrv_interior","0.1",TRUE,4.60791416957243e-05,-2.8536855574511e-05,NA,NA,NA,0.860500863095049,-0.024357837825157,0.1014594797669,0,0,10
"bivgauss",5e-05,1e+05,"hrv_interior","0.01",TRUE,6.97497872309512e-05,-3.68126859835141e-05,NA,NA,NA,0.860500863095049,-0.024357837825157,0.1014594797669,0,0,10
"bivgauss",5e-05,1e+05,"hrv_full","0.05",FALSE,4.92071271441931e-05,-2.89925087509342e-05,NA,NA,NA,0.71366777600194,-0.0644170409513657,-0.076403087531034,0,0,50
"bivgauss",5e-05,1e+05,"hrv_full","0.1",FALSE,4.15152695367299e-05,-2.5884452563391e-05,NA,NA,NA,0.71366777600194,-0.0644170409513657,-0.076403087531034,0,0,50
"bivgauss",5e-05,1e+05,"hrv_full","0.01",FALSE,6.76735113784333e-05,-3.51667844025611e-05,NA,NA,NA,0.71366777600194,-0.0644170409513657,-0.076403087531034,0,0,50
"bivgauss",5e-05,1e+05,"hrv_interior","0.05",FALSE,4.92071271441931e-05,-2.89925087509342e-05,NA,NA,NA,0.71366777600194,-0.0644170409513657,-0.076403087531034,0,0,10
"bivgauss",5e-05,1e+05,"hrv_interior","0.1",FALSE,4.15152695367299e-05,-2.5884452563391e-05,NA,NA,NA,0.71366777600194,-0.0644170409513657,-0.076403087531034,0,0,10
"bivgauss",5e-05,1e+05,"hrv_interior","0.01",FALSE,6.76735113784333e-05,-3.51667844025611e-05,NA,NA,NA,0.71366777600194,-0.0644170409513657,-0.076403087531034,0,0,10
"bivgauss",5e-05,1e+05,"hrv_full","0.05",FALSE,5.04202789970789e-05,-2.95688534422385e-05,NA,NA,NA,0.848698150887151,-0.144272300475421,-0.114385270645617,0,0,50
"bivgauss",5e-05,1e+05,"hrv_full","0.1",FALSE,4.24230411204541e-05,-2.63737430011213e-05,NA,NA,NA,0.848698150887151,-0.144272300475421,-0.114385270645617,0,0,50
"bivgauss",5e-05,1e+05,"hrv_full","0.01",FALSE,6.71851642315339e-05,-3.54751518087141e-05,NA,NA,NA,0.848698150887151,-0.144272300475421,-0.114385270645617,0,0,50
"bivgauss",5e-05,1e+05,"hrv_interior","0.05",TRUE,5.04202789970789e-05,-2.95688534422385e-05,NA,NA,NA,0.848698150887151,-0.144272300475421,-0.114385270645617,0,0,10
"bivgauss",5e-05,1e+05,"hrv_interior","0.1",TRUE,4.24230411204541e-05,-2.63737430011213e-05,NA,NA,NA,0.848698150887151,-0.144272300475421,-0.114385270645617,0,0,10
"bivgauss",5e-05,1e+05,"hrv_interior","0.01",TRUE,6.71851642315339e-05,-3.54751518087141e-05,NA,NA,NA,0.848698150887151,-0.144272300475421,-0.114385270645617,0,0,10
"bivgauss",5e-05,1e+05,"hrv_full","0.05",TRUE,5.34500046751019e-05,-3.33956167483034e-05,NA,NA,NA,0.891271847108907,-0.011376295406106,-0.0279730365277962,0,0,50
"bivgauss",5e-05,1e+05,"hrv_full","0.1",TRUE,4.56029077205625e-05,-2.96359815879633e-05,NA,NA,NA,0.891271847108907,-0.011376295406106,-0.0279730365277962,0,0,50
"bivgauss",5e-05,1e+05,"hrv_full","0.01",TRUE,7.17736193267321e-05,-3.99798557997715e-05,NA,NA,NA,0.891271847108907,-0.011376295406106,-0.0279730365277962,0,0,50
"bivgauss",5e-05,1e+05,"hrv_interior","0.05",TRUE,5.34500046751019e-05,-3.33956167483034e-05,NA,NA,NA,0.891271847108907,-0.011376295406106,-0.0279730365277962,0,0,10
"bivgauss",5e-05,1e+05,"hrv_interior","0.1",TRUE,4.56029077205625e-05,-2.96359815879633e-05,NA,NA,NA,0.891271847108907,-0.011376295406106,-0.0279730365277962,0,0,10
"bivgauss",5e-05,1e+05,"hrv_interior","0.01",TRUE,7.17736193267321e-05,-3.99798557997715e-05,NA,NA,NA,0.891271847108907,-0.011376295406106,-0.0279730365277962,0,0,10
"bivgauss",5e-05,1e+05,"hrv_full","0.05",TRUE,4.82783728707976e-05,-2.9674288396955e-05,NA,NA,NA,0.843752055634443,-0.0624230172111367,-0.0742216753463129,0,0,50
"bivgauss",5e-05,1e+05,"hrv_full","0.1",TRUE,4.14567520114833e-05,-2.62087651003517e-05,NA,NA,NA,0.843752055634443,-0.0624230172111367,-0.0742216753463129,0,0,50
"bivgauss",5e-05,1e+05,"hrv_full","0.01",TRUE,6.19813495560195e-05,-3.57044652796469e-05,NA,NA,NA,0.843752055634443,-0.0624230172111367,-0.0742216753463129,0,0,50
"bivgauss",5e-05,1e+05,"hrv_interior","0.05",TRUE,4.82783728707976e-05,-2.9674288396955e-05,NA,NA,NA,0.843752055634443,-0.0624230172111367,-0.0742216753463129,0,0,10
"bivgauss",5e-05,1e+05,"hrv_interior","0.1",TRUE,4.14567520114833e-05,-2.62087651003517e-05,NA,NA,NA,0.843752055634443,-0.0624230172111367,-0.0742216753463129,0,0,10
"bivgauss",5e-05,1e+05,"hrv_interior","0.01",TRUE,6.19813495560195e-05,-3.57044652796469e-05,NA,NA,NA,0.843752055634443,-0.0624230172111367,-0.0742216753463129,0,0,10
"bivgauss",5e-05,1e+05,"hrv_full","0.05",FALSE,4.92741920318922e-05,-3.02298397783168e-05,NA,NA,NA,0.846720133844018,-0.144948670149388,-0.152570814776838,0,0,50
"bivgauss",5e-05,1e+05,"hrv_full","0.1",FALSE,4.20618804379456e-05,-2.7077665101314e-05,NA,NA,NA,0.846720133844018,-0.144948670149388,-0.152570814776838,0,0,50
"bivgauss",5e-05,1e+05,"hrv_full","0.01",FALSE,6.62808713813446e-05,-3.69387755127745e-05,NA,NA,NA,0.846720133844018,-0.144948670149388,-0.152570814776838,0,0,50
"bivgauss",5e-05,1e+05,"hrv_interior","0.05",TRUE,4.92741920318922e-05,-3.02298397783168e-05,NA,NA,NA,0.846720133844018,-0.144948670149388,-0.152570814776838,0,0,10
"bivgauss",5e-05,1e+05,"hrv_interior","0.1",TRUE,4.20618804379456e-05,-2.7077665101314e-05,NA,NA,NA,0.846720133844018,-0.144948670149388,-0.152570814776838,0,0,10
"bivgauss",5e-05,1e+05,"hrv_interior","0.01",TRUE,6.62808713813446e-05,-3.69387755127745e-05,NA,NA,NA,0.846720133844018,-0.144948670149388,-0.152570814776838,0,0,10
"bivgauss",5e-05,1e+05,"hrv_full","0.05",TRUE,5.82554993416185e-05,-3.49694053642976e-05,NA,NA,NA,0.883075368453936,-0.106967109257464,-0.0336628113826692,0,0,50
"bivgauss",5e-05,1e+05,"hrv_full","0.1",TRUE,4.97335051978312e-05,-3.11536592884557e-05,NA,NA,NA,0.883075368453936,-0.106967109257464,-0.0336628113826692,0,0,50
"bivgauss",5e-05,1e+05,"hrv_full","0.01",TRUE,7.36917391398347e-05,-4.15298694307652e-05,NA,NA,NA,0.883075368453936,-0.106967109257464,-0.0336628113826692,0,0,50
"bivgauss",5e-05,1e+05,"hrv_interior","0.05",TRUE,5.82554993416185e-05,-3.49694053642976e-05,NA,NA,NA,0.883075368453936,-0.106967109257464,-0.0336628113826692,0,0,10
"bivgauss",5e-05,1e+05,"hrv_interior","0.1",TRUE,4.97335051978312e-05,-3.11536592884557e-05,NA,NA,NA,0.883075368453936,-0.106967109257464,-0.0336628113826692,0,0,10
"bivgauss",5e-05,1e+05,"hrv_interior","0.01",TRUE,7.36917391398347e-05,-4.15298694307652e-05,NA,NA,NA,0.883075368453936,-0.106967109257464,-0.0336628113826692,0,0,10
"bivgauss",5e-05,1e+05,"hrv_full","0.05",FALSE,4.77083159933212e-05,-3.00994474165336e-05,NA,NA,NA,0.831421798568423,0.0172555843166188,-0.107485604509142,0,0,50
"bivgauss",5e-05,1e+05,"hrv_full","0.1",FALSE,4.07781142395494e-05,-2.64957429491384e-05,NA,NA,NA,0.831421798568423,0.0172555843166188,-0.107485604509142,0,0,50
"bivgauss",5e-05,1e+05,"hrv_full","0.01",TRUE,6.46123813440533e-05,-3.47171858299747e-05,NA,NA,NA,0.831421798568423,0.0172555843166188,-0.107485604509142,0,0,50
"bivgauss",5e-05,1e+05,"hrv_interior","0.05",TRUE,4.77083159933212e-05,-3.00994474165336e-05,NA,NA,NA,0.831421798568423,0.0172555843166188,-0.107485604509142,0,0,10
"bivgauss",5e-05,1e+05,"hrv_interior","0.1",TRUE,4.07781142395494e-05,-2.64957429491384e-05,NA,NA,NA,0.831421798568423,0.0172555843166188,-0.107485604509142,0,0,10
"bivgauss",5e-05,1e+05,"hrv_interior","0.01",TRUE,6.46123813440533e-05,-3.47171858299747e-05,NA,NA,NA,0.831421798568423,0.0172555843166188,-0.107485604509142,0,0,10
"bivgauss",5e-05,1e+05,"hrv_full","0.05",FALSE,4.85843555685481e-05,-3.27036224782066e-05,NA,NA,NA,0.841232008258973,-0.0717197810465895,-0.113289397779792,0,0,50
"bivgauss",5e-05,1e+05,"hrv_full","0.1",FALSE,4.08967121795825e-05,-2.81255477181178e-05,NA,NA,NA,0.841232008258973,-0.0717197810465895,-0.113289397779792,0,0,50
"bivgauss",5e-05,1e+05,"hrv_full","0.01",TRUE,6.45678857128836e-05,-4.01572184801554e-05,NA,NA,NA,0.841232008258973,-0.0717197810465895,-0.113289397779792,0,0,50
"bivgauss",5e-05,1e+05,"hrv_interior","0.05",TRUE,4.85843555685481e-05,-3.27036224782066e-05,NA,NA,NA,0.841232008258973,-0.0717197810465895,-0.113289397779792,0,0,10
"bivgauss",5e-05,1e+05,"hrv_interior","0.1",TRUE,4.08967121795825e-05,-2.81255477181178e-05,NA,NA,NA,0.841232008258973,-0.0717197810465895,-0.113289397779792,0,0,10
"bivgauss",5e-05,1e+05,"hrv_interior","0.01",TRUE,6.45678857128836e-05,-4.01572184801554e-05,NA,NA,NA,0.841232008258973,-0.0717197810465895,-0.113289397779792,0,0,10
"bivgauss",5e-05,1e+05,"hrv_full","0.05",TRUE,5.30761654691684e-05,-3.24676565309343e-05,NA,NA,NA,0.810365446570852,-0.122986031856813,-0.122264813895891,0,0,50
"bivgauss",5e-05,1e+05,"hrv_full","0.1",FALSE,4.43652277654571e-05,-2.87977062159012e-05,NA,NA,NA,0.810365446570852,-0.122986031856813,-0.122264813895891,0,0,50
"bivgauss",5e-05,1e+05,"hrv_full","0.01",TRUE,6.98723324076053e-05,-3.91027582507398e-05,NA,NA,NA,0.810365446570852,-0.122986031856813,-0.122264813895891,0,0,50
"bivgauss",5e-05,1e+05,"hrv_interior","0.05",TRUE,5.30761654691684e-05,-3.24676565309343e-05,NA,NA,NA,0.810365446570852,-0.122986031856813,-0.122264813895891,0,0,10
"bivgauss",5e-05,1e+05,"hrv_interior","0.1",TRUE,4.43652277654571e-05,-2.87977062159012e-05,NA,NA,NA,0.810365446570852,-0.122986031856813,-0.122264813895891,0,0,10
"bivgauss",5e-05,1e+05,"hrv_interior","0.01",TRUE,6.98723324076053e-05,-3.91027582507398e-05,NA,NA,NA,0.810365446570852,-0.122986031856813,-0.122264813895891,0,0,10
"bivgauss",5e-05,1e+05,"hrv_full","0.05",TRUE,5.85459647303568e-05,-3.2314690888082e-05,NA,NA,NA,0.801089556418237,-0.0494206698865916,-0.0854608991367438,0,0,50
"bivgauss",5e-05,1e+05,"hrv_full","0.1",FALSE,4.80064236008091e-05,-2.90788954922474e-05,NA,NA,NA,0.801089556418237,-0.0494206698865916,-0.0854608991367438,0,0,50
"bivgauss",5e-05,1e+05,"hrv_full","0.01",TRUE,8.01963867483064e-05,-3.77550951654737e-05,NA,NA,NA,0.801089556418237,-0.0494206698865916,-0.0854608991367438,0,0,50
"bivgauss",5e-05,1e+05,"hrv_interior","0.05",TRUE,5.85459647303568e-05,-3.2314690888082e-05,NA,NA,NA,0.801089556418237,-0.0494206698865916,-0.0854608991367438,0,0,10
"bivgauss",5e-05,1e+05,"hrv_interior","0.1",TRUE,4.80064236008091e-05,-2.90788954922474e-05,NA,NA,NA,0.801089556418237,-0.0494206698865916,-0.0854608991367438,0,0,10
"bivgauss",5e-05,1e+05,"hrv_interior","0.01",TRUE,8.01963867483064e-05,-3.77550951654737e-05,NA,NA,NA,0.801089556418237,-0.0494206698865916,-0.0854608991367438,0,0,10
"bivgauss",5e-05,1e+05,"hrv_full","0.05",TRUE,5.95741658941412e-05,-3.88311648340895e-05,NA,NA,NA,0.824867281179276,-0.0300024323255307,-0.0561511261139788,0,0,50
"bivgauss",5e-05,1e+05,"hrv_full","0.1",TRUE,5.00494062734376e-05,-3.41520098544233e-05,NA,NA,NA,0.824867281179276,-0.0300024323255307,-0.0561511261139788,0,0,50
"bivgauss",5e-05,1e+05,"hrv_full","0.01",TRUE,7.82545286484268e-05,-4.44759460038289e-05,NA,NA,NA,0.824867281179276,-0.0300024323255307,-0.0561511261139788,0,0,50
"bivgauss",5e-05,1e+05,"hrv_interior","0.05",TRUE,5.95741658941412e-05,-3.88311648340895e-05,NA,NA,NA,0.824867281179276,-0.0300024323255307,-0.0561511261139788,0,0,10
"bivgauss",5e-05,1e+05,"hrv_interior","0.1",TRUE,5.00494062734376e-05,-3.41520098544233e-05,NA,NA,NA,0.824867281179276,-0.0300024323255307,-0.0561511261139788,0,0,10
"bivgauss",5e-05,1e+05,"hrv_interior","0.01",TRUE,7.82545286484268e-05,-4.44759460038289e-05,NA,NA,NA,0.824867281179276,-0.0300024323255307,-0.0561511261139788,0,0,10
"bivgauss",5e-05,1e+05,"hrv_full","0.05",FALSE,5.38009165527174e-05,-3.39877190189683e-05,NA,NA,NA,0.822365064973742,-0.195829839664338,-0.203047318426818,0,0,50
"bivgauss",5e-05,1e+05,"hrv_full","0.1",FALSE,4.63479947205319e-05,-2.99747868663629e-05,NA,NA,NA,0.822365064973742,-0.195829839664338,-0.203047318426818,0,0,50
"bivgauss",5e-05,1e+05,"hrv_full","0.01",FALSE,7.13498073915669e-05,-4.01414109658651e-05,NA,NA,NA,0.822365064973742,-0.195829839664338,-0.203047318426818,0,0,50
"bivgauss",5e-05,1e+05,"hrv_interior","0.05",FALSE,5.38009165527174e-05,-3.39877190189683e-05,NA,NA,NA,0.822365064973742,-0.195829839664338,-0.203047318426818,0,0,10
"bivgauss",5e-05,1e+05,"hrv_interior","0.1",FALSE,4.63479947205319e-05,-2.99747868663629e-05,NA,NA,NA,0.822365064973742,-0.195829839664338,-0.203047318426818,0,0,10
"bivgauss",5e-05,1e+05,"hrv_interior","0.01",TRUE,7.13498073915669e-05,-4.01414109658651e-05,NA,NA,NA,0.822365064973742,-0.195829839664338,-0.203047318426818,0,0,10
"bivgauss",5e-05,1e+05,"hrv_full","0.05",FALSE,5.44073215778673e-05,-3.13840026622453e-05,NA,NA,NA,0.808944702699782,-0.0305848132970303,-0.109709612360342,0,0,50
"bivgauss",5e-05,1e+05,"hrv_full","0.1",FALSE,4.57385139904313e-05,-2.82745928414481e-05,NA,NA,NA,0.808944702699782,-0.0305848132970303,-0.109709612360342,0,0,50
"bivgauss",5e-05,1e+05,"hrv_full","0.01",FALSE,7.19819125655667e-05,-3.75417448003117e-05,NA,NA,NA,0.808944702699782,-0.0305848132970303,-0.109709612360342,0,0,50
"bivgauss",5e-05,1e+05,"hrv_interior","0.05",TRUE,5.44073215778673e-05,-3.13840026622453e-05,NA,NA,NA,0.808944702699782,-0.0305848132970303,-0.109709612360342,0,0,10
"bivgauss",5e-05,1e+05,"hrv_interior","0.1",TRUE,4.57385139904313e-05,-2.82745928414481e-05,NA,NA,NA,0.808944702699782,-0.0305848132970303,-0.109709612360342,0,0,10
"bivgauss",5e-05,1e+05,"hrv_interior","0.01",TRUE,7.19819125655667e-05,-3.75417448003117e-05,NA,NA,NA,0.808944702699782,-0.0305848132970303,-0.109709612360342,0,0,10
"bivgauss",5e-05,1e+05,"hrv_full","0.05",FALSE,5.71703514713206e-05,-3.33431991316529e-05,NA,NA,NA,0.881950905923166,-0.00219965897651306,-0.0581478530409861,0,0,50
"bivgauss",5e-05,1e+05,"hrv_full","0.1",FALSE,4.77683659495899e-05,-3.0062997683518e-05,NA,NA,NA,0.881950905923166,-0.00219965897651306,-0.0581478530409861,0,0,50
"bivgauss",5e-05,1e+05,"hrv_full","0.01",TRUE,7.34644704716993e-05,-4.07375397288638e-05,NA,NA,NA,0.881950905923166,-0.00219965897651306,-0.0581478530409861,0,0,50
"bivgauss",5e-05,1e+05,"hrv_interior","0.05",FALSE,5.71703514713206e-05,-3.33431991316529e-05,NA,NA,NA,0.881950905923166,-0.00219965897651306,-0.0581478530409861,0,0,10
"bivgauss",5e-05,1e+05,"hrv_interior","0.1",FALSE,4.77683659495899e-05,-3.0062997683518e-05,NA,NA,NA,0.881950905923166,-0.00219965897651306,-0.0581478530409861,0,0,10
"bivgauss",5e-05,1e+05,"hrv_interior","0.01",TRUE,7.34644704716993e-05,-4.07375397288638e-05,NA,NA,NA,0.881950905923166,-0.00219965897651306,-0.0581478530409861,0,0,10
"bivgauss",5e-05,1e+05,"hrv_full","0.05",FALSE,5.38368086961085e-05,-3.31077274098142e-05,NA,NA,NA,0.869011002830423,-0.0654630949686154,-0.136205380725486,0,0,50
"bivgauss",5e-05,1e+05,"hrv_full","0.1",FALSE,4.65799540911229e-05,-2.9621941594126e-05,NA,NA,NA,0.869011002830423,-0.0654630949686154,-0.136205380725486,0,0,50
"bivgauss",5e-05,1e+05,"hrv_full","0.01",TRUE,7.02723142377058e-05,-3.96698886043137e-05,NA,NA,NA,0.869011002830423,-0.0654630949686154,-0.136205380725486,0,0,50
"bivgauss",5e-05,1e+05,"hrv_interior","0.05",TRUE,5.38368086961085e-05,-3.31077274098142e-05,NA,NA,NA,0.869011002830423,-0.0654630949686154,-0.136205380725486,0,0,10
"bivgauss",5e-05,1e+05,"hrv_interior","0.1",TRUE,4.65799540911229e-05,-2.9621941594126e-05,NA,NA,NA,0.869011002830423,-0.0654630949686154,-0.136205380725486,0,0,10
"bivgauss",5e-05,1e+05,"hrv_interior","0.01",TRUE,7.02723142377058e-05,-3.96698886043137e-05,NA,NA,NA,0.869011002830423,-0.0654630949686154,-0.136205380725486,0,0,10
"bivgauss",5e-05,1e+05,"hrv_full","0.05",FALSE,5.2544518396303e-05,-3.34914287908294e-05,NA,NA,NA,0.814158944629479,-0.167957651989243,-0.156493719748023,0,0,50
"bivgauss",5e-05,1e+05,"hrv_full","0.1",FALSE,4.54005305369475e-05,-2.89957959507899e-05,NA,NA,NA,0.814158944629479,-0.167957651989243,-0.156493719748023,0,0,50
"bivgauss",5e-05,1e+05,"hrv_full","0.01",FALSE,6.57121810654255e-05,-3.90928200965684e-05,NA,NA,NA,0.814158944629479,-0.167957651989243,-0.156493719748023,0,0,50
"bivgauss",5e-05,1e+05,"hrv_interior","0.05",TRUE,5.2544518396303e-05,-3.34914287908294e-05,NA,NA,NA,0.814158944629479,-0.167957651989243,-0.156493719748023,0,0,10
"bivgauss",5e-05,1e+05,"hrv_interior","0.1",TRUE,4.54005305369475e-05,-2.89957959507899e-05,NA,NA,NA,0.814158944629479,-0.167957651989243,-0.156493719748023,0,0,10
"bivgauss",5e-05,1e+05,"hrv_interior","0.01",TRUE,6.57121810654255e-05,-3.90928200965684e-05,NA,NA,NA,0.814158944629479,-0.167957651989243,-0.156493719748023,0,0,10
"bivgauss",5e-05,1e+05,"hrv_full","0.05",FALSE,4.9328982358824e-05,-3.05815967616954e-05,NA,NA,NA,0.837799584051273,-0.105705486729871,-0.185580417139721,0,0,50
"bivgauss",5e-05,1e+05,"hrv_full","0.1",FALSE,4.16800703873395e-05,-2.72657504625199e-05,NA,NA,NA,0.837799584051273,-0.105705486729871,-0.185580417139721,0,0,50
"bivgauss",5e-05,1e+05,"hrv_full","0.01",FALSE,6.61434977638692e-05,-3.64072015882378e-05,NA,NA,NA,0.837799584051273,-0.105705486729871,-0.185580417139721,0,0,50
"bivgauss",5e-05,1e+05,"hrv_interior","0.05",TRUE,4.9328982358824e-05,-3.05815967616954e-05,NA,NA,NA,0.837799584051273,-0.105705486729871,-0.185580417139721,0,0,10
"bivgauss",5e-05,1e+05,"hrv_interior","0.1",FALSE,4.16800703873395e-05,-2.72657504625199e-05,NA,NA,NA,0.837799584051273,-0.105705486729871,-0.185580417139721,0,0,10
"bivgauss",5e-05,1e+05,"hrv_interior","0.01",TRUE,6.61434977638692e-05,-3.64072015882378e-05,NA,NA,NA,0.837799584051273,-0.105705486729871,-0.185580417139721,0,0,10
"bivgauss",5e-05,1e+05,"hrv_full","0.05",FALSE,5.03133207593328e-05,-3.10367251126725e-05,NA,NA,NA,0.767228426902868,-0.0659728031601896,-0.123270522649458,0,0,50
"bivgauss",5e-05,1e+05,"hrv_full","0.1",FALSE,4.27682013593567e-05,-2.70623417433611e-05,NA,NA,NA,0.767228426902868,-0.0659728031601896,-0.123270522649458,0,0,50
"bivgauss",5e-05,1e+05,"hrv_full","0.01",FALSE,6.72131163466629e-05,-3.78578285778441e-05,NA,NA,NA,0.767228426902868,-0.0659728031601896,-0.123270522649458,0,0,50
"bivgauss",5e-05,1e+05,"hrv_interior","0.05",FALSE,5.03133207593328e-05,-3.10367251126725e-05,NA,NA,NA,0.767228426902868,-0.0659728031601896,-0.123270522649458,0,0,10
"bivgauss",5e-05,1e+05,"hrv_interior","0.1",FALSE,4.27682013593567e-05,-2.70623417433611e-05,NA,NA,NA,0.767228426902868,-0.0659728031601896,-0.123270522649458,0,0,10
"bivgauss",5e-05,1e+05,"hrv_interior","0.01",TRUE,6.72131163466629e-05,-3.78578285778441e-05,NA,NA,NA,0.767228426902868,-0.0659728031601896,-0.123270522649458,0,0,10
"bivgauss",5e-05,1e+05,"hrv_full","0.05",FALSE,5.00178369174709e-05,-3.23203099134708e-05,NA,NA,NA,0.823416690476492,-0.152341752271052,-0.148890471495654,0,0,50
"bivgauss",5e-05,1e+05,"hrv_full","0.1",FALSE,4.309652154508e-05,-2.87257846115731e-05,NA,NA,NA,0.823416690476492,-0.152341752271052,-0.148890471495654,0,0,50
"bivgauss",5e-05,1e+05,"hrv_full","0.01",TRUE,6.24358819733288e-05,-3.74960779993465e-05,NA,NA,NA,0.823416690476492,-0.152341752271052,-0.148890471495654,0,0,50
"bivgauss",5e-05,1e+05,"hrv_interior","0.05",TRUE,5.00178369174709e-05,-3.23203099134708e-05,NA,NA,NA,0.823416690476492,-0.152341752271052,-0.148890471495654,0,0,10
"bivgauss",5e-05,1e+05,"hrv_interior","0.1",TRUE,4.309652154508e-05,-2.87257846115731e-05,NA,NA,NA,0.823416690476492,-0.152341752271052,-0.148890471495654,0,0,10
"bivgauss",5e-05,1e+05,"hrv_interior","0.01",TRUE,6.24358819733288e-05,-3.74960779993465e-05,NA,NA,NA,0.823416690476492,-0.152341752271052,-0.148890471495654,0,0,10
"bivgauss",5e-05,1e+05,"hrv_full","0.05",FALSE,4.93447293176288e-05,-3.07384854524159e-05,NA,NA,NA,0.851260868484793,-0.151473131829874,-0.0556847893652095,0,0,50
"bivgauss",5e-05,1e+05,"hrv_full","0.1",FALSE,4.27327639613007e-05,-2.75924375151378e-05,NA,NA,NA,0.851260868484793,-0.151473131829874,-0.0556847893652095,0,0,50
"bivgauss",5e-05,1e+05,"hrv_full","0.01",TRUE,6.48639669447752e-05,-3.65460970272654e-05,NA,NA,NA,0.851260868484793,-0.151473131829874,-0.0556847893652095,0,0,50
"bivgauss",5e-05,1e+05,"hrv_interior","0.05",TRUE,4.93447293176288e-05,-3.07384854524159e-05,NA,NA,NA,0.851260868484793,-0.151473131829874,-0.0556847893652095,0,0,10
"bivgauss",5e-05,1e+05,"hrv_interior","0.1",TRUE,4.27327639613007e-05,-2.75924375151378e-05,NA,NA,NA,0.851260868484793,-0.151473131829874,-0.0556847893652095,0,0,10
"bivgauss",5e-05,1e+05,"hrv_interior","0.01",TRUE,6.48639669447752e-05,-3.65460970272654e-05,NA,NA,NA,0.851260868484793,-0.151473131829874,-0.0556847893652095,0,0,10
"bivgauss",5e-05,1e+05,"hrv_full","0.05",TRUE,5.16542956126674e-05,-2.96772454349029e-05,NA,NA,NA,0.828000624310595,-0.0578939987657717,-0.0508201376702022,0,0,50
"bivgauss",5e-05,1e+05,"hrv_full","0.1",TRUE,4.28781240575908e-05,-2.68598223966871e-05,NA,NA,NA,0.828000624310595,-0.0578939987657717,-0.0508201376702022,0,0,50
"bivgauss",5e-05,1e+05,"hrv_full","0.01",TRUE,6.98043022312585e-05,-3.57787278980059e-05,NA,NA,NA,0.828000624310595,-0.0578939987657717,-0.0508201376702022,0,0,50
"bivgauss",5e-05,1e+05,"hrv_interior","0.05",TRUE,5.16542956126674e-05,-2.96772454349029e-05,NA,NA,NA,0.828000624310595,-0.0578939987657717,-0.0508201376702022,0,0,10
"bivgauss",5e-05,1e+05,"hrv_interior","0.1",TRUE,4.28781240575908e-05,-2.68598223966871e-05,NA,NA,NA,0.828000624310595,-0.0578939987657717,-0.0508201376702022,0,0,10
"bivgauss",5e-05,1e+05,"hrv_interior","0.01",TRUE,6.98043022312585e-05,-3.57787278980059e-05,NA,NA,NA,0.828000624310595,-0.0578939987657717,-0.0508201376702022,0,0,10
"bivgauss",5e-05,1e+05,"hrv_full","0.05",FALSE,5.66705922922554e-05,-3.62729726313072e-05,NA,NA,NA,0.806297016879429,0.00531861222368136,-0.0563638585118751,0,0,50
"bivgauss",5e-05,1e+05,"hrv_full","0.1",FALSE,4.75044567764262e-05,-3.19594462430311e-05,NA,NA,NA,0.806297016879429,0.00531861222368136,-0.0563638585118751,0,0,50
"bivgauss",5e-05,1e+05,"hrv_full","0.01",TRUE,7.40780776938487e-05,-4.18173786995744e-05,NA,NA,NA,0.806297016879429,0.00531861222368136,-0.0563638585118751,0,0,50
"bivgauss",5e-05,1e+05,"hrv_interior","0.05",TRUE,5.66705922922554e-05,-3.62729726313072e-05,NA,NA,NA,0.806297016879429,0.00531861222368136,-0.0563638585118751,0,0,10
"bivgauss",5e-05,1e+05,"hrv_interior","0.1",TRUE,4.75044567764262e-05,-3.19594462430311e-05,NA,NA,NA,0.806297016879429,0.00531861222368136,-0.0563638585118751,0,0,10
"bivgauss",5e-05,1e+05,"hrv_interior","0.01",TRUE,7.40780776938487e-05,-4.18173786995744e-05,NA,NA,NA,0.806297016879429,0.00531861222368136,-0.0563638585118751,0,0,10
"bivgauss",5e-05,1e+05,"hrv_full","0.05",FALSE,6.28515999378847e-05,-3.51371386858323e-05,NA,NA,NA,0.781496362888102,-0.0749407806251332,-0.0674013528591466,0,0,50
"bivgauss",5e-05,1e+05,"hrv_full","0.1",FALSE,5.34310179068099e-05,-3.15132267310259e-05,NA,NA,NA,0.781496362888102,-0.0749407806251332,-0.0674013528591466,0,0,50
"bivgauss",5e-05,1e+05,"hrv_full","0.01",TRUE,8.2018891112963e-05,-3.96899599082298e-05,NA,NA,NA,0.781496362888102,-0.0749407806251332,-0.0674013528591466,0,0,50
"bivgauss",5e-05,1e+05,"hrv_interior","0.05",TRUE,6.28515999378847e-05,-3.51371386858323e-05,NA,NA,NA,0.781496362888102,-0.0749407806251332,-0.0674013528591466,0,0,10
"bivgauss",5e-05,1e+05,"hrv_interior","0.1",TRUE,5.34310179068099e-05,-3.15132267310259e-05,NA,NA,NA,0.781496362888102,-0.0749407806251332,-0.0674013528591466,0,0,10
"bivgauss",5e-05,1e+05,"hrv_interior","0.01",TRUE,8.2018891112963e-05,-3.96899599082298e-05,NA,NA,NA,0.781496362888102,-0.0749407806251332,-0.0674013528591466,0,0,10
"bivgauss",5e-05,1e+05,"hrv_full","0.05",FALSE,5.42284981776245e-05,-3.34578120434007e-05,NA,NA,NA,0.836144847246056,-0.327458850116876,-0.102162580772048,0,0,50
"bivgauss",5e-05,1e+05,"hrv_full","0.1",FALSE,4.59844912409433e-05,-2.96434066533472e-05,NA,NA,NA,0.836144847246056,-0.327458850116876,-0.102162580772048,0,0,50
"bivgauss",5e-05,1e+05,"hrv_full","0.01",FALSE,6.9395502994313e-05,-4.01748458798059e-05,NA,NA,NA,0.836144847246056,-0.327458850116876,-0.102162580772048,0,0,50
"bivgauss",5e-05,1e+05,"hrv_interior","0.05",TRUE,5.42284981776245e-05,-3.34578120434007e-05,NA,NA,NA,0.836144847246056,-0.327458850116876,-0.102162580772048,0,0,10
"bivgauss",5e-05,1e+05,"hrv_interior","0.1",FALSE,4.59844912409433e-05,-2.96434066533472e-05,NA,NA,NA,0.836144847246056,-0.327458850116876,-0.102162580772048,0,0,10
"bivgauss",5e-05,1e+05,"hrv_interior","0.01",TRUE,6.9395502994313e-05,-4.01748458798059e-05,NA,NA,NA,0.836144847246056,-0.327458850116876,-0.102162580772048,0,0,10
"bivgauss",5e-05,1e+05,"hrv_full","0.05",FALSE,5.55502178219311e-05,-3.28984068176904e-05,NA,NA,NA,0.841586061525082,-0.0335084250944833,-0.175491612098334,0,0,50
"bivgauss",5e-05,1e+05,"hrv_full","0.1",FALSE,4.64840861582825e-05,-2.9263661278142e-05,NA,NA,NA,0.841586061525082,-0.0335084250944833,-0.175491612098334,0,0,50
"bivgauss",5e-05,1e+05,"hrv_full","0.01",TRUE,7.48656437977904e-05,-3.88239344642952e-05,NA,NA,NA,0.841586061525082,-0.0335084250944833,-0.175491612098334,0,0,50
"bivgauss",5e-05,1e+05,"hrv_interior","0.05",TRUE,5.55502178219311e-05,-3.28984068176904e-05,NA,NA,NA,0.841586061525082,-0.0335084250944833,-0.175491612098334,0,0,10
"bivgauss",5e-05,1e+05,"hrv_interior","0.1",TRUE,4.64840861582825e-05,-2.9263661278142e-05,NA,NA,NA,0.841586061525082,-0.0335084250944833,-0.175491612098334,0,0,10
"bivgauss",5e-05,1e+05,"hrv_interior","0.01",TRUE,7.48656437977904e-05,-3.88239344642952e-05,NA,NA,NA,0.841586061525082,-0.0335084250944833,-0.175491612098334,0,0,10
"bivgauss",5e-05,1e+05,"hrv_full","0.05",FALSE,5.48553820306237e-05,-3.25863764516566e-05,NA,NA,NA,0.743936837043826,-0.0985725234706391,-0.0373346967685442,0,0,50
"bivgauss",5e-05,1e+05,"hrv_full","0.1",FALSE,4.66911181003405e-05,-2.94777688449859e-05,NA,NA,NA,0.743936837043826,-0.0985725234706391,-0.0373346967685442,0,0,50
"bivgauss",5e-05,1e+05,"hrv_full","0.01",FALSE,7.64755011220214e-05,-3.95407016489001e-05,NA,NA,NA,0.743936837043826,-0.0985725234706391,-0.0373346967685442,0,0,50
"bivgauss",5e-05,1e+05,"hrv_interior","0.05",TRUE,5.48553820306237e-05,-3.25863764516566e-05,NA,NA,NA,0.743936837043826,-0.0985725234706391,-0.0373346967685442,0,0,10
"bivgauss",5e-05,1e+05,"hrv_interior","0.1",TRUE,4.66911181003405e-05,-2.94777688449859e-05,NA,NA,NA,0.743936837043826,-0.0985725234706391,-0.0373346967685442,0,0,10
"bivgauss",5e-05,1e+05,"hrv_interior","0.01",TRUE,7.64755011220214e-05,-3.95407016489001e-05,NA,NA,NA,0.743936837043826,-0.0985725234706391,-0.0373346967685442,0,0,10
"bivgauss",5e-05,1e+05,"hrv_full","0.05",TRUE,5.72842209303178e-05,-3.28131873963735e-05,NA,NA,NA,0.849235369821566,-0.0995515084070432,0.0382301891994397,0,0,50
"bivgauss",5e-05,1e+05,"hrv_full","0.1",TRUE,4.89722936952269e-05,-2.95895382475634e-05,NA,NA,NA,0.849235369821566,-0.0995515084070432,0.0382301891994397,0,0,50
"bivgauss",5e-05,1e+05,"hrv_full","0.01",TRUE,7.29151821752922e-05,-3.9550746457702e-05,NA,NA,NA,0.849235369821566,-0.0995515084070432,0.0382301891994397,0,0,50
"bivgauss",5e-05,1e+05,"hrv_interior","0.05",TRUE,5.72842209303178e-05,-3.28131873963735e-05,NA,NA,NA,0.849235369821566,-0.0995515084070432,0.0382301891994397,0,0,10
"bivgauss",5e-05,1e+05,"hrv_interior","0.1",TRUE,4.89722936952269e-05,-2.95895382475634e-05,NA,NA,NA,0.849235369821566,-0.0995515084070432,0.0382301891994397,0,0,10
"bivgauss",5e-05,1e+05,"hrv_interior","0.01",TRUE,7.29151821752922e-05,-3.9550746457702e-05,NA,NA,NA,0.849235369821566,-0.0995515084070432,0.0382301891994397,0,0,10
"bivgauss",5e-05,1e+05,"hrv_full","0.05",FALSE,4.73089084885507e-05,-2.94990652786613e-05,NA,NA,NA,0.840908410030604,-0.216595523088906,-0.0585714845455493,0,0,50
"bivgauss",5e-05,1e+05,"hrv_full","0.1",FALSE,4.04674830592576e-05,-2.61003640893694e-05,NA,NA,NA,0.840908410030604,-0.216595523088906,-0.0585714845455493,0,0,50
"bivgauss",5e-05,1e+05,"hrv_full","0.01",FALSE,6.19710039236393e-05,-3.45010584253077e-05,NA,NA,NA,0.840908410030604,-0.216595523088906,-0.0585714845455493,0,0,50
"bivgauss",5e-05,1e+05,"hrv_interior","0.05",TRUE,4.73089084885507e-05,-2.94990652786613e-05,NA,NA,NA,0.840908410030604,-0.216595523088906,-0.0585714845455493,0,0,10
"bivgauss",5e-05,1e+05,"hrv_interior","0.1",TRUE,4.04674830592576e-05,-2.61003640893694e-05,NA,NA,NA,0.840908410030604,-0.216595523088906,-0.0585714845455493,0,0,10
"bivgauss",5e-05,1e+05,"hrv_interior","0.01",TRUE,6.19710039236393e-05,-3.45010584253077e-05,NA,NA,NA,0.840908410030604,-0.216595523088906,-0.0585714845455493,0,0,10
"bivgauss",5e-05,1e+05,"hrv_full","0.05",FALSE,4.97762796058762e-05,-3.10352151842852e-05,NA,NA,NA,0.808015779095852,-0.117503511932223,-0.11322532620637,0,0,50
"bivgauss",5e-05,1e+05,"hrv_full","0.1",FALSE,4.29169152273362e-05,-2.77189893072622e-05,NA,NA,NA,0.808015779095852,-0.117503511932223,-0.11322532620637,0,0,50
"bivgauss",5e-05,1e+05,"hrv_full","0.01",FALSE,6.38600203250402e-05,-3.83087416583831e-05,NA,NA,NA,0.808015779095852,-0.117503511932223,-0.11322532620637,0,0,50
"bivgauss",5e-05,1e+05,"hrv_interior","0.05",TRUE,4.97762796058762e-05,-3.10352151842852e-05,NA,NA,NA,0.808015779095852,-0.117503511932223,-0.11322532620637,0,0,10
"bivgauss",5e-05,1e+05,"hrv_interior","0.1",TRUE,4.29169152273362e-05,-2.77189893072622e-05,NA,NA,NA,0.808015779095852,-0.117503511932223,-0.11322532620637,0,0,10
"bivgauss",5e-05,1e+05,"hrv_interior","0.01",TRUE,6.38600203250402e-05,-3.83087416583831e-05,NA,NA,NA,0.808015779095852,-0.117503511932223,-0.11322532620637,0,0,10
"bivgauss",5e-05,1e+05,"hrv_full","0.05",FALSE,5.07003653028389e-05,-3.03902618531254e-05,NA,NA,NA,0.779305209638132,-0.0292256250990069,-0.118532511240709,0,0,50
"bivgauss",5e-05,1e+05,"hrv_full","0.1",FALSE,4.37999068208154e-05,-2.69556548174653e-05,NA,NA,NA,0.779305209638132,-0.0292256250990069,-0.118532511240709,0,0,50
"bivgauss",5e-05,1e+05,"hrv_full","0.01",TRUE,6.79836988245268e-05,-3.64782896262666e-05,NA,NA,NA,0.779305209638132,-0.0292256250990069,-0.118532511240709,0,0,50
"bivgauss",5e-05,1e+05,"hrv_interior","0.05",TRUE,5.07003653028389e-05,-3.03902618531254e-05,NA,NA,NA,0.779305209638132,-0.0292256250990069,-0.118532511240709,0,0,10
"bivgauss",5e-05,1e+05,"hrv_interior","0.1",TRUE,4.37999068208154e-05,-2.69556548174653e-05,NA,NA,NA,0.779305209638132,-0.0292256250990069,-0.118532511240709,0,0,10
"bivgauss",5e-05,1e+05,"hrv_interior","0.01",TRUE,6.79836988245268e-05,-3.64782896262666e-05,NA,NA,NA,0.779305209638132,-0.0292256250990069,-0.118532511240709,0,0,10
"bivgauss",5e-05,1e+05,"hrv_full","0.05",FALSE,5.21274430389135e-05,-3.23580358290567e-05,NA,NA,NA,0.81612097900466,-0.0501144926379127,-0.0710266896336253,0,0,50
"bivgauss",5e-05,1e+05,"hrv_full","0.1",FALSE,4.41854482936014e-05,-2.91926898611117e-05,NA,NA,NA,0.81612097900466,-0.0501144926379127,-0.0710266896336253,0,0,50
"bivgauss",5e-05,1e+05,"hrv_full","0.01",TRUE,6.75268504632948e-05,-3.93868219608181e-05,NA,NA,NA,0.81612097900466,-0.0501144926379127,-0.0710266896336253,0,0,50
"bivgauss",5e-05,1e+05,"hrv_interior","0.05",TRUE,5.21274430389135e-05,-3.23580358290567e-05,NA,NA,NA,0.81612097900466,-0.0501144926379127,-0.0710266896336253,0,0,10
"bivgauss",5e-05,1e+05,"hrv_interior","0.1",TRUE,4.41854482936014e-05,-2.91926898611117e-05,NA,NA,NA,0.81612097900466,-0.0501144926379127,-0.0710266896336253,0,0,10
"bivgauss",5e-05,1e+05,"hrv_interior","0.01",TRUE,6.75268504632948e-05,-3.93868219608181e-05,NA,NA,NA,0.81612097900466,-0.0501144926379127,-0.0710266896336253,0,0,10
"bivgauss",5e-05,1e+05,"hrv_full","0.05",FALSE,5.43240841593012e-05,-3.22381435199705e-05,NA,NA,NA,0.822630037565963,-0.0414591661796978,-0.138105995345873,0,0,50
"bivgauss",5e-05,1e+05,"hrv_full","0.1",FALSE,4.55238089001131e-05,-2.88273750299606e-05,NA,NA,NA,0.822630037565963,-0.0414591661796978,-0.138105995345873,0,0,50
"bivgauss",5e-05,1e+05,"hrv_full","0.01",TRUE,6.87759822011242e-05,-3.90533318325859e-05,NA,NA,NA,0.822630037565963,-0.0414591661796978,-0.138105995345873,0,0,50
"bivgauss",5e-05,1e+05,"hrv_interior","0.05",TRUE,5.43240841593012e-05,-3.22381435199705e-05,NA,NA,NA,0.822630037565963,-0.0414591661796978,-0.138105995345873,0,0,10
"bivgauss",5e-05,1e+05,"hrv_interior","0.1",TRUE,4.55238089001131e-05,-2.88273750299606e-05,NA,NA,NA,0.822630037565963,-0.0414591661796978,-0.138105995345873,0,0,10
"bivgauss",5e-05,1e+05,"hrv_interior","0.01",TRUE,6.87759822011242e-05,-3.90533318325859e-05,NA,NA,NA,0.822630037565963,-0.0414591661796978,-0.138105995345873,0,0,10
"bivgauss",5e-05,1e+05,"hrv_full","0.05",FALSE,4.40393291410638e-05,-2.82248755039819e-05,NA,NA,NA,0.776513783301816,-0.0508692450386694,-0.143605278919248,0,0,50
"bivgauss",5e-05,1e+05,"hrv_full","0.1",FALSE,3.77357418150299e-05,-2.52282622377517e-05,NA,NA,NA,0.776513783301816,-0.0508692450386694,-0.143605278919248,0,0,50
"bivgauss",5e-05,1e+05,"hrv_full","0.01",FALSE,5.7220589473391e-05,-3.40892025750311e-05,NA,NA,NA,0.776513783301816,-0.0508692450386694,-0.143605278919248,0,0,50
"bivgauss",5e-05,1e+05,"hrv_interior","0.05",TRUE,4.40393291410638e-05,-2.82248755039819e-05,NA,NA,NA,0.776513783301816,-0.0508692450386694,-0.143605278919248,0,0,10
"bivgauss",5e-05,1e+05,"hrv_interior","0.1",TRUE,3.77357418150299e-05,-2.52282622377517e-05,NA,NA,NA,0.776513783301816,-0.0508692450386694,-0.143605278919248,0,0,10
"bivgauss",5e-05,1e+05,"hrv_interior","0.01",TRUE,5.7220589473391e-05,-3.40892025750311e-05,NA,NA,NA,0.776513783301816,-0.0508692450386694,-0.143605278919248,0,0,10
"bivgauss",5e-05,1e+05,"hrv_full","0.05",FALSE,4.94481770730726e-05,-3.13468017143295e-05,NA,NA,NA,0.827861658784118,-0.0101749374842439,-0.0937686551263541,0,0,50
"bivgauss",5e-05,1e+05,"hrv_full","0.1",FALSE,4.23782376185667e-05,-2.76144637129832e-05,NA,NA,NA,0.827861658784118,-0.0101749374842439,-0.0937686551263541,0,0,50
"bivgauss",5e-05,1e+05,"hrv_full","0.01",FALSE,6.38448503475009e-05,-3.8386617773258e-05,NA,NA,NA,0.827861658784118,-0.0101749374842439,-0.0937686551263541,0,0,50
"bivgauss",5e-05,1e+05,"hrv_interior","0.05",TRUE,4.94481770730726e-05,-3.13468017143295e-05,NA,NA,NA,0.827861658784118,-0.0101749374842439,-0.0937686551263541,0,0,10
"bivgauss",5e-05,1e+05,"hrv_interior","0.1",FALSE,4.23782376185667e-05,-2.76144637129832e-05,NA,NA,NA,0.827861658784118,-0.0101749374842439,-0.0937686551263541,0,0,10
"bivgauss",5e-05,1e+05,"hrv_interior","0.01",TRUE,6.38448503475009e-05,-3.8386617773258e-05,NA,NA,NA,0.827861658784118,-0.0101749374842439,-0.0937686551263541,0,0,10
"bivgauss",5e-05,1e+05,"hrv_full","0.05",TRUE,5.45464629400653e-05,-3.19386806335431e-05,NA,NA,NA,0.78248452896549,-0.0494139490444774,-0.0703003086969716,0,0,50
"bivgauss",5e-05,1e+05,"hrv_full","0.1",FALSE,4.58471150212034e-05,-2.82964145610207e-05,NA,NA,NA,0.78248452896549,-0.0494139490444774,-0.0703003086969716,0,0,50
"bivgauss",5e-05,1e+05,"hrv_full","0.01",TRUE,7.22347309176887e-05,-3.74025955911686e-05,NA,NA,NA,0.78248452896549,-0.0494139490444774,-0.0703003086969716,0,0,50
"bivgauss",5e-05,1e+05,"hrv_interior","0.05",TRUE,5.45464629400653e-05,-3.19386806335431e-05,NA,NA,NA,0.78248452896549,-0.0494139490444774,-0.0703003086969716,0,0,10
"bivgauss",5e-05,1e+05,"hrv_interior","0.1",TRUE,4.58471150212034e-05,-2.82964145610207e-05,NA,NA,NA,0.78248452896549,-0.0494139490444774,-0.0703003086969716,0,0,10
"bivgauss",5e-05,1e+05,"hrv_interior","0.01",TRUE,7.22347309176887e-05,-3.74025955911686e-05,NA,NA,NA,0.78248452896549,-0.0494139490444774,-0.0703003086969716,0,0,10
"bivgauss",5e-05,1e+05,"hrv_full","0.05",FALSE,4.86189859201918e-05,-3.02207934770331e-05,NA,NA,NA,0.795660210115261,-0.0697116856731671,-0.0127186474345736,0,0,50
"bivgauss",5e-05,1e+05,"hrv_full","0.1",FALSE,4.16793771936796e-05,-2.73099817772519e-05,NA,NA,NA,0.795660210115261,-0.0697116856731671,-0.0127186474345736,0,0,50
"bivgauss",5e-05,1e+05,"hrv_full","0.01",TRUE,6.25337886860596e-05,-3.59828205402129e-05,NA,NA,NA,0.795660210115261,-0.0697116856731671,-0.0127186474345736,0,0,50
"bivgauss",5e-05,1e+05,"hrv_interior","0.05",TRUE,4.86189859201918e-05,-3.02207934770331e-05,NA,NA,NA,0.795660210115261,-0.0697116856731671,-0.0127186474345736,0,0,10
"bivgauss",5e-05,1e+05,"hrv_interior","0.1",TRUE,4.16793771936796e-05,-2.73099817772519e-05,NA,NA,NA,0.795660210115261,-0.0697116856731671,-0.0127186474345736,0,0,10
"bivgauss",5e-05,1e+05,"hrv_interior","0.01",TRUE,6.25337886860596e-05,-3.59828205402129e-05,NA,NA,NA,0.795660210115261,-0.0697116856731671,-0.0127186474345736,0,0,10
"bivgauss",5e-05,1e+05,"hrv_full","0.05",FALSE,4.86332345632675e-05,-3.09349135774256e-05,NA,NA,NA,0.778836716169845,-0.162191194820882,-0.0908927265926215,0,0,50
"bivgauss",5e-05,1e+05,"hrv_full","0.1",FALSE,4.21548082049007e-05,-2.77671061029865e-05,NA,NA,NA,0.778836716169845,-0.162191194820882,-0.0908927265926215,0,0,50
"bivgauss",5e-05,1e+05,"hrv_full","0.01",FALSE,6.50449667037781e-05,-3.70234149907029e-05,NA,NA,NA,0.778836716169845,-0.162191194820882,-0.0908927265926215,0,0,50
"bivgauss",5e-05,1e+05,"hrv_interior","0.05",TRUE,4.86332345632675e-05,-3.09349135774256e-05,NA,NA,NA,0.778836716169845,-0.162191194820882,-0.0908927265926215,0,0,10
"bivgauss",5e-05,1e+05,"hrv_interior","0.1",TRUE,4.21548082049007e-05,-2.77671061029865e-05,NA,NA,NA,0.778836716169845,-0.162191194820882,-0.0908927265926215,0,0,10
"bivgauss",5e-05,1e+05,"hrv_interior","0.01",TRUE,6.50449667037781e-05,-3.70234149907029e-05,NA,NA,NA,0.778836716169845,-0.162191194820882,-0.0908927265926215,0,0,10
"bivgauss",5e-05,1e+05,"hrv_full","0.05",FALSE,4.4058538812313e-05,-2.74955777571751e-05,NA,NA,NA,0.739208567968334,-0.0603453539937688,-0.14423406059852,0,0,50
"bivgauss",5e-05,1e+05,"hrv_full","0.1",FALSE,3.70153038268221e-05,-2.44709288069103e-05,NA,NA,NA,0.739208567968334,-0.0603453539937688,-0.14423406059852,0,0,50
"bivgauss",5e-05,1e+05,"hrv_full","0.01",FALSE,5.88855601380392e-05,-3.34660272167966e-05,NA,NA,NA,0.739208567968334,-0.0603453539937688,-0.14423406059852,0,0,50
"bivgauss",5e-05,1e+05,"hrv_interior","0.05",TRUE,4.4058538812313e-05,-2.74955777571751e-05,NA,NA,NA,0.739208567968334,-0.0603453539937688,-0.14423406059852,0,0,10
"bivgauss",5e-05,1e+05,"hrv_interior","0.1",TRUE,3.70153038268221e-05,-2.44709288069103e-05,NA,NA,NA,0.739208567968334,-0.0603453539937688,-0.14423406059852,0,0,10
"bivgauss",5e-05,1e+05,"hrv_interior","0.01",TRUE,5.88855601380392e-05,-3.34660272167966e-05,NA,NA,NA,0.739208567968334,-0.0603453539937688,-0.14423406059852,0,0,10
"bivgauss",5e-05,1e+05,"hrv_full","0.05",FALSE,5.31372853980697e-05,-3.21051536207801e-05,NA,NA,NA,0.803415503815803,-0.118171380561369,-0.0592398327987716,0,0,50
"bivgauss",5e-05,1e+05,"hrv_full","0.1",FALSE,4.51790729188059e-05,-2.83906952602409e-05,NA,NA,NA,0.803415503815803,-0.118171380561369,-0.0592398327987716,0,0,50
"bivgauss",5e-05,1e+05,"hrv_full","0.01",TRUE,7.04357244368835e-05,-3.90987661256646e-05,NA,NA,NA,0.803415503815803,-0.118171380561369,-0.0592398327987716,0,0,50
"bivgauss",5e-05,1e+05,"hrv_interior","0.05",TRUE,5.31372853980697e-05,-3.21051536207801e-05,NA,NA,NA,0.803415503815803,-0.118171380561369,-0.0592398327987716,0,0,10
"bivgauss",5e-05,1e+05,"hrv_interior","0.1",TRUE,4.51790729188059e-05,-2.83906952602409e-05,NA,NA,NA,0.803415503815803,-0.118171380561369,-0.0592398327987716,0,0,10
"bivgauss",5e-05,1e+05,"hrv_interior","0.01",TRUE,7.04357244368835e-05,-3.90987661256646e-05,NA,NA,NA,0.803415503815803,-0.118171380561369,-0.0592398327987716,0,0,10
"bivgauss",5e-05,1e+05,"hrv_full","0.05",TRUE,5.30225399522336e-05,-3.07972909154609e-05,NA,NA,NA,0.829110499046748,0.0087604301051989,-0.00934750739969641,0,0,50
"bivgauss",5e-05,1e+05,"hrv_full","0.1",TRUE,4.39450595288516e-05,-2.79658818873074e-05,NA,NA,NA,0.829110499046748,0.0087604301051989,-0.00934750739969641,0,0,50
"bivgauss",5e-05,1e+05,"hrv_full","0.01",TRUE,6.79144721524898e-05,-3.68028219189448e-05,NA,NA,NA,0.829110499046748,0.0087604301051989,-0.00934750739969641,0,0,50
"bivgauss",5e-05,1e+05,"hrv_interior","0.05",TRUE,5.30225399522336e-05,-3.07972909154609e-05,NA,NA,NA,0.829110499046748,0.0087604301051989,-0.00934750739969641,0,0,10
"bivgauss",5e-05,1e+05,"hrv_interior","0.1",TRUE,4.39450595288516e-05,-2.79658818873074e-05,NA,NA,NA,0.829110499046748,0.0087604301051989,-0.00934750739969641,0,0,10
"bivgauss",5e-05,1e+05,"hrv_interior","0.01",TRUE,6.79144721524898e-05,-3.68028219189448e-05,NA,NA,NA,0.829110499046748,0.0087604301051989,-0.00934750739969641,0,0,10
"bivgauss",5e-05,1e+05,"hrv_full","0.05",TRUE,5.62811548450514e-05,-3.26035180736631e-05,NA,NA,NA,0.79512813545501,-0.0689400252632093,-0.058629173744324,0,0,50
"bivgauss",5e-05,1e+05,"hrv_full","0.1",FALSE,4.67010361412224e-05,-2.87451363798421e-05,NA,NA,NA,0.79512813545501,-0.0689400252632093,-0.058629173744324,0,0,50
"bivgauss",5e-05,1e+05,"hrv_full","0.01",TRUE,7.3776938366684e-05,-3.8005466166733e-05,NA,NA,NA,0.79512813545501,-0.0689400252632093,-0.058629173744324,0,0,50
"bivgauss",5e-05,1e+05,"hrv_interior","0.05",TRUE,5.62811548450514e-05,-3.26035180736631e-05,NA,NA,NA,0.79512813545501,-0.0689400252632093,-0.058629173744324,0,0,10
"bivgauss",5e-05,1e+05,"hrv_interior","0.1",TRUE,4.67010361412224e-05,-2.87451363798421e-05,NA,NA,NA,0.79512813545501,-0.0689400252632093,-0.058629173744324,0,0,10
"bivgauss",5e-05,1e+05,"hrv_interior","0.01",TRUE,7.3776938366684e-05,-3.8005466166733e-05,NA,NA,NA,0.79512813545501,-0.0689400252632093,-0.058629173744324,0,0,10
"bivgauss",5e-05,1e+05,"hrv_full","0.05",FALSE,4.40449629464634e-05,-2.84410106068331e-05,NA,NA,NA,0.744276505976959,-0.10354730238378,-0.138526721262374,0,0,50
"bivgauss",5e-05,1e+05,"hrv_full","0.1",FALSE,3.75324602040384e-05,-2.52711129642675e-05,NA,NA,NA,0.744276505976959,-0.10354730238378,-0.138526721262374,0,0,50
"bivgauss",5e-05,1e+05,"hrv_full","0.01",FALSE,5.83708592663095e-05,-3.38647033374186e-05,NA,NA,NA,0.744276505976959,-0.10354730238378,-0.138526721262374,0,0,50
"bivgauss",5e-05,1e+05,"hrv_interior","0.05",FALSE,4.40449629464634e-05,-2.84410106068331e-05,NA,NA,NA,0.744276505976959,-0.10354730238378,-0.138526721262374,0,0,10
"bivgauss",5e-05,1e+05,"hrv_interior","0.1",FALSE,3.75324602040384e-05,-2.52711129642675e-05,NA,NA,NA,0.744276505976959,-0.10354730238378,-0.138526721262374,0,0,10
"bivgauss",5e-05,1e+05,"hrv_interior","0.01",FALSE,5.83708592663095e-05,-3.38647033374186e-05,NA,NA,NA,0.744276505976959,-0.10354730238378,-0.138526721262374,0,0,10
"bivgauss",5e-05,1e+05,"hrv_full","0.05",TRUE,4.67148743279657e-05,-3.07858642114527e-05,NA,NA,NA,0.853877510545981,-0.150176656973542,-0.068114935443189,0,0,50
"bivgauss",5e-05,1e+05,"hrv_full","0.1",TRUE,4.02745981034096e-05,-2.75642419414856e-05,NA,NA,NA,0.853877510545981,-0.150176656973542,-0.068114935443189,0,0,50
"bivgauss",5e-05,1e+05,"hrv_full","0.01",TRUE,5.90729576146892e-05,-3.73456592870989e-05,NA,NA,NA,0.853877510545981,-0.150176656973542,-0.068114935443189,0,0,50
"bivgauss",5e-05,1e+05,"hrv_interior","0.05",TRUE,4.67148743279657e-05,-3.07858642114527e-05,NA,NA,NA,0.853877510545981,-0.150176656973542,-0.068114935443189,0,0,10
"bivgauss",5e-05,1e+05,"hrv_interior","0.1",TRUE,4.02745981034096e-05,-2.75642419414856e-05,NA,NA,NA,0.853877510545981,-0.150176656973542,-0.068114935443189,0,0,10
"bivgauss",5e-05,1e+05,"hrv_interior","0.01",TRUE,5.90729576146892e-05,-3.73456592870989e-05,NA,NA,NA,0.853877510545981,-0.150176656973542,-0.068114935443189,0,0,10
"bivgauss",5e-05,1e+05,"hrv_full","0.05",FALSE,4.97944434916777e-05,-3.07088742257872e-05,NA,NA,NA,0.756024799265431,-0.11874223795219,-0.227143441680193,0,0,50
"bivgauss",5e-05,1e+05,"hrv_full","0.1",FALSE,4.25949474317911e-05,-2.66634420450069e-05,NA,NA,NA,0.756024799265431,-0.11874223795219,-0.227143441680193,0,0,50
"bivgauss",5e-05,1e+05,"hrv_full","0.01",FALSE,6.33383068940165e-05,-3.70771769193292e-05,NA,NA,NA,0.756024799265431,-0.11874223795219,-0.227143441680193,0,0,50
"bivgauss",5e-05,1e+05,"hrv_interior","0.05",FALSE,4.97944434916777e-05,-3.07088742257872e-05,NA,NA,NA,0.756024799265431,-0.11874223795219,-0.227143441680193,0,0,10
"bivgauss",5e-05,1e+05,"hrv_interior","0.1",FALSE,4.25949474317911e-05,-2.66634420450069e-05,NA,NA,NA,0.756024799265431,-0.11874223795219,-0.227143441680193,0,0,10
"bivgauss",5e-05,1e+05,"hrv_interior","0.01",FALSE,6.33383068940165e-05,-3.70771769193292e-05,NA,NA,NA,0.756024799265431,-0.11874223795219,-0.227143441680193,0,0,10
"bivgauss",5e-05,1e+05,"hrv_full","0.05",FALSE,5.05625704122091e-05,-3.02017141943983e-05,NA,NA,NA,0.791019157655567,-0.08005380563053,-0.158953215438325,0,0,50
"bivgauss",5e-05,1e+05,"hrv_full","0.1",FALSE,4.21617001653825e-05,-2.66683390020098e-05,NA,NA,NA,0.791019157655567,-0.08005380563053,-0.158953215438325,0,0,50
"bivgauss",5e-05,1e+05,"hrv_full","0.01",FALSE,6.64821870254375e-05,-3.54274959367059e-05,NA,NA,NA,0.791019157655567,-0.08005380563053,-0.158953215438325,0,0,50
"bivgauss",5e-05,1e+05,"hrv_interior","0.05",TRUE,5.05625704122091e-05,-3.02017141943983e-05,NA,NA,NA,0.791019157655567,-0.08005380563053,-0.158953215438325,0,0,10
"bivgauss",5e-05,1e+05,"hrv_interior","0.1",FALSE,4.21617001653825e-05,-2.66683390020098e-05,NA,NA,NA,0.791019157655567,-0.08005380563053,-0.158953215438325,0,0,10
"bivgauss",5e-05,1e+05,"hrv_interior","0.01",TRUE,6.64821870254375e-05,-3.54274959367059e-05,NA,NA,NA,0.791019157655567,-0.08005380563053,-0.158953215438325,0,0,10
"bivgauss",5e-05,1e+05,"hrv_full","0.05",FALSE,6.11682044346335e-05,-3.46018479744645e-05,NA,NA,NA,0.861729035546258,-0.0176573656392318,-0.0604966307789099,0,0,50
"bivgauss",5e-05,1e+05,"hrv_full","0.1",FALSE,5.18162731343482e-05,-3.04388753104338e-05,NA,NA,NA,0.861729035546258,-0.0176573656392318,-0.0604966307789099,0,0,50
"bivgauss",5e-05,1e+05,"hrv_full","0.01",TRUE,8.01509193642414e-05,-4.11628533924198e-05,NA,NA,NA,0.861729035546258,-0.0176573656392318,-0.0604966307789099,0,0,50
"bivgauss",5e-05,1e+05,"hrv_interior","0.05",TRUE,6.11682044346335e-05,-3.46018479744645e-05,NA,NA,NA,0.861729035546258,-0.0176573656392318,-0.0604966307789099,0,0,10
"bivgauss",5e-05,1e+05,"hrv_interior","0.1",TRUE,5.18162731343482e-05,-3.04388753104338e-05,NA,NA,NA,0.861729035546258,-0.0176573656392318,-0.0604966307789099,0,0,10
"bivgauss",5e-05,1e+05,"hrv_interior","0.01",TRUE,8.01509193642414e-05,-4.11628533924198e-05,NA,NA,NA,0.861729035546258,-0.0176573656392318,-0.0604966307789099,0,0,10
"bivgauss",5e-05,1e+05,"hrv_full","0.05",FALSE,5.34813873505088e-05,-3.23466020853602e-05,NA,NA,NA,0.86801297842153,-0.171512727182189,-0.135476607175164,0,0,50
"bivgauss",5e-05,1e+05,"hrv_full","0.1",FALSE,4.4178301982245e-05,-2.87242573284093e-05,NA,NA,NA,0.86801297842153,-0.171512727182189,-0.135476607175164,0,0,50
"bivgauss",5e-05,1e+05,"hrv_full","0.01",TRUE,7.12701642911189e-05,-3.85797875955459e-05,NA,NA,NA,0.86801297842153,-0.171512727182189,-0.135476607175164,0,0,50
"bivgauss",5e-05,1e+05,"hrv_interior","0.05",TRUE,5.34813873505088e-05,-3.23466020853602e-05,NA,NA,NA,0.86801297842153,-0.171512727182189,-0.135476607175164,0,0,10
"bivgauss",5e-05,1e+05,"hrv_interior","0.1",TRUE,4.4178301982245e-05,-2.87242573284093e-05,NA,NA,NA,0.86801297842153,-0.171512727182189,-0.135476607175164,0,0,10
"bivgauss",5e-05,1e+05,"hrv_interior","0.01",TRUE,7.12701642911189e-05,-3.85797875955459e-05,NA,NA,NA,0.86801297842153,-0.171512727182189,-0.135476607175164,0,0,10
"bivgauss",5e-05,1e+05,"hrv_full","0.05",FALSE,5.05518974679497e-05,-3.06057351256874e-05,NA,NA,NA,0.806039512844464,-0.14793435665207,-0.0787579260609223,0,0,50
"bivgauss",5e-05,1e+05,"hrv_full","0.1",FALSE,4.26806820081514e-05,-2.68416317037634e-05,NA,NA,NA,0.806039512844464,-0.14793435665207,-0.0787579260609223,0,0,50
"bivgauss",5e-05,1e+05,"hrv_full","0.01",TRUE,6.5484486090479e-05,-3.63400410971222e-05,NA,NA,NA,0.806039512844464,-0.14793435665207,-0.0787579260609223,0,0,50
"bivgauss",5e-05,1e+05,"hrv_interior","0.05",TRUE,5.05518974679497e-05,-3.06057351256874e-05,NA,NA,NA,0.806039512844464,-0.14793435665207,-0.0787579260609223,0,0,10
"bivgauss",5e-05,1e+05,"hrv_interior","0.1",TRUE,4.26806820081514e-05,-2.68416317037634e-05,NA,NA,NA,0.806039512844464,-0.14793435665207,-0.0787579260609223,0,0,10
"bivgauss",5e-05,1e+05,"hrv_interior","0.01",TRUE,6.5484486090479e-05,-3.63400410971222e-05,NA,NA,NA,0.806039512844464,-0.14793435665207,-0.0787579260609223,0,0,10
"bivgauss",5e-05,1e+05,"hrv_full","0.05",FALSE,5.11201753209845e-05,-2.97430487023814e-05,NA,NA,NA,0.77830560940582,-0.0982380275764753,-0.152991054013371,0,0,50
"bivgauss",5e-05,1e+05,"hrv_full","0.1",FALSE,4.27961559900252e-05,-2.6913654824038e-05,NA,NA,NA,0.77830560940582,-0.0982380275764753,-0.152991054013371,0,0,50
"bivgauss",5e-05,1e+05,"hrv_full","0.01",FALSE,6.70653386733542e-05,-3.55960991919429e-05,NA,NA,NA,0.77830560940582,-0.0982380275764753,-0.152991054013371,0,0,50
"bivgauss",5e-05,1e+05,"hrv_interior","0.05",TRUE,5.11201753209845e-05,-2.97430487023814e-05,NA,NA,NA,0.77830560940582,-0.0982380275764753,-0.152991054013371,0,0,10
"bivgauss",5e-05,1e+05,"hrv_interior","0.1",TRUE,4.27961559900252e-05,-2.6913654824038e-05,NA,NA,NA,0.77830560940582,-0.0982380275764753,-0.152991054013371,0,0,10
"bivgauss",5e-05,1e+05,"hrv_interior","0.01",TRUE,6.70653386733542e-05,-3.55960991919429e-05,NA,NA,NA,0.77830560940582,-0.0982380275764753,-0.152991054013371,0,0,10
"bivgauss",5e-05,1e+05,"hrv_full","0.05",TRUE,5.70764315551918e-05,-3.53554713019259e-05,NA,NA,NA,0.835031090974866,-0.0765576359219659,-0.0127045187008402,0,0,50
"bivgauss",5e-05,1e+05,"hrv_full","0.1",TRUE,4.93212300693881e-05,-3.17757786305693e-05,NA,NA,NA,0.835031090974866,-0.0765576359219659,-0.0127045187008402,0,0,50
"bivgauss",5e-05,1e+05,"hrv_full","0.01",TRUE,7.58957518832698e-05,-4.05314692781935e-05,NA,NA,NA,0.835031090974866,-0.0765576359219659,-0.0127045187008402,0,0,50
"bivgauss",5e-05,1e+05,"hrv_interior","0.05",TRUE,5.70764315551918e-05,-3.53554713019259e-05,NA,NA,NA,0.835031090974866,-0.0765576359219659,-0.0127045187008402,0,0,10
"bivgauss",5e-05,1e+05,"hrv_interior","0.1",TRUE,4.93212300693881e-05,-3.17757786305693e-05,NA,NA,NA,0.835031090974866,-0.0765576359219659,-0.0127045187008402,0,0,10
"bivgauss",5e-05,1e+05,"hrv_interior","0.01",TRUE,7.58957518832698e-05,-4.05314692781935e-05,NA,NA,NA,0.835031090974866,-0.0765576359219659,-0.0127045187008402,0,0,10
"bivgauss",5e-05,1e+05,"hrv_full","0.05",FALSE,4.84661464168483e-05,-3.06839382769768e-05,NA,NA,NA,0.781300370063378,-0.029088433698554,-0.123335496934443,0,0,50
"bivgauss",5e-05,1e+05,"hrv_full","0.1",FALSE,4.2102066575041e-05,-2.75973029984654e-05,NA,NA,NA,0.781300370063378,-0.029088433698554,-0.123335496934443,0,0,50
"bivgauss",5e-05,1e+05,"hrv_full","0.01",FALSE,6.16707996618955e-05,-3.62926976138533e-05,NA,NA,NA,0.781300370063378,-0.029088433698554,-0.123335496934443,0,0,50
"bivgauss",5e-05,1e+05,"hrv_interior","0.05",TRUE,4.84661464168483e-05,-3.06839382769768e-05,NA,NA,NA,0.781300370063378,-0.029088433698554,-0.123335496934443,0,0,10
"bivgauss",5e-05,1e+05,"hrv_interior","0.1",TRUE,4.2102066575041e-05,-2.75973029984654e-05,NA,NA,NA,0.781300370063378,-0.029088433698554,-0.123335496934443,0,0,10
"bivgauss",5e-05,1e+05,"hrv_interior","0.01",TRUE,6.16707996618955e-05,-3.62926976138533e-05,NA,NA,NA,0.781300370063378,-0.029088433698554,-0.123335496934443,0,0,10
"bivgauss",5e-05,1e+05,"hrv_full","0.05",FALSE,5.00028651072678e-05,-3.06848448365919e-05,NA,NA,NA,0.763230458742567,-0.0721975611512528,-0.0853712563587333,0,0,50
"bivgauss",5e-05,1e+05,"hrv_full","0.1",FALSE,4.29756202046068e-05,-2.73795411060274e-05,NA,NA,NA,0.763230458742567,-0.0721975611512528,-0.0853712563587333,0,0,50
"bivgauss",5e-05,1e+05,"hrv_full","0.01",FALSE,6.81064347887455e-05,-3.62383780935348e-05,NA,NA,NA,0.763230458742567,-0.0721975611512528,-0.0853712563587333,0,0,50
"bivgauss",5e-05,1e+05,"hrv_interior","0.05",TRUE,5.00028651072678e-05,-3.06848448365919e-05,NA,NA,NA,0.763230458742567,-0.0721975611512528,-0.0853712563587333,0,0,10
"bivgauss",5e-05,1e+05,"hrv_interior","0.1",TRUE,4.29756202046068e-05,-2.73795411060274e-05,NA,NA,NA,0.763230458742567,-0.0721975611512528,-0.0853712563587333,0,0,10
"bivgauss",5e-05,1e+05,"hrv_interior","0.01",TRUE,6.81064347887455e-05,-3.62383780935348e-05,NA,NA,NA,0.763230458742567,-0.0721975611512528,-0.0853712563587333,0,0,10
"bivgauss",5e-05,1e+05,"hrv_full","0.05",TRUE,4.75064129371968e-05,-3.03181309476221e-05,NA,NA,NA,0.834325138174653,-0.0359954181222602,0.0183366661348821,0,0,50
"bivgauss",5e-05,1e+05,"hrv_full","0.1",TRUE,4.04939334694532e-05,-2.6604996996051e-05,NA,NA,NA,0.834325138174653,-0.0359954181222602,0.0183366661348821,0,0,50
"bivgauss",5e-05,1e+05,"hrv_full","0.01",TRUE,6.39916224652666e-05,-3.63231625341867e-05,NA,NA,NA,0.834325138174653,-0.0359954181222602,0.0183366661348821,0,0,50
"bivgauss",5e-05,1e+05,"hrv_interior","0.05",TRUE,4.75064129371968e-05,-3.03181309476221e-05,NA,NA,NA,0.834325138174653,-0.0359954181222602,0.0183366661348821,0,0,10
"bivgauss",5e-05,1e+05,"hrv_interior","0.1",TRUE,4.04939334694532e-05,-2.6604996996051e-05,NA,NA,NA,0.834325138174653,-0.0359954181222602,0.0183366661348821,0,0,10
"bivgauss",5e-05,1e+05,"hrv_interior","0.01",TRUE,6.39916224652666e-05,-3.63231625341867e-05,NA,NA,NA,0.834325138174653,-0.0359954181222602,0.0183366661348821,0,0,10
"bivgauss",5e-05,1e+05,"hrv_full","0.05",FALSE,4.82681204031274e-05,-3.00704958825617e-05,NA,NA,NA,0.750006769968675,-0.118701315244259,-0.154485088418625,0,0,50
"bivgauss",5e-05,1e+05,"hrv_full","0.1",FALSE,4.04199247629525e-05,-2.63349743048699e-05,NA,NA,NA,0.750006769968675,-0.118701315244259,-0.154485088418625,0,0,50
"bivgauss",5e-05,1e+05,"hrv_full","0.01",FALSE,6.40369771237998e-05,-3.57502413071286e-05,NA,NA,NA,0.750006769968675,-0.118701315244259,-0.154485088418625,0,0,50
"bivgauss",5e-05,1e+05,"hrv_interior","0.05",FALSE,4.82681204031274e-05,-3.00704958825617e-05,NA,NA,NA,0.750006769968675,-0.118701315244259,-0.154485088418625,0,0,10
"bivgauss",5e-05,1e+05,"hrv_interior","0.1",FALSE,4.04199247629525e-05,-2.63349743048699e-05,NA,NA,NA,0.750006769968675,-0.118701315244259,-0.154485088418625,0,0,10
"bivgauss",5e-05,1e+05,"hrv_interior","0.01",FALSE,6.40369771237998e-05,-3.57502413071286e-05,NA,NA,NA,0.750006769968675,-0.118701315244259,-0.154485088418625,0,0,10
"bivgauss",5e-05,1e+05,"hrv_full","0.05",FALSE,4.68851633064927e-05,-2.99997092361861e-05,NA,NA,NA,0.845666250908628,-0.0476935125524763,-0.127767363147777,0,0,50
"bivgauss",5e-05,1e+05,"hrv_full","0.1",FALSE,4.00055876892489e-05,-2.6514182453737e-05,NA,NA,NA,0.845666250908628,-0.0476935125524763,-0.127767363147777,0,0,50
"bivgauss",5e-05,1e+05,"hrv_full","0.01",TRUE,6.1408004492034e-05,-3.66225267657432e-05,NA,NA,NA,0.845666250908628,-0.0476935125524763,-0.127767363147777,0,0,50
"bivgauss",5e-05,1e+05,"hrv_interior","0.05",TRUE,4.68851633064927e-05,-2.99997092361861e-05,NA,NA,NA,0.845666250908628,-0.0476935125524763,-0.127767363147777,0,0,10
"bivgauss",5e-05,1e+05,"hrv_interior","0.1",TRUE,4.00055876892489e-05,-2.6514182453737e-05,NA,NA,NA,0.845666250908628,-0.0476935125524763,-0.127767363147777,0,0,10
"bivgauss",5e-05,1e+05,"hrv_interior","0.01",TRUE,6.1408004492034e-05,-3.66225267657432e-05,NA,NA,NA,0.845666250908628,-0.0476935125524763,-0.127767363147777,0,0,10
"bivgauss",5e-05,1e+05,"hrv_full","0.05",TRUE,5.54424887025842e-05,-3.41708706362442e-05,NA,NA,NA,0.894925603006196,-0.0401745129058824,0.0344889731360761,0,0,50
"bivgauss",5e-05,1e+05,"hrv_full","0.1",TRUE,4.66277281487661e-05,-2.98919832638939e-05,NA,NA,NA,0.894925603006196,-0.0401745129058824,0.0344889731360761,0,0,50
"bivgauss",5e-05,1e+05,"hrv_full","0.01",TRUE,7.48617409862284e-05,-4.05294056310764e-05,NA,NA,NA,0.894925603006196,-0.0401745129058824,0.0344889731360761,0,0,50
"bivgauss",5e-05,1e+05,"hrv_interior","0.05",TRUE,5.54424887025842e-05,-3.41708706362442e-05,NA,NA,NA,0.894925603006196,-0.0401745129058824,0.0344889731360761,0,0,10
"bivgauss",5e-05,1e+05,"hrv_interior","0.1",TRUE,4.66277281487661e-05,-2.98919832638939e-05,NA,NA,NA,0.894925603006196,-0.0401745129058824,0.0344889731360761,0,0,10
"bivgauss",5e-05,1e+05,"hrv_interior","0.01",TRUE,7.48617409862284e-05,-4.05294056310764e-05,NA,NA,NA,0.894925603006196,-0.0401745129058824,0.0344889731360761,0,0,10
"bivgauss",5e-05,1e+05,"hrv_full","0.05",FALSE,4.83443391655098e-05,-3.01071529451634e-05,NA,NA,NA,0.787118512457239,-0.0486603951873828,-0.11002605678317,0,0,50
"bivgauss",5e-05,1e+05,"hrv_full","0.1",FALSE,4.19105715092035e-05,-2.70773195544722e-05,NA,NA,NA,0.787118512457239,-0.0486603951873828,-0.11002605678317,0,0,50
"bivgauss",5e-05,1e+05,"hrv_full","0.01",FALSE,6.49510063531997e-05,-3.60546343351315e-05,NA,NA,NA,0.787118512457239,-0.0486603951873828,-0.11002605678317,0,0,50
"bivgauss",5e-05,1e+05,"hrv_interior","0.05",TRUE,4.83443391655098e-05,-3.01071529451634e-05,NA,NA,NA,0.787118512457239,-0.0486603951873828,-0.11002605678317,0,0,10
"bivgauss",5e-05,1e+05,"hrv_interior","0.1",FALSE,4.19105715092035e-05,-2.70773195544722e-05,NA,NA,NA,0.787118512457239,-0.0486603951873828,-0.11002605678317,0,0,10
"bivgauss",5e-05,1e+05,"hrv_interior","0.01",TRUE,6.49510063531997e-05,-3.60546343351315e-05,NA,NA,NA,0.787118512457239,-0.0486603951873828,-0.11002605678317,0,0,10
"bivgauss",5e-05,1e+05,"hrv_full","0.05",FALSE,5.08294499018473e-05,-2.98904632930946e-05,NA,NA,NA,0.80077694842513,-0.0681852797467068,-0.0732621641494416,0,0,50
"bivgauss",5e-05,1e+05,"hrv_full","0.1",FALSE,4.31441951458741e-05,-2.68596487969398e-05,NA,NA,NA,0.80077694842513,-0.0681852797467068,-0.0732621641494416,0,0,50
"bivgauss",5e-05,1e+05,"hrv_full","0.01",FALSE,6.61808381382538e-05,-3.48880806641708e-05,NA,NA,NA,0.80077694842513,-0.0681852797467068,-0.0732621641494416,0,0,50
"bivgauss",5e-05,1e+05,"hrv_interior","0.05",TRUE,5.08294499018473e-05,-2.98904632930946e-05,NA,NA,NA,0.80077694842513,-0.0681852797467068,-0.0732621641494416,0,0,10
"bivgauss",5e-05,1e+05,"hrv_interior","0.1",TRUE,4.31441951458741e-05,-2.68596487969398e-05,NA,NA,NA,0.80077694842513,-0.0681852797467068,-0.0732621641494416,0,0,10
"bivgauss",5e-05,1e+05,"hrv_interior","0.01",TRUE,6.61808381382538e-05,-3.48880806641708e-05,NA,NA,NA,0.80077694842513,-0.0681852797467068,-0.0732621641494416,0,0,10
"bivgauss",5e-05,1e+05,"hrv_full","0.05",FALSE,4.7393099545506e-05,-3.056169882863e-05,NA,NA,NA,0.793678512079311,-0.0888089701475578,-0.048293838370025,0,0,50
"bivgauss",5e-05,1e+05,"hrv_full","0.1",FALSE,4.10065903754399e-05,-2.67446378541245e-05,NA,NA,NA,0.793678512079311,-0.0888089701475578,-0.048293838370025,0,0,50
"bivgauss",5e-05,1e+05,"hrv_full","0.01",FALSE,6.46663069735996e-05,-3.71109015474484e-05,NA,NA,NA,0.793678512079311,-0.0888089701475578,-0.048293838370025,0,0,50
"bivgauss",5e-05,1e+05,"hrv_interior","0.05",TRUE,4.7393099545506e-05,-3.056169882863e-05,NA,NA,NA,0.793678512079311,-0.0888089701475578,-0.048293838370025,0,0,10
"bivgauss",5e-05,1e+05,"hrv_interior","0.1",TRUE,4.10065903754399e-05,-2.67446378541245e-05,NA,NA,NA,0.793678512079311,-0.0888089701475578,-0.048293838370025,0,0,10
"bivgauss",5e-05,1e+05,"hrv_interior","0.01",TRUE,6.46663069735996e-05,-3.71109015474484e-05,NA,NA,NA,0.793678512079311,-0.0888089701475578,-0.048293838370025,0,0,10
"bivgauss",5e-05,1e+05,"hrv_full","0.05",FALSE,4.9681087638231e-05,-3.06715965676347e-05,NA,NA,NA,0.808926448282388,-0.146980456418808,0.0140504871832203,0,0,50
"bivgauss",5e-05,1e+05,"hrv_full","0.1",FALSE,4.29883033954366e-05,-2.70739131865573e-05,NA,NA,NA,0.808926448282388,-0.146980456418808,0.0140504871832203,0,0,50
"bivgauss",5e-05,1e+05,"hrv_full","0.01",TRUE,6.45028275108036e-05,-3.69282308689876e-05,NA,NA,NA,0.808926448282388,-0.146980456418808,0.0140504871832203,0,0,50
"bivgauss",5e-05,1e+05,"hrv_interior","0.05",TRUE,4.9681087638231e-05,-3.06715965676347e-05,NA,NA,NA,0.808926448282388,-0.146980456418808,0.0140504871832203,0,0,10
"bivgauss",5e-05,1e+05,"hrv_interior","0.1",TRUE,4.29883033954366e-05,-2.70739131865573e-05,NA,NA,NA,0.808926448282388,-0.146980456418808,0.0140504871832203,0,0,10
"bivgauss",5e-05,1e+05,"hrv_interior","0.01",TRUE,6.45028275108036e-05,-3.69282308689876e-05,NA,NA,NA,0.808926448282388,-0.146980456418808,0.0140504871832203,0,0,10
"bivgauss",5e-05,1e+05,"hrv_full","0.05",TRUE,6.72996873121748e-05,-3.66846776851369e-05,NA,NA,NA,0.892703778682621,-0.0182570950440926,-0.104526383157774,0,0,50
"bivgauss",5e-05,1e+05,"hrv_full","0.1",TRUE,5.71379762236264e-05,-3.34093657348151e-05,NA,NA,NA,0.892703778682621,-0.0182570950440926,-0.104526383157774,0,0,50
"bivgauss",5e-05,1e+05,"hrv_full","0.01",TRUE,8.69388646181936e-05,-4.13482912227371e-05,NA,NA,NA,0.892703778682621,-0.0182570950440926,-0.104526383157774,0,0,50
"bivgauss",5e-05,1e+05,"hrv_interior","0.05",TRUE,6.72996873121748e-05,-3.66846776851369e-05,NA,NA,NA,0.892703778682621,-0.0182570950440926,-0.104526383157774,0,0,10
"bivgauss",5e-05,1e+05,"hrv_interior","0.1",TRUE,5.71379762236264e-05,-3.34093657348151e-05,NA,NA,NA,0.892703778682621,-0.0182570950440926,-0.104526383157774,0,0,10
"bivgauss",5e-05,1e+05,"hrv_interior","0.01",TRUE,8.69388646181936e-05,-4.13482912227371e-05,NA,NA,NA,0.892703778682621,-0.0182570950440926,-0.104526383157774,0,0,10
"bivgauss",5e-05,1e+05,"hrv_full","0.05",FALSE,4.86331153868797e-05,-2.97058732030575e-05,NA,NA,NA,0.803310062910606,-0.0928038157398787,-0.0637751124946332,0,0,50
"bivgauss",5e-05,1e+05,"hrv_full","0.1",FALSE,4.11888544176954e-05,-2.69705426938842e-05,NA,NA,NA,0.803310062910606,-0.0928038157398787,-0.0637751124946332,0,0,50
"bivgauss",5e-05,1e+05,"hrv_full","0.01",FALSE,6.48342486960101e-05,-3.50324458769854e-05,NA,NA,NA,0.803310062910606,-0.0928038157398787,-0.0637751124946332,0,0,50
"bivgauss",5e-05,1e+05,"hrv_interior","0.05",TRUE,4.86331153868797e-05,-2.97058732030575e-05,NA,NA,NA,0.803310062910606,-0.0928038157398787,-0.0637751124946332,0,0,10
"bivgauss",5e-05,1e+05,"hrv_interior","0.1",TRUE,4.11888544176954e-05,-2.69705426938842e-05,NA,NA,NA,0.803310062910606,-0.0928038157398787,-0.0637751124946332,0,0,10
"bivgauss",5e-05,1e+05,"hrv_interior","0.01",TRUE,6.48342486960101e-05,-3.50324458769854e-05,NA,NA,NA,0.803310062910606,-0.0928038157398787,-0.0637751124946332,0,0,10
"bivgauss",5e-05,1e+05,"hrv_full","0.05",FALSE,4.9402242522943e-05,-3.01109077464904e-05,NA,NA,NA,0.843715401694471,-0.0719649176432922,-0.0683647633015756,0,0,50
"bivgauss",5e-05,1e+05,"hrv_full","0.1",FALSE,4.23520215956667e-05,-2.68555274206653e-05,NA,NA,NA,0.843715401694471,-0.0719649176432922,-0.0683647633015756,0,0,50
"bivgauss",5e-05,1e+05,"hrv_full","0.01",TRUE,6.0882140947687e-05,-3.69245942759448e-05,NA,NA,NA,0.843715401694471,-0.0719649176432922,-0.0683647633015756,0,0,50
"bivgauss",5e-05,1e+05,"hrv_interior","0.05",TRUE,4.9402242522943e-05,-3.01109077464904e-05,NA,NA,NA,0.843715401694471,-0.0719649176432922,-0.0683647633015756,0,0,10
"bivgauss",5e-05,1e+05,"hrv_interior","0.1",TRUE,4.23520215956667e-05,-2.68555274206653e-05,NA,NA,NA,0.843715401694471,-0.0719649176432922,-0.0683647633015756,0,0,10
"bivgauss",5e-05,1e+05,"hrv_interior","0.01",TRUE,6.0882140947687e-05,-3.69245942759448e-05,NA,NA,NA,0.843715401694471,-0.0719649176432922,-0.0683647633015756,0,0,10
"bivgauss",5e-05,1e+05,"hrv_full","0.05",FALSE,5.76728727050307e-05,-3.27710601592944e-05,NA,NA,NA,0.797421707488086,-0.133823594507605,-0.171457934492671,0,0,50
"bivgauss",5e-05,1e+05,"hrv_full","0.1",FALSE,4.97911257116583e-05,-2.95026189271958e-05,NA,NA,NA,0.797421707488086,-0.133823594507605,-0.171457934492671,0,0,50
"bivgauss",5e-05,1e+05,"hrv_full","0.01",FALSE,7.60218338845453e-05,-3.7085694997048e-05,NA,NA,NA,0.797421707488086,-0.133823594507605,-0.171457934492671,0,0,50
"bivgauss",5e-05,1e+05,"hrv_interior","0.05",TRUE,5.76728727050307e-05,-3.27710601592944e-05,NA,NA,NA,0.797421707488086,-0.133823594507605,-0.171457934492671,0,0,10
"bivgauss",5e-05,1e+05,"hrv_interior","0.1",TRUE,4.97911257116583e-05,-2.95026189271958e-05,NA,NA,NA,0.797421707488086,-0.133823594507605,-0.171457934492671,0,0,10
"bivgauss",5e-05,1e+05,"hrv_interior","0.01",TRUE,7.60218338845453e-05,-3.7085694997048e-05,NA,NA,NA,0.797421707488086,-0.133823594507605,-0.171457934492671,0,0,10
"bivgauss",5e-05,1e+05,"hrv_full","0.05",TRUE,5.00023658135721e-05,-3.36020073327153e-05,NA,NA,NA,0.833073739291352,-0.0901253099728656,-0.0676729097960119,0,0,50
"bivgauss",5e-05,1e+05,"hrv_full","0.1",TRUE,4.30417963261745e-05,-2.96691325513809e-05,NA,NA,NA,0.833073739291352,-0.0901253099728656,-0.0676729097960119,0,0,50
"bivgauss",5e-05,1e+05,"hrv_full","0.01",TRUE,6.52775892776188e-05,-4.00024597441976e-05,NA,NA,NA,0.833073739291352,-0.0901253099728656,-0.0676729097960119,0,0,50
"bivgauss",5e-05,1e+05,"hrv_interior","0.05",TRUE,5.00023658135721e-05,-3.36020073327153e-05,NA,NA,NA,0.833073739291352,-0.0901253099728656,-0.0676729097960119,0,0,10
"bivgauss",5e-05,1e+05,"hrv_interior","0.1",TRUE,4.30417963261745e-05,-2.96691325513809e-05,NA,NA,NA,0.833073739291352,-0.0901253099728656,-0.0676729097960119,0,0,10
"bivgauss",5e-05,1e+05,"hrv_interior","0.01",TRUE,6.52775892776188e-05,-4.00024597441976e-05,NA,NA,NA,0.833073739291352,-0.0901253099728656,-0.0676729097960119,0,0,10
"bivgauss",5e-05,1e+05,"hrv_full","0.05",FALSE,5.282039930331e-05,-2.99635622427452e-05,NA,NA,NA,0.774688907555078,-0.0786413862469389,-0.0535770490656446,0,0,50
"bivgauss",5e-05,1e+05,"hrv_full","0.1",FALSE,4.46309721480794e-05,-2.68319172097229e-05,NA,NA,NA,0.774688907555078,-0.0786413862469389,-0.0535770490656446,0,0,50
"bivgauss",5e-05,1e+05,"hrv_full","0.01",FALSE,6.9071228119479e-05,-3.53587456772633e-05,NA,NA,NA,0.774688907555078,-0.0786413862469389,-0.0535770490656446,0,0,50
"bivgauss",5e-05,1e+05,"hrv_interior","0.05",FALSE,5.282039930331e-05,-2.99635622427452e-05,NA,NA,NA,0.774688907555078,-0.0786413862469389,-0.0535770490656446,0,0,10
"bivgauss",5e-05,1e+05,"hrv_interior","0.1",FALSE,4.46309721480794e-05,-2.68319172097229e-05,NA,NA,NA,0.774688907555078,-0.0786413862469389,-0.0535770490656446,0,0,10
"bivgauss",5e-05,1e+05,"hrv_interior","0.01",TRUE,6.9071228119479e-05,-3.53587456772633e-05,NA,NA,NA,0.774688907555078,-0.0786413862469389,-0.0535770490656446,0,0,10
"bivgauss",5e-05,1e+05,"hrv_full","0.05",FALSE,4.7875324120118e-05,-2.86469642151613e-05,NA,NA,NA,0.772666330216161,-0.229802214135317,-0.109865282943283,0,0,50
"bivgauss",5e-05,1e+05,"hrv_full","0.1",FALSE,4.02388469690392e-05,-2.54993360742358e-05,NA,NA,NA,0.772666330216161,-0.229802214135317,-0.109865282943283,0,0,50
"bivgauss",5e-05,1e+05,"hrv_full","0.01",FALSE,6.372169584703e-05,-3.46491109058283e-05,NA,NA,NA,0.772666330216161,-0.229802214135317,-0.109865282943283,0,0,50
"bivgauss",5e-05,1e+05,"hrv_interior","0.05",FALSE,4.7875324120118e-05,-2.86469642151613e-05,NA,NA,NA,0.772666330216161,-0.229802214135317,-0.109865282943283,0,0,10
"bivgauss",5e-05,1e+05,"hrv_interior","0.1",FALSE,4.02388469690392e-05,-2.54993360742358e-05,NA,NA,NA,0.772666330216161,-0.229802214135317,-0.109865282943283,0,0,10
"bivgauss",5e-05,1e+05,"hrv_interior","0.01",FALSE,6.372169584703e-05,-3.46491109058283e-05,NA,NA,NA,0.772666330216161,-0.229802214135317,-0.109865282943283,0,0,10
"bivgauss",5e-05,1e+05,"hrv_full","0.05",FALSE,5.11995906565999e-05,-3.18908700328162e-05,NA,NA,NA,0.790434850065322,-0.105186105464921,-0.1363943238436,0,0,50
"bivgauss",5e-05,1e+05,"hrv_full","0.1",FALSE,4.348427377474e-05,-2.81767289484738e-05,NA,NA,NA,0.790434850065322,-0.105186105464921,-0.1363943238436,0,0,50
"bivgauss",5e-05,1e+05,"hrv_full","0.01",FALSE,6.60884406330454e-05,-3.79315458513995e-05,NA,NA,NA,0.790434850065322,-0.105186105464921,-0.1363943238436,0,0,50
"bivgauss",5e-05,1e+05,"hrv_interior","0.05",TRUE,5.11995906565999e-05,-3.18908700328162e-05,NA,NA,NA,0.790434850065322,-0.105186105464921,-0.1363943238436,0,0,10
"bivgauss",5e-05,1e+05,"hrv_interior","0.1",FALSE,4.348427377474e-05,-2.81767289484738e-05,NA,NA,NA,0.790434850065322,-0.105186105464921,-0.1363943238436,0,0,10
"bivgauss",5e-05,1e+05,"hrv_interior","0.01",TRUE,6.60884406330454e-05,-3.79315458513995e-05,NA,NA,NA,0.790434850065322,-0.105186105464921,-0.1363943238436,0,0,10
"bivgauss",5e-05,1e+05,"hrv_full","0.05",FALSE,5.57884566427029e-05,-3.50768241949211e-05,NA,NA,NA,0.785198939422335,-0.107077207126419,-0.0811484571863794,0,0,50
"bivgauss",5e-05,1e+05,"hrv_full","0.1",FALSE,4.75838970477179e-05,-3.12098837424909e-05,NA,NA,NA,0.785198939422335,-0.107077207126419,-0.0811484571863794,0,0,50
"bivgauss",5e-05,1e+05,"hrv_full","0.01",TRUE,7.0126520829903e-05,-4.19465438393492e-05,NA,NA,NA,0.785198939422335,-0.107077207126419,-0.0811484571863794,0,0,50
"bivgauss",5e-05,1e+05,"hrv_interior","0.05",TRUE,5.57884566427029e-05,-3.50768241949211e-05,NA,NA,NA,0.785198939422335,-0.107077207126419,-0.0811484571863794,0,0,10
"bivgauss",5e-05,1e+05,"hrv_interior","0.1",TRUE,4.75838970477179e-05,-3.12098837424909e-05,NA,NA,NA,0.785198939422335,-0.107077207126419,-0.0811484571863794,0,0,10
"bivgauss",5e-05,1e+05,"hrv_interior","0.01",TRUE,7.0126520829903e-05,-4.19465438393492e-05,NA,NA,NA,0.785198939422335,-0.107077207126419,-0.0811484571863794,0,0,10
"bivgauss",5e-05,1e+05,"hrv_full","0.05",FALSE,5.09233964708627e-05,-3.04422189772699e-05,NA,NA,NA,0.796163272050907,-0.0622525092103879,-0.0295680820643258,0,0,50
"bivgauss",5e-05,1e+05,"hrv_full","0.1",FALSE,4.22826846949146e-05,-2.71966706700411e-05,NA,NA,NA,0.796163272050907,-0.0622525092103879,-0.0295680820643258,0,0,50
"bivgauss",5e-05,1e+05,"hrv_full","0.01",FALSE,6.58628446692812e-05,-3.54547537653489e-05,NA,NA,NA,0.796163272050907,-0.0622525092103879,-0.0295680820643258,0,0,50
"bivgauss",5e-05,1e+05,"hrv_interior","0.05",TRUE,5.09233964708627e-05,-3.04422189772699e-05,NA,NA,NA,0.796163272050907,-0.0622525092103879,-0.0295680820643258,0,0,10
"bivgauss",5e-05,1e+05,"hrv_interior","0.1",TRUE,4.22826846949146e-05,-2.71966706700411e-05,NA,NA,NA,0.796163272050907,-0.0622525092103879,-0.0295680820643258,0,0,10
"bivgauss",5e-05,1e+05,"hrv_interior","0.01",TRUE,6.58628446692812e-05,-3.54547537653489e-05,NA,NA,NA,0.796163272050907,-0.0622525092103879,-0.0295680820643258,0,0,10
"bivgauss",5e-05,1e+05,"hrv_full","0.05",FALSE,5.16529289318507e-05,-3.08572983265157e-05,NA,NA,NA,0.812171821782063,-0.0820640852122699,-0.100570003779424,0,0,50
"bivgauss",5e-05,1e+05,"hrv_full","0.1",FALSE,4.31049938325182e-05,-2.72665238841368e-05,NA,NA,NA,0.812171821782063,-0.0820640852122699,-0.100570003779424,0,0,50
"bivgauss",5e-05,1e+05,"hrv_full","0.01",TRUE,6.95922109684695e-05,-3.64971462489504e-05,NA,NA,NA,0.812171821782063,-0.0820640852122699,-0.100570003779424,0,0,50
"bivgauss",5e-05,1e+05,"hrv_interior","0.05",TRUE,5.16529289318507e-05,-3.08572983265157e-05,NA,NA,NA,0.812171821782063,-0.0820640852122699,-0.100570003779424,0,0,10
"bivgauss",5e-05,1e+05,"hrv_interior","0.1",TRUE,4.31049938325182e-05,-2.72665238841368e-05,NA,NA,NA,0.812171821782063,-0.0820640852122699,-0.100570003779424,0,0,10
"bivgauss",5e-05,1e+05,"hrv_interior","0.01",TRUE,6.95922109684695e-05,-3.64971462489504e-05,NA,NA,NA,0.812171821782063,-0.0820640852122699,-0.100570003779424,0,0,10
"bivgauss",5e-05,1e+05,"hrv_full","0.05",FALSE,5.52612852407678e-05,-3.23240515726279e-05,NA,NA,NA,0.851719860596284,-0.104054925570418,-0.0320418372408395,0,0,50
"bivgauss",5e-05,1e+05,"hrv_full","0.1",FALSE,4.56575460228301e-05,-2.8598460881063e-05,NA,NA,NA,0.851719860596284,-0.104054925570418,-0.0320418372408395,0,0,50
"bivgauss",5e-05,1e+05,"hrv_full","0.01",TRUE,7.56980878151857e-05,-3.84639523940627e-05,NA,NA,NA,0.851719860596284,-0.104054925570418,-0.0320418372408395,0,0,50
"bivgauss",5e-05,1e+05,"hrv_interior","0.05",TRUE,5.52612852407678e-05,-3.23240515726279e-05,NA,NA,NA,0.851719860596284,-0.104054925570418,-0.0320418372408395,0,0,10
"bivgauss",5e-05,1e+05,"hrv_interior","0.1",TRUE,4.56575460228301e-05,-2.8598460881063e-05,NA,NA,NA,0.851719860596284,-0.104054925570418,-0.0320418372408395,0,0,10
"bivgauss",5e-05,1e+05,"hrv_interior","0.01",TRUE,7.56980878151857e-05,-3.84639523940627e-05,NA,NA,NA,0.851719860596284,-0.104054925570418,-0.0320418372408395,0,0,10
"bivgauss",5e-05,1e+05,"hrv_full","0.05",TRUE,5.43128069492782e-05,-3.4497084707153e-05,NA,NA,NA,0.863565627996371,-0.0550565453668155,-0.0701869969505149,0,0,50
"bivgauss",5e-05,1e+05,"hrv_full","0.1",TRUE,4.67273569489294e-05,-3.07749737398098e-05,NA,NA,NA,0.863565627996371,-0.0550565453668155,-0.0701869969505149,0,0,50
"bivgauss",5e-05,1e+05,"hrv_full","0.01",TRUE,7.20345975891129e-05,-3.93860895011167e-05,NA,NA,NA,0.863565627996371,-0.0550565453668155,-0.0701869969505149,0,0,50
"bivgauss",5e-05,1e+05,"hrv_interior","0.05",TRUE,5.43128069492782e-05,-3.4497084707153e-05,NA,NA,NA,0.863565627996371,-0.0550565453668155,-0.0701869969505149,0,0,10
"bivgauss",5e-05,1e+05,"hrv_interior","0.1",TRUE,4.67273569489294e-05,-3.07749737398098e-05,NA,NA,NA,0.863565627996371,-0.0550565453668155,-0.0701869969505149,0,0,10
"bivgauss",5e-05,1e+05,"hrv_interior","0.01",TRUE,7.20345975891129e-05,-3.93860895011167e-05,NA,NA,NA,0.863565627996371,-0.0550565453668155,-0.0701869969505149,0,0,10
"bivgauss",5e-05,1e+05,"hrv_full","0.05",FALSE,5.58669344678464e-05,-3.22944758382147e-05,NA,NA,NA,0.747524084927938,-0.152288185090944,-0.121716023557637,0,0,50
"bivgauss",5e-05,1e+05,"hrv_full","0.1",FALSE,4.68415122386222e-05,-2.87221891989774e-05,NA,NA,NA,0.747524084927938,-0.152288185090944,-0.121716023557637,0,0,50
"bivgauss",5e-05,1e+05,"hrv_full","0.01",FALSE,7.39492444806149e-05,-3.7608094955818e-05,NA,NA,NA,0.747524084927938,-0.152288185090944,-0.121716023557637,0,0,50
"bivgauss",5e-05,1e+05,"hrv_interior","0.05",TRUE,5.58669344678464e-05,-3.22944758382147e-05,NA,NA,NA,0.747524084927938,-0.152288185090944,-0.121716023557637,0,0,10
"bivgauss",5e-05,1e+05,"hrv_interior","0.1",FALSE,4.68415122386222e-05,-2.87221891989774e-05,NA,NA,NA,0.747524084927938,-0.152288185090944,-0.121716023557637,0,0,10
"bivgauss",5e-05,1e+05,"hrv_interior","0.01",TRUE,7.39492444806149e-05,-3.7608094955818e-05,NA,NA,NA,0.747524084927938,-0.152288185090944,-0.121716023557637,0,0,10
"bivgauss",5e-05,1e+05,"hrv_full","0.05",FALSE,5.13773253299142e-05,-3.14106143818211e-05,NA,NA,NA,0.789075063065439,-0.130061468485287,-0.148620104382611,0,0,50
"bivgauss",5e-05,1e+05,"hrv_full","0.1",FALSE,4.23102024703956e-05,-2.75666374381511e-05,NA,NA,NA,0.789075063065439,-0.130061468485287,-0.148620104382611,0,0,50
"bivgauss",5e-05,1e+05,"hrv_full","0.01",FALSE,6.50836980637985e-05,-3.70660806082317e-05,NA,NA,NA,0.789075063065439,-0.130061468485287,-0.148620104382611,0,0,50
"bivgauss",5e-05,1e+05,"hrv_interior","0.05",FALSE,5.13773253299142e-05,-3.14106143818211e-05,NA,NA,NA,0.789075063065439,-0.130061468485287,-0.148620104382611,0,0,10
"bivgauss",5e-05,1e+05,"hrv_interior","0.1",FALSE,4.23102024703956e-05,-2.75666374381511e-05,NA,NA,NA,0.789075063065439,-0.130061468485287,-0.148620104382611,0,0,10
"bivgauss",5e-05,1e+05,"hrv_interior","0.01",TRUE,6.50836980637985e-05,-3.70660806082317e-05,NA,NA,NA,0.789075063065439,-0.130061468485287,-0.148620104382611,0,0,10
"bivgauss",5e-05,1e+05,"hrv_full","0.05",FALSE,4.75995789783037e-05,-2.95939554576228e-05,NA,NA,NA,0.753958618296665,-0.0441055200915904,-0.121035650197108,0,0,50
"bivgauss",5e-05,1e+05,"hrv_full","0.1",FALSE,4.00945017347569e-05,-2.59783362345584e-05,NA,NA,NA,0.753958618296665,-0.0441055200915904,-0.121035650197108,0,0,50
"bivgauss",5e-05,1e+05,"hrv_full","0.01",FALSE,6.31409308737282e-05,-3.48588856545238e-05,NA,NA,NA,0.753958618296665,-0.0441055200915904,-0.121035650197108,0,0,50
"bivgauss",5e-05,1e+05,"hrv_interior","0.05",TRUE,4.75995789783037e-05,-2.95939554576228e-05,NA,NA,NA,0.753958618296665,-0.0441055200915904,-0.121035650197108,0,0,10
"bivgauss",5e-05,1e+05,"hrv_interior","0.1",TRUE,4.00945017347569e-05,-2.59783362345584e-05,NA,NA,NA,0.753958618296665,-0.0441055200915904,-0.121035650197108,0,0,10
"bivgauss",5e-05,1e+05,"hrv_interior","0.01",TRUE,6.31409308737282e-05,-3.48588856545238e-05,NA,NA,NA,0.753958618296665,-0.0441055200915904,-0.121035650197108,0,0,10
"bivgauss",5e-05,1e+05,"hrv_full","0.05",FALSE,5.57267917142512e-05,-3.32485465545857e-05,NA,NA,NA,0.819730942433866,-0.161504919290515,-0.0183674397430012,0,0,50
"bivgauss",5e-05,1e+05,"hrv_full","0.1",FALSE,4.69394026604692e-05,-2.93976836977424e-05,NA,NA,NA,0.819730942433866,-0.161504919290515,-0.0183674397430012,0,0,50
"bivgauss",5e-05,1e+05,"hrv_full","0.01",TRUE,7.77655615556975e-05,-3.91389199636622e-05,NA,NA,NA,0.819730942433866,-0.161504919290515,-0.0183674397430012,0,0,50
"bivgauss",5e-05,1e+05,"hrv_interior","0.05",TRUE,5.57267917142512e-05,-3.32485465545857e-05,NA,NA,NA,0.819730942433866,-0.161504919290515,-0.0183674397430012,0,0,10
"bivgauss",5e-05,1e+05,"hrv_interior","0.1",TRUE,4.69394026604692e-05,-2.93976836977424e-05,NA,NA,NA,0.819730942433866,-0.161504919290515,-0.0183674397430012,0,0,10
"bivgauss",5e-05,1e+05,"hrv_interior","0.01",TRUE,7.77655615556975e-05,-3.91389199636622e-05,NA,NA,NA,0.819730942433866,-0.161504919290515,-0.0183674397430012,0,0,10
"bivgauss",5e-05,1e+05,"hrv_full","0.05",TRUE,4.88929577047176e-05,-3.06004084435943e-05,NA,NA,NA,0.888256640428629,-0.0849968521612087,-0.0987688802394537,0,0,50
"bivgauss",5e-05,1e+05,"hrv_full","0.1",TRUE,4.14053816495892e-05,-2.70260165655235e-05,NA,NA,NA,0.888256640428629,-0.0849968521612087,-0.0987688802394537,0,0,50
"bivgauss",5e-05,1e+05,"hrv_full","0.01",TRUE,6.09977780482297e-05,-3.6106757319865e-05,NA,NA,NA,0.888256640428629,-0.0849968521612087,-0.0987688802394537,0,0,50
"bivgauss",5e-05,1e+05,"hrv_interior","0.05",TRUE,4.88929577047176e-05,-3.06004084435943e-05,NA,NA,NA,0.888256640428629,-0.0849968521612087,-0.0987688802394537,0,0,10
"bivgauss",5e-05,1e+05,"hrv_interior","0.1",TRUE,4.14053816495892e-05,-2.70260165655235e-05,NA,NA,NA,0.888256640428629,-0.0849968521612087,-0.0987688802394537,0,0,10
"bivgauss",5e-05,1e+05,"hrv_interior","0.01",TRUE,6.09977780482297e-05,-3.6106757319865e-05,NA,NA,NA,0.888256640428629,-0.0849968521612087,-0.0987688802394537,0,0,10
"bivgauss",5e-05,1e+05,"hrv_full","0.05",FALSE,4.66314139941767e-05,-2.83244048132105e-05,NA,NA,NA,0.777967871153072,-0.056678123207061,-0.150856324246454,0,0,50
"bivgauss",5e-05,1e+05,"hrv_full","0.1",FALSE,3.90631891098553e-05,-2.55481025411241e-05,NA,NA,NA,0.777967871153072,-0.056678123207061,-0.150856324246454,0,0,50
"bivgauss",5e-05,1e+05,"hrv_full","0.01",FALSE,6.04570713907096e-05,-3.4165790116582e-05,NA,NA,NA,0.777967871153072,-0.056678123207061,-0.150856324246454,0,0,50
"bivgauss",5e-05,1e+05,"hrv_interior","0.05",FALSE,4.66314139941767e-05,-2.83244048132105e-05,NA,NA,NA,0.777967871153072,-0.056678123207061,-0.150856324246454,0,0,10
"bivgauss",5e-05,1e+05,"hrv_interior","0.1",FALSE,3.90631891098553e-05,-2.55481025411241e-05,NA,NA,NA,0.777967871153072,-0.056678123207061,-0.150856324246454,0,0,10
"bivgauss",5e-05,1e+05,"hrv_interior","0.01",FALSE,6.04570713907096e-05,-3.4165790116582e-05,NA,NA,NA,0.777967871153072,-0.056678123207061,-0.150856324246454,0,0,10
"bivgauss",5e-05,1e+05,"hrv_full","0.05",TRUE,5.69030364545527e-05,-3.26636839217488e-05,NA,NA,NA,0.794918284631683,-0.0893764573386974,0.0113698227379031,0,0,50
"bivgauss",5e-05,1e+05,"hrv_full","0.1",FALSE,4.83344102452516e-05,-2.91608765957008e-05,NA,NA,NA,0.794918284631683,-0.0893764573386974,0.0113698227379031,0,0,50
"bivgauss",5e-05,1e+05,"hrv_full","0.01",TRUE,7.8933879645883e-05,-3.76220166437109e-05,NA,NA,NA,0.794918284631683,-0.0893764573386974,0.0113698227379031,0,0,50
"bivgauss",5e-05,1e+05,"hrv_interior","0.05",TRUE,5.69030364545527e-05,-3.26636839217488e-05,NA,NA,NA,0.794918284631683,-0.0893764573386974,0.0113698227379031,0,0,10
"bivgauss",5e-05,1e+05,"hrv_interior","0.1",TRUE,4.83344102452516e-05,-2.91608765957008e-05,NA,NA,NA,0.794918284631683,-0.0893764573386974,0.0113698227379031,0,0,10
"bivgauss",5e-05,1e+05,"hrv_interior","0.01",TRUE,7.8933879645883e-05,-3.76220166437109e-05,NA,NA,NA,0.794918284631683,-0.0893764573386974,0.0113698227379031,0,0,10
"bivgauss",5e-05,1e+05,"hrv_full","0.05",FALSE,5.19750383921533e-05,-3.27169522887215e-05,NA,NA,NA,0.811806153322214,-0.0642985844859607,-0.120839638884627,0,0,50
"bivgauss",5e-05,1e+05,"hrv_full","0.1",FALSE,4.4913674964062e-05,-2.90747533765666e-05,NA,NA,NA,0.811806153322214,-0.0642985844859607,-0.120839638884627,0,0,50
"bivgauss",5e-05,1e+05,"hrv_full","0.01",TRUE,6.98864375023063e-05,-4.02969641852271e-05,NA,NA,NA,0.811806153322214,-0.0642985844859607,-0.120839638884627,0,0,50
"bivgauss",5e-05,1e+05,"hrv_interior","0.05",TRUE,5.19750383921533e-05,-3.27169522887215e-05,NA,NA,NA,0.811806153322214,-0.0642985844859607,-0.120839638884627,0,0,10
"bivgauss",5e-05,1e+05,"hrv_interior","0.1",TRUE,4.4913674964062e-05,-2.90747533765666e-05,NA,NA,NA,0.811806153322214,-0.0642985844859607,-0.120839638884627,0,0,10
"bivgauss",5e-05,1e+05,"hrv_interior","0.01",TRUE,6.98864375023063e-05,-4.02969641852271e-05,NA,NA,NA,0.811806153322214,-0.0642985844859607,-0.120839638884627,0,0,10
"bivgauss",5e-05,1e+05,"hrv_full","0.05",FALSE,5.02763104078594e-05,-3.14901827948322e-05,NA,NA,NA,0.803115428304079,-0.0512071764355251,-0.111367480225336,0,0,50
"bivgauss",5e-05,1e+05,"hrv_full","0.1",FALSE,4.3752294757723e-05,-2.72911944182363e-05,NA,NA,NA,0.803115428304079,-0.0512071764355251,-0.111367480225336,0,0,50
"bivgauss",5e-05,1e+05,"hrv_full","0.01",FALSE,6.50758788001358e-05,-3.88264198939798e-05,NA,NA,NA,0.803115428304079,-0.0512071764355251,-0.111367480225336,0,0,50
"bivgauss",5e-05,1e+05,"hrv_interior","0.05",TRUE,5.02763104078594e-05,-3.14901827948322e-05,NA,NA,NA,0.803115428304079,-0.0512071764355251,-0.111367480225336,0,0,10
"bivgauss",5e-05,1e+05,"hrv_interior","0.1",FALSE,4.3752294757723e-05,-2.72911944182363e-05,NA,NA,NA,0.803115428304079,-0.0512071764355251,-0.111367480225336,0,0,10
"bivgauss",5e-05,1e+05,"hrv_interior","0.01",TRUE,6.50758788001358e-05,-3.88264198939798e-05,NA,NA,NA,0.803115428304079,-0.0512071764355251,-0.111367480225336,0,0,10
"bivgauss",5e-05,1e+05,"hrv_full","0.05",FALSE,6.28258673373776e-05,-3.43071345619744e-05,NA,NA,NA,0.812948859681925,-0.137277327084724,-0.0832484952355818,0,0,50
"bivgauss",5e-05,1e+05,"hrv_full","0.1",FALSE,5.1970791241256e-05,-3.1215098515422e-05,NA,NA,NA,0.812948859681925,-0.137277327084724,-0.0832484952355818,0,0,50
"bivgauss",5e-05,1e+05,"hrv_full","0.01",FALSE,8.74221952645655e-05,-3.9242425274742e-05,NA,NA,NA,0.812948859681925,-0.137277327084724,-0.0832484952355818,0,0,50
"bivgauss",5e-05,1e+05,"hrv_interior","0.05",TRUE,6.28258673373776e-05,-3.43071345619744e-05,NA,NA,NA,0.812948859681925,-0.137277327084724,-0.0832484952355818,0,0,10
"bivgauss",5e-05,1e+05,"hrv_interior","0.1",TRUE,5.1970791241256e-05,-3.1215098515422e-05,NA,NA,NA,0.812948859681925,-0.137277327084724,-0.0832484952355818,0,0,10
"bivgauss",5e-05,1e+05,"hrv_interior","0.01",TRUE,8.74221952645655e-05,-3.9242425274742e-05,NA,NA,NA,0.812948859681925,-0.137277327084724,-0.0832484952355818,0,0,10
"bivgauss",5e-05,1e+05,"hrv_full","0.05",FALSE,5.95109481107308e-05,-3.39949900692627e-05,NA,NA,NA,0.793925437916004,-0.0488056323924495,-0.113999817202482,0,0,50
"bivgauss",5e-05,1e+05,"hrv_full","0.1",FALSE,5.03706127839339e-05,-3.07552607870364e-05,NA,NA,NA,0.793925437916004,-0.0488056323924495,-0.113999817202482,0,0,50
"bivgauss",5e-05,1e+05,"hrv_full","0.01",TRUE,7.86714445899426e-05,-4.09539027394559e-05,NA,NA,NA,0.793925437916004,-0.0488056323924495,-0.113999817202482,0,0,50
"bivgauss",5e-05,1e+05,"hrv_interior","0.05",TRUE,5.95109481107308e-05,-3.39949900692627e-05,NA,NA,NA,0.793925437916004,-0.0488056323924495,-0.113999817202482,0,0,10
"bivgauss",5e-05,1e+05,"hrv_interior","0.1",TRUE,5.03706127839339e-05,-3.07552607870364e-05,NA,NA,NA,0.793925437916004,-0.0488056323924495,-0.113999817202482,0,0,10
"bivgauss",5e-05,1e+05,"hrv_interior","0.01",TRUE,7.86714445899426e-05,-4.09539027394559e-05,NA,NA,NA,0.793925437916004,-0.0488056323924495,-0.113999817202482,0,0,10
"bivgauss",5e-05,1e+05,"hrv_full","0.05",FALSE,5.86218372537039e-05,-3.44762989865946e-05,NA,NA,NA,0.840527811398635,-0.119910675892109,-0.0194413201692959,0,0,50
"bivgauss",5e-05,1e+05,"hrv_full","0.1",FALSE,4.92325478241042e-05,-3.10234658299633e-05,NA,NA,NA,0.840527811398635,-0.119910675892109,-0.0194413201692959,0,0,50
"bivgauss",5e-05,1e+05,"hrv_full","0.01",FALSE,7.89315668031666e-05,-3.97482765555562e-05,NA,NA,NA,0.840527811398635,-0.119910675892109,-0.0194413201692959,0,0,50
"bivgauss",5e-05,1e+05,"hrv_interior","0.05",TRUE,5.86218372537039e-05,-3.44762989865946e-05,NA,NA,NA,0.840527811398635,-0.119910675892109,-0.0194413201692959,0,0,10
"bivgauss",5e-05,1e+05,"hrv_interior","0.1",TRUE,4.92325478241042e-05,-3.10234658299633e-05,NA,NA,NA,0.840527811398635,-0.119910675892109,-0.0194413201692959,0,0,10
"bivgauss",5e-05,1e+05,"hrv_interior","0.01",TRUE,7.89315668031666e-05,-3.97482765555562e-05,NA,NA,NA,0.840527811398635,-0.119910675892109,-0.0194413201692959,0,0,10
"bivgauss",5e-05,1e+05,"hrv_full","0.05",TRUE,5.32591942111961e-05,-3.06213860270368e-05,NA,NA,NA,0.81557793535602,-0.0521473486414058,-0.0854735237733211,0,0,50
"bivgauss",5e-05,1e+05,"hrv_full","0.1",FALSE,4.45298525763484e-05,-2.74259256330947e-05,NA,NA,NA,0.81557793535602,-0.0521473486414058,-0.0854735237733211,0,0,50
"bivgauss",5e-05,1e+05,"hrv_full","0.01",TRUE,6.68667648292746e-05,-3.69384151714856e-05,NA,NA,NA,0.81557793535602,-0.0521473486414058,-0.0854735237733211,0,0,50
"bivgauss",5e-05,1e+05,"hrv_interior","0.05",TRUE,5.32591942111961e-05,-3.06213860270368e-05,NA,NA,NA,0.81557793535602,-0.0521473486414058,-0.0854735237733211,0,0,10
"bivgauss",5e-05,1e+05,"hrv_interior","0.1",TRUE,4.45298525763484e-05,-2.74259256330947e-05,NA,NA,NA,0.81557793535602,-0.0521473486414058,-0.0854735237733211,0,0,10
"bivgauss",5e-05,1e+05,"hrv_interior","0.01",TRUE,6.68667648292746e-05,-3.69384151714856e-05,NA,NA,NA,0.81557793535602,-0.0521473486414058,-0.0854735237733211,0,0,10
"bivgauss",5e-05,1e+05,"hrv_full","0.05",TRUE,6.11151130200102e-05,-3.63213942427894e-05,NA,NA,NA,0.88394145869921,-0.0577645189101814,-0.138383863037028,0,0,50
"bivgauss",5e-05,1e+05,"hrv_full","0.1",TRUE,5.10547013107504e-05,-3.21257396476146e-05,NA,NA,NA,0.88394145869921,-0.0577645189101814,-0.138383863037028,0,0,50
"bivgauss",5e-05,1e+05,"hrv_full","0.01",TRUE,7.92521890838007e-05,-4.29803904720318e-05,NA,NA,NA,0.88394145869921,-0.0577645189101814,-0.138383863037028,0,0,50
"bivgauss",5e-05,1e+05,"hrv_interior","0.05",TRUE,6.11151130200102e-05,-3.63213942427894e-05,NA,NA,NA,0.88394145869921,-0.0577645189101814,-0.138383863037028,0,0,10
"bivgauss",5e-05,1e+05,"hrv_interior","0.1",TRUE,5.10547013107504e-05,-3.21257396476146e-05,NA,NA,NA,0.88394145869921,-0.0577645189101814,-0.138383863037028,0,0,10
"bivgauss",5e-05,1e+05,"hrv_interior","0.01",TRUE,7.92521890838007e-05,-4.29803904720318e-05,NA,NA,NA,0.88394145869921,-0.0577645189101814,-0.138383863037028,0,0,10
"bivgauss",5e-05,1e+05,"hrv_full","0.05",TRUE,5.42709562423823e-05,-3.16214535671796e-05,NA,NA,NA,0.80110067533569,-0.0522618276928853,-0.0436070132166606,0,0,50
"bivgauss",5e-05,1e+05,"hrv_full","0.1",TRUE,4.65649708729558e-05,-2.80968752408363e-05,NA,NA,NA,0.80110067533569,-0.0522618276928853,-0.0436070132166606,0,0,50
"bivgauss",5e-05,1e+05,"hrv_full","0.01",TRUE,6.96106739268558e-05,-3.73252528960628e-05,NA,NA,NA,0.80110067533569,-0.0522618276928853,-0.0436070132166606,0,0,50
"bivgauss",5e-05,1e+05,"hrv_interior","0.05",TRUE,5.42709562423823e-05,-3.16214535671796e-05,NA,NA,NA,0.80110067533569,-0.0522618276928853,-0.0436070132166606,0,0,10
"bivgauss",5e-05,1e+05,"hrv_interior","0.1",TRUE,4.65649708729558e-05,-2.80968752408363e-05,NA,NA,NA,0.80110067533569,-0.0522618276928853,-0.0436070132166606,0,0,10
"bivgauss",5e-05,1e+05,"hrv_interior","0.01",TRUE,6.96106739268558e-05,-3.73252528960628e-05,NA,NA,NA,0.80110067533569,-0.0522618276928853,-0.0436070132166606,0,0,10
"bivgauss",5e-05,1e+05,"hrv_full","0.05",TRUE,5.48113526244025e-05,-3.18998784443923e-05,NA,NA,NA,0.852030588721245,0.0337563816917257,-0.0237312634863113,0,0,50
"bivgauss",5e-05,1e+05,"hrv_full","0.1",TRUE,4.58210725377775e-05,-2.83056053887313e-05,NA,NA,NA,0.852030588721245,0.0337563816917257,-0.0237312634863113,0,0,50
"bivgauss",5e-05,1e+05,"hrv_full","0.01",TRUE,7.22227387637741e-05,-3.85487884923149e-05,NA,NA,NA,0.852030588721245,0.0337563816917257,-0.0237312634863113,0,0,50
"bivgauss",5e-05,1e+05,"hrv_interior","0.05",TRUE,5.48113526244025e-05,-3.18998784443923e-05,NA,NA,NA,0.852030588721245,0.0337563816917257,-0.0237312634863113,0,0,10
"bivgauss",5e-05,1e+05,"hrv_interior","0.1",TRUE,4.58210725377775e-05,-2.83056053887313e-05,NA,NA,NA,0.852030588721245,0.0337563816917257,-0.0237312634863113,0,0,10
"bivgauss",5e-05,1e+05,"hrv_interior","0.01",TRUE,7.22227387637741e-05,-3.85487884923149e-05,NA,NA,NA,0.852030588721245,0.0337563816917257,-0.0237312634863113,0,0,10
"bivgauss",5e-05,1e+05,"hrv_full","0.05",FALSE,5.61209076243208e-05,-3.27234890054954e-05,NA,NA,NA,0.809681066661139,-0.0330445731492921,-0.150980259392976,0,0,50
"bivgauss",5e-05,1e+05,"hrv_full","0.1",FALSE,4.68358568379401e-05,-2.91305550267347e-05,NA,NA,NA,0.809681066661139,-0.0330445731492921,-0.150980259392976,0,0,50
"bivgauss",5e-05,1e+05,"hrv_full","0.01",FALSE,7.42890362241614e-05,-3.84419367724224e-05,NA,NA,NA,0.809681066661139,-0.0330445731492921,-0.150980259392976,0,0,50
"bivgauss",5e-05,1e+05,"hrv_interior","0.05",TRUE,5.61209076243208e-05,-3.27234890054954e-05,NA,NA,NA,0.809681066661139,-0.0330445731492921,-0.150980259392976,0,0,10
"bivgauss",5e-05,1e+05,"hrv_interior","0.1",TRUE,4.68358568379401e-05,-2.91305550267347e-05,NA,NA,NA,0.809681066661139,-0.0330445731492921,-0.150980259392976,0,0,10
"bivgauss",5e-05,1e+05,"hrv_interior","0.01",TRUE,7.42890362241614e-05,-3.84419367724224e-05,NA,NA,NA,0.809681066661139,-0.0330445731492921,-0.150980259392976,0,0,10
"bivgauss",5e-05,1e+05,"hrv_full","0.05",FALSE,4.93632858518603e-05,-3.02177061811522e-05,NA,NA,NA,0.787579185406082,-0.0594328559676143,-0.190795929383726,0,0,50
"bivgauss",5e-05,1e+05,"hrv_full","0.1",FALSE,4.15588094405041e-05,-2.68692472636311e-05,NA,NA,NA,0.787579185406082,-0.0594328559676143,-0.190795929383726,0,0,50
"bivgauss",5e-05,1e+05,"hrv_full","0.01",FALSE,6.41025370155344e-05,-3.64622614641777e-05,NA,NA,NA,0.787579185406082,-0.0594328559676143,-0.190795929383726,0,0,50
"bivgauss",5e-05,1e+05,"hrv_interior","0.05",FALSE,4.93632858518603e-05,-3.02177061811522e-05,NA,NA,NA,0.787579185406082,-0.0594328559676143,-0.190795929383726,0,0,10
"bivgauss",5e-05,1e+05,"hrv_interior","0.1",FALSE,4.15588094405041e-05,-2.68692472636311e-05,NA,NA,NA,0.787579185406082,-0.0594328559676143,-0.190795929383726,0,0,10
"bivgauss",5e-05,1e+05,"hrv_interior","0.01",TRUE,6.41025370155344e-05,-3.64622614641777e-05,NA,NA,NA,0.787579185406082,-0.0594328559676143,-0.190795929383726,0,0,10
"bivgauss",5e-05,1e+05,"hrv_full","0.05",FALSE,5.18778071053701e-05,-3.11385344911528e-05,NA,NA,NA,0.784581149915355,-0.0406552511073506,-0.054087738709163,0,0,50
"bivgauss",5e-05,1e+05,"hrv_full","0.1",FALSE,4.30485887499623e-05,-2.80112346620685e-05,NA,NA,NA,0.784581149915355,-0.0406552511073506,-0.054087738709163,0,0,50
"bivgauss",5e-05,1e+05,"hrv_full","0.01",TRUE,6.73555780626703e-05,-3.68365687736642e-05,NA,NA,NA,0.784581149915355,-0.0406552511073506,-0.054087738709163,0,0,50
"bivgauss",5e-05,1e+05,"hrv_interior","0.05",TRUE,5.18778071053701e-05,-3.11385344911528e-05,NA,NA,NA,0.784581149915355,-0.0406552511073506,-0.054087738709163,0,0,10
"bivgauss",5e-05,1e+05,"hrv_interior","0.1",TRUE,4.30485887499623e-05,-2.80112346620685e-05,NA,NA,NA,0.784581149915355,-0.0406552511073506,-0.054087738709163,0,0,10
"bivgauss",5e-05,1e+05,"hrv_interior","0.01",TRUE,6.73555780626703e-05,-3.68365687736642e-05,NA,NA,NA,0.784581149915355,-0.0406552511073506,-0.054087738709163,0,0,10
"bivgauss",5e-05,1e+05,"hrv_full","0.05",FALSE,5.06285848377044e-05,-3.24706878249262e-05,NA,NA,NA,0.836696154789724,-0.0617724379993359,-0.0916188697199775,0,0,50
"bivgauss",5e-05,1e+05,"hrv_full","0.1",FALSE,4.41444293659792e-05,-2.87016562432835e-05,NA,NA,NA,0.836696154789724,-0.0617724379993359,-0.0916188697199775,0,0,50
"bivgauss",5e-05,1e+05,"hrv_full","0.01",TRUE,6.7344204978073e-05,-3.95383883447041e-05,NA,NA,NA,0.836696154789724,-0.0617724379993359,-0.0916188697199775,0,0,50
"bivgauss",5e-05,1e+05,"hrv_interior","0.05",TRUE,5.06285848377044e-05,-3.24706878249262e-05,NA,NA,NA,0.836696154789724,-0.0617724379993359,-0.0916188697199775,0,0,10
"bivgauss",5e-05,1e+05,"hrv_interior","0.1",TRUE,4.41444293659792e-05,-2.87016562432835e-05,NA,NA,NA,0.836696154789724,-0.0617724379993359,-0.0916188697199775,0,0,10
"bivgauss",5e-05,1e+05,"hrv_interior","0.01",TRUE,6.7344204978073e-05,-3.95383883447041e-05,NA,NA,NA,0.836696154789724,-0.0617724379993359,-0.0916188697199775,0,0,10
"bivgauss",5e-05,1e+05,"hrv_full","0.05",TRUE,5.87194530608167e-05,-3.41997346976456e-05,NA,NA,NA,0.795413409135426,0.0016346134207621,-0.0669536915475418,0,0,50
"bivgauss",5e-05,1e+05,"hrv_full","0.1",TRUE,4.96993319554507e-05,-3.02465537312657e-05,NA,NA,NA,0.795413409135426,0.0016346134207621,-0.0669536915475418,0,0,50
"bivgauss",5e-05,1e+05,"hrv_full","0.01",TRUE,7.63776774314974e-05,-4.06905683166648e-05,NA,NA,NA,0.795413409135426,0.0016346134207621,-0.0669536915475418,0,0,50
"bivgauss",5e-05,1e+05,"hrv_interior","0.05",TRUE,5.87194530608167e-05,-3.41997346976456e-05,NA,NA,NA,0.795413409135426,0.0016346134207621,-0.0669536915475418,0,0,10
"bivgauss",5e-05,1e+05,"hrv_interior","0.1",TRUE,4.96993319554507e-05,-3.02465537312657e-05,NA,NA,NA,0.795413409135426,0.0016346134207621,-0.0669536915475418,0,0,10
"bivgauss",5e-05,1e+05,"hrv_interior","0.01",TRUE,7.63776774314974e-05,-4.06905683166648e-05,NA,NA,NA,0.795413409135426,0.0016346134207621,-0.0669536915475418,0,0,10
"bivgauss",5e-05,1e+05,"hrv_full","0.05",TRUE,5.86131042431469e-05,-3.52080172865495e-05,NA,NA,NA,0.84328271972428,-0.0137544230856981,-0.00157079467375799,0,0,50
"bivgauss",5e-05,1e+05,"hrv_full","0.1",TRUE,4.91279842044838e-05,-3.14158914844976e-05,NA,NA,NA,0.84328271972428,-0.0137544230856981,-0.00157079467375799,0,0,50
"bivgauss",5e-05,1e+05,"hrv_full","0.01",TRUE,7.78063460793549e-05,-4.25345733527407e-05,NA,NA,NA,0.84328271972428,-0.0137544230856981,-0.00157079467375799,0,0,50
"bivgauss",5e-05,1e+05,"hrv_interior","0.05",TRUE,5.86131042431469e-05,-3.52080172865495e-05,NA,NA,NA,0.84328271972428,-0.0137544230856981,-0.00157079467375799,0,0,10
"bivgauss",5e-05,1e+05,"hrv_interior","0.1",TRUE,4.91279842044838e-05,-3.14158914844976e-05,NA,NA,NA,0.84328271972428,-0.0137544230856981,-0.00157079467375799,0,0,10
"bivgauss",5e-05,1e+05,"hrv_interior","0.01",TRUE,7.78063460793549e-05,-4.25345733527407e-05,NA,NA,NA,0.84328271972428,-0.0137544230856981,-0.00157079467375799,0,0,10
"bivgauss",5e-05,1e+05,"hrv_full","0.05",FALSE,5.09090653794585e-05,-3.18120747152813e-05,NA,NA,NA,0.792486300425986,-0.0595376850307855,-0.0438433558663,0,0,50
"bivgauss",5e-05,1e+05,"hrv_full","0.1",FALSE,4.44746658918403e-05,-2.82995371988236e-05,NA,NA,NA,0.792486300425986,-0.0595376850307855,-0.0438433558663,0,0,50
"bivgauss",5e-05,1e+05,"hrv_full","0.01",FALSE,6.59730520976929e-05,-3.6969703923049e-05,NA,NA,NA,0.792486300425986,-0.0595376850307855,-0.0438433558663,0,0,50
"bivgauss",5e-05,1e+05,"hrv_interior","0.05",TRUE,5.09090653794585e-05,-3.18120747152813e-05,NA,NA,NA,0.792486300425986,-0.0595376850307855,-0.0438433558663,0,0,10
"bivgauss",5e-05,1e+05,"hrv_interior","0.1",TRUE,4.44746658918403e-05,-2.82995371988236e-05,NA,NA,NA,0.792486300425986,-0.0595376850307855,-0.0438433558663,0,0,10
"bivgauss",5e-05,1e+05,"hrv_interior","0.01",TRUE,6.59730520976929e-05,-3.6969703923049e-05,NA,NA,NA,0.792486300425986,-0.0595376850307855,-0.0438433558663,0,0,10
"bivgauss",5e-05,1e+05,"hrv_full","0.05",FALSE,5.1121040811312e-05,-3.32601240951552e-05,NA,NA,NA,0.83918478277001,-0.112615019402637,-0.128166261565514,0,0,50
"bivgauss",5e-05,1e+05,"hrv_full","0.1",FALSE,4.34134844379882e-05,-2.91241267913158e-05,NA,NA,NA,0.83918478277001,-0.112615019402637,-0.128166261565514,0,0,50
"bivgauss",5e-05,1e+05,"hrv_full","0.01",TRUE,6.6717906287384e-05,-4.05932642187791e-05,NA,NA,NA,0.83918478277001,-0.112615019402637,-0.128166261565514,0,0,50
"bivgauss",5e-05,1e+05,"hrv_interior","0.05",TRUE,5.1121040811312e-05,-3.32601240951552e-05,NA,NA,NA,0.83918478277001,-0.112615019402637,-0.128166261565514,0,0,10
"bivgauss",5e-05,1e+05,"hrv_interior","0.1",TRUE,4.34134844379882e-05,-2.91241267913158e-05,NA,NA,NA,0.83918478277001,-0.112615019402637,-0.128166261565514,0,0,10
"bivgauss",5e-05,1e+05,"hrv_interior","0.01",TRUE,6.6717906287384e-05,-4.05932642187791e-05,NA,NA,NA,0.83918478277001,-0.112615019402637,-0.128166261565514,0,0,10
"bivgauss",5e-05,1e+05,"hrv_full","0.05",FALSE,5.45472182461752e-05,-3.10417891478853e-05,NA,NA,NA,0.802234800395184,-0.0984126588336119,-0.0248322307837469,0,0,50
"bivgauss",5e-05,1e+05,"hrv_full","0.1",FALSE,4.61343296759601e-05,-2.84375927486466e-05,NA,NA,NA,0.802234800395184,-0.0984126588336119,-0.0248322307837469,0,0,50
"bivgauss",5e-05,1e+05,"hrv_full","0.01",TRUE,7.55269667292509e-05,-3.68294560230111e-05,NA,NA,NA,0.802234800395184,-0.0984126588336119,-0.0248322307837469,0,0,50
"bivgauss",5e-05,1e+05,"hrv_interior","0.05",TRUE,5.45472182461752e-05,-3.10417891478853e-05,NA,NA,NA,0.802234800395184,-0.0984126588336119,-0.0248322307837469,0,0,10
"bivgauss",5e-05,1e+05,"hrv_interior","0.1",TRUE,4.61343296759601e-05,-2.84375927486466e-05,NA,NA,NA,0.802234800395184,-0.0984126588336119,-0.0248322307837469,0,0,10
"bivgauss",5e-05,1e+05,"hrv_interior","0.01",TRUE,7.55269667292509e-05,-3.68294560230111e-05,NA,NA,NA,0.802234800395184,-0.0984126588336119,-0.0248322307837469,0,0,10
"bivgauss",5e-05,1e+05,"hrv_full","0.05",FALSE,5.5933324489486e-05,-3.27197023856121e-05,NA,NA,NA,0.833682395139024,-0.110396232581705,-0.162359368102543,0,0,50
"bivgauss",5e-05,1e+05,"hrv_full","0.1",FALSE,4.7919047492618e-05,-2.92633457286891e-05,NA,NA,NA,0.833682395139024,-0.110396232581705,-0.162359368102543,0,0,50
"bivgauss",5e-05,1e+05,"hrv_full","0.01",TRUE,7.15735003340157e-05,-3.87487418603821e-05,NA,NA,NA,0.833682395139024,-0.110396232581705,-0.162359368102543,0,0,50
"bivgauss",5e-05,1e+05,"hrv_interior","0.05",TRUE,5.5933324489486e-05,-3.27197023856121e-05,NA,NA,NA,0.833682395139024,-0.110396232581705,-0.162359368102543,0,0,10
"bivgauss",5e-05,1e+05,"hrv_interior","0.1",TRUE,4.7919047492618e-05,-2.92633457286891e-05,NA,NA,NA,0.833682395139024,-0.110396232581705,-0.162359368102543,0,0,10
"bivgauss",5e-05,1e+05,"hrv_interior","0.01",TRUE,7.15735003340157e-05,-3.87487418603821e-05,NA,NA,NA,0.833682395139024,-0.110396232581705,-0.162359368102543,0,0,10
"bivgauss",5e-05,1e+05,"hrv_full","0.05",FALSE,4.74087427099761e-05,-2.92430247466861e-05,NA,NA,NA,0.787515166873321,-0.0946073512123327,-0.105000399587537,0,0,50
"bivgauss",5e-05,1e+05,"hrv_full","0.1",FALSE,4.03099963217985e-05,-2.6099757835106e-05,NA,NA,NA,0.787515166873321,-0.0946073512123327,-0.105000399587537,0,0,50
"bivgauss",5e-05,1e+05,"hrv_full","0.01",FALSE,6.10882473609796e-05,-3.53658260538883e-05,NA,NA,NA,0.787515166873321,-0.0946073512123327,-0.105000399587537,0,0,50
"bivgauss",5e-05,1e+05,"hrv_interior","0.05",TRUE,4.74087427099761e-05,-2.92430247466861e-05,NA,NA,NA,0.787515166873321,-0.0946073512123327,-0.105000399587537,0,0,10
"bivgauss",5e-05,1e+05,"hrv_interior","0.1",TRUE,4.03099963217985e-05,-2.6099757835106e-05,NA,NA,NA,0.787515166873321,-0.0946073512123327,-0.105000399587537,0,0,10
"bivgauss",5e-05,1e+05,"hrv_interior","0.01",TRUE,6.10882473609796e-05,-3.53658260538883e-05,NA,NA,NA,0.787515166873321,-0.0946073512123327,-0.105000399587537,0,0,10
"bivgauss",5e-05,1e+05,"hrv_full","0.05",FALSE,4.73450061675464e-05,-3.04370504545571e-05,NA,NA,NA,0.833660058153206,-0.143679737003456,-0.2065889304041,0,0,50
"bivgauss",5e-05,1e+05,"hrv_full","0.1",FALSE,4.04473440028172e-05,-2.70984865124829e-05,NA,NA,NA,0.833660058153206,-0.143679737003456,-0.2065889304041,0,0,50
"bivgauss",5e-05,1e+05,"hrv_full","0.01",FALSE,6.22695391970758e-05,-3.79279757289591e-05,NA,NA,NA,0.833660058153206,-0.143679737003456,-0.2065889304041,0,0,50
"bivgauss",5e-05,1e+05,"hrv_interior","0.05",TRUE,4.73450061675464e-05,-3.04370504545571e-05,NA,NA,NA,0.833660058153206,-0.143679737003456,-0.2065889304041,0,0,10
"bivgauss",5e-05,1e+05,"hrv_interior","0.1",FALSE,4.04473440028172e-05,-2.70984865124829e-05,NA,NA,NA,0.833660058153206,-0.143679737003456,-0.2065889304041,0,0,10
"bivgauss",5e-05,1e+05,"hrv_interior","0.01",TRUE,6.22695391970758e-05,-3.79279757289591e-05,NA,NA,NA,0.833660058153206,-0.143679737003456,-0.2065889304041,0,0,10
"bivgauss",5e-05,1e+05,"hrv_full","0.05",TRUE,6.28745213843305e-05,-4.20730945154561e-05,NA,NA,NA,0.82863717696916,-0.0585771042815255,-0.0732270201216685,0,0,50
"bivgauss",5e-05,1e+05,"hrv_full","0.1",TRUE,5.37802169645352e-05,-3.83965873706463e-05,NA,NA,NA,0.82863717696916,-0.0585771042815255,-0.0732270201216685,0,0,50
"bivgauss",5e-05,1e+05,"hrv_full","0.01",TRUE,7.95070230849892e-05,-4.42550326702839e-05,NA,NA,NA,0.82863717696916,-0.0585771042815255,-0.0732270201216685,0,0,50
"bivgauss",5e-05,1e+05,"hrv_interior","0.05",TRUE,6.28745213843305e-05,-4.20730945154561e-05,NA,NA,NA,0.82863717696916,-0.0585771042815255,-0.0732270201216685,0,0,10
"bivgauss",5e-05,1e+05,"hrv_interior","0.1",TRUE,5.37802169645352e-05,-3.83965873706463e-05,NA,NA,NA,0.82863717696916,-0.0585771042815255,-0.0732270201216685,0,0,10
"bivgauss",5e-05,1e+05,"hrv_interior","0.01",TRUE,7.95070230849892e-05,-4.42550326702839e-05,NA,NA,NA,0.82863717696916,-0.0585771042815255,-0.0732270201216685,0,0,10
"bivgauss",5e-05,1e+05,"hrv_full","0.05",FALSE,4.63590645776802e-05,-2.85608569356528e-05,NA,NA,NA,0.775055719037859,-0.0475936108850518,-0.204374504745055,0,0,50
"bivgauss",5e-05,1e+05,"hrv_full","0.1",FALSE,3.99661392406754e-05,-2.54462199338335e-05,NA,NA,NA,0.775055719037859,-0.0475936108850518,-0.204374504745055,0,0,50
"bivgauss",5e-05,1e+05,"hrv_full","0.01",FALSE,6.24744288050507e-05,-3.43150127194769e-05,NA,NA,NA,0.775055719037859,-0.0475936108850518,-0.204374504745055,0,0,50
"bivgauss",5e-05,1e+05,"hrv_interior","0.05",FALSE,4.63590645776802e-05,-2.85608569356528e-05,NA,NA,NA,0.775055719037859,-0.0475936108850518,-0.204374504745055,0,0,10
"bivgauss",5e-05,1e+05,"hrv_interior","0.1",FALSE,3.99661392406754e-05,-2.54462199338335e-05,NA,NA,NA,0.775055719037859,-0.0475936108850518,-0.204374504745055,0,0,10
"bivgauss",5e-05,1e+05,"hrv_interior","0.01",TRUE,6.24744288050507e-05,-3.43150127194769e-05,NA,NA,NA,0.775055719037859,-0.0475936108850518,-0.204374504745055,0,0,10
"bivgauss",5e-05,1e+05,"hrv_full","0.05",TRUE,5.56254964515024e-05,-3.47609884204275e-05,NA,NA,NA,0.84714277521116,-0.0466525102827345,-0.083171245943709,0,0,50
"bivgauss",5e-05,1e+05,"hrv_full","0.1",TRUE,4.78834988798497e-05,-2.99061208575799e-05,NA,NA,NA,0.84714277521116,-0.0466525102827345,-0.083171245943709,0,0,50
"bivgauss",5e-05,1e+05,"hrv_full","0.01",TRUE,7.48839725056703e-05,-4.23649136585034e-05,NA,NA,NA,0.84714277521116,-0.0466525102827345,-0.083171245943709,0,0,50
"bivgauss",5e-05,1e+05,"hrv_interior","0.05",TRUE,5.56254964515024e-05,-3.47609884204275e-05,NA,NA,NA,0.84714277521116,-0.0466525102827345,-0.083171245943709,0,0,10
"bivgauss",5e-05,1e+05,"hrv_interior","0.1",TRUE,4.78834988798497e-05,-2.99061208575799e-05,NA,NA,NA,0.84714277521116,-0.0466525102827345,-0.083171245943709,0,0,10
"bivgauss",5e-05,1e+05,"hrv_interior","0.01",TRUE,7.48839725056703e-05,-4.23649136585034e-05,NA,NA,NA,0.84714277521116,-0.0466525102827345,-0.083171245943709,0,0,10
"bivgauss",5e-05,1e+05,"hrv_full","0.05",FALSE,5.21924871083717e-05,-3.22575692176368e-05,NA,NA,NA,0.854738617026283,-0.190681835868842,-0.044409962811981,0,0,50
"bivgauss",5e-05,1e+05,"hrv_full","0.1",FALSE,4.41287985825604e-05,-2.88032480807004e-05,NA,NA,NA,0.854738617026283,-0.190681835868842,-0.044409962811981,0,0,50
"bivgauss",5e-05,1e+05,"hrv_full","0.01",FALSE,7.10369178554699e-05,-3.87374737338396e-05,NA,NA,NA,0.854738617026283,-0.190681835868842,-0.044409962811981,0,0,50
"bivgauss",5e-05,1e+05,"hrv_interior","0.05",TRUE,5.21924871083717e-05,-3.22575692176368e-05,NA,NA,NA,0.854738617026283,-0.190681835868842,-0.044409962811981,0,0,10
"bivgauss",5e-05,1e+05,"hrv_interior","0.1",TRUE,4.41287985825604e-05,-2.88032480807004e-05,NA,NA,NA,0.854738617026283,-0.190681835868842,-0.044409962811981,0,0,10
"bivgauss",5e-05,1e+05,"hrv_interior","0.01",TRUE,7.10369178554699e-05,-3.87374737338396e-05,NA,NA,NA,0.854738617026283,-0.190681835868842,-0.044409962811981,0,0,10
"bivgauss",5e-05,1e+05,"hrv_full","0.05",FALSE,5.10147509823233e-05,-3.01952373261323e-05,NA,NA,NA,0.716826901935935,-0.217419412979899,-0.0671003680355719,0,0,50
"bivgauss",5e-05,1e+05,"hrv_full","0.1",FALSE,4.36684844668361e-05,-2.67315569261376e-05,NA,NA,NA,0.716826901935935,-0.217419412979899,-0.0671003680355719,0,0,50
"bivgauss",5e-05,1e+05,"hrv_full","0.01",FALSE,6.63792691275767e-05,-3.56020009999698e-05,NA,NA,NA,0.716826901935935,-0.217419412979899,-0.0671003680355719,0,0,50
"bivgauss",5e-05,1e+05,"hrv_interior","0.05",FALSE,5.10147509823233e-05,-3.01952373261323e-05,NA,NA,NA,0.716826901935935,-0.217419412979899,-0.0671003680355719,0,0,10
"bivgauss",5e-05,1e+05,"hrv_interior","0.1",FALSE,4.36684844668361e-05,-2.67315569261376e-05,NA,NA,NA,0.716826901935935,-0.217419412979899,-0.0671003680355719,0,0,10
"bivgauss",5e-05,1e+05,"hrv_interior","0.01",FALSE,6.63792691275767e-05,-3.56020009999698e-05,NA,NA,NA,0.716826901935935,-0.217419412979899,-0.0671003680355719,0,0,10
"bivgauss",5e-05,1e+05,"hrv_full","0.05",FALSE,5.09604625875307e-05,-3.04530785500473e-05,NA,NA,NA,0.723438312526797,-0.123829245243864,-0.0654964088447912,0,0,50
"bivgauss",5e-05,1e+05,"hrv_full","0.1",FALSE,4.29129447192794e-05,-2.69824592078006e-05,NA,NA,NA,0.723438312526797,-0.123829245243864,-0.0654964088447912,0,0,50
"bivgauss",5e-05,1e+05,"hrv_full","0.01",FALSE,7.2890221010029e-05,-3.4983110910114e-05,NA,NA,NA,0.723438312526797,-0.123829245243864,-0.0654964088447912,0,0,50
"bivgauss",5e-05,1e+05,"hrv_interior","0.05",FALSE,5.09604625875307e-05,-3.04530785500473e-05,NA,NA,NA,0.723438312526797,-0.123829245243864,-0.0654964088447912,0,0,10
"bivgauss",5e-05,1e+05,"hrv_interior","0.1",FALSE,4.29129447192794e-05,-2.69824592078006e-05,NA,NA,NA,0.723438312526797,-0.123829245243864,-0.0654964088447912,0,0,10
"bivgauss",5e-05,1e+05,"hrv_interior","0.01",TRUE,7.2890221010029e-05,-3.4983110910114e-05,NA,NA,NA,0.723438312526797,-0.123829245243864,-0.0654964088447912,0,0,10
"bivgauss",5e-05,1e+05,"hrv_full","0.05",TRUE,5.09169026777173e-05,-3.18827576607155e-05,NA,NA,NA,0.825378655995721,-0.0215292955468623,-0.063618739823886,0,0,50
"bivgauss",5e-05,1e+05,"hrv_full","0.1",TRUE,4.24299013159485e-05,-2.82556265846598e-05,NA,NA,NA,0.825378655995721,-0.0215292955468623,-0.063618739823886,0,0,50
"bivgauss",5e-05,1e+05,"hrv_full","0.01",TRUE,6.70889657675669e-05,-3.76883476300836e-05,NA,NA,NA,0.825378655995721,-0.0215292955468623,-0.063618739823886,0,0,50
"bivgauss",5e-05,1e+05,"hrv_interior","0.05",TRUE,5.09169026777173e-05,-3.18827576607155e-05,NA,NA,NA,0.825378655995721,-0.0215292955468623,-0.063618739823886,0,0,10
"bivgauss",5e-05,1e+05,"hrv_interior","0.1",TRUE,4.24299013159485e-05,-2.82556265846598e-05,NA,NA,NA,0.825378655995721,-0.0215292955468623,-0.063618739823886,0,0,10
"bivgauss",5e-05,1e+05,"hrv_interior","0.01",TRUE,6.70889657675669e-05,-3.76883476300836e-05,NA,NA,NA,0.825378655995721,-0.0215292955468623,-0.063618739823886,0,0,10
"bivgauss",5e-05,1e+05,"hrv_full","0.05",TRUE,5.17727817970598e-05,-3.23911518307113e-05,NA,NA,NA,0.826414177903691,-0.0246066931776587,-0.0792673064604087,0,0,50
"bivgauss",5e-05,1e+05,"hrv_full","0.1",TRUE,4.39030377506808e-05,-2.77887113331174e-05,NA,NA,NA,0.826414177903691,-0.0246066931776587,-0.0792673064604087,0,0,50
"bivgauss",5e-05,1e+05,"hrv_full","0.01",TRUE,6.60035566383086e-05,-4.34298048341968e-05,NA,NA,NA,0.826414177903691,-0.0246066931776587,-0.0792673064604087,0,0,50
"bivgauss",5e-05,1e+05,"hrv_interior","0.05",TRUE,5.17727817970598e-05,-3.23911518307113e-05,NA,NA,NA,0.826414177903691,-0.0246066931776587,-0.0792673064604087,0,0,10
"bivgauss",5e-05,1e+05,"hrv_interior","0.1",TRUE,4.39030377506808e-05,-2.77887113331174e-05,NA,NA,NA,0.826414177903691,-0.0246066931776587,-0.0792673064604087,0,0,10
"bivgauss",5e-05,1e+05,"hrv_interior","0.01",TRUE,6.60035566383086e-05,-4.34298048341968e-05,NA,NA,NA,0.826414177903691,-0.0246066931776587,-0.0792673064604087,0,0,10
"bivgauss",5e-05,1e+05,"hrv_full","0.05",FALSE,4.37137054763242e-05,-2.827244945393e-05,NA,NA,NA,0.786511868930969,-0.189212747741312,-0.0572506797034632,0,0,50
"bivgauss",5e-05,1e+05,"hrv_full","0.1",FALSE,3.73824994257445e-05,-2.50961791975654e-05,NA,NA,NA,0.786511868930969,-0.189212747741312,-0.0572506797034632,0,0,50
"bivgauss",5e-05,1e+05,"hrv_full","0.01",FALSE,5.89510910622515e-05,-3.36458191399157e-05,NA,NA,NA,0.786511868930969,-0.189212747741312,-0.0572506797034632,0,0,50
"bivgauss",5e-05,1e+05,"hrv_interior","0.05",TRUE,4.37137054763242e-05,-2.827244945393e-05,NA,NA,NA,0.786511868930969,-0.189212747741312,-0.0572506797034632,0,0,10
"bivgauss",5e-05,1e+05,"hrv_interior","0.1",TRUE,3.73824994257445e-05,-2.50961791975654e-05,NA,NA,NA,0.786511868930969,-0.189212747741312,-0.0572506797034632,0,0,10
"bivgauss",5e-05,1e+05,"hrv_interior","0.01",TRUE,5.89510910622515e-05,-3.36458191399157e-05,NA,NA,NA,0.786511868930969,-0.189212747741312,-0.0572506797034632,0,0,10
"bivgauss",5e-05,1e+05,"hrv_full","0.05",TRUE,4.81032660945792e-05,-3.03033340913411e-05,NA,NA,NA,0.83478976729092,-0.0508972776671384,-0.0471448540089551,0,0,50
"bivgauss",5e-05,1e+05,"hrv_full","0.1",FALSE,4.05277486372767e-05,-2.68079622453411e-05,NA,NA,NA,0.83478976729092,-0.0508972776671384,-0.0471448540089551,0,0,50
"bivgauss",5e-05,1e+05,"hrv_full","0.01",TRUE,6.53928058591349e-05,-3.67104328743854e-05,NA,NA,NA,0.83478976729092,-0.0508972776671384,-0.0471448540089551,0,0,50
"bivgauss",5e-05,1e+05,"hrv_interior","0.05",TRUE,4.81032660945792e-05,-3.03033340913411e-05,NA,NA,NA,0.83478976729092,-0.0508972776671384,-0.0471448540089551,0,0,10
"bivgauss",5e-05,1e+05,"hrv_interior","0.1",TRUE,4.05277486372767e-05,-2.68079622453411e-05,NA,NA,NA,0.83478976729092,-0.0508972776671384,-0.0471448540089551,0,0,10
"bivgauss",5e-05,1e+05,"hrv_interior","0.01",TRUE,6.53928058591349e-05,-3.67104328743854e-05,NA,NA,NA,0.83478976729092,-0.0508972776671384,-0.0471448540089551,0,0,10
"bivgauss",5e-05,1e+05,"hrv_full","0.05",FALSE,5.01585217022714e-05,-2.9527791215984e-05,NA,NA,NA,0.794821698287522,-0.121370613669385,-0.0342337448829158,0,0,50
"bivgauss",5e-05,1e+05,"hrv_full","0.1",FALSE,4.20241830550381e-05,-2.60931657248103e-05,NA,NA,NA,0.794821698287522,-0.121370613669385,-0.0342337448829158,0,0,50
"bivgauss",5e-05,1e+05,"hrv_full","0.01",FALSE,6.73819988896955e-05,-3.56950224556618e-05,NA,NA,NA,0.794821698287522,-0.121370613669385,-0.0342337448829158,0,0,50
"bivgauss",5e-05,1e+05,"hrv_interior","0.05",TRUE,5.01585217022714e-05,-2.9527791215984e-05,NA,NA,NA,0.794821698287522,-0.121370613669385,-0.0342337448829158,0,0,10
"bivgauss",5e-05,1e+05,"hrv_interior","0.1",TRUE,4.20241830550381e-05,-2.60931657248103e-05,NA,NA,NA,0.794821698287522,-0.121370613669385,-0.0342337448829158,0,0,10
"bivgauss",5e-05,1e+05,"hrv_interior","0.01",TRUE,6.73819988896955e-05,-3.56950224556618e-05,NA,NA,NA,0.794821698287522,-0.121370613669385,-0.0342337448829158,0,0,10
"bivgauss",5e-05,1e+05,"hrv_full","0.05",TRUE,6.07978718113348e-05,-3.67589102858403e-05,NA,NA,NA,0.806700947029258,-0.0138024336958668,-0.0908814516769867,0,0,50
"bivgauss",5e-05,1e+05,"hrv_full","0.1",TRUE,5.16133450860328e-05,-3.2360172786379e-05,NA,NA,NA,0.806700947029258,-0.0138024336958668,-0.0908814516769867,0,0,50
"bivgauss",5e-05,1e+05,"hrv_full","0.01",TRUE,8.06202895063015e-05,-4.28806824168069e-05,NA,NA,NA,0.806700947029258,-0.0138024336958668,-0.0908814516769867,0,0,50
"bivgauss",5e-05,1e+05,"hrv_interior","0.05",TRUE,6.07978718113348e-05,-3.67589102858403e-05,NA,NA,NA,0.806700947029258,-0.0138024336958668,-0.0908814516769867,0,0,10
"bivgauss",5e-05,1e+05,"hrv_interior","0.1",TRUE,5.16133450860328e-05,-3.2360172786379e-05,NA,NA,NA,0.806700947029258,-0.0138024336958668,-0.0908814516769867,0,0,10
"bivgauss",5e-05,1e+05,"hrv_interior","0.01",TRUE,8.06202895063015e-05,-4.28806824168069e-05,NA,NA,NA,0.806700947029258,-0.0138024336958668,-0.0908814516769867,0,0,10
"bivgauss",5e-05,1e+05,"hrv_full","0.05",FALSE,5.06276408005821e-05,-2.94700178381121e-05,NA,NA,NA,0.756268989123275,-0.116511757580541,-0.131346372728999,0,0,50
"bivgauss",5e-05,1e+05,"hrv_full","0.1",FALSE,4.23836844293807e-05,-2.62851269091369e-05,NA,NA,NA,0.756268989123275,-0.116511757580541,-0.131346372728999,0,0,50
"bivgauss",5e-05,1e+05,"hrv_full","0.01",FALSE,6.98577710065109e-05,-3.42305888790185e-05,NA,NA,NA,0.756268989123275,-0.116511757580541,-0.131346372728999,0,0,50
"bivgauss",5e-05,1e+05,"hrv_interior","0.05",FALSE,5.06276408005821e-05,-2.94700178381121e-05,NA,NA,NA,0.756268989123275,-0.116511757580541,-0.131346372728999,0,0,10
"bivgauss",5e-05,1e+05,"hrv_interior","0.1",FALSE,4.23836844293807e-05,-2.62851269091369e-05,NA,NA,NA,0.756268989123275,-0.116511757580541,-0.131346372728999,0,0,10
"bivgauss",5e-05,1e+05,"hrv_interior","0.01",FALSE,6.98577710065109e-05,-3.42305888790185e-05,NA,NA,NA,0.756268989123275,-0.116511757580541,-0.131346372728999,0,0,10
"bivgauss",5e-05,1e+05,"hrv_full","0.05",FALSE,5.47409420538036e-05,-3.1752385562733e-05,NA,NA,NA,0.80460680073333,-0.0869874270048591,-0.173768417380154,0,0,50
"bivgauss",5e-05,1e+05,"hrv_full","0.1",FALSE,4.6089572269389e-05,-2.88082181671522e-05,NA,NA,NA,0.80460680073333,-0.0869874270048591,-0.173768417380154,0,0,50
"bivgauss",5e-05,1e+05,"hrv_full","0.01",TRUE,7.4101625890603e-05,-3.72285164625732e-05,NA,NA,NA,0.80460680073333,-0.0869874270048591,-0.173768417380154,0,0,50
"bivgauss",5e-05,1e+05,"hrv_interior","0.05",TRUE,5.47409420538036e-05,-3.1752385562733e-05,NA,NA,NA,0.80460680073333,-0.0869874270048591,-0.173768417380154,0,0,10
"bivgauss",5e-05,1e+05,"hrv_interior","0.1",TRUE,4.6089572269389e-05,-2.88082181671522e-05,NA,NA,NA,0.80460680073333,-0.0869874270048591,-0.173768417380154,0,0,10
"bivgauss",5e-05,1e+05,"hrv_interior","0.01",TRUE,7.4101625890603e-05,-3.72285164625732e-05,NA,NA,NA,0.80460680073333,-0.0869874270048591,-0.173768417380154,0,0,10
"bivgauss",5e-05,1e+05,"hrv_full","0.05",TRUE,5.64093631118701e-05,-3.43438309451362e-05,NA,NA,NA,0.89854224812768,-0.0614715039234389,-0.0650124822460753,0,0,50
"bivgauss",5e-05,1e+05,"hrv_full","0.1",FALSE,4.82655603678231e-05,-3.06235925689846e-05,NA,NA,NA,0.89854224812768,-0.0614715039234389,-0.0650124822460753,0,0,50
"bivgauss",5e-05,1e+05,"hrv_full","0.01",TRUE,7.5695269016412e-05,-3.9803299738049e-05,NA,NA,NA,0.89854224812768,-0.0614715039234389,-0.0650124822460753,0,0,50
"bivgauss",5e-05,1e+05,"hrv_interior","0.05",TRUE,5.64093631118701e-05,-3.43438309451362e-05,NA,NA,NA,0.89854224812768,-0.0614715039234389,-0.0650124822460753,0,0,10
"bivgauss",5e-05,1e+05,"hrv_interior","0.1",FALSE,4.82655603678231e-05,-3.06235925689846e-05,NA,NA,NA,0.89854224812768,-0.0614715039234389,-0.0650124822460753,0,0,10
"bivgauss",5e-05,1e+05,"hrv_interior","0.01",TRUE,7.5695269016412e-05,-3.9803299738049e-05,NA,NA,NA,0.89854224812768,-0.0614715039234389,-0.0650124822460753,0,0,10
"bivgauss",5e-05,1e+05,"hrv_full","0.05",FALSE,4.62379788702234e-05,-2.87248132701227e-05,NA,NA,NA,0.754161246368085,-0.017315541909229,-0.18507586369684,0,0,50
"bivgauss",5e-05,1e+05,"hrv_full","0.1",FALSE,3.9319922877349e-05,-2.57313774619529e-05,NA,NA,NA,0.754161246368085,-0.017315541909229,-0.18507586369684,0,0,50
"bivgauss",5e-05,1e+05,"hrv_full","0.01",FALSE,5.81414539006261e-05,-3.47738141909914e-05,NA,NA,NA,0.754161246368085,-0.017315541909229,-0.18507586369684,0,0,50
"bivgauss",5e-05,1e+05,"hrv_interior","0.05",FALSE,4.62379788702234e-05,-2.87248132701227e-05,NA,NA,NA,0.754161246368085,-0.017315541909229,-0.18507586369684,0,0,10
"bivgauss",5e-05,1e+05,"hrv_interior","0.1",FALSE,3.9319922877349e-05,-2.57313774619529e-05,NA,NA,NA,0.754161246368085,-0.017315541909229,-0.18507586369684,0,0,10
"bivgauss",5e-05,1e+05,"hrv_interior","0.01",FALSE,5.81414539006261e-05,-3.47738141909914e-05,NA,NA,NA,0.754161246368085,-0.017315541909229,-0.18507586369684,0,0,10
"bivgauss",5e-05,1e+05,"hrv_full","0.05",FALSE,4.94506410492662e-05,-3.06817019499594e-05,NA,NA,NA,0.778843556751264,-0.0730905407071233,-0.0562856612027659,0,0,50
"bivgauss",5e-05,1e+05,"hrv_full","0.1",FALSE,4.24013842331707e-05,-2.76273132424251e-05,NA,NA,NA,0.778843556751264,-0.0730905407071233,-0.0562856612027659,0,0,50
"bivgauss",5e-05,1e+05,"hrv_full","0.01",FALSE,6.17083604660103e-05,-3.57370801490874e-05,NA,NA,NA,0.778843556751264,-0.0730905407071233,-0.0562856612027659,0,0,50
"bivgauss",5e-05,1e+05,"hrv_interior","0.05",TRUE,4.94506410492662e-05,-3.06817019499594e-05,NA,NA,NA,0.778843556751264,-0.0730905407071233,-0.0562856612027659,0,0,10
"bivgauss",5e-05,1e+05,"hrv_interior","0.1",TRUE,4.24013842331707e-05,-2.76273132424251e-05,NA,NA,NA,0.778843556751264,-0.0730905407071233,-0.0562856612027659,0,0,10
"bivgauss",5e-05,1e+05,"hrv_interior","0.01",TRUE,6.17083604660103e-05,-3.57370801490874e-05,NA,NA,NA,0.778843556751264,-0.0730905407071233,-0.0562856612027659,0,0,10
"bivgauss",5e-05,1e+05,"hrv_full","0.05",FALSE,5.19568694018967e-05,-3.22226306269039e-05,NA,NA,NA,0.84752186394436,-0.10969915485626,-0.0885634396790142,0,0,50
"bivgauss",5e-05,1e+05,"hrv_full","0.1",FALSE,4.42060954660138e-05,-2.89781103344345e-05,NA,NA,NA,0.84752186394436,-0.10969915485626,-0.0885634396790142,0,0,50
"bivgauss",5e-05,1e+05,"hrv_full","0.01",TRUE,6.84152536997808e-05,-3.88950072147427e-05,NA,NA,NA,0.84752186394436,-0.10969915485626,-0.0885634396790142,0,0,50
"bivgauss",5e-05,1e+05,"hrv_interior","0.05",TRUE,5.19568694018967e-05,-3.22226306269039e-05,NA,NA,NA,0.84752186394436,-0.10969915485626,-0.0885634396790142,0,0,10
"bivgauss",5e-05,1e+05,"hrv_interior","0.1",TRUE,4.42060954660138e-05,-2.89781103344345e-05,NA,NA,NA,0.84752186394436,-0.10969915485626,-0.0885634396790142,0,0,10
"bivgauss",5e-05,1e+05,"hrv_interior","0.01",TRUE,6.84152536997808e-05,-3.88950072147427e-05,NA,NA,NA,0.84752186394436,-0.10969915485626,-0.0885634396790142,0,0,10
"bivgauss",5e-05,1e+05,"hrv_full","0.05",TRUE,6.09922307435603e-05,-3.35763494057735e-05,NA,NA,NA,0.810609495109925,-0.0913678500861854,-0.0124780250398493,0,0,50
"bivgauss",5e-05,1e+05,"hrv_full","0.1",TRUE,5.05679489021424e-05,-2.92304025108127e-05,NA,NA,NA,0.810609495109925,-0.0913678500861854,-0.0124780250398493,0,0,50
"bivgauss",5e-05,1e+05,"hrv_full","0.01",TRUE,7.9803509976469e-05,-4.07737806807504e-05,NA,NA,NA,0.810609495109925,-0.0913678500861854,-0.0124780250398493,0,0,50
"bivgauss",5e-05,1e+05,"hrv_interior","0.05",TRUE,6.09922307435603e-05,-3.35763494057735e-05,NA,NA,NA,0.810609495109925,-0.0913678500861854,-0.0124780250398493,0,0,10
"bivgauss",5e-05,1e+05,"hrv_interior","0.1",TRUE,5.05679489021424e-05,-2.92304025108127e-05,NA,NA,NA,0.810609495109925,-0.0913678500861854,-0.0124780250398493,0,0,10
"bivgauss",5e-05,1e+05,"hrv_interior","0.01",TRUE,7.9803509976469e-05,-4.07737806807504e-05,NA,NA,NA,0.810609495109925,-0.0913678500861854,-0.0124780250398493,0,0,10
"bivgauss",5e-05,1e+05,"hrv_full","0.05",TRUE,6.33100158466665e-05,-3.75038881282435e-05,NA,NA,NA,0.853401712936273,-0.00207046292525567,-0.0665042377472222,0,0,50
"bivgauss",5e-05,1e+05,"hrv_full","0.1",TRUE,5.42583213548914e-05,-3.39226880250375e-05,NA,NA,NA,0.853401712936273,-0.00207046292525567,-0.0665042377472222,0,0,50
"bivgauss",5e-05,1e+05,"hrv_full","0.01",TRUE,8.37048479034796e-05,-4.35405475806066e-05,NA,NA,NA,0.853401712936273,-0.00207046292525567,-0.0665042377472222,0,0,50
"bivgauss",5e-05,1e+05,"hrv_interior","0.05",TRUE,6.33100158466665e-05,-3.75038881282435e-05,NA,NA,NA,0.853401712936273,-0.00207046292525567,-0.0665042377472222,0,0,10
"bivgauss",5e-05,1e+05,"hrv_interior","0.1",TRUE,5.42583213548914e-05,-3.39226880250375e-05,NA,NA,NA,0.853401712936273,-0.00207046292525567,-0.0665042377472222,0,0,10
"bivgauss",5e-05,1e+05,"hrv_interior","0.01",TRUE,8.37048479034796e-05,-4.35405475806066e-05,NA,NA,NA,0.853401712936273,-0.00207046292525567,-0.0665042377472222,0,0,10
"bivgauss",5e-05,1e+05,"hrv_full","0.05",TRUE,5.27441044871612e-05,-3.11916893805966e-05,NA,NA,NA,0.899142166711202,-0.00448970112849026,0.0133865855576205,0,0,50
"bivgauss",5e-05,1e+05,"hrv_full","0.1",TRUE,4.52474160746714e-05,-2.76400740545197e-05,NA,NA,NA,0.899142166711202,-0.00448970112849026,0.0133865855576205,0,0,50
"bivgauss",5e-05,1e+05,"hrv_full","0.01",TRUE,6.94876080382395e-05,-3.76090068931702e-05,NA,NA,NA,0.899142166711202,-0.00448970112849026,0.0133865855576205,0,0,50
"bivgauss",5e-05,1e+05,"hrv_interior","0.05",TRUE,5.27441044871612e-05,-3.11916893805966e-05,NA,NA,NA,0.899142166711202,-0.00448970112849026,0.0133865855576205,0,0,10
"bivgauss",5e-05,1e+05,"hrv_interior","0.1",TRUE,4.52474160746714e-05,-2.76400740545197e-05,NA,NA,NA,0.899142166711202,-0.00448970112849026,0.0133865855576205,0,0,10
"bivgauss",5e-05,1e+05,"hrv_interior","0.01",TRUE,6.94876080382395e-05,-3.76090068931702e-05,NA,NA,NA,0.899142166711202,-0.00448970112849026,0.0133865855576205,0,0,10
"bivgauss",5e-05,1e+05,"hrv_full","0.05",TRUE,5.09243840816819e-05,-3.0877455858628e-05,NA,NA,NA,0.851332003845682,-0.0508465246991165,-0.0297246030768143,0,0,50
"bivgauss",5e-05,1e+05,"hrv_full","0.1",TRUE,4.37262709354033e-05,-2.72078742147473e-05,NA,NA,NA,0.851332003845682,-0.0508465246991165,-0.0297246030768143,0,0,50
"bivgauss",5e-05,1e+05,"hrv_full","0.01",TRUE,6.64762572779569e-05,-3.70690789511729e-05,NA,NA,NA,0.851332003845682,-0.0508465246991165,-0.0297246030768143,0,0,50
"bivgauss",5e-05,1e+05,"hrv_interior","0.05",TRUE,5.09243840816819e-05,-3.0877455858628e-05,NA,NA,NA,0.851332003845682,-0.0508465246991165,-0.0297246030768143,0,0,10
"bivgauss",5e-05,1e+05,"hrv_interior","0.1",TRUE,4.37262709354033e-05,-2.72078742147473e-05,NA,NA,NA,0.851332003845682,-0.0508465246991165,-0.0297246030768143,0,0,10
"bivgauss",5e-05,1e+05,"hrv_interior","0.01",TRUE,6.64762572779569e-05,-3.70690789511729e-05,NA,NA,NA,0.851332003845682,-0.0508465246991165,-0.0297246030768143,0,0,10
"bivgauss",5e-05,1e+05,"hrv_full","0.05",TRUE,5.29576705325825e-05,-3.08650970323293e-05,NA,NA,NA,0.828174783671158,-0.12342146570696,-0.0470647839569726,0,0,50
"bivgauss",5e-05,1e+05,"hrv_full","0.1",FALSE,4.40371972015419e-05,-2.71999156425737e-05,NA,NA,NA,0.828174783671158,-0.12342146570696,-0.0470647839569726,0,0,50
"bivgauss",5e-05,1e+05,"hrv_full","0.01",TRUE,6.98442077019368e-05,-3.74410815634764e-05,NA,NA,NA,0.828174783671158,-0.12342146570696,-0.0470647839569726,0,0,50
"bivgauss",5e-05,1e+05,"hrv_interior","0.05",TRUE,5.29576705325825e-05,-3.08650970323293e-05,NA,NA,NA,0.828174783671158,-0.12342146570696,-0.0470647839569726,0,0,10
"bivgauss",5e-05,1e+05,"hrv_interior","0.1",TRUE,4.40371972015419e-05,-2.71999156425737e-05,NA,NA,NA,0.828174783671158,-0.12342146570696,-0.0470647839569726,0,0,10
"bivgauss",5e-05,1e+05,"hrv_interior","0.01",TRUE,6.98442077019368e-05,-3.74410815634764e-05,NA,NA,NA,0.828174783671158,-0.12342146570696,-0.0470647839569726,0,0,10
"bivgauss",5e-05,1e+05,"hrv_full","0.05",FALSE,5.32949686733714e-05,-3.28380632556765e-05,NA,NA,NA,0.779888298564859,-0.0086601689025483,-0.0430372801767503,0,0,50
"bivgauss",5e-05,1e+05,"hrv_full","0.1",FALSE,4.53916399922148e-05,-2.92540049029875e-05,NA,NA,NA,0.779888298564859,-0.0086601689025483,-0.0430372801767503,0,0,50
"bivgauss",5e-05,1e+05,"hrv_full","0.01",TRUE,6.73941023213534e-05,-3.99202922005841e-05,NA,NA,NA,0.779888298564859,-0.0086601689025483,-0.0430372801767503,0,0,50
"bivgauss",5e-05,1e+05,"hrv_interior","0.05",TRUE,5.32949686733714e-05,-3.28380632556765e-05,NA,NA,NA,0.779888298564859,-0.0086601689025483,-0.0430372801767503,0,0,10
"bivgauss",5e-05,1e+05,"hrv_interior","0.1",TRUE,4.53916399922148e-05,-2.92540049029875e-05,NA,NA,NA,0.779888298564859,-0.0086601689025483,-0.0430372801767503,0,0,10
"bivgauss",5e-05,1e+05,"hrv_interior","0.01",TRUE,6.73941023213534e-05,-3.99202922005841e-05,NA,NA,NA,0.779888298564859,-0.0086601689025483,-0.0430372801767503,0,0,10
"bivgauss",5e-05,1e+05,"hrv_full","0.05",FALSE,4.7188091497997e-05,-2.97004337903842e-05,NA,NA,NA,0.824418971740588,-0.0729882168859532,-0.14271650145118,0,0,50
"bivgauss",5e-05,1e+05,"hrv_full","0.1",FALSE,3.99853380771538e-05,-2.66144373895321e-05,NA,NA,NA,0.824418971740588,-0.0729882168859532,-0.14271650145118,0,0,50
"bivgauss",5e-05,1e+05,"hrv_full","0.01",TRUE,6.04765136748091e-05,-3.55732860066184e-05,NA,NA,NA,0.824418971740588,-0.0729882168859532,-0.14271650145118,0,0,50
"bivgauss",5e-05,1e+05,"hrv_interior","0.05",TRUE,4.7188091497997e-05,-2.97004337903842e-05,NA,NA,NA,0.824418971740588,-0.0729882168859532,-0.14271650145118,0,0,10
"bivgauss",5e-05,1e+05,"hrv_interior","0.1",TRUE,3.99853380771538e-05,-2.66144373895321e-05,NA,NA,NA,0.824418971740588,-0.0729882168859532,-0.14271650145118,0,0,10
"bivgauss",5e-05,1e+05,"hrv_interior","0.01",TRUE,6.04765136748091e-05,-3.55732860066184e-05,NA,NA,NA,0.824418971740588,-0.0729882168859532,-0.14271650145118,0,0,10
"bivgauss",5e-05,1e+05,"hrv_full","0.05",TRUE,5.04738603152061e-05,-3.16188357227392e-05,NA,NA,NA,0.882022125561054,-0.130690088643324,0.0323913982319339,0,0,50
"bivgauss",5e-05,1e+05,"hrv_full","0.1",TRUE,4.35156544620048e-05,-2.79890086094008e-05,NA,NA,NA,0.882022125561054,-0.130690088643324,0.0323913982319339,0,0,50
"bivgauss",5e-05,1e+05,"hrv_full","0.01",TRUE,6.2644631532534e-05,-3.86386002446161e-05,NA,NA,NA,0.882022125561054,-0.130690088643324,0.0323913982319339,0,0,50
"bivgauss",5e-05,1e+05,"hrv_interior","0.05",TRUE,5.04738603152061e-05,-3.16188357227392e-05,NA,NA,NA,0.882022125561054,-0.130690088643324,0.0323913982319339,0,0,10
"bivgauss",5e-05,1e+05,"hrv_interior","0.1",TRUE,4.35156544620048e-05,-2.79890086094008e-05,NA,NA,NA,0.882022125561054,-0.130690088643324,0.0323913982319339,0,0,10
"bivgauss",5e-05,1e+05,"hrv_interior","0.01",TRUE,6.2644631532534e-05,-3.86386002446161e-05,NA,NA,NA,0.882022125561054,-0.130690088643324,0.0323913982319339,0,0,10
"bivgauss",5e-05,1e+05,"hrv_full","0.05",TRUE,5.38532274600559e-05,-3.09503716933039e-05,NA,NA,NA,0.877646107268586,-0.0407896110308755,-0.0701860333464395,0,0,50
"bivgauss",5e-05,1e+05,"hrv_full","0.1",TRUE,4.44543274864862e-05,-2.75509122618142e-05,NA,NA,NA,0.877646107268586,-0.0407896110308755,-0.0701860333464395,0,0,50
"bivgauss",5e-05,1e+05,"hrv_full","0.01",TRUE,6.89931561869903e-05,-3.76428204720191e-05,NA,NA,NA,0.877646107268586,-0.0407896110308755,-0.0701860333464395,0,0,50
"bivgauss",5e-05,1e+05,"hrv_interior","0.05",TRUE,5.38532274600559e-05,-3.09503716933039e-05,NA,NA,NA,0.877646107268586,-0.0407896110308755,-0.0701860333464395,0,0,10
"bivgauss",5e-05,1e+05,"hrv_interior","0.1",TRUE,4.44543274864862e-05,-2.75509122618142e-05,NA,NA,NA,0.877646107268586,-0.0407896110308755,-0.0701860333464395,0,0,10
"bivgauss",5e-05,1e+05,"hrv_interior","0.01",TRUE,6.89931561869903e-05,-3.76428204720191e-05,NA,NA,NA,0.877646107268586,-0.0407896110308755,-0.0701860333464395,0,0,10
"bivgauss",5e-05,1e+05,"hrv_full","0.05",TRUE,5.70529851878893e-05,-3.26567541664917e-05,NA,NA,NA,0.846258239597728,-0.0562247745314991,0.0499366967333467,0,0,50
"bivgauss",5e-05,1e+05,"hrv_full","0.1",TRUE,4.74793631861012e-05,-2.90387416026016e-05,NA,NA,NA,0.846258239597728,-0.0562247745314991,0.0499366967333467,0,0,50
"bivgauss",5e-05,1e+05,"hrv_full","0.01",TRUE,7.57027113977194e-05,-3.90213163811582e-05,NA,NA,NA,0.846258239597728,-0.0562247745314991,0.0499366967333467,0,0,50
"bivgauss",5e-05,1e+05,"hrv_interior","0.05",TRUE,5.70529851878893e-05,-3.26567541664917e-05,NA,NA,NA,0.846258239597728,-0.0562247745314991,0.0499366967333467,0,0,10
"bivgauss",5e-05,1e+05,"hrv_interior","0.1",TRUE,4.74793631861012e-05,-2.90387416026016e-05,NA,NA,NA,0.846258239597728,-0.0562247745314991,0.0499366967333467,0,0,10
"bivgauss",5e-05,1e+05,"hrv_interior","0.01",TRUE,7.57027113977194e-05,-3.90213163811582e-05,NA,NA,NA,0.846258239597728,-0.0562247745314991,0.0499366967333467,0,0,10
"bivgauss",5e-05,1e+05,"hrv_full","0.05",FALSE,5.70561087035839e-05,-3.31419634051349e-05,NA,NA,NA,0.820709229737035,-0.0733234135990166,-0.118975762788402,0,0,50
"bivgauss",5e-05,1e+05,"hrv_full","0.1",FALSE,4.7312158128379e-05,-2.93402855842665e-05,NA,NA,NA,0.820709229737035,-0.0733234135990166,-0.118975762788402,0,0,50
"bivgauss",5e-05,1e+05,"hrv_full","0.01",TRUE,7.17965735427325e-05,-3.83946473387997e-05,NA,NA,NA,0.820709229737035,-0.0733234135990166,-0.118975762788402,0,0,50
"bivgauss",5e-05,1e+05,"hrv_interior","0.05",TRUE,5.70561087035839e-05,-3.31419634051349e-05,NA,NA,NA,0.820709229737035,-0.0733234135990166,-0.118975762788402,0,0,10
"bivgauss",5e-05,1e+05,"hrv_interior","0.1",TRUE,4.7312158128379e-05,-2.93402855842665e-05,NA,NA,NA,0.820709229737035,-0.0733234135990166,-0.118975762788402,0,0,10
"bivgauss",5e-05,1e+05,"hrv_interior","0.01",TRUE,7.17965735427325e-05,-3.83946473387997e-05,NA,NA,NA,0.820709229737035,-0.0733234135990166,-0.118975762788402,0,0,10
"bivgauss",5e-05,1e+05,"hrv_full","0.05",FALSE,5.00999400383429e-05,-3.11356326673699e-05,NA,NA,NA,0.773022842333469,-0.0454817155553637,-0.0895355890326815,0,0,50
"bivgauss",5e-05,1e+05,"hrv_full","0.1",FALSE,4.22541235543132e-05,-2.82022834858726e-05,NA,NA,NA,0.773022842333469,-0.0454817155553637,-0.0895355890326815,0,0,50
"bivgauss",5e-05,1e+05,"hrv_full","0.01",TRUE,6.82941572051246e-05,-3.67168756886115e-05,NA,NA,NA,0.773022842333469,-0.0454817155553637,-0.0895355890326815,0,0,50
"bivgauss",5e-05,1e+05,"hrv_interior","0.05",TRUE,5.00999400383429e-05,-3.11356326673699e-05,NA,NA,NA,0.773022842333469,-0.0454817155553637,-0.0895355890326815,0,0,10
"bivgauss",5e-05,1e+05,"hrv_interior","0.1",TRUE,4.22541235543132e-05,-2.82022834858726e-05,NA,NA,NA,0.773022842333469,-0.0454817155553637,-0.0895355890326815,0,0,10
"bivgauss",5e-05,1e+05,"hrv_interior","0.01",TRUE,6.82941572051246e-05,-3.67168756886115e-05,NA,NA,NA,0.773022842333469,-0.0454817155553637,-0.0895355890326815,0,0,10
"bivgauss",5e-05,1e+05,"hrv_full","0.05",FALSE,5.10630012100906e-05,-3.08187628618486e-05,NA,NA,NA,0.766607093689083,-0.130112566865358,-0.079934397956261,0,0,50
"bivgauss",5e-05,1e+05,"hrv_full","0.1",FALSE,4.37970253485006e-05,-2.77919015302669e-05,NA,NA,NA,0.766607093689083,-0.130112566865358,-0.079934397956261,0,0,50
"bivgauss",5e-05,1e+05,"hrv_full","0.01",FALSE,6.82531710729337e-05,-3.66146724826229e-05,NA,NA,NA,0.766607093689083,-0.130112566865358,-0.079934397956261,0,0,50
"bivgauss",5e-05,1e+05,"hrv_interior","0.05",FALSE,5.10630012100906e-05,-3.08187628618486e-05,NA,NA,NA,0.766607093689083,-0.130112566865358,-0.079934397956261,0,0,10
"bivgauss",5e-05,1e+05,"hrv_interior","0.1",FALSE,4.37970253485006e-05,-2.77919015302669e-05,NA,NA,NA,0.766607093689083,-0.130112566865358,-0.079934397956261,0,0,10
"bivgauss",5e-05,1e+05,"hrv_interior","0.01",TRUE,6.82531710729337e-05,-3.66146724826229e-05,NA,NA,NA,0.766607093689083,-0.130112566865358,-0.079934397956261,0,0,10
"bivgauss",5e-05,1e+05,"hrv_full","0.05",TRUE,5.805889684516e-05,-3.40222520924848e-05,NA,NA,NA,0.873113866607061,-0.0565283212344646,0.0659418595931828,0,0,50
"bivgauss",5e-05,1e+05,"hrv_full","0.1",TRUE,4.96151582285488e-05,-3.00990036605481e-05,NA,NA,NA,0.873113866607061,-0.0565283212344646,0.0659418595931828,0,0,50
"bivgauss",5e-05,1e+05,"hrv_full","0.01",TRUE,7.61628431026894e-05,-4.11048880519429e-05,NA,NA,NA,0.873113866607061,-0.0565283212344646,0.0659418595931828,0,0,50
"bivgauss",5e-05,1e+05,"hrv_interior","0.05",TRUE,5.805889684516e-05,-3.40222520924848e-05,NA,NA,NA,0.873113866607061,-0.0565283212344646,0.0659418595931828,0,0,10
"bivgauss",5e-05,1e+05,"hrv_interior","0.1",TRUE,4.96151582285488e-05,-3.00990036605481e-05,NA,NA,NA,0.873113866607061,-0.0565283212344646,0.0659418595931828,0,0,10
"bivgauss",5e-05,1e+05,"hrv_interior","0.01",TRUE,7.61628431026894e-05,-4.11048880519429e-05,NA,NA,NA,0.873113866607061,-0.0565283212344646,0.0659418595931828,0,0,10
"bivgauss",5e-05,1e+05,"hrv_full","0.05",FALSE,5.4240659777248e-05,-3.07943310183118e-05,NA,NA,NA,0.724080514411693,-0.0875020044982101,-0.0283677048573991,0,0,50
"bivgauss",5e-05,1e+05,"hrv_full","0.1",FALSE,4.5078922688687e-05,-2.74207781072374e-05,NA,NA,NA,0.724080514411693,-0.0875020044982101,-0.0283677048573991,0,0,50
"bivgauss",5e-05,1e+05,"hrv_full","0.01",FALSE,7.34656280598793e-05,-3.62517100003832e-05,NA,NA,NA,0.724080514411693,-0.0875020044982101,-0.0283677048573991,0,0,50
"bivgauss",5e-05,1e+05,"hrv_interior","0.05",FALSE,5.4240659777248e-05,-3.07943310183118e-05,NA,NA,NA,0.724080514411693,-0.0875020044982101,-0.0283677048573991,0,0,10
"bivgauss",5e-05,1e+05,"hrv_interior","0.1",FALSE,4.5078922688687e-05,-2.74207781072374e-05,NA,NA,NA,0.724080514411693,-0.0875020044982101,-0.0283677048573991,0,0,10
"bivgauss",5e-05,1e+05,"hrv_interior","0.01",FALSE,7.34656280598793e-05,-3.62517100003832e-05,NA,NA,NA,0.724080514411693,-0.0875020044982101,-0.0283677048573991,0,0,10
"bivgauss",5e-05,1e+05,"hrv_full","0.05",FALSE,4.94067036855718e-05,-2.95183439927886e-05,NA,NA,NA,0.833991196460055,-0.120207686064013,-0.112355240415071,0,0,50
"bivgauss",5e-05,1e+05,"hrv_full","0.1",FALSE,4.10085786465088e-05,-2.67027265850991e-05,NA,NA,NA,0.833991196460055,-0.120207686064013,-0.112355240415071,0,0,50
"bivgauss",5e-05,1e+05,"hrv_full","0.01",FALSE,6.30438676882657e-05,-3.56107003368351e-05,NA,NA,NA,0.833991196460055,-0.120207686064013,-0.112355240415071,0,0,50
"bivgauss",5e-05,1e+05,"hrv_interior","0.05",TRUE,4.94067036855718e-05,-2.95183439927886e-05,NA,NA,NA,0.833991196460055,-0.120207686064013,-0.112355240415071,0,0,10
"bivgauss",5e-05,1e+05,"hrv_interior","0.1",TRUE,4.10085786465088e-05,-2.67027265850991e-05,NA,NA,NA,0.833991196460055,-0.120207686064013,-0.112355240415071,0,0,10
"bivgauss",5e-05,1e+05,"hrv_interior","0.01",TRUE,6.30438676882657e-05,-3.56107003368351e-05,NA,NA,NA,0.833991196460055,-0.120207686064013,-0.112355240415071,0,0,10
"bivgauss",5e-05,1e+05,"hrv_full","0.05",FALSE,6.09863517694518e-05,-3.44730472412718e-05,NA,NA,NA,0.793869882610619,-0.0988224143605797,-0.033269800984934,0,0,50
"bivgauss",5e-05,1e+05,"hrv_full","0.1",FALSE,4.97311954244895e-05,-3.0550759542411e-05,NA,NA,NA,0.793869882610619,-0.0988224143605797,-0.033269800984934,0,0,50
"bivgauss",5e-05,1e+05,"hrv_full","0.01",TRUE,7.85798350693695e-05,-4.08222395033642e-05,NA,NA,NA,0.793869882610619,-0.0988224143605797,-0.033269800984934,0,0,50
"bivgauss",5e-05,1e+05,"hrv_interior","0.05",TRUE,6.09863517694518e-05,-3.44730472412718e-05,NA,NA,NA,0.793869882610619,-0.0988224143605797,-0.033269800984934,0,0,10
"bivgauss",5e-05,1e+05,"hrv_interior","0.1",TRUE,4.97311954244895e-05,-3.0550759542411e-05,NA,NA,NA,0.793869882610619,-0.0988224143605797,-0.033269800984934,0,0,10
"bivgauss",5e-05,1e+05,"hrv_interior","0.01",TRUE,7.85798350693695e-05,-4.08222395033642e-05,NA,NA,NA,0.793869882610619,-0.0988224143605797,-0.033269800984934,0,0,10
"bivgauss",5e-05,1e+05,"hrv_full","0.05",FALSE,5.31122880304023e-05,-3.19546843186995e-05,NA,NA,NA,0.78721625927719,-0.0799424926732828,-0.0810271546396865,0,0,50
"bivgauss",5e-05,1e+05,"hrv_full","0.1",FALSE,4.4470629349861e-05,-2.83931284625857e-05,NA,NA,NA,0.78721625927719,-0.0799424926732828,-0.0810271546396865,0,0,50
"bivgauss",5e-05,1e+05,"hrv_full","0.01",FALSE,6.69935956736844e-05,-3.81043196762071e-05,NA,NA,NA,0.78721625927719,-0.0799424926732828,-0.0810271546396865,0,0,50
"bivgauss",5e-05,1e+05,"hrv_interior","0.05",TRUE,5.31122880304023e-05,-3.19546843186995e-05,NA,NA,NA,0.78721625927719,-0.0799424926732828,-0.0810271546396865,0,0,10
"bivgauss",5e-05,1e+05,"hrv_interior","0.1",FALSE,4.4470629349861e-05,-2.83931284625857e-05,NA,NA,NA,0.78721625927719,-0.0799424926732828,-0.0810271546396865,0,0,10
"bivgauss",5e-05,1e+05,"hrv_interior","0.01",TRUE,6.69935956736844e-05,-3.81043196762071e-05,NA,NA,NA,0.78721625927719,-0.0799424926732828,-0.0810271546396865,0,0,10
"bivgauss",5e-05,1e+05,"hrv_full","0.05",FALSE,5.05317377908256e-05,-3.2932250661874e-05,NA,NA,NA,0.768916277490104,-0.0477694492731199,-0.061349273684559,0,0,50
"bivgauss",5e-05,1e+05,"hrv_full","0.1",FALSE,4.30096765900241e-05,-2.91896318114545e-05,NA,NA,NA,0.768916277490104,-0.0477694492731199,-0.061349273684559,0,0,50
"bivgauss",5e-05,1e+05,"hrv_full","0.01",FALSE,6.55253401489042e-05,-3.89134798711457e-05,NA,NA,NA,0.768916277490104,-0.0477694492731199,-0.061349273684559,0,0,50
"bivgauss",5e-05,1e+05,"hrv_interior","0.05",TRUE,5.05317377908256e-05,-3.2932250661874e-05,NA,NA,NA,0.768916277490104,-0.0477694492731199,-0.061349273684559,0,0,10
"bivgauss",5e-05,1e+05,"hrv_interior","0.1",TRUE,4.30096765900241e-05,-2.91896318114545e-05,NA,NA,NA,0.768916277490104,-0.0477694492731199,-0.061349273684559,0,0,10
"bivgauss",5e-05,1e+05,"hrv_interior","0.01",TRUE,6.55253401489042e-05,-3.89134798711457e-05,NA,NA,NA,0.768916277490104,-0.0477694492731199,-0.061349273684559,0,0,10
"bivgauss",5e-05,1e+05,"hrv_full","0.05",TRUE,5.51293688639681e-05,-3.21353670183021e-05,NA,NA,NA,0.827780545312014,-0.124859537136733,0.00916430692209886,0,0,50
"bivgauss",5e-05,1e+05,"hrv_full","0.1",TRUE,4.67280614001368e-05,-2.78444409571478e-05,NA,NA,NA,0.827780545312014,-0.124859537136733,0.00916430692209886,0,0,50
"bivgauss",5e-05,1e+05,"hrv_full","0.01",TRUE,7.26650855586344e-05,-3.90016022283161e-05,NA,NA,NA,0.827780545312014,-0.124859537136733,0.00916430692209886,0,0,50
"bivgauss",5e-05,1e+05,"hrv_interior","0.05",TRUE,5.51293688639681e-05,-3.21353670183021e-05,NA,NA,NA,0.827780545312014,-0.124859537136733,0.00916430692209886,0,0,10
"bivgauss",5e-05,1e+05,"hrv_interior","0.1",TRUE,4.67280614001368e-05,-2.78444409571478e-05,NA,NA,NA,0.827780545312014,-0.124859537136733,0.00916430692209886,0,0,10
"bivgauss",5e-05,1e+05,"hrv_interior","0.01",TRUE,7.26650855586344e-05,-3.90016022283161e-05,NA,NA,NA,0.827780545312014,-0.124859537136733,0.00916430692209886,0,0,10
"bivgauss",5e-05,1e+05,"hrv_full","0.05",FALSE,5.18006521249215e-05,-3.00876006733172e-05,NA,NA,NA,0.750134214261924,0.025357744505416,-0.126843356027756,0,0,50
"bivgauss",5e-05,1e+05,"hrv_full","0.1",FALSE,4.37227202672347e-05,-2.67654976934604e-05,NA,NA,NA,0.750134214261924,0.025357744505416,-0.126843356027756,0,0,50
"bivgauss",5e-05,1e+05,"hrv_full","0.01",FALSE,6.67485095396283e-05,-3.55490349274177e-05,NA,NA,NA,0.750134214261924,0.025357744505416,-0.126843356027756,0,0,50
"bivgauss",5e-05,1e+05,"hrv_interior","0.05",TRUE,5.18006521249215e-05,-3.00876006733172e-05,NA,NA,NA,0.750134214261924,0.025357744505416,-0.126843356027756,0,0,10
"bivgauss",5e-05,1e+05,"hrv_interior","0.1",FALSE,4.37227202672347e-05,-2.67654976934604e-05,NA,NA,NA,0.750134214261924,0.025357744505416,-0.126843356027756,0,0,10
"bivgauss",5e-05,1e+05,"hrv_interior","0.01",TRUE,6.67485095396283e-05,-3.55490349274177e-05,NA,NA,NA,0.750134214261924,0.025357744505416,-0.126843356027756,0,0,10
"bivgauss",5e-05,1e+05,"hrv_full","0.05",FALSE,4.46949061855779e-05,-2.90509659434139e-05,NA,NA,NA,0.768014601945985,-0.0315835692490671,-0.126114907362486,0,0,50
"bivgauss",5e-05,1e+05,"hrv_full","0.1",FALSE,3.8251862437867e-05,-2.57959528088666e-05,NA,NA,NA,0.768014601945985,-0.0315835692490671,-0.126114907362486,0,0,50
"bivgauss",5e-05,1e+05,"hrv_full","0.01",FALSE,5.62237522210892e-05,-3.35937254402926e-05,NA,NA,NA,0.768014601945985,-0.0315835692490671,-0.126114907362486,0,0,50
"bivgauss",5e-05,1e+05,"hrv_interior","0.05",FALSE,4.46949061855779e-05,-2.90509659434139e-05,NA,NA,NA,0.768014601945985,-0.0315835692490671,-0.126114907362486,0,0,10
"bivgauss",5e-05,1e+05,"hrv_interior","0.1",FALSE,3.8251862437867e-05,-2.57959528088666e-05,NA,NA,NA,0.768014601945985,-0.0315835692490671,-0.126114907362486,0,0,10
"bivgauss",5e-05,1e+05,"hrv_interior","0.01",TRUE,5.62237522210892e-05,-3.35937254402926e-05,NA,NA,NA,0.768014601945985,-0.0315835692490671,-0.126114907362486,0,0,10
"bivgauss",5e-05,1e+05,"hrv_full","0.05",FALSE,4.71806763531727e-05,-2.89969564062758e-05,NA,NA,NA,0.802019478000827,-0.0633840423400801,-0.0651125059656207,0,0,50
"bivgauss",5e-05,1e+05,"hrv_full","0.1",FALSE,3.92955893188619e-05,-2.59380037062288e-05,NA,NA,NA,0.802019478000827,-0.0633840423400801,-0.0651125059656207,0,0,50
"bivgauss",5e-05,1e+05,"hrv_full","0.01",TRUE,6.26882564672665e-05,-3.50521435231615e-05,NA,NA,NA,0.802019478000827,-0.0633840423400801,-0.0651125059656207,0,0,50
"bivgauss",5e-05,1e+05,"hrv_interior","0.05",TRUE,4.71806763531727e-05,-2.89969564062758e-05,NA,NA,NA,0.802019478000827,-0.0633840423400801,-0.0651125059656207,0,0,10
"bivgauss",5e-05,1e+05,"hrv_interior","0.1",TRUE,3.92955893188619e-05,-2.59380037062288e-05,NA,NA,NA,0.802019478000827,-0.0633840423400801,-0.0651125059656207,0,0,10
"bivgauss",5e-05,1e+05,"hrv_interior","0.01",TRUE,6.26882564672665e-05,-3.50521435231615e-05,NA,NA,NA,0.802019478000827,-0.0633840423400801,-0.0651125059656207,0,0,10
"bivgauss",5e-05,1e+05,"hrv_full","0.05",TRUE,5.61131168294954e-05,-3.12856119087308e-05,NA,NA,NA,0.812165800202838,-0.0156340174760482,-0.0828289761343808,0,0,50
"bivgauss",5e-05,1e+05,"hrv_full","0.1",FALSE,4.68233307929155e-05,-2.82291472954954e-05,NA,NA,NA,0.812165800202838,-0.0156340174760482,-0.0828289761343808,0,0,50
"bivgauss",5e-05,1e+05,"hrv_full","0.01",TRUE,7.78162447633348e-05,-3.71236336658996e-05,NA,NA,NA,0.812165800202838,-0.0156340174760482,-0.0828289761343808,0,0,50
"bivgauss",5e-05,1e+05,"hrv_interior","0.05",TRUE,5.61131168294954e-05,-3.12856119087308e-05,NA,NA,NA,0.812165800202838,-0.0156340174760482,-0.0828289761343808,0,0,10
"bivgauss",5e-05,1e+05,"hrv_interior","0.1",TRUE,4.68233307929155e-05,-2.82291472954954e-05,NA,NA,NA,0.812165800202838,-0.0156340174760482,-0.0828289761343808,0,0,10
"bivgauss",5e-05,1e+05,"hrv_interior","0.01",TRUE,7.78162447633348e-05,-3.71236336658996e-05,NA,NA,NA,0.812165800202838,-0.0156340174760482,-0.0828289761343808,0,0,10
"bivgauss",5e-05,1e+05,"hrv_full","0.05",FALSE,4.87402460415856e-05,-3.12802668953745e-05,NA,NA,NA,0.832379567581336,-0.0640322807966345,-0.20625854043938,0,0,50
"bivgauss",5e-05,1e+05,"hrv_full","0.1",FALSE,4.09859806842729e-05,-2.72542470040725e-05,NA,NA,NA,0.832379567581336,-0.0640322807966345,-0.20625854043938,0,0,50
"bivgauss",5e-05,1e+05,"hrv_full","0.01",FALSE,6.69831473131889e-05,-3.9230569630111e-05,NA,NA,NA,0.832379567581336,-0.0640322807966345,-0.20625854043938,0,0,50
"bivgauss",5e-05,1e+05,"hrv_interior","0.05",TRUE,4.87402460415856e-05,-3.12802668953745e-05,NA,NA,NA,0.832379567581336,-0.0640322807966345,-0.20625854043938,0,0,10
"bivgauss",5e-05,1e+05,"hrv_interior","0.1",TRUE,4.09859806842729e-05,-2.72542470040725e-05,NA,NA,NA,0.832379567581336,-0.0640322807966345,-0.20625854043938,0,0,10
"bivgauss",5e-05,1e+05,"hrv_interior","0.01",TRUE,6.69831473131889e-05,-3.9230569630111e-05,NA,NA,NA,0.832379567581336,-0.0640322807966345,-0.20625854043938,0,0,10
"bivgauss",5e-05,1e+05,"hrv_full","0.05",FALSE,5.3677358652041e-05,-3.33470293517213e-05,NA,NA,NA,0.768403655038826,-0.18251910241812,-0.0587882905605107,0,0,50
"bivgauss",5e-05,1e+05,"hrv_full","0.1",FALSE,4.47721542707824e-05,-2.93284705234881e-05,NA,NA,NA,0.768403655038826,-0.18251910241812,-0.0587882905605107,0,0,50
"bivgauss",5e-05,1e+05,"hrv_full","0.01",FALSE,7.00559455854991e-05,-3.90448353556295e-05,NA,NA,NA,0.768403655038826,-0.18251910241812,-0.0587882905605107,0,0,50
"bivgauss",5e-05,1e+05,"hrv_interior","0.05",TRUE,5.3677358652041e-05,-3.33470293517213e-05,NA,NA,NA,0.768403655038826,-0.18251910241812,-0.0587882905605107,0,0,10
"bivgauss",5e-05,1e+05,"hrv_interior","0.1",TRUE,4.47721542707824e-05,-2.93284705234881e-05,NA,NA,NA,0.768403655038826,-0.18251910241812,-0.0587882905605107,0,0,10
"bivgauss",5e-05,1e+05,"hrv_interior","0.01",TRUE,7.00559455854991e-05,-3.90448353556295e-05,NA,NA,NA,0.768403655038826,-0.18251910241812,-0.0587882905605107,0,0,10
"bivgauss",5e-05,1e+05,"hrv_full","0.05",FALSE,4.99698818779e-05,-3.03482868619605e-05,NA,NA,NA,0.788293143677676,-0.0810074358430466,-0.125417194846178,0,0,50
"bivgauss",5e-05,1e+05,"hrv_full","0.1",FALSE,4.25359758320579e-05,-2.73613790424196e-05,NA,NA,NA,0.788293143677676,-0.0810074358430466,-0.125417194846178,0,0,50
"bivgauss",5e-05,1e+05,"hrv_full","0.01",FALSE,6.65703605127851e-05,-3.64507407817313e-05,NA,NA,NA,0.788293143677676,-0.0810074358430466,-0.125417194846178,0,0,50
"bivgauss",5e-05,1e+05,"hrv_interior","0.05",TRUE,4.99698818779e-05,-3.03482868619605e-05,NA,NA,NA,0.788293143677676,-0.0810074358430466,-0.125417194846178,0,0,10
"bivgauss",5e-05,1e+05,"hrv_interior","0.1",TRUE,4.25359758320579e-05,-2.73613790424196e-05,NA,NA,NA,0.788293143677676,-0.0810074358430466,-0.125417194846178,0,0,10
"bivgauss",5e-05,1e+05,"hrv_interior","0.01",TRUE,6.65703605127851e-05,-3.64507407817313e-05,NA,NA,NA,0.788293143677676,-0.0810074358430466,-0.125417194846178,0,0,10
"bivgauss",5e-05,1e+05,"hrv_full","0.05",FALSE,5.2075382561558e-05,-3.02397289465391e-05,NA,NA,NA,0.799480625903607,-0.0548781658895554,-0.0213805165650444,0,0,50
"bivgauss",5e-05,1e+05,"hrv_full","0.1",FALSE,4.40483673513208e-05,-2.68874748534504e-05,NA,NA,NA,0.799480625903607,-0.0548781658895554,-0.0213805165650444,0,0,50
"bivgauss",5e-05,1e+05,"hrv_full","0.01",TRUE,6.90640627946176e-05,-3.570125071564e-05,NA,NA,NA,0.799480625903607,-0.0548781658895554,-0.0213805165650444,0,0,50
"bivgauss",5e-05,1e+05,"hrv_interior","0.05",TRUE,5.2075382561558e-05,-3.02397289465391e-05,NA,NA,NA,0.799480625903607,-0.0548781658895554,-0.0213805165650444,0,0,10
"bivgauss",5e-05,1e+05,"hrv_interior","0.1",TRUE,4.40483673513208e-05,-2.68874748534504e-05,NA,NA,NA,0.799480625903607,-0.0548781658895554,-0.0213805165650444,0,0,10
"bivgauss",5e-05,1e+05,"hrv_interior","0.01",TRUE,6.90640627946176e-05,-3.570125071564e-05,NA,NA,NA,0.799480625903607,-0.0548781658895554,-0.0213805165650444,0,0,10
"bivgauss",5e-05,1e+05,"hrv_full","0.05",FALSE,5.30467406745765e-05,-3.23016383161923e-05,NA,NA,NA,0.829787827309165,-0.131227588347009,-0.111078421484936,0,0,50
"bivgauss",5e-05,1e+05,"hrv_full","0.1",FALSE,4.58086780018287e-05,-2.88712284717022e-05,NA,NA,NA,0.829787827309165,-0.131227588347009,-0.111078421484936,0,0,50
"bivgauss",5e-05,1e+05,"hrv_full","0.01",TRUE,6.97977595670427e-05,-3.83016117655678e-05,NA,NA,NA,0.829787827309165,-0.131227588347009,-0.111078421484936,0,0,50
"bivgauss",5e-05,1e+05,"hrv_interior","0.05",TRUE,5.30467406745765e-05,-3.23016383161923e-05,NA,NA,NA,0.829787827309165,-0.131227588347009,-0.111078421484936,0,0,10
"bivgauss",5e-05,1e+05,"hrv_interior","0.1",TRUE,4.58086780018287e-05,-2.88712284717022e-05,NA,NA,NA,0.829787827309165,-0.131227588347009,-0.111078421484936,0,0,10
"bivgauss",5e-05,1e+05,"hrv_interior","0.01",TRUE,6.97977595670427e-05,-3.83016117655678e-05,NA,NA,NA,0.829787827309165,-0.131227588347009,-0.111078421484936,0,0,10
"bivgauss",5e-05,1e+05,"hrv_full","0.05",FALSE,5.15043311556993e-05,-3.15362008703353e-05,NA,NA,NA,0.815202340736558,-0.0722524033503879,-0.0434000877116626,0,0,50
"bivgauss",5e-05,1e+05,"hrv_full","0.1",FALSE,4.42935309921118e-05,-2.81184427568542e-05,NA,NA,NA,0.815202340736558,-0.0722524033503879,-0.0434000877116626,0,0,50
"bivgauss",5e-05,1e+05,"hrv_full","0.01",TRUE,7.11157497663831e-05,-3.7192111349689e-05,NA,NA,NA,0.815202340736558,-0.0722524033503879,-0.0434000877116626,0,0,50
"bivgauss",5e-05,1e+05,"hrv_interior","0.05",TRUE,5.15043311556993e-05,-3.15362008703353e-05,NA,NA,NA,0.815202340736558,-0.0722524033503879,-0.0434000877116626,0,0,10
"bivgauss",5e-05,1e+05,"hrv_interior","0.1",TRUE,4.42935309921118e-05,-2.81184427568542e-05,NA,NA,NA,0.815202340736558,-0.0722524033503879,-0.0434000877116626,0,0,10
"bivgauss",5e-05,1e+05,"hrv_interior","0.01",TRUE,7.11157497663831e-05,-3.7192111349689e-05,NA,NA,NA,0.815202340736558,-0.0722524033503879,-0.0434000877116626,0,0,10
"bivgauss",5e-05,1e+05,"hrv_full","0.05",TRUE,4.74347099612724e-05,-2.89102482664692e-05,NA,NA,NA,0.805269238377091,-0.0420681495166879,-0.0751285205286806,0,0,50
"bivgauss",5e-05,1e+05,"hrv_full","0.1",FALSE,4.08816443656725e-05,-2.58504776711719e-05,NA,NA,NA,0.805269238377091,-0.0420681495166879,-0.0751285205286806,0,0,50
"bivgauss",5e-05,1e+05,"hrv_full","0.01",TRUE,6.06549988847117e-05,-3.46131058680759e-05,NA,NA,NA,0.805269238377091,-0.0420681495166879,-0.0751285205286806,0,0,50
"bivgauss",5e-05,1e+05,"hrv_interior","0.05",TRUE,4.74347099612724e-05,-2.89102482664692e-05,NA,NA,NA,0.805269238377091,-0.0420681495166879,-0.0751285205286806,0,0,10
"bivgauss",5e-05,1e+05,"hrv_interior","0.1",TRUE,4.08816443656725e-05,-2.58504776711719e-05,NA,NA,NA,0.805269238377091,-0.0420681495166879,-0.0751285205286806,0,0,10
"bivgauss",5e-05,1e+05,"hrv_interior","0.01",TRUE,6.06549988847117e-05,-3.46131058680759e-05,NA,NA,NA,0.805269238377091,-0.0420681495166879,-0.0751285205286806,0,0,10
"bivgauss",5e-05,1e+05,"hrv_full","0.05",FALSE,5.76587031088213e-05,-3.49537528403711e-05,NA,NA,NA,0.780503811955551,-0.106129867423686,-0.0823541062192232,0,0,50
"bivgauss",5e-05,1e+05,"hrv_full","0.1",FALSE,5.01696977361815e-05,-3.04330769745481e-05,NA,NA,NA,0.780503811955551,-0.106129867423686,-0.0823541062192232,0,0,50
"bivgauss",5e-05,1e+05,"hrv_full","0.01",FALSE,7.32837769594286e-05,-4.33272890983336e-05,NA,NA,NA,0.780503811955551,-0.106129867423686,-0.0823541062192232,0,0,50
"bivgauss",5e-05,1e+05,"hrv_interior","0.05",FALSE,5.76587031088213e-05,-3.49537528403711e-05,NA,NA,NA,0.780503811955551,-0.106129867423686,-0.0823541062192232,0,0,10
"bivgauss",5e-05,1e+05,"hrv_interior","0.1",FALSE,5.01696977361815e-05,-3.04330769745481e-05,NA,NA,NA,0.780503811955551,-0.106129867423686,-0.0823541062192232,0,0,10
"bivgauss",5e-05,1e+05,"hrv_interior","0.01",TRUE,7.32837769594286e-05,-4.33272890983336e-05,NA,NA,NA,0.780503811955551,-0.106129867423686,-0.0823541062192232,0,0,10
"bivgauss",5e-05,1e+05,"hrv_full","0.05",FALSE,5.56736049624054e-05,-3.37094127456893e-05,NA,NA,NA,0.831164098481183,-0.138371823603523,-0.137017142292066,0,0,50
"bivgauss",5e-05,1e+05,"hrv_full","0.1",FALSE,4.57941518504154e-05,-2.95846320041612e-05,NA,NA,NA,0.831164098481183,-0.138371823603523,-0.137017142292066,0,0,50
"bivgauss",5e-05,1e+05,"hrv_full","0.01",TRUE,7.52590737858887e-05,-4.09963257149805e-05,NA,NA,NA,0.831164098481183,-0.138371823603523,-0.137017142292066,0,0,50
"bivgauss",5e-05,1e+05,"hrv_interior","0.05",TRUE,5.56736049624054e-05,-3.37094127456893e-05,NA,NA,NA,0.831164098481183,-0.138371823603523,-0.137017142292066,0,0,10
"bivgauss",5e-05,1e+05,"hrv_interior","0.1",TRUE,4.57941518504154e-05,-2.95846320041612e-05,NA,NA,NA,0.831164098481183,-0.138371823603523,-0.137017142292066,0,0,10
"bivgauss",5e-05,1e+05,"hrv_interior","0.01",TRUE,7.52590737858887e-05,-4.09963257149805e-05,NA,NA,NA,0.831164098481183,-0.138371823603523,-0.137017142292066,0,0,10
"bivgauss",5e-05,1e+05,"hrv_full","0.05",FALSE,5.4934931612362e-05,-3.19245117153037e-05,NA,NA,NA,0.848819269239271,-0.127400202944886,-0.0751390961024696,0,0,50
"bivgauss",5e-05,1e+05,"hrv_full","0.1",FALSE,4.69192425402544e-05,-2.89850055386071e-05,NA,NA,NA,0.848819269239271,-0.127400202944886,-0.0751390961024696,0,0,50
"bivgauss",5e-05,1e+05,"hrv_full","0.01",FALSE,6.97705137004544e-05,-3.72986452493201e-05,NA,NA,NA,0.848819269239271,-0.127400202944886,-0.0751390961024696,0,0,50
"bivgauss",5e-05,1e+05,"hrv_interior","0.05",TRUE,5.4934931612362e-05,-3.19245117153037e-05,NA,NA,NA,0.848819269239271,-0.127400202944886,-0.0751390961024696,0,0,10
"bivgauss",5e-05,1e+05,"hrv_interior","0.1",TRUE,4.69192425402544e-05,-2.89850055386071e-05,NA,NA,NA,0.848819269239271,-0.127400202944886,-0.0751390961024696,0,0,10
"bivgauss",5e-05,1e+05,"hrv_interior","0.01",TRUE,6.97705137004544e-05,-3.72986452493201e-05,NA,NA,NA,0.848819269239271,-0.127400202944886,-0.0751390961024696,0,0,10
"bivgauss",5e-05,1e+05,"hrv_full","0.05",TRUE,5.04848780381386e-05,-3.3347287777424e-05,NA,NA,NA,0.867280932817686,-0.115254208854954,-0.132707414932576,0,0,50
"bivgauss",5e-05,1e+05,"hrv_full","0.1",TRUE,4.31092137802099e-05,-2.87791866620657e-05,NA,NA,NA,0.867280932817686,-0.115254208854954,-0.132707414932576,0,0,50
"bivgauss",5e-05,1e+05,"hrv_full","0.01",TRUE,6.46809417271064e-05,-4.06466896120248e-05,NA,NA,NA,0.867280932817686,-0.115254208854954,-0.132707414932576,0,0,50
"bivgauss",5e-05,1e+05,"hrv_interior","0.05",TRUE,5.04848780381386e-05,-3.3347287777424e-05,NA,NA,NA,0.867280932817686,-0.115254208854954,-0.132707414932576,0,0,10
"bivgauss",5e-05,1e+05,"hrv_interior","0.1",TRUE,4.31092137802099e-05,-2.87791866620657e-05,NA,NA,NA,0.867280932817686,-0.115254208854954,-0.132707414932576,0,0,10
"bivgauss",5e-05,1e+05,"hrv_interior","0.01",TRUE,6.46809417271064e-05,-4.06466896120248e-05,NA,NA,NA,0.867280932817686,-0.115254208854954,-0.132707414932576,0,0,10
"bivgauss",5e-05,1e+05,"hrv_full","0.05",FALSE,5.71267682105167e-05,-3.33930178586041e-05,NA,NA,NA,0.847625063478934,-0.0689770813349388,-0.0832175032298239,0,0,50
"bivgauss",5e-05,1e+05,"hrv_full","0.1",FALSE,4.80824159775735e-05,-2.95667672107428e-05,NA,NA,NA,0.847625063478934,-0.0689770813349388,-0.0832175032298239,0,0,50
"bivgauss",5e-05,1e+05,"hrv_full","0.01",TRUE,7.57841590823989e-05,-3.95669616441583e-05,NA,NA,NA,0.847625063478934,-0.0689770813349388,-0.0832175032298239,0,0,50
"bivgauss",5e-05,1e+05,"hrv_interior","0.05",TRUE,5.71267682105167e-05,-3.33930178586041e-05,NA,NA,NA,0.847625063478934,-0.0689770813349388,-0.0832175032298239,0,0,10
"bivgauss",5e-05,1e+05,"hrv_interior","0.1",TRUE,4.80824159775735e-05,-2.95667672107428e-05,NA,NA,NA,0.847625063478934,-0.0689770813349388,-0.0832175032298239,0,0,10
"bivgauss",5e-05,1e+05,"hrv_interior","0.01",TRUE,7.57841590823989e-05,-3.95669616441583e-05,NA,NA,NA,0.847625063478934,-0.0689770813349388,-0.0832175032298239,0,0,10
"bivgauss",5e-05,1e+05,"hrv_full","0.05",TRUE,4.95401721670786e-05,-3.39500099850247e-05,NA,NA,NA,0.90152723182297,0.00095565129114535,-0.0540635728492588,0,0,50
"bivgauss",5e-05,1e+05,"hrv_full","0.1",TRUE,4.27703933385073e-05,-2.90091626959332e-05,NA,NA,NA,0.90152723182297,0.00095565129114535,-0.0540635728492588,0,0,50
"bivgauss",5e-05,1e+05,"hrv_full","0.01",TRUE,6.27526156032475e-05,-4.08590440567556e-05,NA,NA,NA,0.90152723182297,0.00095565129114535,-0.0540635728492588,0,0,50
"bivgauss",5e-05,1e+05,"hrv_interior","0.05",TRUE,4.95401721670786e-05,-3.39500099850247e-05,NA,NA,NA,0.90152723182297,0.00095565129114535,-0.0540635728492588,0,0,10
"bivgauss",5e-05,1e+05,"hrv_interior","0.1",TRUE,4.27703933385073e-05,-2.90091626959332e-05,NA,NA,NA,0.90152723182297,0.00095565129114535,-0.0540635728492588,0,0,10
"bivgauss",5e-05,1e+05,"hrv_interior","0.01",TRUE,6.27526156032475e-05,-4.08590440567556e-05,NA,NA,NA,0.90152723182297,0.00095565129114535,-0.0540635728492588,0,0,10
"bivgauss",5e-05,1e+05,"hrv_full","0.05",TRUE,5.21858555013001e-05,-3.29949722187212e-05,NA,NA,NA,0.826545862586175,-0.118549515685934,-0.0121138698017869,0,0,50
"bivgauss",5e-05,1e+05,"hrv_full","0.1",FALSE,4.37491786476908e-05,-2.9018132823145e-05,NA,NA,NA,0.826545862586175,-0.118549515685934,-0.0121138698017869,0,0,50
"bivgauss",5e-05,1e+05,"hrv_full","0.01",TRUE,6.81830235580484e-05,-3.88823090291401e-05,NA,NA,NA,0.826545862586175,-0.118549515685934,-0.0121138698017869,0,0,50
"bivgauss",5e-05,1e+05,"hrv_interior","0.05",TRUE,5.21858555013001e-05,-3.29949722187212e-05,NA,NA,NA,0.826545862586175,-0.118549515685934,-0.0121138698017869,0,0,10
"bivgauss",5e-05,1e+05,"hrv_interior","0.1",TRUE,4.37491786476908e-05,-2.9018132823145e-05,NA,NA,NA,0.826545862586175,-0.118549515685934,-0.0121138698017869,0,0,10
"bivgauss",5e-05,1e+05,"hrv_interior","0.01",TRUE,6.81830235580484e-05,-3.88823090291401e-05,NA,NA,NA,0.826545862586175,-0.118549515685934,-0.0121138698017869,0,0,10
"bivgauss",5e-05,1e+05,"hrv_full","0.05",FALSE,5.26276917892035e-05,-3.4543506674615e-05,NA,NA,NA,0.767787216842195,-0.0716505438413265,-0.106508470955825,0,0,50
"bivgauss",5e-05,1e+05,"hrv_full","0.1",FALSE,4.50207751392974e-05,-3.07975622025215e-05,NA,NA,NA,0.767787216842195,-0.0716505438413265,-0.106508470955825,0,0,50
"bivgauss",5e-05,1e+05,"hrv_full","0.01",TRUE,6.74499613846727e-05,-3.98112328483056e-05,NA,NA,NA,0.767787216842195,-0.0716505438413265,-0.106508470955825,0,0,50
"bivgauss",5e-05,1e+05,"hrv_interior","0.05",TRUE,5.26276917892035e-05,-3.4543506674615e-05,NA,NA,NA,0.767787216842195,-0.0716505438413265,-0.106508470955825,0,0,10
"bivgauss",5e-05,1e+05,"hrv_interior","0.1",TRUE,4.50207751392974e-05,-3.07975622025215e-05,NA,NA,NA,0.767787216842195,-0.0716505438413265,-0.106508470955825,0,0,10
"bivgauss",5e-05,1e+05,"hrv_interior","0.01",TRUE,6.74499613846727e-05,-3.98112328483056e-05,NA,NA,NA,0.767787216842195,-0.0716505438413265,-0.106508470955825,0,0,10
"bivgauss",5e-05,1e+05,"hrv_full","0.05",TRUE,6.2225899818066e-05,-3.56990199697864e-05,NA,NA,NA,0.806077754164302,0.0278278321594457,-0.0233141511062828,0,0,50
"bivgauss",5e-05,1e+05,"hrv_full","0.1",TRUE,5.27135377985076e-05,-3.2051561099973e-05,NA,NA,NA,0.806077754164302,0.0278278321594457,-0.0233141511062828,0,0,50
"bivgauss",5e-05,1e+05,"hrv_full","0.01",TRUE,7.98498875687532e-05,-4.21737751851055e-05,NA,NA,NA,0.806077754164302,0.0278278321594457,-0.0233141511062828,0,0,50
"bivgauss",5e-05,1e+05,"hrv_interior","0.05",TRUE,6.2225899818066e-05,-3.56990199697864e-05,NA,NA,NA,0.806077754164302,0.0278278321594457,-0.0233141511062828,0,0,10
"bivgauss",5e-05,1e+05,"hrv_interior","0.1",TRUE,5.27135377985076e-05,-3.2051561099973e-05,NA,NA,NA,0.806077754164302,0.0278278321594457,-0.0233141511062828,0,0,10
"bivgauss",5e-05,1e+05,"hrv_interior","0.01",TRUE,7.98498875687532e-05,-4.21737751851055e-05,NA,NA,NA,0.806077754164302,0.0278278321594457,-0.0233141511062828,0,0,10
"bivgauss",5e-05,1e+05,"hrv_full","0.05",TRUE,5.55832483800736e-05,-3.26195312359966e-05,NA,NA,NA,0.855919888833073,0.01195062170353,-0.0900248866173613,0,0,50
"bivgauss",5e-05,1e+05,"hrv_full","0.1",TRUE,4.646889320189e-05,-2.88471566686819e-05,NA,NA,NA,0.855919888833073,0.01195062170353,-0.0900248866173613,0,0,50
"bivgauss",5e-05,1e+05,"hrv_full","0.01",TRUE,7.37078687628618e-05,-3.80712768005325e-05,NA,NA,NA,0.855919888833073,0.01195062170353,-0.0900248866173613,0,0,50
"bivgauss",5e-05,1e+05,"hrv_interior","0.05",TRUE,5.55832483800736e-05,-3.26195312359966e-05,NA,NA,NA,0.855919888833073,0.01195062170353,-0.0900248866173613,0,0,10
"bivgauss",5e-05,1e+05,"hrv_interior","0.1",TRUE,4.646889320189e-05,-2.88471566686819e-05,NA,NA,NA,0.855919888833073,0.01195062170353,-0.0900248866173613,0,0,10
"bivgauss",5e-05,1e+05,"hrv_interior","0.01",TRUE,7.37078687628618e-05,-3.80712768005325e-05,NA,NA,NA,0.855919888833073,0.01195062170353,-0.0900248866173613,0,0,10
"bivgauss",5e-05,1e+05,"hrv_full","0.05",FALSE,5.24203185622239e-05,-3.54409688059867e-05,NA,NA,NA,0.814082210986598,-0.0219306455278102,-0.128357264186118,0,0,50
"bivgauss",5e-05,1e+05,"hrv_full","0.1",FALSE,4.4783450558329e-05,-3.06352649872033e-05,NA,NA,NA,0.814082210986598,-0.0219306455278102,-0.128357264186118,0,0,50
"bivgauss",5e-05,1e+05,"hrv_full","0.01",TRUE,6.95057069152875e-05,-4.20483927919291e-05,NA,NA,NA,0.814082210986598,-0.0219306455278102,-0.128357264186118,0,0,50
"bivgauss",5e-05,1e+05,"hrv_interior","0.05",TRUE,5.24203185622239e-05,-3.54409688059867e-05,NA,NA,NA,0.814082210986598,-0.0219306455278102,-0.128357264186118,0,0,10
"bivgauss",5e-05,1e+05,"hrv_interior","0.1",TRUE,4.4783450558329e-05,-3.06352649872033e-05,NA,NA,NA,0.814082210986598,-0.0219306455278102,-0.128357264186118,0,0,10
"bivgauss",5e-05,1e+05,"hrv_interior","0.01",TRUE,6.95057069152875e-05,-4.20483927919291e-05,NA,NA,NA,0.814082210986598,-0.0219306455278102,-0.128357264186118,0,0,10
"bivgauss",5e-05,1e+05,"hrv_full","0.05",FALSE,5.04795656258236e-05,-3.18513861270653e-05,NA,NA,NA,0.875996330944186,-0.0986509102837058,-0.178119887924044,0,0,50
"bivgauss",5e-05,1e+05,"hrv_full","0.1",FALSE,4.21247202732465e-05,-2.7800954756854e-05,NA,NA,NA,0.875996330944186,-0.0986509102837058,-0.178119887924044,0,0,50
"bivgauss",5e-05,1e+05,"hrv_full","0.01",FALSE,6.48325045115838e-05,-3.83437985944183e-05,NA,NA,NA,0.875996330944186,-0.0986509102837058,-0.178119887924044,0,0,50
"bivgauss",5e-05,1e+05,"hrv_interior","0.05",TRUE,5.04795656258236e-05,-3.18513861270653e-05,NA,NA,NA,0.875996330944186,-0.0986509102837058,-0.178119887924044,0,0,10
"bivgauss",5e-05,1e+05,"hrv_interior","0.1",TRUE,4.21247202732465e-05,-2.7800954756854e-05,NA,NA,NA,0.875996330944186,-0.0986509102837058,-0.178119887924044,0,0,10
"bivgauss",5e-05,1e+05,"hrv_interior","0.01",TRUE,6.48325045115838e-05,-3.83437985944183e-05,NA,NA,NA,0.875996330944186,-0.0986509102837058,-0.178119887924044,0,0,10
"bivgauss",5e-05,1e+05,"hrv_full","0.05",TRUE,5.7560176762084e-05,-3.33904611450971e-05,NA,NA,NA,0.854768119847643,-0.0127699656250389,-0.0317571578072825,0,0,50
"bivgauss",5e-05,1e+05,"hrv_full","0.1",TRUE,4.8612204405367e-05,-2.98676349412926e-05,NA,NA,NA,0.854768119847643,-0.0127699656250389,-0.0317571578072825,0,0,50
"bivgauss",5e-05,1e+05,"hrv_full","0.01",TRUE,7.86808140161872e-05,-3.97450484120097e-05,NA,NA,NA,0.854768119847643,-0.0127699656250389,-0.0317571578072825,0,0,50
"bivgauss",5e-05,1e+05,"hrv_interior","0.05",TRUE,5.7560176762084e-05,-3.33904611450971e-05,NA,NA,NA,0.854768119847643,-0.0127699656250389,-0.0317571578072825,0,0,10
"bivgauss",5e-05,1e+05,"hrv_interior","0.1",TRUE,4.8612204405367e-05,-2.98676349412926e-05,NA,NA,NA,0.854768119847643,-0.0127699656250389,-0.0317571578072825,0,0,10
"bivgauss",5e-05,1e+05,"hrv_interior","0.01",TRUE,7.86808140161872e-05,-3.97450484120097e-05,NA,NA,NA,0.854768119847643,-0.0127699656250389,-0.0317571578072825,0,0,10
"bivgauss",5e-05,1e+05,"hrv_full","0.05",FALSE,4.93732742177384e-05,-3.04645281388936e-05,NA,NA,NA,0.855471171532127,-0.0756288314911965,-0.1271752917215,0,0,50
"bivgauss",5e-05,1e+05,"hrv_full","0.1",FALSE,4.20101375947366e-05,-2.7169661565526e-05,NA,NA,NA,0.855471171532127,-0.0756288314911965,-0.1271752917215,0,0,50
"bivgauss",5e-05,1e+05,"hrv_full","0.01",TRUE,6.44864727529306e-05,-3.64525159034661e-05,NA,NA,NA,0.855471171532127,-0.0756288314911965,-0.1271752917215,0,0,50
"bivgauss",5e-05,1e+05,"hrv_interior","0.05",TRUE,4.93732742177384e-05,-3.04645281388936e-05,NA,NA,NA,0.855471171532127,-0.0756288314911965,-0.1271752917215,0,0,10
"bivgauss",5e-05,1e+05,"hrv_interior","0.1",TRUE,4.20101375947366e-05,-2.7169661565526e-05,NA,NA,NA,0.855471171532127,-0.0756288314911965,-0.1271752917215,0,0,10
"bivgauss",5e-05,1e+05,"hrv_interior","0.01",TRUE,6.44864727529306e-05,-3.64525159034661e-05,NA,NA,NA,0.855471171532127,-0.0756288314911965,-0.1271752917215,0,0,10
"bivgauss",5e-05,1e+05,"hrv_full","0.05",FALSE,4.94173246070264e-05,-3.04404565252433e-05,NA,NA,NA,0.825424972607312,-0.275866410771026,-0.162136783090879,0,0,50
"bivgauss",5e-05,1e+05,"hrv_full","0.1",FALSE,4.20381402628431e-05,-2.69973777512136e-05,NA,NA,NA,0.825424972607312,-0.275866410771026,-0.162136783090879,0,0,50
"bivgauss",5e-05,1e+05,"hrv_full","0.01",FALSE,6.56650635000735e-05,-3.60961046639312e-05,NA,NA,NA,0.825424972607312,-0.275866410771026,-0.162136783090879,0,0,50
"bivgauss",5e-05,1e+05,"hrv_interior","0.05",FALSE,4.94173246070264e-05,-3.04404565252433e-05,NA,NA,NA,0.825424972607312,-0.275866410771026,-0.162136783090879,0,0,10
"bivgauss",5e-05,1e+05,"hrv_interior","0.1",FALSE,4.20381402628431e-05,-2.69973777512136e-05,NA,NA,NA,0.825424972607312,-0.275866410771026,-0.162136783090879,0,0,10
"bivgauss",5e-05,1e+05,"hrv_interior","0.01",TRUE,6.56650635000735e-05,-3.60961046639312e-05,NA,NA,NA,0.825424972607312,-0.275866410771026,-0.162136783090879,0,0,10
"bivgauss",5e-05,1e+05,"hrv_full","0.05",TRUE,5.23307557962733e-05,-3.12955818964635e-05,NA,NA,NA,0.859092948077905,0.0405899599867037,-0.00135340929925347,0,0,50
"bivgauss",5e-05,1e+05,"hrv_full","0.1",TRUE,4.5086195561338e-05,-2.77536378924292e-05,NA,NA,NA,0.859092948077905,0.0405899599867037,-0.00135340929925347,0,0,50
"bivgauss",5e-05,1e+05,"hrv_full","0.01",TRUE,6.77444424437367e-05,-3.71631089613724e-05,NA,NA,NA,0.859092948077905,0.0405899599867037,-0.00135340929925347,0,0,50
"bivgauss",5e-05,1e+05,"hrv_interior","0.05",TRUE,5.23307557962733e-05,-3.12955818964635e-05,NA,NA,NA,0.859092948077905,0.0405899599867037,-0.00135340929925347,0,0,10
"bivgauss",5e-05,1e+05,"hrv_interior","0.1",TRUE,4.5086195561338e-05,-2.77536378924292e-05,NA,NA,NA,0.859092948077905,0.0405899599867037,-0.00135340929925347,0,0,10
"bivgauss",5e-05,1e+05,"hrv_interior","0.01",TRUE,6.77444424437367e-05,-3.71631089613724e-05,NA,NA,NA,0.859092948077905,0.0405899599867037,-0.00135340929925347,0,0,10
"bivgauss",5e-05,1e+05,"hrv_full","0.05",FALSE,5.14025106678753e-05,-3.010707777215e-05,NA,NA,NA,0.78897703248088,-0.0435508518028021,-0.0689937021089239,0,0,50
"bivgauss",5e-05,1e+05,"hrv_full","0.1",FALSE,4.36510477582127e-05,-2.67176418513162e-05,NA,NA,NA,0.78897703248088,-0.0435508518028021,-0.0689937021089239,0,0,50
"bivgauss",5e-05,1e+05,"hrv_full","0.01",TRUE,7.07484186285118e-05,-3.6654806919666e-05,NA,NA,NA,0.78897703248088,-0.0435508518028021,-0.0689937021089239,0,0,50
"bivgauss",5e-05,1e+05,"hrv_interior","0.05",TRUE,5.14025106678753e-05,-3.010707777215e-05,NA,NA,NA,0.78897703248088,-0.0435508518028021,-0.0689937021089239,0,0,10
"bivgauss",5e-05,1e+05,"hrv_interior","0.1",TRUE,4.36510477582127e-05,-2.67176418513162e-05,NA,NA,NA,0.78897703248088,-0.0435508518028021,-0.0689937021089239,0,0,10
"bivgauss",5e-05,1e+05,"hrv_interior","0.01",TRUE,7.07484186285118e-05,-3.6654806919666e-05,NA,NA,NA,0.78897703248088,-0.0435508518028021,-0.0689937021089239,0,0,10
"bivgauss",5e-05,1e+05,"hrv_full","0.05",TRUE,5.01868362024083e-05,-3.1138882024497e-05,NA,NA,NA,0.836821119117386,-0.0551813432133575,-0.0905817926333541,0,0,50
"bivgauss",5e-05,1e+05,"hrv_full","0.1",FALSE,4.17433351100793e-05,-2.78039055444511e-05,NA,NA,NA,0.836821119117386,-0.0551813432133575,-0.0905817926333541,0,0,50
"bivgauss",5e-05,1e+05,"hrv_full","0.01",TRUE,6.64756483594736e-05,-3.75402174018047e-05,NA,NA,NA,0.836821119117386,-0.0551813432133575,-0.0905817926333541,0,0,50
"bivgauss",5e-05,1e+05,"hrv_interior","0.05",TRUE,5.01868362024083e-05,-3.1138882024497e-05,NA,NA,NA,0.836821119117386,-0.0551813432133575,-0.0905817926333541,0,0,10
"bivgauss",5e-05,1e+05,"hrv_interior","0.1",TRUE,4.17433351100793e-05,-2.78039055444511e-05,NA,NA,NA,0.836821119117386,-0.0551813432133575,-0.0905817926333541,0,0,10
"bivgauss",5e-05,1e+05,"hrv_interior","0.01",TRUE,6.64756483594736e-05,-3.75402174018047e-05,NA,NA,NA,0.836821119117386,-0.0551813432133575,-0.0905817926333541,0,0,10
"bivgauss",5e-05,1e+05,"hrv_full","0.05",FALSE,4.96932496297948e-05,-3.10664193268468e-05,NA,NA,NA,0.829769486186011,-0.0614815726139785,-0.0781604819983185,0,0,50
"bivgauss",5e-05,1e+05,"hrv_full","0.1",FALSE,4.31015731811778e-05,-2.71993270496124e-05,NA,NA,NA,0.829769486186011,-0.0614815726139785,-0.0781604819983185,0,0,50
"bivgauss",5e-05,1e+05,"hrv_full","0.01",TRUE,6.67325899518552e-05,-3.59242102101387e-05,NA,NA,NA,0.829769486186011,-0.0614815726139785,-0.0781604819983185,0,0,50
"bivgauss",5e-05,1e+05,"hrv_interior","0.05",TRUE,4.96932496297948e-05,-3.10664193268468e-05,NA,NA,NA,0.829769486186011,-0.0614815726139785,-0.0781604819983185,0,0,10
"bivgauss",5e-05,1e+05,"hrv_interior","0.1",TRUE,4.31015731811778e-05,-2.71993270496124e-05,NA,NA,NA,0.829769486186011,-0.0614815726139785,-0.0781604819983185,0,0,10
"bivgauss",5e-05,1e+05,"hrv_interior","0.01",TRUE,6.67325899518552e-05,-3.59242102101387e-05,NA,NA,NA,0.829769486186011,-0.0614815726139785,-0.0781604819983185,0,0,10
"bivgauss",5e-05,1e+05,"hrv_full","0.05",TRUE,5.13404585510405e-05,-3.13400325917285e-05,NA,NA,NA,0.864471780500056,-0.00651221741379994,-0.0444047673041221,0,0,50
"bivgauss",5e-05,1e+05,"hrv_full","0.1",TRUE,4.32289743094823e-05,-2.79606353828238e-05,NA,NA,NA,0.864471780500056,-0.00651221741379994,-0.0444047673041221,0,0,50
"bivgauss",5e-05,1e+05,"hrv_full","0.01",TRUE,6.85129945994866e-05,-3.87039578974707e-05,NA,NA,NA,0.864471780500056,-0.00651221741379994,-0.0444047673041221,0,0,50
"bivgauss",5e-05,1e+05,"hrv_interior","0.05",TRUE,5.13404585510405e-05,-3.13400325917285e-05,NA,NA,NA,0.864471780500056,-0.00651221741379994,-0.0444047673041221,0,0,10
"bivgauss",5e-05,1e+05,"hrv_interior","0.1",TRUE,4.32289743094823e-05,-2.79606353828238e-05,NA,NA,NA,0.864471780500056,-0.00651221741379994,-0.0444047673041221,0,0,10
"bivgauss",5e-05,1e+05,"hrv_interior","0.01",TRUE,6.85129945994866e-05,-3.87039578974707e-05,NA,NA,NA,0.864471780500056,-0.00651221741379994,-0.0444047673041221,0,0,10
"bivgauss",5e-05,1e+05,"hrv_full","0.05",FALSE,4.8673678573657e-05,-3.06870090254856e-05,NA,NA,NA,0.806356985111899,-0.120329206088866,-0.0982723925019626,0,0,50
"bivgauss",5e-05,1e+05,"hrv_full","0.1",FALSE,4.21478242336427e-05,-2.72643932806938e-05,NA,NA,NA,0.806356985111899,-0.120329206088866,-0.0982723925019626,0,0,50
"bivgauss",5e-05,1e+05,"hrv_full","0.01",FALSE,6.41606746602624e-05,-3.64986986456267e-05,NA,NA,NA,0.806356985111899,-0.120329206088866,-0.0982723925019626,0,0,50
"bivgauss",5e-05,1e+05,"hrv_interior","0.05",TRUE,4.8673678573657e-05,-3.06870090254856e-05,NA,NA,NA,0.806356985111899,-0.120329206088866,-0.0982723925019626,0,0,10
"bivgauss",5e-05,1e+05,"hrv_interior","0.1",TRUE,4.21478242336427e-05,-2.72643932806938e-05,NA,NA,NA,0.806356985111899,-0.120329206088866,-0.0982723925019626,0,0,10
"bivgauss",5e-05,1e+05,"hrv_interior","0.01",TRUE,6.41606746602624e-05,-3.64986986456267e-05,NA,NA,NA,0.806356985111899,-0.120329206088866,-0.0982723925019626,0,0,10
"bivgauss",5e-05,1e+05,"hrv_full","0.05",FALSE,4.51112775537141e-05,-2.80751515887769e-05,NA,NA,NA,0.755889183712069,-0.075584263679791,-0.0484304117433617,0,0,50
"bivgauss",5e-05,1e+05,"hrv_full","0.1",FALSE,3.90724829208308e-05,-2.49121370393804e-05,NA,NA,NA,0.755889183712069,-0.075584263679791,-0.0484304117433617,0,0,50
"bivgauss",5e-05,1e+05,"hrv_full","0.01",FALSE,5.88586262164726e-05,-3.34966972740752e-05,NA,NA,NA,0.755889183712069,-0.075584263679791,-0.0484304117433617,0,0,50
"bivgauss",5e-05,1e+05,"hrv_interior","0.05",TRUE,4.51112775537141e-05,-2.80751515887769e-05,NA,NA,NA,0.755889183712069,-0.075584263679791,-0.0484304117433617,0,0,10
"bivgauss",5e-05,1e+05,"hrv_interior","0.1",FALSE,3.90724829208308e-05,-2.49121370393804e-05,NA,NA,NA,0.755889183712069,-0.075584263679791,-0.0484304117433617,0,0,10
"bivgauss",5e-05,1e+05,"hrv_interior","0.01",TRUE,5.88586262164726e-05,-3.34966972740752e-05,NA,NA,NA,0.755889183712069,-0.075584263679791,-0.0484304117433617,0,0,10
"bivgauss",5e-05,1e+05,"hrv_full","0.05",FALSE,5.4914121348686e-05,-3.1740552032806e-05,NA,NA,NA,0.785805438677755,-0.0076187629640729,-0.149193848837053,0,0,50
"bivgauss",5e-05,1e+05,"hrv_full","0.1",FALSE,4.63461852747104e-05,-2.82455786723198e-05,NA,NA,NA,0.785805438677755,-0.0076187629640729,-0.149193848837053,0,0,50
"bivgauss",5e-05,1e+05,"hrv_full","0.01",FALSE,7.04580685258168e-05,-3.75051527430811e-05,NA,NA,NA,0.785805438677755,-0.0076187629640729,-0.149193848837053,0,0,50
"bivgauss",5e-05,1e+05,"hrv_interior","0.05",TRUE,5.4914121348686e-05,-3.1740552032806e-05,NA,NA,NA,0.785805438677755,-0.0076187629640729,-0.149193848837053,0,0,10
"bivgauss",5e-05,1e+05,"hrv_interior","0.1",TRUE,4.63461852747104e-05,-2.82455786723198e-05,NA,NA,NA,0.785805438677755,-0.0076187629640729,-0.149193848837053,0,0,10
"bivgauss",5e-05,1e+05,"hrv_interior","0.01",TRUE,7.04580685258168e-05,-3.75051527430811e-05,NA,NA,NA,0.785805438677755,-0.0076187629640729,-0.149193848837053,0,0,10
"bivgauss",5e-05,1e+05,"hrv_full","0.05",TRUE,5.34587026312748e-05,-3.22410042069597e-05,NA,NA,NA,0.846716578134983,-0.027509643152324,-0.089431551083288,0,0,50
"bivgauss",5e-05,1e+05,"hrv_full","0.1",FALSE,4.46028784027572e-05,-2.85894976790019e-05,NA,NA,NA,0.846716578134983,-0.027509643152324,-0.089431551083288,0,0,50
"bivgauss",5e-05,1e+05,"hrv_full","0.01",TRUE,7.18651987494716e-05,-3.95242845327298e-05,NA,NA,NA,0.846716578134983,-0.027509643152324,-0.089431551083288,0,0,50
"bivgauss",5e-05,1e+05,"hrv_interior","0.05",TRUE,5.34587026312748e-05,-3.22410042069597e-05,NA,NA,NA,0.846716578134983,-0.027509643152324,-0.089431551083288,0,0,10
"bivgauss",5e-05,1e+05,"hrv_interior","0.1",TRUE,4.46028784027572e-05,-2.85894976790019e-05,NA,NA,NA,0.846716578134983,-0.027509643152324,-0.089431551083288,0,0,10
"bivgauss",5e-05,1e+05,"hrv_interior","0.01",TRUE,7.18651987494716e-05,-3.95242845327298e-05,NA,NA,NA,0.846716578134983,-0.027509643152324,-0.089431551083288,0,0,10
"bivgauss",5e-05,1e+05,"hrv_full","0.05",FALSE,5.49070215000476e-05,-3.57969010356367e-05,NA,NA,NA,0.811535411550292,-0.0607042306847159,-0.0949658472652953,0,0,50
"bivgauss",5e-05,1e+05,"hrv_full","0.1",FALSE,4.72927546255969e-05,-3.17242111481306e-05,NA,NA,NA,0.811535411550292,-0.0607042306847159,-0.0949658472652953,0,0,50
"bivgauss",5e-05,1e+05,"hrv_full","0.01",TRUE,7.34012176711558e-05,-4.20739921827057e-05,NA,NA,NA,0.811535411550292,-0.0607042306847159,-0.0949658472652953,0,0,50
"bivgauss",5e-05,1e+05,"hrv_interior","0.05",TRUE,5.49070215000476e-05,-3.57969010356367e-05,NA,NA,NA,0.811535411550292,-0.0607042306847159,-0.0949658472652953,0,0,10
"bivgauss",5e-05,1e+05,"hrv_interior","0.1",TRUE,4.72927546255969e-05,-3.17242111481306e-05,NA,NA,NA,0.811535411550292,-0.0607042306847159,-0.0949658472652953,0,0,10
"bivgauss",5e-05,1e+05,"hrv_interior","0.01",TRUE,7.34012176711558e-05,-4.20739921827057e-05,NA,NA,NA,0.811535411550292,-0.0607042306847159,-0.0949658472652953,0,0,10
"bivgauss",5e-05,1e+05,"hrv_full","0.05",FALSE,4.99642576905816e-05,-3.07300904924914e-05,NA,NA,NA,0.856887358357288,-0.206636328404279,-0.137562828391279,0,0,50
"bivgauss",5e-05,1e+05,"hrv_full","0.1",FALSE,4.22458323625757e-05,-2.68429482694869e-05,NA,NA,NA,0.856887358357288,-0.206636328404279,-0.137562828391279,0,0,50
"bivgauss",5e-05,1e+05,"hrv_full","0.01",FALSE,6.21301300710628e-05,-3.6075145936785e-05,NA,NA,NA,0.856887358357288,-0.206636328404279,-0.137562828391279,0,0,50
"bivgauss",5e-05,1e+05,"hrv_interior","0.05",TRUE,4.99642576905816e-05,-3.07300904924914e-05,NA,NA,NA,0.856887358357288,-0.206636328404279,-0.137562828391279,0,0,10
"bivgauss",5e-05,1e+05,"hrv_interior","0.1",TRUE,4.22458323625757e-05,-2.68429482694869e-05,NA,NA,NA,0.856887358357288,-0.206636328404279,-0.137562828391279,0,0,10
"bivgauss",5e-05,1e+05,"hrv_interior","0.01",TRUE,6.21301300710628e-05,-3.6075145936785e-05,NA,NA,NA,0.856887358357288,-0.206636328404279,-0.137562828391279,0,0,10
"bivgauss",5e-05,1e+05,"hrv_full","0.05",FALSE,4.82864937716027e-05,-2.80686323817264e-05,NA,NA,NA,0.73807574435096,-0.105688511862081,-0.136317368951114,0,0,50
"bivgauss",5e-05,1e+05,"hrv_full","0.1",FALSE,4.00230441156088e-05,-2.50201870594578e-05,NA,NA,NA,0.73807574435096,-0.105688511862081,-0.136317368951114,0,0,50
"bivgauss",5e-05,1e+05,"hrv_full","0.01",FALSE,6.39121275971143e-05,-3.25600991387316e-05,NA,NA,NA,0.73807574435096,-0.105688511862081,-0.136317368951114,0,0,50
"bivgauss",5e-05,1e+05,"hrv_interior","0.05",FALSE,4.82864937716027e-05,-2.80686323817264e-05,NA,NA,NA,0.73807574435096,-0.105688511862081,-0.136317368951114,0,0,10
"bivgauss",5e-05,1e+05,"hrv_interior","0.1",FALSE,4.00230441156088e-05,-2.50201870594578e-05,NA,NA,NA,0.73807574435096,-0.105688511862081,-0.136317368951114,0,0,10
"bivgauss",5e-05,1e+05,"hrv_interior","0.01",FALSE,6.39121275971143e-05,-3.25600991387316e-05,NA,NA,NA,0.73807574435096,-0.105688511862081,-0.136317368951114,0,0,10
"bivgauss",5e-05,1e+05,"hrv_full","0.05",FALSE,5.77064293585652e-05,-3.30255624713394e-05,NA,NA,NA,0.856734014707695,-0.0940523412221022,-0.0275587041622422,0,0,50
"bivgauss",5e-05,1e+05,"hrv_full","0.1",FALSE,4.77034978789693e-05,-2.9991795556673e-05,NA,NA,NA,0.856734014707695,-0.0940523412221022,-0.0275587041622422,0,0,50
"bivgauss",5e-05,1e+05,"hrv_full","0.01",TRUE,7.7594033231671e-05,-3.81654046542552e-05,NA,NA,NA,0.856734014707695,-0.0940523412221022,-0.0275587041622422,0,0,50
"bivgauss",5e-05,1e+05,"hrv_interior","0.05",TRUE,5.77064293585652e-05,-3.30255624713394e-05,NA,NA,NA,0.856734014707695,-0.0940523412221022,-0.0275587041622422,0,0,10
"bivgauss",5e-05,1e+05,"hrv_interior","0.1",TRUE,4.77034978789693e-05,-2.9991795556673e-05,NA,NA,NA,0.856734014707695,-0.0940523412221022,-0.0275587041622422,0,0,10
"bivgauss",5e-05,1e+05,"hrv_interior","0.01",TRUE,7.7594033231671e-05,-3.81654046542552e-05,NA,NA,NA,0.856734014707695,-0.0940523412221022,-0.0275587041622422,0,0,10
"bivgauss",5e-05,1e+05,"hrv_full","0.05",TRUE,5.31366321929478e-05,-3.32883443908443e-05,NA,NA,NA,0.889284869456076,-0.135146205949821,-0.097117317167313,0,0,50
"bivgauss",5e-05,1e+05,"hrv_full","0.1",TRUE,4.56307470999059e-05,-2.88770874278626e-05,NA,NA,NA,0.889284869456076,-0.135146205949821,-0.097117317167313,0,0,50
"bivgauss",5e-05,1e+05,"hrv_full","0.01",TRUE,7.29755229168789e-05,-3.89719933188398e-05,NA,NA,NA,0.889284869456076,-0.135146205949821,-0.097117317167313,0,0,50
"bivgauss",5e-05,1e+05,"hrv_interior","0.05",TRUE,5.31366321929478e-05,-3.32883443908443e-05,NA,NA,NA,0.889284869456076,-0.135146205949821,-0.097117317167313,0,0,10
"bivgauss",5e-05,1e+05,"hrv_interior","0.1",TRUE,4.56307470999059e-05,-2.88770874278626e-05,NA,NA,NA,0.889284869456076,-0.135146205949821,-0.097117317167313,0,0,10
"bivgauss",5e-05,1e+05,"hrv_interior","0.01",TRUE,7.29755229168789e-05,-3.89719933188398e-05,NA,NA,NA,0.889284869456076,-0.135146205949821,-0.097117317167313,0,0,10
"bivgauss",5e-05,1e+05,"hrv_full","0.05",FALSE,4.94868433060681e-05,-2.99189863451019e-05,NA,NA,NA,0.792844244084309,-0.101913135595322,-0.0761078656074317,0,0,50
"bivgauss",5e-05,1e+05,"hrv_full","0.1",FALSE,4.25731690478038e-05,-2.70143191451773e-05,NA,NA,NA,0.792844244084309,-0.101913135595322,-0.0761078656074317,0,0,50
"bivgauss",5e-05,1e+05,"hrv_full","0.01",FALSE,6.62559389438191e-05,-3.55620694308914e-05,NA,NA,NA,0.792844244084309,-0.101913135595322,-0.0761078656074317,0,0,50
"bivgauss",5e-05,1e+05,"hrv_interior","0.05",TRUE,4.94868433060681e-05,-2.99189863451019e-05,NA,NA,NA,0.792844244084309,-0.101913135595322,-0.0761078656074317,0,0,10
"bivgauss",5e-05,1e+05,"hrv_interior","0.1",TRUE,4.25731690478038e-05,-2.70143191451773e-05,NA,NA,NA,0.792844244084309,-0.101913135595322,-0.0761078656074317,0,0,10
"bivgauss",5e-05,1e+05,"hrv_interior","0.01",TRUE,6.62559389438191e-05,-3.55620694308914e-05,NA,NA,NA,0.792844244084309,-0.101913135595322,-0.0761078656074317,0,0,10
"bivgauss",5e-05,1e+05,"hrv_full","0.05",FALSE,5.90202381674878e-05,-3.40215053232409e-05,NA,NA,NA,0.755702464299922,-0.00666963806965023,-0.0375411297892723,0,0,50
"bivgauss",5e-05,1e+05,"hrv_full","0.1",FALSE,5.06123987579759e-05,-3.0462079172445e-05,NA,NA,NA,0.755702464299922,-0.00666963806965023,-0.0375411297892723,0,0,50
"bivgauss",5e-05,1e+05,"hrv_full","0.01",FALSE,8.17898362825196e-05,-3.94239936235407e-05,NA,NA,NA,0.755702464299922,-0.00666963806965023,-0.0375411297892723,0,0,50
"bivgauss",5e-05,1e+05,"hrv_interior","0.05",TRUE,5.90202381674878e-05,-3.40215053232409e-05,NA,NA,NA,0.755702464299922,-0.00666963806965023,-0.0375411297892723,0,0,10
"bivgauss",5e-05,1e+05,"hrv_interior","0.1",FALSE,5.06123987579759e-05,-3.0462079172445e-05,NA,NA,NA,0.755702464299922,-0.00666963806965023,-0.0375411297892723,0,0,10
"bivgauss",5e-05,1e+05,"hrv_interior","0.01",TRUE,8.17898362825196e-05,-3.94239936235407e-05,NA,NA,NA,0.755702464299922,-0.00666963806965023,-0.0375411297892723,0,0,10
"bivgauss",5e-05,1e+05,"hrv_full","0.05",FALSE,6.06719738059434e-05,-3.30997213718454e-05,NA,NA,NA,0.748494461511674,-0.0516188806408888,-0.0642604168319957,0,0,50
"bivgauss",5e-05,1e+05,"hrv_full","0.1",FALSE,5.08260246379193e-05,-2.97976840859885e-05,NA,NA,NA,0.748494461511674,-0.0516188806408888,-0.0642604168319957,0,0,50
"bivgauss",5e-05,1e+05,"hrv_full","0.01",TRUE,7.8097359711156e-05,-3.81697413461608e-05,NA,NA,NA,0.748494461511674,-0.0516188806408888,-0.0642604168319957,0,0,50
"bivgauss",5e-05,1e+05,"hrv_interior","0.05",TRUE,6.06719738059434e-05,-3.30997213718454e-05,NA,NA,NA,0.748494461511674,-0.0516188806408888,-0.0642604168319957,0,0,10
"bivgauss",5e-05,1e+05,"hrv_interior","0.1",TRUE,5.08260246379193e-05,-2.97976840859885e-05,NA,NA,NA,0.748494461511674,-0.0516188806408888,-0.0642604168319957,0,0,10
"bivgauss",5e-05,1e+05,"hrv_interior","0.01",TRUE,7.8097359711156e-05,-3.81697413461608e-05,NA,NA,NA,0.748494461511674,-0.0516188806408888,-0.0642604168319957,0,0,10
"bivgauss",5e-05,1e+05,"hrv_full","0.05",FALSE,4.91630365054428e-05,-3.0761015030927e-05,NA,NA,NA,0.872285945827862,-0.0947506027035666,-0.183304816054741,0,0,50
"bivgauss",5e-05,1e+05,"hrv_full","0.1",FALSE,4.19141593403703e-05,-2.75691064014149e-05,NA,NA,NA,0.872285945827862,-0.0947506027035666,-0.183304816054741,0,0,50
"bivgauss",5e-05,1e+05,"hrv_full","0.01",FALSE,6.26360923804054e-05,-3.78540250544611e-05,NA,NA,NA,0.872285945827862,-0.0947506027035666,-0.183304816054741,0,0,50
"bivgauss",5e-05,1e+05,"hrv_interior","0.05",TRUE,4.91630365054428e-05,-3.0761015030927e-05,NA,NA,NA,0.872285945827862,-0.0947506027035666,-0.183304816054741,0,0,10
"bivgauss",5e-05,1e+05,"hrv_interior","0.1",TRUE,4.19141593403703e-05,-2.75691064014149e-05,NA,NA,NA,0.872285945827862,-0.0947506027035666,-0.183304816054741,0,0,10
"bivgauss",5e-05,1e+05,"hrv_interior","0.01",TRUE,6.26360923804054e-05,-3.78540250544611e-05,NA,NA,NA,0.872285945827862,-0.0947506027035666,-0.183304816054741,0,0,10
"bivgauss",5e-05,1e+05,"hrv_full","0.05",FALSE,5.16285010107428e-05,-3.01360895047875e-05,NA,NA,NA,0.814962948980477,-0.0989936944521183,-0.0781787252444494,0,0,50
"bivgauss",5e-05,1e+05,"hrv_full","0.1",FALSE,4.27097686399398e-05,-2.67525403618865e-05,NA,NA,NA,0.814962948980477,-0.0989936944521183,-0.0781787252444494,0,0,50
"bivgauss",5e-05,1e+05,"hrv_full","0.01",FALSE,6.82079232381388e-05,-3.58142839318293e-05,NA,NA,NA,0.814962948980477,-0.0989936944521183,-0.0781787252444494,0,0,50
"bivgauss",5e-05,1e+05,"hrv_interior","0.05",TRUE,5.16285010107428e-05,-3.01360895047875e-05,NA,NA,NA,0.814962948980477,-0.0989936944521183,-0.0781787252444494,0,0,10
"bivgauss",5e-05,1e+05,"hrv_interior","0.1",TRUE,4.27097686399398e-05,-2.67525403618865e-05,NA,NA,NA,0.814962948980477,-0.0989936944521183,-0.0781787252444494,0,0,10
"bivgauss",5e-05,1e+05,"hrv_interior","0.01",TRUE,6.82079232381388e-05,-3.58142839318293e-05,NA,NA,NA,0.814962948980477,-0.0989936944521183,-0.0781787252444494,0,0,10
"bivgauss",5e-05,1e+05,"hrv_full","0.05",TRUE,5.57230160623302e-05,-3.65229539378728e-05,NA,NA,NA,0.836214706530426,-0.084943955064135,-0.145976556047989,0,0,50
"bivgauss",5e-05,1e+05,"hrv_full","0.1",FALSE,4.7462797857233e-05,-3.22394683144136e-05,NA,NA,NA,0.836214706530426,-0.084943955064135,-0.145976556047989,0,0,50
"bivgauss",5e-05,1e+05,"hrv_full","0.01",TRUE,7.05848012249436e-05,-4.25733968676189e-05,NA,NA,NA,0.836214706530426,-0.084943955064135,-0.145976556047989,0,0,50
"bivgauss",5e-05,1e+05,"hrv_interior","0.05",TRUE,5.57230160623302e-05,-3.65229539378728e-05,NA,NA,NA,0.836214706530426,-0.084943955064135,-0.145976556047989,0,0,10
"bivgauss",5e-05,1e+05,"hrv_interior","0.1",TRUE,4.7462797857233e-05,-3.22394683144136e-05,NA,NA,NA,0.836214706530426,-0.084943955064135,-0.145976556047989,0,0,10
"bivgauss",5e-05,1e+05,"hrv_interior","0.01",TRUE,7.05848012249436e-05,-4.25733968676189e-05,NA,NA,NA,0.836214706530426,-0.084943955064135,-0.145976556047989,0,0,10
"bivgauss",5e-05,1e+05,"hrv_full","0.05",FALSE,5.29959659167777e-05,-3.23854214666476e-05,NA,NA,NA,0.830859165491078,-0.0299886318501588,-0.0096922542891238,0,0,50
"bivgauss",5e-05,1e+05,"hrv_full","0.1",FALSE,4.4243258855568e-05,-2.86218519172567e-05,NA,NA,NA,0.830859165491078,-0.0299886318501588,-0.0096922542891238,0,0,50
"bivgauss",5e-05,1e+05,"hrv_full","0.01",TRUE,6.59212711095469e-05,-4.02337267685836e-05,NA,NA,NA,0.830859165491078,-0.0299886318501588,-0.0096922542891238,0,0,50
"bivgauss",5e-05,1e+05,"hrv_interior","0.05",TRUE,5.29959659167777e-05,-3.23854214666476e-05,NA,NA,NA,0.830859165491078,-0.0299886318501588,-0.0096922542891238,0,0,10
"bivgauss",5e-05,1e+05,"hrv_interior","0.1",TRUE,4.4243258855568e-05,-2.86218519172567e-05,NA,NA,NA,0.830859165491078,-0.0299886318501588,-0.0096922542891238,0,0,10
"bivgauss",5e-05,1e+05,"hrv_interior","0.01",TRUE,6.59212711095469e-05,-4.02337267685836e-05,NA,NA,NA,0.830859165491078,-0.0299886318501588,-0.0096922542891238,0,0,10
"bivgauss",5e-05,1e+05,"hrv_full","0.05",TRUE,5.30216875505451e-05,-3.11281058059221e-05,NA,NA,NA,0.800905511214366,-0.14894866841749,-0.0966270542739483,0,0,50
"bivgauss",5e-05,1e+05,"hrv_full","0.1",FALSE,4.4316403582e-05,-2.75706823289741e-05,NA,NA,NA,0.800905511214366,-0.14894866841749,-0.0966270542739483,0,0,50
"bivgauss",5e-05,1e+05,"hrv_full","0.01",TRUE,7.01537375130556e-05,-3.71028838962748e-05,NA,NA,NA,0.800905511214366,-0.14894866841749,-0.0966270542739483,0,0,50
"bivgauss",5e-05,1e+05,"hrv_interior","0.05",TRUE,5.30216875505451e-05,-3.11281058059221e-05,NA,NA,NA,0.800905511214366,-0.14894866841749,-0.0966270542739483,0,0,10
"bivgauss",5e-05,1e+05,"hrv_interior","0.1",TRUE,4.4316403582e-05,-2.75706823289741e-05,NA,NA,NA,0.800905511214366,-0.14894866841749,-0.0966270542739483,0,0,10
"bivgauss",5e-05,1e+05,"hrv_interior","0.01",TRUE,7.01537375130556e-05,-3.71028838962748e-05,NA,NA,NA,0.800905511214366,-0.14894866841749,-0.0966270542739483,0,0,10
"bivgauss",5e-05,1e+05,"hrv_full","0.05",TRUE,4.79261851724072e-05,-3.06980838175934e-05,NA,NA,NA,0.878292994122385,-0.117265965607815,-0.130071555996998,0,0,50
"bivgauss",5e-05,1e+05,"hrv_full","0.1",FALSE,4.14440430946188e-05,-2.70550018954151e-05,NA,NA,NA,0.878292994122385,-0.117265965607815,-0.130071555996998,0,0,50
"bivgauss",5e-05,1e+05,"hrv_full","0.01",TRUE,6.35205285163343e-05,-3.76622980916431e-05,NA,NA,NA,0.878292994122385,-0.117265965607815,-0.130071555996998,0,0,50
"bivgauss",5e-05,1e+05,"hrv_interior","0.05",TRUE,4.79261851724072e-05,-3.06980838175934e-05,NA,NA,NA,0.878292994122385,-0.117265965607815,-0.130071555996998,0,0,10
"bivgauss",5e-05,1e+05,"hrv_interior","0.1",TRUE,4.14440430946188e-05,-2.70550018954151e-05,NA,NA,NA,0.878292994122385,-0.117265965607815,-0.130071555996998,0,0,10
"bivgauss",5e-05,1e+05,"hrv_interior","0.01",TRUE,6.35205285163343e-05,-3.76622980916431e-05,NA,NA,NA,0.878292994122385,-0.117265965607815,-0.130071555996998,0,0,10
"bivgauss",5e-05,1e+05,"hrv_full","0.05",TRUE,5.15096313634089e-05,-3.16220857014142e-05,NA,NA,NA,0.840227933011758,-0.048693430030867,-0.0556277173051584,0,0,50
"bivgauss",5e-05,1e+05,"hrv_full","0.1",FALSE,4.42401168774772e-05,-2.84128923737262e-05,NA,NA,NA,0.840227933011758,-0.048693430030867,-0.0556277173051584,0,0,50
"bivgauss",5e-05,1e+05,"hrv_full","0.01",TRUE,6.72939156500916e-05,-3.73747721360372e-05,NA,NA,NA,0.840227933011758,-0.048693430030867,-0.0556277173051584,0,0,50
"bivgauss",5e-05,1e+05,"hrv_interior","0.05",TRUE,5.15096313634089e-05,-3.16220857014142e-05,NA,NA,NA,0.840227933011758,-0.048693430030867,-0.0556277173051584,0,0,10
"bivgauss",5e-05,1e+05,"hrv_interior","0.1",TRUE,4.42401168774772e-05,-2.84128923737262e-05,NA,NA,NA,0.840227933011758,-0.048693430030867,-0.0556277173051584,0,0,10
"bivgauss",5e-05,1e+05,"hrv_interior","0.01",TRUE,6.72939156500916e-05,-3.73747721360372e-05,NA,NA,NA,0.840227933011758,-0.048693430030867,-0.0556277173051584,0,0,10
"bivgauss",5e-05,1e+05,"hrv_full","0.05",TRUE,5.12281213608089e-05,-2.93449092533352e-05,NA,NA,NA,0.807212143945142,-0.0253465811804229,-0.0233188860573463,0,0,50
"bivgauss",5e-05,1e+05,"hrv_full","0.1",FALSE,4.26370892112958e-05,-2.63461365709535e-05,NA,NA,NA,0.807212143945142,-0.0253465811804229,-0.0233188860573463,0,0,50
"bivgauss",5e-05,1e+05,"hrv_full","0.01",TRUE,6.4627936920352e-05,-3.47053347757325e-05,NA,NA,NA,0.807212143945142,-0.0253465811804229,-0.0233188860573463,0,0,50
"bivgauss",5e-05,1e+05,"hrv_interior","0.05",TRUE,5.12281213608089e-05,-2.93449092533352e-05,NA,NA,NA,0.807212143945142,-0.0253465811804229,-0.0233188860573463,0,0,10
"bivgauss",5e-05,1e+05,"hrv_interior","0.1",TRUE,4.26370892112958e-05,-2.63461365709535e-05,NA,NA,NA,0.807212143945142,-0.0253465811804229,-0.0233188860573463,0,0,10
"bivgauss",5e-05,1e+05,"hrv_interior","0.01",TRUE,6.4627936920352e-05,-3.47053347757325e-05,NA,NA,NA,0.807212143945142,-0.0253465811804229,-0.0233188860573463,0,0,10
"bivgauss",5e-05,1e+05,"hrv_full","0.05",FALSE,5.4021799227964e-05,-3.1089243902526e-05,NA,NA,NA,0.806746970271326,0.033527131087467,-0.198259201858098,0,0,50
"bivgauss",5e-05,1e+05,"hrv_full","0.1",FALSE,4.58844202783651e-05,-2.79259823994874e-05,NA,NA,NA,0.806746970271326,0.033527131087467,-0.198259201858098,0,0,50
"bivgauss",5e-05,1e+05,"hrv_full","0.01",FALSE,7.03947371008538e-05,-3.82153667411315e-05,NA,NA,NA,0.806746970271326,0.033527131087467,-0.198259201858098,0,0,50
"bivgauss",5e-05,1e+05,"hrv_interior","0.05",FALSE,5.4021799227964e-05,-3.1089243902526e-05,NA,NA,NA,0.806746970271326,0.033527131087467,-0.198259201858098,0,0,10
"bivgauss",5e-05,1e+05,"hrv_interior","0.1",FALSE,4.58844202783651e-05,-2.79259823994874e-05,NA,NA,NA,0.806746970271326,0.033527131087467,-0.198259201858098,0,0,10
"bivgauss",5e-05,1e+05,"hrv_interior","0.01",TRUE,7.03947371008538e-05,-3.82153667411315e-05,NA,NA,NA,0.806746970271326,0.033527131087467,-0.198259201858098,0,0,10
"bivgauss",5e-05,1e+05,"hrv_full","0.05",FALSE,5.38531492568259e-05,-3.22235322934938e-05,NA,NA,NA,0.86456257411857,-0.218185443366754,-0.0720536186374573,0,0,50
"bivgauss",5e-05,1e+05,"hrv_full","0.1",FALSE,4.51126576588354e-05,-2.86886219919052e-05,NA,NA,NA,0.86456257411857,-0.218185443366754,-0.0720536186374573,0,0,50
"bivgauss",5e-05,1e+05,"hrv_full","0.01",TRUE,7.07740192834359e-05,-4.06822198852817e-05,NA,NA,NA,0.86456257411857,-0.218185443366754,-0.0720536186374573,0,0,50
"bivgauss",5e-05,1e+05,"hrv_interior","0.05",TRUE,5.38531492568259e-05,-3.22235322934938e-05,NA,NA,NA,0.86456257411857,-0.218185443366754,-0.0720536186374573,0,0,10
"bivgauss",5e-05,1e+05,"hrv_interior","0.1",TRUE,4.51126576588354e-05,-2.86886219919052e-05,NA,NA,NA,0.86456257411857,-0.218185443366754,-0.0720536186374573,0,0,10
"bivgauss",5e-05,1e+05,"hrv_interior","0.01",TRUE,7.07740192834359e-05,-4.06822198852817e-05,NA,NA,NA,0.86456257411857,-0.218185443366754,-0.0720536186374573,0,0,10
"bivgauss",5e-05,1e+05,"hrv_full","0.05",TRUE,5.24171295705648e-05,-3.23725793546137e-05,NA,NA,NA,0.830303697906803,-0.0199128386057537,-0.0826070484301547,0,0,50
"bivgauss",5e-05,1e+05,"hrv_full","0.1",TRUE,4.49473644507057e-05,-2.85122279408198e-05,NA,NA,NA,0.830303697906803,-0.0199128386057537,-0.0826070484301547,0,0,50
"bivgauss",5e-05,1e+05,"hrv_full","0.01",TRUE,6.8948339221787e-05,-4.01066322321976e-05,NA,NA,NA,0.830303697906803,-0.0199128386057537,-0.0826070484301547,0,0,50
"bivgauss",5e-05,1e+05,"hrv_interior","0.05",TRUE,5.24171295705648e-05,-3.23725793546137e-05,NA,NA,NA,0.830303697906803,-0.0199128386057537,-0.0826070484301547,0,0,10
"bivgauss",5e-05,1e+05,"hrv_interior","0.1",TRUE,4.49473644507057e-05,-2.85122279408198e-05,NA,NA,NA,0.830303697906803,-0.0199128386057537,-0.0826070484301547,0,0,10
"bivgauss",5e-05,1e+05,"hrv_interior","0.01",TRUE,6.8948339221787e-05,-4.01066322321976e-05,NA,NA,NA,0.830303697906803,-0.0199128386057537,-0.0826070484301547,0,0,10
"bivgauss",5e-05,1e+05,"hrv_full","0.05",FALSE,4.49091363097195e-05,-2.94429482876259e-05,NA,NA,NA,0.865596262888084,-0.18065458599495,-0.142781754009061,0,0,50
"bivgauss",5e-05,1e+05,"hrv_full","0.1",FALSE,3.81334236172351e-05,-2.58852699277367e-05,NA,NA,NA,0.865596262888084,-0.18065458599495,-0.142781754009061,0,0,50
"bivgauss",5e-05,1e+05,"hrv_full","0.01",FALSE,5.80875297210032e-05,-3.61939668678581e-05,NA,NA,NA,0.865596262888084,-0.18065458599495,-0.142781754009061,0,0,50
"bivgauss",5e-05,1e+05,"hrv_interior","0.05",TRUE,4.49091363097195e-05,-2.94429482876259e-05,NA,NA,NA,0.865596262888084,-0.18065458599495,-0.142781754009061,0,0,10
"bivgauss",5e-05,1e+05,"hrv_interior","0.1",TRUE,3.81334236172351e-05,-2.58852699277367e-05,NA,NA,NA,0.865596262888084,-0.18065458599495,-0.142781754009061,0,0,10
"bivgauss",5e-05,1e+05,"hrv_interior","0.01",TRUE,5.80875297210032e-05,-3.61939668678581e-05,NA,NA,NA,0.865596262888084,-0.18065458599495,-0.142781754009061,0,0,10
"bivgauss",5e-05,1e+05,"hrv_full","0.05",FALSE,5.12043818724303e-05,-3.06029596187864e-05,NA,NA,NA,0.819859001828641,-0.146976445872585,0.0246305094007859,0,0,50
"bivgauss",5e-05,1e+05,"hrv_full","0.1",FALSE,4.23564156205717e-05,-2.71944304697551e-05,NA,NA,NA,0.819859001828641,-0.146976445872585,0.0246305094007859,0,0,50
"bivgauss",5e-05,1e+05,"hrv_full","0.01",TRUE,6.69927109779841e-05,-3.78067754865218e-05,NA,NA,NA,0.819859001828641,-0.146976445872585,0.0246305094007859,0,0,50
"bivgauss",5e-05,1e+05,"hrv_interior","0.05",TRUE,5.12043818724303e-05,-3.06029596187864e-05,NA,NA,NA,0.819859001828641,-0.146976445872585,0.0246305094007859,0,0,10
"bivgauss",5e-05,1e+05,"hrv_interior","0.1",TRUE,4.23564156205717e-05,-2.71944304697551e-05,NA,NA,NA,0.819859001828641,-0.146976445872585,0.0246305094007859,0,0,10
"bivgauss",5e-05,1e+05,"hrv_interior","0.01",TRUE,6.69927109779841e-05,-3.78067754865218e-05,NA,NA,NA,0.819859001828641,-0.146976445872585,0.0246305094007859,0,0,10
"bivgauss",5e-05,1e+05,"hrv_full","0.05",FALSE,4.95121255278497e-05,-3.06625664351735e-05,NA,NA,NA,0.82426940199635,-0.0403965084743335,-0.0487062625945276,0,0,50
"bivgauss",5e-05,1e+05,"hrv_full","0.1",FALSE,4.23612322398891e-05,-2.74755093906898e-05,NA,NA,NA,0.82426940199635,-0.0403965084743335,-0.0487062625945276,0,0,50
"bivgauss",5e-05,1e+05,"hrv_full","0.01",TRUE,6.58241575978857e-05,-3.71846098131655e-05,NA,NA,NA,0.82426940199635,-0.0403965084743335,-0.0487062625945276,0,0,50
"bivgauss",5e-05,1e+05,"hrv_interior","0.05",TRUE,4.95121255278497e-05,-3.06625664351735e-05,NA,NA,NA,0.82426940199635,-0.0403965084743335,-0.0487062625945276,0,0,10
"bivgauss",5e-05,1e+05,"hrv_interior","0.1",TRUE,4.23612322398891e-05,-2.74755093906898e-05,NA,NA,NA,0.82426940199635,-0.0403965084743335,-0.0487062625945276,0,0,10
"bivgauss",5e-05,1e+05,"hrv_interior","0.01",TRUE,6.58241575978857e-05,-3.71846098131655e-05,NA,NA,NA,0.82426940199635,-0.0403965084743335,-0.0487062625945276,0,0,10
"bivgauss",5e-05,1e+05,"hrv_full","0.05",FALSE,4.61525112706234e-05,-2.80152791353434e-05,NA,NA,NA,0.751611347345343,-0.152158133994723,-0.259684873597577,0,0,50
"bivgauss",5e-05,1e+05,"hrv_full","0.1",FALSE,3.97063923975728e-05,-2.5659502903089e-05,NA,NA,NA,0.751611347345343,-0.152158133994723,-0.259684873597577,0,0,50
"bivgauss",5e-05,1e+05,"hrv_full","0.01",FALSE,6.21232341158305e-05,-3.35598753213304e-05,NA,NA,NA,0.751611347345343,-0.152158133994723,-0.259684873597577,0,0,50
"bivgauss",5e-05,1e+05,"hrv_interior","0.05",FALSE,4.61525112706234e-05,-2.80152791353434e-05,NA,NA,NA,0.751611347345343,-0.152158133994723,-0.259684873597577,0,0,10
"bivgauss",5e-05,1e+05,"hrv_interior","0.1",FALSE,3.97063923975728e-05,-2.5659502903089e-05,NA,NA,NA,0.751611347345343,-0.152158133994723,-0.259684873597577,0,0,10
"bivgauss",5e-05,1e+05,"hrv_interior","0.01",FALSE,6.21232341158305e-05,-3.35598753213304e-05,NA,NA,NA,0.751611347345343,-0.152158133994723,-0.259684873597577,0,0,10
"bivgauss",5e-05,1e+05,"hrv_full","0.05",FALSE,4.9222775574611e-05,-3.0379775374251e-05,NA,NA,NA,0.792478330672221,0.0383280074282304,-0.115755647452663,0,0,50
"bivgauss",5e-05,1e+05,"hrv_full","0.1",FALSE,4.23795824320895e-05,-2.71162507856909e-05,NA,NA,NA,0.792478330672221,0.0383280074282304,-0.115755647452663,0,0,50
"bivgauss",5e-05,1e+05,"hrv_full","0.01",FALSE,6.80957317081756e-05,-3.56551116414788e-05,NA,NA,NA,0.792478330672221,0.0383280074282304,-0.115755647452663,0,0,50
"bivgauss",5e-05,1e+05,"hrv_interior","0.05",TRUE,4.9222775574611e-05,-3.0379775374251e-05,NA,NA,NA,0.792478330672221,0.0383280074282304,-0.115755647452663,0,0,10
"bivgauss",5e-05,1e+05,"hrv_interior","0.1",TRUE,4.23795824320895e-05,-2.71162507856909e-05,NA,NA,NA,0.792478330672221,0.0383280074282304,-0.115755647452663,0,0,10
"bivgauss",5e-05,1e+05,"hrv_interior","0.01",TRUE,6.80957317081756e-05,-3.56551116414788e-05,NA,NA,NA,0.792478330672221,0.0383280074282304,-0.115755647452663,0,0,10
"bivgauss",5e-05,1e+05,"hrv_full","0.05",TRUE,5.62146302852894e-05,-3.40216104501918e-05,NA,NA,NA,0.843563700295,-0.052487379882011,-0.053815081088516,0,0,50
"bivgauss",5e-05,1e+05,"hrv_full","0.1",TRUE,4.79574939745827e-05,-3.03591971120581e-05,NA,NA,NA,0.843563700295,-0.052487379882011,-0.053815081088516,0,0,50
"bivgauss",5e-05,1e+05,"hrv_full","0.01",TRUE,7.65043101531381e-05,-3.98950126712644e-05,NA,NA,NA,0.843563700295,-0.052487379882011,-0.053815081088516,0,0,50
"bivgauss",5e-05,1e+05,"hrv_interior","0.05",TRUE,5.62146302852894e-05,-3.40216104501918e-05,NA,NA,NA,0.843563700295,-0.052487379882011,-0.053815081088516,0,0,10
"bivgauss",5e-05,1e+05,"hrv_interior","0.1",TRUE,4.79574939745827e-05,-3.03591971120581e-05,NA,NA,NA,0.843563700295,-0.052487379882011,-0.053815081088516,0,0,10
"bivgauss",5e-05,1e+05,"hrv_interior","0.01",TRUE,7.65043101531381e-05,-3.98950126712644e-05,NA,NA,NA,0.843563700295,-0.052487379882011,-0.053815081088516,0,0,10
"bivgauss",5e-05,1e+05,"hrv_full","0.05",FALSE,5.15021860814005e-05,-3.17084633190398e-05,NA,NA,NA,0.81405025621794,-0.0627712126305076,-0.118835515706574,0,0,50
"bivgauss",5e-05,1e+05,"hrv_full","0.1",FALSE,4.41214779225131e-05,-2.8417969915679e-05,NA,NA,NA,0.81405025621794,-0.0627712126305076,-0.118835515706574,0,0,50
"bivgauss",5e-05,1e+05,"hrv_full","0.01",TRUE,6.72804122441149e-05,-3.85180588574409e-05,NA,NA,NA,0.81405025621794,-0.0627712126305076,-0.118835515706574,0,0,50
"bivgauss",5e-05,1e+05,"hrv_interior","0.05",TRUE,5.15021860814005e-05,-3.17084633190398e-05,NA,NA,NA,0.81405025621794,-0.0627712126305076,-0.118835515706574,0,0,10
"bivgauss",5e-05,1e+05,"hrv_interior","0.1",TRUE,4.41214779225131e-05,-2.8417969915679e-05,NA,NA,NA,0.81405025621794,-0.0627712126305076,-0.118835515706574,0,0,10
"bivgauss",5e-05,1e+05,"hrv_interior","0.01",TRUE,6.72804122441149e-05,-3.85180588574409e-05,NA,NA,NA,0.81405025621794,-0.0627712126305076,-0.118835515706574,0,0,10
"bivgauss",5e-05,1e+05,"hrv_full","0.05",FALSE,5.12135866520734e-05,-3.33071442601143e-05,NA,NA,NA,0.847909313406423,-0.168648291994783,-0.062650621512753,0,0,50
"bivgauss",5e-05,1e+05,"hrv_full","0.1",FALSE,4.41158719306443e-05,-2.93630854968119e-05,NA,NA,NA,0.847909313406423,-0.168648291994783,-0.062650621512753,0,0,50
"bivgauss",5e-05,1e+05,"hrv_full","0.01",TRUE,6.78954095359268e-05,-3.98418117547879e-05,NA,NA,NA,0.847909313406423,-0.168648291994783,-0.062650621512753,0,0,50
"bivgauss",5e-05,1e+05,"hrv_interior","0.05",TRUE,5.12135866520734e-05,-3.33071442601143e-05,NA,NA,NA,0.847909313406423,-0.168648291994783,-0.062650621512753,0,0,10
"bivgauss",5e-05,1e+05,"hrv_interior","0.1",TRUE,4.41158719306443e-05,-2.93630854968119e-05,NA,NA,NA,0.847909313406423,-0.168648291994783,-0.062650621512753,0,0,10
"bivgauss",5e-05,1e+05,"hrv_interior","0.01",TRUE,6.78954095359268e-05,-3.98418117547879e-05,NA,NA,NA,0.847909313406423,-0.168648291994783,-0.062650621512753,0,0,10
"bivgauss",5e-05,1e+05,"hrv_full","0.05",FALSE,5.1736926490194e-05,-3.08217221544425e-05,NA,NA,NA,0.743184616109725,-0.0879336014097736,-0.0691357560487882,0,0,50
"bivgauss",5e-05,1e+05,"hrv_full","0.1",FALSE,4.37726189775398e-05,-2.75017059749607e-05,NA,NA,NA,0.743184616109725,-0.0879336014097736,-0.0691357560487882,0,0,50
"bivgauss",5e-05,1e+05,"hrv_full","0.01",FALSE,6.83273228279792e-05,-3.58103187849143e-05,NA,NA,NA,0.743184616109725,-0.0879336014097736,-0.0691357560487882,0,0,50
"bivgauss",5e-05,1e+05,"hrv_interior","0.05",TRUE,5.1736926490194e-05,-3.08217221544425e-05,NA,NA,NA,0.743184616109725,-0.0879336014097736,-0.0691357560487882,0,0,10
"bivgauss",5e-05,1e+05,"hrv_interior","0.1",TRUE,4.37726189775398e-05,-2.75017059749607e-05,NA,NA,NA,0.743184616109725,-0.0879336014097736,-0.0691357560487882,0,0,10
"bivgauss",5e-05,1e+05,"hrv_interior","0.01",TRUE,6.83273228279792e-05,-3.58103187849143e-05,NA,NA,NA,0.743184616109725,-0.0879336014097736,-0.0691357560487882,0,0,10
"bivgauss",5e-05,1e+05,"hrv_full","0.05",TRUE,5.15470999108241e-05,-3.24608046267473e-05,NA,NA,NA,0.871202180972633,-0.0511161925463347,-0.0483180844471699,0,0,50
"bivgauss",5e-05,1e+05,"hrv_full","0.1",TRUE,4.38883431077162e-05,-2.87495469629299e-05,NA,NA,NA,0.871202180972633,-0.0511161925463347,-0.0483180844471699,0,0,50
"bivgauss",5e-05,1e+05,"hrv_full","0.01",TRUE,6.58618096011754e-05,-3.89559455118857e-05,NA,NA,NA,0.871202180972633,-0.0511161925463347,-0.0483180844471699,0,0,50
"bivgauss",5e-05,1e+05,"hrv_interior","0.05",TRUE,5.15470999108241e-05,-3.24608046267473e-05,NA,NA,NA,0.871202180972633,-0.0511161925463347,-0.0483180844471699,0,0,10
"bivgauss",5e-05,1e+05,"hrv_interior","0.1",TRUE,4.38883431077162e-05,-2.87495469629299e-05,NA,NA,NA,0.871202180972633,-0.0511161925463347,-0.0483180844471699,0,0,10
"bivgauss",5e-05,1e+05,"hrv_interior","0.01",TRUE,6.58618096011754e-05,-3.89559455118857e-05,NA,NA,NA,0.871202180972633,-0.0511161925463347,-0.0483180844471699,0,0,10
"bivgauss",5e-05,1e+05,"hrv_full","0.05",FALSE,5.40572715112854e-05,-3.36558606289989e-05,NA,NA,NA,0.840328499957289,-0.173498098772465,-0.19949780269163,0,0,50
"bivgauss",5e-05,1e+05,"hrv_full","0.1",FALSE,4.58489009532187e-05,-2.92847955186152e-05,NA,NA,NA,0.840328499957289,-0.173498098772465,-0.19949780269163,0,0,50
"bivgauss",5e-05,1e+05,"hrv_full","0.01",TRUE,6.95863846702646e-05,-3.97861942412495e-05,NA,NA,NA,0.840328499957289,-0.173498098772465,-0.19949780269163,0,0,50
"bivgauss",5e-05,1e+05,"hrv_interior","0.05",TRUE,5.40572715112854e-05,-3.36558606289989e-05,NA,NA,NA,0.840328499957289,-0.173498098772465,-0.19949780269163,0,0,10
"bivgauss",5e-05,1e+05,"hrv_interior","0.1",TRUE,4.58489009532187e-05,-2.92847955186152e-05,NA,NA,NA,0.840328499957289,-0.173498098772465,-0.19949780269163,0,0,10
"bivgauss",5e-05,1e+05,"hrv_interior","0.01",TRUE,6.95863846702646e-05,-3.97861942412495e-05,NA,NA,NA,0.840328499957289,-0.173498098772465,-0.19949780269163,0,0,10
"bivgauss",5e-05,1e+05,"hrv_full","0.05",FALSE,5.61561438139283e-05,-3.35864817502007e-05,NA,NA,NA,0.822809889882299,-0.130545356950248,-0.0278909610848179,0,0,50
"bivgauss",5e-05,1e+05,"hrv_full","0.1",FALSE,4.70775230190982e-05,-2.98084417462967e-05,NA,NA,NA,0.822809889882299,-0.130545356950248,-0.0278909610848179,0,0,50
"bivgauss",5e-05,1e+05,"hrv_full","0.01",TRUE,7.41320257239341e-05,-4.00772534071294e-05,NA,NA,NA,0.822809889882299,-0.130545356950248,-0.0278909610848179,0,0,50
"bivgauss",5e-05,1e+05,"hrv_interior","0.05",TRUE,5.61561438139283e-05,-3.35864817502007e-05,NA,NA,NA,0.822809889882299,-0.130545356950248,-0.0278909610848179,0,0,10
"bivgauss",5e-05,1e+05,"hrv_interior","0.1",TRUE,4.70775230190982e-05,-2.98084417462967e-05,NA,NA,NA,0.822809889882299,-0.130545356950248,-0.0278909610848179,0,0,10
"bivgauss",5e-05,1e+05,"hrv_interior","0.01",TRUE,7.41320257239341e-05,-4.00772534071294e-05,NA,NA,NA,0.822809889882299,-0.130545356950248,-0.0278909610848179,0,0,10
"bivgauss",5e-05,1e+05,"hrv_full","0.05",FALSE,5.54308111855264e-05,-3.22607086772813e-05,NA,NA,NA,0.770088915734987,-0.121231633700993,-0.0978367681009674,0,0,50
"bivgauss",5e-05,1e+05,"hrv_full","0.1",FALSE,4.6008341163675e-05,-2.91715811163652e-05,NA,NA,NA,0.770088915734987,-0.121231633700993,-0.0978367681009674,0,0,50
"bivgauss",5e-05,1e+05,"hrv_full","0.01",FALSE,7.36471507282037e-05,-3.79915657890792e-05,NA,NA,NA,0.770088915734987,-0.121231633700993,-0.0978367681009674,0,0,50
"bivgauss",5e-05,1e+05,"hrv_interior","0.05",FALSE,5.54308111855264e-05,-3.22607086772813e-05,NA,NA,NA,0.770088915734987,-0.121231633700993,-0.0978367681009674,0,0,10
"bivgauss",5e-05,1e+05,"hrv_interior","0.1",FALSE,4.6008341163675e-05,-2.91715811163652e-05,NA,NA,NA,0.770088915734987,-0.121231633700993,-0.0978367681009674,0,0,10
"bivgauss",5e-05,1e+05,"hrv_interior","0.01",TRUE,7.36471507282037e-05,-3.79915657890792e-05,NA,NA,NA,0.770088915734987,-0.121231633700993,-0.0978367681009674,0,0,10
"bivgauss",5e-05,1e+05,"hrv_full","0.05",FALSE,4.92762585907934e-05,-2.95501633663881e-05,NA,NA,NA,0.800646472649227,-0.00684659460607551,-0.081884913772699,0,0,50
"bivgauss",5e-05,1e+05,"hrv_full","0.1",FALSE,4.19258053049673e-05,-2.67689839974323e-05,NA,NA,NA,0.800646472649227,-0.00684659460607551,-0.081884913772699,0,0,50
"bivgauss",5e-05,1e+05,"hrv_full","0.01",TRUE,6.3468832765036e-05,-3.64259283537483e-05,NA,NA,NA,0.800646472649227,-0.00684659460607551,-0.081884913772699,0,0,50
"bivgauss",5e-05,1e+05,"hrv_interior","0.05",TRUE,4.92762585907934e-05,-2.95501633663881e-05,NA,NA,NA,0.800646472649227,-0.00684659460607551,-0.081884913772699,0,0,10
"bivgauss",5e-05,1e+05,"hrv_interior","0.1",TRUE,4.19258053049673e-05,-2.67689839974323e-05,NA,NA,NA,0.800646472649227,-0.00684659460607551,-0.081884913772699,0,0,10
"bivgauss",5e-05,1e+05,"hrv_interior","0.01",TRUE,6.3468832765036e-05,-3.64259283537483e-05,NA,NA,NA,0.800646472649227,-0.00684659460607551,-0.081884913772699,0,0,10
"bivgauss",5e-05,1e+05,"hrv_full","0.05",TRUE,5.00185326692277e-05,-3.18468111297804e-05,NA,NA,NA,0.848169875632795,-0.0869961539023385,-0.0248011508762514,0,0,50
"bivgauss",5e-05,1e+05,"hrv_full","0.1",FALSE,4.30029130765974e-05,-2.78100566211966e-05,NA,NA,NA,0.848169875632795,-0.0869961539023385,-0.0248011508762514,0,0,50
"bivgauss",5e-05,1e+05,"hrv_full","0.01",TRUE,6.42967734124474e-05,-3.77655562278673e-05,NA,NA,NA,0.848169875632795,-0.0869961539023385,-0.0248011508762514,0,0,50
"bivgauss",5e-05,1e+05,"hrv_interior","0.05",TRUE,5.00185326692277e-05,-3.18468111297804e-05,NA,NA,NA,0.848169875632795,-0.0869961539023385,-0.0248011508762514,0,0,10
"bivgauss",5e-05,1e+05,"hrv_interior","0.1",TRUE,4.30029130765974e-05,-2.78100566211966e-05,NA,NA,NA,0.848169875632795,-0.0869961539023385,-0.0248011508762514,0,0,10
"bivgauss",5e-05,1e+05,"hrv_interior","0.01",TRUE,6.42967734124474e-05,-3.77655562278673e-05,NA,NA,NA,0.848169875632795,-0.0869961539023385,-0.0248011508762514,0,0,10
"bivgauss",5e-05,1e+05,"hrv_full","0.05",FALSE,5.16298510597643e-05,-3.17283013651359e-05,NA,NA,NA,0.830599895539151,0.00640802339571824,-0.0657633993579739,0,0,50
"bivgauss",5e-05,1e+05,"hrv_full","0.1",FALSE,4.48604969382742e-05,-2.82909107165834e-05,NA,NA,NA,0.830599895539151,0.00640802339571824,-0.0657633993579739,0,0,50
"bivgauss",5e-05,1e+05,"hrv_full","0.01",TRUE,6.88727762463145e-05,-3.78580404532854e-05,NA,NA,NA,0.830599895539151,0.00640802339571824,-0.0657633993579739,0,0,50
"bivgauss",5e-05,1e+05,"hrv_interior","0.05",TRUE,5.16298510597643e-05,-3.17283013651359e-05,NA,NA,NA,0.830599895539151,0.00640802339571824,-0.0657633993579739,0,0,10
"bivgauss",5e-05,1e+05,"hrv_interior","0.1",TRUE,4.48604969382742e-05,-2.82909107165834e-05,NA,NA,NA,0.830599895539151,0.00640802339571824,-0.0657633993579739,0,0,10
"bivgauss",5e-05,1e+05,"hrv_interior","0.01",TRUE,6.88727762463145e-05,-3.78580404532854e-05,NA,NA,NA,0.830599895539151,0.00640802339571824,-0.0657633993579739,0,0,10
"bivgauss",5e-05,1e+05,"hrv_full","0.05",FALSE,4.83467340078799e-05,-2.94519181672368e-05,NA,NA,NA,0.796022881148092,-0.0630837390007676,-0.159872320108535,0,0,50
"bivgauss",5e-05,1e+05,"hrv_full","0.1",FALSE,4.16311090210042e-05,-2.6167175781165e-05,NA,NA,NA,0.796022881148092,-0.0630837390007676,-0.159872320108535,0,0,50
"bivgauss",5e-05,1e+05,"hrv_full","0.01",FALSE,6.35059442048936e-05,-3.42022658330052e-05,NA,NA,NA,0.796022881148092,-0.0630837390007676,-0.159872320108535,0,0,50
"bivgauss",5e-05,1e+05,"hrv_interior","0.05",TRUE,4.83467340078799e-05,-2.94519181672368e-05,NA,NA,NA,0.796022881148092,-0.0630837390007676,-0.159872320108535,0,0,10
"bivgauss",5e-05,1e+05,"hrv_interior","0.1",TRUE,4.16311090210042e-05,-2.6167175781165e-05,NA,NA,NA,0.796022881148092,-0.0630837390007676,-0.159872320108535,0,0,10
"bivgauss",5e-05,1e+05,"hrv_interior","0.01",TRUE,6.35059442048936e-05,-3.42022658330052e-05,NA,NA,NA,0.796022881148092,-0.0630837390007676,-0.159872320108535,0,0,10
"bivgauss",5e-05,1e+05,"hrv_full","0.05",FALSE,5.76957242097036e-05,-3.41797069621487e-05,NA,NA,NA,0.809073802322148,-0.0265088977302329,-0.0854570596058871,0,0,50
"bivgauss",5e-05,1e+05,"hrv_full","0.1",FALSE,4.89772987342484e-05,-3.06844891359275e-05,NA,NA,NA,0.809073802322148,-0.0265088977302329,-0.0854570596058871,0,0,50
"bivgauss",5e-05,1e+05,"hrv_full","0.01",TRUE,7.31907666692256e-05,-3.98668095110938e-05,NA,NA,NA,0.809073802322148,-0.0265088977302329,-0.0854570596058871,0,0,50
"bivgauss",5e-05,1e+05,"hrv_interior","0.05",TRUE,5.76957242097036e-05,-3.41797069621487e-05,NA,NA,NA,0.809073802322148,-0.0265088977302329,-0.0854570596058871,0,0,10
"bivgauss",5e-05,1e+05,"hrv_interior","0.1",TRUE,4.89772987342484e-05,-3.06844891359275e-05,NA,NA,NA,0.809073802322148,-0.0265088977302329,-0.0854570596058871,0,0,10
"bivgauss",5e-05,1e+05,"hrv_interior","0.01",TRUE,7.31907666692256e-05,-3.98668095110938e-05,NA,NA,NA,0.809073802322148,-0.0265088977302329,-0.0854570596058871,0,0,10
"bivgauss",5e-05,1e+05,"hrv_full","0.05",FALSE,5.74430885306069e-05,-3.36994388076148e-05,NA,NA,NA,0.801455050872339,-0.055538712622064,0.0320157349953617,0,0,50
"bivgauss",5e-05,1e+05,"hrv_full","0.1",FALSE,4.78898234721233e-05,-2.98943896684111e-05,NA,NA,NA,0.801455050872339,-0.055538712622064,0.0320157349953617,0,0,50
"bivgauss",5e-05,1e+05,"hrv_full","0.01",TRUE,7.34800694648432e-05,-4.03778366481068e-05,NA,NA,NA,0.801455050872339,-0.055538712622064,0.0320157349953617,0,0,50
"bivgauss",5e-05,1e+05,"hrv_interior","0.05",TRUE,5.74430885306069e-05,-3.36994388076148e-05,NA,NA,NA,0.801455050872339,-0.055538712622064,0.0320157349953617,0,0,10
"bivgauss",5e-05,1e+05,"hrv_interior","0.1",TRUE,4.78898234721233e-05,-2.98943896684111e-05,NA,NA,NA,0.801455050872339,-0.055538712622064,0.0320157349953617,0,0,10
"bivgauss",5e-05,1e+05,"hrv_interior","0.01",TRUE,7.34800694648432e-05,-4.03778366481068e-05,NA,NA,NA,0.801455050872339,-0.055538712622064,0.0320157349953617,0,0,10
"bivgauss",5e-05,1e+05,"hrv_full","0.05",FALSE,4.73191326379292e-05,-2.99930123335035e-05,NA,NA,NA,0.825605527054002,-0.107457451234452,-0.155049794229978,0,0,50
"bivgauss",5e-05,1e+05,"hrv_full","0.1",FALSE,4.11087377542244e-05,-2.69678038784832e-05,NA,NA,NA,0.825605527054002,-0.107457451234452,-0.155049794229978,0,0,50
"bivgauss",5e-05,1e+05,"hrv_full","0.01",FALSE,6.74008103785525e-05,-3.55531396250358e-05,NA,NA,NA,0.825605527054002,-0.107457451234452,-0.155049794229978,0,0,50
"bivgauss",5e-05,1e+05,"hrv_interior","0.05",TRUE,4.73191326379292e-05,-2.99930123335035e-05,NA,NA,NA,0.825605527054002,-0.107457451234452,-0.155049794229978,0,0,10
"bivgauss",5e-05,1e+05,"hrv_interior","0.1",TRUE,4.11087377542244e-05,-2.69678038784832e-05,NA,NA,NA,0.825605527054002,-0.107457451234452,-0.155049794229978,0,0,10
"bivgauss",5e-05,1e+05,"hrv_interior","0.01",TRUE,6.74008103785525e-05,-3.55531396250358e-05,NA,NA,NA,0.825605527054002,-0.107457451234452,-0.155049794229978,0,0,10
"bivgauss",5e-05,1e+05,"hrv_full","0.05",FALSE,5.3674846383409e-05,-3.2509950073626e-05,NA,NA,NA,0.766945090371154,0.0662676499012266,-0.172732432558666,0,0,50
"bivgauss",5e-05,1e+05,"hrv_full","0.1",FALSE,4.5619836362114e-05,-2.93594845335952e-05,NA,NA,NA,0.766945090371154,0.0662676499012266,-0.172732432558666,0,0,50
"bivgauss",5e-05,1e+05,"hrv_full","0.01",FALSE,6.95731224471607e-05,-3.7271493663859e-05,NA,NA,NA,0.766945090371154,0.0662676499012266,-0.172732432558666,0,0,50
"bivgauss",5e-05,1e+05,"hrv_interior","0.05",FALSE,5.3674846383409e-05,-3.2509950073626e-05,NA,NA,NA,0.766945090371154,0.0662676499012266,-0.172732432558666,0,0,10
"bivgauss",5e-05,1e+05,"hrv_interior","0.1",FALSE,4.5619836362114e-05,-2.93594845335952e-05,NA,NA,NA,0.766945090371154,0.0662676499012266,-0.172732432558666,0,0,10
"bivgauss",5e-05,1e+05,"hrv_interior","0.01",TRUE,6.95731224471607e-05,-3.7271493663859e-05,NA,NA,NA,0.766945090371154,0.0662676499012266,-0.172732432558666,0,0,10
"bivgauss",5e-05,1e+05,"hrv_full","0.05",FALSE,5.01468685104193e-05,-3.04195977951869e-05,NA,NA,NA,0.793786465489583,-0.0737896649930394,0.00234418186204167,0,0,50
"bivgauss",5e-05,1e+05,"hrv_full","0.1",FALSE,4.23489232370748e-05,-2.72936535977177e-05,NA,NA,NA,0.793786465489583,-0.0737896649930394,0.00234418186204167,0,0,50
"bivgauss",5e-05,1e+05,"hrv_full","0.01",FALSE,6.84321311289364e-05,-3.60050999353689e-05,NA,NA,NA,0.793786465489583,-0.0737896649930394,0.00234418186204167,0,0,50
"bivgauss",5e-05,1e+05,"hrv_interior","0.05",TRUE,5.01468685104193e-05,-3.04195977951869e-05,NA,NA,NA,0.793786465489583,-0.0737896649930394,0.00234418186204167,0,0,10
"bivgauss",5e-05,1e+05,"hrv_interior","0.1",TRUE,4.23489232370748e-05,-2.72936535977177e-05,NA,NA,NA,0.793786465489583,-0.0737896649930394,0.00234418186204167,0,0,10
"bivgauss",5e-05,1e+05,"hrv_interior","0.01",TRUE,6.84321311289364e-05,-3.60050999353689e-05,NA,NA,NA,0.793786465489583,-0.0737896649930394,0.00234418186204167,0,0,10
"bivgauss",5e-05,1e+05,"hrv_full","0.05",TRUE,5.08065822976381e-05,-3.32839436507673e-05,NA,NA,NA,0.87898469972194,-0.0703097406885773,-0.00343140495140541,0,0,50
"bivgauss",5e-05,1e+05,"hrv_full","0.1",TRUE,4.36193819736122e-05,-2.91891373563091e-05,NA,NA,NA,0.87898469972194,-0.0703097406885773,-0.00343140495140541,0,0,50
"bivgauss",5e-05,1e+05,"hrv_full","0.01",TRUE,6.73968988315678e-05,-3.90253300540385e-05,NA,NA,NA,0.87898469972194,-0.0703097406885773,-0.00343140495140541,0,0,50
"bivgauss",5e-05,1e+05,"hrv_interior","0.05",TRUE,5.08065822976381e-05,-3.32839436507673e-05,NA,NA,NA,0.87898469972194,-0.0703097406885773,-0.00343140495140541,0,0,10
"bivgauss",5e-05,1e+05,"hrv_interior","0.1",TRUE,4.36193819736122e-05,-2.91891373563091e-05,NA,NA,NA,0.87898469972194,-0.0703097406885773,-0.00343140495140541,0,0,10
"bivgauss",5e-05,1e+05,"hrv_interior","0.01",TRUE,6.73968988315678e-05,-3.90253300540385e-05,NA,NA,NA,0.87898469972194,-0.0703097406885773,-0.00343140495140541,0,0,10
"bivgauss",5e-05,1e+05,"hrv_full","0.05",FALSE,5.04197436660335e-05,-3.11623530763294e-05,NA,NA,NA,0.809028312248577,0.017742318012832,-0.138921337982325,0,0,50
"bivgauss",5e-05,1e+05,"hrv_full","0.1",FALSE,4.30501107442087e-05,-2.76768057017269e-05,NA,NA,NA,0.809028312248577,0.017742318012832,-0.138921337982325,0,0,50
"bivgauss",5e-05,1e+05,"hrv_full","0.01",TRUE,6.63661685275439e-05,-3.60918163013594e-05,NA,NA,NA,0.809028312248577,0.017742318012832,-0.138921337982325,0,0,50
"bivgauss",5e-05,1e+05,"hrv_interior","0.05",TRUE,5.04197436660335e-05,-3.11623530763294e-05,NA,NA,NA,0.809028312248577,0.017742318012832,-0.138921337982325,0,0,10
"bivgauss",5e-05,1e+05,"hrv_interior","0.1",TRUE,4.30501107442087e-05,-2.76768057017269e-05,NA,NA,NA,0.809028312248577,0.017742318012832,-0.138921337982325,0,0,10
"bivgauss",5e-05,1e+05,"hrv_interior","0.01",TRUE,6.63661685275439e-05,-3.60918163013594e-05,NA,NA,NA,0.809028312248577,0.017742318012832,-0.138921337982325,0,0,10
"bivgauss",5e-05,1e+05,"hrv_full","0.05",FALSE,4.7762254272746e-05,-2.97821761782237e-05,NA,NA,NA,0.810333088470243,-0.269142182156863,-0.00460024679427725,0,0,50
"bivgauss",5e-05,1e+05,"hrv_full","0.1",FALSE,4.06506263213574e-05,-2.67009584060167e-05,NA,NA,NA,0.810333088470243,-0.269142182156863,-0.00460024679427725,0,0,50
"bivgauss",5e-05,1e+05,"hrv_full","0.01",FALSE,6.186756478491e-05,-3.57799290156536e-05,NA,NA,NA,0.810333088470243,-0.269142182156863,-0.00460024679427725,0,0,50
"bivgauss",5e-05,1e+05,"hrv_interior","0.05",FALSE,4.7762254272746e-05,-2.97821761782237e-05,NA,NA,NA,0.810333088470243,-0.269142182156863,-0.00460024679427725,0,0,10
"bivgauss",5e-05,1e+05,"hrv_interior","0.1",FALSE,4.06506263213574e-05,-2.67009584060167e-05,NA,NA,NA,0.810333088470243,-0.269142182156863,-0.00460024679427725,0,0,10
"bivgauss",5e-05,1e+05,"hrv_interior","0.01",TRUE,6.186756478491e-05,-3.57799290156536e-05,NA,NA,NA,0.810333088470243,-0.269142182156863,-0.00460024679427725,0,0,10
"bivgauss",5e-05,1e+05,"hrv_full","0.05",FALSE,4.98123535256001e-05,-2.95133250442536e-05,NA,NA,NA,0.768332976429259,-0.145661126191227,-0.00432743238359874,0,0,50
"bivgauss",5e-05,1e+05,"hrv_full","0.1",FALSE,4.11338907868374e-05,-2.61225954591029e-05,NA,NA,NA,0.768332976429259,-0.145661126191227,-0.00432743238359874,0,0,50
"bivgauss",5e-05,1e+05,"hrv_full","0.01",FALSE,6.46319142905621e-05,-3.49086098391439e-05,NA,NA,NA,0.768332976429259,-0.145661126191227,-0.00432743238359874,0,0,50
"bivgauss",5e-05,1e+05,"hrv_interior","0.05",FALSE,4.98123535256001e-05,-2.95133250442536e-05,NA,NA,NA,0.768332976429259,-0.145661126191227,-0.00432743238359874,0,0,10
"bivgauss",5e-05,1e+05,"hrv_interior","0.1",FALSE,4.11338907868374e-05,-2.61225954591029e-05,NA,NA,NA,0.768332976429259,-0.145661126191227,-0.00432743238359874,0,0,10
"bivgauss",5e-05,1e+05,"hrv_interior","0.01",TRUE,6.46319142905621e-05,-3.49086098391439e-05,NA,NA,NA,0.768332976429259,-0.145661126191227,-0.00432743238359874,0,0,10
"bivgauss",5e-05,1e+05,"hrv_full","0.05",FALSE,4.7614106177097e-05,-3.01000334339823e-05,NA,NA,NA,0.79511071989936,-0.0570793665483784,-0.144365031348261,0,0,50
"bivgauss",5e-05,1e+05,"hrv_full","0.1",FALSE,4.02676696313198e-05,-2.67554179811347e-05,NA,NA,NA,0.79511071989936,-0.0570793665483784,-0.144365031348261,0,0,50
"bivgauss",5e-05,1e+05,"hrv_full","0.01",FALSE,6.45946050224052e-05,-3.65113538486789e-05,NA,NA,NA,0.79511071989936,-0.0570793665483784,-0.144365031348261,0,0,50
"bivgauss",5e-05,1e+05,"hrv_interior","0.05",TRUE,4.7614106177097e-05,-3.01000334339823e-05,NA,NA,NA,0.79511071989936,-0.0570793665483784,-0.144365031348261,0,0,10
"bivgauss",5e-05,1e+05,"hrv_interior","0.1",FALSE,4.02676696313198e-05,-2.67554179811347e-05,NA,NA,NA,0.79511071989936,-0.0570793665483784,-0.144365031348261,0,0,10
"bivgauss",5e-05,1e+05,"hrv_interior","0.01",TRUE,6.45946050224052e-05,-3.65113538486789e-05,NA,NA,NA,0.79511071989936,-0.0570793665483784,-0.144365031348261,0,0,10
"bivgauss",5e-05,1e+05,"hrv_full","0.05",TRUE,4.84775385465933e-05,-2.97141816446397e-05,NA,NA,NA,0.824594194557989,0.0536598353493984,-0.0240846467832516,0,0,50
"bivgauss",5e-05,1e+05,"hrv_full","0.1",TRUE,4.11684105041316e-05,-2.63861030151353e-05,NA,NA,NA,0.824594194557989,0.0536598353493984,-0.0240846467832516,0,0,50
"bivgauss",5e-05,1e+05,"hrv_full","0.01",TRUE,6.31444597702143e-05,-3.58851878706321e-05,NA,NA,NA,0.824594194557989,0.0536598353493984,-0.0240846467832516,0,0,50
"bivgauss",5e-05,1e+05,"hrv_interior","0.05",TRUE,4.84775385465933e-05,-2.97141816446397e-05,NA,NA,NA,0.824594194557989,0.0536598353493984,-0.0240846467832516,0,0,10
"bivgauss",5e-05,1e+05,"hrv_interior","0.1",TRUE,4.11684105041316e-05,-2.63861030151353e-05,NA,NA,NA,0.824594194557989,0.0536598353493984,-0.0240846467832516,0,0,10
"bivgauss",5e-05,1e+05,"hrv_interior","0.01",TRUE,6.31444597702143e-05,-3.58851878706321e-05,NA,NA,NA,0.824594194557989,0.0536598353493984,-0.0240846467832516,0,0,10
"bivgauss",5e-05,1e+05,"hrv_full","0.05",TRUE,5.6393058142579e-05,-3.35038062037733e-05,NA,NA,NA,0.861176127225828,-0.0369503323077992,-0.0818899616073881,0,0,50
"bivgauss",5e-05,1e+05,"hrv_full","0.1",TRUE,4.92028616861123e-05,-3.00089618282403e-05,NA,NA,NA,0.861176127225828,-0.0369503323077992,-0.0818899616073881,0,0,50
"bivgauss",5e-05,1e+05,"hrv_full","0.01",TRUE,7.6436021273969e-05,-4.09632037118969e-05,NA,NA,NA,0.861176127225828,-0.0369503323077992,-0.0818899616073881,0,0,50
"bivgauss",5e-05,1e+05,"hrv_interior","0.05",TRUE,5.6393058142579e-05,-3.35038062037733e-05,NA,NA,NA,0.861176127225828,-0.0369503323077992,-0.0818899616073881,0,0,10
"bivgauss",5e-05,1e+05,"hrv_interior","0.1",TRUE,4.92028616861123e-05,-3.00089618282403e-05,NA,NA,NA,0.861176127225828,-0.0369503323077992,-0.0818899616073881,0,0,10
"bivgauss",5e-05,1e+05,"hrv_interior","0.01",TRUE,7.6436021273969e-05,-4.09632037118969e-05,NA,NA,NA,0.861176127225828,-0.0369503323077992,-0.0818899616073881,0,0,10
"bivgauss",5e-05,1e+05,"hrv_full","0.05",FALSE,5.27542522163299e-05,-3.14010614619208e-05,NA,NA,NA,0.8057820479847,-0.107943612944464,-0.0771477944406891,0,0,50
"bivgauss",5e-05,1e+05,"hrv_full","0.1",FALSE,4.37862356621272e-05,-2.80356829628367e-05,NA,NA,NA,0.8057820479847,-0.107943612944464,-0.0771477944406891,0,0,50
"bivgauss",5e-05,1e+05,"hrv_full","0.01",TRUE,7.0365418989737e-05,-3.72975618207388e-05,NA,NA,NA,0.8057820479847,-0.107943612944464,-0.0771477944406891,0,0,50
"bivgauss",5e-05,1e+05,"hrv_interior","0.05",TRUE,5.27542522163299e-05,-3.14010614619208e-05,NA,NA,NA,0.8057820479847,-0.107943612944464,-0.0771477944406891,0,0,10
"bivgauss",5e-05,1e+05,"hrv_interior","0.1",TRUE,4.37862356621272e-05,-2.80356829628367e-05,NA,NA,NA,0.8057820479847,-0.107943612944464,-0.0771477944406891,0,0,10
"bivgauss",5e-05,1e+05,"hrv_interior","0.01",TRUE,7.0365418989737e-05,-3.72975618207388e-05,NA,NA,NA,0.8057820479847,-0.107943612944464,-0.0771477944406891,0,0,10
"bivgauss",5e-05,1e+05,"hrv_full","0.05",FALSE,5.20192144665335e-05,-3.51549178623148e-05,NA,NA,NA,0.857415426507685,-0.146817371510676,-0.0752592214513315,0,0,50
"bivgauss",5e-05,1e+05,"hrv_full","0.1",FALSE,4.46318769627256e-05,-3.06259264828952e-05,NA,NA,NA,0.857415426507685,-0.146817371510676,-0.0752592214513315,0,0,50
"bivgauss",5e-05,1e+05,"hrv_full","0.01",TRUE,6.79201215501233e-05,-4.2820402062457e-05,NA,NA,NA,0.857415426507685,-0.146817371510676,-0.0752592214513315,0,0,50
"bivgauss",5e-05,1e+05,"hrv_interior","0.05",TRUE,5.20192144665335e-05,-3.51549178623148e-05,NA,NA,NA,0.857415426507685,-0.146817371510676,-0.0752592214513315,0,0,10
"bivgauss",5e-05,1e+05,"hrv_interior","0.1",TRUE,4.46318769627256e-05,-3.06259264828952e-05,NA,NA,NA,0.857415426507685,-0.146817371510676,-0.0752592214513315,0,0,10
"bivgauss",5e-05,1e+05,"hrv_interior","0.01",TRUE,6.79201215501233e-05,-4.2820402062457e-05,NA,NA,NA,0.857415426507685,-0.146817371510676,-0.0752592214513315,0,0,10
"bivgauss",5e-05,1e+05,"hrv_full","0.05",FALSE,5.80581245363782e-05,-3.30580816858668e-05,NA,NA,NA,0.808845884014778,-0.102717201408087,-0.155366132580638,0,0,50
"bivgauss",5e-05,1e+05,"hrv_full","0.1",FALSE,4.88563238186696e-05,-2.98709371857505e-05,NA,NA,NA,0.808845884014778,-0.102717201408087,-0.155366132580638,0,0,50
"bivgauss",5e-05,1e+05,"hrv_full","0.01",TRUE,7.52460104485716e-05,-3.999479986323e-05,NA,NA,NA,0.808845884014778,-0.102717201408087,-0.155366132580638,0,0,50
"bivgauss",5e-05,1e+05,"hrv_interior","0.05",TRUE,5.80581245363782e-05,-3.30580816858668e-05,NA,NA,NA,0.808845884014778,-0.102717201408087,-0.155366132580638,0,0,10
"bivgauss",5e-05,1e+05,"hrv_interior","0.1",TRUE,4.88563238186696e-05,-2.98709371857505e-05,NA,NA,NA,0.808845884014778,-0.102717201408087,-0.155366132580638,0,0,10
"bivgauss",5e-05,1e+05,"hrv_interior","0.01",TRUE,7.52460104485716e-05,-3.999479986323e-05,NA,NA,NA,0.808845884014778,-0.102717201408087,-0.155366132580638,0,0,10
"bivgauss",5e-05,1e+05,"hrv_full","0.05",FALSE,5.49679212631567e-05,-3.24835949431786e-05,NA,NA,NA,0.815797360037995,-0.0923732074587649,-0.0167097252427695,0,0,50
"bivgauss",5e-05,1e+05,"hrv_full","0.1",FALSE,4.6461310309024e-05,-2.87724661639523e-05,NA,NA,NA,0.815797360037995,-0.0923732074587649,-0.0167097252427695,0,0,50
"bivgauss",5e-05,1e+05,"hrv_full","0.01",TRUE,7.24026018746035e-05,-3.92372103209362e-05,NA,NA,NA,0.815797360037995,-0.0923732074587649,-0.0167097252427695,0,0,50
"bivgauss",5e-05,1e+05,"hrv_interior","0.05",TRUE,5.49679212631567e-05,-3.24835949431786e-05,NA,NA,NA,0.815797360037995,-0.0923732074587649,-0.0167097252427695,0,0,10
"bivgauss",5e-05,1e+05,"hrv_interior","0.1",TRUE,4.6461310309024e-05,-2.87724661639523e-05,NA,NA,NA,0.815797360037995,-0.0923732074587649,-0.0167097252427695,0,0,10
"bivgauss",5e-05,1e+05,"hrv_interior","0.01",TRUE,7.24026018746035e-05,-3.92372103209362e-05,NA,NA,NA,0.815797360037995,-0.0923732074587649,-0.0167097252427695,0,0,10
"bivgauss",5e-05,1e+05,"hrv_full","0.05",FALSE,5.40429422014499e-05,-3.19266931833262e-05,NA,NA,NA,0.813297824854664,-0.148891973361124,-0.0600907362423584,0,0,50
"bivgauss",5e-05,1e+05,"hrv_full","0.1",FALSE,4.65355843789296e-05,-2.88463364547457e-05,NA,NA,NA,0.813297824854664,-0.148891973361124,-0.0600907362423584,0,0,50
"bivgauss",5e-05,1e+05,"hrv_full","0.01",FALSE,7.39044703540286e-05,-3.77799628049941e-05,NA,NA,NA,0.813297824854664,-0.148891973361124,-0.0600907362423584,0,0,50
"bivgauss",5e-05,1e+05,"hrv_interior","0.05",TRUE,5.40429422014499e-05,-3.19266931833262e-05,NA,NA,NA,0.813297824854664,-0.148891973361124,-0.0600907362423584,0,0,10
"bivgauss",5e-05,1e+05,"hrv_interior","0.1",TRUE,4.65355843789296e-05,-2.88463364547457e-05,NA,NA,NA,0.813297824854664,-0.148891973361124,-0.0600907362423584,0,0,10
"bivgauss",5e-05,1e+05,"hrv_interior","0.01",TRUE,7.39044703540286e-05,-3.77799628049941e-05,NA,NA,NA,0.813297824854664,-0.148891973361124,-0.0600907362423584,0,0,10
"bivgauss",5e-05,1e+05,"hrv_full","0.05",FALSE,5.51177957626666e-05,-3.14931193731371e-05,NA,NA,NA,0.799109963091019,0.0364296255443386,-0.137785382425072,0,0,50
"bivgauss",5e-05,1e+05,"hrv_full","0.1",FALSE,4.5555681961953e-05,-2.80278781978745e-05,NA,NA,NA,0.799109963091019,0.0364296255443386,-0.137785382425072,0,0,50
"bivgauss",5e-05,1e+05,"hrv_full","0.01",FALSE,7.64510334914039e-05,-3.79757448364231e-05,NA,NA,NA,0.799109963091019,0.0364296255443386,-0.137785382425072,0,0,50
"bivgauss",5e-05,1e+05,"hrv_interior","0.05",TRUE,5.51177957626666e-05,-3.14931193731371e-05,NA,NA,NA,0.799109963091019,0.0364296255443386,-0.137785382425072,0,0,10
"bivgauss",5e-05,1e+05,"hrv_interior","0.1",TRUE,4.5555681961953e-05,-2.80278781978745e-05,NA,NA,NA,0.799109963091019,0.0364296255443386,-0.137785382425072,0,0,10
"bivgauss",5e-05,1e+05,"hrv_interior","0.01",TRUE,7.64510334914039e-05,-3.79757448364231e-05,NA,NA,NA,0.799109963091019,0.0364296255443386,-0.137785382425072,0,0,10
"bivgauss",5e-05,1e+05,"hrv_full","0.05",FALSE,5.45520407676416e-05,-3.22037950487092e-05,NA,NA,NA,0.815042427075983,-0.125300517313323,-0.0646818923214018,0,0,50
"bivgauss",5e-05,1e+05,"hrv_full","0.1",FALSE,4.46531576269963e-05,-2.88994100947175e-05,NA,NA,NA,0.815042427075983,-0.125300517313323,-0.0646818923214018,0,0,50
"bivgauss",5e-05,1e+05,"hrv_full","0.01",TRUE,7.45039600558777e-05,-3.8209885145518e-05,NA,NA,NA,0.815042427075983,-0.125300517313323,-0.0646818923214018,0,0,50
"bivgauss",5e-05,1e+05,"hrv_interior","0.05",TRUE,5.45520407676416e-05,-3.22037950487092e-05,NA,NA,NA,0.815042427075983,-0.125300517313323,-0.0646818923214018,0,0,10
"bivgauss",5e-05,1e+05,"hrv_interior","0.1",TRUE,4.46531576269963e-05,-2.88994100947175e-05,NA,NA,NA,0.815042427075983,-0.125300517313323,-0.0646818923214018,0,0,10
"bivgauss",5e-05,1e+05,"hrv_interior","0.01",TRUE,7.45039600558777e-05,-3.8209885145518e-05,NA,NA,NA,0.815042427075983,-0.125300517313323,-0.0646818923214018,0,0,10
"bivgauss",5e-05,1e+05,"hrv_full","0.05",TRUE,5.89871862248462e-05,-3.49535120267363e-05,NA,NA,NA,0.834715554851851,0.00112477080955035,-0.0571565537713242,0,0,50
"bivgauss",5e-05,1e+05,"hrv_full","0.1",TRUE,5.03812014081213e-05,-3.10181326461847e-05,NA,NA,NA,0.834715554851851,0.00112477080955035,-0.0571565537713242,0,0,50
"bivgauss",5e-05,1e+05,"hrv_full","0.01",TRUE,7.73381273897828e-05,-4.15359034275367e-05,NA,NA,NA,0.834715554851851,0.00112477080955035,-0.0571565537713242,0,0,50
"bivgauss",5e-05,1e+05,"hrv_interior","0.05",TRUE,5.89871862248462e-05,-3.49535120267363e-05,NA,NA,NA,0.834715554851851,0.00112477080955035,-0.0571565537713242,0,0,10
"bivgauss",5e-05,1e+05,"hrv_interior","0.1",TRUE,5.03812014081213e-05,-3.10181326461847e-05,NA,NA,NA,0.834715554851851,0.00112477080955035,-0.0571565537713242,0,0,10
"bivgauss",5e-05,1e+05,"hrv_interior","0.01",TRUE,7.73381273897828e-05,-4.15359034275367e-05,NA,NA,NA,0.834715554851851,0.00112477080955035,-0.0571565537713242,0,0,10
"bivgauss",5e-05,1e+05,"hrv_full","0.05",FALSE,4.66884850105299e-05,-2.90519820842614e-05,NA,NA,NA,0.789584762967627,-0.0862813061952799,-0.107816795595591,0,0,50
"bivgauss",5e-05,1e+05,"hrv_full","0.1",FALSE,4.02784741291028e-05,-2.59041344516816e-05,NA,NA,NA,0.789584762967627,-0.0862813061952799,-0.107816795595591,0,0,50
"bivgauss",5e-05,1e+05,"hrv_full","0.01",FALSE,6.04079089341545e-05,-3.48999437319538e-05,NA,NA,NA,0.789584762967627,-0.0862813061952799,-0.107816795595591,0,0,50
"bivgauss",5e-05,1e+05,"hrv_interior","0.05",TRUE,4.66884850105299e-05,-2.90519820842614e-05,NA,NA,NA,0.789584762967627,-0.0862813061952799,-0.107816795595591,0,0,10
"bivgauss",5e-05,1e+05,"hrv_interior","0.1",TRUE,4.02784741291028e-05,-2.59041344516816e-05,NA,NA,NA,0.789584762967627,-0.0862813061952799,-0.107816795595591,0,0,10
"bivgauss",5e-05,1e+05,"hrv_interior","0.01",TRUE,6.04079089341545e-05,-3.48999437319538e-05,NA,NA,NA,0.789584762967627,-0.0862813061952799,-0.107816795595591,0,0,10
"bivgauss",5e-05,1e+05,"hrv_full","0.05",FALSE,4.96731640079644e-05,-2.85978867701614e-05,NA,NA,NA,0.773381208156339,-0.0857428245170523,-0.248384695873637,0,0,50
"bivgauss",5e-05,1e+05,"hrv_full","0.1",FALSE,4.16121086710494e-05,-2.55809944529126e-05,NA,NA,NA,0.773381208156339,-0.0857428245170523,-0.248384695873637,0,0,50
"bivgauss",5e-05,1e+05,"hrv_full","0.01",FALSE,6.19148134254311e-05,-3.39877359273512e-05,NA,NA,NA,0.773381208156339,-0.0857428245170523,-0.248384695873637,0,0,50
"bivgauss",5e-05,1e+05,"hrv_interior","0.05",FALSE,4.96731640079644e-05,-2.85978867701614e-05,NA,NA,NA,0.773381208156339,-0.0857428245170523,-0.248384695873637,0,0,10
"bivgauss",5e-05,1e+05,"hrv_interior","0.1",FALSE,4.16121086710494e-05,-2.55809944529126e-05,NA,NA,NA,0.773381208156339,-0.0857428245170523,-0.248384695873637,0,0,10
"bivgauss",5e-05,1e+05,"hrv_interior","0.01",FALSE,6.19148134254311e-05,-3.39877359273512e-05,NA,NA,NA,0.773381208156339,-0.0857428245170523,-0.248384695873637,0,0,10
"bivgauss",5e-05,1e+05,"hrv_full","0.05",FALSE,4.28545532218673e-05,-2.86377187156818e-05,NA,NA,NA,0.80912289362782,-0.152054148224411,-0.0808115736803906,0,0,50
"bivgauss",5e-05,1e+05,"hrv_full","0.1",FALSE,3.65903883518193e-05,-2.51692115957725e-05,NA,NA,NA,0.80912289362782,-0.152054148224411,-0.0808115736803906,0,0,50
"bivgauss",5e-05,1e+05,"hrv_full","0.01",FALSE,5.79200106978895e-05,-3.49066969185756e-05,NA,NA,NA,0.80912289362782,-0.152054148224411,-0.0808115736803906,0,0,50
"bivgauss",5e-05,1e+05,"hrv_interior","0.05",TRUE,4.28545532218673e-05,-2.86377187156818e-05,NA,NA,NA,0.80912289362782,-0.152054148224411,-0.0808115736803906,0,0,10
"bivgauss",5e-05,1e+05,"hrv_interior","0.1",TRUE,3.65903883518193e-05,-2.51692115957725e-05,NA,NA,NA,0.80912289362782,-0.152054148224411,-0.0808115736803906,0,0,10
"bivgauss",5e-05,1e+05,"hrv_interior","0.01",TRUE,5.79200106978895e-05,-3.49066969185756e-05,NA,NA,NA,0.80912289362782,-0.152054148224411,-0.0808115736803906,0,0,10
"bivgauss",5e-05,1e+05,"hrv_full","0.05",TRUE,5.33845049225997e-05,-3.33769910179433e-05,NA,NA,NA,0.834030124347014,-0.0781433031735083,-0.0426317648978374,0,0,50
"bivgauss",5e-05,1e+05,"hrv_full","0.1",FALSE,4.58737769130329e-05,-2.94897311810989e-05,NA,NA,NA,0.834030124347014,-0.0781433031735083,-0.0426317648978374,0,0,50
"bivgauss",5e-05,1e+05,"hrv_full","0.01",TRUE,6.74554842110345e-05,-4.1811659055947e-05,NA,NA,NA,0.834030124347014,-0.0781433031735083,-0.0426317648978374,0,0,50
"bivgauss",5e-05,1e+05,"hrv_interior","0.05",TRUE,5.33845049225997e-05,-3.33769910179433e-05,NA,NA,NA,0.834030124347014,-0.0781433031735083,-0.0426317648978374,0,0,10
"bivgauss",5e-05,1e+05,"hrv_interior","0.1",TRUE,4.58737769130329e-05,-2.94897311810989e-05,NA,NA,NA,0.834030124347014,-0.0781433031735083,-0.0426317648978374,0,0,10
"bivgauss",5e-05,1e+05,"hrv_interior","0.01",TRUE,6.74554842110345e-05,-4.1811659055947e-05,NA,NA,NA,0.834030124347014,-0.0781433031735083,-0.0426317648978374,0,0,10
"bivgauss",5e-05,1e+05,"hrv_full","0.05",FALSE,5.1304027388127e-05,-2.9978134639027e-05,NA,NA,NA,0.743946118931774,-0.0941831099852726,-0.045772784293279,0,0,50
"bivgauss",5e-05,1e+05,"hrv_full","0.1",FALSE,4.2575420062656e-05,-2.69114602330457e-05,NA,NA,NA,0.743946118931774,-0.0941831099852726,-0.045772784293279,0,0,50
"bivgauss",5e-05,1e+05,"hrv_full","0.01",FALSE,6.56942037539766e-05,-3.52565902549695e-05,NA,NA,NA,0.743946118931774,-0.0941831099852726,-0.045772784293279,0,0,50
"bivgauss",5e-05,1e+05,"hrv_interior","0.05",FALSE,5.1304027388127e-05,-2.9978134639027e-05,NA,NA,NA,0.743946118931774,-0.0941831099852726,-0.045772784293279,0,0,10
"bivgauss",5e-05,1e+05,"hrv_interior","0.1",FALSE,4.2575420062656e-05,-2.69114602330457e-05,NA,NA,NA,0.743946118931774,-0.0941831099852726,-0.045772784293279,0,0,10
"bivgauss",5e-05,1e+05,"hrv_interior","0.01",TRUE,6.56942037539766e-05,-3.52565902549695e-05,NA,NA,NA,0.743946118931774,-0.0941831099852726,-0.045772784293279,0,0,10
"bivgauss",5e-05,1e+05,"hrv_full","0.05",TRUE,5.51951299706353e-05,-3.46727942374571e-05,NA,NA,NA,0.815971122118448,-0.0712969267661368,-0.0981514745064785,0,0,50
"bivgauss",5e-05,1e+05,"hrv_full","0.1",FALSE,4.75099647026056e-05,-3.10582126989598e-05,NA,NA,NA,0.815971122118448,-0.0712969267661368,-0.0981514745064785,0,0,50
"bivgauss",5e-05,1e+05,"hrv_full","0.01",TRUE,7.34508709679326e-05,-4.12984136805544e-05,NA,NA,NA,0.815971122118448,-0.0712969267661368,-0.0981514745064785,0,0,50
"bivgauss",5e-05,1e+05,"hrv_interior","0.05",TRUE,5.51951299706353e-05,-3.46727942374571e-05,NA,NA,NA,0.815971122118448,-0.0712969267661368,-0.0981514745064785,0,0,10
"bivgauss",5e-05,1e+05,"hrv_interior","0.1",TRUE,4.75099647026056e-05,-3.10582126989598e-05,NA,NA,NA,0.815971122118448,-0.0712969267661368,-0.0981514745064785,0,0,10
"bivgauss",5e-05,1e+05,"hrv_interior","0.01",TRUE,7.34508709679326e-05,-4.12984136805544e-05,NA,NA,NA,0.815971122118448,-0.0712969267661368,-0.0981514745064785,0,0,10
"bivgauss",5e-05,1e+05,"hrv_full","0.05",TRUE,4.90832342126671e-05,-3.07353488112811e-05,NA,NA,NA,0.859736803341345,-0.0282233786428294,-0.0276373312644558,0,0,50
"bivgauss",5e-05,1e+05,"hrv_full","0.1",TRUE,4.26280341514691e-05,-2.76618195525225e-05,NA,NA,NA,0.859736803341345,-0.0282233786428294,-0.0276373312644558,0,0,50
"bivgauss",5e-05,1e+05,"hrv_full","0.01",TRUE,6.50422881284556e-05,-3.54824801514489e-05,NA,NA,NA,0.859736803341345,-0.0282233786428294,-0.0276373312644558,0,0,50
"bivgauss",5e-05,1e+05,"hrv_interior","0.05",TRUE,4.90832342126671e-05,-3.07353488112811e-05,NA,NA,NA,0.859736803341345,-0.0282233786428294,-0.0276373312644558,0,0,10
"bivgauss",5e-05,1e+05,"hrv_interior","0.1",TRUE,4.26280341514691e-05,-2.76618195525225e-05,NA,NA,NA,0.859736803341345,-0.0282233786428294,-0.0276373312644558,0,0,10
"bivgauss",5e-05,1e+05,"hrv_interior","0.01",TRUE,6.50422881284556e-05,-3.54824801514489e-05,NA,NA,NA,0.859736803341345,-0.0282233786428294,-0.0276373312644558,0,0,10
"bivgauss",5e-05,1e+05,"hrv_full","0.05",FALSE,4.74643787280392e-05,-2.96517233619172e-05,NA,NA,NA,0.787902168829965,-0.146901684652913,-0.0877222326181751,0,0,50
"bivgauss",5e-05,1e+05,"hrv_full","0.1",FALSE,4.03970608580522e-05,-2.64143691505877e-05,NA,NA,NA,0.787902168829965,-0.146901684652913,-0.0877222326181751,0,0,50
"bivgauss",5e-05,1e+05,"hrv_full","0.01",TRUE,6.01575987505399e-05,-3.42964374612508e-05,NA,NA,NA,0.787902168829965,-0.146901684652913,-0.0877222326181751,0,0,50
"bivgauss",5e-05,1e+05,"hrv_interior","0.05",TRUE,4.74643787280392e-05,-2.96517233619172e-05,NA,NA,NA,0.787902168829965,-0.146901684652913,-0.0877222326181751,0,0,10
"bivgauss",5e-05,1e+05,"hrv_interior","0.1",TRUE,4.03970608580522e-05,-2.64143691505877e-05,NA,NA,NA,0.787902168829965,-0.146901684652913,-0.0877222326181751,0,0,10
"bivgauss",5e-05,1e+05,"hrv_interior","0.01",TRUE,6.01575987505399e-05,-3.42964374612508e-05,NA,NA,NA,0.787902168829965,-0.146901684652913,-0.0877222326181751,0,0,10
"bivgauss",5e-05,1e+05,"hrv_full","0.05",TRUE,5.42194420172232e-05,-3.26153201076745e-05,NA,NA,NA,0.90052736651793,-0.0171335503037125,-0.0500439948504763,0,0,50
"bivgauss",5e-05,1e+05,"hrv_full","0.1",TRUE,4.77251019132112e-05,-2.95819483530388e-05,NA,NA,NA,0.90052736651793,-0.0171335503037125,-0.0500439948504763,0,0,50
"bivgauss",5e-05,1e+05,"hrv_full","0.01",TRUE,6.85843267963337e-05,-3.86186978471838e-05,NA,NA,NA,0.90052736651793,-0.0171335503037125,-0.0500439948504763,0,0,50
"bivgauss",5e-05,1e+05,"hrv_interior","0.05",TRUE,5.42194420172232e-05,-3.26153201076745e-05,NA,NA,NA,0.90052736651793,-0.0171335503037125,-0.0500439948504763,0,0,10
"bivgauss",5e-05,1e+05,"hrv_interior","0.1",TRUE,4.77251019132112e-05,-2.95819483530388e-05,NA,NA,NA,0.90052736651793,-0.0171335503037125,-0.0500439948504763,0,0,10
"bivgauss",5e-05,1e+05,"hrv_interior","0.01",TRUE,6.85843267963337e-05,-3.86186978471838e-05,NA,NA,NA,0.90052736651793,-0.0171335503037125,-0.0500439948504763,0,0,10
"bivgauss",5e-05,1e+05,"hrv_full","0.05",FALSE,4.96376371939332e-05,-3.01475341014717e-05,NA,NA,NA,0.772862201291032,-0.157201983897512,-0.160513971429292,0,0,50
"bivgauss",5e-05,1e+05,"hrv_full","0.1",FALSE,4.18086063626331e-05,-2.680385122616e-05,NA,NA,NA,0.772862201291032,-0.157201983897512,-0.160513971429292,0,0,50
"bivgauss",5e-05,1e+05,"hrv_full","0.01",FALSE,6.36934501078624e-05,-3.63881494215473e-05,NA,NA,NA,0.772862201291032,-0.157201983897512,-0.160513971429292,0,0,50
"bivgauss",5e-05,1e+05,"hrv_interior","0.05",FALSE,4.96376371939332e-05,-3.01475341014717e-05,NA,NA,NA,0.772862201291032,-0.157201983897512,-0.160513971429292,0,0,10
"bivgauss",5e-05,1e+05,"hrv_interior","0.1",FALSE,4.18086063626331e-05,-2.680385122616e-05,NA,NA,NA,0.772862201291032,-0.157201983897512,-0.160513971429292,0,0,10
"bivgauss",5e-05,1e+05,"hrv_interior","0.01",FALSE,6.36934501078624e-05,-3.63881494215473e-05,NA,NA,NA,0.772862201291032,-0.157201983897512,-0.160513971429292,0,0,10
"bivgauss",5e-05,1e+05,"hrv_full","0.05",FALSE,5.10101020176605e-05,-3.32667985251769e-05,NA,NA,NA,0.78616944215182,-0.0842283766517793,-0.183585706356662,0,0,50
"bivgauss",5e-05,1e+05,"hrv_full","0.1",FALSE,4.42627718576192e-05,-2.91124347967292e-05,NA,NA,NA,0.78616944215182,-0.0842283766517793,-0.183585706356662,0,0,50
"bivgauss",5e-05,1e+05,"hrv_full","0.01",FALSE,6.46877499526135e-05,-4.02352043132565e-05,NA,NA,NA,0.78616944215182,-0.0842283766517793,-0.183585706356662,0,0,50
"bivgauss",5e-05,1e+05,"hrv_interior","0.05",TRUE,5.10101020176605e-05,-3.32667985251769e-05,NA,NA,NA,0.78616944215182,-0.0842283766517793,-0.183585706356662,0,0,10
"bivgauss",5e-05,1e+05,"hrv_interior","0.1",FALSE,4.42627718576192e-05,-2.91124347967292e-05,NA,NA,NA,0.78616944215182,-0.0842283766517793,-0.183585706356662,0,0,10
"bivgauss",5e-05,1e+05,"hrv_interior","0.01",TRUE,6.46877499526135e-05,-4.02352043132565e-05,NA,NA,NA,0.78616944215182,-0.0842283766517793,-0.183585706356662,0,0,10
"bivgauss",5e-05,1e+05,"hrv_full","0.05",FALSE,5.22344698313136e-05,-3.15442064632733e-05,NA,NA,NA,0.818799789821821,-0.162172923953506,-0.116926671664871,0,0,50
"bivgauss",5e-05,1e+05,"hrv_full","0.1",FALSE,4.4037671474888e-05,-2.791234903101e-05,NA,NA,NA,0.818799789821821,-0.162172923953506,-0.116926671664871,0,0,50
"bivgauss",5e-05,1e+05,"hrv_full","0.01",FALSE,6.96010068455111e-05,-3.80896805322011e-05,NA,NA,NA,0.818799789821821,-0.162172923953506,-0.116926671664871,0,0,50
"bivgauss",5e-05,1e+05,"hrv_interior","0.05",TRUE,5.22344698313136e-05,-3.15442064632733e-05,NA,NA,NA,0.818799789821821,-0.162172923953506,-0.116926671664871,0,0,10
"bivgauss",5e-05,1e+05,"hrv_interior","0.1",TRUE,4.4037671474888e-05,-2.791234903101e-05,NA,NA,NA,0.818799789821821,-0.162172923953506,-0.116926671664871,0,0,10
"bivgauss",5e-05,1e+05,"hrv_interior","0.01",TRUE,6.96010068455111e-05,-3.80896805322011e-05,NA,NA,NA,0.818799789821821,-0.162172923953506,-0.116926671664871,0,0,10
"bivgauss",5e-05,1e+05,"hrv_full","0.05",FALSE,4.90716954374174e-05,-3.03385375702268e-05,NA,NA,NA,0.821394168074925,-0.0428339224393564,-0.116463235803376,0,0,50
"bivgauss",5e-05,1e+05,"hrv_full","0.1",FALSE,4.20275517446065e-05,-2.70419507671774e-05,NA,NA,NA,0.821394168074925,-0.0428339224393564,-0.116463235803376,0,0,50
"bivgauss",5e-05,1e+05,"hrv_full","0.01",TRUE,6.61148502062545e-05,-3.6363725010534e-05,NA,NA,NA,0.821394168074925,-0.0428339224393564,-0.116463235803376,0,0,50
"bivgauss",5e-05,1e+05,"hrv_interior","0.05",TRUE,4.90716954374174e-05,-3.03385375702268e-05,NA,NA,NA,0.821394168074925,-0.0428339224393564,-0.116463235803376,0,0,10
"bivgauss",5e-05,1e+05,"hrv_interior","0.1",TRUE,4.20275517446065e-05,-2.70419507671774e-05,NA,NA,NA,0.821394168074925,-0.0428339224393564,-0.116463235803376,0,0,10
"bivgauss",5e-05,1e+05,"hrv_interior","0.01",TRUE,6.61148502062545e-05,-3.6363725010534e-05,NA,NA,NA,0.821394168074925,-0.0428339224393564,-0.116463235803376,0,0,10
"bivgauss",5e-05,1e+05,"hrv_full","0.05",TRUE,5.48203754583286e-05,-3.39988921639044e-05,NA,NA,NA,0.819168389678805,-0.0766060375286967,-0.0892609465569479,0,0,50
"bivgauss",5e-05,1e+05,"hrv_full","0.1",TRUE,4.66293942730824e-05,-3.08796770279216e-05,NA,NA,NA,0.819168389678805,-0.0766060375286967,-0.0892609465569479,0,0,50
"bivgauss",5e-05,1e+05,"hrv_full","0.01",TRUE,7.20872347963423e-05,-4.08309699388765e-05,NA,NA,NA,0.819168389678805,-0.0766060375286967,-0.0892609465569479,0,0,50
"bivgauss",5e-05,1e+05,"hrv_interior","0.05",TRUE,5.48203754583286e-05,-3.39988921639044e-05,NA,NA,NA,0.819168389678805,-0.0766060375286967,-0.0892609465569479,0,0,10
"bivgauss",5e-05,1e+05,"hrv_interior","0.1",TRUE,4.66293942730824e-05,-3.08796770279216e-05,NA,NA,NA,0.819168389678805,-0.0766060375286967,-0.0892609465569479,0,0,10
"bivgauss",5e-05,1e+05,"hrv_interior","0.01",TRUE,7.20872347963423e-05,-4.08309699388765e-05,NA,NA,NA,0.819168389678805,-0.0766060375286967,-0.0892609465569479,0,0,10
"bivgauss",5e-05,1e+05,"hrv_full","0.05",TRUE,4.80500662497403e-05,-2.89789207336596e-05,NA,NA,NA,0.82489912672505,-0.0578238752574376,-0.107902151035263,0,0,50
"bivgauss",5e-05,1e+05,"hrv_full","0.1",TRUE,4.06640247481125e-05,-2.59831448727868e-05,NA,NA,NA,0.82489912672505,-0.0578238752574376,-0.107902151035263,0,0,50
"bivgauss",5e-05,1e+05,"hrv_full","0.01",TRUE,6.31423303457618e-05,-3.48723464051873e-05,NA,NA,NA,0.82489912672505,-0.0578238752574376,-0.107902151035263,0,0,50
"bivgauss",5e-05,1e+05,"hrv_interior","0.05",TRUE,4.80500662497403e-05,-2.89789207336596e-05,NA,NA,NA,0.82489912672505,-0.0578238752574376,-0.107902151035263,0,0,10
"bivgauss",5e-05,1e+05,"hrv_interior","0.1",TRUE,4.06640247481125e-05,-2.59831448727868e-05,NA,NA,NA,0.82489912672505,-0.0578238752574376,-0.107902151035263,0,0,10
"bivgauss",5e-05,1e+05,"hrv_interior","0.01",TRUE,6.31423303457618e-05,-3.48723464051873e-05,NA,NA,NA,0.82489912672505,-0.0578238752574376,-0.107902151035263,0,0,10
"bivgauss",5e-05,1e+05,"hrv_full","0.05",TRUE,5.54073068203103e-05,-3.28467567835946e-05,NA,NA,NA,0.821525360527529,0.0422699356072335,-0.0567815450647859,0,0,50
"bivgauss",5e-05,1e+05,"hrv_full","0.1",TRUE,4.53664406083792e-05,-2.87351075749753e-05,NA,NA,NA,0.821525360527529,0.0422699356072335,-0.0567815450647859,0,0,50
"bivgauss",5e-05,1e+05,"hrv_full","0.01",TRUE,6.93765624085521e-05,-3.9549326282543e-05,NA,NA,NA,0.821525360527529,0.0422699356072335,-0.0567815450647859,0,0,50
"bivgauss",5e-05,1e+05,"hrv_interior","0.05",TRUE,5.54073068203103e-05,-3.28467567835946e-05,NA,NA,NA,0.821525360527529,0.0422699356072335,-0.0567815450647859,0,0,10
"bivgauss",5e-05,1e+05,"hrv_interior","0.1",TRUE,4.53664406083792e-05,-2.87351075749753e-05,NA,NA,NA,0.821525360527529,0.0422699356072335,-0.0567815450647859,0,0,10
"bivgauss",5e-05,1e+05,"hrv_interior","0.01",TRUE,6.93765624085521e-05,-3.9549326282543e-05,NA,NA,NA,0.821525360527529,0.0422699356072335,-0.0567815450647859,0,0,10
"bivgauss",5e-05,1e+05,"hrv_full","0.05",FALSE,4.99298404336213e-05,-2.98792443421193e-05,NA,NA,NA,0.788319983161985,-0.130205870637045,-0.13120525451035,0,0,50
"bivgauss",5e-05,1e+05,"hrv_full","0.1",FALSE,4.31676768672391e-05,-2.65918194103828e-05,NA,NA,NA,0.788319983161985,-0.130205870637045,-0.13120525451035,0,0,50
"bivgauss",5e-05,1e+05,"hrv_full","0.01",FALSE,6.46395107379231e-05,-3.60139922101455e-05,NA,NA,NA,0.788319983161985,-0.130205870637045,-0.13120525451035,0,0,50
"bivgauss",5e-05,1e+05,"hrv_interior","0.05",TRUE,4.99298404336213e-05,-2.98792443421193e-05,NA,NA,NA,0.788319983161985,-0.130205870637045,-0.13120525451035,0,0,10
"bivgauss",5e-05,1e+05,"hrv_interior","0.1",TRUE,4.31676768672391e-05,-2.65918194103828e-05,NA,NA,NA,0.788319983161985,-0.130205870637045,-0.13120525451035,0,0,10
"bivgauss",5e-05,1e+05,"hrv_interior","0.01",TRUE,6.46395107379231e-05,-3.60139922101455e-05,NA,NA,NA,0.788319983161985,-0.130205870637045,-0.13120525451035,0,0,10
"bivgauss",5e-05,1e+05,"hrv_full","0.05",TRUE,6.79243617910329e-05,-3.79413392225276e-05,NA,NA,NA,0.85347613988618,-0.0833726756250463,-0.0310094541658152,0,0,50
"bivgauss",5e-05,1e+05,"hrv_full","0.1",TRUE,5.72192373134173e-05,-3.43350959294434e-05,NA,NA,NA,0.85347613988618,-0.0833726756250463,-0.0310094541658152,0,0,50
"bivgauss",5e-05,1e+05,"hrv_full","0.01",TRUE,9.01045879762676e-05,-4.3598837829486e-05,NA,NA,NA,0.85347613988618,-0.0833726756250463,-0.0310094541658152,0,0,50
"bivgauss",5e-05,1e+05,"hrv_interior","0.05",TRUE,6.79243617910329e-05,-3.79413392225276e-05,NA,NA,NA,0.85347613988618,-0.0833726756250463,-0.0310094541658152,0,0,10
"bivgauss",5e-05,1e+05,"hrv_interior","0.1",TRUE,5.72192373134173e-05,-3.43350959294434e-05,NA,NA,NA,0.85347613988618,-0.0833726756250463,-0.0310094541658152,0,0,10
"bivgauss",5e-05,1e+05,"hrv_interior","0.01",TRUE,9.01045879762676e-05,-4.3598837829486e-05,NA,NA,NA,0.85347613988618,-0.0833726756250463,-0.0310094541658152,0,0,10
"bivgauss",5e-05,1e+05,"hrv_full","0.05",FALSE,5.05782284506891e-05,-2.99045045135955e-05,NA,NA,NA,0.794180477531589,-0.0620504765650264,-0.127254536468948,0,0,50
"bivgauss",5e-05,1e+05,"hrv_full","0.1",FALSE,4.26694478846685e-05,-2.71726163346533e-05,NA,NA,NA,0.794180477531589,-0.0620504765650264,-0.127254536468948,0,0,50
"bivgauss",5e-05,1e+05,"hrv_full","0.01",FALSE,6.4537004165433e-05,-3.65413327129544e-05,NA,NA,NA,0.794180477531589,-0.0620504765650264,-0.127254536468948,0,0,50
"bivgauss",5e-05,1e+05,"hrv_interior","0.05",TRUE,5.05782284506891e-05,-2.99045045135955e-05,NA,NA,NA,0.794180477531589,-0.0620504765650264,-0.127254536468948,0,0,10
"bivgauss",5e-05,1e+05,"hrv_interior","0.1",TRUE,4.26694478846685e-05,-2.71726163346533e-05,NA,NA,NA,0.794180477531589,-0.0620504765650264,-0.127254536468948,0,0,10
"bivgauss",5e-05,1e+05,"hrv_interior","0.01",TRUE,6.4537004165433e-05,-3.65413327129544e-05,NA,NA,NA,0.794180477531589,-0.0620504765650264,-0.127254536468948,0,0,10
"bivgauss",5e-05,1e+05,"hrv_full","0.05",FALSE,4.71686964297501e-05,-3.04527449951979e-05,NA,NA,NA,0.819832862737796,-0.0891069536101657,-0.123295826617597,0,0,50
"bivgauss",5e-05,1e+05,"hrv_full","0.1",FALSE,4.04438189002448e-05,-2.70840274429381e-05,NA,NA,NA,0.819832862737796,-0.0891069536101657,-0.123295826617597,0,0,50
"bivgauss",5e-05,1e+05,"hrv_full","0.01",FALSE,6.05974215429472e-05,-3.73981538014165e-05,NA,NA,NA,0.819832862737796,-0.0891069536101657,-0.123295826617597,0,0,50
"bivgauss",5e-05,1e+05,"hrv_interior","0.05",TRUE,4.71686964297501e-05,-3.04527449951979e-05,NA,NA,NA,0.819832862737796,-0.0891069536101657,-0.123295826617597,0,0,10
"bivgauss",5e-05,1e+05,"hrv_interior","0.1",TRUE,4.04438189002448e-05,-2.70840274429381e-05,NA,NA,NA,0.819832862737796,-0.0891069536101657,-0.123295826617597,0,0,10
"bivgauss",5e-05,1e+05,"hrv_interior","0.01",TRUE,6.05974215429472e-05,-3.73981538014165e-05,NA,NA,NA,0.819832862737796,-0.0891069536101657,-0.123295826617597,0,0,10
"bivgauss",5e-05,1e+05,"hrv_full","0.05",FALSE,5.44495964974932e-05,-3.11826554520415e-05,NA,NA,NA,0.797999518613071,-0.144776293201334,-0.105465086705037,0,0,50
"bivgauss",5e-05,1e+05,"hrv_full","0.1",FALSE,4.51130286526702e-05,-2.78696026661178e-05,NA,NA,NA,0.797999518613071,-0.144776293201334,-0.105465086705037,0,0,50
"bivgauss",5e-05,1e+05,"hrv_full","0.01",FALSE,7.24504694146079e-05,-3.71617870637738e-05,NA,NA,NA,0.797999518613071,-0.144776293201334,-0.105465086705037,0,0,50
"bivgauss",5e-05,1e+05,"hrv_interior","0.05",TRUE,5.44495964974932e-05,-3.11826554520415e-05,NA,NA,NA,0.797999518613071,-0.144776293201334,-0.105465086705037,0,0,10
"bivgauss",5e-05,1e+05,"hrv_interior","0.1",TRUE,4.51130286526702e-05,-2.78696026661178e-05,NA,NA,NA,0.797999518613071,-0.144776293201334,-0.105465086705037,0,0,10
"bivgauss",5e-05,1e+05,"hrv_interior","0.01",TRUE,7.24504694146079e-05,-3.71617870637738e-05,NA,NA,NA,0.797999518613071,-0.144776293201334,-0.105465086705037,0,0,10
"bivgauss",5e-05,1e+05,"hrv_full","0.05",TRUE,6.38931066540787e-05,-3.67705094661462e-05,NA,NA,NA,0.81537890134135,-0.0797225319959146,-0.0174768767503797,0,0,50
"bivgauss",5e-05,1e+05,"hrv_full","0.1",FALSE,5.41094563447552e-05,-3.30950826293513e-05,NA,NA,NA,0.81537890134135,-0.0797225319959146,-0.0174768767503797,0,0,50
"bivgauss",5e-05,1e+05,"hrv_full","0.01",TRUE,8.21836371076418e-05,-4.17597998970188e-05,NA,NA,NA,0.81537890134135,-0.0797225319959146,-0.0174768767503797,0,0,50
"bivgauss",5e-05,1e+05,"hrv_interior","0.05",TRUE,6.38931066540787e-05,-3.67705094661462e-05,NA,NA,NA,0.81537890134135,-0.0797225319959146,-0.0174768767503797,0,0,10
"bivgauss",5e-05,1e+05,"hrv_interior","0.1",TRUE,5.41094563447552e-05,-3.30950826293513e-05,NA,NA,NA,0.81537890134135,-0.0797225319959146,-0.0174768767503797,0,0,10
"bivgauss",5e-05,1e+05,"hrv_interior","0.01",TRUE,8.21836371076418e-05,-4.17597998970188e-05,NA,NA,NA,0.81537890134135,-0.0797225319959146,-0.0174768767503797,0,0,10
"bivgauss",5e-05,1e+05,"hrv_full","0.05",FALSE,5.73988626275399e-05,-3.37684924136153e-05,NA,NA,NA,0.826660148683955,-0.0718029335314075,-0.134216561085545,0,0,50
"bivgauss",5e-05,1e+05,"hrv_full","0.1",FALSE,4.95646889713053e-05,-3.01536284564609e-05,NA,NA,NA,0.826660148683955,-0.0718029335314075,-0.134216561085545,0,0,50
"bivgauss",5e-05,1e+05,"hrv_full","0.01",TRUE,7.54066975874708e-05,-4.01416964894251e-05,NA,NA,NA,0.826660148683955,-0.0718029335314075,-0.134216561085545,0,0,50
"bivgauss",5e-05,1e+05,"hrv_interior","0.05",TRUE,5.73988626275399e-05,-3.37684924136153e-05,NA,NA,NA,0.826660148683955,-0.0718029335314075,-0.134216561085545,0,0,10
"bivgauss",5e-05,1e+05,"hrv_interior","0.1",TRUE,4.95646889713053e-05,-3.01536284564609e-05,NA,NA,NA,0.826660148683955,-0.0718029335314075,-0.134216561085545,0,0,10
"bivgauss",5e-05,1e+05,"hrv_interior","0.01",TRUE,7.54066975874708e-05,-4.01416964894251e-05,NA,NA,NA,0.826660148683955,-0.0718029335314075,-0.134216561085545,0,0,10
"bivgauss",5e-05,1e+05,"hrv_full","0.05",FALSE,4.82065891794667e-05,-2.96078296629482e-05,NA,NA,NA,0.794257836272025,-0.0860185813209765,-0.0879319931472295,0,0,50
"bivgauss",5e-05,1e+05,"hrv_full","0.1",FALSE,4.06996706455918e-05,-2.65460607055372e-05,NA,NA,NA,0.794257836272025,-0.0860185813209765,-0.0879319931472295,0,0,50
"bivgauss",5e-05,1e+05,"hrv_full","0.01",FALSE,6.60893180527984e-05,-3.48770746526069e-05,NA,NA,NA,0.794257836272025,-0.0860185813209765,-0.0879319931472295,0,0,50
"bivgauss",5e-05,1e+05,"hrv_interior","0.05",TRUE,4.82065891794667e-05,-2.96078296629482e-05,NA,NA,NA,0.794257836272025,-0.0860185813209765,-0.0879319931472295,0,0,10
"bivgauss",5e-05,1e+05,"hrv_interior","0.1",FALSE,4.06996706455918e-05,-2.65460607055372e-05,NA,NA,NA,0.794257836272025,-0.0860185813209765,-0.0879319931472295,0,0,10
"bivgauss",5e-05,1e+05,"hrv_interior","0.01",TRUE,6.60893180527984e-05,-3.48770746526069e-05,NA,NA,NA,0.794257836272025,-0.0860185813209765,-0.0879319931472295,0,0,10
"bivgauss",5e-05,1e+05,"hrv_full","0.05",TRUE,6.00274517987201e-05,-3.50604288198836e-05,NA,NA,NA,0.855659281120076,-0.134872240316392,-0.0580295100794571,0,0,50
"bivgauss",5e-05,1e+05,"hrv_full","0.1",TRUE,5.05055056062784e-05,-3.11659294370264e-05,NA,NA,NA,0.855659281120076,-0.134872240316392,-0.0580295100794571,0,0,50
"bivgauss",5e-05,1e+05,"hrv_full","0.01",TRUE,7.81715724195071e-05,-4.19355614115496e-05,NA,NA,NA,0.855659281120076,-0.134872240316392,-0.0580295100794571,0,0,50
"bivgauss",5e-05,1e+05,"hrv_interior","0.05",TRUE,6.00274517987201e-05,-3.50604288198836e-05,NA,NA,NA,0.855659281120076,-0.134872240316392,-0.0580295100794571,0,0,10
"bivgauss",5e-05,1e+05,"hrv_interior","0.1",TRUE,5.05055056062784e-05,-3.11659294370264e-05,NA,NA,NA,0.855659281120076,-0.134872240316392,-0.0580295100794571,0,0,10
"bivgauss",5e-05,1e+05,"hrv_interior","0.01",TRUE,7.81715724195071e-05,-4.19355614115496e-05,NA,NA,NA,0.855659281120076,-0.134872240316392,-0.0580295100794571,0,0,10
"bivgauss",5e-05,1e+05,"hrv_full","0.05",FALSE,4.56615987130342e-05,-2.99356899543785e-05,NA,NA,NA,0.8102608868555,-0.0202563898914683,-0.177961823060514,0,0,50
"bivgauss",5e-05,1e+05,"hrv_full","0.1",FALSE,3.91674110524142e-05,-2.63775493949636e-05,NA,NA,NA,0.8102608868555,-0.0202563898914683,-0.177961823060514,0,0,50
"bivgauss",5e-05,1e+05,"hrv_full","0.01",TRUE,5.93188047065488e-05,-3.55896863424057e-05,NA,NA,NA,0.8102608868555,-0.0202563898914683,-0.177961823060514,0,0,50
"bivgauss",5e-05,1e+05,"hrv_interior","0.05",TRUE,4.56615987130342e-05,-2.99356899543785e-05,NA,NA,NA,0.8102608868555,-0.0202563898914683,-0.177961823060514,0,0,10
"bivgauss",5e-05,1e+05,"hrv_interior","0.1",TRUE,3.91674110524142e-05,-2.63775493949636e-05,NA,NA,NA,0.8102608868555,-0.0202563898914683,-0.177961823060514,0,0,10
"bivgauss",5e-05,1e+05,"hrv_interior","0.01",TRUE,5.93188047065488e-05,-3.55896863424057e-05,NA,NA,NA,0.8102608868555,-0.0202563898914683,-0.177961823060514,0,0,10
"bivgauss",5e-05,1e+05,"hrv_full","0.05",FALSE,4.54955353679859e-05,-3.0286198437369e-05,NA,NA,NA,0.77755206828019,-0.088188624189993,-0.0313671083031633,0,0,50
"bivgauss",5e-05,1e+05,"hrv_full","0.1",FALSE,3.89484099507613e-05,-2.68201314546671e-05,NA,NA,NA,0.77755206828019,-0.088188624189993,-0.0313671083031633,0,0,50
"bivgauss",5e-05,1e+05,"hrv_full","0.01",TRUE,6.00460411339934e-05,-3.71337904292772e-05,NA,NA,NA,0.77755206828019,-0.088188624189993,-0.0313671083031633,0,0,50
"bivgauss",5e-05,1e+05,"hrv_interior","0.05",TRUE,4.54955353679859e-05,-3.0286198437369e-05,NA,NA,NA,0.77755206828019,-0.088188624189993,-0.0313671083031633,0,0,10
"bivgauss",5e-05,1e+05,"hrv_interior","0.1",TRUE,3.89484099507613e-05,-2.68201314546671e-05,NA,NA,NA,0.77755206828019,-0.088188624189993,-0.0313671083031633,0,0,10
"bivgauss",5e-05,1e+05,"hrv_interior","0.01",TRUE,6.00460411339934e-05,-3.71337904292772e-05,NA,NA,NA,0.77755206828019,-0.088188624189993,-0.0313671083031633,0,0,10
"bivgauss",5e-05,1e+05,"hrv_full","0.05",TRUE,5.5341321044729e-05,-3.28913571643154e-05,NA,NA,NA,0.812194926720282,-0.0657764256698888,-0.147741856711952,0,0,50
"bivgauss",5e-05,1e+05,"hrv_full","0.1",TRUE,4.55106126966124e-05,-2.89514627752223e-05,NA,NA,NA,0.812194926720282,-0.0657764256698888,-0.147741856711952,0,0,50
"bivgauss",5e-05,1e+05,"hrv_full","0.01",TRUE,7.12745021594993e-05,-3.90977795009488e-05,NA,NA,NA,0.812194926720282,-0.0657764256698888,-0.147741856711952,0,0,50
"bivgauss",5e-05,1e+05,"hrv_interior","0.05",TRUE,5.5341321044729e-05,-3.28913571643154e-05,NA,NA,NA,0.812194926720282,-0.0657764256698888,-0.147741856711952,0,0,10
"bivgauss",5e-05,1e+05,"hrv_interior","0.1",TRUE,4.55106126966124e-05,-2.89514627752223e-05,NA,NA,NA,0.812194926720282,-0.0657764256698888,-0.147741856711952,0,0,10
"bivgauss",5e-05,1e+05,"hrv_interior","0.01",TRUE,7.12745021594993e-05,-3.90977795009488e-05,NA,NA,NA,0.812194926720282,-0.0657764256698888,-0.147741856711952,0,0,10
"bivgauss",5e-05,1e+05,"hrv_full","0.05",FALSE,5.37134246797276e-05,-3.39954890769351e-05,NA,NA,NA,0.844559398316388,-0.140671650287427,-0.113633280428013,0,0,50
"bivgauss",5e-05,1e+05,"hrv_full","0.1",FALSE,4.55830496079866e-05,-2.99539916148086e-05,NA,NA,NA,0.844559398316388,-0.140671650287427,-0.113633280428013,0,0,50
"bivgauss",5e-05,1e+05,"hrv_full","0.01",TRUE,7.29335401460596e-05,-3.91502566087772e-05,NA,NA,NA,0.844559398316388,-0.140671650287427,-0.113633280428013,0,0,50
"bivgauss",5e-05,1e+05,"hrv_interior","0.05",TRUE,5.37134246797276e-05,-3.39954890769351e-05,NA,NA,NA,0.844559398316388,-0.140671650287427,-0.113633280428013,0,0,10
"bivgauss",5e-05,1e+05,"hrv_interior","0.1",TRUE,4.55830496079866e-05,-2.99539916148086e-05,NA,NA,NA,0.844559398316388,-0.140671650287427,-0.113633280428013,0,0,10
"bivgauss",5e-05,1e+05,"hrv_interior","0.01",TRUE,7.29335401460596e-05,-3.91502566087772e-05,NA,NA,NA,0.844559398316388,-0.140671650287427,-0.113633280428013,0,0,10
"bivgauss",5e-05,1e+05,"hrv_full","0.05",TRUE,5.7183240029973e-05,-3.53286136870804e-05,NA,NA,NA,0.836955273767432,-0.0534762022473452,-0.137491641429892,0,0,50
"bivgauss",5e-05,1e+05,"hrv_full","0.1",FALSE,4.85346770743497e-05,-3.13379085117151e-05,NA,NA,NA,0.836955273767432,-0.0534762022473452,-0.137491641429892,0,0,50
"bivgauss",5e-05,1e+05,"hrv_full","0.01",TRUE,7.28010821269067e-05,-4.24467695874875e-05,NA,NA,NA,0.836955273767432,-0.0534762022473452,-0.137491641429892,0,0,50
"bivgauss",5e-05,1e+05,"hrv_interior","0.05",TRUE,5.7183240029973e-05,-3.53286136870804e-05,NA,NA,NA,0.836955273767432,-0.0534762022473452,-0.137491641429892,0,0,10
"bivgauss",5e-05,1e+05,"hrv_interior","0.1",TRUE,4.85346770743497e-05,-3.13379085117151e-05,NA,NA,NA,0.836955273767432,-0.0534762022473452,-0.137491641429892,0,0,10
"bivgauss",5e-05,1e+05,"hrv_interior","0.01",TRUE,7.28010821269067e-05,-4.24467695874875e-05,NA,NA,NA,0.836955273767432,-0.0534762022473452,-0.137491641429892,0,0,10
"bivgauss",5e-05,1e+05,"hrv_full","0.05",FALSE,5.15868199046403e-05,-3.20814403616117e-05,NA,NA,NA,0.853682534342086,-0.185701948513423,-0.043339281818538,0,0,50
"bivgauss",5e-05,1e+05,"hrv_full","0.1",FALSE,4.42576679263638e-05,-2.84750259893651e-05,NA,NA,NA,0.853682534342086,-0.185701948513423,-0.043339281818538,0,0,50
"bivgauss",5e-05,1e+05,"hrv_full","0.01",FALSE,6.94479256839733e-05,-3.90832228037941e-05,NA,NA,NA,0.853682534342086,-0.185701948513423,-0.043339281818538,0,0,50
"bivgauss",5e-05,1e+05,"hrv_interior","0.05",TRUE,5.15868199046403e-05,-3.20814403616117e-05,NA,NA,NA,0.853682534342086,-0.185701948513423,-0.043339281818538,0,0,10
"bivgauss",5e-05,1e+05,"hrv_interior","0.1",TRUE,4.42576679263638e-05,-2.84750259893651e-05,NA,NA,NA,0.853682534342086,-0.185701948513423,-0.043339281818538,0,0,10
"bivgauss",5e-05,1e+05,"hrv_interior","0.01",TRUE,6.94479256839733e-05,-3.90832228037941e-05,NA,NA,NA,0.853682534342086,-0.185701948513423,-0.043339281818538,0,0,10
"bivgauss",5e-05,1e+05,"hrv_full","0.05",FALSE,4.76607793488051e-05,-2.94368289590163e-05,NA,NA,NA,0.7554308920972,-0.182178625758293,-0.100060987167186,0,0,50
"bivgauss",5e-05,1e+05,"hrv_full","0.1",FALSE,3.97165240922994e-05,-2.60274147583269e-05,NA,NA,NA,0.7554308920972,-0.182178625758293,-0.100060987167186,0,0,50
"bivgauss",5e-05,1e+05,"hrv_full","0.01",FALSE,6.31673865945045e-05,-3.54718565892798e-05,NA,NA,NA,0.7554308920972,-0.182178625758293,-0.100060987167186,0,0,50
"bivgauss",5e-05,1e+05,"hrv_interior","0.05",FALSE,4.76607793488051e-05,-2.94368289590163e-05,NA,NA,NA,0.7554308920972,-0.182178625758293,-0.100060987167186,0,0,10
"bivgauss",5e-05,1e+05,"hrv_interior","0.1",FALSE,3.97165240922994e-05,-2.60274147583269e-05,NA,NA,NA,0.7554308920972,-0.182178625758293,-0.100060987167186,0,0,10
"bivgauss",5e-05,1e+05,"hrv_interior","0.01",FALSE,6.31673865945045e-05,-3.54718565892798e-05,NA,NA,NA,0.7554308920972,-0.182178625758293,-0.100060987167186,0,0,10
"bivgauss",5e-05,1e+05,"hrv_full","0.05",FALSE,4.93131352738626e-05,-3.14585665487764e-05,NA,NA,NA,0.842102781274692,-0.127064292500569,-0.118227249535095,0,0,50
"bivgauss",5e-05,1e+05,"hrv_full","0.1",FALSE,4.23038206935869e-05,-2.76812610178749e-05,NA,NA,NA,0.842102781274692,-0.127064292500569,-0.118227249535095,0,0,50
"bivgauss",5e-05,1e+05,"hrv_full","0.01",TRUE,6.63210889981311e-05,-3.67170446477902e-05,NA,NA,NA,0.842102781274692,-0.127064292500569,-0.118227249535095,0,0,50
"bivgauss",5e-05,1e+05,"hrv_interior","0.05",TRUE,4.93131352738626e-05,-3.14585665487764e-05,NA,NA,NA,0.842102781274692,-0.127064292500569,-0.118227249535095,0,0,10
"bivgauss",5e-05,1e+05,"hrv_interior","0.1",TRUE,4.23038206935869e-05,-2.76812610178749e-05,NA,NA,NA,0.842102781274692,-0.127064292500569,-0.118227249535095,0,0,10
"bivgauss",5e-05,1e+05,"hrv_interior","0.01",TRUE,6.63210889981311e-05,-3.67170446477902e-05,NA,NA,NA,0.842102781274692,-0.127064292500569,-0.118227249535095,0,0,10
"bivgauss",5e-05,1e+05,"hrv_full","0.05",FALSE,5.2128956161469e-05,-3.11109655989847e-05,NA,NA,NA,0.769330868911339,0.0676815760634238,-0.0764395626339952,0,0,50
"bivgauss",5e-05,1e+05,"hrv_full","0.1",FALSE,4.43558517102703e-05,-2.73909577139194e-05,NA,NA,NA,0.769330868911339,0.0676815760634238,-0.0764395626339952,0,0,50
"bivgauss",5e-05,1e+05,"hrv_full","0.01",TRUE,6.98107775394635e-05,-3.75862972807738e-05,NA,NA,NA,0.769330868911339,0.0676815760634238,-0.0764395626339952,0,0,50
"bivgauss",5e-05,1e+05,"hrv_interior","0.05",TRUE,5.2128956161469e-05,-3.11109655989847e-05,NA,NA,NA,0.769330868911339,0.0676815760634238,-0.0764395626339952,0,0,10
"bivgauss",5e-05,1e+05,"hrv_interior","0.1",TRUE,4.43558517102703e-05,-2.73909577139194e-05,NA,NA,NA,0.769330868911339,0.0676815760634238,-0.0764395626339952,0,0,10
"bivgauss",5e-05,1e+05,"hrv_interior","0.01",TRUE,6.98107775394635e-05,-3.75862972807738e-05,NA,NA,NA,0.769330868911339,0.0676815760634238,-0.0764395626339952,0,0,10
"bivgauss",5e-05,1e+05,"hrv_full","0.05",FALSE,4.8875276553527e-05,-3.04928018574497e-05,NA,NA,NA,0.816775805547619,-0.138779322742387,-0.0513600212572411,0,0,50
"bivgauss",5e-05,1e+05,"hrv_full","0.1",FALSE,4.16046419505892e-05,-2.72468660478761e-05,NA,NA,NA,0.816775805547619,-0.138779322742387,-0.0513600212572411,0,0,50
"bivgauss",5e-05,1e+05,"hrv_full","0.01",FALSE,6.40760356330043e-05,-3.71355651850457e-05,NA,NA,NA,0.816775805547619,-0.138779322742387,-0.0513600212572411,0,0,50
"bivgauss",5e-05,1e+05,"hrv_interior","0.05",TRUE,4.8875276553527e-05,-3.04928018574497e-05,NA,NA,NA,0.816775805547619,-0.138779322742387,-0.0513600212572411,0,0,10
"bivgauss",5e-05,1e+05,"hrv_interior","0.1",TRUE,4.16046419505892e-05,-2.72468660478761e-05,NA,NA,NA,0.816775805547619,-0.138779322742387,-0.0513600212572411,0,0,10
"bivgauss",5e-05,1e+05,"hrv_interior","0.01",TRUE,6.40760356330043e-05,-3.71355651850457e-05,NA,NA,NA,0.816775805547619,-0.138779322742387,-0.0513600212572411,0,0,10
"bivgauss",5e-05,1e+05,"hrv_full","0.05",TRUE,5.03572903497171e-05,-2.99267313963658e-05,NA,NA,NA,0.828783585682367,-0.106001601937008,-0.0933283603430155,0,0,50
"bivgauss",5e-05,1e+05,"hrv_full","0.1",TRUE,4.1767862696735e-05,-2.67654529041645e-05,NA,NA,NA,0.828783585682367,-0.106001601937008,-0.0933283603430155,0,0,50
"bivgauss",5e-05,1e+05,"hrv_full","0.01",TRUE,6.69863199290051e-05,-3.53011321773527e-05,NA,NA,NA,0.828783585682367,-0.106001601937008,-0.0933283603430155,0,0,50
"bivgauss",5e-05,1e+05,"hrv_interior","0.05",TRUE,5.03572903497171e-05,-2.99267313963658e-05,NA,NA,NA,0.828783585682367,-0.106001601937008,-0.0933283603430155,0,0,10
"bivgauss",5e-05,1e+05,"hrv_interior","0.1",TRUE,4.1767862696735e-05,-2.67654529041645e-05,NA,NA,NA,0.828783585682367,-0.106001601937008,-0.0933283603430155,0,0,10
"bivgauss",5e-05,1e+05,"hrv_interior","0.01",TRUE,6.69863199290051e-05,-3.53011321773527e-05,NA,NA,NA,0.828783585682367,-0.106001601937008,-0.0933283603430155,0,0,10
"bivgauss",5e-05,1e+05,"hrv_full","0.05",FALSE,5.39492915420493e-05,-3.2184117734094e-05,NA,NA,NA,0.815107675730424,-0.067790106176163,-0.102769300687548,0,0,50
"bivgauss",5e-05,1e+05,"hrv_full","0.1",FALSE,4.61971721775086e-05,-2.86081333257192e-05,NA,NA,NA,0.815107675730424,-0.067790106176163,-0.102769300687548,0,0,50
"bivgauss",5e-05,1e+05,"hrv_full","0.01",TRUE,7.54816957751152e-05,-3.87975670927725e-05,NA,NA,NA,0.815107675730424,-0.067790106176163,-0.102769300687548,0,0,50
"bivgauss",5e-05,1e+05,"hrv_interior","0.05",TRUE,5.39492915420493e-05,-3.2184117734094e-05,NA,NA,NA,0.815107675730424,-0.067790106176163,-0.102769300687548,0,0,10
"bivgauss",5e-05,1e+05,"hrv_interior","0.1",TRUE,4.61971721775086e-05,-2.86081333257192e-05,NA,NA,NA,0.815107675730424,-0.067790106176163,-0.102769300687548,0,0,10
"bivgauss",5e-05,1e+05,"hrv_interior","0.01",TRUE,7.54816957751152e-05,-3.87975670927725e-05,NA,NA,NA,0.815107675730424,-0.067790106176163,-0.102769300687548,0,0,10
"bivgauss",5e-05,1e+05,"hrv_full","0.05",FALSE,4.89039013043417e-05,-3.18573698576659e-05,NA,NA,NA,0.83505215814338,-0.124069587633587,-0.175759075163434,0,0,50
"bivgauss",5e-05,1e+05,"hrv_full","0.1",FALSE,4.13337312842329e-05,-2.80165550100993e-05,NA,NA,NA,0.83505215814338,-0.124069587633587,-0.175759075163434,0,0,50
"bivgauss",5e-05,1e+05,"hrv_full","0.01",TRUE,6.37926964838099e-05,-3.78407172983577e-05,NA,NA,NA,0.83505215814338,-0.124069587633587,-0.175759075163434,0,0,50
"bivgauss",5e-05,1e+05,"hrv_interior","0.05",TRUE,4.89039013043417e-05,-3.18573698576659e-05,NA,NA,NA,0.83505215814338,-0.124069587633587,-0.175759075163434,0,0,10
"bivgauss",5e-05,1e+05,"hrv_interior","0.1",TRUE,4.13337312842329e-05,-2.80165550100993e-05,NA,NA,NA,0.83505215814338,-0.124069587633587,-0.175759075163434,0,0,10
"bivgauss",5e-05,1e+05,"hrv_interior","0.01",TRUE,6.37926964838099e-05,-3.78407172983577e-05,NA,NA,NA,0.83505215814338,-0.124069587633587,-0.175759075163434,0,0,10
"bivgauss",5e-05,1e+05,"hrv_full","0.05",FALSE,5.01161020201078e-05,-3.11762218789098e-05,NA,NA,NA,0.855566725860598,-0.131672307393966,-0.0721384641113582,0,0,50
"bivgauss",5e-05,1e+05,"hrv_full","0.1",FALSE,4.24996127088707e-05,-2.78766909538096e-05,NA,NA,NA,0.855566725860598,-0.131672307393966,-0.0721384641113582,0,0,50
"bivgauss",5e-05,1e+05,"hrv_full","0.01",FALSE,6.27832373998319e-05,-3.65079137458226e-05,NA,NA,NA,0.855566725860598,-0.131672307393966,-0.0721384641113582,0,0,50
"bivgauss",5e-05,1e+05,"hrv_interior","0.05",TRUE,5.01161020201078e-05,-3.11762218789098e-05,NA,NA,NA,0.855566725860598,-0.131672307393966,-0.0721384641113582,0,0,10
"bivgauss",5e-05,1e+05,"hrv_interior","0.1",TRUE,4.24996127088707e-05,-2.78766909538096e-05,NA,NA,NA,0.855566725860598,-0.131672307393966,-0.0721384641113582,0,0,10
"bivgauss",5e-05,1e+05,"hrv_interior","0.01",TRUE,6.27832373998319e-05,-3.65079137458226e-05,NA,NA,NA,0.855566725860598,-0.131672307393966,-0.0721384641113582,0,0,10
"bivgauss",5e-05,1e+05,"hrv_full","0.05",FALSE,4.90653688991194e-05,-2.99727063640338e-05,NA,NA,NA,0.82694238957321,-0.138201916507564,-0.137467496311936,0,0,50
"bivgauss",5e-05,1e+05,"hrv_full","0.1",FALSE,4.11626617242142e-05,-2.65878467843945e-05,NA,NA,NA,0.82694238957321,-0.138201916507564,-0.137467496311936,0,0,50
"bivgauss",5e-05,1e+05,"hrv_full","0.01",FALSE,6.63750479319451e-05,-3.64512749074273e-05,NA,NA,NA,0.82694238957321,-0.138201916507564,-0.137467496311936,0,0,50
"bivgauss",5e-05,1e+05,"hrv_interior","0.05",TRUE,4.90653688991194e-05,-2.99727063640338e-05,NA,NA,NA,0.82694238957321,-0.138201916507564,-0.137467496311936,0,0,10
"bivgauss",5e-05,1e+05,"hrv_interior","0.1",TRUE,4.11626617242142e-05,-2.65878467843945e-05,NA,NA,NA,0.82694238957321,-0.138201916507564,-0.137467496311936,0,0,10
"bivgauss",5e-05,1e+05,"hrv_interior","0.01",TRUE,6.63750479319451e-05,-3.64512749074273e-05,NA,NA,NA,0.82694238957321,-0.138201916507564,-0.137467496311936,0,0,10
"bivgauss",5e-05,1e+05,"hrv_full","0.05",TRUE,5.0509601397313e-05,-3.3077359855964e-05,NA,NA,NA,0.82438989194,-0.136389228612276,-0.0748870114859874,0,0,50
"bivgauss",5e-05,1e+05,"hrv_full","0.1",FALSE,4.40771933546117e-05,-2.89044695958539e-05,NA,NA,NA,0.82438989194,-0.136389228612276,-0.0748870114859874,0,0,50
"bivgauss",5e-05,1e+05,"hrv_full","0.01",TRUE,6.78099971077469e-05,-3.95574185863679e-05,NA,NA,NA,0.82438989194,-0.136389228612276,-0.0748870114859874,0,0,50
"bivgauss",5e-05,1e+05,"hrv_interior","0.05",TRUE,5.0509601397313e-05,-3.3077359855964e-05,NA,NA,NA,0.82438989194,-0.136389228612276,-0.0748870114859874,0,0,10
"bivgauss",5e-05,1e+05,"hrv_interior","0.1",TRUE,4.40771933546117e-05,-2.89044695958539e-05,NA,NA,NA,0.82438989194,-0.136389228612276,-0.0748870114859874,0,0,10
"bivgauss",5e-05,1e+05,"hrv_interior","0.01",TRUE,6.78099971077469e-05,-3.95574185863679e-05,NA,NA,NA,0.82438989194,-0.136389228612276,-0.0748870114859874,0,0,10
"bivgauss",5e-05,1e+05,"hrv_full","0.05",FALSE,5.64309444978884e-05,-3.24725932069368e-05,NA,NA,NA,0.818127059447496,0.032822155428332,-0.153398009757918,0,0,50
"bivgauss",5e-05,1e+05,"hrv_full","0.1",FALSE,4.63472361644243e-05,-2.89657851114873e-05,NA,NA,NA,0.818127059447496,0.032822155428332,-0.153398009757918,0,0,50
"bivgauss",5e-05,1e+05,"hrv_full","0.01",TRUE,7.10330118001447e-05,-3.86016863983524e-05,NA,NA,NA,0.818127059447496,0.032822155428332,-0.153398009757918,0,0,50
"bivgauss",5e-05,1e+05,"hrv_interior","0.05",TRUE,5.64309444978884e-05,-3.24725932069368e-05,NA,NA,NA,0.818127059447496,0.032822155428332,-0.153398009757918,0,0,10
"bivgauss",5e-05,1e+05,"hrv_interior","0.1",TRUE,4.63472361644243e-05,-2.89657851114873e-05,NA,NA,NA,0.818127059447496,0.032822155428332,-0.153398009757918,0,0,10
"bivgauss",5e-05,1e+05,"hrv_interior","0.01",TRUE,7.10330118001447e-05,-3.86016863983524e-05,NA,NA,NA,0.818127059447496,0.032822155428332,-0.153398009757918,0,0,10
"bivgauss",5e-05,1e+05,"hrv_full","0.05",FALSE,5.19253602584163e-05,-3.10407762877578e-05,NA,NA,NA,0.843478898973904,-0.106404770530972,-0.161039489455667,0,0,50
"bivgauss",5e-05,1e+05,"hrv_full","0.1",FALSE,4.27568093552523e-05,-2.77997543921148e-05,NA,NA,NA,0.843478898973904,-0.106404770530972,-0.161039489455667,0,0,50
"bivgauss",5e-05,1e+05,"hrv_full","0.01",TRUE,6.67614558911759e-05,-3.72797276427309e-05,NA,NA,NA,0.843478898973904,-0.106404770530972,-0.161039489455667,0,0,50
"bivgauss",5e-05,1e+05,"hrv_interior","0.05",TRUE,5.19253602584163e-05,-3.10407762877578e-05,NA,NA,NA,0.843478898973904,-0.106404770530972,-0.161039489455667,0,0,10
"bivgauss",5e-05,1e+05,"hrv_interior","0.1",TRUE,4.27568093552523e-05,-2.77997543921148e-05,NA,NA,NA,0.843478898973904,-0.106404770530972,-0.161039489455667,0,0,10
"bivgauss",5e-05,1e+05,"hrv_interior","0.01",TRUE,6.67614558911759e-05,-3.72797276427309e-05,NA,NA,NA,0.843478898973904,-0.106404770530972,-0.161039489455667,0,0,10
"bivgauss",5e-05,1e+05,"hrv_full","0.05",FALSE,4.91173202097041e-05,-2.98091112501865e-05,NA,NA,NA,0.7880032319022,-0.0768542043162845,-0.0972524433133239,0,0,50
"bivgauss",5e-05,1e+05,"hrv_full","0.1",FALSE,4.17182338771783e-05,-2.71279168882162e-05,NA,NA,NA,0.7880032319022,-0.0768542043162845,-0.0972524433133239,0,0,50
"bivgauss",5e-05,1e+05,"hrv_full","0.01",FALSE,6.34711762191035e-05,-3.60943983347141e-05,NA,NA,NA,0.7880032319022,-0.0768542043162845,-0.0972524433133239,0,0,50
"bivgauss",5e-05,1e+05,"hrv_interior","0.05",TRUE,4.91173202097041e-05,-2.98091112501865e-05,NA,NA,NA,0.7880032319022,-0.0768542043162845,-0.0972524433133239,0,0,10
"bivgauss",5e-05,1e+05,"hrv_interior","0.1",TRUE,4.17182338771783e-05,-2.71279168882162e-05,NA,NA,NA,0.7880032319022,-0.0768542043162845,-0.0972524433133239,0,0,10
"bivgauss",5e-05,1e+05,"hrv_interior","0.01",TRUE,6.34711762191035e-05,-3.60943983347141e-05,NA,NA,NA,0.7880032319022,-0.0768542043162845,-0.0972524433133239,0,0,10
"bivgauss",5e-05,1e+05,"hrv_full","0.05",FALSE,4.70917250803297e-05,-2.94489207150233e-05,NA,NA,NA,0.776516888856256,-0.148529953159778,-0.203544719730573,0,0,50
"bivgauss",5e-05,1e+05,"hrv_full","0.1",FALSE,4.00504788955704e-05,-2.62903747622782e-05,NA,NA,NA,0.776516888856256,-0.148529953159778,-0.203544719730573,0,0,50
"bivgauss",5e-05,1e+05,"hrv_full","0.01",FALSE,6.21723959208741e-05,-3.51833852974884e-05,NA,NA,NA,0.776516888856256,-0.148529953159778,-0.203544719730573,0,0,50
"bivgauss",5e-05,1e+05,"hrv_interior","0.05",FALSE,4.70917250803297e-05,-2.94489207150233e-05,NA,NA,NA,0.776516888856256,-0.148529953159778,-0.203544719730573,0,0,10
"bivgauss",5e-05,1e+05,"hrv_interior","0.1",FALSE,4.00504788955704e-05,-2.62903747622782e-05,NA,NA,NA,0.776516888856256,-0.148529953159778,-0.203544719730573,0,0,10
"bivgauss",5e-05,1e+05,"hrv_interior","0.01",TRUE,6.21723959208741e-05,-3.51833852974884e-05,NA,NA,NA,0.776516888856256,-0.148529953159778,-0.203544719730573,0,0,10
"bivgauss",5e-05,1e+05,"hrv_full","0.05",FALSE,4.74094463896392e-05,-2.86995978939444e-05,NA,NA,NA,0.733832032922304,-0.204551325618273,0.0191330800984158,0,0,50
"bivgauss",5e-05,1e+05,"hrv_full","0.1",FALSE,4.07906158296425e-05,-2.53177423971303e-05,NA,NA,NA,0.733832032922304,-0.204551325618273,0.0191330800984158,0,0,50
"bivgauss",5e-05,1e+05,"hrv_full","0.01",FALSE,6.24819049853912e-05,-3.39104049873473e-05,NA,NA,NA,0.733832032922304,-0.204551325618273,0.0191330800984158,0,0,50
"bivgauss",5e-05,1e+05,"hrv_interior","0.05",FALSE,4.74094463896392e-05,-2.86995978939444e-05,NA,NA,NA,0.733832032922304,-0.204551325618273,0.0191330800984158,0,0,10
"bivgauss",5e-05,1e+05,"hrv_interior","0.1",FALSE,4.07906158296425e-05,-2.53177423971303e-05,NA,NA,NA,0.733832032922304,-0.204551325618273,0.0191330800984158,0,0,10
"bivgauss",5e-05,1e+05,"hrv_interior","0.01",FALSE,6.24819049853912e-05,-3.39104049873473e-05,NA,NA,NA,0.733832032922304,-0.204551325618273,0.0191330800984158,0,0,10
"bivgauss",5e-05,1e+05,"hrv_full","0.05",FALSE,5.21820416533127e-05,-3.4768245761296e-05,NA,NA,NA,0.802353570408112,-0.126730802874259,-0.113969090158108,0,0,50
"bivgauss",5e-05,1e+05,"hrv_full","0.1",FALSE,4.39746898499161e-05,-3.06993466872644e-05,NA,NA,NA,0.802353570408112,-0.126730802874259,-0.113969090158108,0,0,50
"bivgauss",5e-05,1e+05,"hrv_full","0.01",TRUE,6.43577659157961e-05,-4.26328370814455e-05,NA,NA,NA,0.802353570408112,-0.126730802874259,-0.113969090158108,0,0,50
"bivgauss",5e-05,1e+05,"hrv_interior","0.05",TRUE,5.21820416533127e-05,-3.4768245761296e-05,NA,NA,NA,0.802353570408112,-0.126730802874259,-0.113969090158108,0,0,10
"bivgauss",5e-05,1e+05,"hrv_interior","0.1",TRUE,4.39746898499161e-05,-3.06993466872644e-05,NA,NA,NA,0.802353570408112,-0.126730802874259,-0.113969090158108,0,0,10
"bivgauss",5e-05,1e+05,"hrv_interior","0.01",TRUE,6.43577659157961e-05,-4.26328370814455e-05,NA,NA,NA,0.802353570408112,-0.126730802874259,-0.113969090158108,0,0,10
"bivgauss",5e-05,1e+05,"hrv_full","0.05",FALSE,5.51037853233122e-05,-3.34222708473536e-05,NA,NA,NA,0.797282429566166,-0.129309286748905,-0.0441598455811945,0,0,50
"bivgauss",5e-05,1e+05,"hrv_full","0.1",FALSE,4.69605266477477e-05,-3.01225419504336e-05,NA,NA,NA,0.797282429566166,-0.129309286748905,-0.0441598455811945,0,0,50
"bivgauss",5e-05,1e+05,"hrv_full","0.01",FALSE,6.96712980412168e-05,-4.00504992120017e-05,NA,NA,NA,0.797282429566166,-0.129309286748905,-0.0441598455811945,0,0,50
"bivgauss",5e-05,1e+05,"hrv_interior","0.05",TRUE,5.51037853233122e-05,-3.34222708473536e-05,NA,NA,NA,0.797282429566166,-0.129309286748905,-0.0441598455811945,0,0,10
"bivgauss",5e-05,1e+05,"hrv_interior","0.1",TRUE,4.69605266477477e-05,-3.01225419504336e-05,NA,NA,NA,0.797282429566166,-0.129309286748905,-0.0441598455811945,0,0,10
"bivgauss",5e-05,1e+05,"hrv_interior","0.01",TRUE,6.96712980412168e-05,-4.00504992120017e-05,NA,NA,NA,0.797282429566166,-0.129309286748905,-0.0441598455811945,0,0,10
"bivgauss",5e-05,1e+05,"hrv_full","0.05",FALSE,4.78263218070358e-05,-3.04765712523198e-05,NA,NA,NA,0.832989039144201,-0.122232388312209,-0.151751096432023,0,0,50
"bivgauss",5e-05,1e+05,"hrv_full","0.1",FALSE,4.05509949610659e-05,-2.70273026591397e-05,NA,NA,NA,0.832989039144201,-0.122232388312209,-0.151751096432023,0,0,50
"bivgauss",5e-05,1e+05,"hrv_full","0.01",TRUE,6.09774580786843e-05,-3.74189594757098e-05,NA,NA,NA,0.832989039144201,-0.122232388312209,-0.151751096432023,0,0,50
"bivgauss",5e-05,1e+05,"hrv_interior","0.05",TRUE,4.78263218070358e-05,-3.04765712523198e-05,NA,NA,NA,0.832989039144201,-0.122232388312209,-0.151751096432023,0,0,10
"bivgauss",5e-05,1e+05,"hrv_interior","0.1",TRUE,4.05509949610659e-05,-2.70273026591397e-05,NA,NA,NA,0.832989039144201,-0.122232388312209,-0.151751096432023,0,0,10
"bivgauss",5e-05,1e+05,"hrv_interior","0.01",TRUE,6.09774580786843e-05,-3.74189594757098e-05,NA,NA,NA,0.832989039144201,-0.122232388312209,-0.151751096432023,0,0,10
"bivgauss",5e-05,1e+05,"hrv_full","0.05",TRUE,5.28430145597331e-05,-3.12683948603925e-05,NA,NA,NA,0.789329171315199,-0.0615320013841372,-0.0629290513203603,0,0,50
"bivgauss",5e-05,1e+05,"hrv_full","0.1",FALSE,4.48500724026165e-05,-2.79128029974177e-05,NA,NA,NA,0.789329171315199,-0.0615320013841372,-0.0629290513203603,0,0,50
"bivgauss",5e-05,1e+05,"hrv_full","0.01",TRUE,7.2345211359628e-05,-3.5992298071835e-05,NA,NA,NA,0.789329171315199,-0.0615320013841372,-0.0629290513203603,0,0,50
"bivgauss",5e-05,1e+05,"hrv_interior","0.05",TRUE,5.28430145597331e-05,-3.12683948603925e-05,NA,NA,NA,0.789329171315199,-0.0615320013841372,-0.0629290513203603,0,0,10
"bivgauss",5e-05,1e+05,"hrv_interior","0.1",TRUE,4.48500724026165e-05,-2.79128029974177e-05,NA,NA,NA,0.789329171315199,-0.0615320013841372,-0.0629290513203603,0,0,10
"bivgauss",5e-05,1e+05,"hrv_interior","0.01",TRUE,7.2345211359628e-05,-3.5992298071835e-05,NA,NA,NA,0.789329171315199,-0.0615320013841372,-0.0629290513203603,0,0,10
"bivgauss",5e-05,1e+05,"hrv_full","0.05",TRUE,5.60676650464199e-05,-3.26780026310396e-05,NA,NA,NA,0.856899230684981,-0.0810742073136065,-0.0670207450916031,0,0,50
"bivgauss",5e-05,1e+05,"hrv_full","0.1",TRUE,4.77879450571985e-05,-2.89206534501206e-05,NA,NA,NA,0.856899230684981,-0.0810742073136065,-0.0670207450916031,0,0,50
"bivgauss",5e-05,1e+05,"hrv_full","0.01",TRUE,7.34346651847698e-05,-3.7741462902902e-05,NA,NA,NA,0.856899230684981,-0.0810742073136065,-0.0670207450916031,0,0,50
"bivgauss",5e-05,1e+05,"hrv_interior","0.05",TRUE,5.60676650464199e-05,-3.26780026310396e-05,NA,NA,NA,0.856899230684981,-0.0810742073136065,-0.0670207450916031,0,0,10
"bivgauss",5e-05,1e+05,"hrv_interior","0.1",TRUE,4.77879450571985e-05,-2.89206534501206e-05,NA,NA,NA,0.856899230684981,-0.0810742073136065,-0.0670207450916031,0,0,10
"bivgauss",5e-05,1e+05,"hrv_interior","0.01",TRUE,7.34346651847698e-05,-3.7741462902902e-05,NA,NA,NA,0.856899230684981,-0.0810742073136065,-0.0670207450916031,0,0,10
"bivgauss",5e-05,1e+05,"hrv_full","0.05",FALSE,4.9237566681959e-05,-3.04682853702047e-05,NA,NA,NA,0.825041889738209,-0.036270242818308,-0.0822982220675025,0,0,50
"bivgauss",5e-05,1e+05,"hrv_full","0.1",FALSE,4.19974274029438e-05,-2.70203964093485e-05,NA,NA,NA,0.825041889738209,-0.036270242818308,-0.0822982220675025,0,0,50
"bivgauss",5e-05,1e+05,"hrv_full","0.01",TRUE,6.49809778405703e-05,-3.58428308626617e-05,NA,NA,NA,0.825041889738209,-0.036270242818308,-0.0822982220675025,0,0,50
"bivgauss",5e-05,1e+05,"hrv_interior","0.05",TRUE,4.9237566681959e-05,-3.04682853702047e-05,NA,NA,NA,0.825041889738209,-0.036270242818308,-0.0822982220675025,0,0,10
"bivgauss",5e-05,1e+05,"hrv_interior","0.1",TRUE,4.19974274029438e-05,-2.70203964093485e-05,NA,NA,NA,0.825041889738209,-0.036270242818308,-0.0822982220675025,0,0,10
"bivgauss",5e-05,1e+05,"hrv_interior","0.01",TRUE,6.49809778405703e-05,-3.58428308626617e-05,NA,NA,NA,0.825041889738209,-0.036270242818308,-0.0822982220675025,0,0,10
"bivgauss",5e-05,1e+05,"hrv_full","0.05",FALSE,5.0865887496658e-05,-3.08361835568008e-05,NA,NA,NA,0.776328248955943,-0.106864910283262,-0.0989706694438341,0,0,50
"bivgauss",5e-05,1e+05,"hrv_full","0.1",FALSE,4.31572881163104e-05,-2.69942684965226e-05,NA,NA,NA,0.776328248955943,-0.106864910283262,-0.0989706694438341,0,0,50
"bivgauss",5e-05,1e+05,"hrv_full","0.01",FALSE,6.49348674207401e-05,-3.65436696646717e-05,NA,NA,NA,0.776328248955943,-0.106864910283262,-0.0989706694438341,0,0,50
"bivgauss",5e-05,1e+05,"hrv_interior","0.05",TRUE,5.0865887496658e-05,-3.08361835568008e-05,NA,NA,NA,0.776328248955943,-0.106864910283262,-0.0989706694438341,0,0,10
"bivgauss",5e-05,1e+05,"hrv_interior","0.1",TRUE,4.31572881163104e-05,-2.69942684965226e-05,NA,NA,NA,0.776328248955943,-0.106864910283262,-0.0989706694438341,0,0,10
"bivgauss",5e-05,1e+05,"hrv_interior","0.01",TRUE,6.49348674207401e-05,-3.65436696646717e-05,NA,NA,NA,0.776328248955943,-0.106864910283262,-0.0989706694438341,0,0,10
"bivgauss",5e-05,1e+05,"hrv_full","0.05",FALSE,4.43569537144119e-05,-2.87140327670226e-05,NA,NA,NA,0.787108146959045,-0.159218666029634,-0.0846748558239588,0,0,50
"bivgauss",5e-05,1e+05,"hrv_full","0.1",FALSE,3.8195878244255e-05,-2.55967388357844e-05,NA,NA,NA,0.787108146959045,-0.159218666029634,-0.0846748558239588,0,0,50
"bivgauss",5e-05,1e+05,"hrv_full","0.01",FALSE,5.62328627012705e-05,-3.50384223331138e-05,NA,NA,NA,0.787108146959045,-0.159218666029634,-0.0846748558239588,0,0,50
"bivgauss",5e-05,1e+05,"hrv_interior","0.05",TRUE,4.43569537144119e-05,-2.87140327670226e-05,NA,NA,NA,0.787108146959045,-0.159218666029634,-0.0846748558239588,0,0,10
"bivgauss",5e-05,1e+05,"hrv_interior","0.1",FALSE,3.8195878244255e-05,-2.55967388357844e-05,NA,NA,NA,0.787108146959045,-0.159218666029634,-0.0846748558239588,0,0,10
"bivgauss",5e-05,1e+05,"hrv_interior","0.01",TRUE,5.62328627012705e-05,-3.50384223331138e-05,NA,NA,NA,0.787108146959045,-0.159218666029634,-0.0846748558239588,0,0,10
"bivgauss",5e-05,1e+05,"hrv_full","0.05",FALSE,4.44696865793812e-05,-2.73729483308431e-05,NA,NA,NA,0.755263061307007,-0.0445690150336646,0.0281466790904964,0,0,50
"bivgauss",5e-05,1e+05,"hrv_full","0.1",FALSE,3.82022240881908e-05,-2.45840470803495e-05,NA,NA,NA,0.755263061307007,-0.0445690150336646,0.0281466790904964,0,0,50
"bivgauss",5e-05,1e+05,"hrv_full","0.01",FALSE,5.87244736436706e-05,-3.27462851692951e-05,NA,NA,NA,0.755263061307007,-0.0445690150336646,0.0281466790904964,0,0,50
"bivgauss",5e-05,1e+05,"hrv_interior","0.05",TRUE,4.44696865793812e-05,-2.73729483308431e-05,NA,NA,NA,0.755263061307007,-0.0445690150336646,0.0281466790904964,0,0,10
"bivgauss",5e-05,1e+05,"hrv_interior","0.1",TRUE,3.82022240881908e-05,-2.45840470803495e-05,NA,NA,NA,0.755263061307007,-0.0445690150336646,0.0281466790904964,0,0,10
"bivgauss",5e-05,1e+05,"hrv_interior","0.01",TRUE,5.87244736436706e-05,-3.27462851692951e-05,NA,NA,NA,0.755263061307007,-0.0445690150336646,0.0281466790904964,0,0,10
"bivgauss",5e-05,1e+05,"hrv_full","0.05",FALSE,5.14907315422157e-05,-3.08746521702107e-05,NA,NA,NA,0.778635531193195,-0.1013112380385,0.0810367665474715,0,0,50
"bivgauss",5e-05,1e+05,"hrv_full","0.1",FALSE,4.40972599254889e-05,-2.7408468122981e-05,NA,NA,NA,0.778635531193195,-0.1013112380385,0.0810367665474715,0,0,50
"bivgauss",5e-05,1e+05,"hrv_full","0.01",TRUE,6.89129257400635e-05,-3.61812865792784e-05,NA,NA,NA,0.778635531193195,-0.1013112380385,0.0810367665474715,0,0,50
"bivgauss",5e-05,1e+05,"hrv_interior","0.05",TRUE,5.14907315422157e-05,-3.08746521702107e-05,NA,NA,NA,0.778635531193195,-0.1013112380385,0.0810367665474715,0,0,10
"bivgauss",5e-05,1e+05,"hrv_interior","0.1",TRUE,4.40972599254889e-05,-2.7408468122981e-05,NA,NA,NA,0.778635531193195,-0.1013112380385,0.0810367665474715,0,0,10
"bivgauss",5e-05,1e+05,"hrv_interior","0.01",TRUE,6.89129257400635e-05,-3.61812865792784e-05,NA,NA,NA,0.778635531193195,-0.1013112380385,0.0810367665474715,0,0,10
"bivgauss",5e-05,1e+05,"hrv_full","0.05",FALSE,5.09928752373167e-05,-3.11122280735192e-05,NA,NA,NA,0.794029560522954,-0.139833503159882,-0.0227344271270129,0,0,50
"bivgauss",5e-05,1e+05,"hrv_full","0.1",FALSE,4.36908032844343e-05,-2.75995616149012e-05,NA,NA,NA,0.794029560522954,-0.139833503159882,-0.0227344271270129,0,0,50
"bivgauss",5e-05,1e+05,"hrv_full","0.01",FALSE,6.72871728759445e-05,-3.6514241740478e-05,NA,NA,NA,0.794029560522954,-0.139833503159882,-0.0227344271270129,0,0,50
"bivgauss",5e-05,1e+05,"hrv_interior","0.05",TRUE,5.09928752373167e-05,-3.11122280735192e-05,NA,NA,NA,0.794029560522954,-0.139833503159882,-0.0227344271270129,0,0,10
"bivgauss",5e-05,1e+05,"hrv_interior","0.1",TRUE,4.36908032844343e-05,-2.75995616149012e-05,NA,NA,NA,0.794029560522954,-0.139833503159882,-0.0227344271270129,0,0,10
"bivgauss",5e-05,1e+05,"hrv_interior","0.01",TRUE,6.72871728759445e-05,-3.6514241740478e-05,NA,NA,NA,0.794029560522954,-0.139833503159882,-0.0227344271270129,0,0,10
"bivgauss",5e-05,1e+05,"hrv_full","0.05",FALSE,4.90363045399909e-05,-3.03432940184783e-05,NA,NA,NA,0.775377170583607,0.101972208206376,-0.0781308266029606,0,0,50
"bivgauss",5e-05,1e+05,"hrv_full","0.1",FALSE,4.13714150006278e-05,-2.65399807347999e-05,NA,NA,NA,0.775377170583607,0.101972208206376,-0.0781308266029606,0,0,50
"bivgauss",5e-05,1e+05,"hrv_full","0.01",TRUE,6.65189896352567e-05,-3.55901484116607e-05,NA,NA,NA,0.775377170583607,0.101972208206376,-0.0781308266029606,0,0,50
"bivgauss",5e-05,1e+05,"hrv_interior","0.05",TRUE,4.90363045399909e-05,-3.03432940184783e-05,NA,NA,NA,0.775377170583607,0.101972208206376,-0.0781308266029606,0,0,10
"bivgauss",5e-05,1e+05,"hrv_interior","0.1",TRUE,4.13714150006278e-05,-2.65399807347999e-05,NA,NA,NA,0.775377170583607,0.101972208206376,-0.0781308266029606,0,0,10
"bivgauss",5e-05,1e+05,"hrv_interior","0.01",TRUE,6.65189896352567e-05,-3.55901484116607e-05,NA,NA,NA,0.775377170583607,0.101972208206376,-0.0781308266029606,0,0,10
"bivgauss",5e-05,1e+05,"hrv_full","0.05",FALSE,4.75610404133836e-05,-2.94010446309512e-05,NA,NA,NA,0.775810154370229,-0.130989767903527,-0.181428365939161,0,0,50
"bivgauss",5e-05,1e+05,"hrv_full","0.1",FALSE,3.99568015480922e-05,-2.59675388178165e-05,NA,NA,NA,0.775810154370229,-0.130989767903527,-0.181428365939161,0,0,50
"bivgauss",5e-05,1e+05,"hrv_full","0.01",FALSE,6.08986813428781e-05,-3.58292354429206e-05,NA,NA,NA,0.775810154370229,-0.130989767903527,-0.181428365939161,0,0,50
"bivgauss",5e-05,1e+05,"hrv_interior","0.05",FALSE,4.75610404133836e-05,-2.94010446309512e-05,NA,NA,NA,0.775810154370229,-0.130989767903527,-0.181428365939161,0,0,10
"bivgauss",5e-05,1e+05,"hrv_interior","0.1",FALSE,3.99568015480922e-05,-2.59675388178165e-05,NA,NA,NA,0.775810154370229,-0.130989767903527,-0.181428365939161,0,0,10
"bivgauss",5e-05,1e+05,"hrv_interior","0.01",FALSE,6.08986813428781e-05,-3.58292354429206e-05,NA,NA,NA,0.775810154370229,-0.130989767903527,-0.181428365939161,0,0,10
"bivgauss",5e-05,1e+05,"hrv_full","0.05",FALSE,5.2106285015309e-05,-3.19056020668063e-05,NA,NA,NA,0.820867947939393,-0.103186898098447,-0.037205341770367,0,0,50
"bivgauss",5e-05,1e+05,"hrv_full","0.1",FALSE,4.39379996052138e-05,-2.82795850767106e-05,NA,NA,NA,0.820867947939393,-0.103186898098447,-0.037205341770367,0,0,50
"bivgauss",5e-05,1e+05,"hrv_full","0.01",TRUE,6.88683214824241e-05,-3.78364808931945e-05,NA,NA,NA,0.820867947939393,-0.103186898098447,-0.037205341770367,0,0,50
"bivgauss",5e-05,1e+05,"hrv_interior","0.05",TRUE,5.2106285015309e-05,-3.19056020668063e-05,NA,NA,NA,0.820867947939393,-0.103186898098447,-0.037205341770367,0,0,10
"bivgauss",5e-05,1e+05,"hrv_interior","0.1",TRUE,4.39379996052138e-05,-2.82795850767106e-05,NA,NA,NA,0.820867947939393,-0.103186898098447,-0.037205341770367,0,0,10
"bivgauss",5e-05,1e+05,"hrv_interior","0.01",TRUE,6.88683214824241e-05,-3.78364808931945e-05,NA,NA,NA,0.820867947939393,-0.103186898098447,-0.037205341770367,0,0,10
"bivgauss",5e-05,1e+05,"hrv_full","0.05",TRUE,5.51934151077076e-05,-3.30378378194343e-05,NA,NA,NA,0.902059387337995,-0.148347535635755,-0.0174656364123583,0,0,50
"bivgauss",5e-05,1e+05,"hrv_full","0.1",TRUE,4.65836673185669e-05,-2.88745165973744e-05,NA,NA,NA,0.902059387337995,-0.148347535635755,-0.0174656364123583,0,0,50
"bivgauss",5e-05,1e+05,"hrv_full","0.01",TRUE,7.17118273111836e-05,-4.01905207947079e-05,NA,NA,NA,0.902059387337995,-0.148347535635755,-0.0174656364123583,0,0,50
"bivgauss",5e-05,1e+05,"hrv_interior","0.05",TRUE,5.51934151077076e-05,-3.30378378194343e-05,NA,NA,NA,0.902059387337995,-0.148347535635755,-0.0174656364123583,0,0,10
"bivgauss",5e-05,1e+05,"hrv_interior","0.1",TRUE,4.65836673185669e-05,-2.88745165973744e-05,NA,NA,NA,0.902059387337995,-0.148347535635755,-0.0174656364123583,0,0,10
"bivgauss",5e-05,1e+05,"hrv_interior","0.01",TRUE,7.17118273111836e-05,-4.01905207947079e-05,NA,NA,NA,0.902059387337995,-0.148347535635755,-0.0174656364123583,0,0,10
"bivgauss",5e-05,1e+05,"hrv_full","0.05",FALSE,4.81489921112034e-05,-3.00872161829086e-05,NA,NA,NA,0.831667878614626,-0.133252851020513,-0.0902777983271895,0,0,50
"bivgauss",5e-05,1e+05,"hrv_full","0.1",FALSE,4.08916297198272e-05,-2.64577376970959e-05,NA,NA,NA,0.831667878614626,-0.133252851020513,-0.0902777983271895,0,0,50
"bivgauss",5e-05,1e+05,"hrv_full","0.01",FALSE,6.34137745741161e-05,-3.54523071272298e-05,NA,NA,NA,0.831667878614626,-0.133252851020513,-0.0902777983271895,0,0,50
"bivgauss",5e-05,1e+05,"hrv_interior","0.05",TRUE,4.81489921112034e-05,-3.00872161829086e-05,NA,NA,NA,0.831667878614626,-0.133252851020513,-0.0902777983271895,0,0,10
"bivgauss",5e-05,1e+05,"hrv_interior","0.1",TRUE,4.08916297198272e-05,-2.64577376970959e-05,NA,NA,NA,0.831667878614626,-0.133252851020513,-0.0902777983271895,0,0,10
"bivgauss",5e-05,1e+05,"hrv_interior","0.01",TRUE,6.34137745741161e-05,-3.54523071272298e-05,NA,NA,NA,0.831667878614626,-0.133252851020513,-0.0902777983271895,0,0,10
"bivgauss",5e-05,1e+05,"hrv_full","0.05",FALSE,4.85660004530045e-05,-2.97794297445602e-05,NA,NA,NA,0.82283785492387,-0.0652119624380272,-0.100551516122614,0,0,50
"bivgauss",5e-05,1e+05,"hrv_full","0.1",FALSE,4.0968472084623e-05,-2.62189766661605e-05,NA,NA,NA,0.82283785492387,-0.0652119624380272,-0.100551516122614,0,0,50
"bivgauss",5e-05,1e+05,"hrv_full","0.01",TRUE,6.1819891827221e-05,-3.56160203618651e-05,NA,NA,NA,0.82283785492387,-0.0652119624380272,-0.100551516122614,0,0,50
"bivgauss",5e-05,1e+05,"hrv_interior","0.05",TRUE,4.85660004530045e-05,-2.97794297445602e-05,NA,NA,NA,0.82283785492387,-0.0652119624380272,-0.100551516122614,0,0,10
"bivgauss",5e-05,1e+05,"hrv_interior","0.1",TRUE,4.0968472084623e-05,-2.62189766661605e-05,NA,NA,NA,0.82283785492387,-0.0652119624380272,-0.100551516122614,0,0,10
"bivgauss",5e-05,1e+05,"hrv_interior","0.01",TRUE,6.1819891827221e-05,-3.56160203618651e-05,NA,NA,NA,0.82283785492387,-0.0652119624380272,-0.100551516122614,0,0,10
"bivgauss",5e-05,1e+05,"hrv_full","0.05",FALSE,4.88719711244465e-05,-3.1391136718057e-05,NA,NA,NA,0.837410900993887,-0.117911184970723,-0.1676793003047,0,0,50
"bivgauss",5e-05,1e+05,"hrv_full","0.1",FALSE,4.09534893624716e-05,-2.75374642656675e-05,NA,NA,NA,0.837410900993887,-0.117911184970723,-0.1676793003047,0,0,50
"bivgauss",5e-05,1e+05,"hrv_full","0.01",TRUE,6.18650457274566e-05,-3.80451040951101e-05,NA,NA,NA,0.837410900993887,-0.117911184970723,-0.1676793003047,0,0,50
"bivgauss",5e-05,1e+05,"hrv_interior","0.05",TRUE,4.88719711244465e-05,-3.1391136718057e-05,NA,NA,NA,0.837410900993887,-0.117911184970723,-0.1676793003047,0,0,10
"bivgauss",5e-05,1e+05,"hrv_interior","0.1",TRUE,4.09534893624716e-05,-2.75374642656675e-05,NA,NA,NA,0.837410900993887,-0.117911184970723,-0.1676793003047,0,0,10
"bivgauss",5e-05,1e+05,"hrv_interior","0.01",TRUE,6.18650457274566e-05,-3.80451040951101e-05,NA,NA,NA,0.837410900993887,-0.117911184970723,-0.1676793003047,0,0,10
"bivgauss",5e-05,1e+05,"hrv_full","0.05",FALSE,5.65306889404222e-05,-3.21287447400107e-05,NA,NA,NA,0.779870591227394,-0.154715178421986,-0.0971509470156321,0,0,50
"bivgauss",5e-05,1e+05,"hrv_full","0.1",FALSE,4.82161611181915e-05,-2.89182900739631e-05,NA,NA,NA,0.779870591227394,-0.154715178421986,-0.0971509470156321,0,0,50
"bivgauss",5e-05,1e+05,"hrv_full","0.01",FALSE,7.68091684587033e-05,-3.74233048243966e-05,NA,NA,NA,0.779870591227394,-0.154715178421986,-0.0971509470156321,0,0,50
"bivgauss",5e-05,1e+05,"hrv_interior","0.05",TRUE,5.65306889404222e-05,-3.21287447400107e-05,NA,NA,NA,0.779870591227394,-0.154715178421986,-0.0971509470156321,0,0,10
"bivgauss",5e-05,1e+05,"hrv_interior","0.1",FALSE,4.82161611181915e-05,-2.89182900739631e-05,NA,NA,NA,0.779870591227394,-0.154715178421986,-0.0971509470156321,0,0,10
"bivgauss",5e-05,1e+05,"hrv_interior","0.01",TRUE,7.68091684587033e-05,-3.74233048243966e-05,NA,NA,NA,0.779870591227394,-0.154715178421986,-0.0971509470156321,0,0,10
"bivgauss",5e-05,1e+05,"hrv_full","0.05",FALSE,5.50031175542067e-05,-3.18688928656821e-05,NA,NA,NA,0.820233330356368,-0.0867564234685283,-0.018922257554533,0,0,50
"bivgauss",5e-05,1e+05,"hrv_full","0.1",FALSE,4.61413360401664e-05,-2.87014227318548e-05,NA,NA,NA,0.820233330356368,-0.0867564234685283,-0.018922257554533,0,0,50
"bivgauss",5e-05,1e+05,"hrv_full","0.01",TRUE,7.28577872686597e-05,-3.89940097293905e-05,NA,NA,NA,0.820233330356368,-0.0867564234685283,-0.018922257554533,0,0,50
"bivgauss",5e-05,1e+05,"hrv_interior","0.05",TRUE,5.50031175542067e-05,-3.18688928656821e-05,NA,NA,NA,0.820233330356368,-0.0867564234685283,-0.018922257554533,0,0,10
"bivgauss",5e-05,1e+05,"hrv_interior","0.1",TRUE,4.61413360401664e-05,-2.87014227318548e-05,NA,NA,NA,0.820233330356368,-0.0867564234685283,-0.018922257554533,0,0,10
"bivgauss",5e-05,1e+05,"hrv_interior","0.01",TRUE,7.28577872686597e-05,-3.89940097293905e-05,NA,NA,NA,0.820233330356368,-0.0867564234685283,-0.018922257554533,0,0,10
"bivgauss",5e-05,1e+05,"hrv_full","0.05",FALSE,4.67000323509636e-05,-3.00757923251424e-05,NA,NA,NA,0.749285477874204,-0.0831636270692224,-0.167939990695319,0,0,50
"bivgauss",5e-05,1e+05,"hrv_full","0.1",FALSE,4.04906326818626e-05,-2.64303825749255e-05,NA,NA,NA,0.749285477874204,-0.0831636270692224,-0.167939990695319,0,0,50
"bivgauss",5e-05,1e+05,"hrv_full","0.01",FALSE,6.23037432077299e-05,-3.67281426927785e-05,NA,NA,NA,0.749285477874204,-0.0831636270692224,-0.167939990695319,0,0,50
"bivgauss",5e-05,1e+05,"hrv_interior","0.05",TRUE,4.67000323509636e-05,-3.00757923251424e-05,NA,NA,NA,0.749285477874204,-0.0831636270692224,-0.167939990695319,0,0,10
"bivgauss",5e-05,1e+05,"hrv_interior","0.1",FALSE,4.04906326818626e-05,-2.64303825749255e-05,NA,NA,NA,0.749285477874204,-0.0831636270692224,-0.167939990695319,0,0,10
"bivgauss",5e-05,1e+05,"hrv_interior","0.01",TRUE,6.23037432077299e-05,-3.67281426927785e-05,NA,NA,NA,0.749285477874204,-0.0831636270692224,-0.167939990695319,0,0,10
"bivgauss",5e-05,1e+05,"hrv_full","0.05",FALSE,5.16540195278124e-05,-3.08363898578026e-05,NA,NA,NA,0.79046687027029,-0.112787776156024,-0.0958976772853814,0,0,50
"bivgauss",5e-05,1e+05,"hrv_full","0.1",FALSE,4.36608636234522e-05,-2.78097707956023e-05,NA,NA,NA,0.79046687027029,-0.112787776156024,-0.0958976772853814,0,0,50
"bivgauss",5e-05,1e+05,"hrv_full","0.01",TRUE,6.80133600426123e-05,-3.92005490754733e-05,NA,NA,NA,0.79046687027029,-0.112787776156024,-0.0958976772853814,0,0,50
"bivgauss",5e-05,1e+05,"hrv_interior","0.05",TRUE,5.16540195278124e-05,-3.08363898578026e-05,NA,NA,NA,0.79046687027029,-0.112787776156024,-0.0958976772853814,0,0,10
"bivgauss",5e-05,1e+05,"hrv_interior","0.1",TRUE,4.36608636234522e-05,-2.78097707956023e-05,NA,NA,NA,0.79046687027029,-0.112787776156024,-0.0958976772853814,0,0,10
"bivgauss",5e-05,1e+05,"hrv_interior","0.01",TRUE,6.80133600426123e-05,-3.92005490754733e-05,NA,NA,NA,0.79046687027029,-0.112787776156024,-0.0958976772853814,0,0,10
"bivgauss",5e-05,1e+05,"hrv_full","0.05",TRUE,4.98072499344554e-05,-3.18467716330409e-05,NA,NA,NA,0.843951882313627,-0.110028518592948,-0.0400126968932356,0,0,50
"bivgauss",5e-05,1e+05,"hrv_full","0.1",FALSE,4.38675419991625e-05,-2.79192065992775e-05,NA,NA,NA,0.843951882313627,-0.110028518592948,-0.0400126968932356,0,0,50
"bivgauss",5e-05,1e+05,"hrv_full","0.01",TRUE,6.39806562053623e-05,-3.85742213551845e-05,NA,NA,NA,0.843951882313627,-0.110028518592948,-0.0400126968932356,0,0,50
"bivgauss",5e-05,1e+05,"hrv_interior","0.05",TRUE,4.98072499344554e-05,-3.18467716330409e-05,NA,NA,NA,0.843951882313627,-0.110028518592948,-0.0400126968932356,0,0,10
"bivgauss",5e-05,1e+05,"hrv_interior","0.1",TRUE,4.38675419991625e-05,-2.79192065992775e-05,NA,NA,NA,0.843951882313627,-0.110028518592948,-0.0400126968932356,0,0,10
"bivgauss",5e-05,1e+05,"hrv_interior","0.01",TRUE,6.39806562053623e-05,-3.85742213551845e-05,NA,NA,NA,0.843951882313627,-0.110028518592948,-0.0400126968932356,0,0,10
"bivgauss",5e-05,1e+05,"hrv_full","0.05",TRUE,4.74619292865489e-05,-3.01182255147173e-05,NA,NA,NA,0.899058040116059,0.00664079971515017,-0.113183023692235,0,0,50
"bivgauss",5e-05,1e+05,"hrv_full","0.1",TRUE,4.10240437086978e-05,-2.70138992716763e-05,NA,NA,NA,0.899058040116059,0.00664079971515017,-0.113183023692235,0,0,50
"bivgauss",5e-05,1e+05,"hrv_full","0.01",TRUE,6.16454793084631e-05,-3.65746658887339e-05,NA,NA,NA,0.899058040116059,0.00664079971515017,-0.113183023692235,0,0,50
"bivgauss",5e-05,1e+05,"hrv_interior","0.05",TRUE,4.74619292865489e-05,-3.01182255147173e-05,NA,NA,NA,0.899058040116059,0.00664079971515017,-0.113183023692235,0,0,10
"bivgauss",5e-05,1e+05,"hrv_interior","0.1",TRUE,4.10240437086978e-05,-2.70138992716763e-05,NA,NA,NA,0.899058040116059,0.00664079971515017,-0.113183023692235,0,0,10
"bivgauss",5e-05,1e+05,"hrv_interior","0.01",TRUE,6.16454793084631e-05,-3.65746658887339e-05,NA,NA,NA,0.899058040116059,0.00664079971515017,-0.113183023692235,0,0,10
"bivgauss",5e-05,1e+05,"hrv_full","0.05",FALSE,4.63922059880976e-05,-2.94566650540822e-05,NA,NA,NA,0.775824716741765,-0.132741823653931,-0.0712675152918459,0,0,50
"bivgauss",5e-05,1e+05,"hrv_full","0.1",FALSE,3.99120181374533e-05,-2.61835070971523e-05,NA,NA,NA,0.775824716741765,-0.132741823653931,-0.0712675152918459,0,0,50
"bivgauss",5e-05,1e+05,"hrv_full","0.01",FALSE,6.27557143452739e-05,-3.55970056988558e-05,NA,NA,NA,0.775824716741765,-0.132741823653931,-0.0712675152918459,0,0,50
"bivgauss",5e-05,1e+05,"hrv_interior","0.05",TRUE,4.63922059880976e-05,-2.94566650540822e-05,NA,NA,NA,0.775824716741765,-0.132741823653931,-0.0712675152918459,0,0,10
"bivgauss",5e-05,1e+05,"hrv_interior","0.1",TRUE,3.99120181374533e-05,-2.61835070971523e-05,NA,NA,NA,0.775824716741765,-0.132741823653931,-0.0712675152918459,0,0,10
"bivgauss",5e-05,1e+05,"hrv_interior","0.01",TRUE,6.27557143452739e-05,-3.55970056988558e-05,NA,NA,NA,0.775824716741765,-0.132741823653931,-0.0712675152918459,0,0,10
"bivgauss",5e-05,1e+05,"hrv_full","0.05",FALSE,4.938896430784e-05,-3.18496340989605e-05,NA,NA,NA,0.806111636481302,-0.0855350571084399,-0.142961763068453,0,0,50
"bivgauss",5e-05,1e+05,"hrv_full","0.1",FALSE,4.26031971706635e-05,-2.8536069287783e-05,NA,NA,NA,0.806111636481302,-0.0855350571084399,-0.142961763068453,0,0,50
"bivgauss",5e-05,1e+05,"hrv_full","0.01",FALSE,6.52912797494653e-05,-3.81997220503903e-05,NA,NA,NA,0.806111636481302,-0.0855350571084399,-0.142961763068453,0,0,50
"bivgauss",5e-05,1e+05,"hrv_interior","0.05",TRUE,4.938896430784e-05,-3.18496340989605e-05,NA,NA,NA,0.806111636481302,-0.0855350571084399,-0.142961763068453,0,0,10
"bivgauss",5e-05,1e+05,"hrv_interior","0.1",TRUE,4.26031971706635e-05,-2.8536069287783e-05,NA,NA,NA,0.806111636481302,-0.0855350571084399,-0.142961763068453,0,0,10
"bivgauss",5e-05,1e+05,"hrv_interior","0.01",TRUE,6.52912797494653e-05,-3.81997220503903e-05,NA,NA,NA,0.806111636481302,-0.0855350571084399,-0.142961763068453,0,0,10
"bivgauss",5e-05,1e+05,"hrv_full","0.05",TRUE,5.28589545541117e-05,-3.51941118700997e-05,NA,NA,NA,0.876095916607934,-0.117759887854819,-0.204487156693423,0,0,50
"bivgauss",5e-05,1e+05,"hrv_full","0.1",FALSE,4.51720094200907e-05,-3.14275639072759e-05,NA,NA,NA,0.876095916607934,-0.117759887854819,-0.204487156693423,0,0,50
"bivgauss",5e-05,1e+05,"hrv_full","0.01",TRUE,6.89902695305899e-05,-4.20971972663425e-05,NA,NA,NA,0.876095916607934,-0.117759887854819,-0.204487156693423,0,0,50
"bivgauss",5e-05,1e+05,"hrv_interior","0.05",TRUE,5.28589545541117e-05,-3.51941118700997e-05,NA,NA,NA,0.876095916607934,-0.117759887854819,-0.204487156693423,0,0,10
"bivgauss",5e-05,1e+05,"hrv_interior","0.1",TRUE,4.51720094200907e-05,-3.14275639072759e-05,NA,NA,NA,0.876095916607934,-0.117759887854819,-0.204487156693423,0,0,10
"bivgauss",5e-05,1e+05,"hrv_interior","0.01",TRUE,6.89902695305899e-05,-4.20971972663425e-05,NA,NA,NA,0.876095916607934,-0.117759887854819,-0.204487156693423,0,0,10
"bivgauss",5e-05,1e+05,"hrv_full","0.05",FALSE,5.44561925806384e-05,-3.22350255336396e-05,NA,NA,NA,0.806192872549425,-0.00886995034269114,-0.0531471041749135,0,0,50
"bivgauss",5e-05,1e+05,"hrv_full","0.1",FALSE,4.58178021121113e-05,-2.85778488292697e-05,NA,NA,NA,0.806192872549425,-0.00886995034269114,-0.0531471041749135,0,0,50
"bivgauss",5e-05,1e+05,"hrv_full","0.01",TRUE,7.48853476398701e-05,-3.83902149815951e-05,NA,NA,NA,0.806192872549425,-0.00886995034269114,-0.0531471041749135,0,0,50
"bivgauss",5e-05,1e+05,"hrv_interior","0.05",TRUE,5.44561925806384e-05,-3.22350255336396e-05,NA,NA,NA,0.806192872549425,-0.00886995034269114,-0.0531471041749135,0,0,10
"bivgauss",5e-05,1e+05,"hrv_interior","0.1",TRUE,4.58178021121113e-05,-2.85778488292697e-05,NA,NA,NA,0.806192872549425,-0.00886995034269114,-0.0531471041749135,0,0,10
"bivgauss",5e-05,1e+05,"hrv_interior","0.01",TRUE,7.48853476398701e-05,-3.83902149815951e-05,NA,NA,NA,0.806192872549425,-0.00886995034269114,-0.0531471041749135,0,0,10
"bivgauss",5e-05,1e+05,"hrv_full","0.05",FALSE,5.41449414276164e-05,-3.05504401413875e-05,NA,NA,NA,0.801182850273156,-0.0804924382189329,-0.0567983137856719,0,0,50
"bivgauss",5e-05,1e+05,"hrv_full","0.1",FALSE,4.52739746765479e-05,-2.77538019769307e-05,NA,NA,NA,0.801182850273156,-0.0804924382189329,-0.0567983137856719,0,0,50
"bivgauss",5e-05,1e+05,"hrv_full","0.01",FALSE,6.83623081733167e-05,-3.66133907359011e-05,NA,NA,NA,0.801182850273156,-0.0804924382189329,-0.0567983137856719,0,0,50
"bivgauss",5e-05,1e+05,"hrv_interior","0.05",TRUE,5.41449414276164e-05,-3.05504401413875e-05,NA,NA,NA,0.801182850273156,-0.0804924382189329,-0.0567983137856719,0,0,10
"bivgauss",5e-05,1e+05,"hrv_interior","0.1",TRUE,4.52739746765479e-05,-2.77538019769307e-05,NA,NA,NA,0.801182850273156,-0.0804924382189329,-0.0567983137856719,0,0,10
"bivgauss",5e-05,1e+05,"hrv_interior","0.01",TRUE,6.83623081733167e-05,-3.66133907359011e-05,NA,NA,NA,0.801182850273156,-0.0804924382189329,-0.0567983137856719,0,0,10
"bivgauss",5e-05,1e+05,"hrv_full","0.05",FALSE,4.79520006635575e-05,-2.93247876123876e-05,NA,NA,NA,0.808393629263126,-0.108429969449693,-0.199930179702176,0,0,50
"bivgauss",5e-05,1e+05,"hrv_full","0.1",FALSE,4.09006593640593e-05,-2.63133238378832e-05,NA,NA,NA,0.808393629263126,-0.108429969449693,-0.199930179702176,0,0,50
"bivgauss",5e-05,1e+05,"hrv_full","0.01",FALSE,6.28262949723013e-05,-3.49814167456529e-05,NA,NA,NA,0.808393629263126,-0.108429969449693,-0.199930179702176,0,0,50
"bivgauss",5e-05,1e+05,"hrv_interior","0.05",FALSE,4.79520006635575e-05,-2.93247876123876e-05,NA,NA,NA,0.808393629263126,-0.108429969449693,-0.199930179702176,0,0,10
"bivgauss",5e-05,1e+05,"hrv_interior","0.1",FALSE,4.09006593640593e-05,-2.63133238378832e-05,NA,NA,NA,0.808393629263126,-0.108429969449693,-0.199930179702176,0,0,10
"bivgauss",5e-05,1e+05,"hrv_interior","0.01",TRUE,6.28262949723013e-05,-3.49814167456529e-05,NA,NA,NA,0.808393629263126,-0.108429969449693,-0.199930179702176,0,0,10
"bivgauss",5e-05,1e+05,"hrv_full","0.05",FALSE,4.99289807027282e-05,-3.05840747844728e-05,NA,NA,NA,0.829131409887863,-0.0113105044319777,-0.0575954124586215,0,0,50
"bivgauss",5e-05,1e+05,"hrv_full","0.1",FALSE,4.22172587944521e-05,-2.71244960630995e-05,NA,NA,NA,0.829131409887863,-0.0113105044319777,-0.0575954124586215,0,0,50
"bivgauss",5e-05,1e+05,"hrv_full","0.01",TRUE,6.53817224947553e-05,-3.71893236822268e-05,NA,NA,NA,0.829131409887863,-0.0113105044319777,-0.0575954124586215,0,0,50
"bivgauss",5e-05,1e+05,"hrv_interior","0.05",TRUE,4.99289807027282e-05,-3.05840747844728e-05,NA,NA,NA,0.829131409887863,-0.0113105044319777,-0.0575954124586215,0,0,10
"bivgauss",5e-05,1e+05,"hrv_interior","0.1",TRUE,4.22172587944521e-05,-2.71244960630995e-05,NA,NA,NA,0.829131409887863,-0.0113105044319777,-0.0575954124586215,0,0,10
"bivgauss",5e-05,1e+05,"hrv_interior","0.01",TRUE,6.53817224947553e-05,-3.71893236822268e-05,NA,NA,NA,0.829131409887863,-0.0113105044319777,-0.0575954124586215,0,0,10
"bivgauss",5e-05,1e+05,"hrv_full","0.05",TRUE,4.79509274085337e-05,-3.14695131692177e-05,NA,NA,NA,0.848788639328671,-0.0794884252513237,-0.102408035445776,0,0,50
"bivgauss",5e-05,1e+05,"hrv_full","0.1",FALSE,4.16821114598029e-05,-2.76880739672211e-05,NA,NA,NA,0.848788639328671,-0.0794884252513237,-0.102408035445776,0,0,50
"bivgauss",5e-05,1e+05,"hrv_full","0.01",TRUE,6.08275855091593e-05,-3.69676031110733e-05,NA,NA,NA,0.848788639328671,-0.0794884252513237,-0.102408035445776,0,0,50
"bivgauss",5e-05,1e+05,"hrv_interior","0.05",TRUE,4.79509274085337e-05,-3.14695131692177e-05,NA,NA,NA,0.848788639328671,-0.0794884252513237,-0.102408035445776,0,0,10
"bivgauss",5e-05,1e+05,"hrv_interior","0.1",TRUE,4.16821114598029e-05,-2.76880739672211e-05,NA,NA,NA,0.848788639328671,-0.0794884252513237,-0.102408035445776,0,0,10
"bivgauss",5e-05,1e+05,"hrv_interior","0.01",TRUE,6.08275855091593e-05,-3.69676031110733e-05,NA,NA,NA,0.848788639328671,-0.0794884252513237,-0.102408035445776,0,0,10
"bivgauss",5e-05,1e+05,"hrv_full","0.05",FALSE,5.43970562833279e-05,-3.63076365531497e-05,NA,NA,NA,0.810742620341982,-0.164582218674391,-0.141558623193007,0,0,50
"bivgauss",5e-05,1e+05,"hrv_full","0.1",FALSE,4.66767170949683e-05,-3.11356884278426e-05,NA,NA,NA,0.810742620341982,-0.164582218674391,-0.141558623193007,0,0,50
"bivgauss",5e-05,1e+05,"hrv_full","0.01",TRUE,7.34953203251945e-05,-4.26356674899346e-05,NA,NA,NA,0.810742620341982,-0.164582218674391,-0.141558623193007,0,0,50
"bivgauss",5e-05,1e+05,"hrv_interior","0.05",TRUE,5.43970562833279e-05,-3.63076365531497e-05,NA,NA,NA,0.810742620341982,-0.164582218674391,-0.141558623193007,0,0,10
"bivgauss",5e-05,1e+05,"hrv_interior","0.1",TRUE,4.66767170949683e-05,-3.11356884278426e-05,NA,NA,NA,0.810742620341982,-0.164582218674391,-0.141558623193007,0,0,10
"bivgauss",5e-05,1e+05,"hrv_interior","0.01",TRUE,7.34953203251945e-05,-4.26356674899346e-05,NA,NA,NA,0.810742620341982,-0.164582218674391,-0.141558623193007,0,0,10
"bivgauss",5e-05,1e+05,"hrv_full","0.05",TRUE,5.1387521129594e-05,-3.1206016023128e-05,NA,NA,NA,0.847341492618031,0.0132074544484163,-0.10757705940155,0,0,50
"bivgauss",5e-05,1e+05,"hrv_full","0.1",TRUE,4.40123011857742e-05,-2.72982925954692e-05,NA,NA,NA,0.847341492618031,0.0132074544484163,-0.10757705940155,0,0,50
"bivgauss",5e-05,1e+05,"hrv_full","0.01",TRUE,7.06798616652607e-05,-3.81993863146301e-05,NA,NA,NA,0.847341492618031,0.0132074544484163,-0.10757705940155,0,0,50
"bivgauss",5e-05,1e+05,"hrv_interior","0.05",TRUE,5.1387521129594e-05,-3.1206016023128e-05,NA,NA,NA,0.847341492618031,0.0132074544484163,-0.10757705940155,0,0,10
"bivgauss",5e-05,1e+05,"hrv_interior","0.1",TRUE,4.40123011857742e-05,-2.72982925954692e-05,NA,NA,NA,0.847341492618031,0.0132074544484163,-0.10757705940155,0,0,10
"bivgauss",5e-05,1e+05,"hrv_interior","0.01",TRUE,7.06798616652607e-05,-3.81993863146301e-05,NA,NA,NA,0.847341492618031,0.0132074544484163,-0.10757705940155,0,0,10
"bivgauss",5e-05,1e+05,"hrv_full","0.05",FALSE,5.18603570570143e-05,-3.2568840808882e-05,NA,NA,NA,0.825736415377799,-0.145685259673591,-0.190753910467342,0,0,50
"bivgauss",5e-05,1e+05,"hrv_full","0.1",FALSE,4.41688088378429e-05,-2.91929508522571e-05,NA,NA,NA,0.825736415377799,-0.145685259673591,-0.190753910467342,0,0,50
"bivgauss",5e-05,1e+05,"hrv_full","0.01",FALSE,6.91335760061896e-05,-3.94825950684248e-05,NA,NA,NA,0.825736415377799,-0.145685259673591,-0.190753910467342,0,0,50
"bivgauss",5e-05,1e+05,"hrv_interior","0.05",TRUE,5.18603570570143e-05,-3.2568840808882e-05,NA,NA,NA,0.825736415377799,-0.145685259673591,-0.190753910467342,0,0,10
"bivgauss",5e-05,1e+05,"hrv_interior","0.1",TRUE,4.41688088378429e-05,-2.91929508522571e-05,NA,NA,NA,0.825736415377799,-0.145685259673591,-0.190753910467342,0,0,10
"bivgauss",5e-05,1e+05,"hrv_interior","0.01",TRUE,6.91335760061896e-05,-3.94825950684248e-05,NA,NA,NA,0.825736415377799,-0.145685259673591,-0.190753910467342,0,0,10
"bivgauss",5e-05,1e+05,"hrv_full","0.05",FALSE,5.09461766908723e-05,-3.14255959762827e-05,NA,NA,NA,0.820358970435607,-0.0572162453272959,-0.112510697580738,0,0,50
"bivgauss",5e-05,1e+05,"hrv_full","0.1",FALSE,4.34793387977273e-05,-2.75407453518374e-05,NA,NA,NA,0.820358970435607,-0.0572162453272959,-0.112510697580738,0,0,50
"bivgauss",5e-05,1e+05,"hrv_full","0.01",TRUE,6.47258866578982e-05,-3.8028760742443e-05,NA,NA,NA,0.820358970435607,-0.0572162453272959,-0.112510697580738,0,0,50
"bivgauss",5e-05,1e+05,"hrv_interior","0.05",TRUE,5.09461766908723e-05,-3.14255959762827e-05,NA,NA,NA,0.820358970435607,-0.0572162453272959,-0.112510697580738,0,0,10
"bivgauss",5e-05,1e+05,"hrv_interior","0.1",TRUE,4.34793387977273e-05,-2.75407453518374e-05,NA,NA,NA,0.820358970435607,-0.0572162453272959,-0.112510697580738,0,0,10
"bivgauss",5e-05,1e+05,"hrv_interior","0.01",TRUE,6.47258866578982e-05,-3.8028760742443e-05,NA,NA,NA,0.820358970435607,-0.0572162453272959,-0.112510697580738,0,0,10
"bivgauss",5e-05,1e+05,"hrv_full","0.05",TRUE,5.43798214028434e-05,-3.38840228291596e-05,NA,NA,NA,0.844186789893764,-0.0867449617982401,-0.0694007161568427,0,0,50
"bivgauss",5e-05,1e+05,"hrv_full","0.1",FALSE,4.6156629297449e-05,-2.96241011403949e-05,NA,NA,NA,0.844186789893764,-0.0867449617982401,-0.0694007161568427,0,0,50
"bivgauss",5e-05,1e+05,"hrv_full","0.01",TRUE,7.26107865188888e-05,-4.14973761489954e-05,NA,NA,NA,0.844186789893764,-0.0867449617982401,-0.0694007161568427,0,0,50
"bivgauss",5e-05,1e+05,"hrv_interior","0.05",TRUE,5.43798214028434e-05,-3.38840228291596e-05,NA,NA,NA,0.844186789893764,-0.0867449617982401,-0.0694007161568427,0,0,10
"bivgauss",5e-05,1e+05,"hrv_interior","0.1",TRUE,4.6156629297449e-05,-2.96241011403949e-05,NA,NA,NA,0.844186789893764,-0.0867449617982401,-0.0694007161568427,0,0,10
"bivgauss",5e-05,1e+05,"hrv_interior","0.01",TRUE,7.26107865188888e-05,-4.14973761489954e-05,NA,NA,NA,0.844186789893764,-0.0867449617982401,-0.0694007161568427,0,0,10
"bivgauss",5e-05,1e+05,"hrv_full","0.05",FALSE,4.94457171855833e-05,-3.04309896884037e-05,NA,NA,NA,0.794846733923294,-0.0939050965660426,-0.190065511105444,0,0,50
"bivgauss",5e-05,1e+05,"hrv_full","0.1",FALSE,4.19173926920025e-05,-2.68849283733903e-05,NA,NA,NA,0.794846733923294,-0.0939050965660426,-0.190065511105444,0,0,50
"bivgauss",5e-05,1e+05,"hrv_full","0.01",FALSE,6.58044262115941e-05,-3.54783848970517e-05,NA,NA,NA,0.794846733923294,-0.0939050965660426,-0.190065511105444,0,0,50
"bivgauss",5e-05,1e+05,"hrv_interior","0.05",TRUE,4.94457171855833e-05,-3.04309896884037e-05,NA,NA,NA,0.794846733923294,-0.0939050965660426,-0.190065511105444,0,0,10
"bivgauss",5e-05,1e+05,"hrv_interior","0.1",FALSE,4.19173926920025e-05,-2.68849283733903e-05,NA,NA,NA,0.794846733923294,-0.0939050965660426,-0.190065511105444,0,0,10
"bivgauss",5e-05,1e+05,"hrv_interior","0.01",TRUE,6.58044262115941e-05,-3.54783848970517e-05,NA,NA,NA,0.794846733923294,-0.0939050965660426,-0.190065511105444,0,0,10
"bivgauss",5e-05,1e+05,"hrv_full","0.05",FALSE,5.09465371550944e-05,-3.22152031060817e-05,NA,NA,NA,0.795427988737608,-0.0469564696991769,-0.129934032282501,0,0,50
"bivgauss",5e-05,1e+05,"hrv_full","0.1",FALSE,4.28725876432026e-05,-2.76384304057063e-05,NA,NA,NA,0.795427988737608,-0.0469564696991769,-0.129934032282501,0,0,50
"bivgauss",5e-05,1e+05,"hrv_full","0.01",FALSE,6.59041017077865e-05,-3.85334677224081e-05,NA,NA,NA,0.795427988737608,-0.0469564696991769,-0.129934032282501,0,0,50
"bivgauss",5e-05,1e+05,"hrv_interior","0.05",TRUE,5.09465371550944e-05,-3.22152031060817e-05,NA,NA,NA,0.795427988737608,-0.0469564696991769,-0.129934032282501,0,0,10
"bivgauss",5e-05,1e+05,"hrv_interior","0.1",TRUE,4.28725876432026e-05,-2.76384304057063e-05,NA,NA,NA,0.795427988737608,-0.0469564696991769,-0.129934032282501,0,0,10
"bivgauss",5e-05,1e+05,"hrv_interior","0.01",TRUE,6.59041017077865e-05,-3.85334677224081e-05,NA,NA,NA,0.795427988737608,-0.0469564696991769,-0.129934032282501,0,0,10
"bivgauss",5e-05,1e+05,"hrv_full","0.05",TRUE,4.96023348729679e-05,-3.00305995700468e-05,NA,NA,NA,0.861447355205547,-0.0930178629992124,-0.0547807891052304,0,0,50
"bivgauss",5e-05,1e+05,"hrv_full","0.1",FALSE,4.19851899149377e-05,-2.63911681257012e-05,NA,NA,NA,0.861447355205547,-0.0930178629992124,-0.0547807891052304,0,0,50
"bivgauss",5e-05,1e+05,"hrv_full","0.01",TRUE,6.21687956925329e-05,-3.56769392912684e-05,NA,NA,NA,0.861447355205547,-0.0930178629992124,-0.0547807891052304,0,0,50
"bivgauss",5e-05,1e+05,"hrv_interior","0.05",TRUE,4.96023348729679e-05,-3.00305995700468e-05,NA,NA,NA,0.861447355205547,-0.0930178629992124,-0.0547807891052304,0,0,10
"bivgauss",5e-05,1e+05,"hrv_interior","0.1",TRUE,4.19851899149377e-05,-2.63911681257012e-05,NA,NA,NA,0.861447355205547,-0.0930178629992124,-0.0547807891052304,0,0,10
"bivgauss",5e-05,1e+05,"hrv_interior","0.01",TRUE,6.21687956925329e-05,-3.56769392912684e-05,NA,NA,NA,0.861447355205547,-0.0930178629992124,-0.0547807891052304,0,0,10
"bivgauss",5e-05,1e+05,"hrv_full","0.05",FALSE,5.18533226601439e-05,-3.17457863844758e-05,NA,NA,NA,0.787237163294208,-0.125667374792122,-0.0671675426459569,0,0,50
"bivgauss",5e-05,1e+05,"hrv_full","0.1",FALSE,4.47964487096798e-05,-2.84008122094566e-05,NA,NA,NA,0.787237163294208,-0.125667374792122,-0.0671675426459569,0,0,50
"bivgauss",5e-05,1e+05,"hrv_full","0.01",TRUE,6.89185792846847e-05,-3.68003202083631e-05,NA,NA,NA,0.787237163294208,-0.125667374792122,-0.0671675426459569,0,0,50
"bivgauss",5e-05,1e+05,"hrv_interior","0.05",TRUE,5.18533226601439e-05,-3.17457863844758e-05,NA,NA,NA,0.787237163294208,-0.125667374792122,-0.0671675426459569,0,0,10
"bivgauss",5e-05,1e+05,"hrv_interior","0.1",TRUE,4.47964487096798e-05,-2.84008122094566e-05,NA,NA,NA,0.787237163294208,-0.125667374792122,-0.0671675426459569,0,0,10
"bivgauss",5e-05,1e+05,"hrv_interior","0.01",TRUE,6.89185792846847e-05,-3.68003202083631e-05,NA,NA,NA,0.787237163294208,-0.125667374792122,-0.0671675426459569,0,0,10
"bivgauss",5e-05,1e+05,"hrv_full","0.05",FALSE,5.24752407059272e-05,-3.16004791483328e-05,NA,NA,NA,0.766194095525353,-0.0273421943229541,-0.149167677339424,0,0,50
"bivgauss",5e-05,1e+05,"hrv_full","0.1",FALSE,4.48096121840162e-05,-2.82445770481443e-05,NA,NA,NA,0.766194095525353,-0.0273421943229541,-0.149167677339424,0,0,50
"bivgauss",5e-05,1e+05,"hrv_full","0.01",FALSE,7.11161124531328e-05,-3.86734316528268e-05,NA,NA,NA,0.766194095525353,-0.0273421943229541,-0.149167677339424,0,0,50
"bivgauss",5e-05,1e+05,"hrv_interior","0.05",TRUE,5.24752407059272e-05,-3.16004791483328e-05,NA,NA,NA,0.766194095525353,-0.0273421943229541,-0.149167677339424,0,0,10
"bivgauss",5e-05,1e+05,"hrv_interior","0.1",TRUE,4.48096121840162e-05,-2.82445770481443e-05,NA,NA,NA,0.766194095525353,-0.0273421943229541,-0.149167677339424,0,0,10
"bivgauss",5e-05,1e+05,"hrv_interior","0.01",TRUE,7.11161124531328e-05,-3.86734316528268e-05,NA,NA,NA,0.766194095525353,-0.0273421943229541,-0.149167677339424,0,0,10
"bivgauss",5e-05,1e+05,"hrv_full","0.05",TRUE,4.88683486086961e-05,-3.08197282434954e-05,NA,NA,NA,0.877592197603002,-0.0769203889830111,-0.0893907130154948,0,0,50
"bivgauss",5e-05,1e+05,"hrv_full","0.1",TRUE,4.14123049131139e-05,-2.74340492964507e-05,NA,NA,NA,0.877592197603002,-0.0769203889830111,-0.0893907130154948,0,0,50
"bivgauss",5e-05,1e+05,"hrv_full","0.01",TRUE,6.30375769845877e-05,-3.65097845225442e-05,NA,NA,NA,0.877592197603002,-0.0769203889830111,-0.0893907130154948,0,0,50
"bivgauss",5e-05,1e+05,"hrv_interior","0.05",TRUE,4.88683486086961e-05,-3.08197282434954e-05,NA,NA,NA,0.877592197603002,-0.0769203889830111,-0.0893907130154948,0,0,10
"bivgauss",5e-05,1e+05,"hrv_interior","0.1",TRUE,4.14123049131139e-05,-2.74340492964507e-05,NA,NA,NA,0.877592197603002,-0.0769203889830111,-0.0893907130154948,0,0,10
"bivgauss",5e-05,1e+05,"hrv_interior","0.01",TRUE,6.30375769845877e-05,-3.65097845225442e-05,NA,NA,NA,0.877592197603002,-0.0769203889830111,-0.0893907130154948,0,0,10
"bivgauss",5e-05,1e+05,"hrv_full","0.05",TRUE,5.86522966032365e-05,-3.45080757043116e-05,NA,NA,NA,0.902183248329813,-0.131878321625388,-0.0602466297944502,0,0,50
"bivgauss",5e-05,1e+05,"hrv_full","0.1",TRUE,4.85784550773013e-05,-3.12214003838492e-05,NA,NA,NA,0.902183248329813,-0.131878321625388,-0.0602466297944502,0,0,50
"bivgauss",5e-05,1e+05,"hrv_full","0.01",TRUE,8.10361713069999e-05,-4.0289173146848e-05,NA,NA,NA,0.902183248329813,-0.131878321625388,-0.0602466297944502,0,0,50
"bivgauss",5e-05,1e+05,"hrv_interior","0.05",TRUE,5.86522966032365e-05,-3.45080757043116e-05,NA,NA,NA,0.902183248329813,-0.131878321625388,-0.0602466297944502,0,0,10
"bivgauss",5e-05,1e+05,"hrv_interior","0.1",TRUE,4.85784550773013e-05,-3.12214003838492e-05,NA,NA,NA,0.902183248329813,-0.131878321625388,-0.0602466297944502,0,0,10
"bivgauss",5e-05,1e+05,"hrv_interior","0.01",TRUE,8.10361713069999e-05,-4.0289173146848e-05,NA,NA,NA,0.902183248329813,-0.131878321625388,-0.0602466297944502,0,0,10
"bivgauss",5e-05,1e+05,"hrv_full","0.05",TRUE,6.02779974784701e-05,-3.55223733730484e-05,NA,NA,NA,0.827938029146234,-0.0803609802033478,-0.0312420095666365,0,0,50
"bivgauss",5e-05,1e+05,"hrv_full","0.1",TRUE,5.02624450641061e-05,-3.05972137657863e-05,NA,NA,NA,0.827938029146234,-0.0803609802033478,-0.0312420095666365,0,0,50
"bivgauss",5e-05,1e+05,"hrv_full","0.01",TRUE,7.88898286296395e-05,-4.30137565900419e-05,NA,NA,NA,0.827938029146234,-0.0803609802033478,-0.0312420095666365,0,0,50
"bivgauss",5e-05,1e+05,"hrv_interior","0.05",TRUE,6.02779974784701e-05,-3.55223733730484e-05,NA,NA,NA,0.827938029146234,-0.0803609802033478,-0.0312420095666365,0,0,10
"bivgauss",5e-05,1e+05,"hrv_interior","0.1",TRUE,5.02624450641061e-05,-3.05972137657863e-05,NA,NA,NA,0.827938029146234,-0.0803609802033478,-0.0312420095666365,0,0,10
"bivgauss",5e-05,1e+05,"hrv_interior","0.01",TRUE,7.88898286296395e-05,-4.30137565900419e-05,NA,NA,NA,0.827938029146234,-0.0803609802033478,-0.0312420095666365,0,0,10
"bivgauss",5e-05,1e+05,"hrv_full","0.05",TRUE,5.13052252234432e-05,-3.12861401493508e-05,NA,NA,NA,0.849537427078236,-0.0353998706522369,-0.038833772915041,0,0,50
"bivgauss",5e-05,1e+05,"hrv_full","0.1",TRUE,4.26687264418822e-05,-2.79954470687297e-05,NA,NA,NA,0.849537427078236,-0.0353998706522369,-0.038833772915041,0,0,50
"bivgauss",5e-05,1e+05,"hrv_full","0.01",TRUE,6.86666476221063e-05,-3.79263607844063e-05,NA,NA,NA,0.849537427078236,-0.0353998706522369,-0.038833772915041,0,0,50
"bivgauss",5e-05,1e+05,"hrv_interior","0.05",TRUE,5.13052252234432e-05,-3.12861401493508e-05,NA,NA,NA,0.849537427078236,-0.0353998706522369,-0.038833772915041,0,0,10
"bivgauss",5e-05,1e+05,"hrv_interior","0.1",TRUE,4.26687264418822e-05,-2.79954470687297e-05,NA,NA,NA,0.849537427078236,-0.0353998706522369,-0.038833772915041,0,0,10
"bivgauss",5e-05,1e+05,"hrv_interior","0.01",TRUE,6.86666476221063e-05,-3.79263607844063e-05,NA,NA,NA,0.849537427078236,-0.0353998706522369,-0.038833772915041,0,0,10
"bivgauss",5e-05,1e+05,"hrv_full","0.05",FALSE,5.03854539747659e-05,-3.05376341388155e-05,NA,NA,NA,0.797699886563848,-0.092358208882047,-0.0539860692432758,0,0,50
"bivgauss",5e-05,1e+05,"hrv_full","0.1",FALSE,4.23860020777596e-05,-2.68701257648397e-05,NA,NA,NA,0.797699886563848,-0.092358208882047,-0.0539860692432758,0,0,50
"bivgauss",5e-05,1e+05,"hrv_full","0.01",TRUE,6.53978621123788e-05,-3.669573837087e-05,NA,NA,NA,0.797699886563848,-0.092358208882047,-0.0539860692432758,0,0,50
"bivgauss",5e-05,1e+05,"hrv_interior","0.05",TRUE,5.03854539747659e-05,-3.05376341388155e-05,NA,NA,NA,0.797699886563848,-0.092358208882047,-0.0539860692432758,0,0,10
"bivgauss",5e-05,1e+05,"hrv_interior","0.1",TRUE,4.23860020777596e-05,-2.68701257648397e-05,NA,NA,NA,0.797699886563848,-0.092358208882047,-0.0539860692432758,0,0,10
"bivgauss",5e-05,1e+05,"hrv_interior","0.01",TRUE,6.53978621123788e-05,-3.669573837087e-05,NA,NA,NA,0.797699886563848,-0.092358208882047,-0.0539860692432758,0,0,10
"bivgauss",5e-05,1e+05,"hrv_full","0.05",TRUE,5.60662989036072e-05,-4.29239641884179e-05,NA,NA,NA,0.858231259122438,-0.130194763702948,-0.0769640314805928,0,0,50
"bivgauss",5e-05,1e+05,"hrv_full","0.1",TRUE,4.75376316895476e-05,-3.55706769968205e-05,NA,NA,NA,0.858231259122438,-0.130194763702948,-0.0769640314805928,0,0,50
"bivgauss",5e-05,1e+05,"hrv_full","0.01",TRUE,7.34822391688093e-05,-4.43214671476793e-05,NA,NA,NA,0.858231259122438,-0.130194763702948,-0.0769640314805928,0,0,50
"bivgauss",5e-05,1e+05,"hrv_interior","0.05",TRUE,5.60662989036072e-05,-4.29239641884179e-05,NA,NA,NA,0.858231259122438,-0.130194763702948,-0.0769640314805928,0,0,10
"bivgauss",5e-05,1e+05,"hrv_interior","0.1",TRUE,4.75376316895476e-05,-3.55706769968205e-05,NA,NA,NA,0.858231259122438,-0.130194763702948,-0.0769640314805928,0,0,10
"bivgauss",5e-05,1e+05,"hrv_interior","0.01",TRUE,7.34822391688093e-05,-4.43214671476793e-05,NA,NA,NA,0.858231259122438,-0.130194763702948,-0.0769640314805928,0,0,10
"bivgauss",5e-05,1e+05,"hrv_full","0.05",FALSE,5.35537278609406e-05,-3.18723259510057e-05,NA,NA,NA,0.792321279425381,-0.0673763036978135,-0.139666826126428,0,0,50
"bivgauss",5e-05,1e+05,"hrv_full","0.1",FALSE,4.51282073599331e-05,-2.85387038038888e-05,NA,NA,NA,0.792321279425381,-0.0673763036978135,-0.139666826126428,0,0,50
"bivgauss",5e-05,1e+05,"hrv_full","0.01",FALSE,7.2172549520039e-05,-3.758630540524e-05,NA,NA,NA,0.792321279425381,-0.0673763036978135,-0.139666826126428,0,0,50
"bivgauss",5e-05,1e+05,"hrv_interior","0.05",TRUE,5.35537278609406e-05,-3.18723259510057e-05,NA,NA,NA,0.792321279425381,-0.0673763036978135,-0.139666826126428,0,0,10
"bivgauss",5e-05,1e+05,"hrv_interior","0.1",TRUE,4.51282073599331e-05,-2.85387038038888e-05,NA,NA,NA,0.792321279425381,-0.0673763036978135,-0.139666826126428,0,0,10
"bivgauss",5e-05,1e+05,"hrv_interior","0.01",TRUE,7.2172549520039e-05,-3.758630540524e-05,NA,NA,NA,0.792321279425381,-0.0673763036978135,-0.139666826126428,0,0,10
"bivgauss",5e-05,1e+05,"hrv_full","0.05",FALSE,5.26056140338304e-05,-3.19851964420488e-05,NA,NA,NA,0.849024053456535,-0.079607545657112,-0.0916941018640354,0,0,50
"bivgauss",5e-05,1e+05,"hrv_full","0.1",FALSE,4.58819600993725e-05,-2.86626689598208e-05,NA,NA,NA,0.849024053456535,-0.079607545657112,-0.0916941018640354,0,0,50
"bivgauss",5e-05,1e+05,"hrv_full","0.01",TRUE,7.12892103298519e-05,-3.79034842449656e-05,NA,NA,NA,0.849024053456535,-0.079607545657112,-0.0916941018640354,0,0,50
"bivgauss",5e-05,1e+05,"hrv_interior","0.05",TRUE,5.26056140338304e-05,-3.19851964420488e-05,NA,NA,NA,0.849024053456535,-0.079607545657112,-0.0916941018640354,0,0,10
"bivgauss",5e-05,1e+05,"hrv_interior","0.1",TRUE,4.58819600993725e-05,-2.86626689598208e-05,NA,NA,NA,0.849024053456535,-0.079607545657112,-0.0916941018640354,0,0,10
"bivgauss",5e-05,1e+05,"hrv_interior","0.01",TRUE,7.12892103298519e-05,-3.79034842449656e-05,NA,NA,NA,0.849024053456535,-0.079607545657112,-0.0916941018640354,0,0,10
"bivgauss",5e-05,1e+05,"hrv_full","0.05",FALSE,5.68324239795613e-05,-3.35507256901977e-05,NA,NA,NA,0.807024257964878,-0.0945034262521761,-0.0965341671284104,0,0,50
"bivgauss",5e-05,1e+05,"hrv_full","0.1",FALSE,4.93987307881904e-05,-3.00863827389255e-05,NA,NA,NA,0.807024257964878,-0.0945034262521761,-0.0965341671284104,0,0,50
"bivgauss",5e-05,1e+05,"hrv_full","0.01",TRUE,7.64467145242041e-05,-3.95663760691383e-05,NA,NA,NA,0.807024257964878,-0.0945034262521761,-0.0965341671284104,0,0,50
"bivgauss",5e-05,1e+05,"hrv_interior","0.05",TRUE,5.68324239795613e-05,-3.35507256901977e-05,NA,NA,NA,0.807024257964878,-0.0945034262521761,-0.0965341671284104,0,0,10
"bivgauss",5e-05,1e+05,"hrv_interior","0.1",TRUE,4.93987307881904e-05,-3.00863827389255e-05,NA,NA,NA,0.807024257964878,-0.0945034262521761,-0.0965341671284104,0,0,10
"bivgauss",5e-05,1e+05,"hrv_interior","0.01",TRUE,7.64467145242041e-05,-3.95663760691383e-05,NA,NA,NA,0.807024257964878,-0.0945034262521761,-0.0965341671284104,0,0,10
"bivgauss",5e-05,1e+05,"hrv_full","0.05",TRUE,5.2137940851684e-05,-3.15853769987283e-05,NA,NA,NA,0.859999386037586,-0.0692265153619857,-0.0788057009395834,0,0,50
"bivgauss",5e-05,1e+05,"hrv_full","0.1",TRUE,4.33385957428636e-05,-2.81084939777138e-05,NA,NA,NA,0.859999386037586,-0.0692265153619857,-0.0788057009395834,0,0,50
"bivgauss",5e-05,1e+05,"hrv_full","0.01",TRUE,6.79701905588208e-05,-3.80293303616662e-05,NA,NA,NA,0.859999386037586,-0.0692265153619857,-0.0788057009395834,0,0,50
"bivgauss",5e-05,1e+05,"hrv_interior","0.05",TRUE,5.2137940851684e-05,-3.15853769987283e-05,NA,NA,NA,0.859999386037586,-0.0692265153619857,-0.0788057009395834,0,0,10
"bivgauss",5e-05,1e+05,"hrv_interior","0.1",TRUE,4.33385957428636e-05,-2.81084939777138e-05,NA,NA,NA,0.859999386037586,-0.0692265153619857,-0.0788057009395834,0,0,10
"bivgauss",5e-05,1e+05,"hrv_interior","0.01",TRUE,6.79701905588208e-05,-3.80293303616662e-05,NA,NA,NA,0.859999386037586,-0.0692265153619857,-0.0788057009395834,0,0,10
"bivgauss",5e-05,1e+05,"hrv_full","0.05",TRUE,5.38001283511256e-05,-3.21778905091444e-05,NA,NA,NA,0.828432074530134,-0.0661689003932912,-0.0979461332770171,0,0,50
"bivgauss",5e-05,1e+05,"hrv_full","0.1",FALSE,4.64864649989914e-05,-2.85596698414288e-05,NA,NA,NA,0.828432074530134,-0.0661689003932912,-0.0979461332770171,0,0,50
"bivgauss",5e-05,1e+05,"hrv_full","0.01",TRUE,7.25381370632345e-05,-3.79936279663312e-05,NA,NA,NA,0.828432074530134,-0.0661689003932912,-0.0979461332770171,0,0,50
"bivgauss",5e-05,1e+05,"hrv_interior","0.05",TRUE,5.38001283511256e-05,-3.21778905091444e-05,NA,NA,NA,0.828432074530134,-0.0661689003932912,-0.0979461332770171,0,0,10
"bivgauss",5e-05,1e+05,"hrv_interior","0.1",TRUE,4.64864649989914e-05,-2.85596698414288e-05,NA,NA,NA,0.828432074530134,-0.0661689003932912,-0.0979461332770171,0,0,10
"bivgauss",5e-05,1e+05,"hrv_interior","0.01",TRUE,7.25381370632345e-05,-3.79936279663312e-05,NA,NA,NA,0.828432074530134,-0.0661689003932912,-0.0979461332770171,0,0,10
"bivgauss",5e-05,1e+05,"hrv_full","0.05",FALSE,4.91213072626085e-05,-3.14749889092744e-05,NA,NA,NA,0.837942512325693,-0.167544277524508,-0.0852243329372237,0,0,50
"bivgauss",5e-05,1e+05,"hrv_full","0.1",FALSE,4.23875782313933e-05,-2.79330448652229e-05,NA,NA,NA,0.837942512325693,-0.167544277524508,-0.0852243329372237,0,0,50
"bivgauss",5e-05,1e+05,"hrv_full","0.01",FALSE,6.45600786340412e-05,-3.7750560026196e-05,NA,NA,NA,0.837942512325693,-0.167544277524508,-0.0852243329372237,0,0,50
"bivgauss",5e-05,1e+05,"hrv_interior","0.05",TRUE,4.91213072626085e-05,-3.14749889092744e-05,NA,NA,NA,0.837942512325693,-0.167544277524508,-0.0852243329372237,0,0,10
"bivgauss",5e-05,1e+05,"hrv_interior","0.1",TRUE,4.23875782313933e-05,-2.79330448652229e-05,NA,NA,NA,0.837942512325693,-0.167544277524508,-0.0852243329372237,0,0,10
"bivgauss",5e-05,1e+05,"hrv_interior","0.01",TRUE,6.45600786340412e-05,-3.7750560026196e-05,NA,NA,NA,0.837942512325693,-0.167544277524508,-0.0852243329372237,0,0,10
"bivgauss",5e-05,1e+05,"hrv_full","0.05",FALSE,4.75998889821287e-05,-2.96544957816295e-05,NA,NA,NA,0.751147327608783,-0.120788946198413,-0.114432049879768,0,0,50
"bivgauss",5e-05,1e+05,"hrv_full","0.1",FALSE,4.10105206755467e-05,-2.65167515343224e-05,NA,NA,NA,0.751147327608783,-0.120788946198413,-0.114432049879768,0,0,50
"bivgauss",5e-05,1e+05,"hrv_full","0.01",FALSE,6.27909369834531e-05,-3.49061941169305e-05,NA,NA,NA,0.751147327608783,-0.120788946198413,-0.114432049879768,0,0,50
"bivgauss",5e-05,1e+05,"hrv_interior","0.05",FALSE,4.75998889821287e-05,-2.96544957816295e-05,NA,NA,NA,0.751147327608783,-0.120788946198413,-0.114432049879768,0,0,10
"bivgauss",5e-05,1e+05,"hrv_interior","0.1",FALSE,4.10105206755467e-05,-2.65167515343224e-05,NA,NA,NA,0.751147327608783,-0.120788946198413,-0.114432049879768,0,0,10
"bivgauss",5e-05,1e+05,"hrv_interior","0.01",TRUE,6.27909369834531e-05,-3.49061941169305e-05,NA,NA,NA,0.751147327608783,-0.120788946198413,-0.114432049879768,0,0,10
"bivgauss",5e-05,1e+05,"hrv_full","0.05",FALSE,4.99202602106695e-05,-3.17891188760707e-05,NA,NA,NA,0.770404514102017,-0.114773371513606,-0.108998083022233,0,0,50
"bivgauss",5e-05,1e+05,"hrv_full","0.1",FALSE,4.22334683799085e-05,-2.79003499555223e-05,NA,NA,NA,0.770404514102017,-0.114773371513606,-0.108998083022233,0,0,50
"bivgauss",5e-05,1e+05,"hrv_full","0.01",FALSE,6.46714578387058e-05,-3.716108205788e-05,NA,NA,NA,0.770404514102017,-0.114773371513606,-0.108998083022233,0,0,50
"bivgauss",5e-05,1e+05,"hrv_interior","0.05",TRUE,4.99202602106695e-05,-3.17891188760707e-05,NA,NA,NA,0.770404514102017,-0.114773371513606,-0.108998083022233,0,0,10
"bivgauss",5e-05,1e+05,"hrv_interior","0.1",TRUE,4.22334683799085e-05,-2.79003499555223e-05,NA,NA,NA,0.770404514102017,-0.114773371513606,-0.108998083022233,0,0,10
"bivgauss",5e-05,1e+05,"hrv_interior","0.01",TRUE,6.46714578387058e-05,-3.716108205788e-05,NA,NA,NA,0.770404514102017,-0.114773371513606,-0.108998083022233,0,0,10
"bivgauss",5e-05,1e+05,"hrv_full","0.05",TRUE,8.45911639017377e-05,-4.22428445771091e-05,NA,NA,NA,0.801496290024476,0.028732063031383,-0.0659037572865888,0,0,50
"bivgauss",5e-05,1e+05,"hrv_full","0.1",TRUE,7.39258175479297e-05,-3.90415246440409e-05,NA,NA,NA,0.801496290024476,0.028732063031383,-0.0659037572865888,0,0,50
"bivgauss",5e-05,1e+05,"hrv_full","0.01",TRUE,0.000106159521666217,-4.29966056843577e-05,NA,NA,NA,0.801496290024476,0.028732063031383,-0.0659037572865888,0,0,50
"bivgauss",5e-05,1e+05,"hrv_interior","0.05",TRUE,8.45911639017377e-05,-4.22428445771091e-05,NA,NA,NA,0.801496290024476,0.028732063031383,-0.0659037572865888,0,0,10
"bivgauss",5e-05,1e+05,"hrv_interior","0.1",TRUE,7.39258175479297e-05,-3.90415246440409e-05,NA,NA,NA,0.801496290024476,0.028732063031383,-0.0659037572865888,0,0,10
"bivgauss",5e-05,1e+05,"hrv_interior","0.01",TRUE,0.000106159521666217,-4.29966056843577e-05,NA,NA,NA,0.801496290024476,0.028732063031383,-0.0659037572865888,0,0,10
"bivgauss",5e-05,1e+05,"hrv_full","0.05",FALSE,5.79055231481714e-05,-3.3313715775025e-05,NA,NA,NA,0.799579758902169,-0.112533563843486,-7.57636901238213e-05,0,0,50
"bivgauss",5e-05,1e+05,"hrv_full","0.1",FALSE,4.92022647207227e-05,-2.97335377481397e-05,NA,NA,NA,0.799579758902169,-0.112533563843486,-7.57636901238213e-05,0,0,50
"bivgauss",5e-05,1e+05,"hrv_full","0.01",TRUE,7.84277525381881e-05,-3.85664336711686e-05,NA,NA,NA,0.799579758902169,-0.112533563843486,-7.57636901238213e-05,0,0,50
"bivgauss",5e-05,1e+05,"hrv_interior","0.05",TRUE,5.79055231481714e-05,-3.3313715775025e-05,NA,NA,NA,0.799579758902169,-0.112533563843486,-7.57636901238213e-05,0,0,10
"bivgauss",5e-05,1e+05,"hrv_interior","0.1",TRUE,4.92022647207227e-05,-2.97335377481397e-05,NA,NA,NA,0.799579758902169,-0.112533563843486,-7.57636901238213e-05,0,0,10
"bivgauss",5e-05,1e+05,"hrv_interior","0.01",TRUE,7.84277525381881e-05,-3.85664336711686e-05,NA,NA,NA,0.799579758902169,-0.112533563843486,-7.57636901238213e-05,0,0,10
"bivgauss",5e-05,1e+05,"hrv_full","0.05",FALSE,4.74041501371597e-05,-2.94681753313824e-05,NA,NA,NA,0.767516180512776,-0.0721735309872397,-0.0907726350787023,0,0,50
"bivgauss",5e-05,1e+05,"hrv_full","0.1",FALSE,4.05207909518063e-05,-2.64536637863506e-05,NA,NA,NA,0.767516180512776,-0.0721735309872397,-0.0907726350787023,0,0,50
"bivgauss",5e-05,1e+05,"hrv_full","0.01",FALSE,6.27906344097214e-05,-3.4983347443764e-05,NA,NA,NA,0.767516180512776,-0.0721735309872397,-0.0907726350787023,0,0,50
"bivgauss",5e-05,1e+05,"hrv_interior","0.05",TRUE,4.74041501371597e-05,-2.94681753313824e-05,NA,NA,NA,0.767516180512776,-0.0721735309872397,-0.0907726350787023,0,0,10
"bivgauss",5e-05,1e+05,"hrv_interior","0.1",TRUE,4.05207909518063e-05,-2.64536637863506e-05,NA,NA,NA,0.767516180512776,-0.0721735309872397,-0.0907726350787023,0,0,10
"bivgauss",5e-05,1e+05,"hrv_interior","0.01",TRUE,6.27906344097214e-05,-3.4983347443764e-05,NA,NA,NA,0.767516180512776,-0.0721735309872397,-0.0907726350787023,0,0,10
"bivgauss",5e-05,1e+05,"hrv_full","0.05",TRUE,5.31309729678036e-05,-3.17282965985453e-05,NA,NA,NA,0.828283622053408,-0.0352283720289829,-0.153916483631628,0,0,50
"bivgauss",5e-05,1e+05,"hrv_full","0.1",FALSE,4.54503823127057e-05,-2.83639483283869e-05,NA,NA,NA,0.828283622053408,-0.0352283720289829,-0.153916483631628,0,0,50
"bivgauss",5e-05,1e+05,"hrv_full","0.01",TRUE,6.93605304963525e-05,-3.80794674859288e-05,NA,NA,NA,0.828283622053408,-0.0352283720289829,-0.153916483631628,0,0,50
"bivgauss",5e-05,1e+05,"hrv_interior","0.05",TRUE,5.31309729678036e-05,-3.17282965985453e-05,NA,NA,NA,0.828283622053408,-0.0352283720289829,-0.153916483631628,0,0,10
"bivgauss",5e-05,1e+05,"hrv_interior","0.1",TRUE,4.54503823127057e-05,-2.83639483283869e-05,NA,NA,NA,0.828283622053408,-0.0352283720289829,-0.153916483631628,0,0,10
"bivgauss",5e-05,1e+05,"hrv_interior","0.01",TRUE,6.93605304963525e-05,-3.80794674859288e-05,NA,NA,NA,0.828283622053408,-0.0352283720289829,-0.153916483631628,0,0,10
"bivgauss",5e-05,1e+05,"hrv_full","0.05",FALSE,4.82804096219669e-05,-2.98080697243939e-05,NA,NA,NA,0.790153527543703,-0.171893291021567,-0.067552077785016,0,0,50
"bivgauss",5e-05,1e+05,"hrv_full","0.1",FALSE,4.09815650462686e-05,-2.64241603886863e-05,NA,NA,NA,0.790153527543703,-0.171893291021567,-0.067552077785016,0,0,50
"bivgauss",5e-05,1e+05,"hrv_full","0.01",FALSE,6.32517900543454e-05,-3.6861169558146e-05,NA,NA,NA,0.790153527543703,-0.171893291021567,-0.067552077785016,0,0,50
"bivgauss",5e-05,1e+05,"hrv_interior","0.05",TRUE,4.82804096219669e-05,-2.98080697243939e-05,NA,NA,NA,0.790153527543703,-0.171893291021567,-0.067552077785016,0,0,10
"bivgauss",5e-05,1e+05,"hrv_interior","0.1",TRUE,4.09815650462686e-05,-2.64241603886863e-05,NA,NA,NA,0.790153527543703,-0.171893291021567,-0.067552077785016,0,0,10
"bivgauss",5e-05,1e+05,"hrv_interior","0.01",TRUE,6.32517900543454e-05,-3.6861169558146e-05,NA,NA,NA,0.790153527543703,-0.171893291021567,-0.067552077785016,0,0,10
"bivgauss",5e-05,1e+05,"hrv_full","0.05",FALSE,7.44083772403032e-05,-3.82479511282739e-05,NA,NA,NA,0.855486043490492,-0.199623899774731,-0.0982568581899674,0,0,50
"bivgauss",5e-05,1e+05,"hrv_full","0.1",FALSE,6.34246192540192e-05,-3.52889641041362e-05,NA,NA,NA,0.855486043490492,-0.199623899774731,-0.0982568581899674,0,0,50
"bivgauss",5e-05,1e+05,"hrv_full","0.01",TRUE,9.4970038244316e-05,-4.34135295969507e-05,NA,NA,NA,0.855486043490492,-0.199623899774731,-0.0982568581899674,0,0,50
"bivgauss",5e-05,1e+05,"hrv_interior","0.05",TRUE,7.44083772403032e-05,-3.82479511282739e-05,NA,NA,NA,0.855486043490492,-0.199623899774731,-0.0982568581899674,0,0,10
"bivgauss",5e-05,1e+05,"hrv_interior","0.1",TRUE,6.34246192540192e-05,-3.52889641041362e-05,NA,NA,NA,0.855486043490492,-0.199623899774731,-0.0982568581899674,0,0,10
"bivgauss",5e-05,1e+05,"hrv_interior","0.01",TRUE,9.4970038244316e-05,-4.34135295969507e-05,NA,NA,NA,0.855486043490492,-0.199623899774731,-0.0982568581899674,0,0,10
"bivgauss",5e-05,1e+05,"hrv_full","0.05",FALSE,4.60721386659494e-05,-2.93304028133672e-05,NA,NA,NA,0.862264851213422,-0.213728776487007,-0.0450116609611007,0,0,50
"bivgauss",5e-05,1e+05,"hrv_full","0.1",FALSE,3.93375992154356e-05,-2.61563118357236e-05,NA,NA,NA,0.862264851213422,-0.213728776487007,-0.0450116609611007,0,0,50
"bivgauss",5e-05,1e+05,"hrv_full","0.01",TRUE,6.16600663412547e-05,-3.5055262273987e-05,NA,NA,NA,0.862264851213422,-0.213728776487007,-0.0450116609611007,0,0,50
"bivgauss",5e-05,1e+05,"hrv_interior","0.05",TRUE,4.60721386659494e-05,-2.93304028133672e-05,NA,NA,NA,0.862264851213422,-0.213728776487007,-0.0450116609611007,0,0,10
"bivgauss",5e-05,1e+05,"hrv_interior","0.1",FALSE,3.93375992154356e-05,-2.61563118357236e-05,NA,NA,NA,0.862264851213422,-0.213728776487007,-0.0450116609611007,0,0,10
"bivgauss",5e-05,1e+05,"hrv_interior","0.01",TRUE,6.16600663412547e-05,-3.5055262273987e-05,NA,NA,NA,0.862264851213422,-0.213728776487007,-0.0450116609611007,0,0,10
"bivgauss",5e-05,1e+05,"hrv_full","0.05",TRUE,5.74270320531994e-05,-3.43559710043876e-05,NA,NA,NA,0.844393674020514,-0.0145464540535629,-0.0460713623955227,0,0,50
"bivgauss",5e-05,1e+05,"hrv_full","0.1",TRUE,4.85431700278203e-05,-3.0221786968687e-05,NA,NA,NA,0.844393674020514,-0.0145464540535629,-0.0460713623955227,0,0,50
"bivgauss",5e-05,1e+05,"hrv_full","0.01",TRUE,7.37692366803908e-05,-3.98254932199581e-05,NA,NA,NA,0.844393674020514,-0.0145464540535629,-0.0460713623955227,0,0,50
"bivgauss",5e-05,1e+05,"hrv_interior","0.05",TRUE,5.74270320531994e-05,-3.43559710043876e-05,NA,NA,NA,0.844393674020514,-0.0145464540535629,-0.0460713623955227,0,0,10
"bivgauss",5e-05,1e+05,"hrv_interior","0.1",TRUE,4.85431700278203e-05,-3.0221786968687e-05,NA,NA,NA,0.844393674020514,-0.0145464540535629,-0.0460713623955227,0,0,10
"bivgauss",5e-05,1e+05,"hrv_interior","0.01",TRUE,7.37692366803908e-05,-3.98254932199581e-05,NA,NA,NA,0.844393674020514,-0.0145464540535629,-0.0460713623955227,0,0,10
"bivgauss",5e-05,1e+05,"hrv_full","0.05",FALSE,5.34019862908069e-05,-3.48608236031107e-05,NA,NA,NA,0.842403539248801,-0.00345584627348709,-0.168145800753178,0,0,50
"bivgauss",5e-05,1e+05,"hrv_full","0.1",FALSE,4.53011313837612e-05,-3.04756241498816e-05,NA,NA,NA,0.842403539248801,-0.00345584627348709,-0.168145800753178,0,0,50
"bivgauss",5e-05,1e+05,"hrv_full","0.01",TRUE,6.68453751000626e-05,-4.01962454402411e-05,NA,NA,NA,0.842403539248801,-0.00345584627348709,-0.168145800753178,0,0,50
"bivgauss",5e-05,1e+05,"hrv_interior","0.05",TRUE,5.34019862908069e-05,-3.48608236031107e-05,NA,NA,NA,0.842403539248801,-0.00345584627348709,-0.168145800753178,0,0,10
"bivgauss",5e-05,1e+05,"hrv_interior","0.1",TRUE,4.53011313837612e-05,-3.04756241498816e-05,NA,NA,NA,0.842403539248801,-0.00345584627348709,-0.168145800753178,0,0,10
"bivgauss",5e-05,1e+05,"hrv_interior","0.01",TRUE,6.68453751000626e-05,-4.01962454402411e-05,NA,NA,NA,0.842403539248801,-0.00345584627348709,-0.168145800753178,0,0,10
"bivgauss",5e-05,1e+05,"hrv_full","0.05",FALSE,4.6510418788064e-05,-3.07833473272231e-05,NA,NA,NA,0.832505605977346,-0.184943313279658,-0.132018152555211,0,0,50
"bivgauss",5e-05,1e+05,"hrv_full","0.1",FALSE,4.03575337252683e-05,-2.73002573777389e-05,NA,NA,NA,0.832505605977346,-0.184943313279658,-0.132018152555211,0,0,50
"bivgauss",5e-05,1e+05,"hrv_full","0.01",FALSE,6.12918381230422e-05,-3.71385140773252e-05,NA,NA,NA,0.832505605977346,-0.184943313279658,-0.132018152555211,0,0,50
"bivgauss",5e-05,1e+05,"hrv_interior","0.05",TRUE,4.6510418788064e-05,-3.07833473272231e-05,NA,NA,NA,0.832505605977346,-0.184943313279658,-0.132018152555211,0,0,10
"bivgauss",5e-05,1e+05,"hrv_interior","0.1",TRUE,4.03575337252683e-05,-2.73002573777389e-05,NA,NA,NA,0.832505605977346,-0.184943313279658,-0.132018152555211,0,0,10
"bivgauss",5e-05,1e+05,"hrv_interior","0.01",TRUE,6.12918381230422e-05,-3.71385140773252e-05,NA,NA,NA,0.832505605977346,-0.184943313279658,-0.132018152555211,0,0,10
"bivgauss",5e-05,1e+05,"hrv_full","0.05",TRUE,4.75873537330693e-05,-2.99266151770459e-05,NA,NA,NA,0.819310719204547,-0.0513533179172628,-0.0632134378568449,0,0,50
"bivgauss",5e-05,1e+05,"hrv_full","0.1",TRUE,4.10801751681199e-05,-2.68157243157379e-05,NA,NA,NA,0.819310719204547,-0.0513533179172628,-0.0632134378568449,0,0,50
"bivgauss",5e-05,1e+05,"hrv_full","0.01",TRUE,6.25758049610594e-05,-3.52234628787503e-05,NA,NA,NA,0.819310719204547,-0.0513533179172628,-0.0632134378568449,0,0,50
"bivgauss",5e-05,1e+05,"hrv_interior","0.05",TRUE,4.75873537330693e-05,-2.99266151770459e-05,NA,NA,NA,0.819310719204547,-0.0513533179172628,-0.0632134378568449,0,0,10
"bivgauss",5e-05,1e+05,"hrv_interior","0.1",TRUE,4.10801751681199e-05,-2.68157243157379e-05,NA,NA,NA,0.819310719204547,-0.0513533179172628,-0.0632134378568449,0,0,10
"bivgauss",5e-05,1e+05,"hrv_interior","0.01",TRUE,6.25758049610594e-05,-3.52234628787503e-05,NA,NA,NA,0.819310719204547,-0.0513533179172628,-0.0632134378568449,0,0,10
"bivgauss",5e-05,1e+05,"hrv_full","0.05",TRUE,7.43306530137438e-05,-4.0779886736675e-05,NA,NA,NA,0.839564555866752,-0.0557568124099216,-0.0324012484814917,0,0,50
"bivgauss",5e-05,1e+05,"hrv_full","0.1",TRUE,6.32558903830026e-05,-3.67814795569084e-05,NA,NA,NA,0.839564555866752,-0.0557568124099216,-0.0324012484814917,0,0,50
"bivgauss",5e-05,1e+05,"hrv_full","0.01",TRUE,0.00010044083376635,-4.37839352594396e-05,NA,NA,NA,0.839564555866752,-0.0557568124099216,-0.0324012484814917,0,0,50
"bivgauss",5e-05,1e+05,"hrv_interior","0.05",TRUE,7.43306530137438e-05,-4.0779886736675e-05,NA,NA,NA,0.839564555866752,-0.0557568124099216,-0.0324012484814917,0,0,10
"bivgauss",5e-05,1e+05,"hrv_interior","0.1",TRUE,6.32558903830026e-05,-3.67814795569084e-05,NA,NA,NA,0.839564555866752,-0.0557568124099216,-0.0324012484814917,0,0,10
"bivgauss",5e-05,1e+05,"hrv_interior","0.01",TRUE,0.00010044083376635,-4.37839352594396e-05,NA,NA,NA,0.839564555866752,-0.0557568124099216,-0.0324012484814917,0,0,10
"bivgauss",5e-05,1e+05,"hrv_full","0.05",TRUE,0.000103576017180148,-4.07742372204948e-05,NA,NA,NA,0.813382680040409,-0.140341948505179,-0.15462434128079,0,0,50
"bivgauss",5e-05,1e+05,"hrv_full","0.1",TRUE,8.9559448096147e-05,-3.9510931754016e-05,NA,NA,NA,0.813382680040409,-0.140341948505179,-0.15462434128079,0,0,50
"bivgauss",5e-05,1e+05,"hrv_full","0.01",TRUE,0.000140720678318275,-4.27110761586432e-05,NA,NA,NA,0.813382680040409,-0.140341948505179,-0.15462434128079,0,0,50
"bivgauss",5e-05,1e+05,"hrv_interior","0.05",TRUE,0.000103576017180148,-4.07742372204948e-05,NA,NA,NA,0.813382680040409,-0.140341948505179,-0.15462434128079,0,0,10
"bivgauss",5e-05,1e+05,"hrv_interior","0.1",TRUE,8.9559448096147e-05,-3.9510931754016e-05,NA,NA,NA,0.813382680040409,-0.140341948505179,-0.15462434128079,0,0,10
"bivgauss",5e-05,1e+05,"hrv_interior","0.01",TRUE,0.000140720678318275,-4.27110761586432e-05,NA,NA,NA,0.813382680040409,-0.140341948505179,-0.15462434128079,0,0,10
"bivgauss",5e-05,1e+05,"hrv_full","0.05",FALSE,4.86201834092797e-05,-3.23682599430199e-05,NA,NA,NA,0.846870707489353,-0.179733156477118,-0.125976454331317,0,0,50
"bivgauss",5e-05,1e+05,"hrv_full","0.1",FALSE,4.21783290853519e-05,-2.7765046450309e-05,NA,NA,NA,0.846870707489353,-0.179733156477118,-0.125976454331317,0,0,50
"bivgauss",5e-05,1e+05,"hrv_full","0.01",FALSE,6.42798764703798e-05,-3.96147977060781e-05,NA,NA,NA,0.846870707489353,-0.179733156477118,-0.125976454331317,0,0,50
"bivgauss",5e-05,1e+05,"hrv_interior","0.05",TRUE,4.86201834092797e-05,-3.23682599430199e-05,NA,NA,NA,0.846870707489353,-0.179733156477118,-0.125976454331317,0,0,10
"bivgauss",5e-05,1e+05,"hrv_interior","0.1",TRUE,4.21783290853519e-05,-2.7765046450309e-05,NA,NA,NA,0.846870707489353,-0.179733156477118,-0.125976454331317,0,0,10
"bivgauss",5e-05,1e+05,"hrv_interior","0.01",TRUE,6.42798764703798e-05,-3.96147977060781e-05,NA,NA,NA,0.846870707489353,-0.179733156477118,-0.125976454331317,0,0,10
"bivgauss",5e-05,1e+05,"hrv_full","0.05",FALSE,5.14474874188081e-05,-3.02363994721e-05,NA,NA,NA,0.81087283872962,-0.102734965474615,-0.207317089257133,0,0,50
"bivgauss",5e-05,1e+05,"hrv_full","0.1",FALSE,4.23894341040994e-05,-2.70214323627473e-05,NA,NA,NA,0.81087283872962,-0.102734965474615,-0.207317089257133,0,0,50
"bivgauss",5e-05,1e+05,"hrv_full","0.01",FALSE,6.76823517769322e-05,-3.6890994403209e-05,NA,NA,NA,0.81087283872962,-0.102734965474615,-0.207317089257133,0,0,50
"bivgauss",5e-05,1e+05,"hrv_interior","0.05",TRUE,5.14474874188081e-05,-3.02363994721e-05,NA,NA,NA,0.81087283872962,-0.102734965474615,-0.207317089257133,0,0,10
"bivgauss",5e-05,1e+05,"hrv_interior","0.1",TRUE,4.23894341040994e-05,-2.70214323627473e-05,NA,NA,NA,0.81087283872962,-0.102734965474615,-0.207317089257133,0,0,10
"bivgauss",5e-05,1e+05,"hrv_interior","0.01",TRUE,6.76823517769322e-05,-3.6890994403209e-05,NA,NA,NA,0.81087283872962,-0.102734965474615,-0.207317089257133,0,0,10
"bivgauss",5e-05,1e+05,"hrv_full","0.05",FALSE,5.58350561616439e-05,-3.22284932187093e-05,NA,NA,NA,0.854286168642701,-0.0321142119857339,-0.150765781622561,0,0,50
"bivgauss",5e-05,1e+05,"hrv_full","0.1",FALSE,4.6312225324423e-05,-2.84789783366436e-05,NA,NA,NA,0.854286168642701,-0.0321142119857339,-0.150765781622561,0,0,50
"bivgauss",5e-05,1e+05,"hrv_full","0.01",TRUE,7.45083160939179e-05,-3.76438114241204e-05,NA,NA,NA,0.854286168642701,-0.0321142119857339,-0.150765781622561,0,0,50
"bivgauss",5e-05,1e+05,"hrv_interior","0.05",TRUE,5.58350561616439e-05,-3.22284932187093e-05,NA,NA,NA,0.854286168642701,-0.0321142119857339,-0.150765781622561,0,0,10
"bivgauss",5e-05,1e+05,"hrv_interior","0.1",TRUE,4.6312225324423e-05,-2.84789783366436e-05,NA,NA,NA,0.854286168642701,-0.0321142119857339,-0.150765781622561,0,0,10
"bivgauss",5e-05,1e+05,"hrv_interior","0.01",TRUE,7.45083160939179e-05,-3.76438114241204e-05,NA,NA,NA,0.854286168642701,-0.0321142119857339,-0.150765781622561,0,0,10
"bivgauss",5e-05,1e+05,"hrv_full","0.05",TRUE,5.00822250496945e-05,-3.13088370310128e-05,NA,NA,NA,0.847661669875857,-0.0439064667940954,-0.0249521704108574,0,0,50
"bivgauss",5e-05,1e+05,"hrv_full","0.1",FALSE,4.23435693866182e-05,-2.76433656904545e-05,NA,NA,NA,0.847661669875857,-0.0439064667940954,-0.0249521704108574,0,0,50
"bivgauss",5e-05,1e+05,"hrv_full","0.01",TRUE,6.40093307440157e-05,-3.77596502348662e-05,NA,NA,NA,0.847661669875857,-0.0439064667940954,-0.0249521704108574,0,0,50
"bivgauss",5e-05,1e+05,"hrv_interior","0.05",TRUE,5.00822250496945e-05,-3.13088370310128e-05,NA,NA,NA,0.847661669875857,-0.0439064667940954,-0.0249521704108574,0,0,10
"bivgauss",5e-05,1e+05,"hrv_interior","0.1",TRUE,4.23435693866182e-05,-2.76433656904545e-05,NA,NA,NA,0.847661669875857,-0.0439064667940954,-0.0249521704108574,0,0,10
"bivgauss",5e-05,1e+05,"hrv_interior","0.01",TRUE,6.40093307440157e-05,-3.77596502348662e-05,NA,NA,NA,0.847661669875857,-0.0439064667940954,-0.0249521704108574,0,0,10
"bivgauss",5e-05,1e+05,"hrv_full","0.05",FALSE,6.31827429021738e-05,-3.61696440170599e-05,NA,NA,NA,0.817330849773974,-0.0614774855973834,-0.118098038280588,0,0,50
"bivgauss",5e-05,1e+05,"hrv_full","0.1",FALSE,5.53375404845379e-05,-3.27491195170341e-05,NA,NA,NA,0.817330849773974,-0.0614774855973834,-0.118098038280588,0,0,50
"bivgauss",5e-05,1e+05,"hrv_full","0.01",TRUE,8.04989023692069e-05,-4.20199668586819e-05,NA,NA,NA,0.817330849773974,-0.0614774855973834,-0.118098038280588,0,0,50
"bivgauss",5e-05,1e+05,"hrv_interior","0.05",TRUE,6.31827429021738e-05,-3.61696440170599e-05,NA,NA,NA,0.817330849773974,-0.0614774855973834,-0.118098038280588,0,0,10
"bivgauss",5e-05,1e+05,"hrv_interior","0.1",TRUE,5.53375404845379e-05,-3.27491195170341e-05,NA,NA,NA,0.817330849773974,-0.0614774855973834,-0.118098038280588,0,0,10
"bivgauss",5e-05,1e+05,"hrv_interior","0.01",TRUE,8.04989023692069e-05,-4.20199668586819e-05,NA,NA,NA,0.817330849773974,-0.0614774855973834,-0.118098038280588,0,0,10
"bivgauss",5e-05,1e+05,"hrv_full","0.05",TRUE,5.14515873565865e-05,-3.09978149299984e-05,NA,NA,NA,0.815432969419262,-0.0317205964504664,-0.0510474887526924,0,0,50
"bivgauss",5e-05,1e+05,"hrv_full","0.1",TRUE,4.33936823539533e-05,-2.7673814545452e-05,NA,NA,NA,0.815432969419262,-0.0317205964504664,-0.0510474887526924,0,0,50
"bivgauss",5e-05,1e+05,"hrv_full","0.01",TRUE,6.75126910241631e-05,-3.76784685192596e-05,NA,NA,NA,0.815432969419262,-0.0317205964504664,-0.0510474887526924,0,0,50
"bivgauss",5e-05,1e+05,"hrv_interior","0.05",TRUE,5.14515873565865e-05,-3.09978149299984e-05,NA,NA,NA,0.815432969419262,-0.0317205964504664,-0.0510474887526924,0,0,10
"bivgauss",5e-05,1e+05,"hrv_interior","0.1",TRUE,4.33936823539533e-05,-2.7673814545452e-05,NA,NA,NA,0.815432969419262,-0.0317205964504664,-0.0510474887526924,0,0,10
"bivgauss",5e-05,1e+05,"hrv_interior","0.01",TRUE,6.75126910241631e-05,-3.76784685192596e-05,NA,NA,NA,0.815432969419262,-0.0317205964504664,-0.0510474887526924,0,0,10
"bivgauss",5e-05,1e+05,"hrv_full","0.05",FALSE,5.36461598950057e-05,-3.23282842396248e-05,NA,NA,NA,0.796467831767074,-0.141705730302089,-0.0567431183299138,0,0,50
"bivgauss",5e-05,1e+05,"hrv_full","0.1",FALSE,4.54223420761279e-05,-2.88094522498352e-05,NA,NA,NA,0.796467831767074,-0.141705730302089,-0.0567431183299138,0,0,50
"bivgauss",5e-05,1e+05,"hrv_full","0.01",FALSE,7.0487969800479e-05,-3.78292808211107e-05,NA,NA,NA,0.796467831767074,-0.141705730302089,-0.0567431183299138,0,0,50
"bivgauss",5e-05,1e+05,"hrv_interior","0.05",TRUE,5.36461598950057e-05,-3.23282842396248e-05,NA,NA,NA,0.796467831767074,-0.141705730302089,-0.0567431183299138,0,0,10
"bivgauss",5e-05,1e+05,"hrv_interior","0.1",TRUE,4.54223420761279e-05,-2.88094522498352e-05,NA,NA,NA,0.796467831767074,-0.141705730302089,-0.0567431183299138,0,0,10
"bivgauss",5e-05,1e+05,"hrv_interior","0.01",TRUE,7.0487969800479e-05,-3.78292808211107e-05,NA,NA,NA,0.796467831767074,-0.141705730302089,-0.0567431183299138,0,0,10
"bivgauss",5e-05,1e+05,"hrv_full","0.05",FALSE,4.90126296817504e-05,-3.01211344676321e-05,NA,NA,NA,0.824136301748923,-0.177056758558913,0.00120977934891298,0,0,50
"bivgauss",5e-05,1e+05,"hrv_full","0.1",FALSE,4.22558655351997e-05,-2.65453107970472e-05,NA,NA,NA,0.824136301748923,-0.177056758558913,0.00120977934891298,0,0,50
"bivgauss",5e-05,1e+05,"hrv_full","0.01",TRUE,6.50733344869223e-05,-3.56249527590325e-05,NA,NA,NA,0.824136301748923,-0.177056758558913,0.00120977934891298,0,0,50
"bivgauss",5e-05,1e+05,"hrv_interior","0.05",TRUE,4.90126296817504e-05,-3.01211344676321e-05,NA,NA,NA,0.824136301748923,-0.177056758558913,0.00120977934891298,0,0,10
"bivgauss",5e-05,1e+05,"hrv_interior","0.1",TRUE,4.22558655351997e-05,-2.65453107970472e-05,NA,NA,NA,0.824136301748923,-0.177056758558913,0.00120977934891298,0,0,10
"bivgauss",5e-05,1e+05,"hrv_interior","0.01",TRUE,6.50733344869223e-05,-3.56249527590325e-05,NA,NA,NA,0.824136301748923,-0.177056758558913,0.00120977934891298,0,0,10
"bivgauss",5e-05,1e+05,"hrv_full","0.05",FALSE,4.74928219038541e-05,-2.82624031309019e-05,NA,NA,NA,0.822366279997283,-0.150993039071608,-0.190413537808397,0,0,50
"bivgauss",5e-05,1e+05,"hrv_full","0.1",FALSE,3.91983505993373e-05,-2.54125170097298e-05,NA,NA,NA,0.822366279997283,-0.150993039071608,-0.190413537808397,0,0,50
"bivgauss",5e-05,1e+05,"hrv_full","0.01",FALSE,6.06445936829371e-05,-3.26215891553982e-05,NA,NA,NA,0.822366279997283,-0.150993039071608,-0.190413537808397,0,0,50
"bivgauss",5e-05,1e+05,"hrv_interior","0.05",FALSE,4.74928219038541e-05,-2.82624031309019e-05,NA,NA,NA,0.822366279997283,-0.150993039071608,-0.190413537808397,0,0,10
"bivgauss",5e-05,1e+05,"hrv_interior","0.1",FALSE,3.91983505993373e-05,-2.54125170097298e-05,NA,NA,NA,0.822366279997283,-0.150993039071608,-0.190413537808397,0,0,10
"bivgauss",5e-05,1e+05,"hrv_interior","0.01",TRUE,6.06445936829371e-05,-3.26215891553982e-05,NA,NA,NA,0.822366279997283,-0.150993039071608,-0.190413537808397,0,0,10
"bivgauss",5e-05,1e+05,"hrv_full","0.05",FALSE,4.76030203388762e-05,-2.89153812740685e-05,NA,NA,NA,0.797141004553324,-0.172449085380716,-0.125023830495791,0,0,50
"bivgauss",5e-05,1e+05,"hrv_full","0.1",FALSE,4.0044639059311e-05,-2.56376480207791e-05,NA,NA,NA,0.797141004553324,-0.172449085380716,-0.125023830495791,0,0,50
"bivgauss",5e-05,1e+05,"hrv_full","0.01",FALSE,6.20661298042729e-05,-3.47182136202859e-05,NA,NA,NA,0.797141004553324,-0.172449085380716,-0.125023830495791,0,0,50
"bivgauss",5e-05,1e+05,"hrv_interior","0.05",TRUE,4.76030203388762e-05,-2.89153812740685e-05,NA,NA,NA,0.797141004553324,-0.172449085380716,-0.125023830495791,0,0,10
"bivgauss",5e-05,1e+05,"hrv_interior","0.1",TRUE,4.0044639059311e-05,-2.56376480207791e-05,NA,NA,NA,0.797141004553324,-0.172449085380716,-0.125023830495791,0,0,10
"bivgauss",5e-05,1e+05,"hrv_interior","0.01",TRUE,6.20661298042729e-05,-3.47182136202859e-05,NA,NA,NA,0.797141004553324,-0.172449085380716,-0.125023830495791,0,0,10
"bivgauss",5e-05,1e+05,"hrv_full","0.05",FALSE,4.58384655435088e-05,-3.04874801452846e-05,NA,NA,NA,0.801660884097899,-0.0789685141531457,-0.141151026944159,0,0,50
"bivgauss",5e-05,1e+05,"hrv_full","0.1",FALSE,4.05382242340949e-05,-2.70505998453839e-05,NA,NA,NA,0.801660884097899,-0.0789685141531457,-0.141151026944159,0,0,50
"bivgauss",5e-05,1e+05,"hrv_full","0.01",TRUE,6.22497093709528e-05,-3.63356991498508e-05,NA,NA,NA,0.801660884097899,-0.0789685141531457,-0.141151026944159,0,0,50
"bivgauss",5e-05,1e+05,"hrv_interior","0.05",TRUE,4.58384655435088e-05,-3.04874801452846e-05,NA,NA,NA,0.801660884097899,-0.0789685141531457,-0.141151026944159,0,0,10
"bivgauss",5e-05,1e+05,"hrv_interior","0.1",TRUE,4.05382242340949e-05,-2.70505998453839e-05,NA,NA,NA,0.801660884097899,-0.0789685141531457,-0.141151026944159,0,0,10
"bivgauss",5e-05,1e+05,"hrv_interior","0.01",TRUE,6.22497093709528e-05,-3.63356991498508e-05,NA,NA,NA,0.801660884097899,-0.0789685141531457,-0.141151026944159,0,0,10
"bivgauss",5e-05,1e+05,"hrv_full","0.05",FALSE,5.05099414526132e-05,-3.18027634755306e-05,NA,NA,NA,0.770562612306862,-0.152271287780448,-0.150354613091666,0,0,50
"bivgauss",5e-05,1e+05,"hrv_full","0.1",FALSE,4.26887730177704e-05,-2.83879565346415e-05,NA,NA,NA,0.770562612306862,-0.152271287780448,-0.150354613091666,0,0,50
"bivgauss",5e-05,1e+05,"hrv_full","0.01",FALSE,6.7811940229624e-05,-3.77664352429285e-05,NA,NA,NA,0.770562612306862,-0.152271287780448,-0.150354613091666,0,0,50
"bivgauss",5e-05,1e+05,"hrv_interior","0.05",TRUE,5.05099414526132e-05,-3.18027634755306e-05,NA,NA,NA,0.770562612306862,-0.152271287780448,-0.150354613091666,0,0,10
"bivgauss",5e-05,1e+05,"hrv_interior","0.1",FALSE,4.26887730177704e-05,-2.83879565346415e-05,NA,NA,NA,0.770562612306862,-0.152271287780448,-0.150354613091666,0,0,10
"bivgauss",5e-05,1e+05,"hrv_interior","0.01",TRUE,6.7811940229624e-05,-3.77664352429285e-05,NA,NA,NA,0.770562612306862,-0.152271287780448,-0.150354613091666,0,0,10
"bivgauss",5e-05,1e+05,"hrv_full","0.05",FALSE,5.77149480563958e-05,-3.24246667629709e-05,NA,NA,NA,0.756737710258752,-0.023566588027016,-0.142548791750965,0,0,50
"bivgauss",5e-05,1e+05,"hrv_full","0.1",FALSE,4.86822221599322e-05,-2.86923228563688e-05,NA,NA,NA,0.756737710258752,-0.023566588027016,-0.142548791750965,0,0,50
"bivgauss",5e-05,1e+05,"hrv_full","0.01",FALSE,7.75285507884909e-05,-3.80770793771467e-05,NA,NA,NA,0.756737710258752,-0.023566588027016,-0.142548791750965,0,0,50
"bivgauss",5e-05,1e+05,"hrv_interior","0.05",TRUE,5.77149480563958e-05,-3.24246667629709e-05,NA,NA,NA,0.756737710258752,-0.023566588027016,-0.142548791750965,0,0,10
"bivgauss",5e-05,1e+05,"hrv_interior","0.1",FALSE,4.86822221599322e-05,-2.86923228563688e-05,NA,NA,NA,0.756737710258752,-0.023566588027016,-0.142548791750965,0,0,10
"bivgauss",5e-05,1e+05,"hrv_interior","0.01",TRUE,7.75285507884909e-05,-3.80770793771467e-05,NA,NA,NA,0.756737710258752,-0.023566588027016,-0.142548791750965,0,0,10
"bivgauss",5e-05,1e+05,"hrv_full","0.05",FALSE,4.81531411478906e-05,-2.98945822808735e-05,NA,NA,NA,0.799348811907714,-0.119704385996529,-0.152975846322334,0,0,50
"bivgauss",5e-05,1e+05,"hrv_full","0.1",FALSE,4.0973955489645e-05,-2.65281340764623e-05,NA,NA,NA,0.799348811907714,-0.119704385996529,-0.152975846322334,0,0,50
"bivgauss",5e-05,1e+05,"hrv_full","0.01",FALSE,6.30055651900442e-05,-3.67453386750172e-05,NA,NA,NA,0.799348811907714,-0.119704385996529,-0.152975846322334,0,0,50
"bivgauss",5e-05,1e+05,"hrv_interior","0.05",TRUE,4.81531411478906e-05,-2.98945822808735e-05,NA,NA,NA,0.799348811907714,-0.119704385996529,-0.152975846322334,0,0,10
"bivgauss",5e-05,1e+05,"hrv_interior","0.1",TRUE,4.0973955489645e-05,-2.65281340764623e-05,NA,NA,NA,0.799348811907714,-0.119704385996529,-0.152975846322334,0,0,10
"bivgauss",5e-05,1e+05,"hrv_interior","0.01",TRUE,6.30055651900442e-05,-3.67453386750172e-05,NA,NA,NA,0.799348811907714,-0.119704385996529,-0.152975846322334,0,0,10
"bivgauss",5e-05,1e+05,"hrv_full","0.05",TRUE,6.74487553806126e-05,-3.74476072064379e-05,NA,NA,NA,0.84839249801872,-0.0681676051555191,-0.042709263584557,0,0,50
"bivgauss",5e-05,1e+05,"hrv_full","0.1",TRUE,5.77338796688088e-05,-3.39512033906397e-05,NA,NA,NA,0.84839249801872,-0.0681676051555191,-0.042709263584557,0,0,50
"bivgauss",5e-05,1e+05,"hrv_full","0.01",TRUE,9.30455730768138e-05,-4.32695326184645e-05,NA,NA,NA,0.84839249801872,-0.0681676051555191,-0.042709263584557,0,0,50
"bivgauss",5e-05,1e+05,"hrv_interior","0.05",TRUE,6.74487553806126e-05,-3.74476072064379e-05,NA,NA,NA,0.84839249801872,-0.0681676051555191,-0.042709263584557,0,0,10
"bivgauss",5e-05,1e+05,"hrv_interior","0.1",TRUE,5.77338796688088e-05,-3.39512033906397e-05,NA,NA,NA,0.84839249801872,-0.0681676051555191,-0.042709263584557,0,0,10
"bivgauss",5e-05,1e+05,"hrv_interior","0.01",TRUE,9.30455730768138e-05,-4.32695326184645e-05,NA,NA,NA,0.84839249801872,-0.0681676051555191,-0.042709263584557,0,0,10
"bivgauss",5e-05,1e+05,"hrv_full","0.05",TRUE,4.94911770820745e-05,-3.09321843627294e-05,NA,NA,NA,0.882660979436353,-0.0101378663086985,-0.0804646434684526,0,0,50
"bivgauss",5e-05,1e+05,"hrv_full","0.1",TRUE,4.20406171944588e-05,-2.76015725625828e-05,NA,NA,NA,0.882660979436353,-0.0101378663086985,-0.0804646434684526,0,0,50
"bivgauss",5e-05,1e+05,"hrv_full","0.01",TRUE,6.50726137712819e-05,-3.6661712184951e-05,NA,NA,NA,0.882660979436353,-0.0101378663086985,-0.0804646434684526,0,0,50
"bivgauss",5e-05,1e+05,"hrv_interior","0.05",TRUE,4.94911770820745e-05,-3.09321843627294e-05,NA,NA,NA,0.882660979436353,-0.0101378663086985,-0.0804646434684526,0,0,10
"bivgauss",5e-05,1e+05,"hrv_interior","0.1",TRUE,4.20406171944588e-05,-2.76015725625828e-05,NA,NA,NA,0.882660979436353,-0.0101378663086985,-0.0804646434684526,0,0,10
"bivgauss",5e-05,1e+05,"hrv_interior","0.01",TRUE,6.50726137712819e-05,-3.6661712184951e-05,NA,NA,NA,0.882660979436353,-0.0101378663086985,-0.0804646434684526,0,0,10
"bivgauss",5e-05,1e+05,"hrv_full","0.05",TRUE,4.49782919295221e-05,-2.97253024348023e-05,NA,NA,NA,0.820853149032162,-0.0575399090633695,-0.0756822656583971,0,0,50
"bivgauss",5e-05,1e+05,"hrv_full","0.1",FALSE,3.87566024495588e-05,-2.63955744304728e-05,NA,NA,NA,0.820853149032162,-0.0575399090633695,-0.0756822656583971,0,0,50
"bivgauss",5e-05,1e+05,"hrv_full","0.01",TRUE,5.9002045189967e-05,-3.51358310034309e-05,NA,NA,NA,0.820853149032162,-0.0575399090633695,-0.0756822656583971,0,0,50
"bivgauss",5e-05,1e+05,"hrv_interior","0.05",TRUE,4.49782919295221e-05,-2.97253024348023e-05,NA,NA,NA,0.820853149032162,-0.0575399090633695,-0.0756822656583971,0,0,10
"bivgauss",5e-05,1e+05,"hrv_interior","0.1",TRUE,3.87566024495588e-05,-2.63955744304728e-05,NA,NA,NA,0.820853149032162,-0.0575399090633695,-0.0756822656583971,0,0,10
"bivgauss",5e-05,1e+05,"hrv_interior","0.01",TRUE,5.9002045189967e-05,-3.51358310034309e-05,NA,NA,NA,0.820853149032162,-0.0575399090633695,-0.0756822656583971,0,0,10
"bivgauss",5e-05,1e+05,"hrv_full","0.05",FALSE,5.15963932809973e-05,-3.10167259595149e-05,NA,NA,NA,0.811560496990345,-0.184794806525519,-0.0685630318961394,0,0,50
"bivgauss",5e-05,1e+05,"hrv_full","0.1",FALSE,4.45392123881035e-05,-2.76913414913992e-05,NA,NA,NA,0.811560496990345,-0.184794806525519,-0.0685630318961394,0,0,50
"bivgauss",5e-05,1e+05,"hrv_full","0.01",FALSE,6.86344502471588e-05,-3.72851017548286e-05,NA,NA,NA,0.811560496990345,-0.184794806525519,-0.0685630318961394,0,0,50
"bivgauss",5e-05,1e+05,"hrv_interior","0.05",TRUE,5.15963932809973e-05,-3.10167259595149e-05,NA,NA,NA,0.811560496990345,-0.184794806525519,-0.0685630318961394,0,0,10
"bivgauss",5e-05,1e+05,"hrv_interior","0.1",TRUE,4.45392123881035e-05,-2.76913414913992e-05,NA,NA,NA,0.811560496990345,-0.184794806525519,-0.0685630318961394,0,0,10
"bivgauss",5e-05,1e+05,"hrv_interior","0.01",TRUE,6.86344502471588e-05,-3.72851017548286e-05,NA,NA,NA,0.811560496990345,-0.184794806525519,-0.0685630318961394,0,0,10
"bivgauss",5e-05,1e+05,"hrv_full","0.05",FALSE,4.92226880058162e-05,-3.19395716938489e-05,NA,NA,NA,0.819825225006011,-0.0824416720334753,-0.149897948956461,0,0,50
"bivgauss",5e-05,1e+05,"hrv_full","0.1",FALSE,4.20185096028212e-05,-2.80402662599452e-05,NA,NA,NA,0.819825225006011,-0.0824416720334753,-0.149897948956461,0,0,50
"bivgauss",5e-05,1e+05,"hrv_full","0.01",FALSE,6.70124426990782e-05,-3.76455725361682e-05,NA,NA,NA,0.819825225006011,-0.0824416720334753,-0.149897948956461,0,0,50
"bivgauss",5e-05,1e+05,"hrv_interior","0.05",TRUE,4.92226880058162e-05,-3.19395716938489e-05,NA,NA,NA,0.819825225006011,-0.0824416720334753,-0.149897948956461,0,0,10
"bivgauss",5e-05,1e+05,"hrv_interior","0.1",TRUE,4.20185096028212e-05,-2.80402662599452e-05,NA,NA,NA,0.819825225006011,-0.0824416720334753,-0.149897948956461,0,0,10
"bivgauss",5e-05,1e+05,"hrv_interior","0.01",TRUE,6.70124426990782e-05,-3.76455725361682e-05,NA,NA,NA,0.819825225006011,-0.0824416720334753,-0.149897948956461,0,0,10
"bivgauss",5e-05,1e+05,"hrv_full","0.05",FALSE,5.27249821307813e-05,-3.12758110256259e-05,NA,NA,NA,0.810519755066083,0.00890111625810548,-0.114153742420659,0,0,50
"bivgauss",5e-05,1e+05,"hrv_full","0.1",FALSE,4.46277900543536e-05,-2.7715960710933e-05,NA,NA,NA,0.810519755066083,0.00890111625810548,-0.114153742420659,0,0,50
"bivgauss",5e-05,1e+05,"hrv_full","0.01",FALSE,6.66139658416499e-05,-3.66438761484284e-05,NA,NA,NA,0.810519755066083,0.00890111625810548,-0.114153742420659,0,0,50
"bivgauss",5e-05,1e+05,"hrv_interior","0.05",TRUE,5.27249821307813e-05,-3.12758110256259e-05,NA,NA,NA,0.810519755066083,0.00890111625810548,-0.114153742420659,0,0,10
"bivgauss",5e-05,1e+05,"hrv_interior","0.1",TRUE,4.46277900543536e-05,-2.7715960710933e-05,NA,NA,NA,0.810519755066083,0.00890111625810548,-0.114153742420659,0,0,10
"bivgauss",5e-05,1e+05,"hrv_interior","0.01",TRUE,6.66139658416499e-05,-3.66438761484284e-05,NA,NA,NA,0.810519755066083,0.00890111625810548,-0.114153742420659,0,0,10
"bivgauss",5e-05,1e+05,"hrv_full","0.05",FALSE,4.73643055714499e-05,-3.03125888125687e-05,NA,NA,NA,0.831006876973016,-0.167660025220792,-0.0589948343608586,0,0,50
"bivgauss",5e-05,1e+05,"hrv_full","0.1",FALSE,3.99549005975661e-05,-2.66496737639055e-05,NA,NA,NA,0.831006876973016,-0.167660025220792,-0.0589948343608586,0,0,50
"bivgauss",5e-05,1e+05,"hrv_full","0.01",FALSE,6.31171242875876e-05,-3.70526557090476e-05,NA,NA,NA,0.831006876973016,-0.167660025220792,-0.0589948343608586,0,0,50
"bivgauss",5e-05,1e+05,"hrv_interior","0.05",TRUE,4.73643055714499e-05,-3.03125888125687e-05,NA,NA,NA,0.831006876973016,-0.167660025220792,-0.0589948343608586,0,0,10
"bivgauss",5e-05,1e+05,"hrv_interior","0.1",TRUE,3.99549005975661e-05,-2.66496737639055e-05,NA,NA,NA,0.831006876973016,-0.167660025220792,-0.0589948343608586,0,0,10
"bivgauss",5e-05,1e+05,"hrv_interior","0.01",TRUE,6.31171242875876e-05,-3.70526557090476e-05,NA,NA,NA,0.831006876973016,-0.167660025220792,-0.0589948343608586,0,0,10
"bivgauss",5e-05,1e+05,"hrv_full","0.05",TRUE,5.70152777524062e-05,-3.18519715451958e-05,NA,NA,NA,0.78119991287546,-0.0485433684919759,-0.0343190274028028,0,0,50
"bivgauss",5e-05,1e+05,"hrv_full","0.1",FALSE,4.74483595709539e-05,-2.86557499754831e-05,NA,NA,NA,0.78119991287546,-0.0485433684919759,-0.0343190274028028,0,0,50
"bivgauss",5e-05,1e+05,"hrv_full","0.01",TRUE,7.4301241794189e-05,-3.63194228399395e-05,NA,NA,NA,0.78119991287546,-0.0485433684919759,-0.0343190274028028,0,0,50
"bivgauss",5e-05,1e+05,"hrv_interior","0.05",TRUE,5.70152777524062e-05,-3.18519715451958e-05,NA,NA,NA,0.78119991287546,-0.0485433684919759,-0.0343190274028028,0,0,10
"bivgauss",5e-05,1e+05,"hrv_interior","0.1",TRUE,4.74483595709539e-05,-2.86557499754831e-05,NA,NA,NA,0.78119991287546,-0.0485433684919759,-0.0343190274028028,0,0,10
"bivgauss",5e-05,1e+05,"hrv_interior","0.01",TRUE,7.4301241794189e-05,-3.63194228399395e-05,NA,NA,NA,0.78119991287546,-0.0485433684919759,-0.0343190274028028,0,0,10
"bivgauss",5e-05,1e+05,"hrv_full","0.05",FALSE,5.61253019699127e-05,-3.13888370056102e-05,NA,NA,NA,0.803577072901054,-0.0300882227385973,-0.126363330611103,0,0,50
"bivgauss",5e-05,1e+05,"hrv_full","0.1",FALSE,4.66518011377548e-05,-2.78808587505468e-05,NA,NA,NA,0.803577072901054,-0.0300882227385973,-0.126363330611103,0,0,50
"bivgauss",5e-05,1e+05,"hrv_full","0.01",FALSE,7.17289091490996e-05,-3.8262208605873e-05,NA,NA,NA,0.803577072901054,-0.0300882227385973,-0.126363330611103,0,0,50
"bivgauss",5e-05,1e+05,"hrv_interior","0.05",TRUE,5.61253019699127e-05,-3.13888370056102e-05,NA,NA,NA,0.803577072901054,-0.0300882227385973,-0.126363330611103,0,0,10
"bivgauss",5e-05,1e+05,"hrv_interior","0.1",TRUE,4.66518011377548e-05,-2.78808587505468e-05,NA,NA,NA,0.803577072901054,-0.0300882227385973,-0.126363330611103,0,0,10
"bivgauss",5e-05,1e+05,"hrv_interior","0.01",TRUE,7.17289091490996e-05,-3.8262208605873e-05,NA,NA,NA,0.803577072901054,-0.0300882227385973,-0.126363330611103,0,0,10
"bivgauss",5e-05,1e+05,"hrv_full","0.05",TRUE,6.6377829591857e-05,-3.57874479701393e-05,NA,NA,NA,0.803612257673038,-0.0148014615905103,-0.0499169934371461,0,0,50
"bivgauss",5e-05,1e+05,"hrv_full","0.1",FALSE,5.49895721085584e-05,-3.24558340693929e-05,NA,NA,NA,0.803612257673038,-0.0148014615905103,-0.0499169934371461,0,0,50
"bivgauss",5e-05,1e+05,"hrv_full","0.01",TRUE,9.31077083389874e-05,-4.09044254213148e-05,NA,NA,NA,0.803612257673038,-0.0148014615905103,-0.0499169934371461,0,0,50
"bivgauss",5e-05,1e+05,"hrv_interior","0.05",TRUE,6.6377829591857e-05,-3.57874479701393e-05,NA,NA,NA,0.803612257673038,-0.0148014615905103,-0.0499169934371461,0,0,10
"bivgauss",5e-05,1e+05,"hrv_interior","0.1",TRUE,5.49895721085584e-05,-3.24558340693929e-05,NA,NA,NA,0.803612257673038,-0.0148014615905103,-0.0499169934371461,0,0,10
"bivgauss",5e-05,1e+05,"hrv_interior","0.01",TRUE,9.31077083389874e-05,-4.09044254213148e-05,NA,NA,NA,0.803612257673038,-0.0148014615905103,-0.0499169934371461,0,0,10
"bivgauss",5e-05,1e+05,"hrv_full","0.05",FALSE,4.79307100044796e-05,-2.91844166095297e-05,NA,NA,NA,0.819289248461324,-0.151898860304867,-0.06964927690543,0,0,50
"bivgauss",5e-05,1e+05,"hrv_full","0.1",FALSE,3.97532966765297e-05,-2.56212172625838e-05,NA,NA,NA,0.819289248461324,-0.151898860304867,-0.06964927690543,0,0,50
"bivgauss",5e-05,1e+05,"hrv_full","0.01",FALSE,5.99872090017896e-05,-3.46713003198625e-05,NA,NA,NA,0.819289248461324,-0.151898860304867,-0.06964927690543,0,0,50
"bivgauss",5e-05,1e+05,"hrv_interior","0.05",TRUE,4.79307100044796e-05,-2.91844166095297e-05,NA,NA,NA,0.819289248461324,-0.151898860304867,-0.06964927690543,0,0,10
"bivgauss",5e-05,1e+05,"hrv_interior","0.1",TRUE,3.97532966765297e-05,-2.56212172625838e-05,NA,NA,NA,0.819289248461324,-0.151898860304867,-0.06964927690543,0,0,10
"bivgauss",5e-05,1e+05,"hrv_interior","0.01",TRUE,5.99872090017896e-05,-3.46713003198625e-05,NA,NA,NA,0.819289248461324,-0.151898860304867,-0.06964927690543,0,0,10
"bivgauss",5e-05,1e+05,"hrv_full","0.05",TRUE,5.2260060712562e-05,-3.30771066209454e-05,NA,NA,NA,0.856657472184461,-0.180635364642455,-0.208080649242345,0,0,50
"bivgauss",5e-05,1e+05,"hrv_full","0.1",FALSE,4.49435223797731e-05,-2.93015958440907e-05,NA,NA,NA,0.856657472184461,-0.180635364642455,-0.208080649242345,0,0,50
"bivgauss",5e-05,1e+05,"hrv_full","0.01",TRUE,6.78981594046264e-05,-4.08634141421886e-05,NA,NA,NA,0.856657472184461,-0.180635364642455,-0.208080649242345,0,0,50
"bivgauss",5e-05,1e+05,"hrv_interior","0.05",TRUE,5.2260060712562e-05,-3.30771066209454e-05,NA,NA,NA,0.856657472184461,-0.180635364642455,-0.208080649242345,0,0,10
"bivgauss",5e-05,1e+05,"hrv_interior","0.1",TRUE,4.49435223797731e-05,-2.93015958440907e-05,NA,NA,NA,0.856657472184461,-0.180635364642455,-0.208080649242345,0,0,10
"bivgauss",5e-05,1e+05,"hrv_interior","0.01",TRUE,6.78981594046264e-05,-4.08634141421886e-05,NA,NA,NA,0.856657472184461,-0.180635364642455,-0.208080649242345,0,0,10
"bivgauss",5e-05,1e+05,"hrv_full","0.05",TRUE,5.27317496736403e-05,-3.56201478598866e-05,NA,NA,NA,0.836831080043911,-0.14088008260524,-0.0590916410437234,0,0,50
"bivgauss",5e-05,1e+05,"hrv_full","0.1",FALSE,4.44769440934765e-05,-3.13698716031468e-05,NA,NA,NA,0.836831080043911,-0.14088008260524,-0.0590916410437234,0,0,50
"bivgauss",5e-05,1e+05,"hrv_full","0.01",TRUE,6.95639578134249e-05,-4.28159680471398e-05,NA,NA,NA,0.836831080043911,-0.14088008260524,-0.0590916410437234,0,0,50
"bivgauss",5e-05,1e+05,"hrv_interior","0.05",TRUE,5.27317496736403e-05,-3.56201478598866e-05,NA,NA,NA,0.836831080043911,-0.14088008260524,-0.0590916410437234,0,0,10
"bivgauss",5e-05,1e+05,"hrv_interior","0.1",TRUE,4.44769440934765e-05,-3.13698716031468e-05,NA,NA,NA,0.836831080043911,-0.14088008260524,-0.0590916410437234,0,0,10
"bivgauss",5e-05,1e+05,"hrv_interior","0.01",TRUE,6.95639578134249e-05,-4.28159680471398e-05,NA,NA,NA,0.836831080043911,-0.14088008260524,-0.0590916410437234,0,0,10
"bivgauss",5e-05,1e+05,"hrv_full","0.05",FALSE,5.16950127816033e-05,-2.95347313929558e-05,NA,NA,NA,0.793146282657169,-0.175608767211132,-0.188449179668355,0,0,50
"bivgauss",5e-05,1e+05,"hrv_full","0.1",FALSE,4.36125763089525e-05,-2.70658921841139e-05,NA,NA,NA,0.793146282657169,-0.175608767211132,-0.188449179668355,0,0,50
"bivgauss",5e-05,1e+05,"hrv_full","0.01",FALSE,6.94327071783862e-05,-3.55126092850377e-05,NA,NA,NA,0.793146282657169,-0.175608767211132,-0.188449179668355,0,0,50
"bivgauss",5e-05,1e+05,"hrv_interior","0.05",TRUE,5.16950127816033e-05,-2.95347313929558e-05,NA,NA,NA,0.793146282657169,-0.175608767211132,-0.188449179668355,0,0,10
"bivgauss",5e-05,1e+05,"hrv_interior","0.1",FALSE,4.36125763089525e-05,-2.70658921841139e-05,NA,NA,NA,0.793146282657169,-0.175608767211132,-0.188449179668355,0,0,10
"bivgauss",5e-05,1e+05,"hrv_interior","0.01",TRUE,6.94327071783862e-05,-3.55126092850377e-05,NA,NA,NA,0.793146282657169,-0.175608767211132,-0.188449179668355,0,0,10
"bivgauss",5e-05,1e+05,"hrv_full","0.05",TRUE,5.01568073639979e-05,-3.10723439811509e-05,NA,NA,NA,0.808990722943383,-0.0356893740794522,-0.0277586299706779,0,0,50
"bivgauss",5e-05,1e+05,"hrv_full","0.1",FALSE,4.25714239141632e-05,-2.7180795467596e-05,NA,NA,NA,0.808990722943383,-0.0356893740794522,-0.0277586299706779,0,0,50
"bivgauss",5e-05,1e+05,"hrv_full","0.01",TRUE,6.61141244628672e-05,-3.65140645230423e-05,NA,NA,NA,0.808990722943383,-0.0356893740794522,-0.0277586299706779,0,0,50
"bivgauss",5e-05,1e+05,"hrv_interior","0.05",TRUE,5.01568073639979e-05,-3.10723439811509e-05,NA,NA,NA,0.808990722943383,-0.0356893740794522,-0.0277586299706779,0,0,10
"bivgauss",5e-05,1e+05,"hrv_interior","0.1",TRUE,4.25714239141632e-05,-2.7180795467596e-05,NA,NA,NA,0.808990722943383,-0.0356893740794522,-0.0277586299706779,0,0,10
"bivgauss",5e-05,1e+05,"hrv_interior","0.01",TRUE,6.61141244628672e-05,-3.65140645230423e-05,NA,NA,NA,0.808990722943383,-0.0356893740794522,-0.0277586299706779,0,0,10
"bivgauss",5e-05,1e+05,"hrv_full","0.05",TRUE,4.94733466308104e-05,-3.13025783858282e-05,NA,NA,NA,0.862260004808613,-0.0554004439023486,-0.060960054421772,0,0,50
"bivgauss",5e-05,1e+05,"hrv_full","0.1",FALSE,4.30748644467774e-05,-2.81144906559107e-05,NA,NA,NA,0.862260004808613,-0.0554004439023486,-0.060960054421772,0,0,50
"bivgauss",5e-05,1e+05,"hrv_full","0.01",TRUE,6.39797079548637e-05,-3.73955582508861e-05,NA,NA,NA,0.862260004808613,-0.0554004439023486,-0.060960054421772,0,0,50
"bivgauss",5e-05,1e+05,"hrv_interior","0.05",TRUE,4.94733466308104e-05,-3.13025783858282e-05,NA,NA,NA,0.862260004808613,-0.0554004439023486,-0.060960054421772,0,0,10
"bivgauss",5e-05,1e+05,"hrv_interior","0.1",TRUE,4.30748644467774e-05,-2.81144906559107e-05,NA,NA,NA,0.862260004808613,-0.0554004439023486,-0.060960054421772,0,0,10
"bivgauss",5e-05,1e+05,"hrv_interior","0.01",TRUE,6.39797079548637e-05,-3.73955582508861e-05,NA,NA,NA,0.862260004808613,-0.0554004439023486,-0.060960054421772,0,0,10
"bivgauss",5e-05,1e+05,"hrv_full","0.05",FALSE,4.55760752235112e-05,-2.91230853600383e-05,NA,NA,NA,0.800294736180504,-0.0729790521101969,-0.131947813310795,0,0,50
"bivgauss",5e-05,1e+05,"hrv_full","0.1",FALSE,3.93082068887486e-05,-2.56770962096685e-05,NA,NA,NA,0.800294736180504,-0.0729790521101969,-0.131947813310795,0,0,50
"bivgauss",5e-05,1e+05,"hrv_full","0.01",FALSE,6.13402767795245e-05,-3.38604942137097e-05,NA,NA,NA,0.800294736180504,-0.0729790521101969,-0.131947813310795,0,0,50
"bivgauss",5e-05,1e+05,"hrv_interior","0.05",TRUE,4.55760752235112e-05,-2.91230853600383e-05,NA,NA,NA,0.800294736180504,-0.0729790521101969,-0.131947813310795,0,0,10
"bivgauss",5e-05,1e+05,"hrv_interior","0.1",TRUE,3.93082068887486e-05,-2.56770962096685e-05,NA,NA,NA,0.800294736180504,-0.0729790521101969,-0.131947813310795,0,0,10
"bivgauss",5e-05,1e+05,"hrv_interior","0.01",TRUE,6.13402767795245e-05,-3.38604942137097e-05,NA,NA,NA,0.800294736180504,-0.0729790521101969,-0.131947813310795,0,0,10
"bivgauss",5e-05,1e+05,"hrv_full","0.05",TRUE,6.06651053340427e-05,-3.80275140609852e-05,NA,NA,NA,0.827966482810973,-0.0595063302664754,-0.0971326882418521,0,0,50
"bivgauss",5e-05,1e+05,"hrv_full","0.1",TRUE,5.14894887997146e-05,-3.26509264366944e-05,NA,NA,NA,0.827966482810973,-0.0595063302664754,-0.0971326882418521,0,0,50
"bivgauss",5e-05,1e+05,"hrv_full","0.01",TRUE,8.12654872668248e-05,-4.45835847320515e-05,NA,NA,NA,0.827966482810973,-0.0595063302664754,-0.0971326882418521,0,0,50
"bivgauss",5e-05,1e+05,"hrv_interior","0.05",TRUE,6.06651053340427e-05,-3.80275140609852e-05,NA,NA,NA,0.827966482810973,-0.0595063302664754,-0.0971326882418521,0,0,10
"bivgauss",5e-05,1e+05,"hrv_interior","0.1",TRUE,5.14894887997146e-05,-3.26509264366944e-05,NA,NA,NA,0.827966482810973,-0.0595063302664754,-0.0971326882418521,0,0,10
"bivgauss",5e-05,1e+05,"hrv_interior","0.01",TRUE,8.12654872668248e-05,-4.45835847320515e-05,NA,NA,NA,0.827966482810973,-0.0595063302664754,-0.0971326882418521,0,0,10
"bivgauss",5e-05,1e+05,"hrv_full","0.05",FALSE,5.42382347523421e-05,-3.18370252969538e-05,NA,NA,NA,0.83266036377339,-0.0478542178037082,-0.044753847253702,0,0,50
"bivgauss",5e-05,1e+05,"hrv_full","0.1",FALSE,4.48104780449044e-05,-2.85147415283484e-05,NA,NA,NA,0.83266036377339,-0.0478542178037082,-0.044753847253702,0,0,50
"bivgauss",5e-05,1e+05,"hrv_full","0.01",TRUE,7.08738583157747e-05,-3.70648311866098e-05,NA,NA,NA,0.83266036377339,-0.0478542178037082,-0.044753847253702,0,0,50
"bivgauss",5e-05,1e+05,"hrv_interior","0.05",TRUE,5.42382347523421e-05,-3.18370252969538e-05,NA,NA,NA,0.83266036377339,-0.0478542178037082,-0.044753847253702,0,0,10
"bivgauss",5e-05,1e+05,"hrv_interior","0.1",TRUE,4.48104780449044e-05,-2.85147415283484e-05,NA,NA,NA,0.83266036377339,-0.0478542178037082,-0.044753847253702,0,0,10
"bivgauss",5e-05,1e+05,"hrv_interior","0.01",TRUE,7.08738583157747e-05,-3.70648311866098e-05,NA,NA,NA,0.83266036377339,-0.0478542178037082,-0.044753847253702,0,0,10
"bivgauss",5e-05,1e+05,"hrv_full","0.05",TRUE,5.27186084577217e-05,-3.18495597745742e-05,NA,NA,NA,0.879269457609358,-0.0671098513385078,-0.121287061017562,0,0,50
"bivgauss",5e-05,1e+05,"hrv_full","0.1",TRUE,4.59298409372432e-05,-2.83822771429678e-05,NA,NA,NA,0.879269457609358,-0.0671098513385078,-0.121287061017562,0,0,50
"bivgauss",5e-05,1e+05,"hrv_full","0.01",TRUE,7.12679573895182e-05,-3.75042057754411e-05,NA,NA,NA,0.879269457609358,-0.0671098513385078,-0.121287061017562,0,0,50
"bivgauss",5e-05,1e+05,"hrv_interior","0.05",TRUE,5.27186084577217e-05,-3.18495597745742e-05,NA,NA,NA,0.879269457609358,-0.0671098513385078,-0.121287061017562,0,0,10
"bivgauss",5e-05,1e+05,"hrv_interior","0.1",TRUE,4.59298409372432e-05,-2.83822771429678e-05,NA,NA,NA,0.879269457609358,-0.0671098513385078,-0.121287061017562,0,0,10
"bivgauss",5e-05,1e+05,"hrv_interior","0.01",TRUE,7.12679573895182e-05,-3.75042057754411e-05,NA,NA,NA,0.879269457609358,-0.0671098513385078,-0.121287061017562,0,0,10
"bivgauss",5e-05,1e+05,"hrv_full","0.05",FALSE,4.51118054950328e-05,-2.98232665851611e-05,NA,NA,NA,0.846293713562644,-0.197381118835328,-0.0870411335174516,0,0,50
"bivgauss",5e-05,1e+05,"hrv_full","0.1",FALSE,3.88060301383198e-05,-2.65183487794004e-05,NA,NA,NA,0.846293713562644,-0.197381118835328,-0.0870411335174516,0,0,50
"bivgauss",5e-05,1e+05,"hrv_full","0.01",FALSE,5.92982866669929e-05,-3.60164821754732e-05,NA,NA,NA,0.846293713562644,-0.197381118835328,-0.0870411335174516,0,0,50
"bivgauss",5e-05,1e+05,"hrv_interior","0.05",TRUE,4.51118054950328e-05,-2.98232665851611e-05,NA,NA,NA,0.846293713562644,-0.197381118835328,-0.0870411335174516,0,0,10
"bivgauss",5e-05,1e+05,"hrv_interior","0.1",TRUE,3.88060301383198e-05,-2.65183487794004e-05,NA,NA,NA,0.846293713562644,-0.197381118835328,-0.0870411335174516,0,0,10
"bivgauss",5e-05,1e+05,"hrv_interior","0.01",TRUE,5.92982866669929e-05,-3.60164821754732e-05,NA,NA,NA,0.846293713562644,-0.197381118835328,-0.0870411335174516,0,0,10
"bivgauss",5e-05,1e+05,"hrv_full","0.05",TRUE,5.23621810819895e-05,-3.14792595369595e-05,NA,NA,NA,0.846025674997436,-0.023784331006161,-0.0484345790107164,0,0,50
"bivgauss",5e-05,1e+05,"hrv_full","0.1",FALSE,4.4788891066122e-05,-2.8310477891186e-05,NA,NA,NA,0.846025674997436,-0.023784331006161,-0.0484345790107164,0,0,50
"bivgauss",5e-05,1e+05,"hrv_full","0.01",TRUE,7.01855247505811e-05,-3.78574852574961e-05,NA,NA,NA,0.846025674997436,-0.023784331006161,-0.0484345790107164,0,0,50
"bivgauss",5e-05,1e+05,"hrv_interior","0.05",TRUE,5.23621810819895e-05,-3.14792595369595e-05,NA,NA,NA,0.846025674997436,-0.023784331006161,-0.0484345790107164,0,0,10
"bivgauss",5e-05,1e+05,"hrv_interior","0.1",TRUE,4.4788891066122e-05,-2.8310477891186e-05,NA,NA,NA,0.846025674997436,-0.023784331006161,-0.0484345790107164,0,0,10
"bivgauss",5e-05,1e+05,"hrv_interior","0.01",TRUE,7.01855247505811e-05,-3.78574852574961e-05,NA,NA,NA,0.846025674997436,-0.023784331006161,-0.0484345790107164,0,0,10
