"dist","p","n","alpha","sim","w","g","raw_lo","raw_hi","status","eta_hat","xi_gpd1","xi_gpd2","fallback_frac","clamp_frac"
"karachiBetaKDE",5e-04,10000,"0.05",1,0.97891796945672,1.93126570839711,-1.01243561510578,0.774833187055864,"escaped_inner",0.140056762525219,-0.130166480937207,-0.787845292668274,0.0027,0.9004
"karachiBetaKDE",5e-04,10000,"0.05",1,0.977147923248112,1.95079110989341,-1.01243561510578,0.774833187055864,"escaped_inner",0.140056762525219,-0.130166480937207,-0.787845292668274,0.0027,0.9004
"karachiBetaKDE",5e-04,10000,"0.05",1,0.975392157375374,1.94828655819375,-1.01243561510578,0.774833187055864,"escaped_inner",0.140056762525219,-0.130166480937207,-0.787845292668274,0.0027,0.9004
"karachiBetaKDE",5e-04,10000,"0.05",1,0.973728307066674,1.91057742778155,-1.01243561510578,0.774833187055864,"escaped_inner",0.140056762525219,-0.130166480937207,-0.787845292668274,0.0027,0.9004
"karachiBetaKDE",5e-04,10000,"0.05",1,0.972148603393168,1.87331532189383,-1.01243561510578,0.774833187055864,"escaped_inner",0.140056762525219,-0.130166480937207,-0.787845292668274,0.0027,0.9004
"karachiBetaKDE",5e-04,10000,"0.05",1,0.970556154699355,1.82380577213486,-1.01243561510578,0.774833187055864,"escaped_inner",0.140056762525219,-0.130166480937207,-0.787845292668274,0.0027,0.9004
"karachiBetaKDE",5e-04,10000,"0.05",1,0.968823546619977,1.830000047512,-1.01243561510578,0.774833187055864,"escaped_inner",0.140056762525219,-0.130166480937207,-0.787845292668274,0.0027,0.9004
"karachiBetaKDE",5e-04,10000,"0.05",1,0.966856602335362,1.74801024935794,-1.01243561510578,0.774833187055864,"escaped_inner",0.140056762525219,-0.130166480937207,-0.787845292668274,0.0027,0.9004
"karachiBetaKDE",5e-04,10000,"0.05",1,0.964584553599988,1.67527966858758,-1.01243561510578,0.774833187055864,"escaped_inner",0.140056762525219,-0.130166480937207,-0.787845292668274,0.0027,0.9004
"karachiBetaKDE",5e-04,10000,"0.05",1,0.961904962533908,1.65837210257229,-1.01243561510578,0.774833187055864,"escaped_inner",0.140056762525219,-0.130166480937207,-0.787845292668274,0.0027,0.9004
"karachiBetaKDE",5e-04,10000,"0.05",1,0.958671657270623,1.57743586507729,-1.01243561510578,0.774833187055864,"escaped_inner",0.140056762525219,-0.130166480937207,-0.787845292668274,0.0027,0.9004
"karachiBetaKDE",5e-04,10000,"0.05",1,0.954760748875313,1.57016889152314,-1.01243561510578,0.774833187055864,"escaped_inner",0.140056762525219,-0.130166480937207,-0.787845292668274,0.0027,0.9004
"karachiBetaKDE",5e-04,10000,"0.05",1,0.950123279437843,1.5295760146856,-1.01243561510578,0.774833187055864,"escaped_inner",0.140056762525219,-0.130166480937207,-0.787845292668274,0.0027,0.9004
"karachiBetaKDE",5e-04,10000,"0.05",1,0.944774242698295,1.41673381446841,-1.01243561510578,0.774833187055864,"escaped_inner",0.140056762525219,-0.130166480937207,-0.787845292668274,0.0027,0.9004
"karachiBetaKDE",5e-04,10000,"0.05",1,0.938744520641643,1.34238693336366,-1.01243561510578,0.774833187055864,"escaped_inner",0.140056762525219,-0.130166480937207,-0.787845292668274,0.0027,0.9004
"karachiBetaKDE",5e-04,10000,"0.05",1,0.932033249415245,1.22787965942489,-1.01243561510578,0.774833187055864,"escaped_inner",0.140056762525219,-0.130166480937207,-0.787845292668274,0.0027,0.9004
"karachiBetaKDE",5e-04,10000,"0.05",1,0.924586215878857,1.06972652980368,-1.01243561510578,0.774833187055864,"escaped_inner",0.140056762525219,-0.130166480937207,-0.787845292668274,0.0027,0.9004
"karachiBetaKDE",5e-04,10000,"0.05",1,0.916299600528128,0.991212054827913,-1.01243561510578,0.774833187055864,"escaped_inner",0.140056762525219,-0.130166480937207,-0.787845292668274,0.0027,0.9004
"karachiBetaKDE",5e-04,10000,"0.05",1,0.907026985009363,0.856883290416859,-1.01243561510578,0.774833187055864,"escaped_inner",0.140056762525219,-0.130166480937207,-0.787845292668274,0.0027,0.9004
"karachiBetaKDE",5e-04,10000,"0.05",1,0.896586843613339,0.781676346957657,-1.01243561510578,0.774833187055864,"escaped_inner",0.140056762525219,-0.130166480937207,-0.787845292668274,0.0027,0.9004
"karachiBetaKDE",5e-04,10000,"0.05",1,0.884771092114384,0.654297339403871,-1.01243561510578,0.774833187055864,"covered",0.140056762525219,-0.130166480937207,-0.787845292668274,0.0027,0.9004
"karachiBetaKDE",5e-04,10000,"0.05",1,0.87139537236811,0.500611759083795,-1.01243561510578,0.774833187055864,"covered",0.140056762525219,-0.130166480937207,-0.787845292668274,0.0027,0.9004
"karachiBetaKDE",5e-04,10000,"0.05",1,0.856354046676824,0.351494700388559,-1.01243561510578,0.774833187055864,"covered",0.140056762525219,-0.130166480937207,-0.787845292668274,0.0027,0.9004
"karachiBetaKDE",5e-04,10000,"0.05",1,0.839610207739494,0.418353661122663,-1.01243561510578,0.774833187055864,"covered",0.140056762525219,-0.130166480937207,-0.787845292668274,0.0027,0.9004
"karachiBetaKDE",5e-04,10000,"0.05",1,0.821080728047109,0.440313381554545,-1.01243561510578,0.774833187055864,"covered",0.140056762525219,-0.130166480937207,-0.787845292668274,0.0027,0.9004
"karachiBetaKDE",5e-04,10000,"0.05",1,0.800567701187619,0.41734823335487,-1.01243561510578,0.774833187055864,"covered",0.140056762525219,-0.130166480937207,-0.787845292668274,0.0027,0.9004
"karachiBetaKDE",5e-04,10000,"0.05",1,0.777885607549507,0.372634820513819,-1.01243561510578,0.774833187055864,"covered",0.140056762525219,-0.130166480937207,-0.787845292668274,0.0027,0.9004
"karachiBetaKDE",5e-04,10000,"0.05",1,0.752982458946362,0.362991860373019,-1.01243561510578,0.774833187055864,"covered",0.140056762525219,-0.130166480937207,-0.787845292668274,0.0027,0.9004
"karachiBetaKDE",5e-04,10000,"0.05",1,0.725790234162741,0.155589055793627,-1.01243561510578,0.774833187055864,"covered",0.140056762525219,-0.130166480937207,-0.787845292668274,0.0027,0.9004
"karachiBetaKDE",5e-04,10000,"0.05",1,0.69606561161469,-0.0882619568289563,-1.01243561510578,0.774833187055864,"covered",0.140056762525219,-0.130166480937207,-0.787845292668274,0.0027,0.9004
"karachiBetaKDE",5e-04,10000,"0.05",1,0.663699698655259,-0.2153020984556,-1.01243561510578,0.774833187055864,"covered",0.140056762525219,-0.130166480937207,-0.787845292668274,0.0027,0.9004
"karachiBetaKDE",5e-04,10000,"0.05",1,0.629093271635229,-0.419013097276111,-1.01243561510578,0.774833187055864,"covered",0.140056762525219,-0.130166480937207,-0.787845292668274,0.0027,0.9004
"karachiBetaKDE",5e-04,10000,"0.05",1,0.592868808043879,-0.490433711454196,-1.01243561510578,0.774833187055864,"covered",0.140056762525219,-0.130166480937207,-0.787845292668274,0.0027,0.9004
"karachiBetaKDE",5e-04,10000,"0.05",1,0.555319981977444,-0.395340097993515,-1.01243561510578,0.774833187055864,"covered",0.140056762525219,-0.130166480937207,-0.787845292668274,0.0027,0.9004
"karachiBetaKDE",5e-04,10000,"0.05",1,0.51647843189623,-0.482375478800977,-1.01243561510578,0.774833187055864,"covered",0.140056762525219,-0.130166480937207,-0.787845292668274,0.0027,0.9004
"karachiBetaKDE",5e-04,10000,"0.05",1,0.476735140026402,-0.423896716715006,-1.01243561510578,0.774833187055864,"covered",0.140056762525219,-0.130166480937207,-0.787845292668274,0.0027,0.9004
"karachiBetaKDE",5e-04,10000,"0.05",1,0.436928695095447,-0.606353620895426,-1.01243561510578,0.774833187055864,"covered",0.140056762525219,-0.130166480937207,-0.787845292668274,0.0027,0.9004
"karachiBetaKDE",5e-04,10000,"0.05",1,0.397723723245424,-0.738581009963193,-1.01243561510578,0.774833187055864,"covered",0.140056762525219,-0.130166480937207,-0.787845292668274,0.0027,0.9004
"karachiBetaKDE",5e-04,10000,"0.05",1,0.359240914828636,-0.836731630938539,-1.01243561510578,0.774833187055864,"covered",0.140056762525219,-0.130166480937207,-0.787845292668274,0.0027,0.9004
"karachiBetaKDE",5e-04,10000,"0.05",1,0.321562845842307,-0.927663007644489,-1.01243561510578,0.774833187055864,"covered",0.140056762525219,-0.130166480937207,-0.787845292668274,0.0027,0.9004
"karachiBetaKDE",5e-04,10000,"0.05",1,0.285197981475766,-0.911650475713178,-1.01243561510578,0.774833187055864,"covered",0.140056762525219,-0.130166480937207,-0.787845292668274,0.0027,0.9004
"karachiBetaKDE",5e-04,10000,"0.05",1,0.250836215776904,-0.909518426927607,-1.01243561510578,0.774833187055864,"covered",0.140056762525219,-0.130166480937207,-0.787845292668274,0.0027,0.9004
"karachiBetaKDE",5e-04,10000,"0.05",1,0.219082914662495,-0.784278334476891,-1.01243561510578,0.774833187055864,"covered",0.140056762525219,-0.130166480937207,-0.787845292668274,0.0027,0.9004
"karachiBetaKDE",5e-04,10000,"0.05",1,0.190309773296301,-0.644178823687984,-1.01243561510578,0.774833187055864,"covered",0.140056762525219,-0.130166480937207,-0.787845292668274,0.0027,0.9004
"karachiBetaKDE",5e-04,10000,"0.05",1,0.164610609577326,-0.740594297995073,-1.01243561510578,0.774833187055864,"covered",0.140056762525219,-0.130166480937207,-0.787845292668274,0.0027,0.9004
"karachiBetaKDE",5e-04,10000,"0.05",1,0.141983640287116,-0.81080835264396,-1.01243561510578,0.774833187055864,"covered",0.140056762525219,-0.130166480937207,-0.787845292668274,0.0027,0.9004
"karachiBetaKDE",5e-04,10000,"0.05",1,0.122267432828818,-0.841898502389247,-1.01243561510578,0.774833187055864,"covered",0.140056762525219,-0.130166480937207,-0.787845292668274,0.0027,0.9004
"karachiBetaKDE",5e-04,10000,"0.05",1,0.104618038263181,-0.859628299538202,-1.01243561510578,0.774833187055864,"covered",0.140056762525219,-0.130166480937207,-0.787845292668274,0.0027,0.9004
"karachiBetaKDE",5e-04,10000,"0.05",1,0.0886383514543017,-0.813391776699514,-1.01243561510578,0.774833187055864,"covered",0.140056762525219,-0.130166480937207,-0.787845292668274,0.0027,0.9004
"karachiBetaKDE",5e-04,10000,"0.05",1,0.0748475445763621,-0.618490698985852,-1.01243561510578,0.774833187055864,"covered",0.140056762525219,-0.130166480937207,-0.787845292668274,0.0027,0.9004
"karachiBetaKDE",5e-04,10000,"0.05",1,0.06353753376898,-0.426161643409086,-1.01243561510578,0.774833187055864,"covered",0.140056762525219,-0.130166480937207,-0.787845292668274,0.0027,0.9004
"karachiBetaKDE",5e-04,10000,"0.05",1,0.0542627209029139,-0.264896879285694,-1.01243561510578,0.774833187055864,"covered",0.140056762525219,-0.130166480937207,-0.787845292668274,0.0027,0.9004
"karachiBetaKDE",5e-04,10000,"0.05",1,0.0464829494966246,-0.0243822226967945,-1.01243561510578,0.774833187055864,"covered",0.140056762525219,-0.130166480937207,-0.787845292668274,0.0027,0.9004
"karachiBetaKDE",5e-04,10000,"0.05",1,0.0399020505287196,0.240162100565298,-1.01243561510578,0.774833187055864,"covered",0.140056762525219,-0.130166480937207,-0.787845292668274,0.0027,0.9004
"karachiBetaKDE",5e-04,10000,"0.05",1,0.0342638781639597,0.497671106058401,-1.01243561510578,0.774833187055864,"covered",0.140056762525219,-0.130166480937207,-0.787845292668274,0.0027,0.9004
"karachiBetaKDE",5e-04,10000,"0.05",1,0.029112520606684,0.741339707260687,-1.01243561510578,0.774833187055864,"covered",0.140056762525219,-0.130166480937207,-0.787845292668274,0.0027,0.9004
"karachiBetaKDE",5e-04,10000,"0.05",1,0.0239701700290124,0.829603508866504,-1.01243561510578,0.774833187055864,"escaped_inner",0.140056762525219,-0.130166480937207,-0.787845292668274,0.0027,0.9004
"karachiBetaKDE",5e-04,10000,"0.05",2,0.97891796945672,1.89827131681726,-0.835631468421647,0.666027735945053,"escaped_inner",0.15028374612012,-0.0916226044452571,-0.641497234655073,5e-04,0.689
"karachiBetaKDE",5e-04,10000,"0.05",2,0.977147923248112,1.8956533582118,-0.835631468421647,0.666027735945053,"escaped_inner",0.15028374612012,-0.0916226044452571,-0.641497234655073,5e-04,0.689
"karachiBetaKDE",5e-04,10000,"0.05",2,0.975392157375374,1.91966771839626,-0.835631468421647,0.666027735945053,"escaped_inner",0.15028374612012,-0.0916226044452571,-0.641497234655073,5e-04,0.689
"karachiBetaKDE",5e-04,10000,"0.05",2,0.973728307066674,1.93840257859868,-0.835631468421647,0.666027735945053,"escaped_inner",0.15028374612012,-0.0916226044452571,-0.641497234655073,5e-04,0.689
"karachiBetaKDE",5e-04,10000,"0.05",2,0.972148603393168,1.92023461415137,-0.835631468421647,0.666027735945053,"escaped_inner",0.15028374612012,-0.0916226044452571,-0.641497234655073,5e-04,0.689
"karachiBetaKDE",5e-04,10000,"0.05",2,0.970556154699355,1.8732850216326,-0.835631468421647,0.666027735945053,"escaped_inner",0.15028374612012,-0.0916226044452571,-0.641497234655073,5e-04,0.689
"karachiBetaKDE",5e-04,10000,"0.05",2,0.968823546619977,1.82914144659153,-0.835631468421647,0.666027735945053,"escaped_inner",0.15028374612012,-0.0916226044452571,-0.641497234655073,5e-04,0.689
"karachiBetaKDE",5e-04,10000,"0.05",2,0.966856602335362,1.78612183449123,-0.835631468421647,0.666027735945053,"escaped_inner",0.15028374612012,-0.0916226044452571,-0.641497234655073,5e-04,0.689
"karachiBetaKDE",5e-04,10000,"0.05",2,0.964584553599988,1.77621420705605,-0.835631468421647,0.666027735945053,"escaped_inner",0.15028374612012,-0.0916226044452571,-0.641497234655073,5e-04,0.689
"karachiBetaKDE",5e-04,10000,"0.05",2,0.961904962533908,1.71241024013581,-0.835631468421647,0.666027735945053,"escaped_inner",0.15028374612012,-0.0916226044452571,-0.641497234655073,5e-04,0.689
"karachiBetaKDE",5e-04,10000,"0.05",2,0.958671657270623,1.65994347699709,-0.835631468421647,0.666027735945053,"escaped_inner",0.15028374612012,-0.0916226044452571,-0.641497234655073,5e-04,0.689
"karachiBetaKDE",5e-04,10000,"0.05",2,0.954760748875313,1.57690621036838,-0.835631468421647,0.666027735945053,"escaped_inner",0.15028374612012,-0.0916226044452571,-0.641497234655073,5e-04,0.689
"karachiBetaKDE",5e-04,10000,"0.05",2,0.950123279437843,1.53497991788859,-0.835631468421647,0.666027735945053,"escaped_inner",0.15028374612012,-0.0916226044452571,-0.641497234655073,5e-04,0.689
"karachiBetaKDE",5e-04,10000,"0.05",2,0.944774242698295,1.46684315759595,-0.835631468421647,0.666027735945053,"escaped_inner",0.15028374612012,-0.0916226044452571,-0.641497234655073,5e-04,0.689
"karachiBetaKDE",5e-04,10000,"0.05",2,0.938744520641643,1.36417722898839,-0.835631468421647,0.666027735945053,"escaped_inner",0.15028374612012,-0.0916226044452571,-0.641497234655073,5e-04,0.689
"karachiBetaKDE",5e-04,10000,"0.05",2,0.932033249415245,1.2802128311938,-0.835631468421647,0.666027735945053,"escaped_inner",0.15028374612012,-0.0916226044452571,-0.641497234655073,5e-04,0.689
"karachiBetaKDE",5e-04,10000,"0.05",2,0.924586215878857,1.16804500079812,-0.835631468421647,0.666027735945053,"escaped_inner",0.15028374612012,-0.0916226044452571,-0.641497234655073,5e-04,0.689
"karachiBetaKDE",5e-04,10000,"0.05",2,0.916299600528128,1.12376026589655,-0.835631468421647,0.666027735945053,"escaped_inner",0.15028374612012,-0.0916226044452571,-0.641497234655073,5e-04,0.689
"karachiBetaKDE",5e-04,10000,"0.05",2,0.907026985009363,1.01799579385825,-0.835631468421647,0.666027735945053,"escaped_inner",0.15028374612012,-0.0916226044452571,-0.641497234655073,5e-04,0.689
"karachiBetaKDE",5e-04,10000,"0.05",2,0.896586843613339,0.876715817416427,-0.835631468421647,0.666027735945053,"escaped_inner",0.15028374612012,-0.0916226044452571,-0.641497234655073,5e-04,0.689
"karachiBetaKDE",5e-04,10000,"0.05",2,0.884771092114384,0.868923885949054,-0.835631468421647,0.666027735945053,"escaped_inner",0.15028374612012,-0.0916226044452571,-0.641497234655073,5e-04,0.689
"karachiBetaKDE",5e-04,10000,"0.05",2,0.87139537236811,0.824425737531147,-0.835631468421647,0.666027735945053,"escaped_inner",0.15028374612012,-0.0916226044452571,-0.641497234655073,5e-04,0.689
"karachiBetaKDE",5e-04,10000,"0.05",2,0.856354046676824,0.702928578829807,-0.835631468421647,0.666027735945053,"escaped_inner",0.15028374612012,-0.0916226044452571,-0.641497234655073,5e-04,0.689
"karachiBetaKDE",5e-04,10000,"0.05",2,0.839610207739494,0.714506134538766,-0.835631468421647,0.666027735945053,"escaped_inner",0.15028374612012,-0.0916226044452571,-0.641497234655073,5e-04,0.689
"karachiBetaKDE",5e-04,10000,"0.05",2,0.821080728047109,0.677432436790014,-0.835631468421647,0.666027735945053,"escaped_inner",0.15028374612012,-0.0916226044452571,-0.641497234655073,5e-04,0.689
"karachiBetaKDE",5e-04,10000,"0.05",2,0.800567701187619,0.563696646349748,-0.835631468421647,0.666027735945053,"covered",0.15028374612012,-0.0916226044452571,-0.641497234655073,5e-04,0.689
"karachiBetaKDE",5e-04,10000,"0.05",2,0.777885607549507,0.35928385199673,-0.835631468421647,0.666027735945053,"covered",0.15028374612012,-0.0916226044452571,-0.641497234655073,5e-04,0.689
"karachiBetaKDE",5e-04,10000,"0.05",2,0.752982458946362,0.311404621378346,-0.835631468421647,0.666027735945053,"covered",0.15028374612012,-0.0916226044452571,-0.641497234655073,5e-04,0.689
"karachiBetaKDE",5e-04,10000,"0.05",2,0.725790234162741,0.251384398144431,-0.835631468421647,0.666027735945053,"covered",0.15028374612012,-0.0916226044452571,-0.641497234655073,5e-04,0.689
"karachiBetaKDE",5e-04,10000,"0.05",2,0.69606561161469,0.154850695624389,-0.835631468421647,0.666027735945053,"covered",0.15028374612012,-0.0916226044452571,-0.641497234655073,5e-04,0.689
"karachiBetaKDE",5e-04,10000,"0.05",2,0.663699698655259,0.0653596160263166,-0.835631468421647,0.666027735945053,"covered",0.15028374612012,-0.0916226044452571,-0.641497234655073,5e-04,0.689
"karachiBetaKDE",5e-04,10000,"0.05",2,0.629093271635229,-0.0423446776841162,-0.835631468421647,0.666027735945053,"covered",0.15028374612012,-0.0916226044452571,-0.641497234655073,5e-04,0.689
"karachiBetaKDE",5e-04,10000,"0.05",2,0.592868808043879,-0.105321598764906,-0.835631468421647,0.666027735945053,"covered",0.15028374612012,-0.0916226044452571,-0.641497234655073,5e-04,0.689
"karachiBetaKDE",5e-04,10000,"0.05",2,0.555319981977444,-0.234625049916377,-0.835631468421647,0.666027735945053,"covered",0.15028374612012,-0.0916226044452571,-0.641497234655073,5e-04,0.689
"karachiBetaKDE",5e-04,10000,"0.05",2,0.51647843189623,-0.297786796004385,-0.835631468421647,0.666027735945053,"covered",0.15028374612012,-0.0916226044452571,-0.641497234655073,5e-04,0.689
"karachiBetaKDE",5e-04,10000,"0.05",2,0.476735140026402,-0.342645773711702,-0.835631468421647,0.666027735945053,"covered",0.15028374612012,-0.0916226044452571,-0.641497234655073,5e-04,0.689
"karachiBetaKDE",5e-04,10000,"0.05",2,0.436928695095447,-0.392065639988793,-0.835631468421647,0.666027735945053,"covered",0.15028374612012,-0.0916226044452571,-0.641497234655073,5e-04,0.689
"karachiBetaKDE",5e-04,10000,"0.05",2,0.397723723245424,-0.425860114349549,-0.835631468421647,0.666027735945053,"covered",0.15028374612012,-0.0916226044452571,-0.641497234655073,5e-04,0.689
"karachiBetaKDE",5e-04,10000,"0.05",2,0.359240914828636,-0.516871934218399,-0.835631468421647,0.666027735945053,"covered",0.15028374612012,-0.0916226044452571,-0.641497234655073,5e-04,0.689
"karachiBetaKDE",5e-04,10000,"0.05",2,0.321562845842307,-0.494219015559866,-0.835631468421647,0.666027735945053,"covered",0.15028374612012,-0.0916226044452571,-0.641497234655073,5e-04,0.689
"karachiBetaKDE",5e-04,10000,"0.05",2,0.285197981475766,-0.487619102687201,-0.835631468421647,0.666027735945053,"covered",0.15028374612012,-0.0916226044452571,-0.641497234655073,5e-04,0.689
"karachiBetaKDE",5e-04,10000,"0.05",2,0.250836215776904,-0.588843285478454,-0.835631468421647,0.666027735945053,"covered",0.15028374612012,-0.0916226044452571,-0.641497234655073,5e-04,0.689
"karachiBetaKDE",5e-04,10000,"0.05",2,0.219082914662495,-0.533597908906594,-0.835631468421647,0.666027735945053,"covered",0.15028374612012,-0.0916226044452571,-0.641497234655073,5e-04,0.689
"karachiBetaKDE",5e-04,10000,"0.05",2,0.190309773296301,-0.391189915866116,-0.835631468421647,0.666027735945053,"covered",0.15028374612012,-0.0916226044452571,-0.641497234655073,5e-04,0.689
"karachiBetaKDE",5e-04,10000,"0.05",2,0.164610609577326,-0.364879062596848,-0.835631468421647,0.666027735945053,"covered",0.15028374612012,-0.0916226044452571,-0.641497234655073,5e-04,0.689
"karachiBetaKDE",5e-04,10000,"0.05",2,0.141983640287116,-0.343061385107891,-0.835631468421647,0.666027735945053,"covered",0.15028374612012,-0.0916226044452571,-0.641497234655073,5e-04,0.689
"karachiBetaKDE",5e-04,10000,"0.05",2,0.122267432828818,-0.336765928144104,-0.835631468421647,0.666027735945053,"covered",0.15028374612012,-0.0916226044452571,-0.641497234655073,5e-04,0.689
"karachiBetaKDE",5e-04,10000,"0.05",2,0.104618038263181,-0.40742981263576,-0.835631468421647,0.666027735945053,"covered",0.15028374612012,-0.0916226044452571,-0.641497234655073,5e-04,0.689
"karachiBetaKDE",5e-04,10000,"0.05",2,0.0886383514543017,-0.492588735124851,-0.835631468421647,0.666027735945053,"covered",0.15028374612012,-0.0916226044452571,-0.641497234655073,5e-04,0.689
"karachiBetaKDE",5e-04,10000,"0.05",2,0.0748475445763621,-0.541771837200136,-0.835631468421647,0.666027735945053,"covered",0.15028374612012,-0.0916226044452571,-0.641497234655073,5e-04,0.689
"karachiBetaKDE",5e-04,10000,"0.05",2,0.06353753376898,-0.455051872300141,-0.835631468421647,0.666027735945053,"covered",0.15028374612012,-0.0916226044452571,-0.641497234655073,5e-04,0.689
"karachiBetaKDE",5e-04,10000,"0.05",2,0.0542627209029139,-0.152110915601285,-0.835631468421647,0.666027735945053,"covered",0.15028374612012,-0.0916226044452571,-0.641497234655073,5e-04,0.689
"karachiBetaKDE",5e-04,10000,"0.05",2,0.0464829494966246,0.136799986123814,-0.835631468421647,0.666027735945053,"covered",0.15028374612012,-0.0916226044452571,-0.641497234655073,5e-04,0.689
"karachiBetaKDE",5e-04,10000,"0.05",2,0.0399020505287196,0.488993613970103,-0.835631468421647,0.666027735945053,"covered",0.15028374612012,-0.0916226044452571,-0.641497234655073,5e-04,0.689
"karachiBetaKDE",5e-04,10000,"0.05",2,0.0342638781639597,0.764617889903508,-0.835631468421647,0.666027735945053,"escaped_inner",0.15028374612012,-0.0916226044452571,-0.641497234655073,5e-04,0.689
"karachiBetaKDE",5e-04,10000,"0.05",2,0.029112520606684,0.91680801689456,-0.835631468421647,0.666027735945053,"escaped_inner",0.15028374612012,-0.0916226044452571,-0.641497234655073,5e-04,0.689
"karachiBetaKDE",5e-04,10000,"0.05",2,0.0239701700290124,1.05817351844321,-0.835631468421647,0.666027735945053,"escaped_inner",0.15028374612012,-0.0916226044452571,-0.641497234655073,5e-04,0.689
"karachiBetaKDE",5e-04,10000,"0.05",3,0.97891796945672,2.11807085218304,-0.861870510339812,0.69134242671689,"escaped_inner",0.181354531114659,-0.199400914200984,-1.11638372608481,0.0098,0.9894
"karachiBetaKDE",5e-04,10000,"0.05",3,0.977147923248112,2.16194518777095,-0.861870510339812,0.69134242671689,"escaped_inner",0.181354531114659,-0.199400914200984,-1.11638372608481,0.0098,0.9894
"karachiBetaKDE",5e-04,10000,"0.05",3,0.975392157375374,2.14984701974953,-0.861870510339812,0.69134242671689,"escaped_inner",0.181354531114659,-0.199400914200984,-1.11638372608481,0.0098,0.9894
"karachiBetaKDE",5e-04,10000,"0.05",3,0.973728307066674,2.1283840920113,-0.861870510339812,0.69134242671689,"escaped_inner",0.181354531114659,-0.199400914200984,-1.11638372608481,0.0098,0.9894
"karachiBetaKDE",5e-04,10000,"0.05",3,0.972148603393168,2.130847155958,-0.861870510339812,0.69134242671689,"escaped_inner",0.181354531114659,-0.199400914200984,-1.11638372608481,0.0098,0.9894
"karachiBetaKDE",5e-04,10000,"0.05",3,0.970556154699355,2.12265852217777,-0.861870510339812,0.69134242671689,"escaped_inner",0.181354531114659,-0.199400914200984,-1.11638372608481,0.0098,0.9894
"karachiBetaKDE",5e-04,10000,"0.05",3,0.968823546619977,2.06810918184995,-0.861870510339812,0.69134242671689,"escaped_inner",0.181354531114659,-0.199400914200984,-1.11638372608481,0.0098,0.9894
"karachiBetaKDE",5e-04,10000,"0.05",3,0.966856602335362,2.04006541247977,-0.861870510339812,0.69134242671689,"escaped_inner",0.181354531114659,-0.199400914200984,-1.11638372608481,0.0098,0.9894
"karachiBetaKDE",5e-04,10000,"0.05",3,0.964584553599988,2.04766394404267,-0.861870510339812,0.69134242671689,"escaped_inner",0.181354531114659,-0.199400914200984,-1.11638372608481,0.0098,0.9894
"karachiBetaKDE",5e-04,10000,"0.05",3,0.961904962533908,1.9895057555477,-0.861870510339812,0.69134242671689,"escaped_inner",0.181354531114659,-0.199400914200984,-1.11638372608481,0.0098,0.9894
"karachiBetaKDE",5e-04,10000,"0.05",3,0.958671657270623,1.94437028448279,-0.861870510339812,0.69134242671689,"escaped_inner",0.181354531114659,-0.199400914200984,-1.11638372608481,0.0098,0.9894
"karachiBetaKDE",5e-04,10000,"0.05",3,0.954760748875313,1.88305094098761,-0.861870510339812,0.69134242671689,"escaped_inner",0.181354531114659,-0.199400914200984,-1.11638372608481,0.0098,0.9894
"karachiBetaKDE",5e-04,10000,"0.05",3,0.950123279437843,1.81370670704898,-0.861870510339812,0.69134242671689,"escaped_inner",0.181354531114659,-0.199400914200984,-1.11638372608481,0.0098,0.9894
"karachiBetaKDE",5e-04,10000,"0.05",3,0.944774242698295,1.76947573905494,-0.861870510339812,0.69134242671689,"escaped_inner",0.181354531114659,-0.199400914200984,-1.11638372608481,0.0098,0.9894
"karachiBetaKDE",5e-04,10000,"0.05",3,0.938744520641643,1.66681560882686,-0.861870510339812,0.69134242671689,"escaped_inner",0.181354531114659,-0.199400914200984,-1.11638372608481,0.0098,0.9894
"karachiBetaKDE",5e-04,10000,"0.05",3,0.932033249415245,1.57328596730375,-0.861870510339812,0.69134242671689,"escaped_inner",0.181354531114659,-0.199400914200984,-1.11638372608481,0.0098,0.9894
"karachiBetaKDE",5e-04,10000,"0.05",3,0.924586215878857,1.47855483518844,-0.861870510339812,0.69134242671689,"escaped_inner",0.181354531114659,-0.199400914200984,-1.11638372608481,0.0098,0.9894
"karachiBetaKDE",5e-04,10000,"0.05",3,0.916299600528128,1.39985435105896,-0.861870510339812,0.69134242671689,"escaped_inner",0.181354531114659,-0.199400914200984,-1.11638372608481,0.0098,0.9894
"karachiBetaKDE",5e-04,10000,"0.05",3,0.907026985009363,1.32382501034357,-0.861870510339812,0.69134242671689,"escaped_inner",0.181354531114659,-0.199400914200984,-1.11638372608481,0.0098,0.9894
"karachiBetaKDE",5e-04,10000,"0.05",3,0.896586843613339,1.24358676201913,-0.861870510339812,0.69134242671689,"escaped_inner",0.181354531114659,-0.199400914200984,-1.11638372608481,0.0098,0.9894
"karachiBetaKDE",5e-04,10000,"0.05",3,0.884771092114384,1.14512174939976,-0.861870510339812,0.69134242671689,"escaped_inner",0.181354531114659,-0.199400914200984,-1.11638372608481,0.0098,0.9894
"karachiBetaKDE",5e-04,10000,"0.05",3,0.87139537236811,1.08705219464578,-0.861870510339812,0.69134242671689,"escaped_inner",0.181354531114659,-0.199400914200984,-1.11638372608481,0.0098,0.9894
"karachiBetaKDE",5e-04,10000,"0.05",3,0.856354046676824,1.04147219351877,-0.861870510339812,0.69134242671689,"escaped_inner",0.181354531114659,-0.199400914200984,-1.11638372608481,0.0098,0.9894
"karachiBetaKDE",5e-04,10000,"0.05",3,0.839610207739494,1.05975955065162,-0.861870510339812,0.69134242671689,"escaped_inner",0.181354531114659,-0.199400914200984,-1.11638372608481,0.0098,0.9894
"karachiBetaKDE",5e-04,10000,"0.05",3,0.821080728047109,1.00066012762223,-0.861870510339812,0.69134242671689,"escaped_inner",0.181354531114659,-0.199400914200984,-1.11638372608481,0.0098,0.9894
"karachiBetaKDE",5e-04,10000,"0.05",3,0.800567701187619,0.992218215999413,-0.861870510339812,0.69134242671689,"escaped_inner",0.181354531114659,-0.199400914200984,-1.11638372608481,0.0098,0.9894
"karachiBetaKDE",5e-04,10000,"0.05",3,0.777885607549507,0.901838339657395,-0.861870510339812,0.69134242671689,"escaped_inner",0.181354531114659,-0.199400914200984,-1.11638372608481,0.0098,0.9894
"karachiBetaKDE",5e-04,10000,"0.05",3,0.752982458946362,0.861692987123509,-0.861870510339812,0.69134242671689,"escaped_inner",0.181354531114659,-0.199400914200984,-1.11638372608481,0.0098,0.9894
"karachiBetaKDE",5e-04,10000,"0.05",3,0.725790234162741,0.750603125919402,-0.861870510339812,0.69134242671689,"escaped_inner",0.181354531114659,-0.199400914200984,-1.11638372608481,0.0098,0.9894
"karachiBetaKDE",5e-04,10000,"0.05",3,0.69606561161469,0.712971621550614,-0.861870510339812,0.69134242671689,"escaped_inner",0.181354531114659,-0.199400914200984,-1.11638372608481,0.0098,0.9894
"karachiBetaKDE",5e-04,10000,"0.05",3,0.663699698655259,0.553449107156394,-0.861870510339812,0.69134242671689,"covered",0.181354531114659,-0.199400914200984,-1.11638372608481,0.0098,0.9894
"karachiBetaKDE",5e-04,10000,"0.05",3,0.629093271635229,0.504283809741234,-0.861870510339812,0.69134242671689,"covered",0.181354531114659,-0.199400914200984,-1.11638372608481,0.0098,0.9894
"karachiBetaKDE",5e-04,10000,"0.05",3,0.592868808043879,0.459985194469121,-0.861870510339812,0.69134242671689,"covered",0.181354531114659,-0.199400914200984,-1.11638372608481,0.0098,0.9894
"karachiBetaKDE",5e-04,10000,"0.05",3,0.555319981977444,0.432826989031993,-0.861870510339812,0.69134242671689,"covered",0.181354531114659,-0.199400914200984,-1.11638372608481,0.0098,0.9894
"karachiBetaKDE",5e-04,10000,"0.05",3,0.51647843189623,0.401545827691272,-0.861870510339812,0.69134242671689,"covered",0.181354531114659,-0.199400914200984,-1.11638372608481,0.0098,0.9894
"karachiBetaKDE",5e-04,10000,"0.05",3,0.476735140026402,0.375795047176179,-0.861870510339812,0.69134242671689,"covered",0.181354531114659,-0.199400914200984,-1.11638372608481,0.0098,0.9894
"karachiBetaKDE",5e-04,10000,"0.05",3,0.436928695095447,0.258699879265328,-0.861870510339812,0.69134242671689,"covered",0.181354531114659,-0.199400914200984,-1.11638372608481,0.0098,0.9894
"karachiBetaKDE",5e-04,10000,"0.05",3,0.397723723245424,0.198322194541177,-0.861870510339812,0.69134242671689,"covered",0.181354531114659,-0.199400914200984,-1.11638372608481,0.0098,0.9894
"karachiBetaKDE",5e-04,10000,"0.05",3,0.359240914828636,0.153850660221908,-0.861870510339812,0.69134242671689,"covered",0.181354531114659,-0.199400914200984,-1.11638372608481,0.0098,0.9894
"karachiBetaKDE",5e-04,10000,"0.05",3,0.321562845842307,0.120644038639909,-0.861870510339812,0.69134242671689,"covered",0.181354531114659,-0.199400914200984,-1.11638372608481,0.0098,0.9894
"karachiBetaKDE",5e-04,10000,"0.05",3,0.285197981475766,0.00365622343366631,-0.861870510339812,0.69134242671689,"covered",0.181354531114659,-0.199400914200984,-1.11638372608481,0.0098,0.9894
"karachiBetaKDE",5e-04,10000,"0.05",3,0.250836215776904,-0.0533958814793613,-0.861870510339812,0.69134242671689,"covered",0.181354531114659,-0.199400914200984,-1.11638372608481,0.0098,0.9894
"karachiBetaKDE",5e-04,10000,"0.05",3,0.219082914662495,0.0463091289321798,-0.861870510339812,0.69134242671689,"covered",0.181354531114659,-0.199400914200984,-1.11638372608481,0.0098,0.9894
"karachiBetaKDE",5e-04,10000,"0.05",3,0.190309773296301,0.133648828176368,-0.861870510339812,0.69134242671689,"covered",0.181354531114659,-0.199400914200984,-1.11638372608481,0.0098,0.9894
"karachiBetaKDE",5e-04,10000,"0.05",3,0.164610609577326,0.259131954244703,-0.861870510339812,0.69134242671689,"covered",0.181354531114659,-0.199400914200984,-1.11638372608481,0.0098,0.9894
"karachiBetaKDE",5e-04,10000,"0.05",3,0.141983640287116,0.30177557853375,-0.861870510339812,0.69134242671689,"covered",0.181354531114659,-0.199400914200984,-1.11638372608481,0.0098,0.9894
"karachiBetaKDE",5e-04,10000,"0.05",3,0.122267432828818,0.168121874641498,-0.861870510339812,0.69134242671689,"covered",0.181354531114659,-0.199400914200984,-1.11638372608481,0.0098,0.9894
"karachiBetaKDE",5e-04,10000,"0.05",3,0.104618038263181,0.132278862353343,-0.861870510339812,0.69134242671689,"covered",0.181354531114659,-0.199400914200984,-1.11638372608481,0.0098,0.9894
"karachiBetaKDE",5e-04,10000,"0.05",3,0.0886383514543017,0.234094460522131,-0.861870510339812,0.69134242671689,"covered",0.181354531114659,-0.199400914200984,-1.11638372608481,0.0098,0.9894
"karachiBetaKDE",5e-04,10000,"0.05",3,0.0748475445763621,0.288123713350901,-0.861870510339812,0.69134242671689,"covered",0.181354531114659,-0.199400914200984,-1.11638372608481,0.0098,0.9894
"karachiBetaKDE",5e-04,10000,"0.05",3,0.06353753376898,0.331995162572768,-0.861870510339812,0.69134242671689,"covered",0.181354531114659,-0.199400914200984,-1.11638372608481,0.0098,0.9894
"karachiBetaKDE",5e-04,10000,"0.05",3,0.0542627209029139,0.506949092219327,-0.861870510339812,0.69134242671689,"covered",0.181354531114659,-0.199400914200984,-1.11638372608481,0.0098,0.9894
"karachiBetaKDE",5e-04,10000,"0.05",3,0.0464829494966246,0.747324430394135,-0.861870510339812,0.69134242671689,"escaped_inner",0.181354531114659,-0.199400914200984,-1.11638372608481,0.0098,0.9894
"karachiBetaKDE",5e-04,10000,"0.05",3,0.0399020505287196,0.941016579155267,-0.861870510339812,0.69134242671689,"escaped_inner",0.181354531114659,-0.199400914200984,-1.11638372608481,0.0098,0.9894
"karachiBetaKDE",5e-04,10000,"0.05",3,0.0342638781639597,1.15641217843114,-0.861870510339812,0.69134242671689,"escaped_inner",0.181354531114659,-0.199400914200984,-1.11638372608481,0.0098,0.9894
"karachiBetaKDE",5e-04,10000,"0.05",3,0.029112520606684,1.32138057543299,-0.861870510339812,0.69134242671689,"escaped_inner",0.181354531114659,-0.199400914200984,-1.11638372608481,0.0098,0.9894
"karachiBetaKDE",5e-04,10000,"0.05",3,0.0239701700290124,1.43607701075894,-0.861870510339812,0.69134242671689,"escaped_inner",0.181354531114659,-0.199400914200984,-1.11638372608481,0.0098,0.9894
"karachiBetaKDE",5e-04,10000,"0.05",4,0.97891796945672,2.04506505503142,-0.937076461705905,0.731337652940587,"escaped_inner",0.162655073490911,-0.356001660145367,-1.0577064641037,0.0038,0.8292
"karachiBetaKDE",5e-04,10000,"0.05",4,0.977147923248112,2.0473572770483,-0.937076461705905,0.731337652940587,"escaped_inner",0.162655073490911,-0.356001660145367,-1.0577064641037,0.0038,0.8292
"karachiBetaKDE",5e-04,10000,"0.05",4,0.975392157375374,2.04213435234537,-0.937076461705905,0.731337652940587,"escaped_inner",0.162655073490911,-0.356001660145367,-1.0577064641037,0.0038,0.8292
"karachiBetaKDE",5e-04,10000,"0.05",4,0.973728307066674,2.03169552499205,-0.937076461705905,0.731337652940587,"escaped_inner",0.162655073490911,-0.356001660145367,-1.0577064641037,0.0038,0.8292
"karachiBetaKDE",5e-04,10000,"0.05",4,0.972148603393168,2.00096113590281,-0.937076461705905,0.731337652940587,"escaped_inner",0.162655073490911,-0.356001660145367,-1.0577064641037,0.0038,0.8292
"karachiBetaKDE",5e-04,10000,"0.05",4,0.970556154699355,1.99133969597114,-0.937076461705905,0.731337652940587,"escaped_inner",0.162655073490911,-0.356001660145367,-1.0577064641037,0.0038,0.8292
"karachiBetaKDE",5e-04,10000,"0.05",4,0.968823546619977,1.94807376788098,-0.937076461705905,0.731337652940587,"escaped_inner",0.162655073490911,-0.356001660145367,-1.0577064641037,0.0038,0.8292
"karachiBetaKDE",5e-04,10000,"0.05",4,0.966856602335362,1.89906696243309,-0.937076461705905,0.731337652940587,"escaped_inner",0.162655073490911,-0.356001660145367,-1.0577064641037,0.0038,0.8292
"karachiBetaKDE",5e-04,10000,"0.05",4,0.964584553599988,1.84001680982105,-0.937076461705905,0.731337652940587,"escaped_inner",0.162655073490911,-0.356001660145367,-1.0577064641037,0.0038,0.8292
"karachiBetaKDE",5e-04,10000,"0.05",4,0.961904962533908,1.84681407924844,-0.937076461705905,0.731337652940587,"escaped_inner",0.162655073490911,-0.356001660145367,-1.0577064641037,0.0038,0.8292
"karachiBetaKDE",5e-04,10000,"0.05",4,0.958671657270623,1.78654469380514,-0.937076461705905,0.731337652940587,"escaped_inner",0.162655073490911,-0.356001660145367,-1.0577064641037,0.0038,0.8292
"karachiBetaKDE",5e-04,10000,"0.05",4,0.954760748875313,1.70297603619368,-0.937076461705905,0.731337652940587,"escaped_inner",0.162655073490911,-0.356001660145367,-1.0577064641037,0.0038,0.8292
"karachiBetaKDE",5e-04,10000,"0.05",4,0.950123279437843,1.65976856196326,-0.937076461705905,0.731337652940587,"escaped_inner",0.162655073490911,-0.356001660145367,-1.0577064641037,0.0038,0.8292
"karachiBetaKDE",5e-04,10000,"0.05",4,0.944774242698295,1.6206739437605,-0.937076461705905,0.731337652940587,"escaped_inner",0.162655073490911,-0.356001660145367,-1.0577064641037,0.0038,0.8292
"karachiBetaKDE",5e-04,10000,"0.05",4,0.938744520641643,1.57511516923323,-0.937076461705905,0.731337652940587,"escaped_inner",0.162655073490911,-0.356001660145367,-1.0577064641037,0.0038,0.8292
"karachiBetaKDE",5e-04,10000,"0.05",4,0.932033249415245,1.49651742616331,-0.937076461705905,0.731337652940587,"escaped_inner",0.162655073490911,-0.356001660145367,-1.0577064641037,0.0038,0.8292
"karachiBetaKDE",5e-04,10000,"0.05",4,0.924586215878857,1.38432765277033,-0.937076461705905,0.731337652940587,"escaped_inner",0.162655073490911,-0.356001660145367,-1.0577064641037,0.0038,0.8292
"karachiBetaKDE",5e-04,10000,"0.05",4,0.916299600528128,1.29375359128258,-0.937076461705905,0.731337652940587,"escaped_inner",0.162655073490911,-0.356001660145367,-1.0577064641037,0.0038,0.8292
"karachiBetaKDE",5e-04,10000,"0.05",4,0.907026985009363,1.17183442912122,-0.937076461705905,0.731337652940587,"escaped_inner",0.162655073490911,-0.356001660145367,-1.0577064641037,0.0038,0.8292
"karachiBetaKDE",5e-04,10000,"0.05",4,0.896586843613339,1.11407847921175,-0.937076461705905,0.731337652940587,"escaped_inner",0.162655073490911,-0.356001660145367,-1.0577064641037,0.0038,0.8292
"karachiBetaKDE",5e-04,10000,"0.05",4,0.884771092114384,1.04169440116146,-0.937076461705905,0.731337652940587,"escaped_inner",0.162655073490911,-0.356001660145367,-1.0577064641037,0.0038,0.8292
"karachiBetaKDE",5e-04,10000,"0.05",4,0.87139537236811,1.02426858314531,-0.937076461705905,0.731337652940587,"escaped_inner",0.162655073490911,-0.356001660145367,-1.0577064641037,0.0038,0.8292
"karachiBetaKDE",5e-04,10000,"0.05",4,0.856354046676824,0.867675142906054,-0.937076461705905,0.731337652940587,"escaped_inner",0.162655073490911,-0.356001660145367,-1.0577064641037,0.0038,0.8292
"karachiBetaKDE",5e-04,10000,"0.05",4,0.839610207739494,0.858063124627453,-0.937076461705905,0.731337652940587,"escaped_inner",0.162655073490911,-0.356001660145367,-1.0577064641037,0.0038,0.8292
"karachiBetaKDE",5e-04,10000,"0.05",4,0.821080728047109,0.808421687286776,-0.937076461705905,0.731337652940587,"escaped_inner",0.162655073490911,-0.356001660145367,-1.0577064641037,0.0038,0.8292
"karachiBetaKDE",5e-04,10000,"0.05",4,0.800567701187619,0.724360545034873,-0.937076461705905,0.731337652940587,"covered",0.162655073490911,-0.356001660145367,-1.0577064641037,0.0038,0.8292
"karachiBetaKDE",5e-04,10000,"0.05",4,0.777885607549507,0.673489523027624,-0.937076461705905,0.731337652940587,"covered",0.162655073490911,-0.356001660145367,-1.0577064641037,0.0038,0.8292
"karachiBetaKDE",5e-04,10000,"0.05",4,0.752982458946362,0.64858546287002,-0.937076461705905,0.731337652940587,"covered",0.162655073490911,-0.356001660145367,-1.0577064641037,0.0038,0.8292
"karachiBetaKDE",5e-04,10000,"0.05",4,0.725790234162741,0.558275605927156,-0.937076461705905,0.731337652940587,"covered",0.162655073490911,-0.356001660145367,-1.0577064641037,0.0038,0.8292
"karachiBetaKDE",5e-04,10000,"0.05",4,0.69606561161469,0.364659066917525,-0.937076461705905,0.731337652940587,"covered",0.162655073490911,-0.356001660145367,-1.0577064641037,0.0038,0.8292
"karachiBetaKDE",5e-04,10000,"0.05",4,0.663699698655259,0.256487384694457,-0.937076461705905,0.731337652940587,"covered",0.162655073490911,-0.356001660145367,-1.0577064641037,0.0038,0.8292
"karachiBetaKDE",5e-04,10000,"0.05",4,0.629093271635229,0.235231832254563,-0.937076461705905,0.731337652940587,"covered",0.162655073490911,-0.356001660145367,-1.0577064641037,0.0038,0.8292
"karachiBetaKDE",5e-04,10000,"0.05",4,0.592868808043879,0.114138970186636,-0.937076461705905,0.731337652940587,"covered",0.162655073490911,-0.356001660145367,-1.0577064641037,0.0038,0.8292
"karachiBetaKDE",5e-04,10000,"0.05",4,0.555319981977444,0.0352661994857159,-0.937076461705905,0.731337652940587,"covered",0.162655073490911,-0.356001660145367,-1.0577064641037,0.0038,0.8292
"karachiBetaKDE",5e-04,10000,"0.05",4,0.51647843189623,0.0440235649883368,-0.937076461705905,0.731337652940587,"covered",0.162655073490911,-0.356001660145367,-1.0577064641037,0.0038,0.8292
"karachiBetaKDE",5e-04,10000,"0.05",4,0.476735140026402,-0.0157904634911554,-0.937076461705905,0.731337652940587,"covered",0.162655073490911,-0.356001660145367,-1.0577064641037,0.0038,0.8292
"karachiBetaKDE",5e-04,10000,"0.05",4,0.436928695095447,-0.102107946356736,-0.937076461705905,0.731337652940587,"covered",0.162655073490911,-0.356001660145367,-1.0577064641037,0.0038,0.8292
"karachiBetaKDE",5e-04,10000,"0.05",4,0.397723723245424,-0.20635259524025,-0.937076461705905,0.731337652940587,"covered",0.162655073490911,-0.356001660145367,-1.0577064641037,0.0038,0.8292
"karachiBetaKDE",5e-04,10000,"0.05",4,0.359240914828636,-0.267097288752068,-0.937076461705905,0.731337652940587,"covered",0.162655073490911,-0.356001660145367,-1.0577064641037,0.0038,0.8292
"karachiBetaKDE",5e-04,10000,"0.05",4,0.321562845842307,-0.246838268611549,-0.937076461705905,0.731337652940587,"covered",0.162655073490911,-0.356001660145367,-1.0577064641037,0.0038,0.8292
"karachiBetaKDE",5e-04,10000,"0.05",4,0.285197981475766,-0.212501939128,-0.937076461705905,0.731337652940587,"covered",0.162655073490911,-0.356001660145367,-1.0577064641037,0.0038,0.8292
"karachiBetaKDE",5e-04,10000,"0.05",4,0.250836215776904,-0.231414286250542,-0.937076461705905,0.731337652940587,"covered",0.162655073490911,-0.356001660145367,-1.0577064641037,0.0038,0.8292
"karachiBetaKDE",5e-04,10000,"0.05",4,0.219082914662495,-0.0787922147902324,-0.937076461705905,0.731337652940587,"covered",0.162655073490911,-0.356001660145367,-1.0577064641037,0.0038,0.8292
"karachiBetaKDE",5e-04,10000,"0.05",4,0.190309773296301,-7.09814812202485e-05,-0.937076461705905,0.731337652940587,"covered",0.162655073490911,-0.356001660145367,-1.0577064641037,0.0038,0.8292
"karachiBetaKDE",5e-04,10000,"0.05",4,0.164610609577326,0.114963251973256,-0.937076461705905,0.731337652940587,"covered",0.162655073490911,-0.356001660145367,-1.0577064641037,0.0038,0.8292
"karachiBetaKDE",5e-04,10000,"0.05",4,0.141983640287116,0.141961747432066,-0.937076461705905,0.731337652940587,"covered",0.162655073490911,-0.356001660145367,-1.0577064641037,0.0038,0.8292
"karachiBetaKDE",5e-04,10000,"0.05",4,0.122267432828818,0.0794542566245928,-0.937076461705905,0.731337652940587,"covered",0.162655073490911,-0.356001660145367,-1.0577064641037,0.0038,0.8292
"karachiBetaKDE",5e-04,10000,"0.05",4,0.104618038263181,0.0293623547778341,-0.937076461705905,0.731337652940587,"covered",0.162655073490911,-0.356001660145367,-1.0577064641037,0.0038,0.8292
"karachiBetaKDE",5e-04,10000,"0.05",4,0.0886383514543017,0.0647453002241692,-0.937076461705905,0.731337652940587,"covered",0.162655073490911,-0.356001660145367,-1.0577064641037,0.0038,0.8292
"karachiBetaKDE",5e-04,10000,"0.05",4,0.0748475445763621,0.0101468069432075,-0.937076461705905,0.731337652940587,"covered",0.162655073490911,-0.356001660145367,-1.0577064641037,0.0038,0.8292
"karachiBetaKDE",5e-04,10000,"0.05",4,0.06353753376898,0.0873632233771458,-0.937076461705905,0.731337652940587,"covered",0.162655073490911,-0.356001660145367,-1.0577064641037,0.0038,0.8292
"karachiBetaKDE",5e-04,10000,"0.05",4,0.0542627209029139,0.356322309385688,-0.937076461705905,0.731337652940587,"covered",0.162655073490911,-0.356001660145367,-1.0577064641037,0.0038,0.8292
"karachiBetaKDE",5e-04,10000,"0.05",4,0.0464829494966246,0.562719451714233,-0.937076461705905,0.731337652940587,"covered",0.162655073490911,-0.356001660145367,-1.0577064641037,0.0038,0.8292
"karachiBetaKDE",5e-04,10000,"0.05",4,0.0399020505287196,0.731328830108661,-0.937076461705905,0.731337652940587,"covered",0.162655073490911,-0.356001660145367,-1.0577064641037,0.0038,0.8292
"karachiBetaKDE",5e-04,10000,"0.05",4,0.0342638781639597,0.979247304217806,-0.937076461705905,0.731337652940587,"escaped_inner",0.162655073490911,-0.356001660145367,-1.0577064641037,0.0038,0.8292
"karachiBetaKDE",5e-04,10000,"0.05",4,0.029112520606684,1.19175587531747,-0.937076461705905,0.731337652940587,"escaped_inner",0.162655073490911,-0.356001660145367,-1.0577064641037,0.0038,0.8292
"karachiBetaKDE",5e-04,10000,"0.05",4,0.0239701700290124,1.270851864553,-0.937076461705905,0.731337652940587,"escaped_inner",0.162655073490911,-0.356001660145367,-1.0577064641037,0.0038,0.8292
"karachiBetaKDE",5e-04,10000,"0.05",5,0.97891796945672,2.05587356001007,-0.851095729876137,0.690199944053351,"escaped_inner",0.186122746614691,-0.15414105287434,-1.11051058123038,0.0056,0.9326
"karachiBetaKDE",5e-04,10000,"0.05",5,0.977147923248112,2.05145163888919,-0.851095729876137,0.690199944053351,"escaped_inner",0.186122746614691,-0.15414105287434,-1.11051058123038,0.0056,0.9326
"karachiBetaKDE",5e-04,10000,"0.05",5,0.975392157375374,2.0491857225028,-0.851095729876137,0.690199944053351,"escaped_inner",0.186122746614691,-0.15414105287434,-1.11051058123038,0.0056,0.9326
"karachiBetaKDE",5e-04,10000,"0.05",5,0.973728307066674,2.09346641679365,-0.851095729876137,0.690199944053351,"escaped_inner",0.186122746614691,-0.15414105287434,-1.11051058123038,0.0056,0.9326
"karachiBetaKDE",5e-04,10000,"0.05",5,0.972148603393168,2.05651967281175,-0.851095729876137,0.690199944053351,"escaped_inner",0.186122746614691,-0.15414105287434,-1.11051058123038,0.0056,0.9326
"karachiBetaKDE",5e-04,10000,"0.05",5,0.970556154699355,2.04477776031249,-0.851095729876137,0.690199944053351,"escaped_inner",0.186122746614691,-0.15414105287434,-1.11051058123038,0.0056,0.9326
"karachiBetaKDE",5e-04,10000,"0.05",5,0.968823546619977,1.998789952655,-0.851095729876137,0.690199944053351,"escaped_inner",0.186122746614691,-0.15414105287434,-1.11051058123038,0.0056,0.9326
"karachiBetaKDE",5e-04,10000,"0.05",5,0.966856602335362,1.9814029737422,-0.851095729876137,0.690199944053351,"escaped_inner",0.186122746614691,-0.15414105287434,-1.11051058123038,0.0056,0.9326
"karachiBetaKDE",5e-04,10000,"0.05",5,0.964584553599988,1.96777317747895,-0.851095729876137,0.690199944053351,"escaped_inner",0.186122746614691,-0.15414105287434,-1.11051058123038,0.0056,0.9326
"karachiBetaKDE",5e-04,10000,"0.05",5,0.961904962533908,1.92956945982077,-0.851095729876137,0.690199944053351,"escaped_inner",0.186122746614691,-0.15414105287434,-1.11051058123038,0.0056,0.9326
"karachiBetaKDE",5e-04,10000,"0.05",5,0.958671657270623,1.8612583518572,-0.851095729876137,0.690199944053351,"escaped_inner",0.186122746614691,-0.15414105287434,-1.11051058123038,0.0056,0.9326
"karachiBetaKDE",5e-04,10000,"0.05",5,0.954760748875313,1.8464605471266,-0.851095729876137,0.690199944053351,"escaped_inner",0.186122746614691,-0.15414105287434,-1.11051058123038,0.0056,0.9326
"karachiBetaKDE",5e-04,10000,"0.05",5,0.950123279437843,1.78059658680452,-0.851095729876137,0.690199944053351,"escaped_inner",0.186122746614691,-0.15414105287434,-1.11051058123038,0.0056,0.9326
"karachiBetaKDE",5e-04,10000,"0.05",5,0.944774242698295,1.72020820757382,-0.851095729876137,0.690199944053351,"escaped_inner",0.186122746614691,-0.15414105287434,-1.11051058123038,0.0056,0.9326
"karachiBetaKDE",5e-04,10000,"0.05",5,0.938744520641643,1.6378693269501,-0.851095729876137,0.690199944053351,"escaped_inner",0.186122746614691,-0.15414105287434,-1.11051058123038,0.0056,0.9326
"karachiBetaKDE",5e-04,10000,"0.05",5,0.932033249415245,1.59183614923353,-0.851095729876137,0.690199944053351,"escaped_inner",0.186122746614691,-0.15414105287434,-1.11051058123038,0.0056,0.9326
"karachiBetaKDE",5e-04,10000,"0.05",5,0.924586215878857,1.5108169325667,-0.851095729876137,0.690199944053351,"escaped_inner",0.186122746614691,-0.15414105287434,-1.11051058123038,0.0056,0.9326
"karachiBetaKDE",5e-04,10000,"0.05",5,0.916299600528128,1.43857173484136,-0.851095729876137,0.690199944053351,"escaped_inner",0.186122746614691,-0.15414105287434,-1.11051058123038,0.0056,0.9326
"karachiBetaKDE",5e-04,10000,"0.05",5,0.907026985009363,1.29856187859081,-0.851095729876137,0.690199944053351,"escaped_inner",0.186122746614691,-0.15414105287434,-1.11051058123038,0.0056,0.9326
"karachiBetaKDE",5e-04,10000,"0.05",5,0.896586843613339,1.24919881412488,-0.851095729876137,0.690199944053351,"escaped_inner",0.186122746614691,-0.15414105287434,-1.11051058123038,0.0056,0.9326
"karachiBetaKDE",5e-04,10000,"0.05",5,0.884771092114384,1.20955807050702,-0.851095729876137,0.690199944053351,"escaped_inner",0.186122746614691,-0.15414105287434,-1.11051058123038,0.0056,0.9326
"karachiBetaKDE",5e-04,10000,"0.05",5,0.87139537236811,1.13597306527746,-0.851095729876137,0.690199944053351,"escaped_inner",0.186122746614691,-0.15414105287434,-1.11051058123038,0.0056,0.9326
"karachiBetaKDE",5e-04,10000,"0.05",5,0.856354046676824,1.13169633585772,-0.851095729876137,0.690199944053351,"escaped_inner",0.186122746614691,-0.15414105287434,-1.11051058123038,0.0056,0.9326
"karachiBetaKDE",5e-04,10000,"0.05",5,0.839610207739494,1.05329392744659,-0.851095729876137,0.690199944053351,"escaped_inner",0.186122746614691,-0.15414105287434,-1.11051058123038,0.0056,0.9326
"karachiBetaKDE",5e-04,10000,"0.05",5,0.821080728047109,1.0092021596028,-0.851095729876137,0.690199944053351,"escaped_inner",0.186122746614691,-0.15414105287434,-1.11051058123038,0.0056,0.9326
"karachiBetaKDE",5e-04,10000,"0.05",5,0.800567701187619,1.00893329391532,-0.851095729876137,0.690199944053351,"escaped_inner",0.186122746614691,-0.15414105287434,-1.11051058123038,0.0056,0.9326
"karachiBetaKDE",5e-04,10000,"0.05",5,0.777885607549507,1.08883266341939,-0.851095729876137,0.690199944053351,"escaped_inner",0.186122746614691,-0.15414105287434,-1.11051058123038,0.0056,0.9326
"karachiBetaKDE",5e-04,10000,"0.05",5,0.752982458946362,1.03761394728616,-0.851095729876137,0.690199944053351,"escaped_inner",0.186122746614691,-0.15414105287434,-1.11051058123038,0.0056,0.9326
"karachiBetaKDE",5e-04,10000,"0.05",5,0.725790234162741,0.950065812982062,-0.851095729876137,0.690199944053351,"escaped_inner",0.186122746614691,-0.15414105287434,-1.11051058123038,0.0056,0.9326
"karachiBetaKDE",5e-04,10000,"0.05",5,0.69606561161469,0.919325732421481,-0.851095729876137,0.690199944053351,"escaped_inner",0.186122746614691,-0.15414105287434,-1.11051058123038,0.0056,0.9326
"karachiBetaKDE",5e-04,10000,"0.05",5,0.663699698655259,0.835582723593,-0.851095729876137,0.690199944053351,"escaped_inner",0.186122746614691,-0.15414105287434,-1.11051058123038,0.0056,0.9326
"karachiBetaKDE",5e-04,10000,"0.05",5,0.629093271635229,0.683059040392244,-0.851095729876137,0.690199944053351,"covered",0.186122746614691,-0.15414105287434,-1.11051058123038,0.0056,0.9326
"karachiBetaKDE",5e-04,10000,"0.05",5,0.592868808043879,0.65502712619412,-0.851095729876137,0.690199944053351,"covered",0.186122746614691,-0.15414105287434,-1.11051058123038,0.0056,0.9326
"karachiBetaKDE",5e-04,10000,"0.05",5,0.555319981977444,0.531345258901595,-0.851095729876137,0.690199944053351,"covered",0.186122746614691,-0.15414105287434,-1.11051058123038,0.0056,0.9326
"karachiBetaKDE",5e-04,10000,"0.05",5,0.51647843189623,0.462956743306969,-0.851095729876137,0.690199944053351,"covered",0.186122746614691,-0.15414105287434,-1.11051058123038,0.0056,0.9326
"karachiBetaKDE",5e-04,10000,"0.05",5,0.476735140026402,0.386704066895725,-0.851095729876137,0.690199944053351,"covered",0.186122746614691,-0.15414105287434,-1.11051058123038,0.0056,0.9326
"karachiBetaKDE",5e-04,10000,"0.05",5,0.436928695095447,0.422584117948656,-0.851095729876137,0.690199944053351,"covered",0.186122746614691,-0.15414105287434,-1.11051058123038,0.0056,0.9326
"karachiBetaKDE",5e-04,10000,"0.05",5,0.397723723245424,0.422908200249668,-0.851095729876137,0.690199944053351,"covered",0.186122746614691,-0.15414105287434,-1.11051058123038,0.0056,0.9326
"karachiBetaKDE",5e-04,10000,"0.05",5,0.359240914828636,0.495324604307385,-0.851095729876137,0.690199944053351,"covered",0.186122746614691,-0.15414105287434,-1.11051058123038,0.0056,0.9326
"karachiBetaKDE",5e-04,10000,"0.05",5,0.321562845842307,0.305935631395136,-0.851095729876137,0.690199944053351,"covered",0.186122746614691,-0.15414105287434,-1.11051058123038,0.0056,0.9326
"karachiBetaKDE",5e-04,10000,"0.05",5,0.285197981475766,0.238937405993813,-0.851095729876137,0.690199944053351,"covered",0.186122746614691,-0.15414105287434,-1.11051058123038,0.0056,0.9326
"karachiBetaKDE",5e-04,10000,"0.05",5,0.250836215776904,0.171808006919323,-0.851095729876137,0.690199944053351,"covered",0.186122746614691,-0.15414105287434,-1.11051058123038,0.0056,0.9326
"karachiBetaKDE",5e-04,10000,"0.05",5,0.219082914662495,0.227779698780208,-0.851095729876137,0.690199944053351,"covered",0.186122746614691,-0.15414105287434,-1.11051058123038,0.0056,0.9326
"karachiBetaKDE",5e-04,10000,"0.05",5,0.190309773296301,0.367473430553702,-0.851095729876137,0.690199944053351,"covered",0.186122746614691,-0.15414105287434,-1.11051058123038,0.0056,0.9326
"karachiBetaKDE",5e-04,10000,"0.05",5,0.164610609577326,0.389421498663876,-0.851095729876137,0.690199944053351,"covered",0.186122746614691,-0.15414105287434,-1.11051058123038,0.0056,0.9326
"karachiBetaKDE",5e-04,10000,"0.05",5,0.141983640287116,0.387196645252768,-0.851095729876137,0.690199944053351,"covered",0.186122746614691,-0.15414105287434,-1.11051058123038,0.0056,0.9326
"karachiBetaKDE",5e-04,10000,"0.05",5,0.122267432828818,0.32225675507476,-0.851095729876137,0.690199944053351,"covered",0.186122746614691,-0.15414105287434,-1.11051058123038,0.0056,0.9326
"karachiBetaKDE",5e-04,10000,"0.05",5,0.104618038263181,0.19827900736162,-0.851095729876137,0.690199944053351,"covered",0.186122746614691,-0.15414105287434,-1.11051058123038,0.0056,0.9326
"karachiBetaKDE",5e-04,10000,"0.05",5,0.0886383514543017,0.187735154131905,-0.851095729876137,0.690199944053351,"covered",0.186122746614691,-0.15414105287434,-1.11051058123038,0.0056,0.9326
"karachiBetaKDE",5e-04,10000,"0.05",5,0.0748475445763621,0.364706732778354,-0.851095729876137,0.690199944053351,"covered",0.186122746614691,-0.15414105287434,-1.11051058123038,0.0056,0.9326
"karachiBetaKDE",5e-04,10000,"0.05",5,0.06353753376898,0.45216983853111,-0.851095729876137,0.690199944053351,"covered",0.186122746614691,-0.15414105287434,-1.11051058123038,0.0056,0.9326
"karachiBetaKDE",5e-04,10000,"0.05",5,0.0542627209029139,0.649321309073779,-0.851095729876137,0.690199944053351,"covered",0.186122746614691,-0.15414105287434,-1.11051058123038,0.0056,0.9326
"karachiBetaKDE",5e-04,10000,"0.05",5,0.0464829494966246,0.844193633710683,-0.851095729876137,0.690199944053351,"escaped_inner",0.186122746614691,-0.15414105287434,-1.11051058123038,0.0056,0.9326
"karachiBetaKDE",5e-04,10000,"0.05",5,0.0399020505287196,0.969623788779019,-0.851095729876137,0.690199944053351,"escaped_inner",0.186122746614691,-0.15414105287434,-1.11051058123038,0.0056,0.9326
"karachiBetaKDE",5e-04,10000,"0.05",5,0.0342638781639597,1.16523119739034,-0.851095729876137,0.690199944053351,"escaped_inner",0.186122746614691,-0.15414105287434,-1.11051058123038,0.0056,0.9326
"karachiBetaKDE",5e-04,10000,"0.05",5,0.029112520606684,1.33998472884069,-0.851095729876137,0.690199944053351,"escaped_inner",0.186122746614691,-0.15414105287434,-1.11051058123038,0.0056,0.9326
"karachiBetaKDE",5e-04,10000,"0.05",5,0.0239701700290124,1.4489329177417,-0.851095729876137,0.690199944053351,"escaped_inner",0.186122746614691,-0.15414105287434,-1.11051058123038,0.0056,0.9326
"karachiBetaKDE",5e-04,10000,"0.05",6,0.97891796945672,1.93294734244083,-0.958293615787971,0.770956787253721,"escaped_inner",0.16117219403861,-0.148930921642396,-1.03532857230691,0.003,0.875
"karachiBetaKDE",5e-04,10000,"0.05",6,0.977147923248112,1.94485352550036,-0.958293615787971,0.770956787253721,"escaped_inner",0.16117219403861,-0.148930921642396,-1.03532857230691,0.003,0.875
"karachiBetaKDE",5e-04,10000,"0.05",6,0.975392157375374,1.91822945064623,-0.958293615787971,0.770956787253721,"escaped_inner",0.16117219403861,-0.148930921642396,-1.03532857230691,0.003,0.875
"karachiBetaKDE",5e-04,10000,"0.05",6,0.973728307066674,1.90760891487061,-0.958293615787971,0.770956787253721,"escaped_inner",0.16117219403861,-0.148930921642396,-1.03532857230691,0.003,0.875
"karachiBetaKDE",5e-04,10000,"0.05",6,0.972148603393168,1.88535766243765,-0.958293615787971,0.770956787253721,"escaped_inner",0.16117219403861,-0.148930921642396,-1.03532857230691,0.003,0.875
"karachiBetaKDE",5e-04,10000,"0.05",6,0.970556154699355,1.85993439574909,-0.958293615787971,0.770956787253721,"escaped_inner",0.16117219403861,-0.148930921642396,-1.03532857230691,0.003,0.875
"karachiBetaKDE",5e-04,10000,"0.05",6,0.968823546619977,1.82196574397378,-0.958293615787971,0.770956787253721,"escaped_inner",0.16117219403861,-0.148930921642396,-1.03532857230691,0.003,0.875
"karachiBetaKDE",5e-04,10000,"0.05",6,0.966856602335362,1.79643224421949,-0.958293615787971,0.770956787253721,"escaped_inner",0.16117219403861,-0.148930921642396,-1.03532857230691,0.003,0.875
"karachiBetaKDE",5e-04,10000,"0.05",6,0.964584553599988,1.77113182789717,-0.958293615787971,0.770956787253721,"escaped_inner",0.16117219403861,-0.148930921642396,-1.03532857230691,0.003,0.875
"karachiBetaKDE",5e-04,10000,"0.05",6,0.961904962533908,1.72127809376852,-0.958293615787971,0.770956787253721,"escaped_inner",0.16117219403861,-0.148930921642396,-1.03532857230691,0.003,0.875
"karachiBetaKDE",5e-04,10000,"0.05",6,0.958671657270623,1.67130631243162,-0.958293615787971,0.770956787253721,"escaped_inner",0.16117219403861,-0.148930921642396,-1.03532857230691,0.003,0.875
"karachiBetaKDE",5e-04,10000,"0.05",6,0.954760748875313,1.58918469008036,-0.958293615787971,0.770956787253721,"escaped_inner",0.16117219403861,-0.148930921642396,-1.03532857230691,0.003,0.875
"karachiBetaKDE",5e-04,10000,"0.05",6,0.950123279437843,1.53034193036117,-0.958293615787971,0.770956787253721,"escaped_inner",0.16117219403861,-0.148930921642396,-1.03532857230691,0.003,0.875
"karachiBetaKDE",5e-04,10000,"0.05",6,0.944774242698295,1.51768599023515,-0.958293615787971,0.770956787253721,"escaped_inner",0.16117219403861,-0.148930921642396,-1.03532857230691,0.003,0.875
"karachiBetaKDE",5e-04,10000,"0.05",6,0.938744520641643,1.44015631639377,-0.958293615787971,0.770956787253721,"escaped_inner",0.16117219403861,-0.148930921642396,-1.03532857230691,0.003,0.875
"karachiBetaKDE",5e-04,10000,"0.05",6,0.932033249415245,1.3557408862943,-0.958293615787971,0.770956787253721,"escaped_inner",0.16117219403861,-0.148930921642396,-1.03532857230691,0.003,0.875
"karachiBetaKDE",5e-04,10000,"0.05",6,0.924586215878857,1.26783408964835,-0.958293615787971,0.770956787253721,"escaped_inner",0.16117219403861,-0.148930921642396,-1.03532857230691,0.003,0.875
"karachiBetaKDE",5e-04,10000,"0.05",6,0.916299600528128,1.21678194517824,-0.958293615787971,0.770956787253721,"escaped_inner",0.16117219403861,-0.148930921642396,-1.03532857230691,0.003,0.875
"karachiBetaKDE",5e-04,10000,"0.05",6,0.907026985009363,1.06999065876847,-0.958293615787971,0.770956787253721,"escaped_inner",0.16117219403861,-0.148930921642396,-1.03532857230691,0.003,0.875
"karachiBetaKDE",5e-04,10000,"0.05",6,0.896586843613339,1.05002782926779,-0.958293615787971,0.770956787253721,"escaped_inner",0.16117219403861,-0.148930921642396,-1.03532857230691,0.003,0.875
"karachiBetaKDE",5e-04,10000,"0.05",6,0.884771092114384,0.926322097839148,-0.958293615787971,0.770956787253721,"escaped_inner",0.16117219403861,-0.148930921642396,-1.03532857230691,0.003,0.875
"karachiBetaKDE",5e-04,10000,"0.05",6,0.87139537236811,0.832562786899557,-0.958293615787971,0.770956787253721,"escaped_inner",0.16117219403861,-0.148930921642396,-1.03532857230691,0.003,0.875
"karachiBetaKDE",5e-04,10000,"0.05",6,0.856354046676824,0.802070701748061,-0.958293615787971,0.770956787253721,"escaped_inner",0.16117219403861,-0.148930921642396,-1.03532857230691,0.003,0.875
"karachiBetaKDE",5e-04,10000,"0.05",6,0.839610207739494,0.758977473596196,-0.958293615787971,0.770956787253721,"covered",0.16117219403861,-0.148930921642396,-1.03532857230691,0.003,0.875
"karachiBetaKDE",5e-04,10000,"0.05",6,0.821080728047109,0.761273355320809,-0.958293615787971,0.770956787253721,"covered",0.16117219403861,-0.148930921642396,-1.03532857230691,0.003,0.875
"karachiBetaKDE",5e-04,10000,"0.05",6,0.800567701187619,0.668902381406447,-0.958293615787971,0.770956787253721,"covered",0.16117219403861,-0.148930921642396,-1.03532857230691,0.003,0.875
"karachiBetaKDE",5e-04,10000,"0.05",6,0.777885607549507,0.601190237104931,-0.958293615787971,0.770956787253721,"covered",0.16117219403861,-0.148930921642396,-1.03532857230691,0.003,0.875
"karachiBetaKDE",5e-04,10000,"0.05",6,0.752982458946362,0.410505285343864,-0.958293615787971,0.770956787253721,"covered",0.16117219403861,-0.148930921642396,-1.03532857230691,0.003,0.875
"karachiBetaKDE",5e-04,10000,"0.05",6,0.725790234162741,0.35033849044021,-0.958293615787971,0.770956787253721,"covered",0.16117219403861,-0.148930921642396,-1.03532857230691,0.003,0.875
"karachiBetaKDE",5e-04,10000,"0.05",6,0.69606561161469,0.30602218339014,-0.958293615787971,0.770956787253721,"covered",0.16117219403861,-0.148930921642396,-1.03532857230691,0.003,0.875
"karachiBetaKDE",5e-04,10000,"0.05",6,0.663699698655259,0.174752987633099,-0.958293615787971,0.770956787253721,"covered",0.16117219403861,-0.148930921642396,-1.03532857230691,0.003,0.875
"karachiBetaKDE",5e-04,10000,"0.05",6,0.629093271635229,0.0928818473637543,-0.958293615787971,0.770956787253721,"covered",0.16117219403861,-0.148930921642396,-1.03532857230691,0.003,0.875
"karachiBetaKDE",5e-04,10000,"0.05",6,0.592868808043879,0.0545150694884466,-0.958293615787971,0.770956787253721,"covered",0.16117219403861,-0.148930921642396,-1.03532857230691,0.003,0.875
"karachiBetaKDE",5e-04,10000,"0.05",6,0.555319981977444,-0.177433216491516,-0.958293615787971,0.770956787253721,"covered",0.16117219403861,-0.148930921642396,-1.03532857230691,0.003,0.875
"karachiBetaKDE",5e-04,10000,"0.05",6,0.51647843189623,-0.244765385568667,-0.958293615787971,0.770956787253721,"covered",0.16117219403861,-0.148930921642396,-1.03532857230691,0.003,0.875
"karachiBetaKDE",5e-04,10000,"0.05",6,0.476735140026402,-0.158926352355035,-0.958293615787971,0.770956787253721,"covered",0.16117219403861,-0.148930921642396,-1.03532857230691,0.003,0.875
"karachiBetaKDE",5e-04,10000,"0.05",6,0.436928695095447,-0.237660303105351,-0.958293615787971,0.770956787253721,"covered",0.16117219403861,-0.148930921642396,-1.03532857230691,0.003,0.875
"karachiBetaKDE",5e-04,10000,"0.05",6,0.397723723245424,-0.22451127861323,-0.958293615787971,0.770956787253721,"covered",0.16117219403861,-0.148930921642396,-1.03532857230691,0.003,0.875
"karachiBetaKDE",5e-04,10000,"0.05",6,0.359240914828636,-0.315784189855474,-0.958293615787971,0.770956787253721,"covered",0.16117219403861,-0.148930921642396,-1.03532857230691,0.003,0.875
"karachiBetaKDE",5e-04,10000,"0.05",6,0.321562845842307,-0.452214963587129,-0.958293615787971,0.770956787253721,"covered",0.16117219403861,-0.148930921642396,-1.03532857230691,0.003,0.875
"karachiBetaKDE",5e-04,10000,"0.05",6,0.285197981475766,-0.572075395486243,-0.958293615787971,0.770956787253721,"covered",0.16117219403861,-0.148930921642396,-1.03532857230691,0.003,0.875
"karachiBetaKDE",5e-04,10000,"0.05",6,0.250836215776904,-0.429394570779353,-0.958293615787971,0.770956787253721,"covered",0.16117219403861,-0.148930921642396,-1.03532857230691,0.003,0.875
"karachiBetaKDE",5e-04,10000,"0.05",6,0.219082914662495,-0.338254901150524,-0.958293615787971,0.770956787253721,"covered",0.16117219403861,-0.148930921642396,-1.03532857230691,0.003,0.875
"karachiBetaKDE",5e-04,10000,"0.05",6,0.190309773296301,-0.222110579801571,-0.958293615787971,0.770956787253721,"covered",0.16117219403861,-0.148930921642396,-1.03532857230691,0.003,0.875
"karachiBetaKDE",5e-04,10000,"0.05",6,0.164610609577326,-0.202920011991368,-0.958293615787971,0.770956787253721,"covered",0.16117219403861,-0.148930921642396,-1.03532857230691,0.003,0.875
"karachiBetaKDE",5e-04,10000,"0.05",6,0.141983640287116,-0.245153698134244,-0.958293615787971,0.770956787253721,"covered",0.16117219403861,-0.148930921642396,-1.03532857230691,0.003,0.875
"karachiBetaKDE",5e-04,10000,"0.05",6,0.122267432828818,-0.217159784422941,-0.958293615787971,0.770956787253721,"covered",0.16117219403861,-0.148930921642396,-1.03532857230691,0.003,0.875
"karachiBetaKDE",5e-04,10000,"0.05",6,0.104618038263181,-0.293373290955926,-0.958293615787971,0.770956787253721,"covered",0.16117219403861,-0.148930921642396,-1.03532857230691,0.003,0.875
"karachiBetaKDE",5e-04,10000,"0.05",6,0.0886383514543017,-0.312503677119269,-0.958293615787971,0.770956787253721,"covered",0.16117219403861,-0.148930921642396,-1.03532857230691,0.003,0.875
"karachiBetaKDE",5e-04,10000,"0.05",6,0.0748475445763621,-0.32909445755383,-0.958293615787971,0.770956787253721,"covered",0.16117219403861,-0.148930921642396,-1.03532857230691,0.003,0.875
"karachiBetaKDE",5e-04,10000,"0.05",6,0.06353753376898,-0.0687488737397481,-0.958293615787971,0.770956787253721,"covered",0.16117219403861,-0.148930921642396,-1.03532857230691,0.003,0.875
"karachiBetaKDE",5e-04,10000,"0.05",6,0.0542627209029139,0.182376876480842,-0.958293615787971,0.770956787253721,"covered",0.16117219403861,-0.148930921642396,-1.03532857230691,0.003,0.875
"karachiBetaKDE",5e-04,10000,"0.05",6,0.0464829494966246,0.429476780704547,-0.958293615787971,0.770956787253721,"covered",0.16117219403861,-0.148930921642396,-1.03532857230691,0.003,0.875
"karachiBetaKDE",5e-04,10000,"0.05",6,0.0399020505287196,0.613283450357776,-0.958293615787971,0.770956787253721,"covered",0.16117219403861,-0.148930921642396,-1.03532857230691,0.003,0.875
"karachiBetaKDE",5e-04,10000,"0.05",6,0.0342638781639597,0.872234561733514,-0.958293615787971,0.770956787253721,"escaped_inner",0.16117219403861,-0.148930921642396,-1.03532857230691,0.003,0.875
"karachiBetaKDE",5e-04,10000,"0.05",6,0.029112520606684,1.11978949835895,-0.958293615787971,0.770956787253721,"escaped_inner",0.16117219403861,-0.148930921642396,-1.03532857230691,0.003,0.875
"karachiBetaKDE",5e-04,10000,"0.05",6,0.0239701700290124,1.24572941014386,-0.958293615787971,0.770956787253721,"escaped_inner",0.16117219403861,-0.148930921642396,-1.03532857230691,0.003,0.875
"karachiBetaKDE",5e-04,10000,"0.05",7,0.97891796945672,1.96890664423303,-0.84152867375812,0.679124255547618,"escaped_inner",0.173847820112837,-0.160240634578221,-1.06700855335973,0.0075,0.9038
"karachiBetaKDE",5e-04,10000,"0.05",7,0.977147923248112,2.04172007528481,-0.84152867375812,0.679124255547618,"escaped_inner",0.173847820112837,-0.160240634578221,-1.06700855335973,0.0075,0.9038
"karachiBetaKDE",5e-04,10000,"0.05",7,0.975392157375374,2.07328216457827,-0.84152867375812,0.679124255547618,"escaped_inner",0.173847820112837,-0.160240634578221,-1.06700855335973,0.0075,0.9038
"karachiBetaKDE",5e-04,10000,"0.05",7,0.973728307066674,2.0400922407078,-0.84152867375812,0.679124255547618,"escaped_inner",0.173847820112837,-0.160240634578221,-1.06700855335973,0.0075,0.9038
"karachiBetaKDE",5e-04,10000,"0.05",7,0.972148603393168,2.0078442579465,-0.84152867375812,0.679124255547618,"escaped_inner",0.173847820112837,-0.160240634578221,-1.06700855335973,0.0075,0.9038
"karachiBetaKDE",5e-04,10000,"0.05",7,0.970556154699355,1.96367846135675,-0.84152867375812,0.679124255547618,"escaped_inner",0.173847820112837,-0.160240634578221,-1.06700855335973,0.0075,0.9038
"karachiBetaKDE",5e-04,10000,"0.05",7,0.968823546619977,1.90905997014582,-0.84152867375812,0.679124255547618,"escaped_inner",0.173847820112837,-0.160240634578221,-1.06700855335973,0.0075,0.9038
"karachiBetaKDE",5e-04,10000,"0.05",7,0.966856602335362,1.85272383175729,-0.84152867375812,0.679124255547618,"escaped_inner",0.173847820112837,-0.160240634578221,-1.06700855335973,0.0075,0.9038
"karachiBetaKDE",5e-04,10000,"0.05",7,0.964584553599988,1.80282198321473,-0.84152867375812,0.679124255547618,"escaped_inner",0.173847820112837,-0.160240634578221,-1.06700855335973,0.0075,0.9038
"karachiBetaKDE",5e-04,10000,"0.05",7,0.961904962533908,1.78760997871775,-0.84152867375812,0.679124255547618,"escaped_inner",0.173847820112837,-0.160240634578221,-1.06700855335973,0.0075,0.9038
"karachiBetaKDE",5e-04,10000,"0.05",7,0.958671657270623,1.74938545402151,-0.84152867375812,0.679124255547618,"escaped_inner",0.173847820112837,-0.160240634578221,-1.06700855335973,0.0075,0.9038
"karachiBetaKDE",5e-04,10000,"0.05",7,0.954760748875313,1.69246503739422,-0.84152867375812,0.679124255547618,"escaped_inner",0.173847820112837,-0.160240634578221,-1.06700855335973,0.0075,0.9038
"karachiBetaKDE",5e-04,10000,"0.05",7,0.950123279437843,1.64169434171668,-0.84152867375812,0.679124255547618,"escaped_inner",0.173847820112837,-0.160240634578221,-1.06700855335973,0.0075,0.9038
"karachiBetaKDE",5e-04,10000,"0.05",7,0.944774242698295,1.61915215687448,-0.84152867375812,0.679124255547618,"escaped_inner",0.173847820112837,-0.160240634578221,-1.06700855335973,0.0075,0.9038
"karachiBetaKDE",5e-04,10000,"0.05",7,0.938744520641643,1.57083771989244,-0.84152867375812,0.679124255547618,"escaped_inner",0.173847820112837,-0.160240634578221,-1.06700855335973,0.0075,0.9038
"karachiBetaKDE",5e-04,10000,"0.05",7,0.932033249415245,1.50416981316399,-0.84152867375812,0.679124255547618,"escaped_inner",0.173847820112837,-0.160240634578221,-1.06700855335973,0.0075,0.9038
"karachiBetaKDE",5e-04,10000,"0.05",7,0.924586215878857,1.42180924999234,-0.84152867375812,0.679124255547618,"escaped_inner",0.173847820112837,-0.160240634578221,-1.06700855335973,0.0075,0.9038
"karachiBetaKDE",5e-04,10000,"0.05",7,0.916299600528128,1.33559636446341,-0.84152867375812,0.679124255547618,"escaped_inner",0.173847820112837,-0.160240634578221,-1.06700855335973,0.0075,0.9038
"karachiBetaKDE",5e-04,10000,"0.05",7,0.907026985009363,1.22882574936395,-0.84152867375812,0.679124255547618,"escaped_inner",0.173847820112837,-0.160240634578221,-1.06700855335973,0.0075,0.9038
"karachiBetaKDE",5e-04,10000,"0.05",7,0.896586843613339,1.16056362291766,-0.84152867375812,0.679124255547618,"escaped_inner",0.173847820112837,-0.160240634578221,-1.06700855335973,0.0075,0.9038
"karachiBetaKDE",5e-04,10000,"0.05",7,0.884771092114384,1.10460741549186,-0.84152867375812,0.679124255547618,"escaped_inner",0.173847820112837,-0.160240634578221,-1.06700855335973,0.0075,0.9038
"karachiBetaKDE",5e-04,10000,"0.05",7,0.87139537236811,1.00888227518834,-0.84152867375812,0.679124255547618,"escaped_inner",0.173847820112837,-0.160240634578221,-1.06700855335973,0.0075,0.9038
"karachiBetaKDE",5e-04,10000,"0.05",7,0.856354046676824,0.912082107297227,-0.84152867375812,0.679124255547618,"escaped_inner",0.173847820112837,-0.160240634578221,-1.06700855335973,0.0075,0.9038
"karachiBetaKDE",5e-04,10000,"0.05",7,0.839610207739494,0.89187819252952,-0.84152867375812,0.679124255547618,"escaped_inner",0.173847820112837,-0.160240634578221,-1.06700855335973,0.0075,0.9038
"karachiBetaKDE",5e-04,10000,"0.05",7,0.821080728047109,0.831532810231273,-0.84152867375812,0.679124255547618,"escaped_inner",0.173847820112837,-0.160240634578221,-1.06700855335973,0.0075,0.9038
"karachiBetaKDE",5e-04,10000,"0.05",7,0.800567701187619,0.833488250880474,-0.84152867375812,0.679124255547618,"escaped_inner",0.173847820112837,-0.160240634578221,-1.06700855335973,0.0075,0.9038
"karachiBetaKDE",5e-04,10000,"0.05",7,0.777885607549507,0.738440375915607,-0.84152867375812,0.679124255547618,"escaped_inner",0.173847820112837,-0.160240634578221,-1.06700855335973,0.0075,0.9038
"karachiBetaKDE",5e-04,10000,"0.05",7,0.752982458946362,0.723611760034667,-0.84152867375812,0.679124255547618,"escaped_inner",0.173847820112837,-0.160240634578221,-1.06700855335973,0.0075,0.9038
"karachiBetaKDE",5e-04,10000,"0.05",7,0.725790234162741,0.660233122097043,-0.84152867375812,0.679124255547618,"covered",0.173847820112837,-0.160240634578221,-1.06700855335973,0.0075,0.9038
"karachiBetaKDE",5e-04,10000,"0.05",7,0.69606561161469,0.56339317062146,-0.84152867375812,0.679124255547618,"covered",0.173847820112837,-0.160240634578221,-1.06700855335973,0.0075,0.9038
"karachiBetaKDE",5e-04,10000,"0.05",7,0.663699698655259,0.528572832204191,-0.84152867375812,0.679124255547618,"covered",0.173847820112837,-0.160240634578221,-1.06700855335973,0.0075,0.9038
"karachiBetaKDE",5e-04,10000,"0.05",7,0.629093271635229,0.373499349745959,-0.84152867375812,0.679124255547618,"covered",0.173847820112837,-0.160240634578221,-1.06700855335973,0.0075,0.9038
"karachiBetaKDE",5e-04,10000,"0.05",7,0.592868808043879,0.307997026356746,-0.84152867375812,0.679124255547618,"covered",0.173847820112837,-0.160240634578221,-1.06700855335973,0.0075,0.9038
"karachiBetaKDE",5e-04,10000,"0.05",7,0.555319981977444,0.314272006630936,-0.84152867375812,0.679124255547618,"covered",0.173847820112837,-0.160240634578221,-1.06700855335973,0.0075,0.9038
"karachiBetaKDE",5e-04,10000,"0.05",7,0.51647843189623,0.197884152046676,-0.84152867375812,0.679124255547618,"covered",0.173847820112837,-0.160240634578221,-1.06700855335973,0.0075,0.9038
"karachiBetaKDE",5e-04,10000,"0.05",7,0.476735140026402,0.128877859102246,-0.84152867375812,0.679124255547618,"covered",0.173847820112837,-0.160240634578221,-1.06700855335973,0.0075,0.9038
"karachiBetaKDE",5e-04,10000,"0.05",7,0.436928695095447,0.134044786770732,-0.84152867375812,0.679124255547618,"covered",0.173847820112837,-0.160240634578221,-1.06700855335973,0.0075,0.9038
"karachiBetaKDE",5e-04,10000,"0.05",7,0.397723723245424,0.19151229277892,-0.84152867375812,0.679124255547618,"covered",0.173847820112837,-0.160240634578221,-1.06700855335973,0.0075,0.9038
"karachiBetaKDE",5e-04,10000,"0.05",7,0.359240914828636,0.127204581932972,-0.84152867375812,0.679124255547618,"covered",0.173847820112837,-0.160240634578221,-1.06700855335973,0.0075,0.9038
"karachiBetaKDE",5e-04,10000,"0.05",7,0.321562845842307,0.072343060298015,-0.84152867375812,0.679124255547618,"covered",0.173847820112837,-0.160240634578221,-1.06700855335973,0.0075,0.9038
"karachiBetaKDE",5e-04,10000,"0.05",7,0.285197981475766,-0.00989450502762454,-0.84152867375812,0.679124255547618,"covered",0.173847820112837,-0.160240634578221,-1.06700855335973,0.0075,0.9038
"karachiBetaKDE",5e-04,10000,"0.05",7,0.250836215776904,-0.106162816572124,-0.84152867375812,0.679124255547618,"covered",0.173847820112837,-0.160240634578221,-1.06700855335973,0.0075,0.9038
"karachiBetaKDE",5e-04,10000,"0.05",7,0.219082914662495,-0.0720607545273673,-0.84152867375812,0.679124255547618,"covered",0.173847820112837,-0.160240634578221,-1.06700855335973,0.0075,0.9038
"karachiBetaKDE",5e-04,10000,"0.05",7,0.190309773296301,0.02081476279213,-0.84152867375812,0.679124255547618,"covered",0.173847820112837,-0.160240634578221,-1.06700855335973,0.0075,0.9038
"karachiBetaKDE",5e-04,10000,"0.05",7,0.164610609577326,0.0677735858958991,-0.84152867375812,0.679124255547618,"covered",0.173847820112837,-0.160240634578221,-1.06700855335973,0.0075,0.9038
"karachiBetaKDE",5e-04,10000,"0.05",7,0.141983640287116,-0.0387455109988964,-0.84152867375812,0.679124255547618,"covered",0.173847820112837,-0.160240634578221,-1.06700855335973,0.0075,0.9038
"karachiBetaKDE",5e-04,10000,"0.05",7,0.122267432828818,-0.0221150543221841,-0.84152867375812,0.679124255547618,"covered",0.173847820112837,-0.160240634578221,-1.06700855335973,0.0075,0.9038
"karachiBetaKDE",5e-04,10000,"0.05",7,0.104618038263181,-0.00489094905206614,-0.84152867375812,0.679124255547618,"covered",0.173847820112837,-0.160240634578221,-1.06700855335973,0.0075,0.9038
"karachiBetaKDE",5e-04,10000,"0.05",7,0.0886383514543017,0.0832353906508033,-0.84152867375812,0.679124255547618,"covered",0.173847820112837,-0.160240634578221,-1.06700855335973,0.0075,0.9038
"karachiBetaKDE",5e-04,10000,"0.05",7,0.0748475445763621,0.0501792505129786,-0.84152867375812,0.679124255547618,"covered",0.173847820112837,-0.160240634578221,-1.06700855335973,0.0075,0.9038
"karachiBetaKDE",5e-04,10000,"0.05",7,0.06353753376898,0.229612683388273,-0.84152867375812,0.679124255547618,"covered",0.173847820112837,-0.160240634578221,-1.06700855335973,0.0075,0.9038
"karachiBetaKDE",5e-04,10000,"0.05",7,0.0542627209029139,0.395842764156097,-0.84152867375812,0.679124255547618,"covered",0.173847820112837,-0.160240634578221,-1.06700855335973,0.0075,0.9038
"karachiBetaKDE",5e-04,10000,"0.05",7,0.0464829494966246,0.62868874998132,-0.84152867375812,0.679124255547618,"covered",0.173847820112837,-0.160240634578221,-1.06700855335973,0.0075,0.9038
"karachiBetaKDE",5e-04,10000,"0.05",7,0.0399020505287196,0.848178861249901,-0.84152867375812,0.679124255547618,"escaped_inner",0.173847820112837,-0.160240634578221,-1.06700855335973,0.0075,0.9038
"karachiBetaKDE",5e-04,10000,"0.05",7,0.0342638781639597,1.06293107318639,-0.84152867375812,0.679124255547618,"escaped_inner",0.173847820112837,-0.160240634578221,-1.06700855335973,0.0075,0.9038
"karachiBetaKDE",5e-04,10000,"0.05",7,0.029112520606684,1.19181480313402,-0.84152867375812,0.679124255547618,"escaped_inner",0.173847820112837,-0.160240634578221,-1.06700855335973,0.0075,0.9038
"karachiBetaKDE",5e-04,10000,"0.05",7,0.0239701700290124,1.26717638730189,-0.84152867375812,0.679124255547618,"escaped_inner",0.173847820112837,-0.160240634578221,-1.06700855335973,0.0075,0.9038
"karachiBetaKDE",5e-04,10000,"0.05",8,0.97891796945672,2.01104838109904,-0.859530253099218,0.681655066444262,"escaped_inner",0.167777706030704,-0.372736738120742,-0.60456807339695,0.0018,0.667
"karachiBetaKDE",5e-04,10000,"0.05",8,0.977147923248112,2.03731700003004,-0.859530253099218,0.681655066444262,"escaped_inner",0.167777706030704,-0.372736738120742,-0.60456807339695,0.0018,0.667
"karachiBetaKDE",5e-04,10000,"0.05",8,0.975392157375374,2.03311062638014,-0.859530253099218,0.681655066444262,"escaped_inner",0.167777706030704,-0.372736738120742,-0.60456807339695,0.0018,0.667
"karachiBetaKDE",5e-04,10000,"0.05",8,0.973728307066674,2.01966371717904,-0.859530253099218,0.681655066444262,"escaped_inner",0.167777706030704,-0.372736738120742,-0.60456807339695,0.0018,0.667
"karachiBetaKDE",5e-04,10000,"0.05",8,0.972148603393168,2.00668846465006,-0.859530253099218,0.681655066444262,"escaped_inner",0.167777706030704,-0.372736738120742,-0.60456807339695,0.0018,0.667
"karachiBetaKDE",5e-04,10000,"0.05",8,0.970556154699355,1.9751524240702,-0.859530253099218,0.681655066444262,"escaped_inner",0.167777706030704,-0.372736738120742,-0.60456807339695,0.0018,0.667
"karachiBetaKDE",5e-04,10000,"0.05",8,0.968823546619977,1.92454565498662,-0.859530253099218,0.681655066444262,"escaped_inner",0.167777706030704,-0.372736738120742,-0.60456807339695,0.0018,0.667
"karachiBetaKDE",5e-04,10000,"0.05",8,0.966856602335362,1.86812925018348,-0.859530253099218,0.681655066444262,"escaped_inner",0.167777706030704,-0.372736738120742,-0.60456807339695,0.0018,0.667
"karachiBetaKDE",5e-04,10000,"0.05",8,0.964584553599988,1.82947380935478,-0.859530253099218,0.681655066444262,"escaped_inner",0.167777706030704,-0.372736738120742,-0.60456807339695,0.0018,0.667
"karachiBetaKDE",5e-04,10000,"0.05",8,0.961904962533908,1.8118758397876,-0.859530253099218,0.681655066444262,"escaped_inner",0.167777706030704,-0.372736738120742,-0.60456807339695,0.0018,0.667
"karachiBetaKDE",5e-04,10000,"0.05",8,0.958671657270623,1.83161284043876,-0.859530253099218,0.681655066444262,"escaped_inner",0.167777706030704,-0.372736738120742,-0.60456807339695,0.0018,0.667
"karachiBetaKDE",5e-04,10000,"0.05",8,0.954760748875313,1.7897446315172,-0.859530253099218,0.681655066444262,"escaped_inner",0.167777706030704,-0.372736738120742,-0.60456807339695,0.0018,0.667
"karachiBetaKDE",5e-04,10000,"0.05",8,0.950123279437843,1.750097148242,-0.859530253099218,0.681655066444262,"escaped_inner",0.167777706030704,-0.372736738120742,-0.60456807339695,0.0018,0.667
"karachiBetaKDE",5e-04,10000,"0.05",8,0.944774242698295,1.68166664233163,-0.859530253099218,0.681655066444262,"escaped_inner",0.167777706030704,-0.372736738120742,-0.60456807339695,0.0018,0.667
"karachiBetaKDE",5e-04,10000,"0.05",8,0.938744520641643,1.57071665415737,-0.859530253099218,0.681655066444262,"escaped_inner",0.167777706030704,-0.372736738120742,-0.60456807339695,0.0018,0.667
"karachiBetaKDE",5e-04,10000,"0.05",8,0.932033249415245,1.49260890031316,-0.859530253099218,0.681655066444262,"escaped_inner",0.167777706030704,-0.372736738120742,-0.60456807339695,0.0018,0.667
"karachiBetaKDE",5e-04,10000,"0.05",8,0.924586215878857,1.39162078131081,-0.859530253099218,0.681655066444262,"escaped_inner",0.167777706030704,-0.372736738120742,-0.60456807339695,0.0018,0.667
"karachiBetaKDE",5e-04,10000,"0.05",8,0.916299600528128,1.29635067867033,-0.859530253099218,0.681655066444262,"escaped_inner",0.167777706030704,-0.372736738120742,-0.60456807339695,0.0018,0.667
"karachiBetaKDE",5e-04,10000,"0.05",8,0.907026985009363,1.21841443198592,-0.859530253099218,0.681655066444262,"escaped_inner",0.167777706030704,-0.372736738120742,-0.60456807339695,0.0018,0.667
"karachiBetaKDE",5e-04,10000,"0.05",8,0.896586843613339,1.08487716026348,-0.859530253099218,0.681655066444262,"escaped_inner",0.167777706030704,-0.372736738120742,-0.60456807339695,0.0018,0.667
"karachiBetaKDE",5e-04,10000,"0.05",8,0.884771092114384,1.04364549285974,-0.859530253099218,0.681655066444262,"escaped_inner",0.167777706030704,-0.372736738120742,-0.60456807339695,0.0018,0.667
"karachiBetaKDE",5e-04,10000,"0.05",8,0.87139537236811,0.947788541970068,-0.859530253099218,0.681655066444262,"escaped_inner",0.167777706030704,-0.372736738120742,-0.60456807339695,0.0018,0.667
"karachiBetaKDE",5e-04,10000,"0.05",8,0.856354046676824,0.865363243615758,-0.859530253099218,0.681655066444262,"escaped_inner",0.167777706030704,-0.372736738120742,-0.60456807339695,0.0018,0.667
"karachiBetaKDE",5e-04,10000,"0.05",8,0.839610207739494,0.863656004760894,-0.859530253099218,0.681655066444262,"escaped_inner",0.167777706030704,-0.372736738120742,-0.60456807339695,0.0018,0.667
"karachiBetaKDE",5e-04,10000,"0.05",8,0.821080728047109,0.800584611460443,-0.859530253099218,0.681655066444262,"escaped_inner",0.167777706030704,-0.372736738120742,-0.60456807339695,0.0018,0.667
"karachiBetaKDE",5e-04,10000,"0.05",8,0.800567701187619,0.76943392969618,-0.859530253099218,0.681655066444262,"escaped_inner",0.167777706030704,-0.372736738120742,-0.60456807339695,0.0018,0.667
"karachiBetaKDE",5e-04,10000,"0.05",8,0.777885607549507,0.749194666627688,-0.859530253099218,0.681655066444262,"escaped_inner",0.167777706030704,-0.372736738120742,-0.60456807339695,0.0018,0.667
"karachiBetaKDE",5e-04,10000,"0.05",8,0.752982458946362,0.716318220989236,-0.859530253099218,0.681655066444262,"escaped_inner",0.167777706030704,-0.372736738120742,-0.60456807339695,0.0018,0.667
"karachiBetaKDE",5e-04,10000,"0.05",8,0.725790234162741,0.67709900209998,-0.859530253099218,0.681655066444262,"covered",0.167777706030704,-0.372736738120742,-0.60456807339695,0.0018,0.667
"karachiBetaKDE",5e-04,10000,"0.05",8,0.69606561161469,0.585713538190356,-0.859530253099218,0.681655066444262,"covered",0.167777706030704,-0.372736738120742,-0.60456807339695,0.0018,0.667
"karachiBetaKDE",5e-04,10000,"0.05",8,0.663699698655259,0.571810543505716,-0.859530253099218,0.681655066444262,"covered",0.167777706030704,-0.372736738120742,-0.60456807339695,0.0018,0.667
"karachiBetaKDE",5e-04,10000,"0.05",8,0.629093271635229,0.451036932116948,-0.859530253099218,0.681655066444262,"covered",0.167777706030704,-0.372736738120742,-0.60456807339695,0.0018,0.667
"karachiBetaKDE",5e-04,10000,"0.05",8,0.592868808043879,0.384710591628228,-0.859530253099218,0.681655066444262,"covered",0.167777706030704,-0.372736738120742,-0.60456807339695,0.0018,0.667
"karachiBetaKDE",5e-04,10000,"0.05",8,0.555319981977444,0.252841446458656,-0.859530253099218,0.681655066444262,"covered",0.167777706030704,-0.372736738120742,-0.60456807339695,0.0018,0.667
"karachiBetaKDE",5e-04,10000,"0.05",8,0.51647843189623,0.207981776697815,-0.859530253099218,0.681655066444262,"covered",0.167777706030704,-0.372736738120742,-0.60456807339695,0.0018,0.667
"karachiBetaKDE",5e-04,10000,"0.05",8,0.476735140026402,0.199455351758639,-0.859530253099218,0.681655066444262,"covered",0.167777706030704,-0.372736738120742,-0.60456807339695,0.0018,0.667
"karachiBetaKDE",5e-04,10000,"0.05",8,0.436928695095447,0.253745929927458,-0.859530253099218,0.681655066444262,"covered",0.167777706030704,-0.372736738120742,-0.60456807339695,0.0018,0.667
"karachiBetaKDE",5e-04,10000,"0.05",8,0.397723723245424,0.24087685783924,-0.859530253099218,0.681655066444262,"covered",0.167777706030704,-0.372736738120742,-0.60456807339695,0.0018,0.667
"karachiBetaKDE",5e-04,10000,"0.05",8,0.359240914828636,0.0953461729766341,-0.859530253099218,0.681655066444262,"covered",0.167777706030704,-0.372736738120742,-0.60456807339695,0.0018,0.667
"karachiBetaKDE",5e-04,10000,"0.05",8,0.321562845842307,-0.0607345933529932,-0.859530253099218,0.681655066444262,"covered",0.167777706030704,-0.372736738120742,-0.60456807339695,0.0018,0.667
"karachiBetaKDE",5e-04,10000,"0.05",8,0.285197981475766,-0.152084858819285,-0.859530253099218,0.681655066444262,"covered",0.167777706030704,-0.372736738120742,-0.60456807339695,0.0018,0.667
"karachiBetaKDE",5e-04,10000,"0.05",8,0.250836215776904,-0.189866848667915,-0.859530253099218,0.681655066444262,"covered",0.167777706030704,-0.372736738120742,-0.60456807339695,0.0018,0.667
"karachiBetaKDE",5e-04,10000,"0.05",8,0.219082914662495,-0.229047580748354,-0.859530253099218,0.681655066444262,"covered",0.167777706030704,-0.372736738120742,-0.60456807339695,0.0018,0.667
"karachiBetaKDE",5e-04,10000,"0.05",8,0.190309773296301,-0.0837296444853345,-0.859530253099218,0.681655066444262,"covered",0.167777706030704,-0.372736738120742,-0.60456807339695,0.0018,0.667
"karachiBetaKDE",5e-04,10000,"0.05",8,0.164610609577326,0.0128904907959302,-0.859530253099218,0.681655066444262,"covered",0.167777706030704,-0.372736738120742,-0.60456807339695,0.0018,0.667
"karachiBetaKDE",5e-04,10000,"0.05",8,0.141983640287116,-0.0402852050583194,-0.859530253099218,0.681655066444262,"covered",0.167777706030704,-0.372736738120742,-0.60456807339695,0.0018,0.667
"karachiBetaKDE",5e-04,10000,"0.05",8,0.122267432828818,-0.214112883179017,-0.859530253099218,0.681655066444262,"covered",0.167777706030704,-0.372736738120742,-0.60456807339695,0.0018,0.667
"karachiBetaKDE",5e-04,10000,"0.05",8,0.104618038263181,-0.148902293924901,-0.859530253099218,0.681655066444262,"covered",0.167777706030704,-0.372736738120742,-0.60456807339695,0.0018,0.667
"karachiBetaKDE",5e-04,10000,"0.05",8,0.0886383514543017,-0.221871420742776,-0.859530253099218,0.681655066444262,"covered",0.167777706030704,-0.372736738120742,-0.60456807339695,0.0018,0.667
"karachiBetaKDE",5e-04,10000,"0.05",8,0.0748475445763621,-0.0936407068514188,-0.859530253099218,0.681655066444262,"covered",0.167777706030704,-0.372736738120742,-0.60456807339695,0.0018,0.667
"karachiBetaKDE",5e-04,10000,"0.05",8,0.06353753376898,0.0402220875736389,-0.859530253099218,0.681655066444262,"covered",0.167777706030704,-0.372736738120742,-0.60456807339695,0.0018,0.667
"karachiBetaKDE",5e-04,10000,"0.05",8,0.0542627209029139,0.347793127072163,-0.859530253099218,0.681655066444262,"covered",0.167777706030704,-0.372736738120742,-0.60456807339695,0.0018,0.667
"karachiBetaKDE",5e-04,10000,"0.05",8,0.0464829494966246,0.541941735686448,-0.859530253099218,0.681655066444262,"covered",0.167777706030704,-0.372736738120742,-0.60456807339695,0.0018,0.667
"karachiBetaKDE",5e-04,10000,"0.05",8,0.0399020505287196,0.741907168264019,-0.859530253099218,0.681655066444262,"escaped_inner",0.167777706030704,-0.372736738120742,-0.60456807339695,0.0018,0.667
"karachiBetaKDE",5e-04,10000,"0.05",8,0.0342638781639597,0.922604383960968,-0.859530253099218,0.681655066444262,"escaped_inner",0.167777706030704,-0.372736738120742,-0.60456807339695,0.0018,0.667
"karachiBetaKDE",5e-04,10000,"0.05",8,0.029112520606684,1.13049792645644,-0.859530253099218,0.681655066444262,"escaped_inner",0.167777706030704,-0.372736738120742,-0.60456807339695,0.0018,0.667
"karachiBetaKDE",5e-04,10000,"0.05",8,0.0239701700290124,1.24857758121853,-0.859530253099218,0.681655066444262,"escaped_inner",0.167777706030704,-0.372736738120742,-0.60456807339695,0.0018,0.667
"karachiBetaKDE",5e-04,10000,"0.05",9,0.97891796945672,2.01669120770684,-0.773879886943574,0.61958427877014,"escaped_inner",0.176320404151068,-0.133586272412312,-1.05440766386045,0.0051,0.9646
"karachiBetaKDE",5e-04,10000,"0.05",9,0.977147923248112,2.03760871269237,-0.773879886943574,0.61958427877014,"escaped_inner",0.176320404151068,-0.133586272412312,-1.05440766386045,0.0051,0.9646
"karachiBetaKDE",5e-04,10000,"0.05",9,0.975392157375374,2.03317558331855,-0.773879886943574,0.61958427877014,"escaped_inner",0.176320404151068,-0.133586272412312,-1.05440766386045,0.0051,0.9646
"karachiBetaKDE",5e-04,10000,"0.05",9,0.973728307066674,2.0228019940615,-0.773879886943574,0.61958427877014,"escaped_inner",0.176320404151068,-0.133586272412312,-1.05440766386045,0.0051,0.9646
"karachiBetaKDE",5e-04,10000,"0.05",9,0.972148603393168,2.00580452947886,-0.773879886943574,0.61958427877014,"escaped_inner",0.176320404151068,-0.133586272412312,-1.05440766386045,0.0051,0.9646
"karachiBetaKDE",5e-04,10000,"0.05",9,0.970556154699355,1.97155810165239,-0.773879886943574,0.61958427877014,"escaped_inner",0.176320404151068,-0.133586272412312,-1.05440766386045,0.0051,0.9646
"karachiBetaKDE",5e-04,10000,"0.05",9,0.968823546619977,1.89947236401599,-0.773879886943574,0.61958427877014,"escaped_inner",0.176320404151068,-0.133586272412312,-1.05440766386045,0.0051,0.9646
"karachiBetaKDE",5e-04,10000,"0.05",9,0.966856602335362,1.89131448563539,-0.773879886943574,0.61958427877014,"escaped_inner",0.176320404151068,-0.133586272412312,-1.05440766386045,0.0051,0.9646
"karachiBetaKDE",5e-04,10000,"0.05",9,0.964584553599988,1.84122538291562,-0.773879886943574,0.61958427877014,"escaped_inner",0.176320404151068,-0.133586272412312,-1.05440766386045,0.0051,0.9646
"karachiBetaKDE",5e-04,10000,"0.05",9,0.961904962533908,1.77514649261263,-0.773879886943574,0.61958427877014,"escaped_inner",0.176320404151068,-0.133586272412312,-1.05440766386045,0.0051,0.9646
"karachiBetaKDE",5e-04,10000,"0.05",9,0.958671657270623,1.73704993461797,-0.773879886943574,0.61958427877014,"escaped_inner",0.176320404151068,-0.133586272412312,-1.05440766386045,0.0051,0.9646
"karachiBetaKDE",5e-04,10000,"0.05",9,0.954760748875313,1.69960094349373,-0.773879886943574,0.61958427877014,"escaped_inner",0.176320404151068,-0.133586272412312,-1.05440766386045,0.0051,0.9646
"karachiBetaKDE",5e-04,10000,"0.05",9,0.950123279437843,1.72369330332395,-0.773879886943574,0.61958427877014,"escaped_inner",0.176320404151068,-0.133586272412312,-1.05440766386045,0.0051,0.9646
"karachiBetaKDE",5e-04,10000,"0.05",9,0.944774242698295,1.69180243295918,-0.773879886943574,0.61958427877014,"escaped_inner",0.176320404151068,-0.133586272412312,-1.05440766386045,0.0051,0.9646
"karachiBetaKDE",5e-04,10000,"0.05",9,0.938744520641643,1.57487174263739,-0.773879886943574,0.61958427877014,"escaped_inner",0.176320404151068,-0.133586272412312,-1.05440766386045,0.0051,0.9646
"karachiBetaKDE",5e-04,10000,"0.05",9,0.932033249415245,1.46124010248393,-0.773879886943574,0.61958427877014,"escaped_inner",0.176320404151068,-0.133586272412312,-1.05440766386045,0.0051,0.9646
"karachiBetaKDE",5e-04,10000,"0.05",9,0.924586215878857,1.37671914165126,-0.773879886943574,0.61958427877014,"escaped_inner",0.176320404151068,-0.133586272412312,-1.05440766386045,0.0051,0.9646
"karachiBetaKDE",5e-04,10000,"0.05",9,0.916299600528128,1.31306663513589,-0.773879886943574,0.61958427877014,"escaped_inner",0.176320404151068,-0.133586272412312,-1.05440766386045,0.0051,0.9646
"karachiBetaKDE",5e-04,10000,"0.05",9,0.907026985009363,1.17390969569075,-0.773879886943574,0.61958427877014,"escaped_inner",0.176320404151068,-0.133586272412312,-1.05440766386045,0.0051,0.9646
"karachiBetaKDE",5e-04,10000,"0.05",9,0.896586843613339,1.11595613640178,-0.773879886943574,0.61958427877014,"escaped_inner",0.176320404151068,-0.133586272412312,-1.05440766386045,0.0051,0.9646
"karachiBetaKDE",5e-04,10000,"0.05",9,0.884771092114384,1.0304708050719,-0.773879886943574,0.61958427877014,"escaped_inner",0.176320404151068,-0.133586272412312,-1.05440766386045,0.0051,0.9646
"karachiBetaKDE",5e-04,10000,"0.05",9,0.87139537236811,0.998235434634595,-0.773879886943574,0.61958427877014,"escaped_inner",0.176320404151068,-0.133586272412312,-1.05440766386045,0.0051,0.9646
"karachiBetaKDE",5e-04,10000,"0.05",9,0.856354046676824,0.997984291000575,-0.773879886943574,0.61958427877014,"escaped_inner",0.176320404151068,-0.133586272412312,-1.05440766386045,0.0051,0.9646
"karachiBetaKDE",5e-04,10000,"0.05",9,0.839610207739494,0.957568881200151,-0.773879886943574,0.61958427877014,"escaped_inner",0.176320404151068,-0.133586272412312,-1.05440766386045,0.0051,0.9646
"karachiBetaKDE",5e-04,10000,"0.05",9,0.821080728047109,0.899470059674263,-0.773879886943574,0.61958427877014,"escaped_inner",0.176320404151068,-0.133586272412312,-1.05440766386045,0.0051,0.9646
"karachiBetaKDE",5e-04,10000,"0.05",9,0.800567701187619,0.891247071303034,-0.773879886943574,0.61958427877014,"escaped_inner",0.176320404151068,-0.133586272412312,-1.05440766386045,0.0051,0.9646
"karachiBetaKDE",5e-04,10000,"0.05",9,0.777885607549507,0.849084161609018,-0.773879886943574,0.61958427877014,"escaped_inner",0.176320404151068,-0.133586272412312,-1.05440766386045,0.0051,0.9646
"karachiBetaKDE",5e-04,10000,"0.05",9,0.752982458946362,0.809033294398918,-0.773879886943574,0.61958427877014,"escaped_inner",0.176320404151068,-0.133586272412312,-1.05440766386045,0.0051,0.9646
"karachiBetaKDE",5e-04,10000,"0.05",9,0.725790234162741,0.734927489255823,-0.773879886943574,0.61958427877014,"escaped_inner",0.176320404151068,-0.133586272412312,-1.05440766386045,0.0051,0.9646
"karachiBetaKDE",5e-04,10000,"0.05",9,0.69606561161469,0.601258072036924,-0.773879886943574,0.61958427877014,"covered",0.176320404151068,-0.133586272412312,-1.05440766386045,0.0051,0.9646
"karachiBetaKDE",5e-04,10000,"0.05",9,0.663699698655259,0.51213688854831,-0.773879886943574,0.61958427877014,"covered",0.176320404151068,-0.133586272412312,-1.05440766386045,0.0051,0.9646
"karachiBetaKDE",5e-04,10000,"0.05",9,0.629093271635229,0.419790996778527,-0.773879886943574,0.61958427877014,"covered",0.176320404151068,-0.133586272412312,-1.05440766386045,0.0051,0.9646
"karachiBetaKDE",5e-04,10000,"0.05",9,0.592868808043879,0.40627363928548,-0.773879886943574,0.61958427877014,"covered",0.176320404151068,-0.133586272412312,-1.05440766386045,0.0051,0.9646
"karachiBetaKDE",5e-04,10000,"0.05",9,0.555319981977444,0.350956952415757,-0.773879886943574,0.61958427877014,"covered",0.176320404151068,-0.133586272412312,-1.05440766386045,0.0051,0.9646
"karachiBetaKDE",5e-04,10000,"0.05",9,0.51647843189623,0.354092457319908,-0.773879886943574,0.61958427877014,"covered",0.176320404151068,-0.133586272412312,-1.05440766386045,0.0051,0.9646
"karachiBetaKDE",5e-04,10000,"0.05",9,0.476735140026402,0.312111472269457,-0.773879886943574,0.61958427877014,"covered",0.176320404151068,-0.133586272412312,-1.05440766386045,0.0051,0.9646
"karachiBetaKDE",5e-04,10000,"0.05",9,0.436928695095447,0.376497076972512,-0.773879886943574,0.61958427877014,"covered",0.176320404151068,-0.133586272412312,-1.05440766386045,0.0051,0.9646
"karachiBetaKDE",5e-04,10000,"0.05",9,0.397723723245424,0.318364630827745,-0.773879886943574,0.61958427877014,"covered",0.176320404151068,-0.133586272412312,-1.05440766386045,0.0051,0.9646
"karachiBetaKDE",5e-04,10000,"0.05",9,0.359240914828636,0.257544859364076,-0.773879886943574,0.61958427877014,"covered",0.176320404151068,-0.133586272412312,-1.05440766386045,0.0051,0.9646
"karachiBetaKDE",5e-04,10000,"0.05",9,0.321562845842307,0.0110982546148834,-0.773879886943574,0.61958427877014,"covered",0.176320404151068,-0.133586272412312,-1.05440766386045,0.0051,0.9646
"karachiBetaKDE",5e-04,10000,"0.05",9,0.285197981475766,-0.086907052654911,-0.773879886943574,0.61958427877014,"covered",0.176320404151068,-0.133586272412312,-1.05440766386045,0.0051,0.9646
"karachiBetaKDE",5e-04,10000,"0.05",9,0.250836215776904,-0.215583683500427,-0.773879886943574,0.61958427877014,"covered",0.176320404151068,-0.133586272412312,-1.05440766386045,0.0051,0.9646
"karachiBetaKDE",5e-04,10000,"0.05",9,0.219082914662495,-0.195176385162455,-0.773879886943574,0.61958427877014,"covered",0.176320404151068,-0.133586272412312,-1.05440766386045,0.0051,0.9646
"karachiBetaKDE",5e-04,10000,"0.05",9,0.190309773296301,-0.146211410513762,-0.773879886943574,0.61958427877014,"covered",0.176320404151068,-0.133586272412312,-1.05440766386045,0.0051,0.9646
"karachiBetaKDE",5e-04,10000,"0.05",9,0.164610609577326,-0.0725985148445201,-0.773879886943574,0.61958427877014,"covered",0.176320404151068,-0.133586272412312,-1.05440766386045,0.0051,0.9646
"karachiBetaKDE",5e-04,10000,"0.05",9,0.141983640287116,-0.0367761178997665,-0.773879886943574,0.61958427877014,"covered",0.176320404151068,-0.133586272412312,-1.05440766386045,0.0051,0.9646
"karachiBetaKDE",5e-04,10000,"0.05",9,0.122267432828818,-0.0124132291590565,-0.773879886943574,0.61958427877014,"covered",0.176320404151068,-0.133586272412312,-1.05440766386045,0.0051,0.9646
"karachiBetaKDE",5e-04,10000,"0.05",9,0.104618038263181,0.0100243672988106,-0.773879886943574,0.61958427877014,"covered",0.176320404151068,-0.133586272412312,-1.05440766386045,0.0051,0.9646
"karachiBetaKDE",5e-04,10000,"0.05",9,0.0886383514543017,0.0766318799040024,-0.773879886943574,0.61958427877014,"covered",0.176320404151068,-0.133586272412312,-1.05440766386045,0.0051,0.9646
"karachiBetaKDE",5e-04,10000,"0.05",9,0.0748475445763621,0.179279810437647,-0.773879886943574,0.61958427877014,"covered",0.176320404151068,-0.133586272412312,-1.05440766386045,0.0051,0.9646
"karachiBetaKDE",5e-04,10000,"0.05",9,0.06353753376898,0.290860569189646,-0.773879886943574,0.61958427877014,"covered",0.176320404151068,-0.133586272412312,-1.05440766386045,0.0051,0.9646
"karachiBetaKDE",5e-04,10000,"0.05",9,0.0542627209029139,0.479282307253694,-0.773879886943574,0.61958427877014,"covered",0.176320404151068,-0.133586272412312,-1.05440766386045,0.0051,0.9646
"karachiBetaKDE",5e-04,10000,"0.05",9,0.0464829494966246,0.672218768801058,-0.773879886943574,0.61958427877014,"escaped_inner",0.176320404151068,-0.133586272412312,-1.05440766386045,0.0051,0.9646
"karachiBetaKDE",5e-04,10000,"0.05",9,0.0399020505287196,0.822598519664456,-0.773879886943574,0.61958427877014,"escaped_inner",0.176320404151068,-0.133586272412312,-1.05440766386045,0.0051,0.9646
"karachiBetaKDE",5e-04,10000,"0.05",9,0.0342638781639597,1.05668230355344,-0.773879886943574,0.61958427877014,"escaped_inner",0.176320404151068,-0.133586272412312,-1.05440766386045,0.0051,0.9646
"karachiBetaKDE",5e-04,10000,"0.05",9,0.029112520606684,1.25968895668876,-0.773879886943574,0.61958427877014,"escaped_inner",0.176320404151068,-0.133586272412312,-1.05440766386045,0.0051,0.9646
"karachiBetaKDE",5e-04,10000,"0.05",9,0.0239701700290124,1.39838539000083,-0.773879886943574,0.61958427877014,"escaped_inner",0.176320404151068,-0.133586272412312,-1.05440766386045,0.0051,0.9646
"karachiBetaKDE",5e-04,10000,"0.05",10,0.97891796945672,1.74890594723596,-0.911022026395417,0.743274346374845,"escaped_inner",0.143869578638801,-0.141191734783413,-1.14619832280118,0.007,0.9922
"karachiBetaKDE",5e-04,10000,"0.05",10,0.977147923248112,1.75772765776077,-0.911022026395417,0.743274346374845,"escaped_inner",0.143869578638801,-0.141191734783413,-1.14619832280118,0.007,0.9922
"karachiBetaKDE",5e-04,10000,"0.05",10,0.975392157375374,1.79265663102762,-0.911022026395417,0.743274346374845,"escaped_inner",0.143869578638801,-0.141191734783413,-1.14619832280118,0.007,0.9922
"karachiBetaKDE",5e-04,10000,"0.05",10,0.973728307066674,1.7845987257869,-0.911022026395417,0.743274346374845,"escaped_inner",0.143869578638801,-0.141191734783413,-1.14619832280118,0.007,0.9922
"karachiBetaKDE",5e-04,10000,"0.05",10,0.972148603393168,1.74775178458868,-0.911022026395417,0.743274346374845,"escaped_inner",0.143869578638801,-0.141191734783413,-1.14619832280118,0.007,0.9922
"karachiBetaKDE",5e-04,10000,"0.05",10,0.970556154699355,1.72800543010377,-0.911022026395417,0.743274346374845,"escaped_inner",0.143869578638801,-0.141191734783413,-1.14619832280118,0.007,0.9922
"karachiBetaKDE",5e-04,10000,"0.05",10,0.968823546619977,1.65596558758806,-0.911022026395417,0.743274346374845,"escaped_inner",0.143869578638801,-0.141191734783413,-1.14619832280118,0.007,0.9922
"karachiBetaKDE",5e-04,10000,"0.05",10,0.966856602335362,1.6111712997945,-0.911022026395417,0.743274346374845,"escaped_inner",0.143869578638801,-0.141191734783413,-1.14619832280118,0.007,0.9922
"karachiBetaKDE",5e-04,10000,"0.05",10,0.964584553599988,1.56417642773123,-0.911022026395417,0.743274346374845,"escaped_inner",0.143869578638801,-0.141191734783413,-1.14619832280118,0.007,0.9922
"karachiBetaKDE",5e-04,10000,"0.05",10,0.961904962533908,1.4761823092353,-0.911022026395417,0.743274346374845,"escaped_inner",0.143869578638801,-0.141191734783413,-1.14619832280118,0.007,0.9922
"karachiBetaKDE",5e-04,10000,"0.05",10,0.958671657270623,1.3908390710426,-0.911022026395417,0.743274346374845,"escaped_inner",0.143869578638801,-0.141191734783413,-1.14619832280118,0.007,0.9922
"karachiBetaKDE",5e-04,10000,"0.05",10,0.954760748875313,1.32759475666727,-0.911022026395417,0.743274346374845,"escaped_inner",0.143869578638801,-0.141191734783413,-1.14619832280118,0.007,0.9922
"karachiBetaKDE",5e-04,10000,"0.05",10,0.950123279437843,1.26401244190113,-0.911022026395417,0.743274346374845,"escaped_inner",0.143869578638801,-0.141191734783413,-1.14619832280118,0.007,0.9922
"karachiBetaKDE",5e-04,10000,"0.05",10,0.944774242698295,1.21018755140899,-0.911022026395417,0.743274346374845,"escaped_inner",0.143869578638801,-0.141191734783413,-1.14619832280118,0.007,0.9922
"karachiBetaKDE",5e-04,10000,"0.05",10,0.938744520641643,1.20068217287615,-0.911022026395417,0.743274346374845,"escaped_inner",0.143869578638801,-0.141191734783413,-1.14619832280118,0.007,0.9922
"karachiBetaKDE",5e-04,10000,"0.05",10,0.932033249415245,1.14147525637569,-0.911022026395417,0.743274346374845,"escaped_inner",0.143869578638801,-0.141191734783413,-1.14619832280118,0.007,0.9922
"karachiBetaKDE",5e-04,10000,"0.05",10,0.924586215878857,1.01670353435035,-0.911022026395417,0.743274346374845,"escaped_inner",0.143869578638801,-0.141191734783413,-1.14619832280118,0.007,0.9922
"karachiBetaKDE",5e-04,10000,"0.05",10,0.916299600528128,0.920909249822117,-0.911022026395417,0.743274346374845,"escaped_inner",0.143869578638801,-0.141191734783413,-1.14619832280118,0.007,0.9922
"karachiBetaKDE",5e-04,10000,"0.05",10,0.907026985009363,0.849421630300893,-0.911022026395417,0.743274346374845,"escaped_inner",0.143869578638801,-0.141191734783413,-1.14619832280118,0.007,0.9922
"karachiBetaKDE",5e-04,10000,"0.05",10,0.896586843613339,0.756440829566575,-0.911022026395417,0.743274346374845,"escaped_inner",0.143869578638801,-0.141191734783413,-1.14619832280118,0.007,0.9922
"karachiBetaKDE",5e-04,10000,"0.05",10,0.884771092114384,0.709537080997615,-0.911022026395417,0.743274346374845,"covered",0.143869578638801,-0.141191734783413,-1.14619832280118,0.007,0.9922
"karachiBetaKDE",5e-04,10000,"0.05",10,0.87139537236811,0.707387260760906,-0.911022026395417,0.743274346374845,"covered",0.143869578638801,-0.141191734783413,-1.14619832280118,0.007,0.9922
"karachiBetaKDE",5e-04,10000,"0.05",10,0.856354046676824,0.68061879021234,-0.911022026395417,0.743274346374845,"covered",0.143869578638801,-0.141191734783413,-1.14619832280118,0.007,0.9922
"karachiBetaKDE",5e-04,10000,"0.05",10,0.839610207739494,0.592301302764255,-0.911022026395417,0.743274346374845,"covered",0.143869578638801,-0.141191734783413,-1.14619832280118,0.007,0.9922
"karachiBetaKDE",5e-04,10000,"0.05",10,0.821080728047109,0.512335623624888,-0.911022026395417,0.743274346374845,"covered",0.143869578638801,-0.141191734783413,-1.14619832280118,0.007,0.9922
"karachiBetaKDE",5e-04,10000,"0.05",10,0.800567701187619,0.569027017037326,-0.911022026395417,0.743274346374845,"covered",0.143869578638801,-0.141191734783413,-1.14619832280118,0.007,0.9922
"karachiBetaKDE",5e-04,10000,"0.05",10,0.777885607549507,0.507174078057934,-0.911022026395417,0.743274346374845,"covered",0.143869578638801,-0.141191734783413,-1.14619832280118,0.007,0.9922
"karachiBetaKDE",5e-04,10000,"0.05",10,0.752982458946362,0.461583288693769,-0.911022026395417,0.743274346374845,"covered",0.143869578638801,-0.141191734783413,-1.14619832280118,0.007,0.9922
"karachiBetaKDE",5e-04,10000,"0.05",10,0.725790234162741,0.329993812537073,-0.911022026395417,0.743274346374845,"covered",0.143869578638801,-0.141191734783413,-1.14619832280118,0.007,0.9922
"karachiBetaKDE",5e-04,10000,"0.05",10,0.69606561161469,0.130133512253366,-0.911022026395417,0.743274346374845,"covered",0.143869578638801,-0.141191734783413,-1.14619832280118,0.007,0.9922
"karachiBetaKDE",5e-04,10000,"0.05",10,0.663699698655259,-0.0167199302694971,-0.911022026395417,0.743274346374845,"covered",0.143869578638801,-0.141191734783413,-1.14619832280118,0.007,0.9922
"karachiBetaKDE",5e-04,10000,"0.05",10,0.629093271635229,-0.102153536195948,-0.911022026395417,0.743274346374845,"covered",0.143869578638801,-0.141191734783413,-1.14619832280118,0.007,0.9922
"karachiBetaKDE",5e-04,10000,"0.05",10,0.592868808043879,-0.0235688028855358,-0.911022026395417,0.743274346374845,"covered",0.143869578638801,-0.141191734783413,-1.14619832280118,0.007,0.9922
"karachiBetaKDE",5e-04,10000,"0.05",10,0.555319981977444,-0.0954780198835192,-0.911022026395417,0.743274346374845,"covered",0.143869578638801,-0.141191734783413,-1.14619832280118,0.007,0.9922
"karachiBetaKDE",5e-04,10000,"0.05",10,0.51647843189623,-0.146897388829268,-0.911022026395417,0.743274346374845,"covered",0.143869578638801,-0.141191734783413,-1.14619832280118,0.007,0.9922
"karachiBetaKDE",5e-04,10000,"0.05",10,0.476735140026402,-0.266280135085359,-0.911022026395417,0.743274346374845,"covered",0.143869578638801,-0.141191734783413,-1.14619832280118,0.007,0.9922
"karachiBetaKDE",5e-04,10000,"0.05",10,0.436928695095447,-0.28731142405711,-0.911022026395417,0.743274346374845,"covered",0.143869578638801,-0.141191734783413,-1.14619832280118,0.007,0.9922
"karachiBetaKDE",5e-04,10000,"0.05",10,0.397723723245424,-0.258818188663554,-0.911022026395417,0.743274346374845,"covered",0.143869578638801,-0.141191734783413,-1.14619832280118,0.007,0.9922
"karachiBetaKDE",5e-04,10000,"0.05",10,0.359240914828636,-0.346702632458136,-0.911022026395417,0.743274346374845,"covered",0.143869578638801,-0.141191734783413,-1.14619832280118,0.007,0.9922
"karachiBetaKDE",5e-04,10000,"0.05",10,0.321562845842307,-0.390676796281875,-0.911022026395417,0.743274346374845,"covered",0.143869578638801,-0.141191734783413,-1.14619832280118,0.007,0.9922
"karachiBetaKDE",5e-04,10000,"0.05",10,0.285197981475766,-0.363721621465011,-0.911022026395417,0.743274346374845,"covered",0.143869578638801,-0.141191734783413,-1.14619832280118,0.007,0.9922
"karachiBetaKDE",5e-04,10000,"0.05",10,0.250836215776904,-0.429017851449006,-0.911022026395417,0.743274346374845,"covered",0.143869578638801,-0.141191734783413,-1.14619832280118,0.007,0.9922
"karachiBetaKDE",5e-04,10000,"0.05",10,0.219082914662495,-0.49553870798548,-0.911022026395417,0.743274346374845,"covered",0.143869578638801,-0.141191734783413,-1.14619832280118,0.007,0.9922
"karachiBetaKDE",5e-04,10000,"0.05",10,0.190309773296301,-0.440843073852775,-0.911022026395417,0.743274346374845,"covered",0.143869578638801,-0.141191734783413,-1.14619832280118,0.007,0.9922
"karachiBetaKDE",5e-04,10000,"0.05",10,0.164610609577326,-0.606792220793452,-0.911022026395417,0.743274346374845,"covered",0.143869578638801,-0.141191734783413,-1.14619832280118,0.007,0.9922
"karachiBetaKDE",5e-04,10000,"0.05",10,0.141983640287116,-0.562949032940107,-0.911022026395417,0.743274346374845,"covered",0.143869578638801,-0.141191734783413,-1.14619832280118,0.007,0.9922
"karachiBetaKDE",5e-04,10000,"0.05",10,0.122267432828818,-0.626661301040373,-0.911022026395417,0.743274346374845,"covered",0.143869578638801,-0.141191734783413,-1.14619832280118,0.007,0.9922
"karachiBetaKDE",5e-04,10000,"0.05",10,0.104618038263181,-0.735228856583167,-0.911022026395417,0.743274346374845,"covered",0.143869578638801,-0.141191734783413,-1.14619832280118,0.007,0.9922
"karachiBetaKDE",5e-04,10000,"0.05",10,0.0886383514543017,-0.796460997104144,-0.911022026395417,0.743274346374845,"covered",0.143869578638801,-0.141191734783413,-1.14619832280118,0.007,0.9922
"karachiBetaKDE",5e-04,10000,"0.05",10,0.0748475445763621,-0.616502864681313,-0.911022026395417,0.743274346374845,"covered",0.143869578638801,-0.141191734783413,-1.14619832280118,0.007,0.9922
"karachiBetaKDE",5e-04,10000,"0.05",10,0.06353753376898,-0.391560700498082,-0.911022026395417,0.743274346374845,"covered",0.143869578638801,-0.141191734783413,-1.14619832280118,0.007,0.9922
"karachiBetaKDE",5e-04,10000,"0.05",10,0.0542627209029139,-0.18662433802185,-0.911022026395417,0.743274346374845,"covered",0.143869578638801,-0.141191734783413,-1.14619832280118,0.007,0.9922
"karachiBetaKDE",5e-04,10000,"0.05",10,0.0464829494966246,0.0771625941194218,-0.911022026395417,0.743274346374845,"covered",0.143869578638801,-0.141191734783413,-1.14619832280118,0.007,0.9922
"karachiBetaKDE",5e-04,10000,"0.05",10,0.0399020505287196,0.329369975091808,-0.911022026395417,0.743274346374845,"covered",0.143869578638801,-0.141191734783413,-1.14619832280118,0.007,0.9922
"karachiBetaKDE",5e-04,10000,"0.05",10,0.0342638781639597,0.620180778390225,-0.911022026395417,0.743274346374845,"covered",0.143869578638801,-0.141191734783413,-1.14619832280118,0.007,0.9922
"karachiBetaKDE",5e-04,10000,"0.05",10,0.029112520606684,0.857253823095087,-0.911022026395417,0.743274346374845,"escaped_inner",0.143869578638801,-0.141191734783413,-1.14619832280118,0.007,0.9922
"karachiBetaKDE",5e-04,10000,"0.05",10,0.0239701700290124,1.00132032558715,-0.911022026395417,0.743274346374845,"escaped_inner",0.143869578638801,-0.141191734783413,-1.14619832280118,0.007,0.9922
"karachiBetaKDE",5e-04,10000,"0.05",11,0.97891796945672,1.99656247679144,-0.820694466722021,0.671993468078339,"escaped_inner",0.176986627447902,-0.163688922017589,-1.13888613962778,0.0065,0.8708
"karachiBetaKDE",5e-04,10000,"0.05",11,0.977147923248112,2.02325935435114,-0.820694466722021,0.671993468078339,"escaped_inner",0.176986627447902,-0.163688922017589,-1.13888613962778,0.0065,0.8708
"karachiBetaKDE",5e-04,10000,"0.05",11,0.975392157375374,2.00391160127347,-0.820694466722021,0.671993468078339,"escaped_inner",0.176986627447902,-0.163688922017589,-1.13888613962778,0.0065,0.8708
"karachiBetaKDE",5e-04,10000,"0.05",11,0.973728307066674,2.00690666299092,-0.820694466722021,0.671993468078339,"escaped_inner",0.176986627447902,-0.163688922017589,-1.13888613962778,0.0065,0.8708
"karachiBetaKDE",5e-04,10000,"0.05",11,0.972148603393168,2.01865972473186,-0.820694466722021,0.671993468078339,"escaped_inner",0.176986627447902,-0.163688922017589,-1.13888613962778,0.0065,0.8708
"karachiBetaKDE",5e-04,10000,"0.05",11,0.970556154699355,1.99144798196895,-0.820694466722021,0.671993468078339,"escaped_inner",0.176986627447902,-0.163688922017589,-1.13888613962778,0.0065,0.8708
"karachiBetaKDE",5e-04,10000,"0.05",11,0.968823546619977,1.9595097922749,-0.820694466722021,0.671993468078339,"escaped_inner",0.176986627447902,-0.163688922017589,-1.13888613962778,0.0065,0.8708
"karachiBetaKDE",5e-04,10000,"0.05",11,0.966856602335362,1.97338228291146,-0.820694466722021,0.671993468078339,"escaped_inner",0.176986627447902,-0.163688922017589,-1.13888613962778,0.0065,0.8708
"karachiBetaKDE",5e-04,10000,"0.05",11,0.964584553599988,1.90936834640521,-0.820694466722021,0.671993468078339,"escaped_inner",0.176986627447902,-0.163688922017589,-1.13888613962778,0.0065,0.8708
"karachiBetaKDE",5e-04,10000,"0.05",11,0.961904962533908,1.89817463486078,-0.820694466722021,0.671993468078339,"escaped_inner",0.176986627447902,-0.163688922017589,-1.13888613962778,0.0065,0.8708
"karachiBetaKDE",5e-04,10000,"0.05",11,0.958671657270623,1.87045127088204,-0.820694466722021,0.671993468078339,"escaped_inner",0.176986627447902,-0.163688922017589,-1.13888613962778,0.0065,0.8708
"karachiBetaKDE",5e-04,10000,"0.05",11,0.954760748875313,1.8462154645526,-0.820694466722021,0.671993468078339,"escaped_inner",0.176986627447902,-0.163688922017589,-1.13888613962778,0.0065,0.8708
"karachiBetaKDE",5e-04,10000,"0.05",11,0.950123279437843,1.77303610962761,-0.820694466722021,0.671993468078339,"escaped_inner",0.176986627447902,-0.163688922017589,-1.13888613962778,0.0065,0.8708
"karachiBetaKDE",5e-04,10000,"0.05",11,0.944774242698295,1.71604468405373,-0.820694466722021,0.671993468078339,"escaped_inner",0.176986627447902,-0.163688922017589,-1.13888613962778,0.0065,0.8708
"karachiBetaKDE",5e-04,10000,"0.05",11,0.938744520641643,1.72895049427945,-0.820694466722021,0.671993468078339,"escaped_inner",0.176986627447902,-0.163688922017589,-1.13888613962778,0.0065,0.8708
"karachiBetaKDE",5e-04,10000,"0.05",11,0.932033249415245,1.61923233019266,-0.820694466722021,0.671993468078339,"escaped_inner",0.176986627447902,-0.163688922017589,-1.13888613962778,0.0065,0.8708
"karachiBetaKDE",5e-04,10000,"0.05",11,0.924586215878857,1.55521357126178,-0.820694466722021,0.671993468078339,"escaped_inner",0.176986627447902,-0.163688922017589,-1.13888613962778,0.0065,0.8708
"karachiBetaKDE",5e-04,10000,"0.05",11,0.916299600528128,1.40423892226635,-0.820694466722021,0.671993468078339,"escaped_inner",0.176986627447902,-0.163688922017589,-1.13888613962778,0.0065,0.8708
"karachiBetaKDE",5e-04,10000,"0.05",11,0.907026985009363,1.3578457990315,-0.820694466722021,0.671993468078339,"escaped_inner",0.176986627447902,-0.163688922017589,-1.13888613962778,0.0065,0.8708
"karachiBetaKDE",5e-04,10000,"0.05",11,0.896586843613339,1.26748523784222,-0.820694466722021,0.671993468078339,"escaped_inner",0.176986627447902,-0.163688922017589,-1.13888613962778,0.0065,0.8708
"karachiBetaKDE",5e-04,10000,"0.05",11,0.884771092114384,1.14216048036175,-0.820694466722021,0.671993468078339,"escaped_inner",0.176986627447902,-0.163688922017589,-1.13888613962778,0.0065,0.8708
"karachiBetaKDE",5e-04,10000,"0.05",11,0.87139537236811,1.11248074723908,-0.820694466722021,0.671993468078339,"escaped_inner",0.176986627447902,-0.163688922017589,-1.13888613962778,0.0065,0.8708
"karachiBetaKDE",5e-04,10000,"0.05",11,0.856354046676824,1.01911213617847,-0.820694466722021,0.671993468078339,"escaped_inner",0.176986627447902,-0.163688922017589,-1.13888613962778,0.0065,0.8708
"karachiBetaKDE",5e-04,10000,"0.05",11,0.839610207739494,1.03400693419914,-0.820694466722021,0.671993468078339,"escaped_inner",0.176986627447902,-0.163688922017589,-1.13888613962778,0.0065,0.8708
"karachiBetaKDE",5e-04,10000,"0.05",11,0.821080728047109,1.05238256404465,-0.820694466722021,0.671993468078339,"escaped_inner",0.176986627447902,-0.163688922017589,-1.13888613962778,0.0065,0.8708
"karachiBetaKDE",5e-04,10000,"0.05",11,0.800567701187619,0.918684359666935,-0.820694466722021,0.671993468078339,"escaped_inner",0.176986627447902,-0.163688922017589,-1.13888613962778,0.0065,0.8708
"karachiBetaKDE",5e-04,10000,"0.05",11,0.777885607549507,0.859547865259231,-0.820694466722021,0.671993468078339,"escaped_inner",0.176986627447902,-0.163688922017589,-1.13888613962778,0.0065,0.8708
"karachiBetaKDE",5e-04,10000,"0.05",11,0.752982458946362,0.806139097015257,-0.820694466722021,0.671993468078339,"escaped_inner",0.176986627447902,-0.163688922017589,-1.13888613962778,0.0065,0.8708
"karachiBetaKDE",5e-04,10000,"0.05",11,0.725790234162741,0.743774754705118,-0.820694466722021,0.671993468078339,"escaped_inner",0.176986627447902,-0.163688922017589,-1.13888613962778,0.0065,0.8708
"karachiBetaKDE",5e-04,10000,"0.05",11,0.69606561161469,0.704795868047777,-0.820694466722021,0.671993468078339,"escaped_inner",0.176986627447902,-0.163688922017589,-1.13888613962778,0.0065,0.8708
"karachiBetaKDE",5e-04,10000,"0.05",11,0.663699698655259,0.572666763823764,-0.820694466722021,0.671993468078339,"covered",0.176986627447902,-0.163688922017589,-1.13888613962778,0.0065,0.8708
"karachiBetaKDE",5e-04,10000,"0.05",11,0.629093271635229,0.482549581303835,-0.820694466722021,0.671993468078339,"covered",0.176986627447902,-0.163688922017589,-1.13888613962778,0.0065,0.8708
"karachiBetaKDE",5e-04,10000,"0.05",11,0.592868808043879,0.337957739575504,-0.820694466722021,0.671993468078339,"covered",0.176986627447902,-0.163688922017589,-1.13888613962778,0.0065,0.8708
"karachiBetaKDE",5e-04,10000,"0.05",11,0.555319981977444,0.270637113697652,-0.820694466722021,0.671993468078339,"covered",0.176986627447902,-0.163688922017589,-1.13888613962778,0.0065,0.8708
"karachiBetaKDE",5e-04,10000,"0.05",11,0.51647843189623,0.260818919086564,-0.820694466722021,0.671993468078339,"covered",0.176986627447902,-0.163688922017589,-1.13888613962778,0.0065,0.8708
"karachiBetaKDE",5e-04,10000,"0.05",11,0.476735140026402,0.340960931127457,-0.820694466722021,0.671993468078339,"covered",0.176986627447902,-0.163688922017589,-1.13888613962778,0.0065,0.8708
"karachiBetaKDE",5e-04,10000,"0.05",11,0.436928695095447,0.308939872425479,-0.820694466722021,0.671993468078339,"covered",0.176986627447902,-0.163688922017589,-1.13888613962778,0.0065,0.8708
"karachiBetaKDE",5e-04,10000,"0.05",11,0.397723723245424,0.308190188401648,-0.820694466722021,0.671993468078339,"covered",0.176986627447902,-0.163688922017589,-1.13888613962778,0.0065,0.8708
"karachiBetaKDE",5e-04,10000,"0.05",11,0.359240914828636,0.15049705392514,-0.820694466722021,0.671993468078339,"covered",0.176986627447902,-0.163688922017589,-1.13888613962778,0.0065,0.8708
"karachiBetaKDE",5e-04,10000,"0.05",11,0.321562845842307,0.0941531060547539,-0.820694466722021,0.671993468078339,"covered",0.176986627447902,-0.163688922017589,-1.13888613962778,0.0065,0.8708
"karachiBetaKDE",5e-04,10000,"0.05",11,0.285197981475766,-0.00338748114682394,-0.820694466722021,0.671993468078339,"covered",0.176986627447902,-0.163688922017589,-1.13888613962778,0.0065,0.8708
"karachiBetaKDE",5e-04,10000,"0.05",11,0.250836215776904,-0.0314614027478182,-0.820694466722021,0.671993468078339,"covered",0.176986627447902,-0.163688922017589,-1.13888613962778,0.0065,0.8708
"karachiBetaKDE",5e-04,10000,"0.05",11,0.219082914662495,0.116643561541439,-0.820694466722021,0.671993468078339,"covered",0.176986627447902,-0.163688922017589,-1.13888613962778,0.0065,0.8708
"karachiBetaKDE",5e-04,10000,"0.05",11,0.190309773296301,0.351940891671576,-0.820694466722021,0.671993468078339,"covered",0.176986627447902,-0.163688922017589,-1.13888613962778,0.0065,0.8708
"karachiBetaKDE",5e-04,10000,"0.05",11,0.164610609577326,0.326316164845899,-0.820694466722021,0.671993468078339,"covered",0.176986627447902,-0.163688922017589,-1.13888613962778,0.0065,0.8708
"karachiBetaKDE",5e-04,10000,"0.05",11,0.141983640287116,0.259963206036097,-0.820694466722021,0.671993468078339,"covered",0.176986627447902,-0.163688922017589,-1.13888613962778,0.0065,0.8708
"karachiBetaKDE",5e-04,10000,"0.05",11,0.122267432828818,0.107483371838512,-0.820694466722021,0.671993468078339,"covered",0.176986627447902,-0.163688922017589,-1.13888613962778,0.0065,0.8708
"karachiBetaKDE",5e-04,10000,"0.05",11,0.104618038263181,0.0304255125995964,-0.820694466722021,0.671993468078339,"covered",0.176986627447902,-0.163688922017589,-1.13888613962778,0.0065,0.8708
"karachiBetaKDE",5e-04,10000,"0.05",11,0.0886383514543017,0.139861567351212,-0.820694466722021,0.671993468078339,"covered",0.176986627447902,-0.163688922017589,-1.13888613962778,0.0065,0.8708
"karachiBetaKDE",5e-04,10000,"0.05",11,0.0748475445763621,0.193286730887398,-0.820694466722021,0.671993468078339,"covered",0.176986627447902,-0.163688922017589,-1.13888613962778,0.0065,0.8708
"karachiBetaKDE",5e-04,10000,"0.05",11,0.06353753376898,0.321136063593927,-0.820694466722021,0.671993468078339,"covered",0.176986627447902,-0.163688922017589,-1.13888613962778,0.0065,0.8708
"karachiBetaKDE",5e-04,10000,"0.05",11,0.0542627209029139,0.50685790125007,-0.820694466722021,0.671993468078339,"covered",0.176986627447902,-0.163688922017589,-1.13888613962778,0.0065,0.8708
"karachiBetaKDE",5e-04,10000,"0.05",11,0.0464829494966246,0.710289445912713,-0.820694466722021,0.671993468078339,"escaped_inner",0.176986627447902,-0.163688922017589,-1.13888613962778,0.0065,0.8708
"karachiBetaKDE",5e-04,10000,"0.05",11,0.0399020505287196,0.869561719463507,-0.820694466722021,0.671993468078339,"escaped_inner",0.176986627447902,-0.163688922017589,-1.13888613962778,0.0065,0.8708
"karachiBetaKDE",5e-04,10000,"0.05",11,0.0342638781639597,1.0699961492782,-0.820694466722021,0.671993468078339,"escaped_inner",0.176986627447902,-0.163688922017589,-1.13888613962778,0.0065,0.8708
"karachiBetaKDE",5e-04,10000,"0.05",11,0.029112520606684,1.24860672630478,-0.820694466722021,0.671993468078339,"escaped_inner",0.176986627447902,-0.163688922017589,-1.13888613962778,0.0065,0.8708
"karachiBetaKDE",5e-04,10000,"0.05",11,0.0239701700290124,1.36350677223111,-0.820694466722021,0.671993468078339,"escaped_inner",0.176986627447902,-0.163688922017589,-1.13888613962778,0.0065,0.8708
"karachiBetaKDE",5e-04,10000,"0.05",12,0.97891796945672,1.99593014746577,-0.837394360999139,0.675503704637227,"escaped_inner",0.159799994643337,-0.315792249773812,-0.890067406872175,0.0032,0.7926
"karachiBetaKDE",5e-04,10000,"0.05",12,0.977147923248112,2.02684398265119,-0.837394360999139,0.675503704637227,"escaped_inner",0.159799994643337,-0.315792249773812,-0.890067406872175,0.0032,0.7926
"karachiBetaKDE",5e-04,10000,"0.05",12,0.975392157375374,2.05529292382336,-0.837394360999139,0.675503704637227,"escaped_inner",0.159799994643337,-0.315792249773812,-0.890067406872175,0.0032,0.7926
"karachiBetaKDE",5e-04,10000,"0.05",12,0.973728307066674,2.02167433645012,-0.837394360999139,0.675503704637227,"escaped_inner",0.159799994643337,-0.315792249773812,-0.890067406872175,0.0032,0.7926
"karachiBetaKDE",5e-04,10000,"0.05",12,0.972148603393168,2.00422580805587,-0.837394360999139,0.675503704637227,"escaped_inner",0.159799994643337,-0.315792249773812,-0.890067406872175,0.0032,0.7926
"karachiBetaKDE",5e-04,10000,"0.05",12,0.970556154699355,1.96251617066118,-0.837394360999139,0.675503704637227,"escaped_inner",0.159799994643337,-0.315792249773812,-0.890067406872175,0.0032,0.7926
"karachiBetaKDE",5e-04,10000,"0.05",12,0.968823546619977,1.97367306467962,-0.837394360999139,0.675503704637227,"escaped_inner",0.159799994643337,-0.315792249773812,-0.890067406872175,0.0032,0.7926
"karachiBetaKDE",5e-04,10000,"0.05",12,0.966856602335362,1.94612249774341,-0.837394360999139,0.675503704637227,"escaped_inner",0.159799994643337,-0.315792249773812,-0.890067406872175,0.0032,0.7926
"karachiBetaKDE",5e-04,10000,"0.05",12,0.964584553599988,1.89983359455014,-0.837394360999139,0.675503704637227,"escaped_inner",0.159799994643337,-0.315792249773812,-0.890067406872175,0.0032,0.7926
"karachiBetaKDE",5e-04,10000,"0.05",12,0.961904962533908,1.85679440867094,-0.837394360999139,0.675503704637227,"escaped_inner",0.159799994643337,-0.315792249773812,-0.890067406872175,0.0032,0.7926
"karachiBetaKDE",5e-04,10000,"0.05",12,0.958671657270623,1.78956155646457,-0.837394360999139,0.675503704637227,"escaped_inner",0.159799994643337,-0.315792249773812,-0.890067406872175,0.0032,0.7926
"karachiBetaKDE",5e-04,10000,"0.05",12,0.954760748875313,1.73470462143268,-0.837394360999139,0.675503704637227,"escaped_inner",0.159799994643337,-0.315792249773812,-0.890067406872175,0.0032,0.7926
"karachiBetaKDE",5e-04,10000,"0.05",12,0.950123279437843,1.7227951854911,-0.837394360999139,0.675503704637227,"escaped_inner",0.159799994643337,-0.315792249773812,-0.890067406872175,0.0032,0.7926
"karachiBetaKDE",5e-04,10000,"0.05",12,0.944774242698295,1.64070351466504,-0.837394360999139,0.675503704637227,"escaped_inner",0.159799994643337,-0.315792249773812,-0.890067406872175,0.0032,0.7926
"karachiBetaKDE",5e-04,10000,"0.05",12,0.938744520641643,1.58615491410666,-0.837394360999139,0.675503704637227,"escaped_inner",0.159799994643337,-0.315792249773812,-0.890067406872175,0.0032,0.7926
"karachiBetaKDE",5e-04,10000,"0.05",12,0.932033249415245,1.4797875363633,-0.837394360999139,0.675503704637227,"escaped_inner",0.159799994643337,-0.315792249773812,-0.890067406872175,0.0032,0.7926
"karachiBetaKDE",5e-04,10000,"0.05",12,0.924586215878857,1.33011829264485,-0.837394360999139,0.675503704637227,"escaped_inner",0.159799994643337,-0.315792249773812,-0.890067406872175,0.0032,0.7926
"karachiBetaKDE",5e-04,10000,"0.05",12,0.916299600528128,1.2098382200004,-0.837394360999139,0.675503704637227,"escaped_inner",0.159799994643337,-0.315792249773812,-0.890067406872175,0.0032,0.7926
"karachiBetaKDE",5e-04,10000,"0.05",12,0.907026985009363,1.13589596094515,-0.837394360999139,0.675503704637227,"escaped_inner",0.159799994643337,-0.315792249773812,-0.890067406872175,0.0032,0.7926
"karachiBetaKDE",5e-04,10000,"0.05",12,0.896586843613339,0.973317485394568,-0.837394360999139,0.675503704637227,"escaped_inner",0.159799994643337,-0.315792249773812,-0.890067406872175,0.0032,0.7926
"karachiBetaKDE",5e-04,10000,"0.05",12,0.884771092114384,0.788872472770389,-0.837394360999139,0.675503704637227,"escaped_inner",0.159799994643337,-0.315792249773812,-0.890067406872175,0.0032,0.7926
"karachiBetaKDE",5e-04,10000,"0.05",12,0.87139537236811,0.752635161381516,-0.837394360999139,0.675503704637227,"escaped_inner",0.159799994643337,-0.315792249773812,-0.890067406872175,0.0032,0.7926
"karachiBetaKDE",5e-04,10000,"0.05",12,0.856354046676824,0.680060768724059,-0.837394360999139,0.675503704637227,"escaped_inner",0.159799994643337,-0.315792249773812,-0.890067406872175,0.0032,0.7926
"karachiBetaKDE",5e-04,10000,"0.05",12,0.839610207739494,0.667907836696843,-0.837394360999139,0.675503704637227,"covered",0.159799994643337,-0.315792249773812,-0.890067406872175,0.0032,0.7926
"karachiBetaKDE",5e-04,10000,"0.05",12,0.821080728047109,0.707599443902863,-0.837394360999139,0.675503704637227,"escaped_inner",0.159799994643337,-0.315792249773812,-0.890067406872175,0.0032,0.7926
"karachiBetaKDE",5e-04,10000,"0.05",12,0.800567701187619,0.694099288469172,-0.837394360999139,0.675503704637227,"escaped_inner",0.159799994643337,-0.315792249773812,-0.890067406872175,0.0032,0.7926
"karachiBetaKDE",5e-04,10000,"0.05",12,0.777885607549507,0.731442070715398,-0.837394360999139,0.675503704637227,"escaped_inner",0.159799994643337,-0.315792249773812,-0.890067406872175,0.0032,0.7926
"karachiBetaKDE",5e-04,10000,"0.05",12,0.752982458946362,0.637342479133614,-0.837394360999139,0.675503704637227,"covered",0.159799994643337,-0.315792249773812,-0.890067406872175,0.0032,0.7926
"karachiBetaKDE",5e-04,10000,"0.05",12,0.725790234162741,0.59157218449388,-0.837394360999139,0.675503704637227,"covered",0.159799994643337,-0.315792249773812,-0.890067406872175,0.0032,0.7926
"karachiBetaKDE",5e-04,10000,"0.05",12,0.69606561161469,0.538029948091699,-0.837394360999139,0.675503704637227,"covered",0.159799994643337,-0.315792249773812,-0.890067406872175,0.0032,0.7926
"karachiBetaKDE",5e-04,10000,"0.05",12,0.663699698655259,0.461560133047051,-0.837394360999139,0.675503704637227,"covered",0.159799994643337,-0.315792249773812,-0.890067406872175,0.0032,0.7926
"karachiBetaKDE",5e-04,10000,"0.05",12,0.629093271635229,0.270584753284572,-0.837394360999139,0.675503704637227,"covered",0.159799994643337,-0.315792249773812,-0.890067406872175,0.0032,0.7926
"karachiBetaKDE",5e-04,10000,"0.05",12,0.592868808043879,0.08413034900714,-0.837394360999139,0.675503704637227,"covered",0.159799994643337,-0.315792249773812,-0.890067406872175,0.0032,0.7926
"karachiBetaKDE",5e-04,10000,"0.05",12,0.555319981977444,0.0288238823928355,-0.837394360999139,0.675503704637227,"covered",0.159799994643337,-0.315792249773812,-0.890067406872175,0.0032,0.7926
"karachiBetaKDE",5e-04,10000,"0.05",12,0.51647843189623,-0.0377215889749853,-0.837394360999139,0.675503704637227,"covered",0.159799994643337,-0.315792249773812,-0.890067406872175,0.0032,0.7926
"karachiBetaKDE",5e-04,10000,"0.05",12,0.476735140026402,0.0259059102601777,-0.837394360999139,0.675503704637227,"covered",0.159799994643337,-0.315792249773812,-0.890067406872175,0.0032,0.7926
"karachiBetaKDE",5e-04,10000,"0.05",12,0.436928695095447,-0.05034492244918,-0.837394360999139,0.675503704637227,"covered",0.159799994643337,-0.315792249773812,-0.890067406872175,0.0032,0.7926
"karachiBetaKDE",5e-04,10000,"0.05",12,0.397723723245424,-0.1162670270397,-0.837394360999139,0.675503704637227,"covered",0.159799994643337,-0.315792249773812,-0.890067406872175,0.0032,0.7926
"karachiBetaKDE",5e-04,10000,"0.05",12,0.359240914828636,-0.114719115790229,-0.837394360999139,0.675503704637227,"covered",0.159799994643337,-0.315792249773812,-0.890067406872175,0.0032,0.7926
"karachiBetaKDE",5e-04,10000,"0.05",12,0.321562845842307,-0.147235366658074,-0.837394360999139,0.675503704637227,"covered",0.159799994643337,-0.315792249773812,-0.890067406872175,0.0032,0.7926
"karachiBetaKDE",5e-04,10000,"0.05",12,0.285197981475766,-0.333766739092134,-0.837394360999139,0.675503704637227,"covered",0.159799994643337,-0.315792249773812,-0.890067406872175,0.0032,0.7926
"karachiBetaKDE",5e-04,10000,"0.05",12,0.250836215776904,-0.346686125591593,-0.837394360999139,0.675503704637227,"covered",0.159799994643337,-0.315792249773812,-0.890067406872175,0.0032,0.7926
"karachiBetaKDE",5e-04,10000,"0.05",12,0.219082914662495,-0.315044308199082,-0.837394360999139,0.675503704637227,"covered",0.159799994643337,-0.315792249773812,-0.890067406872175,0.0032,0.7926
"karachiBetaKDE",5e-04,10000,"0.05",12,0.190309773296301,-0.107106385735923,-0.837394360999139,0.675503704637227,"covered",0.159799994643337,-0.315792249773812,-0.890067406872175,0.0032,0.7926
"karachiBetaKDE",5e-04,10000,"0.05",12,0.164610609577326,-0.0152077134759982,-0.837394360999139,0.675503704637227,"covered",0.159799994643337,-0.315792249773812,-0.890067406872175,0.0032,0.7926
"karachiBetaKDE",5e-04,10000,"0.05",12,0.141983640287116,0.0402402824079251,-0.837394360999139,0.675503704637227,"covered",0.159799994643337,-0.315792249773812,-0.890067406872175,0.0032,0.7926
"karachiBetaKDE",5e-04,10000,"0.05",12,0.122267432828818,-0.171960730495404,-0.837394360999139,0.675503704637227,"covered",0.159799994643337,-0.315792249773812,-0.890067406872175,0.0032,0.7926
"karachiBetaKDE",5e-04,10000,"0.05",12,0.104618038263181,-0.175011456637294,-0.837394360999139,0.675503704637227,"covered",0.159799994643337,-0.315792249773812,-0.890067406872175,0.0032,0.7926
"karachiBetaKDE",5e-04,10000,"0.05",12,0.0886383514543017,-0.210143631499454,-0.837394360999139,0.675503704637227,"covered",0.159799994643337,-0.315792249773812,-0.890067406872175,0.0032,0.7926
"karachiBetaKDE",5e-04,10000,"0.05",12,0.0748475445763621,-0.136575446027512,-0.837394360999139,0.675503704637227,"covered",0.159799994643337,-0.315792249773812,-0.890067406872175,0.0032,0.7926
"karachiBetaKDE",5e-04,10000,"0.05",12,0.06353753376898,0.0830151665179227,-0.837394360999139,0.675503704637227,"covered",0.159799994643337,-0.315792249773812,-0.890067406872175,0.0032,0.7926
"karachiBetaKDE",5e-04,10000,"0.05",12,0.0542627209029139,0.253356359076728,-0.837394360999139,0.675503704637227,"covered",0.159799994643337,-0.315792249773812,-0.890067406872175,0.0032,0.7926
"karachiBetaKDE",5e-04,10000,"0.05",12,0.0464829494966246,0.47614221164322,-0.837394360999139,0.675503704637227,"covered",0.159799994643337,-0.315792249773812,-0.890067406872175,0.0032,0.7926
"karachiBetaKDE",5e-04,10000,"0.05",12,0.0399020505287196,0.646446538762238,-0.837394360999139,0.675503704637227,"covered",0.159799994643337,-0.315792249773812,-0.890067406872175,0.0032,0.7926
"karachiBetaKDE",5e-04,10000,"0.05",12,0.0342638781639597,0.880099942311045,-0.837394360999139,0.675503704637227,"escaped_inner",0.159799994643337,-0.315792249773812,-0.890067406872175,0.0032,0.7926
"karachiBetaKDE",5e-04,10000,"0.05",12,0.029112520606684,1.04241214959837,-0.837394360999139,0.675503704637227,"escaped_inner",0.159799994643337,-0.315792249773812,-0.890067406872175,0.0032,0.7926
"karachiBetaKDE",5e-04,10000,"0.05",12,0.0239701700290124,1.1525919821796,-0.837394360999139,0.675503704637227,"escaped_inner",0.159799994643337,-0.315792249773812,-0.890067406872175,0.0032,0.7926
"karachiBetaKDE",5e-04,10000,"0.05",13,0.97891796945672,1.93697552238526,-0.948360671681603,0.747751331083261,"escaped_inner",0.150634552234652,-0.182518659607856,-1.11155982753088,0.0092,0.988
"karachiBetaKDE",5e-04,10000,"0.05",13,0.977147923248112,1.91571401403027,-0.948360671681603,0.747751331083261,"escaped_inner",0.150634552234652,-0.182518659607856,-1.11155982753088,0.0092,0.988
"karachiBetaKDE",5e-04,10000,"0.05",13,0.975392157375374,1.92960594175557,-0.948360671681603,0.747751331083261,"escaped_inner",0.150634552234652,-0.182518659607856,-1.11155982753088,0.0092,0.988
"karachiBetaKDE",5e-04,10000,"0.05",13,0.973728307066674,1.93332254343256,-0.948360671681603,0.747751331083261,"escaped_inner",0.150634552234652,-0.182518659607856,-1.11155982753088,0.0092,0.988
"karachiBetaKDE",5e-04,10000,"0.05",13,0.972148603393168,1.90402104536474,-0.948360671681603,0.747751331083261,"escaped_inner",0.150634552234652,-0.182518659607856,-1.11155982753088,0.0092,0.988
"karachiBetaKDE",5e-04,10000,"0.05",13,0.970556154699355,1.88234166332177,-0.948360671681603,0.747751331083261,"escaped_inner",0.150634552234652,-0.182518659607856,-1.11155982753088,0.0092,0.988
"karachiBetaKDE",5e-04,10000,"0.05",13,0.968823546619977,1.84495673470097,-0.948360671681603,0.747751331083261,"escaped_inner",0.150634552234652,-0.182518659607856,-1.11155982753088,0.0092,0.988
"karachiBetaKDE",5e-04,10000,"0.05",13,0.966856602335362,1.8185743723652,-0.948360671681603,0.747751331083261,"escaped_inner",0.150634552234652,-0.182518659607856,-1.11155982753088,0.0092,0.988
"karachiBetaKDE",5e-04,10000,"0.05",13,0.964584553599988,1.77696686624451,-0.948360671681603,0.747751331083261,"escaped_inner",0.150634552234652,-0.182518659607856,-1.11155982753088,0.0092,0.988
"karachiBetaKDE",5e-04,10000,"0.05",13,0.961904962533908,1.74918786140536,-0.948360671681603,0.747751331083261,"escaped_inner",0.150634552234652,-0.182518659607856,-1.11155982753088,0.0092,0.988
"karachiBetaKDE",5e-04,10000,"0.05",13,0.958671657270623,1.66186981139842,-0.948360671681603,0.747751331083261,"escaped_inner",0.150634552234652,-0.182518659607856,-1.11155982753088,0.0092,0.988
"karachiBetaKDE",5e-04,10000,"0.05",13,0.954760748875313,1.60957910832257,-0.948360671681603,0.747751331083261,"escaped_inner",0.150634552234652,-0.182518659607856,-1.11155982753088,0.0092,0.988
"karachiBetaKDE",5e-04,10000,"0.05",13,0.950123279437843,1.51651613619242,-0.948360671681603,0.747751331083261,"escaped_inner",0.150634552234652,-0.182518659607856,-1.11155982753088,0.0092,0.988
"karachiBetaKDE",5e-04,10000,"0.05",13,0.944774242698295,1.48718051788146,-0.948360671681603,0.747751331083261,"escaped_inner",0.150634552234652,-0.182518659607856,-1.11155982753088,0.0092,0.988
"karachiBetaKDE",5e-04,10000,"0.05",13,0.938744520641643,1.40168445296398,-0.948360671681603,0.747751331083261,"escaped_inner",0.150634552234652,-0.182518659607856,-1.11155982753088,0.0092,0.988
"karachiBetaKDE",5e-04,10000,"0.05",13,0.932033249415245,1.26248806981783,-0.948360671681603,0.747751331083261,"escaped_inner",0.150634552234652,-0.182518659607856,-1.11155982753088,0.0092,0.988
"karachiBetaKDE",5e-04,10000,"0.05",13,0.924586215878857,1.15046002416411,-0.948360671681603,0.747751331083261,"escaped_inner",0.150634552234652,-0.182518659607856,-1.11155982753088,0.0092,0.988
"karachiBetaKDE",5e-04,10000,"0.05",13,0.916299600528128,0.990961485603088,-0.948360671681603,0.747751331083261,"escaped_inner",0.150634552234652,-0.182518659607856,-1.11155982753088,0.0092,0.988
"karachiBetaKDE",5e-04,10000,"0.05",13,0.907026985009363,0.873620070347651,-0.948360671681603,0.747751331083261,"escaped_inner",0.150634552234652,-0.182518659607856,-1.11155982753088,0.0092,0.988
"karachiBetaKDE",5e-04,10000,"0.05",13,0.896586843613339,0.783942888914302,-0.948360671681603,0.747751331083261,"escaped_inner",0.150634552234652,-0.182518659607856,-1.11155982753088,0.0092,0.988
"karachiBetaKDE",5e-04,10000,"0.05",13,0.884771092114384,0.766555241436231,-0.948360671681603,0.747751331083261,"escaped_inner",0.150634552234652,-0.182518659607856,-1.11155982753088,0.0092,0.988
"karachiBetaKDE",5e-04,10000,"0.05",13,0.87139537236811,0.706701277987597,-0.948360671681603,0.747751331083261,"covered",0.150634552234652,-0.182518659607856,-1.11155982753088,0.0092,0.988
"karachiBetaKDE",5e-04,10000,"0.05",13,0.856354046676824,0.628333710569467,-0.948360671681603,0.747751331083261,"covered",0.150634552234652,-0.182518659607856,-1.11155982753088,0.0092,0.988
"karachiBetaKDE",5e-04,10000,"0.05",13,0.839610207739494,0.527910163670999,-0.948360671681603,0.747751331083261,"covered",0.150634552234652,-0.182518659607856,-1.11155982753088,0.0092,0.988
"karachiBetaKDE",5e-04,10000,"0.05",13,0.821080728047109,0.459878305263647,-0.948360671681603,0.747751331083261,"covered",0.150634552234652,-0.182518659607856,-1.11155982753088,0.0092,0.988
"karachiBetaKDE",5e-04,10000,"0.05",13,0.800567701187619,0.386315978950944,-0.948360671681603,0.747751331083261,"covered",0.150634552234652,-0.182518659607856,-1.11155982753088,0.0092,0.988
"karachiBetaKDE",5e-04,10000,"0.05",13,0.777885607549507,0.33821598162488,-0.948360671681603,0.747751331083261,"covered",0.150634552234652,-0.182518659607856,-1.11155982753088,0.0092,0.988
"karachiBetaKDE",5e-04,10000,"0.05",13,0.752982458946362,0.393898368851228,-0.948360671681603,0.747751331083261,"covered",0.150634552234652,-0.182518659607856,-1.11155982753088,0.0092,0.988
"karachiBetaKDE",5e-04,10000,"0.05",13,0.725790234162741,0.232896767153954,-0.948360671681603,0.747751331083261,"covered",0.150634552234652,-0.182518659607856,-1.11155982753088,0.0092,0.988
"karachiBetaKDE",5e-04,10000,"0.05",13,0.69606561161469,0.253321969139135,-0.948360671681603,0.747751331083261,"covered",0.150634552234652,-0.182518659607856,-1.11155982753088,0.0092,0.988
"karachiBetaKDE",5e-04,10000,"0.05",13,0.663699698655259,0.115130934308076,-0.948360671681603,0.747751331083261,"covered",0.150634552234652,-0.182518659607856,-1.11155982753088,0.0092,0.988
"karachiBetaKDE",5e-04,10000,"0.05",13,0.629093271635229,-0.0424670415043215,-0.948360671681603,0.747751331083261,"covered",0.150634552234652,-0.182518659607856,-1.11155982753088,0.0092,0.988
"karachiBetaKDE",5e-04,10000,"0.05",13,0.592868808043879,-0.122238917359597,-0.948360671681603,0.747751331083261,"covered",0.150634552234652,-0.182518659607856,-1.11155982753088,0.0092,0.988
"karachiBetaKDE",5e-04,10000,"0.05",13,0.555319981977444,-0.234857195679613,-0.948360671681603,0.747751331083261,"covered",0.150634552234652,-0.182518659607856,-1.11155982753088,0.0092,0.988
"karachiBetaKDE",5e-04,10000,"0.05",13,0.51647843189623,-0.251486244008372,-0.948360671681603,0.747751331083261,"covered",0.150634552234652,-0.182518659607856,-1.11155982753088,0.0092,0.988
"karachiBetaKDE",5e-04,10000,"0.05",13,0.476735140026402,-0.241926013406714,-0.948360671681603,0.747751331083261,"covered",0.150634552234652,-0.182518659607856,-1.11155982753088,0.0092,0.988
"karachiBetaKDE",5e-04,10000,"0.05",13,0.436928695095447,-0.270863672887273,-0.948360671681603,0.747751331083261,"covered",0.150634552234652,-0.182518659607856,-1.11155982753088,0.0092,0.988
"karachiBetaKDE",5e-04,10000,"0.05",13,0.397723723245424,-0.265958840774058,-0.948360671681603,0.747751331083261,"covered",0.150634552234652,-0.182518659607856,-1.11155982753088,0.0092,0.988
"karachiBetaKDE",5e-04,10000,"0.05",13,0.359240914828636,-0.197034441243315,-0.948360671681603,0.747751331083261,"covered",0.150634552234652,-0.182518659607856,-1.11155982753088,0.0092,0.988
"karachiBetaKDE",5e-04,10000,"0.05",13,0.321562845842307,-0.311480836109407,-0.948360671681603,0.747751331083261,"covered",0.150634552234652,-0.182518659607856,-1.11155982753088,0.0092,0.988
"karachiBetaKDE",5e-04,10000,"0.05",13,0.285197981475766,-0.489859889122181,-0.948360671681603,0.747751331083261,"covered",0.150634552234652,-0.182518659607856,-1.11155982753088,0.0092,0.988
"karachiBetaKDE",5e-04,10000,"0.05",13,0.250836215776904,-0.463628941956153,-0.948360671681603,0.747751331083261,"covered",0.150634552234652,-0.182518659607856,-1.11155982753088,0.0092,0.988
"karachiBetaKDE",5e-04,10000,"0.05",13,0.219082914662495,-0.572750863753377,-0.948360671681603,0.747751331083261,"covered",0.150634552234652,-0.182518659607856,-1.11155982753088,0.0092,0.988
"karachiBetaKDE",5e-04,10000,"0.05",13,0.190309773296301,-0.412085041637843,-0.948360671681603,0.747751331083261,"covered",0.150634552234652,-0.182518659607856,-1.11155982753088,0.0092,0.988
"karachiBetaKDE",5e-04,10000,"0.05",13,0.164610609577326,-0.373784412021031,-0.948360671681603,0.747751331083261,"covered",0.150634552234652,-0.182518659607856,-1.11155982753088,0.0092,0.988
"karachiBetaKDE",5e-04,10000,"0.05",13,0.141983640287116,-0.295350197415439,-0.948360671681603,0.747751331083261,"covered",0.150634552234652,-0.182518659607856,-1.11155982753088,0.0092,0.988
"karachiBetaKDE",5e-04,10000,"0.05",13,0.122267432828818,-0.464940698880854,-0.948360671681603,0.747751331083261,"covered",0.150634552234652,-0.182518659607856,-1.11155982753088,0.0092,0.988
"karachiBetaKDE",5e-04,10000,"0.05",13,0.104618038263181,-0.563779990881783,-0.948360671681603,0.747751331083261,"covered",0.150634552234652,-0.182518659607856,-1.11155982753088,0.0092,0.988
"karachiBetaKDE",5e-04,10000,"0.05",13,0.0886383514543017,-0.472526764005881,-0.948360671681603,0.747751331083261,"covered",0.150634552234652,-0.182518659607856,-1.11155982753088,0.0092,0.988
"karachiBetaKDE",5e-04,10000,"0.05",13,0.0748475445763621,-0.447268754809583,-0.948360671681603,0.747751331083261,"covered",0.150634552234652,-0.182518659607856,-1.11155982753088,0.0092,0.988
"karachiBetaKDE",5e-04,10000,"0.05",13,0.06353753376898,-0.440847141398787,-0.948360671681603,0.747751331083261,"covered",0.150634552234652,-0.182518659607856,-1.11155982753088,0.0092,0.988
"karachiBetaKDE",5e-04,10000,"0.05",13,0.0542627209029139,-0.149109773207426,-0.948360671681603,0.747751331083261,"covered",0.150634552234652,-0.182518659607856,-1.11155982753088,0.0092,0.988
"karachiBetaKDE",5e-04,10000,"0.05",13,0.0464829494966246,0.149531272529171,-0.948360671681603,0.747751331083261,"covered",0.150634552234652,-0.182518659607856,-1.11155982753088,0.0092,0.988
"karachiBetaKDE",5e-04,10000,"0.05",13,0.0399020505287196,0.432562410163688,-0.948360671681603,0.747751331083261,"covered",0.150634552234652,-0.182518659607856,-1.11155982753088,0.0092,0.988
"karachiBetaKDE",5e-04,10000,"0.05",13,0.0342638781639597,0.707028294023026,-0.948360671681603,0.747751331083261,"covered",0.150634552234652,-0.182518659607856,-1.11155982753088,0.0092,0.988
"karachiBetaKDE",5e-04,10000,"0.05",13,0.029112520606684,0.968633354377834,-0.948360671681603,0.747751331083261,"escaped_inner",0.150634552234652,-0.182518659607856,-1.11155982753088,0.0092,0.988
"karachiBetaKDE",5e-04,10000,"0.05",13,0.0239701700290124,1.11271210901192,-0.948360671681603,0.747751331083261,"escaped_inner",0.150634552234652,-0.182518659607856,-1.11155982753088,0.0092,0.988
"karachiBetaKDE",5e-04,10000,"0.05",14,0.97891796945672,1.92387278470849,-0.912078231359745,0.737829497885828,"escaped_inner",0.145810692952041,0.0753268069734503,-1.08214537059192,0.0056,0.755
"karachiBetaKDE",5e-04,10000,"0.05",14,0.977147923248112,1.93927382388325,-0.912078231359745,0.737829497885828,"escaped_inner",0.145810692952041,0.0753268069734503,-1.08214537059192,0.0056,0.755
"karachiBetaKDE",5e-04,10000,"0.05",14,0.975392157375374,1.90858798116498,-0.912078231359745,0.737829497885828,"escaped_inner",0.145810692952041,0.0753268069734503,-1.08214537059192,0.0056,0.755
"karachiBetaKDE",5e-04,10000,"0.05",14,0.973728307066674,1.90220540949785,-0.912078231359745,0.737829497885828,"escaped_inner",0.145810692952041,0.0753268069734503,-1.08214537059192,0.0056,0.755
"karachiBetaKDE",5e-04,10000,"0.05",14,0.972148603393168,1.88473093725191,-0.912078231359745,0.737829497885828,"escaped_inner",0.145810692952041,0.0753268069734503,-1.08214537059192,0.0056,0.755
"karachiBetaKDE",5e-04,10000,"0.05",14,0.970556154699355,1.85810969127026,-0.912078231359745,0.737829497885828,"escaped_inner",0.145810692952041,0.0753268069734503,-1.08214537059192,0.0056,0.755
"karachiBetaKDE",5e-04,10000,"0.05",14,0.968823546619977,1.89348417680621,-0.912078231359745,0.737829497885828,"escaped_inner",0.145810692952041,0.0753268069734503,-1.08214537059192,0.0056,0.755
"karachiBetaKDE",5e-04,10000,"0.05",14,0.966856602335362,1.83831628295913,-0.912078231359745,0.737829497885828,"escaped_inner",0.145810692952041,0.0753268069734503,-1.08214537059192,0.0056,0.755
"karachiBetaKDE",5e-04,10000,"0.05",14,0.964584553599988,1.80957916441787,-0.912078231359745,0.737829497885828,"escaped_inner",0.145810692952041,0.0753268069734503,-1.08214537059192,0.0056,0.755
"karachiBetaKDE",5e-04,10000,"0.05",14,0.961904962533908,1.76081626130154,-0.912078231359745,0.737829497885828,"escaped_inner",0.145810692952041,0.0753268069734503,-1.08214537059192,0.0056,0.755
"karachiBetaKDE",5e-04,10000,"0.05",14,0.958671657270623,1.67416360453999,-0.912078231359745,0.737829497885828,"escaped_inner",0.145810692952041,0.0753268069734503,-1.08214537059192,0.0056,0.755
"karachiBetaKDE",5e-04,10000,"0.05",14,0.954760748875313,1.59372146385996,-0.912078231359745,0.737829497885828,"escaped_inner",0.145810692952041,0.0753268069734503,-1.08214537059192,0.0056,0.755
"karachiBetaKDE",5e-04,10000,"0.05",14,0.950123279437843,1.51439529114498,-0.912078231359745,0.737829497885828,"escaped_inner",0.145810692952041,0.0753268069734503,-1.08214537059192,0.0056,0.755
"karachiBetaKDE",5e-04,10000,"0.05",14,0.944774242698295,1.47882814486221,-0.912078231359745,0.737829497885828,"escaped_inner",0.145810692952041,0.0753268069734503,-1.08214537059192,0.0056,0.755
"karachiBetaKDE",5e-04,10000,"0.05",14,0.938744520641643,1.41323902943499,-0.912078231359745,0.737829497885828,"escaped_inner",0.145810692952041,0.0753268069734503,-1.08214537059192,0.0056,0.755
"karachiBetaKDE",5e-04,10000,"0.05",14,0.932033249415245,1.36494265619639,-0.912078231359745,0.737829497885828,"escaped_inner",0.145810692952041,0.0753268069734503,-1.08214537059192,0.0056,0.755
"karachiBetaKDE",5e-04,10000,"0.05",14,0.924586215878857,1.17702315809082,-0.912078231359745,0.737829497885828,"escaped_inner",0.145810692952041,0.0753268069734503,-1.08214537059192,0.0056,0.755
"karachiBetaKDE",5e-04,10000,"0.05",14,0.916299600528128,1.04639493493399,-0.912078231359745,0.737829497885828,"escaped_inner",0.145810692952041,0.0753268069734503,-1.08214537059192,0.0056,0.755
"karachiBetaKDE",5e-04,10000,"0.05",14,0.907026985009363,0.893086793271953,-0.912078231359745,0.737829497885828,"escaped_inner",0.145810692952041,0.0753268069734503,-1.08214537059192,0.0056,0.755
"karachiBetaKDE",5e-04,10000,"0.05",14,0.896586843613339,0.812961863710576,-0.912078231359745,0.737829497885828,"escaped_inner",0.145810692952041,0.0753268069734503,-1.08214537059192,0.0056,0.755
"karachiBetaKDE",5e-04,10000,"0.05",14,0.884771092114384,0.832790869800828,-0.912078231359745,0.737829497885828,"escaped_inner",0.145810692952041,0.0753268069734503,-1.08214537059192,0.0056,0.755
"karachiBetaKDE",5e-04,10000,"0.05",14,0.87139537236811,0.731464795717615,-0.912078231359745,0.737829497885828,"covered",0.145810692952041,0.0753268069734503,-1.08214537059192,0.0056,0.755
"karachiBetaKDE",5e-04,10000,"0.05",14,0.856354046676824,0.685277647099664,-0.912078231359745,0.737829497885828,"covered",0.145810692952041,0.0753268069734503,-1.08214537059192,0.0056,0.755
"karachiBetaKDE",5e-04,10000,"0.05",14,0.839610207739494,0.600713949136032,-0.912078231359745,0.737829497885828,"covered",0.145810692952041,0.0753268069734503,-1.08214537059192,0.0056,0.755
"karachiBetaKDE",5e-04,10000,"0.05",14,0.821080728047109,0.605319484237461,-0.912078231359745,0.737829497885828,"covered",0.145810692952041,0.0753268069734503,-1.08214537059192,0.0056,0.755
"karachiBetaKDE",5e-04,10000,"0.05",14,0.800567701187619,0.5755040028603,-0.912078231359745,0.737829497885828,"covered",0.145810692952041,0.0753268069734503,-1.08214537059192,0.0056,0.755
"karachiBetaKDE",5e-04,10000,"0.05",14,0.777885607549507,0.585317425795625,-0.912078231359745,0.737829497885828,"covered",0.145810692952041,0.0753268069734503,-1.08214537059192,0.0056,0.755
"karachiBetaKDE",5e-04,10000,"0.05",14,0.752982458946362,0.440236604533161,-0.912078231359745,0.737829497885828,"covered",0.145810692952041,0.0753268069734503,-1.08214537059192,0.0056,0.755
"karachiBetaKDE",5e-04,10000,"0.05",14,0.725790234162741,0.470226992192215,-0.912078231359745,0.737829497885828,"covered",0.145810692952041,0.0753268069734503,-1.08214537059192,0.0056,0.755
"karachiBetaKDE",5e-04,10000,"0.05",14,0.69606561161469,0.303128042623257,-0.912078231359745,0.737829497885828,"covered",0.145810692952041,0.0753268069734503,-1.08214537059192,0.0056,0.755
"karachiBetaKDE",5e-04,10000,"0.05",14,0.663699698655259,0.0921414522618677,-0.912078231359745,0.737829497885828,"covered",0.145810692952041,0.0753268069734503,-1.08214537059192,0.0056,0.755
"karachiBetaKDE",5e-04,10000,"0.05",14,0.629093271635229,-0.00469479954371045,-0.912078231359745,0.737829497885828,"covered",0.145810692952041,0.0753268069734503,-1.08214537059192,0.0056,0.755
"karachiBetaKDE",5e-04,10000,"0.05",14,0.592868808043879,0.0330265820711562,-0.912078231359745,0.737829497885828,"covered",0.145810692952041,0.0753268069734503,-1.08214537059192,0.0056,0.755
"karachiBetaKDE",5e-04,10000,"0.05",14,0.555319981977444,-0.119852822123546,-0.912078231359745,0.737829497885828,"covered",0.145810692952041,0.0753268069734503,-1.08214537059192,0.0056,0.755
"karachiBetaKDE",5e-04,10000,"0.05",14,0.51647843189623,-0.215799118800716,-0.912078231359745,0.737829497885828,"covered",0.145810692952041,0.0753268069734503,-1.08214537059192,0.0056,0.755
"karachiBetaKDE",5e-04,10000,"0.05",14,0.476735140026402,-0.26548987673361,-0.912078231359745,0.737829497885828,"covered",0.145810692952041,0.0753268069734503,-1.08214537059192,0.0056,0.755
"karachiBetaKDE",5e-04,10000,"0.05",14,0.436928695095447,-0.501649639480191,-0.912078231359745,0.737829497885828,"covered",0.145810692952041,0.0753268069734503,-1.08214537059192,0.0056,0.755
"karachiBetaKDE",5e-04,10000,"0.05",14,0.397723723245424,-0.604504392201821,-0.912078231359745,0.737829497885828,"covered",0.145810692952041,0.0753268069734503,-1.08214537059192,0.0056,0.755
"karachiBetaKDE",5e-04,10000,"0.05",14,0.359240914828636,-0.74452783213395,-0.912078231359745,0.737829497885828,"covered",0.145810692952041,0.0753268069734503,-1.08214537059192,0.0056,0.755
"karachiBetaKDE",5e-04,10000,"0.05",14,0.321562845842307,-0.756344412478871,-0.912078231359745,0.737829497885828,"covered",0.145810692952041,0.0753268069734503,-1.08214537059192,0.0056,0.755
"karachiBetaKDE",5e-04,10000,"0.05",14,0.285197981475766,-0.728204135027108,-0.912078231359745,0.737829497885828,"covered",0.145810692952041,0.0753268069734503,-1.08214537059192,0.0056,0.755
"karachiBetaKDE",5e-04,10000,"0.05",14,0.250836215776904,-0.695333242053572,-0.912078231359745,0.737829497885828,"covered",0.145810692952041,0.0753268069734503,-1.08214537059192,0.0056,0.755
"karachiBetaKDE",5e-04,10000,"0.05",14,0.219082914662495,-0.616839821623081,-0.912078231359745,0.737829497885828,"covered",0.145810692952041,0.0753268069734503,-1.08214537059192,0.0056,0.755
"karachiBetaKDE",5e-04,10000,"0.05",14,0.190309773296301,-0.50880233112083,-0.912078231359745,0.737829497885828,"covered",0.145810692952041,0.0753268069734503,-1.08214537059192,0.0056,0.755
"karachiBetaKDE",5e-04,10000,"0.05",14,0.164610609577326,-0.371929493303093,-0.912078231359745,0.737829497885828,"covered",0.145810692952041,0.0753268069734503,-1.08214537059192,0.0056,0.755
"karachiBetaKDE",5e-04,10000,"0.05",14,0.141983640287116,-0.312545844556848,-0.912078231359745,0.737829497885828,"covered",0.145810692952041,0.0753268069734503,-1.08214537059192,0.0056,0.755
"karachiBetaKDE",5e-04,10000,"0.05",14,0.122267432828818,-0.355276322794107,-0.912078231359745,0.737829497885828,"covered",0.145810692952041,0.0753268069734503,-1.08214537059192,0.0056,0.755
"karachiBetaKDE",5e-04,10000,"0.05",14,0.104618038263181,-0.515727315925126,-0.912078231359745,0.737829497885828,"covered",0.145810692952041,0.0753268069734503,-1.08214537059192,0.0056,0.755
"karachiBetaKDE",5e-04,10000,"0.05",14,0.0886383514543017,-0.46916585235362,-0.912078231359745,0.737829497885828,"covered",0.145810692952041,0.0753268069734503,-1.08214537059192,0.0056,0.755
"karachiBetaKDE",5e-04,10000,"0.05",14,0.0748475445763621,-0.438304758930294,-0.912078231359745,0.737829497885828,"covered",0.145810692952041,0.0753268069734503,-1.08214537059192,0.0056,0.755
"karachiBetaKDE",5e-04,10000,"0.05",14,0.06353753376898,-0.325273444542226,-0.912078231359745,0.737829497885828,"covered",0.145810692952041,0.0753268069734503,-1.08214537059192,0.0056,0.755
"karachiBetaKDE",5e-04,10000,"0.05",14,0.0542627209029139,-0.137605393864426,-0.912078231359745,0.737829497885828,"covered",0.145810692952041,0.0753268069734503,-1.08214537059192,0.0056,0.755
"karachiBetaKDE",5e-04,10000,"0.05",14,0.0464829494966246,0.0980111335773886,-0.912078231359745,0.737829497885828,"covered",0.145810692952041,0.0753268069734503,-1.08214537059192,0.0056,0.755
"karachiBetaKDE",5e-04,10000,"0.05",14,0.0399020505287196,0.367370937556802,-0.912078231359745,0.737829497885828,"covered",0.145810692952041,0.0753268069734503,-1.08214537059192,0.0056,0.755
"karachiBetaKDE",5e-04,10000,"0.05",14,0.0342638781639597,0.66725801149649,-0.912078231359745,0.737829497885828,"covered",0.145810692952041,0.0753268069734503,-1.08214537059192,0.0056,0.755
"karachiBetaKDE",5e-04,10000,"0.05",14,0.029112520606684,0.821022372392158,-0.912078231359745,0.737829497885828,"escaped_inner",0.145810692952041,0.0753268069734503,-1.08214537059192,0.0056,0.755
"karachiBetaKDE",5e-04,10000,"0.05",14,0.0239701700290124,0.976013948442955,-0.912078231359745,0.737829497885828,"escaped_inner",0.145810692952041,0.0753268069734503,-1.08214537059192,0.0056,0.755
"karachiBetaKDE",5e-04,10000,"0.05",15,0.97891796945672,2.07818352444373,-0.834476317829496,0.689560116308815,"escaped_inner",0.192256944993442,-0.201215333878918,-1.02527930046998,0.0034,0.7342
"karachiBetaKDE",5e-04,10000,"0.05",15,0.977147923248112,2.06758405010423,-0.834476317829496,0.689560116308815,"escaped_inner",0.192256944993442,-0.201215333878918,-1.02527930046998,0.0034,0.7342
"karachiBetaKDE",5e-04,10000,"0.05",15,0.975392157375374,2.08452431599345,-0.834476317829496,0.689560116308815,"escaped_inner",0.192256944993442,-0.201215333878918,-1.02527930046998,0.0034,0.7342
"karachiBetaKDE",5e-04,10000,"0.05",15,0.973728307066674,2.07023515274673,-0.834476317829496,0.689560116308815,"escaped_inner",0.192256944993442,-0.201215333878918,-1.02527930046998,0.0034,0.7342
"karachiBetaKDE",5e-04,10000,"0.05",15,0.972148603393168,2.06012968312179,-0.834476317829496,0.689560116308815,"escaped_inner",0.192256944993442,-0.201215333878918,-1.02527930046998,0.0034,0.7342
"karachiBetaKDE",5e-04,10000,"0.05",15,0.970556154699355,2.05361378987501,-0.834476317829496,0.689560116308815,"escaped_inner",0.192256944993442,-0.201215333878918,-1.02527930046998,0.0034,0.7342
"karachiBetaKDE",5e-04,10000,"0.05",15,0.968823546619977,2.01299909336284,-0.834476317829496,0.689560116308815,"escaped_inner",0.192256944993442,-0.201215333878918,-1.02527930046998,0.0034,0.7342
"karachiBetaKDE",5e-04,10000,"0.05",15,0.966856602335362,1.98904857185284,-0.834476317829496,0.689560116308815,"escaped_inner",0.192256944993442,-0.201215333878918,-1.02527930046998,0.0034,0.7342
"karachiBetaKDE",5e-04,10000,"0.05",15,0.964584553599988,1.96405169291521,-0.834476317829496,0.689560116308815,"escaped_inner",0.192256944993442,-0.201215333878918,-1.02527930046998,0.0034,0.7342
"karachiBetaKDE",5e-04,10000,"0.05",15,0.961904962533908,1.95203452510595,-0.834476317829496,0.689560116308815,"escaped_inner",0.192256944993442,-0.201215333878918,-1.02527930046998,0.0034,0.7342
"karachiBetaKDE",5e-04,10000,"0.05",15,0.958671657270623,1.9336846034547,-0.834476317829496,0.689560116308815,"escaped_inner",0.192256944993442,-0.201215333878918,-1.02527930046998,0.0034,0.7342
"karachiBetaKDE",5e-04,10000,"0.05",15,0.954760748875313,1.92388159469999,-0.834476317829496,0.689560116308815,"escaped_inner",0.192256944993442,-0.201215333878918,-1.02527930046998,0.0034,0.7342
"karachiBetaKDE",5e-04,10000,"0.05",15,0.950123279437843,1.85762402223158,-0.834476317829496,0.689560116308815,"escaped_inner",0.192256944993442,-0.201215333878918,-1.02527930046998,0.0034,0.7342
"karachiBetaKDE",5e-04,10000,"0.05",15,0.944774242698295,1.79352332108869,-0.834476317829496,0.689560116308815,"escaped_inner",0.192256944993442,-0.201215333878918,-1.02527930046998,0.0034,0.7342
"karachiBetaKDE",5e-04,10000,"0.05",15,0.938744520641643,1.72770450586166,-0.834476317829496,0.689560116308815,"escaped_inner",0.192256944993442,-0.201215333878918,-1.02527930046998,0.0034,0.7342
"karachiBetaKDE",5e-04,10000,"0.05",15,0.932033249415245,1.63754037051911,-0.834476317829496,0.689560116308815,"escaped_inner",0.192256944993442,-0.201215333878918,-1.02527930046998,0.0034,0.7342
"karachiBetaKDE",5e-04,10000,"0.05",15,0.924586215878857,1.53772105659692,-0.834476317829496,0.689560116308815,"escaped_inner",0.192256944993442,-0.201215333878918,-1.02527930046998,0.0034,0.7342
"karachiBetaKDE",5e-04,10000,"0.05",15,0.916299600528128,1.49192276026049,-0.834476317829496,0.689560116308815,"escaped_inner",0.192256944993442,-0.201215333878918,-1.02527930046998,0.0034,0.7342
"karachiBetaKDE",5e-04,10000,"0.05",15,0.907026985009363,1.41046083756707,-0.834476317829496,0.689560116308815,"escaped_inner",0.192256944993442,-0.201215333878918,-1.02527930046998,0.0034,0.7342
"karachiBetaKDE",5e-04,10000,"0.05",15,0.896586843613339,1.35235376964844,-0.834476317829496,0.689560116308815,"escaped_inner",0.192256944993442,-0.201215333878918,-1.02527930046998,0.0034,0.7342
"karachiBetaKDE",5e-04,10000,"0.05",15,0.884771092114384,1.22078386222499,-0.834476317829496,0.689560116308815,"escaped_inner",0.192256944993442,-0.201215333878918,-1.02527930046998,0.0034,0.7342
"karachiBetaKDE",5e-04,10000,"0.05",15,0.87139537236811,1.16331428588938,-0.834476317829496,0.689560116308815,"escaped_inner",0.192256944993442,-0.201215333878918,-1.02527930046998,0.0034,0.7342
"karachiBetaKDE",5e-04,10000,"0.05",15,0.856354046676824,1.15807816522568,-0.834476317829496,0.689560116308815,"escaped_inner",0.192256944993442,-0.201215333878918,-1.02527930046998,0.0034,0.7342
"karachiBetaKDE",5e-04,10000,"0.05",15,0.839610207739494,1.10062850400684,-0.834476317829496,0.689560116308815,"escaped_inner",0.192256944993442,-0.201215333878918,-1.02527930046998,0.0034,0.7342
"karachiBetaKDE",5e-04,10000,"0.05",15,0.821080728047109,1.07473177570132,-0.834476317829496,0.689560116308815,"escaped_inner",0.192256944993442,-0.201215333878918,-1.02527930046998,0.0034,0.7342
"karachiBetaKDE",5e-04,10000,"0.05",15,0.800567701187619,1.14769160349405,-0.834476317829496,0.689560116308815,"escaped_inner",0.192256944993442,-0.201215333878918,-1.02527930046998,0.0034,0.7342
"karachiBetaKDE",5e-04,10000,"0.05",15,0.777885607549507,1.0917392823776,-0.834476317829496,0.689560116308815,"escaped_inner",0.192256944993442,-0.201215333878918,-1.02527930046998,0.0034,0.7342
"karachiBetaKDE",5e-04,10000,"0.05",15,0.752982458946362,1.07744127635211,-0.834476317829496,0.689560116308815,"escaped_inner",0.192256944993442,-0.201215333878918,-1.02527930046998,0.0034,0.7342
"karachiBetaKDE",5e-04,10000,"0.05",15,0.725790234162741,1.0011094805275,-0.834476317829496,0.689560116308815,"escaped_inner",0.192256944993442,-0.201215333878918,-1.02527930046998,0.0034,0.7342
"karachiBetaKDE",5e-04,10000,"0.05",15,0.69606561161469,0.924942574573931,-0.834476317829496,0.689560116308815,"escaped_inner",0.192256944993442,-0.201215333878918,-1.02527930046998,0.0034,0.7342
"karachiBetaKDE",5e-04,10000,"0.05",15,0.663699698655259,0.961228859095303,-0.834476317829496,0.689560116308815,"escaped_inner",0.192256944993442,-0.201215333878918,-1.02527930046998,0.0034,0.7342
"karachiBetaKDE",5e-04,10000,"0.05",15,0.629093271635229,0.851607889417065,-0.834476317829496,0.689560116308815,"escaped_inner",0.192256944993442,-0.201215333878918,-1.02527930046998,0.0034,0.7342
"karachiBetaKDE",5e-04,10000,"0.05",15,0.592868808043879,0.692042491140495,-0.834476317829496,0.689560116308815,"escaped_inner",0.192256944993442,-0.201215333878918,-1.02527930046998,0.0034,0.7342
"karachiBetaKDE",5e-04,10000,"0.05",15,0.555319981977444,0.619040391341975,-0.834476317829496,0.689560116308815,"covered",0.192256944993442,-0.201215333878918,-1.02527930046998,0.0034,0.7342
"karachiBetaKDE",5e-04,10000,"0.05",15,0.51647843189623,0.461522768641389,-0.834476317829496,0.689560116308815,"covered",0.192256944993442,-0.201215333878918,-1.02527930046998,0.0034,0.7342
"karachiBetaKDE",5e-04,10000,"0.05",15,0.476735140026402,0.437665268345811,-0.834476317829496,0.689560116308815,"covered",0.192256944993442,-0.201215333878918,-1.02527930046998,0.0034,0.7342
"karachiBetaKDE",5e-04,10000,"0.05",15,0.436928695095447,0.429440629164087,-0.834476317829496,0.689560116308815,"covered",0.192256944993442,-0.201215333878918,-1.02527930046998,0.0034,0.7342
"karachiBetaKDE",5e-04,10000,"0.05",15,0.397723723245424,0.443869089448283,-0.834476317829496,0.689560116308815,"covered",0.192256944993442,-0.201215333878918,-1.02527930046998,0.0034,0.7342
"karachiBetaKDE",5e-04,10000,"0.05",15,0.359240914828636,0.468058288215081,-0.834476317829496,0.689560116308815,"covered",0.192256944993442,-0.201215333878918,-1.02527930046998,0.0034,0.7342
"karachiBetaKDE",5e-04,10000,"0.05",15,0.321562845842307,0.416339932931733,-0.834476317829496,0.689560116308815,"covered",0.192256944993442,-0.201215333878918,-1.02527930046998,0.0034,0.7342
"karachiBetaKDE",5e-04,10000,"0.05",15,0.285197981475766,0.325098767004879,-0.834476317829496,0.689560116308815,"covered",0.192256944993442,-0.201215333878918,-1.02527930046998,0.0034,0.7342
"karachiBetaKDE",5e-04,10000,"0.05",15,0.250836215776904,0.180622786747818,-0.834476317829496,0.689560116308815,"covered",0.192256944993442,-0.201215333878918,-1.02527930046998,0.0034,0.7342
"karachiBetaKDE",5e-04,10000,"0.05",15,0.219082914662495,0.299758936512364,-0.834476317829496,0.689560116308815,"covered",0.192256944993442,-0.201215333878918,-1.02527930046998,0.0034,0.7342
"karachiBetaKDE",5e-04,10000,"0.05",15,0.190309773296301,0.406413505556099,-0.834476317829496,0.689560116308815,"covered",0.192256944993442,-0.201215333878918,-1.02527930046998,0.0034,0.7342
"karachiBetaKDE",5e-04,10000,"0.05",15,0.164610609577326,0.32741208413696,-0.834476317829496,0.689560116308815,"covered",0.192256944993442,-0.201215333878918,-1.02527930046998,0.0034,0.7342
"karachiBetaKDE",5e-04,10000,"0.05",15,0.141983640287116,0.292088492225408,-0.834476317829496,0.689560116308815,"covered",0.192256944993442,-0.201215333878918,-1.02527930046998,0.0034,0.7342
"karachiBetaKDE",5e-04,10000,"0.05",15,0.122267432828818,0.286969757948584,-0.834476317829496,0.689560116308815,"covered",0.192256944993442,-0.201215333878918,-1.02527930046998,0.0034,0.7342
"karachiBetaKDE",5e-04,10000,"0.05",15,0.104618038263181,0.377446641851854,-0.834476317829496,0.689560116308815,"covered",0.192256944993442,-0.201215333878918,-1.02527930046998,0.0034,0.7342
"karachiBetaKDE",5e-04,10000,"0.05",15,0.0886383514543017,0.327393557728404,-0.834476317829496,0.689560116308815,"covered",0.192256944993442,-0.201215333878918,-1.02527930046998,0.0034,0.7342
"karachiBetaKDE",5e-04,10000,"0.05",15,0.0748475445763621,0.393420607839643,-0.834476317829496,0.689560116308815,"covered",0.192256944993442,-0.201215333878918,-1.02527930046998,0.0034,0.7342
"karachiBetaKDE",5e-04,10000,"0.05",15,0.06353753376898,0.495288959919162,-0.834476317829496,0.689560116308815,"covered",0.192256944993442,-0.201215333878918,-1.02527930046998,0.0034,0.7342
"karachiBetaKDE",5e-04,10000,"0.05",15,0.0542627209029139,0.685275869411678,-0.834476317829496,0.689560116308815,"covered",0.192256944993442,-0.201215333878918,-1.02527930046998,0.0034,0.7342
"karachiBetaKDE",5e-04,10000,"0.05",15,0.0464829494966246,0.867922982248174,-0.834476317829496,0.689560116308815,"escaped_inner",0.192256944993442,-0.201215333878918,-1.02527930046998,0.0034,0.7342
"karachiBetaKDE",5e-04,10000,"0.05",15,0.0399020505287196,1.02342508359987,-0.834476317829496,0.689560116308815,"escaped_inner",0.192256944993442,-0.201215333878918,-1.02527930046998,0.0034,0.7342
"karachiBetaKDE",5e-04,10000,"0.05",15,0.0342638781639597,1.2269745434212,-0.834476317829496,0.689560116308815,"escaped_inner",0.192256944993442,-0.201215333878918,-1.02527930046998,0.0034,0.7342
"karachiBetaKDE",5e-04,10000,"0.05",15,0.029112520606684,1.3499411389058,-0.834476317829496,0.689560116308815,"escaped_inner",0.192256944993442,-0.201215333878918,-1.02527930046998,0.0034,0.7342
"karachiBetaKDE",5e-04,10000,"0.05",15,0.0239701700290124,1.4294097781218,-0.834476317829496,0.689560116308815,"escaped_inner",0.192256944993442,-0.201215333878918,-1.02527930046998,0.0034,0.7342
"karachiBetaKDE",5e-04,10000,"0.05",16,0.97891796945672,1.95724056895675,-0.920632754655173,0.774115397535487,"escaped_inner",0.147665974598253,-0.405576436522571,-0.76425248057859,0.002,0.69
"karachiBetaKDE",5e-04,10000,"0.05",16,0.977147923248112,1.93668236249099,-0.920632754655173,0.774115397535487,"escaped_inner",0.147665974598253,-0.405576436522571,-0.76425248057859,0.002,0.69
"karachiBetaKDE",5e-04,10000,"0.05",16,0.975392157375374,1.94436954245613,-0.920632754655173,0.774115397535487,"escaped_inner",0.147665974598253,-0.405576436522571,-0.76425248057859,0.002,0.69
"karachiBetaKDE",5e-04,10000,"0.05",16,0.973728307066674,1.95846734499699,-0.920632754655173,0.774115397535487,"escaped_inner",0.147665974598253,-0.405576436522571,-0.76425248057859,0.002,0.69
"karachiBetaKDE",5e-04,10000,"0.05",16,0.972148603393168,1.92196538692011,-0.920632754655173,0.774115397535487,"escaped_inner",0.147665974598253,-0.405576436522571,-0.76425248057859,0.002,0.69
"karachiBetaKDE",5e-04,10000,"0.05",16,0.970556154699355,1.88056900072424,-0.920632754655173,0.774115397535487,"escaped_inner",0.147665974598253,-0.405576436522571,-0.76425248057859,0.002,0.69
"karachiBetaKDE",5e-04,10000,"0.05",16,0.968823546619977,1.85590863049338,-0.920632754655173,0.774115397535487,"escaped_inner",0.147665974598253,-0.405576436522571,-0.76425248057859,0.002,0.69
"karachiBetaKDE",5e-04,10000,"0.05",16,0.966856602335362,1.80076208613178,-0.920632754655173,0.774115397535487,"escaped_inner",0.147665974598253,-0.405576436522571,-0.76425248057859,0.002,0.69
"karachiBetaKDE",5e-04,10000,"0.05",16,0.964584553599988,1.72275728826738,-0.920632754655173,0.774115397535487,"escaped_inner",0.147665974598253,-0.405576436522571,-0.76425248057859,0.002,0.69
"karachiBetaKDE",5e-04,10000,"0.05",16,0.961904962533908,1.66781228000489,-0.920632754655173,0.774115397535487,"escaped_inner",0.147665974598253,-0.405576436522571,-0.76425248057859,0.002,0.69
"karachiBetaKDE",5e-04,10000,"0.05",16,0.958671657270623,1.63867245443826,-0.920632754655173,0.774115397535487,"escaped_inner",0.147665974598253,-0.405576436522571,-0.76425248057859,0.002,0.69
"karachiBetaKDE",5e-04,10000,"0.05",16,0.954760748875313,1.62332591821678,-0.920632754655173,0.774115397535487,"escaped_inner",0.147665974598253,-0.405576436522571,-0.76425248057859,0.002,0.69
"karachiBetaKDE",5e-04,10000,"0.05",16,0.950123279437843,1.56211072638146,-0.920632754655173,0.774115397535487,"escaped_inner",0.147665974598253,-0.405576436522571,-0.76425248057859,0.002,0.69
"karachiBetaKDE",5e-04,10000,"0.05",16,0.944774242698295,1.46831585342453,-0.920632754655173,0.774115397535487,"escaped_inner",0.147665974598253,-0.405576436522571,-0.76425248057859,0.002,0.69
"karachiBetaKDE",5e-04,10000,"0.05",16,0.938744520641643,1.40368803991757,-0.920632754655173,0.774115397535487,"escaped_inner",0.147665974598253,-0.405576436522571,-0.76425248057859,0.002,0.69
"karachiBetaKDE",5e-04,10000,"0.05",16,0.932033249415245,1.28287842944897,-0.920632754655173,0.774115397535487,"escaped_inner",0.147665974598253,-0.405576436522571,-0.76425248057859,0.002,0.69
"karachiBetaKDE",5e-04,10000,"0.05",16,0.924586215878857,1.1946032540016,-0.920632754655173,0.774115397535487,"escaped_inner",0.147665974598253,-0.405576436522571,-0.76425248057859,0.002,0.69
"karachiBetaKDE",5e-04,10000,"0.05",16,0.916299600528128,1.07933801406018,-0.920632754655173,0.774115397535487,"escaped_inner",0.147665974598253,-0.405576436522571,-0.76425248057859,0.002,0.69
"karachiBetaKDE",5e-04,10000,"0.05",16,0.907026985009363,0.916917481781699,-0.920632754655173,0.774115397535487,"escaped_inner",0.147665974598253,-0.405576436522571,-0.76425248057859,0.002,0.69
"karachiBetaKDE",5e-04,10000,"0.05",16,0.896586843613339,0.856553591954982,-0.920632754655173,0.774115397535487,"escaped_inner",0.147665974598253,-0.405576436522571,-0.76425248057859,0.002,0.69
"karachiBetaKDE",5e-04,10000,"0.05",16,0.884771092114384,0.787560483012755,-0.920632754655173,0.774115397535487,"escaped_inner",0.147665974598253,-0.405576436522571,-0.76425248057859,0.002,0.69
"karachiBetaKDE",5e-04,10000,"0.05",16,0.87139537236811,0.835267572747885,-0.920632754655173,0.774115397535487,"escaped_inner",0.147665974598253,-0.405576436522571,-0.76425248057859,0.002,0.69
"karachiBetaKDE",5e-04,10000,"0.05",16,0.856354046676824,0.677999872218865,-0.920632754655173,0.774115397535487,"covered",0.147665974598253,-0.405576436522571,-0.76425248057859,0.002,0.69
"karachiBetaKDE",5e-04,10000,"0.05",16,0.839610207739494,0.691605772990016,-0.920632754655173,0.774115397535487,"covered",0.147665974598253,-0.405576436522571,-0.76425248057859,0.002,0.69
"karachiBetaKDE",5e-04,10000,"0.05",16,0.821080728047109,0.73710510583856,-0.920632754655173,0.774115397535487,"covered",0.147665974598253,-0.405576436522571,-0.76425248057859,0.002,0.69
"karachiBetaKDE",5e-04,10000,"0.05",16,0.800567701187619,0.64815956635755,-0.920632754655173,0.774115397535487,"covered",0.147665974598253,-0.405576436522571,-0.76425248057859,0.002,0.69
"karachiBetaKDE",5e-04,10000,"0.05",16,0.777885607549507,0.642868621032428,-0.920632754655173,0.774115397535487,"covered",0.147665974598253,-0.405576436522571,-0.76425248057859,0.002,0.69
"karachiBetaKDE",5e-04,10000,"0.05",16,0.752982458946362,0.512534232748243,-0.920632754655173,0.774115397535487,"covered",0.147665974598253,-0.405576436522571,-0.76425248057859,0.002,0.69
"karachiBetaKDE",5e-04,10000,"0.05",16,0.725790234162741,0.454285438449169,-0.920632754655173,0.774115397535487,"covered",0.147665974598253,-0.405576436522571,-0.76425248057859,0.002,0.69
"karachiBetaKDE",5e-04,10000,"0.05",16,0.69606561161469,0.362139968750323,-0.920632754655173,0.774115397535487,"covered",0.147665974598253,-0.405576436522571,-0.76425248057859,0.002,0.69
"karachiBetaKDE",5e-04,10000,"0.05",16,0.663699698655259,0.332091013459701,-0.920632754655173,0.774115397535487,"covered",0.147665974598253,-0.405576436522571,-0.76425248057859,0.002,0.69
"karachiBetaKDE",5e-04,10000,"0.05",16,0.629093271635229,0.139789121265111,-0.920632754655173,0.774115397535487,"covered",0.147665974598253,-0.405576436522571,-0.76425248057859,0.002,0.69
"karachiBetaKDE",5e-04,10000,"0.05",16,0.592868808043879,0.0110687575022999,-0.920632754655173,0.774115397535487,"covered",0.147665974598253,-0.405576436522571,-0.76425248057859,0.002,0.69
"karachiBetaKDE",5e-04,10000,"0.05",16,0.555319981977444,-0.01044044101101,-0.920632754655173,0.774115397535487,"covered",0.147665974598253,-0.405576436522571,-0.76425248057859,0.002,0.69
"karachiBetaKDE",5e-04,10000,"0.05",16,0.51647843189623,0.0328312531529376,-0.920632754655173,0.774115397535487,"covered",0.147665974598253,-0.405576436522571,-0.76425248057859,0.002,0.69
"karachiBetaKDE",5e-04,10000,"0.05",16,0.476735140026402,0.0653953266075973,-0.920632754655173,0.774115397535487,"covered",0.147665974598253,-0.405576436522571,-0.76425248057859,0.002,0.69
"karachiBetaKDE",5e-04,10000,"0.05",16,0.436928695095447,-0.0424424859215859,-0.920632754655173,0.774115397535487,"covered",0.147665974598253,-0.405576436522571,-0.76425248057859,0.002,0.69
"karachiBetaKDE",5e-04,10000,"0.05",16,0.397723723245424,-0.135171587410175,-0.920632754655173,0.774115397535487,"covered",0.147665974598253,-0.405576436522571,-0.76425248057859,0.002,0.69
"karachiBetaKDE",5e-04,10000,"0.05",16,0.359240914828636,-0.363764342903889,-0.920632754655173,0.774115397535487,"covered",0.147665974598253,-0.405576436522571,-0.76425248057859,0.002,0.69
"karachiBetaKDE",5e-04,10000,"0.05",16,0.321562845842307,-0.412597950997875,-0.920632754655173,0.774115397535487,"covered",0.147665974598253,-0.405576436522571,-0.76425248057859,0.002,0.69
"karachiBetaKDE",5e-04,10000,"0.05",16,0.285197981475766,-0.596094462989832,-0.920632754655173,0.774115397535487,"covered",0.147665974598253,-0.405576436522571,-0.76425248057859,0.002,0.69
"karachiBetaKDE",5e-04,10000,"0.05",16,0.250836215776904,-0.516112035582681,-0.920632754655173,0.774115397535487,"covered",0.147665974598253,-0.405576436522571,-0.76425248057859,0.002,0.69
"karachiBetaKDE",5e-04,10000,"0.05",16,0.219082914662495,-0.472533767857496,-0.920632754655173,0.774115397535487,"covered",0.147665974598253,-0.405576436522571,-0.76425248057859,0.002,0.69
"karachiBetaKDE",5e-04,10000,"0.05",16,0.190309773296301,-0.376948365685278,-0.920632754655173,0.774115397535487,"covered",0.147665974598253,-0.405576436522571,-0.76425248057859,0.002,0.69
"karachiBetaKDE",5e-04,10000,"0.05",16,0.164610609577326,-0.428649503304942,-0.920632754655173,0.774115397535487,"covered",0.147665974598253,-0.405576436522571,-0.76425248057859,0.002,0.69
"karachiBetaKDE",5e-04,10000,"0.05",16,0.141983640287116,-0.357762481704887,-0.920632754655173,0.774115397535487,"covered",0.147665974598253,-0.405576436522571,-0.76425248057859,0.002,0.69
"karachiBetaKDE",5e-04,10000,"0.05",16,0.122267432828818,-0.417355794600677,-0.920632754655173,0.774115397535487,"covered",0.147665974598253,-0.405576436522571,-0.76425248057859,0.002,0.69
"karachiBetaKDE",5e-04,10000,"0.05",16,0.104618038263181,-0.41517996739162,-0.920632754655173,0.774115397535487,"covered",0.147665974598253,-0.405576436522571,-0.76425248057859,0.002,0.69
"karachiBetaKDE",5e-04,10000,"0.05",16,0.0886383514543017,-0.356226451689482,-0.920632754655173,0.774115397535487,"covered",0.147665974598253,-0.405576436522571,-0.76425248057859,0.002,0.69
"karachiBetaKDE",5e-04,10000,"0.05",16,0.0748475445763621,-0.352210719641479,-0.920632754655173,0.774115397535487,"covered",0.147665974598253,-0.405576436522571,-0.76425248057859,0.002,0.69
"karachiBetaKDE",5e-04,10000,"0.05",16,0.06353753376898,-0.142214948716858,-0.920632754655173,0.774115397535487,"covered",0.147665974598253,-0.405576436522571,-0.76425248057859,0.002,0.69
"karachiBetaKDE",5e-04,10000,"0.05",16,0.0542627209029139,0.0640910898557018,-0.920632754655173,0.774115397535487,"covered",0.147665974598253,-0.405576436522571,-0.76425248057859,0.002,0.69
"karachiBetaKDE",5e-04,10000,"0.05",16,0.0464829494966246,0.297473097580042,-0.920632754655173,0.774115397535487,"covered",0.147665974598253,-0.405576436522571,-0.76425248057859,0.002,0.69
"karachiBetaKDE",5e-04,10000,"0.05",16,0.0399020505287196,0.471935697386234,-0.920632754655173,0.774115397535487,"covered",0.147665974598253,-0.405576436522571,-0.76425248057859,0.002,0.69
"karachiBetaKDE",5e-04,10000,"0.05",16,0.0342638781639597,0.724104929558257,-0.920632754655173,0.774115397535487,"covered",0.147665974598253,-0.405576436522571,-0.76425248057859,0.002,0.69
"karachiBetaKDE",5e-04,10000,"0.05",16,0.029112520606684,0.962384482512036,-0.920632754655173,0.774115397535487,"escaped_inner",0.147665974598253,-0.405576436522571,-0.76425248057859,0.002,0.69
"karachiBetaKDE",5e-04,10000,"0.05",16,0.0239701700290124,1.03416161936501,-0.920632754655173,0.774115397535487,"escaped_inner",0.147665974598253,-0.405576436522571,-0.76425248057859,0.002,0.69
"karachiBetaKDE",5e-04,10000,"0.05",17,0.97891796945672,1.98624125233311,-0.843074643703217,0.668599522521245,"escaped_inner",0.152029472012175,-0.329434814712945,-0.561220123958022,0.0012,0.3614
"karachiBetaKDE",5e-04,10000,"0.05",17,0.977147923248112,1.95460258076341,-0.843074643703217,0.668599522521245,"escaped_inner",0.152029472012175,-0.329434814712945,-0.561220123958022,0.0012,0.3614
"karachiBetaKDE",5e-04,10000,"0.05",17,0.975392157375374,1.95950969939942,-0.843074643703217,0.668599522521245,"escaped_inner",0.152029472012175,-0.329434814712945,-0.561220123958022,0.0012,0.3614
"karachiBetaKDE",5e-04,10000,"0.05",17,0.973728307066674,1.95269314598829,-0.843074643703217,0.668599522521245,"escaped_inner",0.152029472012175,-0.329434814712945,-0.561220123958022,0.0012,0.3614
"karachiBetaKDE",5e-04,10000,"0.05",17,0.972148603393168,1.89971360530332,-0.843074643703217,0.668599522521245,"escaped_inner",0.152029472012175,-0.329434814712945,-0.561220123958022,0.0012,0.3614
"karachiBetaKDE",5e-04,10000,"0.05",17,0.970556154699355,1.84404904575625,-0.843074643703217,0.668599522521245,"escaped_inner",0.152029472012175,-0.329434814712945,-0.561220123958022,0.0012,0.3614
"karachiBetaKDE",5e-04,10000,"0.05",17,0.968823546619977,1.82559239573023,-0.843074643703217,0.668599522521245,"escaped_inner",0.152029472012175,-0.329434814712945,-0.561220123958022,0.0012,0.3614
"karachiBetaKDE",5e-04,10000,"0.05",17,0.966856602335362,1.80068251897148,-0.843074643703217,0.668599522521245,"escaped_inner",0.152029472012175,-0.329434814712945,-0.561220123958022,0.0012,0.3614
"karachiBetaKDE",5e-04,10000,"0.05",17,0.964584553599988,1.76623047121472,-0.843074643703217,0.668599522521245,"escaped_inner",0.152029472012175,-0.329434814712945,-0.561220123958022,0.0012,0.3614
"karachiBetaKDE",5e-04,10000,"0.05",17,0.961904962533908,1.78682513291359,-0.843074643703217,0.668599522521245,"escaped_inner",0.152029472012175,-0.329434814712945,-0.561220123958022,0.0012,0.3614
"karachiBetaKDE",5e-04,10000,"0.05",17,0.958671657270623,1.72026452993934,-0.843074643703217,0.668599522521245,"escaped_inner",0.152029472012175,-0.329434814712945,-0.561220123958022,0.0012,0.3614
"karachiBetaKDE",5e-04,10000,"0.05",17,0.954760748875313,1.64577259023861,-0.843074643703217,0.668599522521245,"escaped_inner",0.152029472012175,-0.329434814712945,-0.561220123958022,0.0012,0.3614
"karachiBetaKDE",5e-04,10000,"0.05",17,0.950123279437843,1.55425537615233,-0.843074643703217,0.668599522521245,"escaped_inner",0.152029472012175,-0.329434814712945,-0.561220123958022,0.0012,0.3614
"karachiBetaKDE",5e-04,10000,"0.05",17,0.944774242698295,1.49968621653308,-0.843074643703217,0.668599522521245,"escaped_inner",0.152029472012175,-0.329434814712945,-0.561220123958022,0.0012,0.3614
"karachiBetaKDE",5e-04,10000,"0.05",17,0.938744520641643,1.41830182287681,-0.843074643703217,0.668599522521245,"escaped_inner",0.152029472012175,-0.329434814712945,-0.561220123958022,0.0012,0.3614
"karachiBetaKDE",5e-04,10000,"0.05",17,0.932033249415245,1.26998619948698,-0.843074643703217,0.668599522521245,"escaped_inner",0.152029472012175,-0.329434814712945,-0.561220123958022,0.0012,0.3614
"karachiBetaKDE",5e-04,10000,"0.05",17,0.924586215878857,1.14922443440008,-0.843074643703217,0.668599522521245,"escaped_inner",0.152029472012175,-0.329434814712945,-0.561220123958022,0.0012,0.3614
"karachiBetaKDE",5e-04,10000,"0.05",17,0.916299600528128,1.01387819924988,-0.843074643703217,0.668599522521245,"escaped_inner",0.152029472012175,-0.329434814712945,-0.561220123958022,0.0012,0.3614
"karachiBetaKDE",5e-04,10000,"0.05",17,0.907026985009363,0.922118016015864,-0.843074643703217,0.668599522521245,"escaped_inner",0.152029472012175,-0.329434814712945,-0.561220123958022,0.0012,0.3614
"karachiBetaKDE",5e-04,10000,"0.05",17,0.896586843613339,0.831981463515295,-0.843074643703217,0.668599522521245,"escaped_inner",0.152029472012175,-0.329434814712945,-0.561220123958022,0.0012,0.3614
"karachiBetaKDE",5e-04,10000,"0.05",17,0.884771092114384,0.769897538606455,-0.843074643703217,0.668599522521245,"escaped_inner",0.152029472012175,-0.329434814712945,-0.561220123958022,0.0012,0.3614
"karachiBetaKDE",5e-04,10000,"0.05",17,0.87139537236811,0.727321885779749,-0.843074643703217,0.668599522521245,"escaped_inner",0.152029472012175,-0.329434814712945,-0.561220123958022,0.0012,0.3614
"karachiBetaKDE",5e-04,10000,"0.05",17,0.856354046676824,0.662878300841877,-0.843074643703217,0.668599522521245,"covered",0.152029472012175,-0.329434814712945,-0.561220123958022,0.0012,0.3614
"karachiBetaKDE",5e-04,10000,"0.05",17,0.839610207739494,0.586010870703574,-0.843074643703217,0.668599522521245,"covered",0.152029472012175,-0.329434814712945,-0.561220123958022,0.0012,0.3614
"karachiBetaKDE",5e-04,10000,"0.05",17,0.821080728047109,0.620696046113052,-0.843074643703217,0.668599522521245,"covered",0.152029472012175,-0.329434814712945,-0.561220123958022,0.0012,0.3614
"karachiBetaKDE",5e-04,10000,"0.05",17,0.800567701187619,0.592154824176666,-0.843074643703217,0.668599522521245,"covered",0.152029472012175,-0.329434814712945,-0.561220123958022,0.0012,0.3614
"karachiBetaKDE",5e-04,10000,"0.05",17,0.777885607549507,0.755987523232665,-0.843074643703217,0.668599522521245,"escaped_inner",0.152029472012175,-0.329434814712945,-0.561220123958022,0.0012,0.3614
"karachiBetaKDE",5e-04,10000,"0.05",17,0.752982458946362,0.561126480345012,-0.843074643703217,0.668599522521245,"covered",0.152029472012175,-0.329434814712945,-0.561220123958022,0.0012,0.3614
"karachiBetaKDE",5e-04,10000,"0.05",17,0.725790234162741,0.466751097368056,-0.843074643703217,0.668599522521245,"covered",0.152029472012175,-0.329434814712945,-0.561220123958022,0.0012,0.3614
"karachiBetaKDE",5e-04,10000,"0.05",17,0.69606561161469,0.424155238746106,-0.843074643703217,0.668599522521245,"covered",0.152029472012175,-0.329434814712945,-0.561220123958022,0.0012,0.3614
"karachiBetaKDE",5e-04,10000,"0.05",17,0.663699698655259,0.272052075377329,-0.843074643703217,0.668599522521245,"covered",0.152029472012175,-0.329434814712945,-0.561220123958022,0.0012,0.3614
"karachiBetaKDE",5e-04,10000,"0.05",17,0.629093271635229,0.211880176678253,-0.843074643703217,0.668599522521245,"covered",0.152029472012175,-0.329434814712945,-0.561220123958022,0.0012,0.3614
"karachiBetaKDE",5e-04,10000,"0.05",17,0.592868808043879,0.0960715601729291,-0.843074643703217,0.668599522521245,"covered",0.152029472012175,-0.329434814712945,-0.561220123958022,0.0012,0.3614
"karachiBetaKDE",5e-04,10000,"0.05",17,0.555319981977444,-0.0217224587703956,-0.843074643703217,0.668599522521245,"covered",0.152029472012175,-0.329434814712945,-0.561220123958022,0.0012,0.3614
"karachiBetaKDE",5e-04,10000,"0.05",17,0.51647843189623,-0.0363119955499618,-0.843074643703217,0.668599522521245,"covered",0.152029472012175,-0.329434814712945,-0.561220123958022,0.0012,0.3614
"karachiBetaKDE",5e-04,10000,"0.05",17,0.476735140026402,-0.183862329792138,-0.843074643703217,0.668599522521245,"covered",0.152029472012175,-0.329434814712945,-0.561220123958022,0.0012,0.3614
"karachiBetaKDE",5e-04,10000,"0.05",17,0.436928695095447,-0.0831297908688621,-0.843074643703217,0.668599522521245,"covered",0.152029472012175,-0.329434814712945,-0.561220123958022,0.0012,0.3614
"karachiBetaKDE",5e-04,10000,"0.05",17,0.397723723245424,-0.0536398378528524,-0.843074643703217,0.668599522521245,"covered",0.152029472012175,-0.329434814712945,-0.561220123958022,0.0012,0.3614
"karachiBetaKDE",5e-04,10000,"0.05",17,0.359240914828636,-0.157130957291897,-0.843074643703217,0.668599522521245,"covered",0.152029472012175,-0.329434814712945,-0.561220123958022,0.0012,0.3614
"karachiBetaKDE",5e-04,10000,"0.05",17,0.321562845842307,-0.341363828036483,-0.843074643703217,0.668599522521245,"covered",0.152029472012175,-0.329434814712945,-0.561220123958022,0.0012,0.3614
"karachiBetaKDE",5e-04,10000,"0.05",17,0.285197981475766,-0.403189239997276,-0.843074643703217,0.668599522521245,"covered",0.152029472012175,-0.329434814712945,-0.561220123958022,0.0012,0.3614
"karachiBetaKDE",5e-04,10000,"0.05",17,0.250836215776904,-0.469663720513012,-0.843074643703217,0.668599522521245,"covered",0.152029472012175,-0.329434814712945,-0.561220123958022,0.0012,0.3614
"karachiBetaKDE",5e-04,10000,"0.05",17,0.219082914662495,-0.384834298834528,-0.843074643703217,0.668599522521245,"covered",0.152029472012175,-0.329434814712945,-0.561220123958022,0.0012,0.3614
"karachiBetaKDE",5e-04,10000,"0.05",17,0.190309773296301,-0.328106491300315,-0.843074643703217,0.668599522521245,"covered",0.152029472012175,-0.329434814712945,-0.561220123958022,0.0012,0.3614
"karachiBetaKDE",5e-04,10000,"0.05",17,0.164610609577326,-0.359286713231425,-0.843074643703217,0.668599522521245,"covered",0.152029472012175,-0.329434814712945,-0.561220123958022,0.0012,0.3614
"karachiBetaKDE",5e-04,10000,"0.05",17,0.141983640287116,-0.324801377068923,-0.843074643703217,0.668599522521245,"covered",0.152029472012175,-0.329434814712945,-0.561220123958022,0.0012,0.3614
"karachiBetaKDE",5e-04,10000,"0.05",17,0.122267432828818,-0.438011301751246,-0.843074643703217,0.668599522521245,"covered",0.152029472012175,-0.329434814712945,-0.561220123958022,0.0012,0.3614
"karachiBetaKDE",5e-04,10000,"0.05",17,0.104618038263181,-0.46991821872092,-0.843074643703217,0.668599522521245,"covered",0.152029472012175,-0.329434814712945,-0.561220123958022,0.0012,0.3614
"karachiBetaKDE",5e-04,10000,"0.05",17,0.0886383514543017,-0.429935267162069,-0.843074643703217,0.668599522521245,"covered",0.152029472012175,-0.329434814712945,-0.561220123958022,0.0012,0.3614
"karachiBetaKDE",5e-04,10000,"0.05",17,0.0748475445763621,-0.367055824033381,-0.843074643703217,0.668599522521245,"covered",0.152029472012175,-0.329434814712945,-0.561220123958022,0.0012,0.3614
"karachiBetaKDE",5e-04,10000,"0.05",17,0.06353753376898,-0.214438260498128,-0.843074643703217,0.668599522521245,"covered",0.152029472012175,-0.329434814712945,-0.561220123958022,0.0012,0.3614
"karachiBetaKDE",5e-04,10000,"0.05",17,0.0542627209029139,-0.0234253956410249,-0.843074643703217,0.668599522521245,"covered",0.152029472012175,-0.329434814712945,-0.561220123958022,0.0012,0.3614
"karachiBetaKDE",5e-04,10000,"0.05",17,0.0464829494966246,0.224772398322444,-0.843074643703217,0.668599522521245,"covered",0.152029472012175,-0.329434814712945,-0.561220123958022,0.0012,0.3614
"karachiBetaKDE",5e-04,10000,"0.05",17,0.0399020505287196,0.496198486688678,-0.843074643703217,0.668599522521245,"covered",0.152029472012175,-0.329434814712945,-0.561220123958022,0.0012,0.3614
"karachiBetaKDE",5e-04,10000,"0.05",17,0.0342638781639597,0.757200161547747,-0.843074643703217,0.668599522521245,"escaped_inner",0.152029472012175,-0.329434814712945,-0.561220123958022,0.0012,0.3614
"karachiBetaKDE",5e-04,10000,"0.05",17,0.029112520606684,0.957816899460068,-0.843074643703217,0.668599522521245,"escaped_inner",0.152029472012175,-0.329434814712945,-0.561220123958022,0.0012,0.3614
"karachiBetaKDE",5e-04,10000,"0.05",17,0.0239701700290124,1.0641841628379,-0.843074643703217,0.668599522521245,"escaped_inner",0.152029472012175,-0.329434814712945,-0.561220123958022,0.0012,0.3614
"karachiBetaKDE",5e-04,10000,"0.05",18,0.97891796945672,2.07179904118169,-0.891033566808804,0.715507596604631,"escaped_inner",0.162377295334988,-0.0733824476931152,-1.15745166876863,0.0081,0.9866
"karachiBetaKDE",5e-04,10000,"0.05",18,0.977147923248112,2.0723264058704,-0.891033566808804,0.715507596604631,"escaped_inner",0.162377295334988,-0.0733824476931152,-1.15745166876863,0.0081,0.9866
"karachiBetaKDE",5e-04,10000,"0.05",18,0.975392157375374,2.09413637789065,-0.891033566808804,0.715507596604631,"escaped_inner",0.162377295334988,-0.0733824476931152,-1.15745166876863,0.0081,0.9866
"karachiBetaKDE",5e-04,10000,"0.05",18,0.973728307066674,2.09872792934237,-0.891033566808804,0.715507596604631,"escaped_inner",0.162377295334988,-0.0733824476931152,-1.15745166876863,0.0081,0.9866
"karachiBetaKDE",5e-04,10000,"0.05",18,0.972148603393168,2.11606284868857,-0.891033566808804,0.715507596604631,"escaped_inner",0.162377295334988,-0.0733824476931152,-1.15745166876863,0.0081,0.9866
"karachiBetaKDE",5e-04,10000,"0.05",18,0.970556154699355,2.09679602592308,-0.891033566808804,0.715507596604631,"escaped_inner",0.162377295334988,-0.0733824476931152,-1.15745166876863,0.0081,0.9866
"karachiBetaKDE",5e-04,10000,"0.05",18,0.968823546619977,2.07137680748293,-0.891033566808804,0.715507596604631,"escaped_inner",0.162377295334988,-0.0733824476931152,-1.15745166876863,0.0081,0.9866
"karachiBetaKDE",5e-04,10000,"0.05",18,0.966856602335362,2.00263329017335,-0.891033566808804,0.715507596604631,"escaped_inner",0.162377295334988,-0.0733824476931152,-1.15745166876863,0.0081,0.9866
"karachiBetaKDE",5e-04,10000,"0.05",18,0.964584553599988,1.97697950436917,-0.891033566808804,0.715507596604631,"escaped_inner",0.162377295334988,-0.0733824476931152,-1.15745166876863,0.0081,0.9866
"karachiBetaKDE",5e-04,10000,"0.05",18,0.961904962533908,1.9202772516929,-0.891033566808804,0.715507596604631,"escaped_inner",0.162377295334988,-0.0733824476931152,-1.15745166876863,0.0081,0.9866
"karachiBetaKDE",5e-04,10000,"0.05",18,0.958671657270623,1.84283286951362,-0.891033566808804,0.715507596604631,"escaped_inner",0.162377295334988,-0.0733824476931152,-1.15745166876863,0.0081,0.9866
"karachiBetaKDE",5e-04,10000,"0.05",18,0.954760748875313,1.78501855915419,-0.891033566808804,0.715507596604631,"escaped_inner",0.162377295334988,-0.0733824476931152,-1.15745166876863,0.0081,0.9866
"karachiBetaKDE",5e-04,10000,"0.05",18,0.950123279437843,1.75237567915901,-0.891033566808804,0.715507596604631,"escaped_inner",0.162377295334988,-0.0733824476931152,-1.15745166876863,0.0081,0.9866
"karachiBetaKDE",5e-04,10000,"0.05",18,0.944774242698295,1.63147139569057,-0.891033566808804,0.715507596604631,"escaped_inner",0.162377295334988,-0.0733824476931152,-1.15745166876863,0.0081,0.9866
"karachiBetaKDE",5e-04,10000,"0.05",18,0.938744520641643,1.5773563835154,-0.891033566808804,0.715507596604631,"escaped_inner",0.162377295334988,-0.0733824476931152,-1.15745166876863,0.0081,0.9866
"karachiBetaKDE",5e-04,10000,"0.05",18,0.932033249415245,1.52130706556263,-0.891033566808804,0.715507596604631,"escaped_inner",0.162377295334988,-0.0733824476931152,-1.15745166876863,0.0081,0.9866
"karachiBetaKDE",5e-04,10000,"0.05",18,0.924586215878857,1.40259949686345,-0.891033566808804,0.715507596604631,"escaped_inner",0.162377295334988,-0.0733824476931152,-1.15745166876863,0.0081,0.9866
"karachiBetaKDE",5e-04,10000,"0.05",18,0.916299600528128,1.28493813857459,-0.891033566808804,0.715507596604631,"escaped_inner",0.162377295334988,-0.0733824476931152,-1.15745166876863,0.0081,0.9866
"karachiBetaKDE",5e-04,10000,"0.05",18,0.907026985009363,1.24541209637615,-0.891033566808804,0.715507596604631,"escaped_inner",0.162377295334988,-0.0733824476931152,-1.15745166876863,0.0081,0.9866
"karachiBetaKDE",5e-04,10000,"0.05",18,0.896586843613339,1.18383529172977,-0.891033566808804,0.715507596604631,"escaped_inner",0.162377295334988,-0.0733824476931152,-1.15745166876863,0.0081,0.9866
"karachiBetaKDE",5e-04,10000,"0.05",18,0.884771092114384,1.11140641701657,-0.891033566808804,0.715507596604631,"escaped_inner",0.162377295334988,-0.0733824476931152,-1.15745166876863,0.0081,0.9866
"karachiBetaKDE",5e-04,10000,"0.05",18,0.87139537236811,1.10555544200419,-0.891033566808804,0.715507596604631,"escaped_inner",0.162377295334988,-0.0733824476931152,-1.15745166876863,0.0081,0.9866
"karachiBetaKDE",5e-04,10000,"0.05",18,0.856354046676824,0.939254584916283,-0.891033566808804,0.715507596604631,"escaped_inner",0.162377295334988,-0.0733824476931152,-1.15745166876863,0.0081,0.9866
"karachiBetaKDE",5e-04,10000,"0.05",18,0.839610207739494,0.953679399867036,-0.891033566808804,0.715507596604631,"escaped_inner",0.162377295334988,-0.0733824476931152,-1.15745166876863,0.0081,0.9866
"karachiBetaKDE",5e-04,10000,"0.05",18,0.821080728047109,0.979974713930183,-0.891033566808804,0.715507596604631,"escaped_inner",0.162377295334988,-0.0733824476931152,-1.15745166876863,0.0081,0.9866
"karachiBetaKDE",5e-04,10000,"0.05",18,0.800567701187619,1.01919473077221,-0.891033566808804,0.715507596604631,"escaped_inner",0.162377295334988,-0.0733824476931152,-1.15745166876863,0.0081,0.9866
"karachiBetaKDE",5e-04,10000,"0.05",18,0.777885607549507,0.874294599737398,-0.891033566808804,0.715507596604631,"escaped_inner",0.162377295334988,-0.0733824476931152,-1.15745166876863,0.0081,0.9866
"karachiBetaKDE",5e-04,10000,"0.05",18,0.752982458946362,0.791238400733955,-0.891033566808804,0.715507596604631,"escaped_inner",0.162377295334988,-0.0733824476931152,-1.15745166876863,0.0081,0.9866
"karachiBetaKDE",5e-04,10000,"0.05",18,0.725790234162741,0.767209684361304,-0.891033566808804,0.715507596604631,"escaped_inner",0.162377295334988,-0.0733824476931152,-1.15745166876863,0.0081,0.9866
"karachiBetaKDE",5e-04,10000,"0.05",18,0.69606561161469,0.572263408092727,-0.891033566808804,0.715507596604631,"covered",0.162377295334988,-0.0733824476931152,-1.15745166876863,0.0081,0.9866
"karachiBetaKDE",5e-04,10000,"0.05",18,0.663699698655259,0.472074218976307,-0.891033566808804,0.715507596604631,"covered",0.162377295334988,-0.0733824476931152,-1.15745166876863,0.0081,0.9866
"karachiBetaKDE",5e-04,10000,"0.05",18,0.629093271635229,0.407729516771311,-0.891033566808804,0.715507596604631,"covered",0.162377295334988,-0.0733824476931152,-1.15745166876863,0.0081,0.9866
"karachiBetaKDE",5e-04,10000,"0.05",18,0.592868808043879,0.222496347658531,-0.891033566808804,0.715507596604631,"covered",0.162377295334988,-0.0733824476931152,-1.15745166876863,0.0081,0.9866
"karachiBetaKDE",5e-04,10000,"0.05",18,0.555319981977444,0.0691937272337676,-0.891033566808804,0.715507596604631,"covered",0.162377295334988,-0.0733824476931152,-1.15745166876863,0.0081,0.9866
"karachiBetaKDE",5e-04,10000,"0.05",18,0.51647843189623,-0.00601660805651509,-0.891033566808804,0.715507596604631,"covered",0.162377295334988,-0.0733824476931152,-1.15745166876863,0.0081,0.9866
"karachiBetaKDE",5e-04,10000,"0.05",18,0.476735140026402,-0.0107310061396208,-0.891033566808804,0.715507596604631,"covered",0.162377295334988,-0.0733824476931152,-1.15745166876863,0.0081,0.9866
"karachiBetaKDE",5e-04,10000,"0.05",18,0.436928695095447,-0.072966928913224,-0.891033566808804,0.715507596604631,"covered",0.162377295334988,-0.0733824476931152,-1.15745166876863,0.0081,0.9866
"karachiBetaKDE",5e-04,10000,"0.05",18,0.397723723245424,-0.118317427377441,-0.891033566808804,0.715507596604631,"covered",0.162377295334988,-0.0733824476931152,-1.15745166876863,0.0081,0.9866
"karachiBetaKDE",5e-04,10000,"0.05",18,0.359240914828636,-0.25932966514983,-0.891033566808804,0.715507596604631,"covered",0.162377295334988,-0.0733824476931152,-1.15745166876863,0.0081,0.9866
"karachiBetaKDE",5e-04,10000,"0.05",18,0.321562845842307,-0.372698002564231,-0.891033566808804,0.715507596604631,"covered",0.162377295334988,-0.0733824476931152,-1.15745166876863,0.0081,0.9866
"karachiBetaKDE",5e-04,10000,"0.05",18,0.285197981475766,-0.397054471501818,-0.891033566808804,0.715507596604631,"covered",0.162377295334988,-0.0733824476931152,-1.15745166876863,0.0081,0.9866
"karachiBetaKDE",5e-04,10000,"0.05",18,0.250836215776904,-0.436067083799363,-0.891033566808804,0.715507596604631,"covered",0.162377295334988,-0.0733824476931152,-1.15745166876863,0.0081,0.9866
"karachiBetaKDE",5e-04,10000,"0.05",18,0.219082914662495,-0.399937291344099,-0.891033566808804,0.715507596604631,"covered",0.162377295334988,-0.0733824476931152,-1.15745166876863,0.0081,0.9866
"karachiBetaKDE",5e-04,10000,"0.05",18,0.190309773296301,-0.22013830305738,-0.891033566808804,0.715507596604631,"covered",0.162377295334988,-0.0733824476931152,-1.15745166876863,0.0081,0.9866
"karachiBetaKDE",5e-04,10000,"0.05",18,0.164610609577326,-0.114432181265896,-0.891033566808804,0.715507596604631,"covered",0.162377295334988,-0.0733824476931152,-1.15745166876863,0.0081,0.9866
"karachiBetaKDE",5e-04,10000,"0.05",18,0.141983640287116,-0.109130869878145,-0.891033566808804,0.715507596604631,"covered",0.162377295334988,-0.0733824476931152,-1.15745166876863,0.0081,0.9866
"karachiBetaKDE",5e-04,10000,"0.05",18,0.122267432828818,-0.108010159100739,-0.891033566808804,0.715507596604631,"covered",0.162377295334988,-0.0733824476931152,-1.15745166876863,0.0081,0.9866
"karachiBetaKDE",5e-04,10000,"0.05",18,0.104618038263181,-0.197222511273966,-0.891033566808804,0.715507596604631,"covered",0.162377295334988,-0.0733824476931152,-1.15745166876863,0.0081,0.9866
"karachiBetaKDE",5e-04,10000,"0.05",18,0.0886383514543017,-0.0469268795601738,-0.891033566808804,0.715507596604631,"covered",0.162377295334988,-0.0733824476931152,-1.15745166876863,0.0081,0.9866
"karachiBetaKDE",5e-04,10000,"0.05",18,0.0748475445763621,-0.0227976052773319,-0.891033566808804,0.715507596604631,"covered",0.162377295334988,-0.0733824476931152,-1.15745166876863,0.0081,0.9866
"karachiBetaKDE",5e-04,10000,"0.05",18,0.06353753376898,0.0854829677778657,-0.891033566808804,0.715507596604631,"covered",0.162377295334988,-0.0733824476931152,-1.15745166876863,0.0081,0.9866
"karachiBetaKDE",5e-04,10000,"0.05",18,0.0542627209029139,0.125275742213392,-0.891033566808804,0.715507596604631,"covered",0.162377295334988,-0.0733824476931152,-1.15745166876863,0.0081,0.9866
"karachiBetaKDE",5e-04,10000,"0.05",18,0.0464829494966246,0.347923394883152,-0.891033566808804,0.715507596604631,"covered",0.162377295334988,-0.0733824476931152,-1.15745166876863,0.0081,0.9866
"karachiBetaKDE",5e-04,10000,"0.05",18,0.0399020505287196,0.610707474868335,-0.891033566808804,0.715507596604631,"covered",0.162377295334988,-0.0733824476931152,-1.15745166876863,0.0081,0.9866
"karachiBetaKDE",5e-04,10000,"0.05",18,0.0342638781639597,0.853751389988775,-0.891033566808804,0.715507596604631,"escaped_inner",0.162377295334988,-0.0733824476931152,-1.15745166876863,0.0081,0.9866
"karachiBetaKDE",5e-04,10000,"0.05",18,0.029112520606684,1.06546188600836,-0.891033566808804,0.715507596604631,"escaped_inner",0.162377295334988,-0.0733824476931152,-1.15745166876863,0.0081,0.9866
"karachiBetaKDE",5e-04,10000,"0.05",18,0.0239701700290124,1.14611540540299,-0.891033566808804,0.715507596604631,"escaped_inner",0.162377295334988,-0.0733824476931152,-1.15745166876863,0.0081,0.9866
"karachiBetaKDE",5e-04,10000,"0.05",19,0.97891796945672,2.05877587550751,-0.867202457874323,0.684017441252978,"escaped_inner",0.165000402938394,-0.128633807154713,-1.18276491900923,0.0075,0.9532
"karachiBetaKDE",5e-04,10000,"0.05",19,0.977147923248112,2.05766646357182,-0.867202457874323,0.684017441252978,"escaped_inner",0.165000402938394,-0.128633807154713,-1.18276491900923,0.0075,0.9532
"karachiBetaKDE",5e-04,10000,"0.05",19,0.975392157375374,2.0302587944617,-0.867202457874323,0.684017441252978,"escaped_inner",0.165000402938394,-0.128633807154713,-1.18276491900923,0.0075,0.9532
"karachiBetaKDE",5e-04,10000,"0.05",19,0.973728307066674,2.03729267827226,-0.867202457874323,0.684017441252978,"escaped_inner",0.165000402938394,-0.128633807154713,-1.18276491900923,0.0075,0.9532
"karachiBetaKDE",5e-04,10000,"0.05",19,0.972148603393168,1.99863275820728,-0.867202457874323,0.684017441252978,"escaped_inner",0.165000402938394,-0.128633807154713,-1.18276491900923,0.0075,0.9532
"karachiBetaKDE",5e-04,10000,"0.05",19,0.970556154699355,1.9710297453604,-0.867202457874323,0.684017441252978,"escaped_inner",0.165000402938394,-0.128633807154713,-1.18276491900923,0.0075,0.9532
"karachiBetaKDE",5e-04,10000,"0.05",19,0.968823546619977,1.94873323948248,-0.867202457874323,0.684017441252978,"escaped_inner",0.165000402938394,-0.128633807154713,-1.18276491900923,0.0075,0.9532
"karachiBetaKDE",5e-04,10000,"0.05",19,0.966856602335362,1.93504518084535,-0.867202457874323,0.684017441252978,"escaped_inner",0.165000402938394,-0.128633807154713,-1.18276491900923,0.0075,0.9532
"karachiBetaKDE",5e-04,10000,"0.05",19,0.964584553599988,1.89102821988129,-0.867202457874323,0.684017441252978,"escaped_inner",0.165000402938394,-0.128633807154713,-1.18276491900923,0.0075,0.9532
"karachiBetaKDE",5e-04,10000,"0.05",19,0.961904962533908,1.84663851123363,-0.867202457874323,0.684017441252978,"escaped_inner",0.165000402938394,-0.128633807154713,-1.18276491900923,0.0075,0.9532
"karachiBetaKDE",5e-04,10000,"0.05",19,0.958671657270623,1.90400550393313,-0.867202457874323,0.684017441252978,"escaped_inner",0.165000402938394,-0.128633807154713,-1.18276491900923,0.0075,0.9532
"karachiBetaKDE",5e-04,10000,"0.05",19,0.954760748875313,1.86240113988492,-0.867202457874323,0.684017441252978,"escaped_inner",0.165000402938394,-0.128633807154713,-1.18276491900923,0.0075,0.9532
"karachiBetaKDE",5e-04,10000,"0.05",19,0.950123279437843,1.75520865252138,-0.867202457874323,0.684017441252978,"escaped_inner",0.165000402938394,-0.128633807154713,-1.18276491900923,0.0075,0.9532
"karachiBetaKDE",5e-04,10000,"0.05",19,0.944774242698295,1.68454221677613,-0.867202457874323,0.684017441252978,"escaped_inner",0.165000402938394,-0.128633807154713,-1.18276491900923,0.0075,0.9532
"karachiBetaKDE",5e-04,10000,"0.05",19,0.938744520641643,1.58757320826918,-0.867202457874323,0.684017441252978,"escaped_inner",0.165000402938394,-0.128633807154713,-1.18276491900923,0.0075,0.9532
"karachiBetaKDE",5e-04,10000,"0.05",19,0.932033249415245,1.49538461957521,-0.867202457874323,0.684017441252978,"escaped_inner",0.165000402938394,-0.128633807154713,-1.18276491900923,0.0075,0.9532
"karachiBetaKDE",5e-04,10000,"0.05",19,0.924586215878857,1.40069535914412,-0.867202457874323,0.684017441252978,"escaped_inner",0.165000402938394,-0.128633807154713,-1.18276491900923,0.0075,0.9532
"karachiBetaKDE",5e-04,10000,"0.05",19,0.916299600528128,1.27630662961742,-0.867202457874323,0.684017441252978,"escaped_inner",0.165000402938394,-0.128633807154713,-1.18276491900923,0.0075,0.9532
"karachiBetaKDE",5e-04,10000,"0.05",19,0.907026985009363,1.15631593531883,-0.867202457874323,0.684017441252978,"escaped_inner",0.165000402938394,-0.128633807154713,-1.18276491900923,0.0075,0.9532
"karachiBetaKDE",5e-04,10000,"0.05",19,0.896586843613339,1.10733584423388,-0.867202457874323,0.684017441252978,"escaped_inner",0.165000402938394,-0.128633807154713,-1.18276491900923,0.0075,0.9532
"karachiBetaKDE",5e-04,10000,"0.05",19,0.884771092114384,1.04856632604776,-0.867202457874323,0.684017441252978,"escaped_inner",0.165000402938394,-0.128633807154713,-1.18276491900923,0.0075,0.9532
"karachiBetaKDE",5e-04,10000,"0.05",19,0.87139537236811,1.05916749440514,-0.867202457874323,0.684017441252978,"escaped_inner",0.165000402938394,-0.128633807154713,-1.18276491900923,0.0075,0.9532
"karachiBetaKDE",5e-04,10000,"0.05",19,0.856354046676824,1.00730622153062,-0.867202457874323,0.684017441252978,"escaped_inner",0.165000402938394,-0.128633807154713,-1.18276491900923,0.0075,0.9532
"karachiBetaKDE",5e-04,10000,"0.05",19,0.839610207739494,0.964594496869372,-0.867202457874323,0.684017441252978,"escaped_inner",0.165000402938394,-0.128633807154713,-1.18276491900923,0.0075,0.9532
"karachiBetaKDE",5e-04,10000,"0.05",19,0.821080728047109,0.889652855776449,-0.867202457874323,0.684017441252978,"escaped_inner",0.165000402938394,-0.128633807154713,-1.18276491900923,0.0075,0.9532
"karachiBetaKDE",5e-04,10000,"0.05",19,0.800567701187619,0.867984868716387,-0.867202457874323,0.684017441252978,"escaped_inner",0.165000402938394,-0.128633807154713,-1.18276491900923,0.0075,0.9532
"karachiBetaKDE",5e-04,10000,"0.05",19,0.777885607549507,0.722969293022979,-0.867202457874323,0.684017441252978,"escaped_inner",0.165000402938394,-0.128633807154713,-1.18276491900923,0.0075,0.9532
"karachiBetaKDE",5e-04,10000,"0.05",19,0.752982458946362,0.688915708586758,-0.867202457874323,0.684017441252978,"escaped_inner",0.165000402938394,-0.128633807154713,-1.18276491900923,0.0075,0.9532
"karachiBetaKDE",5e-04,10000,"0.05",19,0.725790234162741,0.472366585654156,-0.867202457874323,0.684017441252978,"covered",0.165000402938394,-0.128633807154713,-1.18276491900923,0.0075,0.9532
"karachiBetaKDE",5e-04,10000,"0.05",19,0.69606561161469,0.438296561031472,-0.867202457874323,0.684017441252978,"covered",0.165000402938394,-0.128633807154713,-1.18276491900923,0.0075,0.9532
"karachiBetaKDE",5e-04,10000,"0.05",19,0.663699698655259,0.389801219965653,-0.867202457874323,0.684017441252978,"covered",0.165000402938394,-0.128633807154713,-1.18276491900923,0.0075,0.9532
"karachiBetaKDE",5e-04,10000,"0.05",19,0.629093271635229,0.353321572225198,-0.867202457874323,0.684017441252978,"covered",0.165000402938394,-0.128633807154713,-1.18276491900923,0.0075,0.9532
"karachiBetaKDE",5e-04,10000,"0.05",19,0.592868808043879,0.32401826910782,-0.867202457874323,0.684017441252978,"covered",0.165000402938394,-0.128633807154713,-1.18276491900923,0.0075,0.9532
"karachiBetaKDE",5e-04,10000,"0.05",19,0.555319981977444,0.247297463371195,-0.867202457874323,0.684017441252978,"covered",0.165000402938394,-0.128633807154713,-1.18276491900923,0.0075,0.9532
"karachiBetaKDE",5e-04,10000,"0.05",19,0.51647843189623,0.19218901773513,-0.867202457874323,0.684017441252978,"covered",0.165000402938394,-0.128633807154713,-1.18276491900923,0.0075,0.9532
"karachiBetaKDE",5e-04,10000,"0.05",19,0.476735140026402,0.236973501654918,-0.867202457874323,0.684017441252978,"covered",0.165000402938394,-0.128633807154713,-1.18276491900923,0.0075,0.9532
"karachiBetaKDE",5e-04,10000,"0.05",19,0.436928695095447,0.159350775829744,-0.867202457874323,0.684017441252978,"covered",0.165000402938394,-0.128633807154713,-1.18276491900923,0.0075,0.9532
"karachiBetaKDE",5e-04,10000,"0.05",19,0.397723723245424,0.146545594358907,-0.867202457874323,0.684017441252978,"covered",0.165000402938394,-0.128633807154713,-1.18276491900923,0.0075,0.9532
"karachiBetaKDE",5e-04,10000,"0.05",19,0.359240914828636,0.20501576506103,-0.867202457874323,0.684017441252978,"covered",0.165000402938394,-0.128633807154713,-1.18276491900923,0.0075,0.9532
"karachiBetaKDE",5e-04,10000,"0.05",19,0.321562845842307,0.0403419305754821,-0.867202457874323,0.684017441252978,"covered",0.165000402938394,-0.128633807154713,-1.18276491900923,0.0075,0.9532
"karachiBetaKDE",5e-04,10000,"0.05",19,0.285197981475766,-0.076696343444583,-0.867202457874323,0.684017441252978,"covered",0.165000402938394,-0.128633807154713,-1.18276491900923,0.0075,0.9532
"karachiBetaKDE",5e-04,10000,"0.05",19,0.250836215776904,-0.133041645432928,-0.867202457874323,0.684017441252978,"covered",0.165000402938394,-0.128633807154713,-1.18276491900923,0.0075,0.9532
"karachiBetaKDE",5e-04,10000,"0.05",19,0.219082914662495,-0.144163005427532,-0.867202457874323,0.684017441252978,"covered",0.165000402938394,-0.128633807154713,-1.18276491900923,0.0075,0.9532
"karachiBetaKDE",5e-04,10000,"0.05",19,0.190309773296301,-0.0874340074614469,-0.867202457874323,0.684017441252978,"covered",0.165000402938394,-0.128633807154713,-1.18276491900923,0.0075,0.9532
"karachiBetaKDE",5e-04,10000,"0.05",19,0.164610609577326,-0.0129687809473329,-0.867202457874323,0.684017441252978,"covered",0.165000402938394,-0.128633807154713,-1.18276491900923,0.0075,0.9532
"karachiBetaKDE",5e-04,10000,"0.05",19,0.141983640287116,0.074686558652065,-0.867202457874323,0.684017441252978,"covered",0.165000402938394,-0.128633807154713,-1.18276491900923,0.0075,0.9532
"karachiBetaKDE",5e-04,10000,"0.05",19,0.122267432828818,0.0203450457895576,-0.867202457874323,0.684017441252978,"covered",0.165000402938394,-0.128633807154713,-1.18276491900923,0.0075,0.9532
"karachiBetaKDE",5e-04,10000,"0.05",19,0.104618038263181,0.0222673140068737,-0.867202457874323,0.684017441252978,"covered",0.165000402938394,-0.128633807154713,-1.18276491900923,0.0075,0.9532
"karachiBetaKDE",5e-04,10000,"0.05",19,0.0886383514543017,-0.0266743960628371,-0.867202457874323,0.684017441252978,"covered",0.165000402938394,-0.128633807154713,-1.18276491900923,0.0075,0.9532
"karachiBetaKDE",5e-04,10000,"0.05",19,0.0748475445763621,0.155112495189089,-0.867202457874323,0.684017441252978,"covered",0.165000402938394,-0.128633807154713,-1.18276491900923,0.0075,0.9532
"karachiBetaKDE",5e-04,10000,"0.05",19,0.06353753376898,0.230328452594212,-0.867202457874323,0.684017441252978,"covered",0.165000402938394,-0.128633807154713,-1.18276491900923,0.0075,0.9532
"karachiBetaKDE",5e-04,10000,"0.05",19,0.0542627209029139,0.272616716138407,-0.867202457874323,0.684017441252978,"covered",0.165000402938394,-0.128633807154713,-1.18276491900923,0.0075,0.9532
"karachiBetaKDE",5e-04,10000,"0.05",19,0.0464829494966246,0.400686465264657,-0.867202457874323,0.684017441252978,"covered",0.165000402938394,-0.128633807154713,-1.18276491900923,0.0075,0.9532
"karachiBetaKDE",5e-04,10000,"0.05",19,0.0399020505287196,0.605723794777745,-0.867202457874323,0.684017441252978,"covered",0.165000402938394,-0.128633807154713,-1.18276491900923,0.0075,0.9532
"karachiBetaKDE",5e-04,10000,"0.05",19,0.0342638781639597,0.817181503710563,-0.867202457874323,0.684017441252978,"escaped_inner",0.165000402938394,-0.128633807154713,-1.18276491900923,0.0075,0.9532
"karachiBetaKDE",5e-04,10000,"0.05",19,0.029112520606684,1.00537720723016,-0.867202457874323,0.684017441252978,"escaped_inner",0.165000402938394,-0.128633807154713,-1.18276491900923,0.0075,0.9532
"karachiBetaKDE",5e-04,10000,"0.05",19,0.0239701700290124,1.09924393770958,-0.867202457874323,0.684017441252978,"escaped_inner",0.165000402938394,-0.128633807154713,-1.18276491900923,0.0075,0.9532
"karachiBetaKDE",5e-04,10000,"0.05",20,0.97891796945672,2.04836532950303,-0.906029838810093,0.722945536611899,"escaped_inner",0.164070456073193,-0.346497937143395,-0.808046510094882,0.0025,0.7168
"karachiBetaKDE",5e-04,10000,"0.05",20,0.977147923248112,2.03738859711514,-0.906029838810093,0.722945536611899,"escaped_inner",0.164070456073193,-0.346497937143395,-0.808046510094882,0.0025,0.7168
"karachiBetaKDE",5e-04,10000,"0.05",20,0.975392157375374,2.02790989294865,-0.906029838810093,0.722945536611899,"escaped_inner",0.164070456073193,-0.346497937143395,-0.808046510094882,0.0025,0.7168
"karachiBetaKDE",5e-04,10000,"0.05",20,0.973728307066674,2.02789135232537,-0.906029838810093,0.722945536611899,"escaped_inner",0.164070456073193,-0.346497937143395,-0.808046510094882,0.0025,0.7168
"karachiBetaKDE",5e-04,10000,"0.05",20,0.972148603393168,2.00798017457984,-0.906029838810093,0.722945536611899,"escaped_inner",0.164070456073193,-0.346497937143395,-0.808046510094882,0.0025,0.7168
"karachiBetaKDE",5e-04,10000,"0.05",20,0.970556154699355,1.97534419324268,-0.906029838810093,0.722945536611899,"escaped_inner",0.164070456073193,-0.346497937143395,-0.808046510094882,0.0025,0.7168
"karachiBetaKDE",5e-04,10000,"0.05",20,0.968823546619977,1.94593910164659,-0.906029838810093,0.722945536611899,"escaped_inner",0.164070456073193,-0.346497937143395,-0.808046510094882,0.0025,0.7168
"karachiBetaKDE",5e-04,10000,"0.05",20,0.966856602335362,1.93133569120271,-0.906029838810093,0.722945536611899,"escaped_inner",0.164070456073193,-0.346497937143395,-0.808046510094882,0.0025,0.7168
"karachiBetaKDE",5e-04,10000,"0.05",20,0.964584553599988,1.92002065871075,-0.906029838810093,0.722945536611899,"escaped_inner",0.164070456073193,-0.346497937143395,-0.808046510094882,0.0025,0.7168
"karachiBetaKDE",5e-04,10000,"0.05",20,0.961904962533908,1.86289697445194,-0.906029838810093,0.722945536611899,"escaped_inner",0.164070456073193,-0.346497937143395,-0.808046510094882,0.0025,0.7168
"karachiBetaKDE",5e-04,10000,"0.05",20,0.958671657270623,1.8030037243356,-0.906029838810093,0.722945536611899,"escaped_inner",0.164070456073193,-0.346497937143395,-0.808046510094882,0.0025,0.7168
"karachiBetaKDE",5e-04,10000,"0.05",20,0.954760748875313,1.75324664428315,-0.906029838810093,0.722945536611899,"escaped_inner",0.164070456073193,-0.346497937143395,-0.808046510094882,0.0025,0.7168
"karachiBetaKDE",5e-04,10000,"0.05",20,0.950123279437843,1.72111122165184,-0.906029838810093,0.722945536611899,"escaped_inner",0.164070456073193,-0.346497937143395,-0.808046510094882,0.0025,0.7168
"karachiBetaKDE",5e-04,10000,"0.05",20,0.944774242698295,1.60402493337351,-0.906029838810093,0.722945536611899,"escaped_inner",0.164070456073193,-0.346497937143395,-0.808046510094882,0.0025,0.7168
"karachiBetaKDE",5e-04,10000,"0.05",20,0.938744520641643,1.50493619267709,-0.906029838810093,0.722945536611899,"escaped_inner",0.164070456073193,-0.346497937143395,-0.808046510094882,0.0025,0.7168
"karachiBetaKDE",5e-04,10000,"0.05",20,0.932033249415245,1.38452526047491,-0.906029838810093,0.722945536611899,"escaped_inner",0.164070456073193,-0.346497937143395,-0.808046510094882,0.0025,0.7168
"karachiBetaKDE",5e-04,10000,"0.05",20,0.924586215878857,1.25574663852605,-0.906029838810093,0.722945536611899,"escaped_inner",0.164070456073193,-0.346497937143395,-0.808046510094882,0.0025,0.7168
"karachiBetaKDE",5e-04,10000,"0.05",20,0.916299600528128,1.11906386891611,-0.906029838810093,0.722945536611899,"escaped_inner",0.164070456073193,-0.346497937143395,-0.808046510094882,0.0025,0.7168
"karachiBetaKDE",5e-04,10000,"0.05",20,0.907026985009363,1.02407002008784,-0.906029838810093,0.722945536611899,"escaped_inner",0.164070456073193,-0.346497937143395,-0.808046510094882,0.0025,0.7168
"karachiBetaKDE",5e-04,10000,"0.05",20,0.896586843613339,0.923899966720785,-0.906029838810093,0.722945536611899,"escaped_inner",0.164070456073193,-0.346497937143395,-0.808046510094882,0.0025,0.7168
"karachiBetaKDE",5e-04,10000,"0.05",20,0.884771092114384,0.875075711947544,-0.906029838810093,0.722945536611899,"escaped_inner",0.164070456073193,-0.346497937143395,-0.808046510094882,0.0025,0.7168
"karachiBetaKDE",5e-04,10000,"0.05",20,0.87139537236811,0.827624158075433,-0.906029838810093,0.722945536611899,"escaped_inner",0.164070456073193,-0.346497937143395,-0.808046510094882,0.0025,0.7168
"karachiBetaKDE",5e-04,10000,"0.05",20,0.856354046676824,0.790235633100218,-0.906029838810093,0.722945536611899,"escaped_inner",0.164070456073193,-0.346497937143395,-0.808046510094882,0.0025,0.7168
"karachiBetaKDE",5e-04,10000,"0.05",20,0.839610207739494,0.711090316278263,-0.906029838810093,0.722945536611899,"covered",0.164070456073193,-0.346497937143395,-0.808046510094882,0.0025,0.7168
"karachiBetaKDE",5e-04,10000,"0.05",20,0.821080728047109,0.661416508104727,-0.906029838810093,0.722945536611899,"covered",0.164070456073193,-0.346497937143395,-0.808046510094882,0.0025,0.7168
"karachiBetaKDE",5e-04,10000,"0.05",20,0.800567701187619,0.780315355056144,-0.906029838810093,0.722945536611899,"escaped_inner",0.164070456073193,-0.346497937143395,-0.808046510094882,0.0025,0.7168
"karachiBetaKDE",5e-04,10000,"0.05",20,0.777885607549507,0.696476067006988,-0.906029838810093,0.722945536611899,"covered",0.164070456073193,-0.346497937143395,-0.808046510094882,0.0025,0.7168
"karachiBetaKDE",5e-04,10000,"0.05",20,0.752982458946362,0.626533196968548,-0.906029838810093,0.722945536611899,"covered",0.164070456073193,-0.346497937143395,-0.808046510094882,0.0025,0.7168
"karachiBetaKDE",5e-04,10000,"0.05",20,0.725790234162741,0.584852011038902,-0.906029838810093,0.722945536611899,"covered",0.164070456073193,-0.346497937143395,-0.808046510094882,0.0025,0.7168
"karachiBetaKDE",5e-04,10000,"0.05",20,0.69606561161469,0.614560782431538,-0.906029838810093,0.722945536611899,"covered",0.164070456073193,-0.346497937143395,-0.808046510094882,0.0025,0.7168
"karachiBetaKDE",5e-04,10000,"0.05",20,0.663699698655259,0.45580079668201,-0.906029838810093,0.722945536611899,"covered",0.164070456073193,-0.346497937143395,-0.808046510094882,0.0025,0.7168
"karachiBetaKDE",5e-04,10000,"0.05",20,0.629093271635229,0.504915125669085,-0.906029838810093,0.722945536611899,"covered",0.164070456073193,-0.346497937143395,-0.808046510094882,0.0025,0.7168
"karachiBetaKDE",5e-04,10000,"0.05",20,0.592868808043879,0.353836010728062,-0.906029838810093,0.722945536611899,"covered",0.164070456073193,-0.346497937143395,-0.808046510094882,0.0025,0.7168
"karachiBetaKDE",5e-04,10000,"0.05",20,0.555319981977444,0.278084654659721,-0.906029838810093,0.722945536611899,"covered",0.164070456073193,-0.346497937143395,-0.808046510094882,0.0025,0.7168
"karachiBetaKDE",5e-04,10000,"0.05",20,0.51647843189623,0.113022116706236,-0.906029838810093,0.722945536611899,"covered",0.164070456073193,-0.346497937143395,-0.808046510094882,0.0025,0.7168
"karachiBetaKDE",5e-04,10000,"0.05",20,0.476735140026402,0.0895642828309643,-0.906029838810093,0.722945536611899,"covered",0.164070456073193,-0.346497937143395,-0.808046510094882,0.0025,0.7168
"karachiBetaKDE",5e-04,10000,"0.05",20,0.436928695095447,0.155314006817943,-0.906029838810093,0.722945536611899,"covered",0.164070456073193,-0.346497937143395,-0.808046510094882,0.0025,0.7168
"karachiBetaKDE",5e-04,10000,"0.05",20,0.397723723245424,0.164863893065917,-0.906029838810093,0.722945536611899,"covered",0.164070456073193,-0.346497937143395,-0.808046510094882,0.0025,0.7168
"karachiBetaKDE",5e-04,10000,"0.05",20,0.359240914828636,-0.0314884076537911,-0.906029838810093,0.722945536611899,"covered",0.164070456073193,-0.346497937143395,-0.808046510094882,0.0025,0.7168
"karachiBetaKDE",5e-04,10000,"0.05",20,0.321562845842307,-0.0552491034494163,-0.906029838810093,0.722945536611899,"covered",0.164070456073193,-0.346497937143395,-0.808046510094882,0.0025,0.7168
"karachiBetaKDE",5e-04,10000,"0.05",20,0.285197981475766,-0.0713916723459215,-0.906029838810093,0.722945536611899,"covered",0.164070456073193,-0.346497937143395,-0.808046510094882,0.0025,0.7168
"karachiBetaKDE",5e-04,10000,"0.05",20,0.250836215776904,0.0773935477684196,-0.906029838810093,0.722945536611899,"covered",0.164070456073193,-0.346497937143395,-0.808046510094882,0.0025,0.7168
"karachiBetaKDE",5e-04,10000,"0.05",20,0.219082914662495,-0.0521349068982182,-0.906029838810093,0.722945536611899,"covered",0.164070456073193,-0.346497937143395,-0.808046510094882,0.0025,0.7168
"karachiBetaKDE",5e-04,10000,"0.05",20,0.190309773296301,0.0745375692603946,-0.906029838810093,0.722945536611899,"covered",0.164070456073193,-0.346497937143395,-0.808046510094882,0.0025,0.7168
"karachiBetaKDE",5e-04,10000,"0.05",20,0.164610609577326,0.127146314044544,-0.906029838810093,0.722945536611899,"covered",0.164070456073193,-0.346497937143395,-0.808046510094882,0.0025,0.7168
"karachiBetaKDE",5e-04,10000,"0.05",20,0.141983640287116,0.0707300013612767,-0.906029838810093,0.722945536611899,"covered",0.164070456073193,-0.346497937143395,-0.808046510094882,0.0025,0.7168
"karachiBetaKDE",5e-04,10000,"0.05",20,0.122267432828818,-0.00987934657588808,-0.906029838810093,0.722945536611899,"covered",0.164070456073193,-0.346497937143395,-0.808046510094882,0.0025,0.7168
"karachiBetaKDE",5e-04,10000,"0.05",20,0.104618038263181,-0.115130074825406,-0.906029838810093,0.722945536611899,"covered",0.164070456073193,-0.346497937143395,-0.808046510094882,0.0025,0.7168
"karachiBetaKDE",5e-04,10000,"0.05",20,0.0886383514543017,-0.0484288028095536,-0.906029838810093,0.722945536611899,"covered",0.164070456073193,-0.346497937143395,-0.808046510094882,0.0025,0.7168
"karachiBetaKDE",5e-04,10000,"0.05",20,0.0748475445763621,-0.0934760009472247,-0.906029838810093,0.722945536611899,"covered",0.164070456073193,-0.346497937143395,-0.808046510094882,0.0025,0.7168
"karachiBetaKDE",5e-04,10000,"0.05",20,0.06353753376898,0.0801018240737374,-0.906029838810093,0.722945536611899,"covered",0.164070456073193,-0.346497937143395,-0.808046510094882,0.0025,0.7168
"karachiBetaKDE",5e-04,10000,"0.05",20,0.0542627209029139,0.291871128703986,-0.906029838810093,0.722945536611899,"covered",0.164070456073193,-0.346497937143395,-0.808046510094882,0.0025,0.7168
"karachiBetaKDE",5e-04,10000,"0.05",20,0.0464829494966246,0.485426166562706,-0.906029838810093,0.722945536611899,"covered",0.164070456073193,-0.346497937143395,-0.808046510094882,0.0025,0.7168
"karachiBetaKDE",5e-04,10000,"0.05",20,0.0399020505287196,0.687999291434676,-0.906029838810093,0.722945536611899,"covered",0.164070456073193,-0.346497937143395,-0.808046510094882,0.0025,0.7168
"karachiBetaKDE",5e-04,10000,"0.05",20,0.0342638781639597,0.911972829078089,-0.906029838810093,0.722945536611899,"escaped_inner",0.164070456073193,-0.346497937143395,-0.808046510094882,0.0025,0.7168
"karachiBetaKDE",5e-04,10000,"0.05",20,0.029112520606684,1.03360483174274,-0.906029838810093,0.722945536611899,"escaped_inner",0.164070456073193,-0.346497937143395,-0.808046510094882,0.0025,0.7168
"karachiBetaKDE",5e-04,10000,"0.05",20,0.0239701700290124,1.12453266935133,-0.906029838810093,0.722945536611899,"escaped_inner",0.164070456073193,-0.346497937143395,-0.808046510094882,0.0025,0.7168
"karachiBetaKDE",5e-04,10000,"0.05",21,0.97891796945672,1.91727120054893,-0.881708784560385,0.712034424930245,"escaped_inner",0.14456887875933,-0.0620566526146851,-1.11457519352391,0.0095,0.9828
"karachiBetaKDE",5e-04,10000,"0.05",21,0.977147923248112,1.91969183680477,-0.881708784560385,0.712034424930245,"escaped_inner",0.14456887875933,-0.0620566526146851,-1.11457519352391,0.0095,0.9828
"karachiBetaKDE",5e-04,10000,"0.05",21,0.975392157375374,1.88855417080658,-0.881708784560385,0.712034424930245,"escaped_inner",0.14456887875933,-0.0620566526146851,-1.11457519352391,0.0095,0.9828
"karachiBetaKDE",5e-04,10000,"0.05",21,0.973728307066674,1.87250578790589,-0.881708784560385,0.712034424930245,"escaped_inner",0.14456887875933,-0.0620566526146851,-1.11457519352391,0.0095,0.9828
"karachiBetaKDE",5e-04,10000,"0.05",21,0.972148603393168,1.84642952927351,-0.881708784560385,0.712034424930245,"escaped_inner",0.14456887875933,-0.0620566526146851,-1.11457519352391,0.0095,0.9828
"karachiBetaKDE",5e-04,10000,"0.05",21,0.970556154699355,1.84244490309801,-0.881708784560385,0.712034424930245,"escaped_inner",0.14456887875933,-0.0620566526146851,-1.11457519352391,0.0095,0.9828
"karachiBetaKDE",5e-04,10000,"0.05",21,0.968823546619977,1.8026599231875,-0.881708784560385,0.712034424930245,"escaped_inner",0.14456887875933,-0.0620566526146851,-1.11457519352391,0.0095,0.9828
"karachiBetaKDE",5e-04,10000,"0.05",21,0.966856602335362,1.72476742194533,-0.881708784560385,0.712034424930245,"escaped_inner",0.14456887875933,-0.0620566526146851,-1.11457519352391,0.0095,0.9828
"karachiBetaKDE",5e-04,10000,"0.05",21,0.964584553599988,1.67558613756987,-0.881708784560385,0.712034424930245,"escaped_inner",0.14456887875933,-0.0620566526146851,-1.11457519352391,0.0095,0.9828
"karachiBetaKDE",5e-04,10000,"0.05",21,0.961904962533908,1.62747219842556,-0.881708784560385,0.712034424930245,"escaped_inner",0.14456887875933,-0.0620566526146851,-1.11457519352391,0.0095,0.9828
"karachiBetaKDE",5e-04,10000,"0.05",21,0.958671657270623,1.62870999627704,-0.881708784560385,0.712034424930245,"escaped_inner",0.14456887875933,-0.0620566526146851,-1.11457519352391,0.0095,0.9828
"karachiBetaKDE",5e-04,10000,"0.05",21,0.954760748875313,1.5323155102493,-0.881708784560385,0.712034424930245,"escaped_inner",0.14456887875933,-0.0620566526146851,-1.11457519352391,0.0095,0.9828
"karachiBetaKDE",5e-04,10000,"0.05",21,0.950123279437843,1.48142119802454,-0.881708784560385,0.712034424930245,"escaped_inner",0.14456887875933,-0.0620566526146851,-1.11457519352391,0.0095,0.9828
"karachiBetaKDE",5e-04,10000,"0.05",21,0.944774242698295,1.35701597520851,-0.881708784560385,0.712034424930245,"escaped_inner",0.14456887875933,-0.0620566526146851,-1.11457519352391,0.0095,0.9828
"karachiBetaKDE",5e-04,10000,"0.05",21,0.938744520641643,1.26981837430684,-0.881708784560385,0.712034424930245,"escaped_inner",0.14456887875933,-0.0620566526146851,-1.11457519352391,0.0095,0.9828
"karachiBetaKDE",5e-04,10000,"0.05",21,0.932033249415245,1.14175158590651,-0.881708784560385,0.712034424930245,"escaped_inner",0.14456887875933,-0.0620566526146851,-1.11457519352391,0.0095,0.9828
"karachiBetaKDE",5e-04,10000,"0.05",21,0.924586215878857,1.02585188080477,-0.881708784560385,0.712034424930245,"escaped_inner",0.14456887875933,-0.0620566526146851,-1.11457519352391,0.0095,0.9828
"karachiBetaKDE",5e-04,10000,"0.05",21,0.916299600528128,0.962998247463443,-0.881708784560385,0.712034424930245,"escaped_inner",0.14456887875933,-0.0620566526146851,-1.11457519352391,0.0095,0.9828
"karachiBetaKDE",5e-04,10000,"0.05",21,0.907026985009363,0.897852416763862,-0.881708784560385,0.712034424930245,"escaped_inner",0.14456887875933,-0.0620566526146851,-1.11457519352391,0.0095,0.9828
"karachiBetaKDE",5e-04,10000,"0.05",21,0.896586843613339,0.833443510815753,-0.881708784560385,0.712034424930245,"escaped_inner",0.14456887875933,-0.0620566526146851,-1.11457519352391,0.0095,0.9828
"karachiBetaKDE",5e-04,10000,"0.05",21,0.884771092114384,0.823156292085062,-0.881708784560385,0.712034424930245,"escaped_inner",0.14456887875933,-0.0620566526146851,-1.11457519352391,0.0095,0.9828
"karachiBetaKDE",5e-04,10000,"0.05",21,0.87139537236811,0.77459712805896,-0.881708784560385,0.712034424930245,"escaped_inner",0.14456887875933,-0.0620566526146851,-1.11457519352391,0.0095,0.9828
"karachiBetaKDE",5e-04,10000,"0.05",21,0.856354046676824,0.581003013809004,-0.881708784560385,0.712034424930245,"covered",0.14456887875933,-0.0620566526146851,-1.11457519352391,0.0095,0.9828
"karachiBetaKDE",5e-04,10000,"0.05",21,0.839610207739494,0.493408698237631,-0.881708784560385,0.712034424930245,"covered",0.14456887875933,-0.0620566526146851,-1.11457519352391,0.0095,0.9828
"karachiBetaKDE",5e-04,10000,"0.05",21,0.821080728047109,0.374469858607345,-0.881708784560385,0.712034424930245,"covered",0.14456887875933,-0.0620566526146851,-1.11457519352391,0.0095,0.9828
"karachiBetaKDE",5e-04,10000,"0.05",21,0.800567701187619,0.363853073222209,-0.881708784560385,0.712034424930245,"covered",0.14456887875933,-0.0620566526146851,-1.11457519352391,0.0095,0.9828
"karachiBetaKDE",5e-04,10000,"0.05",21,0.777885607549507,0.288610361439266,-0.881708784560385,0.712034424930245,"covered",0.14456887875933,-0.0620566526146851,-1.11457519352391,0.0095,0.9828
"karachiBetaKDE",5e-04,10000,"0.05",21,0.752982458946362,0.201053598660715,-0.881708784560385,0.712034424930245,"covered",0.14456887875933,-0.0620566526146851,-1.11457519352391,0.0095,0.9828
"karachiBetaKDE",5e-04,10000,"0.05",21,0.725790234162741,0.1437419651877,-0.881708784560385,0.712034424930245,"covered",0.14456887875933,-0.0620566526146851,-1.11457519352391,0.0095,0.9828
"karachiBetaKDE",5e-04,10000,"0.05",21,0.69606561161469,0.0418769794550051,-0.881708784560385,0.712034424930245,"covered",0.14456887875933,-0.0620566526146851,-1.11457519352391,0.0095,0.9828
"karachiBetaKDE",5e-04,10000,"0.05",21,0.663699698655259,-0.013779925813328,-0.881708784560385,0.712034424930245,"covered",0.14456887875933,-0.0620566526146851,-1.11457519352391,0.0095,0.9828
"karachiBetaKDE",5e-04,10000,"0.05",21,0.629093271635229,-0.0385340222046834,-0.881708784560385,0.712034424930245,"covered",0.14456887875933,-0.0620566526146851,-1.11457519352391,0.0095,0.9828
"karachiBetaKDE",5e-04,10000,"0.05",21,0.592868808043879,-0.175640259092388,-0.881708784560385,0.712034424930245,"covered",0.14456887875933,-0.0620566526146851,-1.11457519352391,0.0095,0.9828
"karachiBetaKDE",5e-04,10000,"0.05",21,0.555319981977444,-0.13660416013657,-0.881708784560385,0.712034424930245,"covered",0.14456887875933,-0.0620566526146851,-1.11457519352391,0.0095,0.9828
"karachiBetaKDE",5e-04,10000,"0.05",21,0.51647843189623,-0.223742937580579,-0.881708784560385,0.712034424930245,"covered",0.14456887875933,-0.0620566526146851,-1.11457519352391,0.0095,0.9828
"karachiBetaKDE",5e-04,10000,"0.05",21,0.476735140026402,-0.240033950871229,-0.881708784560385,0.712034424930245,"covered",0.14456887875933,-0.0620566526146851,-1.11457519352391,0.0095,0.9828
"karachiBetaKDE",5e-04,10000,"0.05",21,0.436928695095447,-0.287190024145963,-0.881708784560385,0.712034424930245,"covered",0.14456887875933,-0.0620566526146851,-1.11457519352391,0.0095,0.9828
"karachiBetaKDE",5e-04,10000,"0.05",21,0.397723723245424,-0.430319794153693,-0.881708784560385,0.712034424930245,"covered",0.14456887875933,-0.0620566526146851,-1.11457519352391,0.0095,0.9828
"karachiBetaKDE",5e-04,10000,"0.05",21,0.359240914828636,-0.524482042549402,-0.881708784560385,0.712034424930245,"covered",0.14456887875933,-0.0620566526146851,-1.11457519352391,0.0095,0.9828
"karachiBetaKDE",5e-04,10000,"0.05",21,0.321562845842307,-0.689620733372659,-0.881708784560385,0.712034424930245,"covered",0.14456887875933,-0.0620566526146851,-1.11457519352391,0.0095,0.9828
"karachiBetaKDE",5e-04,10000,"0.05",21,0.285197981475766,-0.59083016567886,-0.881708784560385,0.712034424930245,"covered",0.14456887875933,-0.0620566526146851,-1.11457519352391,0.0095,0.9828
"karachiBetaKDE",5e-04,10000,"0.05",21,0.250836215776904,-0.665441719619931,-0.881708784560385,0.712034424930245,"covered",0.14456887875933,-0.0620566526146851,-1.11457519352391,0.0095,0.9828
"karachiBetaKDE",5e-04,10000,"0.05",21,0.219082914662495,-0.638090969110843,-0.881708784560385,0.712034424930245,"covered",0.14456887875933,-0.0620566526146851,-1.11457519352391,0.0095,0.9828
"karachiBetaKDE",5e-04,10000,"0.05",21,0.190309773296301,-0.517557015167534,-0.881708784560385,0.712034424930245,"covered",0.14456887875933,-0.0620566526146851,-1.11457519352391,0.0095,0.9828
"karachiBetaKDE",5e-04,10000,"0.05",21,0.164610609577326,-0.440902127497422,-0.881708784560385,0.712034424930245,"covered",0.14456887875933,-0.0620566526146851,-1.11457519352391,0.0095,0.9828
"karachiBetaKDE",5e-04,10000,"0.05",21,0.141983640287116,-0.456219446744153,-0.881708784560385,0.712034424930245,"covered",0.14456887875933,-0.0620566526146851,-1.11457519352391,0.0095,0.9828
"karachiBetaKDE",5e-04,10000,"0.05",21,0.122267432828818,-0.552090617394261,-0.881708784560385,0.712034424930245,"covered",0.14456887875933,-0.0620566526146851,-1.11457519352391,0.0095,0.9828
"karachiBetaKDE",5e-04,10000,"0.05",21,0.104618038263181,-0.630228740427323,-0.881708784560385,0.712034424930245,"covered",0.14456887875933,-0.0620566526146851,-1.11457519352391,0.0095,0.9828
"karachiBetaKDE",5e-04,10000,"0.05",21,0.0886383514543017,-0.577173858570313,-0.881708784560385,0.712034424930245,"covered",0.14456887875933,-0.0620566526146851,-1.11457519352391,0.0095,0.9828
"karachiBetaKDE",5e-04,10000,"0.05",21,0.0748475445763621,-0.506273159452242,-0.881708784560385,0.712034424930245,"covered",0.14456887875933,-0.0620566526146851,-1.11457519352391,0.0095,0.9828
"karachiBetaKDE",5e-04,10000,"0.05",21,0.06353753376898,-0.250333764261421,-0.881708784560385,0.712034424930245,"covered",0.14456887875933,-0.0620566526146851,-1.11457519352391,0.0095,0.9828
"karachiBetaKDE",5e-04,10000,"0.05",21,0.0542627209029139,0.0127578458153073,-0.881708784560385,0.712034424930245,"covered",0.14456887875933,-0.0620566526146851,-1.11457519352391,0.0095,0.9828
"karachiBetaKDE",5e-04,10000,"0.05",21,0.0464829494966246,0.217526437495188,-0.881708784560385,0.712034424930245,"covered",0.14456887875933,-0.0620566526146851,-1.11457519352391,0.0095,0.9828
"karachiBetaKDE",5e-04,10000,"0.05",21,0.0399020505287196,0.40526573801834,-0.881708784560385,0.712034424930245,"covered",0.14456887875933,-0.0620566526146851,-1.11457519352391,0.0095,0.9828
"karachiBetaKDE",5e-04,10000,"0.05",21,0.0342638781639597,0.694186732919764,-0.881708784560385,0.712034424930245,"covered",0.14456887875933,-0.0620566526146851,-1.11457519352391,0.0095,0.9828
"karachiBetaKDE",5e-04,10000,"0.05",21,0.029112520606684,0.968031760643003,-0.881708784560385,0.712034424930245,"escaped_inner",0.14456887875933,-0.0620566526146851,-1.11457519352391,0.0095,0.9828
"karachiBetaKDE",5e-04,10000,"0.05",21,0.0239701700290124,1.05309604245068,-0.881708784560385,0.712034424930245,"escaped_inner",0.14456887875933,-0.0620566526146851,-1.11457519352391,0.0095,0.9828
"karachiBetaKDE",5e-04,10000,"0.05",22,0.97891796945672,1.87469696514158,-0.927738350004564,0.729577351428961,"escaped_inner",0.142648838394285,-0.0412673500669587,-1.15584713202719,0.0092,0.9714
"karachiBetaKDE",5e-04,10000,"0.05",22,0.977147923248112,1.86468188061986,-0.927738350004564,0.729577351428961,"escaped_inner",0.142648838394285,-0.0412673500669587,-1.15584713202719,0.0092,0.9714
"karachiBetaKDE",5e-04,10000,"0.05",22,0.975392157375374,1.83852521081432,-0.927738350004564,0.729577351428961,"escaped_inner",0.142648838394285,-0.0412673500669587,-1.15584713202719,0.0092,0.9714
"karachiBetaKDE",5e-04,10000,"0.05",22,0.973728307066674,1.83375322588457,-0.927738350004564,0.729577351428961,"escaped_inner",0.142648838394285,-0.0412673500669587,-1.15584713202719,0.0092,0.9714
"karachiBetaKDE",5e-04,10000,"0.05",22,0.972148603393168,1.81714123601632,-0.927738350004564,0.729577351428961,"escaped_inner",0.142648838394285,-0.0412673500669587,-1.15584713202719,0.0092,0.9714
"karachiBetaKDE",5e-04,10000,"0.05",22,0.970556154699355,1.77947932212561,-0.927738350004564,0.729577351428961,"escaped_inner",0.142648838394285,-0.0412673500669587,-1.15584713202719,0.0092,0.9714
"karachiBetaKDE",5e-04,10000,"0.05",22,0.968823546619977,1.74188499374701,-0.927738350004564,0.729577351428961,"escaped_inner",0.142648838394285,-0.0412673500669587,-1.15584713202719,0.0092,0.9714
"karachiBetaKDE",5e-04,10000,"0.05",22,0.966856602335362,1.70325826064398,-0.927738350004564,0.729577351428961,"escaped_inner",0.142648838394285,-0.0412673500669587,-1.15584713202719,0.0092,0.9714
"karachiBetaKDE",5e-04,10000,"0.05",22,0.964584553599988,1.64423636964567,-0.927738350004564,0.729577351428961,"escaped_inner",0.142648838394285,-0.0412673500669587,-1.15584713202719,0.0092,0.9714
"karachiBetaKDE",5e-04,10000,"0.05",22,0.961904962533908,1.63562400730065,-0.927738350004564,0.729577351428961,"escaped_inner",0.142648838394285,-0.0412673500669587,-1.15584713202719,0.0092,0.9714
"karachiBetaKDE",5e-04,10000,"0.05",22,0.958671657270623,1.55486311825737,-0.927738350004564,0.729577351428961,"escaped_inner",0.142648838394285,-0.0412673500669587,-1.15584713202719,0.0092,0.9714
"karachiBetaKDE",5e-04,10000,"0.05",22,0.954760748875313,1.50785402578249,-0.927738350004564,0.729577351428961,"escaped_inner",0.142648838394285,-0.0412673500669587,-1.15584713202719,0.0092,0.9714
"karachiBetaKDE",5e-04,10000,"0.05",22,0.950123279437843,1.462014505619,-0.927738350004564,0.729577351428961,"escaped_inner",0.142648838394285,-0.0412673500669587,-1.15584713202719,0.0092,0.9714
"karachiBetaKDE",5e-04,10000,"0.05",22,0.944774242698295,1.3409639099768,-0.927738350004564,0.729577351428961,"escaped_inner",0.142648838394285,-0.0412673500669587,-1.15584713202719,0.0092,0.9714
"karachiBetaKDE",5e-04,10000,"0.05",22,0.938744520641643,1.30638469697959,-0.927738350004564,0.729577351428961,"escaped_inner",0.142648838394285,-0.0412673500669587,-1.15584713202719,0.0092,0.9714
"karachiBetaKDE",5e-04,10000,"0.05",22,0.932033249415245,1.1981964933439,-0.927738350004564,0.729577351428961,"escaped_inner",0.142648838394285,-0.0412673500669587,-1.15584713202719,0.0092,0.9714
"karachiBetaKDE",5e-04,10000,"0.05",22,0.924586215878857,1.03006753397982,-0.927738350004564,0.729577351428961,"escaped_inner",0.142648838394285,-0.0412673500669587,-1.15584713202719,0.0092,0.9714
"karachiBetaKDE",5e-04,10000,"0.05",22,0.916299600528128,0.924159631229899,-0.927738350004564,0.729577351428961,"escaped_inner",0.142648838394285,-0.0412673500669587,-1.15584713202719,0.0092,0.9714
"karachiBetaKDE",5e-04,10000,"0.05",22,0.907026985009363,0.882070574466612,-0.927738350004564,0.729577351428961,"escaped_inner",0.142648838394285,-0.0412673500669587,-1.15584713202719,0.0092,0.9714
"karachiBetaKDE",5e-04,10000,"0.05",22,0.896586843613339,0.778833449135309,-0.927738350004564,0.729577351428961,"escaped_inner",0.142648838394285,-0.0412673500669587,-1.15584713202719,0.0092,0.9714
"karachiBetaKDE",5e-04,10000,"0.05",22,0.884771092114384,0.777049735991767,-0.927738350004564,0.729577351428961,"escaped_inner",0.142648838394285,-0.0412673500669587,-1.15584713202719,0.0092,0.9714
"karachiBetaKDE",5e-04,10000,"0.05",22,0.87139537236811,0.561436773106545,-0.927738350004564,0.729577351428961,"covered",0.142648838394285,-0.0412673500669587,-1.15584713202719,0.0092,0.9714
"karachiBetaKDE",5e-04,10000,"0.05",22,0.856354046676824,0.551983965532639,-0.927738350004564,0.729577351428961,"covered",0.142648838394285,-0.0412673500669587,-1.15584713202719,0.0092,0.9714
"karachiBetaKDE",5e-04,10000,"0.05",22,0.839610207739494,0.502769244491346,-0.927738350004564,0.729577351428961,"covered",0.142648838394285,-0.0412673500669587,-1.15584713202719,0.0092,0.9714
"karachiBetaKDE",5e-04,10000,"0.05",22,0.821080728047109,0.344348961406852,-0.927738350004564,0.729577351428961,"covered",0.142648838394285,-0.0412673500669587,-1.15584713202719,0.0092,0.9714
"karachiBetaKDE",5e-04,10000,"0.05",22,0.800567701187619,0.287086516718564,-0.927738350004564,0.729577351428961,"covered",0.142648838394285,-0.0412673500669587,-1.15584713202719,0.0092,0.9714
"karachiBetaKDE",5e-04,10000,"0.05",22,0.777885607549507,0.22503170302104,-0.927738350004564,0.729577351428961,"covered",0.142648838394285,-0.0412673500669587,-1.15584713202719,0.0092,0.9714
"karachiBetaKDE",5e-04,10000,"0.05",22,0.752982458946362,0.317225346112764,-0.927738350004564,0.729577351428961,"covered",0.142648838394285,-0.0412673500669587,-1.15584713202719,0.0092,0.9714
"karachiBetaKDE",5e-04,10000,"0.05",22,0.725790234162741,0.343488336971316,-0.927738350004564,0.729577351428961,"covered",0.142648838394285,-0.0412673500669587,-1.15584713202719,0.0092,0.9714
"karachiBetaKDE",5e-04,10000,"0.05",22,0.69606561161469,0.0954610962970316,-0.927738350004564,0.729577351428961,"covered",0.142648838394285,-0.0412673500669587,-1.15584713202719,0.0092,0.9714
"karachiBetaKDE",5e-04,10000,"0.05",22,0.663699698655259,-0.12084577383235,-0.927738350004564,0.729577351428961,"covered",0.142648838394285,-0.0412673500669587,-1.15584713202719,0.0092,0.9714
"karachiBetaKDE",5e-04,10000,"0.05",22,0.629093271635229,-0.151307608627132,-0.927738350004564,0.729577351428961,"covered",0.142648838394285,-0.0412673500669587,-1.15584713202719,0.0092,0.9714
"karachiBetaKDE",5e-04,10000,"0.05",22,0.592868808043879,-0.21567452303291,-0.927738350004564,0.729577351428961,"covered",0.142648838394285,-0.0412673500669587,-1.15584713202719,0.0092,0.9714
"karachiBetaKDE",5e-04,10000,"0.05",22,0.555319981977444,-0.34726041156434,-0.927738350004564,0.729577351428961,"covered",0.142648838394285,-0.0412673500669587,-1.15584713202719,0.0092,0.9714
"karachiBetaKDE",5e-04,10000,"0.05",22,0.51647843189623,-0.464210017899929,-0.927738350004564,0.729577351428961,"covered",0.142648838394285,-0.0412673500669587,-1.15584713202719,0.0092,0.9714
"karachiBetaKDE",5e-04,10000,"0.05",22,0.476735140026402,-0.337965019901829,-0.927738350004564,0.729577351428961,"covered",0.142648838394285,-0.0412673500669587,-1.15584713202719,0.0092,0.9714
"karachiBetaKDE",5e-04,10000,"0.05",22,0.436928695095447,-0.344176733375091,-0.927738350004564,0.729577351428961,"covered",0.142648838394285,-0.0412673500669587,-1.15584713202719,0.0092,0.9714
"karachiBetaKDE",5e-04,10000,"0.05",22,0.397723723245424,-0.449937630242589,-0.927738350004564,0.729577351428961,"covered",0.142648838394285,-0.0412673500669587,-1.15584713202719,0.0092,0.9714
"karachiBetaKDE",5e-04,10000,"0.05",22,0.359240914828636,-0.405110745792774,-0.927738350004564,0.729577351428961,"covered",0.142648838394285,-0.0412673500669587,-1.15584713202719,0.0092,0.9714
"karachiBetaKDE",5e-04,10000,"0.05",22,0.321562845842307,-0.568782327393579,-0.927738350004564,0.729577351428961,"covered",0.142648838394285,-0.0412673500669587,-1.15584713202719,0.0092,0.9714
"karachiBetaKDE",5e-04,10000,"0.05",22,0.285197981475766,-0.609216094356254,-0.927738350004564,0.729577351428961,"covered",0.142648838394285,-0.0412673500669587,-1.15584713202719,0.0092,0.9714
"karachiBetaKDE",5e-04,10000,"0.05",22,0.250836215776904,-0.717720724308297,-0.927738350004564,0.729577351428961,"covered",0.142648838394285,-0.0412673500669587,-1.15584713202719,0.0092,0.9714
"karachiBetaKDE",5e-04,10000,"0.05",22,0.219082914662495,-0.680986261239042,-0.927738350004564,0.729577351428961,"covered",0.142648838394285,-0.0412673500669587,-1.15584713202719,0.0092,0.9714
"karachiBetaKDE",5e-04,10000,"0.05",22,0.190309773296301,-0.604236190639022,-0.927738350004564,0.729577351428961,"covered",0.142648838394285,-0.0412673500669587,-1.15584713202719,0.0092,0.9714
"karachiBetaKDE",5e-04,10000,"0.05",22,0.164610609577326,-0.432557884469038,-0.927738350004564,0.729577351428961,"covered",0.142648838394285,-0.0412673500669587,-1.15584713202719,0.0092,0.9714
"karachiBetaKDE",5e-04,10000,"0.05",22,0.141983640287116,-0.431746344532693,-0.927738350004564,0.729577351428961,"covered",0.142648838394285,-0.0412673500669587,-1.15584713202719,0.0092,0.9714
"karachiBetaKDE",5e-04,10000,"0.05",22,0.122267432828818,-0.505729448819915,-0.927738350004564,0.729577351428961,"covered",0.142648838394285,-0.0412673500669587,-1.15584713202719,0.0092,0.9714
"karachiBetaKDE",5e-04,10000,"0.05",22,0.104618038263181,-0.613803536670976,-0.927738350004564,0.729577351428961,"covered",0.142648838394285,-0.0412673500669587,-1.15584713202719,0.0092,0.9714
"karachiBetaKDE",5e-04,10000,"0.05",22,0.0886383514543017,-0.598324819372689,-0.927738350004564,0.729577351428961,"covered",0.142648838394285,-0.0412673500669587,-1.15584713202719,0.0092,0.9714
"karachiBetaKDE",5e-04,10000,"0.05",22,0.0748475445763621,-0.482871835046447,-0.927738350004564,0.729577351428961,"covered",0.142648838394285,-0.0412673500669587,-1.15584713202719,0.0092,0.9714
"karachiBetaKDE",5e-04,10000,"0.05",22,0.06353753376898,-0.393865296559319,-0.927738350004564,0.729577351428961,"covered",0.142648838394285,-0.0412673500669587,-1.15584713202719,0.0092,0.9714
"karachiBetaKDE",5e-04,10000,"0.05",22,0.0542627209029139,-0.14947239698409,-0.927738350004564,0.729577351428961,"covered",0.142648838394285,-0.0412673500669587,-1.15584713202719,0.0092,0.9714
"karachiBetaKDE",5e-04,10000,"0.05",22,0.0464829494966246,0.0923291766009933,-0.927738350004564,0.729577351428961,"covered",0.142648838394285,-0.0412673500669587,-1.15584713202719,0.0092,0.9714
"karachiBetaKDE",5e-04,10000,"0.05",22,0.0399020505287196,0.389252730784935,-0.927738350004564,0.729577351428961,"covered",0.142648838394285,-0.0412673500669587,-1.15584713202719,0.0092,0.9714
"karachiBetaKDE",5e-04,10000,"0.05",22,0.0342638781639597,0.621424218032535,-0.927738350004564,0.729577351428961,"covered",0.142648838394285,-0.0412673500669587,-1.15584713202719,0.0092,0.9714
"karachiBetaKDE",5e-04,10000,"0.05",22,0.029112520606684,0.745553334932761,-0.927738350004564,0.729577351428961,"escaped_inner",0.142648838394285,-0.0412673500669587,-1.15584713202719,0.0092,0.9714
"karachiBetaKDE",5e-04,10000,"0.05",22,0.0239701700290124,0.903230211034909,-0.927738350004564,0.729577351428961,"escaped_inner",0.142648838394285,-0.0412673500669587,-1.15584713202719,0.0092,0.9714
"karachiBetaKDE",5e-04,10000,"0.05",23,0.97891796945672,2.02184640409361,-0.943172511210437,0.734869084012413,"escaped_inner",0.164275250980282,-0.0372627659992686,-1.0799580337553,0.0067,0.954
"karachiBetaKDE",5e-04,10000,"0.05",23,0.977147923248112,1.9986351324907,-0.943172511210437,0.734869084012413,"escaped_inner",0.164275250980282,-0.0372627659992686,-1.0799580337553,0.0067,0.954
"karachiBetaKDE",5e-04,10000,"0.05",23,0.975392157375374,1.9949291762318,-0.943172511210437,0.734869084012413,"escaped_inner",0.164275250980282,-0.0372627659992686,-1.0799580337553,0.0067,0.954
"karachiBetaKDE",5e-04,10000,"0.05",23,0.973728307066674,1.96992790434618,-0.943172511210437,0.734869084012413,"escaped_inner",0.164275250980282,-0.0372627659992686,-1.0799580337553,0.0067,0.954
"karachiBetaKDE",5e-04,10000,"0.05",23,0.972148603393168,1.95024339143245,-0.943172511210437,0.734869084012413,"escaped_inner",0.164275250980282,-0.0372627659992686,-1.0799580337553,0.0067,0.954
"karachiBetaKDE",5e-04,10000,"0.05",23,0.970556154699355,1.93128641735333,-0.943172511210437,0.734869084012413,"escaped_inner",0.164275250980282,-0.0372627659992686,-1.0799580337553,0.0067,0.954
"karachiBetaKDE",5e-04,10000,"0.05",23,0.968823546619977,1.91232266249951,-0.943172511210437,0.734869084012413,"escaped_inner",0.164275250980282,-0.0372627659992686,-1.0799580337553,0.0067,0.954
"karachiBetaKDE",5e-04,10000,"0.05",23,0.966856602335362,1.87741008344783,-0.943172511210437,0.734869084012413,"escaped_inner",0.164275250980282,-0.0372627659992686,-1.0799580337553,0.0067,0.954
"karachiBetaKDE",5e-04,10000,"0.05",23,0.964584553599988,1.80400112949828,-0.943172511210437,0.734869084012413,"escaped_inner",0.164275250980282,-0.0372627659992686,-1.0799580337553,0.0067,0.954
"karachiBetaKDE",5e-04,10000,"0.05",23,0.961904962533908,1.76399367419667,-0.943172511210437,0.734869084012413,"escaped_inner",0.164275250980282,-0.0372627659992686,-1.0799580337553,0.0067,0.954
"karachiBetaKDE",5e-04,10000,"0.05",23,0.958671657270623,1.74263996064767,-0.943172511210437,0.734869084012413,"escaped_inner",0.164275250980282,-0.0372627659992686,-1.0799580337553,0.0067,0.954
"karachiBetaKDE",5e-04,10000,"0.05",23,0.954760748875313,1.70020066423692,-0.943172511210437,0.734869084012413,"escaped_inner",0.164275250980282,-0.0372627659992686,-1.0799580337553,0.0067,0.954
"karachiBetaKDE",5e-04,10000,"0.05",23,0.950123279437843,1.66651451436469,-0.943172511210437,0.734869084012413,"escaped_inner",0.164275250980282,-0.0372627659992686,-1.0799580337553,0.0067,0.954
"karachiBetaKDE",5e-04,10000,"0.05",23,0.944774242698295,1.61091192573673,-0.943172511210437,0.734869084012413,"escaped_inner",0.164275250980282,-0.0372627659992686,-1.0799580337553,0.0067,0.954
"karachiBetaKDE",5e-04,10000,"0.05",23,0.938744520641643,1.53935907210914,-0.943172511210437,0.734869084012413,"escaped_inner",0.164275250980282,-0.0372627659992686,-1.0799580337553,0.0067,0.954
"karachiBetaKDE",5e-04,10000,"0.05",23,0.932033249415245,1.42698359554086,-0.943172511210437,0.734869084012413,"escaped_inner",0.164275250980282,-0.0372627659992686,-1.0799580337553,0.0067,0.954
"karachiBetaKDE",5e-04,10000,"0.05",23,0.924586215878857,1.34677263525285,-0.943172511210437,0.734869084012413,"escaped_inner",0.164275250980282,-0.0372627659992686,-1.0799580337553,0.0067,0.954
"karachiBetaKDE",5e-04,10000,"0.05",23,0.916299600528128,1.26047692163546,-0.943172511210437,0.734869084012413,"escaped_inner",0.164275250980282,-0.0372627659992686,-1.0799580337553,0.0067,0.954
"karachiBetaKDE",5e-04,10000,"0.05",23,0.907026985009363,1.19553920507948,-0.943172511210437,0.734869084012413,"escaped_inner",0.164275250980282,-0.0372627659992686,-1.0799580337553,0.0067,0.954
"karachiBetaKDE",5e-04,10000,"0.05",23,0.896586843613339,1.09702665955987,-0.943172511210437,0.734869084012413,"escaped_inner",0.164275250980282,-0.0372627659992686,-1.0799580337553,0.0067,0.954
"karachiBetaKDE",5e-04,10000,"0.05",23,0.884771092114384,0.987576456660401,-0.943172511210437,0.734869084012413,"escaped_inner",0.164275250980282,-0.0372627659992686,-1.0799580337553,0.0067,0.954
"karachiBetaKDE",5e-04,10000,"0.05",23,0.87139537236811,0.92617249581689,-0.943172511210437,0.734869084012413,"escaped_inner",0.164275250980282,-0.0372627659992686,-1.0799580337553,0.0067,0.954
"karachiBetaKDE",5e-04,10000,"0.05",23,0.856354046676824,0.862911711407257,-0.943172511210437,0.734869084012413,"escaped_inner",0.164275250980282,-0.0372627659992686,-1.0799580337553,0.0067,0.954
"karachiBetaKDE",5e-04,10000,"0.05",23,0.839610207739494,0.808747228847348,-0.943172511210437,0.734869084012413,"escaped_inner",0.164275250980282,-0.0372627659992686,-1.0799580337553,0.0067,0.954
"karachiBetaKDE",5e-04,10000,"0.05",23,0.821080728047109,0.878083807584157,-0.943172511210437,0.734869084012413,"escaped_inner",0.164275250980282,-0.0372627659992686,-1.0799580337553,0.0067,0.954
"karachiBetaKDE",5e-04,10000,"0.05",23,0.800567701187619,0.892750859930963,-0.943172511210437,0.734869084012413,"escaped_inner",0.164275250980282,-0.0372627659992686,-1.0799580337553,0.0067,0.954
"karachiBetaKDE",5e-04,10000,"0.05",23,0.777885607549507,0.900297673707771,-0.943172511210437,0.734869084012413,"escaped_inner",0.164275250980282,-0.0372627659992686,-1.0799580337553,0.0067,0.954
"karachiBetaKDE",5e-04,10000,"0.05",23,0.752982458946362,0.837547165893711,-0.943172511210437,0.734869084012413,"escaped_inner",0.164275250980282,-0.0372627659992686,-1.0799580337553,0.0067,0.954
"karachiBetaKDE",5e-04,10000,"0.05",23,0.725790234162741,0.76429102171895,-0.943172511210437,0.734869084012413,"escaped_inner",0.164275250980282,-0.0372627659992686,-1.0799580337553,0.0067,0.954
"karachiBetaKDE",5e-04,10000,"0.05",23,0.69606561161469,0.725705755049326,-0.943172511210437,0.734869084012413,"covered",0.164275250980282,-0.0372627659992686,-1.0799580337553,0.0067,0.954
"karachiBetaKDE",5e-04,10000,"0.05",23,0.663699698655259,0.576554471145474,-0.943172511210437,0.734869084012413,"covered",0.164275250980282,-0.0372627659992686,-1.0799580337553,0.0067,0.954
"karachiBetaKDE",5e-04,10000,"0.05",23,0.629093271635229,0.40221124234674,-0.943172511210437,0.734869084012413,"covered",0.164275250980282,-0.0372627659992686,-1.0799580337553,0.0067,0.954
"karachiBetaKDE",5e-04,10000,"0.05",23,0.592868808043879,0.233201908565031,-0.943172511210437,0.734869084012413,"covered",0.164275250980282,-0.0372627659992686,-1.0799580337553,0.0067,0.954
"karachiBetaKDE",5e-04,10000,"0.05",23,0.555319981977444,0.174565858484179,-0.943172511210437,0.734869084012413,"covered",0.164275250980282,-0.0372627659992686,-1.0799580337553,0.0067,0.954
"karachiBetaKDE",5e-04,10000,"0.05",23,0.51647843189623,0.170960998908149,-0.943172511210437,0.734869084012413,"covered",0.164275250980282,-0.0372627659992686,-1.0799580337553,0.0067,0.954
"karachiBetaKDE",5e-04,10000,"0.05",23,0.476735140026402,0.104632265058382,-0.943172511210437,0.734869084012413,"covered",0.164275250980282,-0.0372627659992686,-1.0799580337553,0.0067,0.954
"karachiBetaKDE",5e-04,10000,"0.05",23,0.436928695095447,0.0679915361084004,-0.943172511210437,0.734869084012413,"covered",0.164275250980282,-0.0372627659992686,-1.0799580337553,0.0067,0.954
"karachiBetaKDE",5e-04,10000,"0.05",23,0.397723723245424,-0.0478510186921395,-0.943172511210437,0.734869084012413,"covered",0.164275250980282,-0.0372627659992686,-1.0799580337553,0.0067,0.954
"karachiBetaKDE",5e-04,10000,"0.05",23,0.359240914828636,-0.139327006812135,-0.943172511210437,0.734869084012413,"covered",0.164275250980282,-0.0372627659992686,-1.0799580337553,0.0067,0.954
"karachiBetaKDE",5e-04,10000,"0.05",23,0.321562845842307,-0.150591943510215,-0.943172511210437,0.734869084012413,"covered",0.164275250980282,-0.0372627659992686,-1.0799580337553,0.0067,0.954
"karachiBetaKDE",5e-04,10000,"0.05",23,0.285197981475766,-0.256723447942761,-0.943172511210437,0.734869084012413,"covered",0.164275250980282,-0.0372627659992686,-1.0799580337553,0.0067,0.954
"karachiBetaKDE",5e-04,10000,"0.05",23,0.250836215776904,-0.159913148905183,-0.943172511210437,0.734869084012413,"covered",0.164275250980282,-0.0372627659992686,-1.0799580337553,0.0067,0.954
"karachiBetaKDE",5e-04,10000,"0.05",23,0.219082914662495,-0.120840107824878,-0.943172511210437,0.734869084012413,"covered",0.164275250980282,-0.0372627659992686,-1.0799580337553,0.0067,0.954
"karachiBetaKDE",5e-04,10000,"0.05",23,0.190309773296301,0.0262042854419309,-0.943172511210437,0.734869084012413,"covered",0.164275250980282,-0.0372627659992686,-1.0799580337553,0.0067,0.954
"karachiBetaKDE",5e-04,10000,"0.05",23,0.164610609577326,0.00513554786711307,-0.943172511210437,0.734869084012413,"covered",0.164275250980282,-0.0372627659992686,-1.0799580337553,0.0067,0.954
"karachiBetaKDE",5e-04,10000,"0.05",23,0.141983640287116,0.0289328942126715,-0.943172511210437,0.734869084012413,"covered",0.164275250980282,-0.0372627659992686,-1.0799580337553,0.0067,0.954
"karachiBetaKDE",5e-04,10000,"0.05",23,0.122267432828818,-0.0087529023746219,-0.943172511210437,0.734869084012413,"covered",0.164275250980282,-0.0372627659992686,-1.0799580337553,0.0067,0.954
"karachiBetaKDE",5e-04,10000,"0.05",23,0.104618038263181,-0.0594115550006925,-0.943172511210437,0.734869084012413,"covered",0.164275250980282,-0.0372627659992686,-1.0799580337553,0.0067,0.954
"karachiBetaKDE",5e-04,10000,"0.05",23,0.0886383514543017,-0.0257878218903989,-0.943172511210437,0.734869084012413,"covered",0.164275250980282,-0.0372627659992686,-1.0799580337553,0.0067,0.954
"karachiBetaKDE",5e-04,10000,"0.05",23,0.0748475445763621,0.0206231942415914,-0.943172511210437,0.734869084012413,"covered",0.164275250980282,-0.0372627659992686,-1.0799580337553,0.0067,0.954
"karachiBetaKDE",5e-04,10000,"0.05",23,0.06353753376898,0.166009594723826,-0.943172511210437,0.734869084012413,"covered",0.164275250980282,-0.0372627659992686,-1.0799580337553,0.0067,0.954
"karachiBetaKDE",5e-04,10000,"0.05",23,0.0542627209029139,0.355694981600076,-0.943172511210437,0.734869084012413,"covered",0.164275250980282,-0.0372627659992686,-1.0799580337553,0.0067,0.954
"karachiBetaKDE",5e-04,10000,"0.05",23,0.0464829494966246,0.600178795134918,-0.943172511210437,0.734869084012413,"covered",0.164275250980282,-0.0372627659992686,-1.0799580337553,0.0067,0.954
"karachiBetaKDE",5e-04,10000,"0.05",23,0.0399020505287196,0.790272725371977,-0.943172511210437,0.734869084012413,"escaped_inner",0.164275250980282,-0.0372627659992686,-1.0799580337553,0.0067,0.954
"karachiBetaKDE",5e-04,10000,"0.05",23,0.0342638781639597,0.992002628354239,-0.943172511210437,0.734869084012413,"escaped_inner",0.164275250980282,-0.0372627659992686,-1.0799580337553,0.0067,0.954
"karachiBetaKDE",5e-04,10000,"0.05",23,0.029112520606684,1.18050056540952,-0.943172511210437,0.734869084012413,"escaped_inner",0.164275250980282,-0.0372627659992686,-1.0799580337553,0.0067,0.954
"karachiBetaKDE",5e-04,10000,"0.05",23,0.0239701700290124,1.26235164322197,-0.943172511210437,0.734869084012413,"escaped_inner",0.164275250980282,-0.0372627659992686,-1.0799580337553,0.0067,0.954
"karachiBetaKDE",5e-04,10000,"0.05",24,0.97891796945672,1.89347280970124,-0.940173829464059,0.740910370176452,"escaped_inner",0.151556044780295,-0.222497950374341,-1.04775192806426,0.006,0.9426
"karachiBetaKDE",5e-04,10000,"0.05",24,0.977147923248112,1.95526165451903,-0.940173829464059,0.740910370176452,"escaped_inner",0.151556044780295,-0.222497950374341,-1.04775192806426,0.006,0.9426
"karachiBetaKDE",5e-04,10000,"0.05",24,0.975392157375374,1.98607267728256,-0.940173829464059,0.740910370176452,"escaped_inner",0.151556044780295,-0.222497950374341,-1.04775192806426,0.006,0.9426
"karachiBetaKDE",5e-04,10000,"0.05",24,0.973728307066674,1.97182575643324,-0.940173829464059,0.740910370176452,"escaped_inner",0.151556044780295,-0.222497950374341,-1.04775192806426,0.006,0.9426
"karachiBetaKDE",5e-04,10000,"0.05",24,0.972148603393168,1.95858734310745,-0.940173829464059,0.740910370176452,"escaped_inner",0.151556044780295,-0.222497950374341,-1.04775192806426,0.006,0.9426
"karachiBetaKDE",5e-04,10000,"0.05",24,0.970556154699355,1.91928713235925,-0.940173829464059,0.740910370176452,"escaped_inner",0.151556044780295,-0.222497950374341,-1.04775192806426,0.006,0.9426
"karachiBetaKDE",5e-04,10000,"0.05",24,0.968823546619977,1.89832964967153,-0.940173829464059,0.740910370176452,"escaped_inner",0.151556044780295,-0.222497950374341,-1.04775192806426,0.006,0.9426
"karachiBetaKDE",5e-04,10000,"0.05",24,0.966856602335362,1.9106843179115,-0.940173829464059,0.740910370176452,"escaped_inner",0.151556044780295,-0.222497950374341,-1.04775192806426,0.006,0.9426
"karachiBetaKDE",5e-04,10000,"0.05",24,0.964584553599988,1.85685049178646,-0.940173829464059,0.740910370176452,"escaped_inner",0.151556044780295,-0.222497950374341,-1.04775192806426,0.006,0.9426
"karachiBetaKDE",5e-04,10000,"0.05",24,0.961904962533908,1.82956517536983,-0.940173829464059,0.740910370176452,"escaped_inner",0.151556044780295,-0.222497950374341,-1.04775192806426,0.006,0.9426
"karachiBetaKDE",5e-04,10000,"0.05",24,0.958671657270623,1.77925991585762,-0.940173829464059,0.740910370176452,"escaped_inner",0.151556044780295,-0.222497950374341,-1.04775192806426,0.006,0.9426
"karachiBetaKDE",5e-04,10000,"0.05",24,0.954760748875313,1.68909765366827,-0.940173829464059,0.740910370176452,"escaped_inner",0.151556044780295,-0.222497950374341,-1.04775192806426,0.006,0.9426
"karachiBetaKDE",5e-04,10000,"0.05",24,0.950123279437843,1.61106100839024,-0.940173829464059,0.740910370176452,"escaped_inner",0.151556044780295,-0.222497950374341,-1.04775192806426,0.006,0.9426
"karachiBetaKDE",5e-04,10000,"0.05",24,0.944774242698295,1.51625285870774,-0.940173829464059,0.740910370176452,"escaped_inner",0.151556044780295,-0.222497950374341,-1.04775192806426,0.006,0.9426
"karachiBetaKDE",5e-04,10000,"0.05",24,0.938744520641643,1.38894830972753,-0.940173829464059,0.740910370176452,"escaped_inner",0.151556044780295,-0.222497950374341,-1.04775192806426,0.006,0.9426
"karachiBetaKDE",5e-04,10000,"0.05",24,0.932033249415245,1.29004228409259,-0.940173829464059,0.740910370176452,"escaped_inner",0.151556044780295,-0.222497950374341,-1.04775192806426,0.006,0.9426
"karachiBetaKDE",5e-04,10000,"0.05",24,0.924586215878857,1.21912477209496,-0.940173829464059,0.740910370176452,"escaped_inner",0.151556044780295,-0.222497950374341,-1.04775192806426,0.006,0.9426
"karachiBetaKDE",5e-04,10000,"0.05",24,0.916299600528128,1.11349585412789,-0.940173829464059,0.740910370176452,"escaped_inner",0.151556044780295,-0.222497950374341,-1.04775192806426,0.006,0.9426
"karachiBetaKDE",5e-04,10000,"0.05",24,0.907026985009363,0.96787155935846,-0.940173829464059,0.740910370176452,"escaped_inner",0.151556044780295,-0.222497950374341,-1.04775192806426,0.006,0.9426
"karachiBetaKDE",5e-04,10000,"0.05",24,0.896586843613339,0.835085006988226,-0.940173829464059,0.740910370176452,"escaped_inner",0.151556044780295,-0.222497950374341,-1.04775192806426,0.006,0.9426
"karachiBetaKDE",5e-04,10000,"0.05",24,0.884771092114384,0.769870729910049,-0.940173829464059,0.740910370176452,"escaped_inner",0.151556044780295,-0.222497950374341,-1.04775192806426,0.006,0.9426
"karachiBetaKDE",5e-04,10000,"0.05",24,0.87139537236811,0.655263206252216,-0.940173829464059,0.740910370176452,"covered",0.151556044780295,-0.222497950374341,-1.04775192806426,0.006,0.9426
"karachiBetaKDE",5e-04,10000,"0.05",24,0.856354046676824,0.641345411101795,-0.940173829464059,0.740910370176452,"covered",0.151556044780295,-0.222497950374341,-1.04775192806426,0.006,0.9426
"karachiBetaKDE",5e-04,10000,"0.05",24,0.839610207739494,0.616505079459539,-0.940173829464059,0.740910370176452,"covered",0.151556044780295,-0.222497950374341,-1.04775192806426,0.006,0.9426
"karachiBetaKDE",5e-04,10000,"0.05",24,0.821080728047109,0.718350666084404,-0.940173829464059,0.740910370176452,"covered",0.151556044780295,-0.222497950374341,-1.04775192806426,0.006,0.9426
"karachiBetaKDE",5e-04,10000,"0.05",24,0.800567701187619,0.645507311094476,-0.940173829464059,0.740910370176452,"covered",0.151556044780295,-0.222497950374341,-1.04775192806426,0.006,0.9426
"karachiBetaKDE",5e-04,10000,"0.05",24,0.777885607549507,0.512230783681527,-0.940173829464059,0.740910370176452,"covered",0.151556044780295,-0.222497950374341,-1.04775192806426,0.006,0.9426
"karachiBetaKDE",5e-04,10000,"0.05",24,0.752982458946362,0.504672887031655,-0.940173829464059,0.740910370176452,"covered",0.151556044780295,-0.222497950374341,-1.04775192806426,0.006,0.9426
"karachiBetaKDE",5e-04,10000,"0.05",24,0.725790234162741,0.343026021687562,-0.940173829464059,0.740910370176452,"covered",0.151556044780295,-0.222497950374341,-1.04775192806426,0.006,0.9426
"karachiBetaKDE",5e-04,10000,"0.05",24,0.69606561161469,0.330284430028242,-0.940173829464059,0.740910370176452,"covered",0.151556044780295,-0.222497950374341,-1.04775192806426,0.006,0.9426
"karachiBetaKDE",5e-04,10000,"0.05",24,0.663699698655259,0.369373947755042,-0.940173829464059,0.740910370176452,"covered",0.151556044780295,-0.222497950374341,-1.04775192806426,0.006,0.9426
"karachiBetaKDE",5e-04,10000,"0.05",24,0.629093271635229,0.240320840261099,-0.940173829464059,0.740910370176452,"covered",0.151556044780295,-0.222497950374341,-1.04775192806426,0.006,0.9426
"karachiBetaKDE",5e-04,10000,"0.05",24,0.592868808043879,-0.00658959422657655,-0.940173829464059,0.740910370176452,"covered",0.151556044780295,-0.222497950374341,-1.04775192806426,0.006,0.9426
"karachiBetaKDE",5e-04,10000,"0.05",24,0.555319981977444,-0.127940750495712,-0.940173829464059,0.740910370176452,"covered",0.151556044780295,-0.222497950374341,-1.04775192806426,0.006,0.9426
"karachiBetaKDE",5e-04,10000,"0.05",24,0.51647843189623,-0.208309385678913,-0.940173829464059,0.740910370176452,"covered",0.151556044780295,-0.222497950374341,-1.04775192806426,0.006,0.9426
"karachiBetaKDE",5e-04,10000,"0.05",24,0.476735140026402,-0.248337128705104,-0.940173829464059,0.740910370176452,"covered",0.151556044780295,-0.222497950374341,-1.04775192806426,0.006,0.9426
"karachiBetaKDE",5e-04,10000,"0.05",24,0.436928695095447,-0.274271751815331,-0.940173829464059,0.740910370176452,"covered",0.151556044780295,-0.222497950374341,-1.04775192806426,0.006,0.9426
"karachiBetaKDE",5e-04,10000,"0.05",24,0.397723723245424,-0.344265222573374,-0.940173829464059,0.740910370176452,"covered",0.151556044780295,-0.222497950374341,-1.04775192806426,0.006,0.9426
"karachiBetaKDE",5e-04,10000,"0.05",24,0.359240914828636,-0.398398695593552,-0.940173829464059,0.740910370176452,"covered",0.151556044780295,-0.222497950374341,-1.04775192806426,0.006,0.9426
"karachiBetaKDE",5e-04,10000,"0.05",24,0.321562845842307,-0.420346760828273,-0.940173829464059,0.740910370176452,"covered",0.151556044780295,-0.222497950374341,-1.04775192806426,0.006,0.9426
"karachiBetaKDE",5e-04,10000,"0.05",24,0.285197981475766,-0.50406280480256,-0.940173829464059,0.740910370176452,"covered",0.151556044780295,-0.222497950374341,-1.04775192806426,0.006,0.9426
"karachiBetaKDE",5e-04,10000,"0.05",24,0.250836215776904,-0.535576798968937,-0.940173829464059,0.740910370176452,"covered",0.151556044780295,-0.222497950374341,-1.04775192806426,0.006,0.9426
"karachiBetaKDE",5e-04,10000,"0.05",24,0.219082914662495,-0.339522471132487,-0.940173829464059,0.740910370176452,"covered",0.151556044780295,-0.222497950374341,-1.04775192806426,0.006,0.9426
"karachiBetaKDE",5e-04,10000,"0.05",24,0.190309773296301,-0.27274243921838,-0.940173829464059,0.740910370176452,"covered",0.151556044780295,-0.222497950374341,-1.04775192806426,0.006,0.9426
"karachiBetaKDE",5e-04,10000,"0.05",24,0.164610609577326,-0.155825509607398,-0.940173829464059,0.740910370176452,"covered",0.151556044780295,-0.222497950374341,-1.04775192806426,0.006,0.9426
"karachiBetaKDE",5e-04,10000,"0.05",24,0.141983640287116,-0.266922824251126,-0.940173829464059,0.740910370176452,"covered",0.151556044780295,-0.222497950374341,-1.04775192806426,0.006,0.9426
"karachiBetaKDE",5e-04,10000,"0.05",24,0.122267432828818,-0.339582406566667,-0.940173829464059,0.740910370176452,"covered",0.151556044780295,-0.222497950374341,-1.04775192806426,0.006,0.9426
"karachiBetaKDE",5e-04,10000,"0.05",24,0.104618038263181,-0.342206734711828,-0.940173829464059,0.740910370176452,"covered",0.151556044780295,-0.222497950374341,-1.04775192806426,0.006,0.9426
"karachiBetaKDE",5e-04,10000,"0.05",24,0.0886383514543017,-0.364996956728545,-0.940173829464059,0.740910370176452,"covered",0.151556044780295,-0.222497950374341,-1.04775192806426,0.006,0.9426
"karachiBetaKDE",5e-04,10000,"0.05",24,0.0748475445763621,-0.210687897448208,-0.940173829464059,0.740910370176452,"covered",0.151556044780295,-0.222497950374341,-1.04775192806426,0.006,0.9426
"karachiBetaKDE",5e-04,10000,"0.05",24,0.06353753376898,-0.186273775898126,-0.940173829464059,0.740910370176452,"covered",0.151556044780295,-0.222497950374341,-1.04775192806426,0.006,0.9426
"karachiBetaKDE",5e-04,10000,"0.05",24,0.0542627209029139,0.0675302467841396,-0.940173829464059,0.740910370176452,"covered",0.151556044780295,-0.222497950374341,-1.04775192806426,0.006,0.9426
"karachiBetaKDE",5e-04,10000,"0.05",24,0.0464829494966246,0.245001430822476,-0.940173829464059,0.740910370176452,"covered",0.151556044780295,-0.222497950374341,-1.04775192806426,0.006,0.9426
"karachiBetaKDE",5e-04,10000,"0.05",24,0.0399020505287196,0.438284141068369,-0.940173829464059,0.740910370176452,"covered",0.151556044780295,-0.222497950374341,-1.04775192806426,0.006,0.9426
"karachiBetaKDE",5e-04,10000,"0.05",24,0.0342638781639597,0.770271029815016,-0.940173829464059,0.740910370176452,"escaped_inner",0.151556044780295,-0.222497950374341,-1.04775192806426,0.006,0.9426
"karachiBetaKDE",5e-04,10000,"0.05",24,0.029112520606684,0.955640252671813,-0.940173829464059,0.740910370176452,"escaped_inner",0.151556044780295,-0.222497950374341,-1.04775192806426,0.006,0.9426
"karachiBetaKDE",5e-04,10000,"0.05",24,0.0239701700290124,1.08247556356272,-0.940173829464059,0.740910370176452,"escaped_inner",0.151556044780295,-0.222497950374341,-1.04775192806426,0.006,0.9426
"karachiBetaKDE",5e-04,10000,"0.05",25,0.97891796945672,1.99456418960567,-0.896150334040823,0.70401988350003,"escaped_inner",0.166419598070221,-0.172750085905415,-0.569791482196956,0.0017,0.7326
"karachiBetaKDE",5e-04,10000,"0.05",25,0.977147923248112,1.98001881205362,-0.896150334040823,0.70401988350003,"escaped_inner",0.166419598070221,-0.172750085905415,-0.569791482196956,0.0017,0.7326
"karachiBetaKDE",5e-04,10000,"0.05",25,0.975392157375374,2.01344340240624,-0.896150334040823,0.70401988350003,"escaped_inner",0.166419598070221,-0.172750085905415,-0.569791482196956,0.0017,0.7326
"karachiBetaKDE",5e-04,10000,"0.05",25,0.973728307066674,1.96003339430328,-0.896150334040823,0.70401988350003,"escaped_inner",0.166419598070221,-0.172750085905415,-0.569791482196956,0.0017,0.7326
"karachiBetaKDE",5e-04,10000,"0.05",25,0.972148603393168,1.95674226160156,-0.896150334040823,0.70401988350003,"escaped_inner",0.166419598070221,-0.172750085905415,-0.569791482196956,0.0017,0.7326
"karachiBetaKDE",5e-04,10000,"0.05",25,0.970556154699355,1.94465074668308,-0.896150334040823,0.70401988350003,"escaped_inner",0.166419598070221,-0.172750085905415,-0.569791482196956,0.0017,0.7326
"karachiBetaKDE",5e-04,10000,"0.05",25,0.968823546619977,1.90471218593273,-0.896150334040823,0.70401988350003,"escaped_inner",0.166419598070221,-0.172750085905415,-0.569791482196956,0.0017,0.7326
"karachiBetaKDE",5e-04,10000,"0.05",25,0.966856602335362,1.87038378893039,-0.896150334040823,0.70401988350003,"escaped_inner",0.166419598070221,-0.172750085905415,-0.569791482196956,0.0017,0.7326
"karachiBetaKDE",5e-04,10000,"0.05",25,0.964584553599988,1.8187953149541,-0.896150334040823,0.70401988350003,"escaped_inner",0.166419598070221,-0.172750085905415,-0.569791482196956,0.0017,0.7326
"karachiBetaKDE",5e-04,10000,"0.05",25,0.961904962533908,1.75439494707138,-0.896150334040823,0.70401988350003,"escaped_inner",0.166419598070221,-0.172750085905415,-0.569791482196956,0.0017,0.7326
"karachiBetaKDE",5e-04,10000,"0.05",25,0.958671657270623,1.73035015835618,-0.896150334040823,0.70401988350003,"escaped_inner",0.166419598070221,-0.172750085905415,-0.569791482196956,0.0017,0.7326
"karachiBetaKDE",5e-04,10000,"0.05",25,0.954760748875313,1.6882004869667,-0.896150334040823,0.70401988350003,"escaped_inner",0.166419598070221,-0.172750085905415,-0.569791482196956,0.0017,0.7326
"karachiBetaKDE",5e-04,10000,"0.05",25,0.950123279437843,1.61750461338728,-0.896150334040823,0.70401988350003,"escaped_inner",0.166419598070221,-0.172750085905415,-0.569791482196956,0.0017,0.7326
"karachiBetaKDE",5e-04,10000,"0.05",25,0.944774242698295,1.60381957098277,-0.896150334040823,0.70401988350003,"escaped_inner",0.166419598070221,-0.172750085905415,-0.569791482196956,0.0017,0.7326
"karachiBetaKDE",5e-04,10000,"0.05",25,0.938744520641643,1.54240722527364,-0.896150334040823,0.70401988350003,"escaped_inner",0.166419598070221,-0.172750085905415,-0.569791482196956,0.0017,0.7326
"karachiBetaKDE",5e-04,10000,"0.05",25,0.932033249415245,1.48245610258501,-0.896150334040823,0.70401988350003,"escaped_inner",0.166419598070221,-0.172750085905415,-0.569791482196956,0.0017,0.7326
"karachiBetaKDE",5e-04,10000,"0.05",25,0.924586215878857,1.34834465146949,-0.896150334040823,0.70401988350003,"escaped_inner",0.166419598070221,-0.172750085905415,-0.569791482196956,0.0017,0.7326
"karachiBetaKDE",5e-04,10000,"0.05",25,0.916299600528128,1.23475304057272,-0.896150334040823,0.70401988350003,"escaped_inner",0.166419598070221,-0.172750085905415,-0.569791482196956,0.0017,0.7326
"karachiBetaKDE",5e-04,10000,"0.05",25,0.907026985009363,1.15627871208701,-0.896150334040823,0.70401988350003,"escaped_inner",0.166419598070221,-0.172750085905415,-0.569791482196956,0.0017,0.7326
"karachiBetaKDE",5e-04,10000,"0.05",25,0.896586843613339,1.05332501803035,-0.896150334040823,0.70401988350003,"escaped_inner",0.166419598070221,-0.172750085905415,-0.569791482196956,0.0017,0.7326
"karachiBetaKDE",5e-04,10000,"0.05",25,0.884771092114384,0.961291154814624,-0.896150334040823,0.70401988350003,"escaped_inner",0.166419598070221,-0.172750085905415,-0.569791482196956,0.0017,0.7326
"karachiBetaKDE",5e-04,10000,"0.05",25,0.87139537236811,0.982016332586891,-0.896150334040823,0.70401988350003,"escaped_inner",0.166419598070221,-0.172750085905415,-0.569791482196956,0.0017,0.7326
"karachiBetaKDE",5e-04,10000,"0.05",25,0.856354046676824,0.877615751658635,-0.896150334040823,0.70401988350003,"escaped_inner",0.166419598070221,-0.172750085905415,-0.569791482196956,0.0017,0.7326
"karachiBetaKDE",5e-04,10000,"0.05",25,0.839610207739494,0.861523632042978,-0.896150334040823,0.70401988350003,"escaped_inner",0.166419598070221,-0.172750085905415,-0.569791482196956,0.0017,0.7326
"karachiBetaKDE",5e-04,10000,"0.05",25,0.821080728047109,0.824589789107689,-0.896150334040823,0.70401988350003,"escaped_inner",0.166419598070221,-0.172750085905415,-0.569791482196956,0.0017,0.7326
"karachiBetaKDE",5e-04,10000,"0.05",25,0.800567701187619,0.845534488298913,-0.896150334040823,0.70401988350003,"escaped_inner",0.166419598070221,-0.172750085905415,-0.569791482196956,0.0017,0.7326
"karachiBetaKDE",5e-04,10000,"0.05",25,0.777885607549507,0.793924645468562,-0.896150334040823,0.70401988350003,"escaped_inner",0.166419598070221,-0.172750085905415,-0.569791482196956,0.0017,0.7326
"karachiBetaKDE",5e-04,10000,"0.05",25,0.752982458946362,0.698402642564461,-0.896150334040823,0.70401988350003,"covered",0.166419598070221,-0.172750085905415,-0.569791482196956,0.0017,0.7326
"karachiBetaKDE",5e-04,10000,"0.05",25,0.725790234162741,0.628116158404148,-0.896150334040823,0.70401988350003,"covered",0.166419598070221,-0.172750085905415,-0.569791482196956,0.0017,0.7326
"karachiBetaKDE",5e-04,10000,"0.05",25,0.69606561161469,0.534302586632065,-0.896150334040823,0.70401988350003,"covered",0.166419598070221,-0.172750085905415,-0.569791482196956,0.0017,0.7326
"karachiBetaKDE",5e-04,10000,"0.05",25,0.663699698655259,0.371802642515276,-0.896150334040823,0.70401988350003,"covered",0.166419598070221,-0.172750085905415,-0.569791482196956,0.0017,0.7326
"karachiBetaKDE",5e-04,10000,"0.05",25,0.629093271635229,0.312904434792521,-0.896150334040823,0.70401988350003,"covered",0.166419598070221,-0.172750085905415,-0.569791482196956,0.0017,0.7326
"karachiBetaKDE",5e-04,10000,"0.05",25,0.592868808043879,0.306950199377925,-0.896150334040823,0.70401988350003,"covered",0.166419598070221,-0.172750085905415,-0.569791482196956,0.0017,0.7326
"karachiBetaKDE",5e-04,10000,"0.05",25,0.555319981977444,0.375080062262053,-0.896150334040823,0.70401988350003,"covered",0.166419598070221,-0.172750085905415,-0.569791482196956,0.0017,0.7326
"karachiBetaKDE",5e-04,10000,"0.05",25,0.51647843189623,0.308137284147754,-0.896150334040823,0.70401988350003,"covered",0.166419598070221,-0.172750085905415,-0.569791482196956,0.0017,0.7326
"karachiBetaKDE",5e-04,10000,"0.05",25,0.476735140026402,0.208286538412967,-0.896150334040823,0.70401988350003,"covered",0.166419598070221,-0.172750085905415,-0.569791482196956,0.0017,0.7326
"karachiBetaKDE",5e-04,10000,"0.05",25,0.436928695095447,0.0361576570500822,-0.896150334040823,0.70401988350003,"covered",0.166419598070221,-0.172750085905415,-0.569791482196956,0.0017,0.7326
"karachiBetaKDE",5e-04,10000,"0.05",25,0.397723723245424,-0.0340689567177133,-0.896150334040823,0.70401988350003,"covered",0.166419598070221,-0.172750085905415,-0.569791482196956,0.0017,0.7326
"karachiBetaKDE",5e-04,10000,"0.05",25,0.359240914828636,-0.122624914343245,-0.896150334040823,0.70401988350003,"covered",0.166419598070221,-0.172750085905415,-0.569791482196956,0.0017,0.7326
"karachiBetaKDE",5e-04,10000,"0.05",25,0.321562845842307,-0.291145452837843,-0.896150334040823,0.70401988350003,"covered",0.166419598070221,-0.172750085905415,-0.569791482196956,0.0017,0.7326
"karachiBetaKDE",5e-04,10000,"0.05",25,0.285197981475766,-0.37194572770165,-0.896150334040823,0.70401988350003,"covered",0.166419598070221,-0.172750085905415,-0.569791482196956,0.0017,0.7326
"karachiBetaKDE",5e-04,10000,"0.05",25,0.250836215776904,-0.311397434775595,-0.896150334040823,0.70401988350003,"covered",0.166419598070221,-0.172750085905415,-0.569791482196956,0.0017,0.7326
"karachiBetaKDE",5e-04,10000,"0.05",25,0.219082914662495,-0.27710004225132,-0.896150334040823,0.70401988350003,"covered",0.166419598070221,-0.172750085905415,-0.569791482196956,0.0017,0.7326
"karachiBetaKDE",5e-04,10000,"0.05",25,0.190309773296301,-0.252936471993132,-0.896150334040823,0.70401988350003,"covered",0.166419598070221,-0.172750085905415,-0.569791482196956,0.0017,0.7326
"karachiBetaKDE",5e-04,10000,"0.05",25,0.164610609577326,-0.111015449636064,-0.896150334040823,0.70401988350003,"covered",0.166419598070221,-0.172750085905415,-0.569791482196956,0.0017,0.7326
"karachiBetaKDE",5e-04,10000,"0.05",25,0.141983640287116,-0.0580826744356641,-0.896150334040823,0.70401988350003,"covered",0.166419598070221,-0.172750085905415,-0.569791482196956,0.0017,0.7326
"karachiBetaKDE",5e-04,10000,"0.05",25,0.122267432828818,-0.142668243098219,-0.896150334040823,0.70401988350003,"covered",0.166419598070221,-0.172750085905415,-0.569791482196956,0.0017,0.7326
"karachiBetaKDE",5e-04,10000,"0.05",25,0.104618038263181,-0.271125883130291,-0.896150334040823,0.70401988350003,"covered",0.166419598070221,-0.172750085905415,-0.569791482196956,0.0017,0.7326
"karachiBetaKDE",5e-04,10000,"0.05",25,0.0886383514543017,-0.346176801558914,-0.896150334040823,0.70401988350003,"covered",0.166419598070221,-0.172750085905415,-0.569791482196956,0.0017,0.7326
"karachiBetaKDE",5e-04,10000,"0.05",25,0.0748475445763621,-0.241470753598952,-0.896150334040823,0.70401988350003,"covered",0.166419598070221,-0.172750085905415,-0.569791482196956,0.0017,0.7326
"karachiBetaKDE",5e-04,10000,"0.05",25,0.06353753376898,-0.0286765337521488,-0.896150334040823,0.70401988350003,"covered",0.166419598070221,-0.172750085905415,-0.569791482196956,0.0017,0.7326
"karachiBetaKDE",5e-04,10000,"0.05",25,0.0542627209029139,0.186025625463782,-0.896150334040823,0.70401988350003,"covered",0.166419598070221,-0.172750085905415,-0.569791482196956,0.0017,0.7326
"karachiBetaKDE",5e-04,10000,"0.05",25,0.0464829494966246,0.455864730831775,-0.896150334040823,0.70401988350003,"covered",0.166419598070221,-0.172750085905415,-0.569791482196956,0.0017,0.7326
"karachiBetaKDE",5e-04,10000,"0.05",25,0.0399020505287196,0.703033724779802,-0.896150334040823,0.70401988350003,"covered",0.166419598070221,-0.172750085905415,-0.569791482196956,0.0017,0.7326
"karachiBetaKDE",5e-04,10000,"0.05",25,0.0342638781639597,0.966154253339258,-0.896150334040823,0.70401988350003,"escaped_inner",0.166419598070221,-0.172750085905415,-0.569791482196956,0.0017,0.7326
"karachiBetaKDE",5e-04,10000,"0.05",25,0.029112520606684,1.1657999173788,-0.896150334040823,0.70401988350003,"escaped_inner",0.166419598070221,-0.172750085905415,-0.569791482196956,0.0017,0.7326
"karachiBetaKDE",5e-04,10000,"0.05",25,0.0239701700290124,1.29807406188923,-0.896150334040823,0.70401988350003,"escaped_inner",0.166419598070221,-0.172750085905415,-0.569791482196956,0.0017,0.7326
"karachiBetaKDE",5e-04,10000,"0.05",26,0.97891796945672,1.9531686132206,-0.86422077012233,0.703306503908504,"escaped_inner",0.164533167744915,-0.0390610315988867,-1.06536942576891,0.008,0.968
"karachiBetaKDE",5e-04,10000,"0.05",26,0.977147923248112,1.96330954245092,-0.86422077012233,0.703306503908504,"escaped_inner",0.164533167744915,-0.0390610315988867,-1.06536942576891,0.008,0.968
"karachiBetaKDE",5e-04,10000,"0.05",26,0.975392157375374,1.95511570530742,-0.86422077012233,0.703306503908504,"escaped_inner",0.164533167744915,-0.0390610315988867,-1.06536942576891,0.008,0.968
"karachiBetaKDE",5e-04,10000,"0.05",26,0.973728307066674,1.92288990047028,-0.86422077012233,0.703306503908504,"escaped_inner",0.164533167744915,-0.0390610315988867,-1.06536942576891,0.008,0.968
"karachiBetaKDE",5e-04,10000,"0.05",26,0.972148603393168,1.91148243351112,-0.86422077012233,0.703306503908504,"escaped_inner",0.164533167744915,-0.0390610315988867,-1.06536942576891,0.008,0.968
"karachiBetaKDE",5e-04,10000,"0.05",26,0.970556154699355,1.89552148338481,-0.86422077012233,0.703306503908504,"escaped_inner",0.164533167744915,-0.0390610315988867,-1.06536942576891,0.008,0.968
"karachiBetaKDE",5e-04,10000,"0.05",26,0.968823546619977,1.87697149892601,-0.86422077012233,0.703306503908504,"escaped_inner",0.164533167744915,-0.0390610315988867,-1.06536942576891,0.008,0.968
"karachiBetaKDE",5e-04,10000,"0.05",26,0.966856602335362,1.83080625419925,-0.86422077012233,0.703306503908504,"escaped_inner",0.164533167744915,-0.0390610315988867,-1.06536942576891,0.008,0.968
"karachiBetaKDE",5e-04,10000,"0.05",26,0.964584553599988,1.78356671604994,-0.86422077012233,0.703306503908504,"escaped_inner",0.164533167744915,-0.0390610315988867,-1.06536942576891,0.008,0.968
"karachiBetaKDE",5e-04,10000,"0.05",26,0.961904962533908,1.72355679155358,-0.86422077012233,0.703306503908504,"escaped_inner",0.164533167744915,-0.0390610315988867,-1.06536942576891,0.008,0.968
"karachiBetaKDE",5e-04,10000,"0.05",26,0.958671657270623,1.68166554297586,-0.86422077012233,0.703306503908504,"escaped_inner",0.164533167744915,-0.0390610315988867,-1.06536942576891,0.008,0.968
"karachiBetaKDE",5e-04,10000,"0.05",26,0.954760748875313,1.66965145383062,-0.86422077012233,0.703306503908504,"escaped_inner",0.164533167744915,-0.0390610315988867,-1.06536942576891,0.008,0.968
"karachiBetaKDE",5e-04,10000,"0.05",26,0.950123279437843,1.65492081312561,-0.86422077012233,0.703306503908504,"escaped_inner",0.164533167744915,-0.0390610315988867,-1.06536942576891,0.008,0.968
"karachiBetaKDE",5e-04,10000,"0.05",26,0.944774242698295,1.54091037449804,-0.86422077012233,0.703306503908504,"escaped_inner",0.164533167744915,-0.0390610315988867,-1.06536942576891,0.008,0.968
"karachiBetaKDE",5e-04,10000,"0.05",26,0.938744520641643,1.47947396013339,-0.86422077012233,0.703306503908504,"escaped_inner",0.164533167744915,-0.0390610315988867,-1.06536942576891,0.008,0.968
"karachiBetaKDE",5e-04,10000,"0.05",26,0.932033249415245,1.40069306536345,-0.86422077012233,0.703306503908504,"escaped_inner",0.164533167744915,-0.0390610315988867,-1.06536942576891,0.008,0.968
"karachiBetaKDE",5e-04,10000,"0.05",26,0.924586215878857,1.28586583065373,-0.86422077012233,0.703306503908504,"escaped_inner",0.164533167744915,-0.0390610315988867,-1.06536942576891,0.008,0.968
"karachiBetaKDE",5e-04,10000,"0.05",26,0.916299600528128,1.20740304467707,-0.86422077012233,0.703306503908504,"escaped_inner",0.164533167744915,-0.0390610315988867,-1.06536942576891,0.008,0.968
"karachiBetaKDE",5e-04,10000,"0.05",26,0.907026985009363,1.09983542625998,-0.86422077012233,0.703306503908504,"escaped_inner",0.164533167744915,-0.0390610315988867,-1.06536942576891,0.008,0.968
"karachiBetaKDE",5e-04,10000,"0.05",26,0.896586843613339,0.967258920240298,-0.86422077012233,0.703306503908504,"escaped_inner",0.164533167744915,-0.0390610315988867,-1.06536942576891,0.008,0.968
"karachiBetaKDE",5e-04,10000,"0.05",26,0.884771092114384,0.946444237757008,-0.86422077012233,0.703306503908504,"escaped_inner",0.164533167744915,-0.0390610315988867,-1.06536942576891,0.008,0.968
"karachiBetaKDE",5e-04,10000,"0.05",26,0.87139537236811,0.879428993119789,-0.86422077012233,0.703306503908504,"escaped_inner",0.164533167744915,-0.0390610315988867,-1.06536942576891,0.008,0.968
"karachiBetaKDE",5e-04,10000,"0.05",26,0.856354046676824,0.774462981990931,-0.86422077012233,0.703306503908504,"escaped_inner",0.164533167744915,-0.0390610315988867,-1.06536942576891,0.008,0.968
"karachiBetaKDE",5e-04,10000,"0.05",26,0.839610207739494,0.70218811666875,-0.86422077012233,0.703306503908504,"covered",0.164533167744915,-0.0390610315988867,-1.06536942576891,0.008,0.968
"karachiBetaKDE",5e-04,10000,"0.05",26,0.821080728047109,0.61029267445784,-0.86422077012233,0.703306503908504,"covered",0.164533167744915,-0.0390610315988867,-1.06536942576891,0.008,0.968
"karachiBetaKDE",5e-04,10000,"0.05",26,0.800567701187619,0.646922308002642,-0.86422077012233,0.703306503908504,"covered",0.164533167744915,-0.0390610315988867,-1.06536942576891,0.008,0.968
"karachiBetaKDE",5e-04,10000,"0.05",26,0.777885607549507,0.592618560617262,-0.86422077012233,0.703306503908504,"covered",0.164533167744915,-0.0390610315988867,-1.06536942576891,0.008,0.968
"karachiBetaKDE",5e-04,10000,"0.05",26,0.752982458946362,0.497977726980874,-0.86422077012233,0.703306503908504,"covered",0.164533167744915,-0.0390610315988867,-1.06536942576891,0.008,0.968
"karachiBetaKDE",5e-04,10000,"0.05",26,0.725790234162741,0.383038467322777,-0.86422077012233,0.703306503908504,"covered",0.164533167744915,-0.0390610315988867,-1.06536942576891,0.008,0.968
"karachiBetaKDE",5e-04,10000,"0.05",26,0.69606561161469,0.382622461017992,-0.86422077012233,0.703306503908504,"covered",0.164533167744915,-0.0390610315988867,-1.06536942576891,0.008,0.968
"karachiBetaKDE",5e-04,10000,"0.05",26,0.663699698655259,0.259963031996812,-0.86422077012233,0.703306503908504,"covered",0.164533167744915,-0.0390610315988867,-1.06536942576891,0.008,0.968
"karachiBetaKDE",5e-04,10000,"0.05",26,0.629093271635229,0.192962790058267,-0.86422077012233,0.703306503908504,"covered",0.164533167744915,-0.0390610315988867,-1.06536942576891,0.008,0.968
"karachiBetaKDE",5e-04,10000,"0.05",26,0.592868808043879,0.0708508581425307,-0.86422077012233,0.703306503908504,"covered",0.164533167744915,-0.0390610315988867,-1.06536942576891,0.008,0.968
"karachiBetaKDE",5e-04,10000,"0.05",26,0.555319981977444,0.0338322378494857,-0.86422077012233,0.703306503908504,"covered",0.164533167744915,-0.0390610315988867,-1.06536942576891,0.008,0.968
"karachiBetaKDE",5e-04,10000,"0.05",26,0.51647843189623,-0.0317559668878054,-0.86422077012233,0.703306503908504,"covered",0.164533167744915,-0.0390610315988867,-1.06536942576891,0.008,0.968
"karachiBetaKDE",5e-04,10000,"0.05",26,0.476735140026402,-0.0880270221795358,-0.86422077012233,0.703306503908504,"covered",0.164533167744915,-0.0390610315988867,-1.06536942576891,0.008,0.968
"karachiBetaKDE",5e-04,10000,"0.05",26,0.436928695095447,-0.100586225874666,-0.86422077012233,0.703306503908504,"covered",0.164533167744915,-0.0390610315988867,-1.06536942576891,0.008,0.968
"karachiBetaKDE",5e-04,10000,"0.05",26,0.397723723245424,-0.144394244424753,-0.86422077012233,0.703306503908504,"covered",0.164533167744915,-0.0390610315988867,-1.06536942576891,0.008,0.968
"karachiBetaKDE",5e-04,10000,"0.05",26,0.359240914828636,-0.20486529504842,-0.86422077012233,0.703306503908504,"covered",0.164533167744915,-0.0390610315988867,-1.06536942576891,0.008,0.968
"karachiBetaKDE",5e-04,10000,"0.05",26,0.321562845842307,-0.340764083794732,-0.86422077012233,0.703306503908504,"covered",0.164533167744915,-0.0390610315988867,-1.06536942576891,0.008,0.968
"karachiBetaKDE",5e-04,10000,"0.05",26,0.285197981475766,-0.313499396770688,-0.86422077012233,0.703306503908504,"covered",0.164533167744915,-0.0390610315988867,-1.06536942576891,0.008,0.968
"karachiBetaKDE",5e-04,10000,"0.05",26,0.250836215776904,-0.273492915488078,-0.86422077012233,0.703306503908504,"covered",0.164533167744915,-0.0390610315988867,-1.06536942576891,0.008,0.968
"karachiBetaKDE",5e-04,10000,"0.05",26,0.219082914662495,-0.245887346712398,-0.86422077012233,0.703306503908504,"covered",0.164533167744915,-0.0390610315988867,-1.06536942576891,0.008,0.968
"karachiBetaKDE",5e-04,10000,"0.05",26,0.190309773296301,-0.154153000988326,-0.86422077012233,0.703306503908504,"covered",0.164533167744915,-0.0390610315988867,-1.06536942576891,0.008,0.968
"karachiBetaKDE",5e-04,10000,"0.05",26,0.164610609577326,0.0191774044623574,-0.86422077012233,0.703306503908504,"covered",0.164533167744915,-0.0390610315988867,-1.06536942576891,0.008,0.968
"karachiBetaKDE",5e-04,10000,"0.05",26,0.141983640287116,0.031155524837269,-0.86422077012233,0.703306503908504,"covered",0.164533167744915,-0.0390610315988867,-1.06536942576891,0.008,0.968
"karachiBetaKDE",5e-04,10000,"0.05",26,0.122267432828818,-0.0439900520299247,-0.86422077012233,0.703306503908504,"covered",0.164533167744915,-0.0390610315988867,-1.06536942576891,0.008,0.968
"karachiBetaKDE",5e-04,10000,"0.05",26,0.104618038263181,-0.115286439702925,-0.86422077012233,0.703306503908504,"covered",0.164533167744915,-0.0390610315988867,-1.06536942576891,0.008,0.968
"karachiBetaKDE",5e-04,10000,"0.05",26,0.0886383514543017,-0.143018616389498,-0.86422077012233,0.703306503908504,"covered",0.164533167744915,-0.0390610315988867,-1.06536942576891,0.008,0.968
"karachiBetaKDE",5e-04,10000,"0.05",26,0.0748475445763621,0.00623826899090632,-0.86422077012233,0.703306503908504,"covered",0.164533167744915,-0.0390610315988867,-1.06536942576891,0.008,0.968
"karachiBetaKDE",5e-04,10000,"0.05",26,0.06353753376898,0.10964487828569,-0.86422077012233,0.703306503908504,"covered",0.164533167744915,-0.0390610315988867,-1.06536942576891,0.008,0.968
"karachiBetaKDE",5e-04,10000,"0.05",26,0.0542627209029139,0.313064793423965,-0.86422077012233,0.703306503908504,"covered",0.164533167744915,-0.0390610315988867,-1.06536942576891,0.008,0.968
"karachiBetaKDE",5e-04,10000,"0.05",26,0.0464829494966246,0.493290202055693,-0.86422077012233,0.703306503908504,"covered",0.164533167744915,-0.0390610315988867,-1.06536942576891,0.008,0.968
"karachiBetaKDE",5e-04,10000,"0.05",26,0.0399020505287196,0.696090476007591,-0.86422077012233,0.703306503908504,"covered",0.164533167744915,-0.0390610315988867,-1.06536942576891,0.008,0.968
"karachiBetaKDE",5e-04,10000,"0.05",26,0.0342638781639597,0.882959441802423,-0.86422077012233,0.703306503908504,"escaped_inner",0.164533167744915,-0.0390610315988867,-1.06536942576891,0.008,0.968
"karachiBetaKDE",5e-04,10000,"0.05",26,0.029112520606684,1.05901971153551,-0.86422077012233,0.703306503908504,"escaped_inner",0.164533167744915,-0.0390610315988867,-1.06536942576891,0.008,0.968
"karachiBetaKDE",5e-04,10000,"0.05",26,0.0239701700290124,1.16711712171411,-0.86422077012233,0.703306503908504,"escaped_inner",0.164533167744915,-0.0390610315988867,-1.06536942576891,0.008,0.968
"karachiBetaKDE",5e-04,10000,"0.05",27,0.97891796945672,1.97396233800476,-0.927270583075678,0.731219695564617,"escaped_inner",0.159038029593105,-0.493675741674288,-1.27658679050888,0.007,0.9812
"karachiBetaKDE",5e-04,10000,"0.05",27,0.977147923248112,1.97936309462257,-0.927270583075678,0.731219695564617,"escaped_inner",0.159038029593105,-0.493675741674288,-1.27658679050888,0.007,0.9812
"karachiBetaKDE",5e-04,10000,"0.05",27,0.975392157375374,1.98409102113793,-0.927270583075678,0.731219695564617,"escaped_inner",0.159038029593105,-0.493675741674288,-1.27658679050888,0.007,0.9812
"karachiBetaKDE",5e-04,10000,"0.05",27,0.973728307066674,1.97024528276738,-0.927270583075678,0.731219695564617,"escaped_inner",0.159038029593105,-0.493675741674288,-1.27658679050888,0.007,0.9812
"karachiBetaKDE",5e-04,10000,"0.05",27,0.972148603393168,1.96955937789676,-0.927270583075678,0.731219695564617,"escaped_inner",0.159038029593105,-0.493675741674288,-1.27658679050888,0.007,0.9812
"karachiBetaKDE",5e-04,10000,"0.05",27,0.970556154699355,1.92021054287957,-0.927270583075678,0.731219695564617,"escaped_inner",0.159038029593105,-0.493675741674288,-1.27658679050888,0.007,0.9812
"karachiBetaKDE",5e-04,10000,"0.05",27,0.968823546619977,1.87521290618057,-0.927270583075678,0.731219695564617,"escaped_inner",0.159038029593105,-0.493675741674288,-1.27658679050888,0.007,0.9812
"karachiBetaKDE",5e-04,10000,"0.05",27,0.966856602335362,1.82796498815805,-0.927270583075678,0.731219695564617,"escaped_inner",0.159038029593105,-0.493675741674288,-1.27658679050888,0.007,0.9812
"karachiBetaKDE",5e-04,10000,"0.05",27,0.964584553599988,1.7913774887964,-0.927270583075678,0.731219695564617,"escaped_inner",0.159038029593105,-0.493675741674288,-1.27658679050888,0.007,0.9812
"karachiBetaKDE",5e-04,10000,"0.05",27,0.961904962533908,1.82067408885241,-0.927270583075678,0.731219695564617,"escaped_inner",0.159038029593105,-0.493675741674288,-1.27658679050888,0.007,0.9812
"karachiBetaKDE",5e-04,10000,"0.05",27,0.958671657270623,1.84756724098892,-0.927270583075678,0.731219695564617,"escaped_inner",0.159038029593105,-0.493675741674288,-1.27658679050888,0.007,0.9812
"karachiBetaKDE",5e-04,10000,"0.05",27,0.954760748875313,1.76393013207789,-0.927270583075678,0.731219695564617,"escaped_inner",0.159038029593105,-0.493675741674288,-1.27658679050888,0.007,0.9812
"karachiBetaKDE",5e-04,10000,"0.05",27,0.950123279437843,1.67896091854925,-0.927270583075678,0.731219695564617,"escaped_inner",0.159038029593105,-0.493675741674288,-1.27658679050888,0.007,0.9812
"karachiBetaKDE",5e-04,10000,"0.05",27,0.944774242698295,1.61460545414022,-0.927270583075678,0.731219695564617,"escaped_inner",0.159038029593105,-0.493675741674288,-1.27658679050888,0.007,0.9812
"karachiBetaKDE",5e-04,10000,"0.05",27,0.938744520641643,1.53277683991992,-0.927270583075678,0.731219695564617,"escaped_inner",0.159038029593105,-0.493675741674288,-1.27658679050888,0.007,0.9812
"karachiBetaKDE",5e-04,10000,"0.05",27,0.932033249415245,1.39304440895141,-0.927270583075678,0.731219695564617,"escaped_inner",0.159038029593105,-0.493675741674288,-1.27658679050888,0.007,0.9812
"karachiBetaKDE",5e-04,10000,"0.05",27,0.924586215878857,1.2741561715675,-0.927270583075678,0.731219695564617,"escaped_inner",0.159038029593105,-0.493675741674288,-1.27658679050888,0.007,0.9812
"karachiBetaKDE",5e-04,10000,"0.05",27,0.916299600528128,1.16372289557853,-0.927270583075678,0.731219695564617,"escaped_inner",0.159038029593105,-0.493675741674288,-1.27658679050888,0.007,0.9812
"karachiBetaKDE",5e-04,10000,"0.05",27,0.907026985009363,1.05579248889735,-0.927270583075678,0.731219695564617,"escaped_inner",0.159038029593105,-0.493675741674288,-1.27658679050888,0.007,0.9812
"karachiBetaKDE",5e-04,10000,"0.05",27,0.896586843613339,0.971011229078929,-0.927270583075678,0.731219695564617,"escaped_inner",0.159038029593105,-0.493675741674288,-1.27658679050888,0.007,0.9812
"karachiBetaKDE",5e-04,10000,"0.05",27,0.884771092114384,0.869517334923508,-0.927270583075678,0.731219695564617,"escaped_inner",0.159038029593105,-0.493675741674288,-1.27658679050888,0.007,0.9812
"karachiBetaKDE",5e-04,10000,"0.05",27,0.87139537236811,0.73916879757694,-0.927270583075678,0.731219695564617,"escaped_inner",0.159038029593105,-0.493675741674288,-1.27658679050888,0.007,0.9812
"karachiBetaKDE",5e-04,10000,"0.05",27,0.856354046676824,0.676114045648327,-0.927270583075678,0.731219695564617,"covered",0.159038029593105,-0.493675741674288,-1.27658679050888,0.007,0.9812
"karachiBetaKDE",5e-04,10000,"0.05",27,0.839610207739494,0.696730940005208,-0.927270583075678,0.731219695564617,"covered",0.159038029593105,-0.493675741674288,-1.27658679050888,0.007,0.9812
"karachiBetaKDE",5e-04,10000,"0.05",27,0.821080728047109,0.604147024284264,-0.927270583075678,0.731219695564617,"covered",0.159038029593105,-0.493675741674288,-1.27658679050888,0.007,0.9812
"karachiBetaKDE",5e-04,10000,"0.05",27,0.800567701187619,0.568710019599476,-0.927270583075678,0.731219695564617,"covered",0.159038029593105,-0.493675741674288,-1.27658679050888,0.007,0.9812
"karachiBetaKDE",5e-04,10000,"0.05",27,0.777885607549507,0.638611552106352,-0.927270583075678,0.731219695564617,"covered",0.159038029593105,-0.493675741674288,-1.27658679050888,0.007,0.9812
"karachiBetaKDE",5e-04,10000,"0.05",27,0.752982458946362,0.538094713027253,-0.927270583075678,0.731219695564617,"covered",0.159038029593105,-0.493675741674288,-1.27658679050888,0.007,0.9812
"karachiBetaKDE",5e-04,10000,"0.05",27,0.725790234162741,0.365380084767288,-0.927270583075678,0.731219695564617,"covered",0.159038029593105,-0.493675741674288,-1.27658679050888,0.007,0.9812
"karachiBetaKDE",5e-04,10000,"0.05",27,0.69606561161469,0.345348896578152,-0.927270583075678,0.731219695564617,"covered",0.159038029593105,-0.493675741674288,-1.27658679050888,0.007,0.9812
"karachiBetaKDE",5e-04,10000,"0.05",27,0.663699698655259,0.248789562593525,-0.927270583075678,0.731219695564617,"covered",0.159038029593105,-0.493675741674288,-1.27658679050888,0.007,0.9812
"karachiBetaKDE",5e-04,10000,"0.05",27,0.629093271635229,0.18874712388407,-0.927270583075678,0.731219695564617,"covered",0.159038029593105,-0.493675741674288,-1.27658679050888,0.007,0.9812
"karachiBetaKDE",5e-04,10000,"0.05",27,0.592868808043879,0.123067257031988,-0.927270583075678,0.731219695564617,"covered",0.159038029593105,-0.493675741674288,-1.27658679050888,0.007,0.9812
"karachiBetaKDE",5e-04,10000,"0.05",27,0.555319981977444,0.101282949520372,-0.927270583075678,0.731219695564617,"covered",0.159038029593105,-0.493675741674288,-1.27658679050888,0.007,0.9812
"karachiBetaKDE",5e-04,10000,"0.05",27,0.51647843189623,0.00298512560841313,-0.927270583075678,0.731219695564617,"covered",0.159038029593105,-0.493675741674288,-1.27658679050888,0.007,0.9812
"karachiBetaKDE",5e-04,10000,"0.05",27,0.476735140026402,-0.144223534689609,-0.927270583075678,0.731219695564617,"covered",0.159038029593105,-0.493675741674288,-1.27658679050888,0.007,0.9812
"karachiBetaKDE",5e-04,10000,"0.05",27,0.436928695095447,-0.029702112476529,-0.927270583075678,0.731219695564617,"covered",0.159038029593105,-0.493675741674288,-1.27658679050888,0.007,0.9812
"karachiBetaKDE",5e-04,10000,"0.05",27,0.397723723245424,-0.0976980771363603,-0.927270583075678,0.731219695564617,"covered",0.159038029593105,-0.493675741674288,-1.27658679050888,0.007,0.9812
"karachiBetaKDE",5e-04,10000,"0.05",27,0.359240914828636,-0.0894042011927615,-0.927270583075678,0.731219695564617,"covered",0.159038029593105,-0.493675741674288,-1.27658679050888,0.007,0.9812
"karachiBetaKDE",5e-04,10000,"0.05",27,0.321562845842307,-0.0789753647238175,-0.927270583075678,0.731219695564617,"covered",0.159038029593105,-0.493675741674288,-1.27658679050888,0.007,0.9812
"karachiBetaKDE",5e-04,10000,"0.05",27,0.285197981475766,-0.134231010236536,-0.927270583075678,0.731219695564617,"covered",0.159038029593105,-0.493675741674288,-1.27658679050888,0.007,0.9812
"karachiBetaKDE",5e-04,10000,"0.05",27,0.250836215776904,-0.248667409297112,-0.927270583075678,0.731219695564617,"covered",0.159038029593105,-0.493675741674288,-1.27658679050888,0.007,0.9812
"karachiBetaKDE",5e-04,10000,"0.05",27,0.219082914662495,-0.308377089286074,-0.927270583075678,0.731219695564617,"covered",0.159038029593105,-0.493675741674288,-1.27658679050888,0.007,0.9812
"karachiBetaKDE",5e-04,10000,"0.05",27,0.190309773296301,-0.312734744220281,-0.927270583075678,0.731219695564617,"covered",0.159038029593105,-0.493675741674288,-1.27658679050888,0.007,0.9812
"karachiBetaKDE",5e-04,10000,"0.05",27,0.164610609577326,-0.347863184670358,-0.927270583075678,0.731219695564617,"covered",0.159038029593105,-0.493675741674288,-1.27658679050888,0.007,0.9812
"karachiBetaKDE",5e-04,10000,"0.05",27,0.141983640287116,-0.344840471805276,-0.927270583075678,0.731219695564617,"covered",0.159038029593105,-0.493675741674288,-1.27658679050888,0.007,0.9812
"karachiBetaKDE",5e-04,10000,"0.05",27,0.122267432828818,-0.300010382091208,-0.927270583075678,0.731219695564617,"covered",0.159038029593105,-0.493675741674288,-1.27658679050888,0.007,0.9812
"karachiBetaKDE",5e-04,10000,"0.05",27,0.104618038263181,-0.18445585125092,-0.927270583075678,0.731219695564617,"covered",0.159038029593105,-0.493675741674288,-1.27658679050888,0.007,0.9812
"karachiBetaKDE",5e-04,10000,"0.05",27,0.0886383514543017,-0.167909755042304,-0.927270583075678,0.731219695564617,"covered",0.159038029593105,-0.493675741674288,-1.27658679050888,0.007,0.9812
"karachiBetaKDE",5e-04,10000,"0.05",27,0.0748475445763621,-0.0582702190039051,-0.927270583075678,0.731219695564617,"covered",0.159038029593105,-0.493675741674288,-1.27658679050888,0.007,0.9812
"karachiBetaKDE",5e-04,10000,"0.05",27,0.06353753376898,0.0761646590191186,-0.927270583075678,0.731219695564617,"covered",0.159038029593105,-0.493675741674288,-1.27658679050888,0.007,0.9812
"karachiBetaKDE",5e-04,10000,"0.05",27,0.0542627209029139,0.272972471525438,-0.927270583075678,0.731219695564617,"covered",0.159038029593105,-0.493675741674288,-1.27658679050888,0.007,0.9812
"karachiBetaKDE",5e-04,10000,"0.05",27,0.0464829494966246,0.44696931896201,-0.927270583075678,0.731219695564617,"covered",0.159038029593105,-0.493675741674288,-1.27658679050888,0.007,0.9812
"karachiBetaKDE",5e-04,10000,"0.05",27,0.0399020505287196,0.704196604158588,-0.927270583075678,0.731219695564617,"covered",0.159038029593105,-0.493675741674288,-1.27658679050888,0.007,0.9812
"karachiBetaKDE",5e-04,10000,"0.05",27,0.0342638781639597,0.877725866422505,-0.927270583075678,0.731219695564617,"escaped_inner",0.159038029593105,-0.493675741674288,-1.27658679050888,0.007,0.9812
"karachiBetaKDE",5e-04,10000,"0.05",27,0.029112520606684,1.04529290536532,-0.927270583075678,0.731219695564617,"escaped_inner",0.159038029593105,-0.493675741674288,-1.27658679050888,0.007,0.9812
"karachiBetaKDE",5e-04,10000,"0.05",27,0.0239701700290124,1.19663849592361,-0.927270583075678,0.731219695564617,"escaped_inner",0.159038029593105,-0.493675741674288,-1.27658679050888,0.007,0.9812
"karachiBetaKDE",5e-04,10000,"0.05",28,0.97891796945672,1.85990412701064,-0.905635316130132,0.714004599864002,"escaped_inner",0.162281204269834,-0.284229774113471,-0.742465207210822,0.0033,0.7066
"karachiBetaKDE",5e-04,10000,"0.05",28,0.977147923248112,1.91677889469341,-0.905635316130132,0.714004599864002,"escaped_inner",0.162281204269834,-0.284229774113471,-0.742465207210822,0.0033,0.7066
"karachiBetaKDE",5e-04,10000,"0.05",28,0.975392157375374,1.96722244341944,-0.905635316130132,0.714004599864002,"escaped_inner",0.162281204269834,-0.284229774113471,-0.742465207210822,0.0033,0.7066
"karachiBetaKDE",5e-04,10000,"0.05",28,0.973728307066674,1.95403475987445,-0.905635316130132,0.714004599864002,"escaped_inner",0.162281204269834,-0.284229774113471,-0.742465207210822,0.0033,0.7066
"karachiBetaKDE",5e-04,10000,"0.05",28,0.972148603393168,1.93053658749482,-0.905635316130132,0.714004599864002,"escaped_inner",0.162281204269834,-0.284229774113471,-0.742465207210822,0.0033,0.7066
"karachiBetaKDE",5e-04,10000,"0.05",28,0.970556154699355,1.90150826991493,-0.905635316130132,0.714004599864002,"escaped_inner",0.162281204269834,-0.284229774113471,-0.742465207210822,0.0033,0.7066
"karachiBetaKDE",5e-04,10000,"0.05",28,0.968823546619977,1.89314457893535,-0.905635316130132,0.714004599864002,"escaped_inner",0.162281204269834,-0.284229774113471,-0.742465207210822,0.0033,0.7066
"karachiBetaKDE",5e-04,10000,"0.05",28,0.966856602335362,1.86361633951833,-0.905635316130132,0.714004599864002,"escaped_inner",0.162281204269834,-0.284229774113471,-0.742465207210822,0.0033,0.7066
"karachiBetaKDE",5e-04,10000,"0.05",28,0.964584553599988,1.84802797981363,-0.905635316130132,0.714004599864002,"escaped_inner",0.162281204269834,-0.284229774113471,-0.742465207210822,0.0033,0.7066
"karachiBetaKDE",5e-04,10000,"0.05",28,0.961904962533908,1.78439960681687,-0.905635316130132,0.714004599864002,"escaped_inner",0.162281204269834,-0.284229774113471,-0.742465207210822,0.0033,0.7066
"karachiBetaKDE",5e-04,10000,"0.05",28,0.958671657270623,1.75547289146629,-0.905635316130132,0.714004599864002,"escaped_inner",0.162281204269834,-0.284229774113471,-0.742465207210822,0.0033,0.7066
"karachiBetaKDE",5e-04,10000,"0.05",28,0.954760748875313,1.74417231323049,-0.905635316130132,0.714004599864002,"escaped_inner",0.162281204269834,-0.284229774113471,-0.742465207210822,0.0033,0.7066
"karachiBetaKDE",5e-04,10000,"0.05",28,0.950123279437843,1.71521418500776,-0.905635316130132,0.714004599864002,"escaped_inner",0.162281204269834,-0.284229774113471,-0.742465207210822,0.0033,0.7066
"karachiBetaKDE",5e-04,10000,"0.05",28,0.944774242698295,1.63267032353014,-0.905635316130132,0.714004599864002,"escaped_inner",0.162281204269834,-0.284229774113471,-0.742465207210822,0.0033,0.7066
"karachiBetaKDE",5e-04,10000,"0.05",28,0.938744520641643,1.53569077014851,-0.905635316130132,0.714004599864002,"escaped_inner",0.162281204269834,-0.284229774113471,-0.742465207210822,0.0033,0.7066
"karachiBetaKDE",5e-04,10000,"0.05",28,0.932033249415245,1.41349443471852,-0.905635316130132,0.714004599864002,"escaped_inner",0.162281204269834,-0.284229774113471,-0.742465207210822,0.0033,0.7066
"karachiBetaKDE",5e-04,10000,"0.05",28,0.924586215878857,1.33769500981811,-0.905635316130132,0.714004599864002,"escaped_inner",0.162281204269834,-0.284229774113471,-0.742465207210822,0.0033,0.7066
"karachiBetaKDE",5e-04,10000,"0.05",28,0.916299600528128,1.23288401064483,-0.905635316130132,0.714004599864002,"escaped_inner",0.162281204269834,-0.284229774113471,-0.742465207210822,0.0033,0.7066
"karachiBetaKDE",5e-04,10000,"0.05",28,0.907026985009363,1.17807863894858,-0.905635316130132,0.714004599864002,"escaped_inner",0.162281204269834,-0.284229774113471,-0.742465207210822,0.0033,0.7066
"karachiBetaKDE",5e-04,10000,"0.05",28,0.896586843613339,1.06072460638459,-0.905635316130132,0.714004599864002,"escaped_inner",0.162281204269834,-0.284229774113471,-0.742465207210822,0.0033,0.7066
"karachiBetaKDE",5e-04,10000,"0.05",28,0.884771092114384,1.01154406602814,-0.905635316130132,0.714004599864002,"escaped_inner",0.162281204269834,-0.284229774113471,-0.742465207210822,0.0033,0.7066
"karachiBetaKDE",5e-04,10000,"0.05",28,0.87139537236811,0.975070509016222,-0.905635316130132,0.714004599864002,"escaped_inner",0.162281204269834,-0.284229774113471,-0.742465207210822,0.0033,0.7066
"karachiBetaKDE",5e-04,10000,"0.05",28,0.856354046676824,0.931056932639885,-0.905635316130132,0.714004599864002,"escaped_inner",0.162281204269834,-0.284229774113471,-0.742465207210822,0.0033,0.7066
"karachiBetaKDE",5e-04,10000,"0.05",28,0.839610207739494,0.837076553086767,-0.905635316130132,0.714004599864002,"escaped_inner",0.162281204269834,-0.284229774113471,-0.742465207210822,0.0033,0.7066
"karachiBetaKDE",5e-04,10000,"0.05",28,0.821080728047109,0.749192175872146,-0.905635316130132,0.714004599864002,"escaped_inner",0.162281204269834,-0.284229774113471,-0.742465207210822,0.0033,0.7066
"karachiBetaKDE",5e-04,10000,"0.05",28,0.800567701187619,0.736902422347574,-0.905635316130132,0.714004599864002,"escaped_inner",0.162281204269834,-0.284229774113471,-0.742465207210822,0.0033,0.7066
"karachiBetaKDE",5e-04,10000,"0.05",28,0.777885607549507,0.710686512930775,-0.905635316130132,0.714004599864002,"covered",0.162281204269834,-0.284229774113471,-0.742465207210822,0.0033,0.7066
"karachiBetaKDE",5e-04,10000,"0.05",28,0.752982458946362,0.728522061765916,-0.905635316130132,0.714004599864002,"escaped_inner",0.162281204269834,-0.284229774113471,-0.742465207210822,0.0033,0.7066
"karachiBetaKDE",5e-04,10000,"0.05",28,0.725790234162741,0.64781323480514,-0.905635316130132,0.714004599864002,"covered",0.162281204269834,-0.284229774113471,-0.742465207210822,0.0033,0.7066
"karachiBetaKDE",5e-04,10000,"0.05",28,0.69606561161469,0.545987161367664,-0.905635316130132,0.714004599864002,"covered",0.162281204269834,-0.284229774113471,-0.742465207210822,0.0033,0.7066
"karachiBetaKDE",5e-04,10000,"0.05",28,0.663699698655259,0.433317922629403,-0.905635316130132,0.714004599864002,"covered",0.162281204269834,-0.284229774113471,-0.742465207210822,0.0033,0.7066
"karachiBetaKDE",5e-04,10000,"0.05",28,0.629093271635229,0.285477001704822,-0.905635316130132,0.714004599864002,"covered",0.162281204269834,-0.284229774113471,-0.742465207210822,0.0033,0.7066
"karachiBetaKDE",5e-04,10000,"0.05",28,0.592868808043879,0.212534506096918,-0.905635316130132,0.714004599864002,"covered",0.162281204269834,-0.284229774113471,-0.742465207210822,0.0033,0.7066
"karachiBetaKDE",5e-04,10000,"0.05",28,0.555319981977444,0.077810640337826,-0.905635316130132,0.714004599864002,"covered",0.162281204269834,-0.284229774113471,-0.742465207210822,0.0033,0.7066
"karachiBetaKDE",5e-04,10000,"0.05",28,0.51647843189623,0.0701889798538483,-0.905635316130132,0.714004599864002,"covered",0.162281204269834,-0.284229774113471,-0.742465207210822,0.0033,0.7066
"karachiBetaKDE",5e-04,10000,"0.05",28,0.476735140026402,0.0144627927342498,-0.905635316130132,0.714004599864002,"covered",0.162281204269834,-0.284229774113471,-0.742465207210822,0.0033,0.7066
"karachiBetaKDE",5e-04,10000,"0.05",28,0.436928695095447,-0.0274751490932677,-0.905635316130132,0.714004599864002,"covered",0.162281204269834,-0.284229774113471,-0.742465207210822,0.0033,0.7066
"karachiBetaKDE",5e-04,10000,"0.05",28,0.397723723245424,-0.114147888695777,-0.905635316130132,0.714004599864002,"covered",0.162281204269834,-0.284229774113471,-0.742465207210822,0.0033,0.7066
"karachiBetaKDE",5e-04,10000,"0.05",28,0.359240914828636,-0.0820884650362559,-0.905635316130132,0.714004599864002,"covered",0.162281204269834,-0.284229774113471,-0.742465207210822,0.0033,0.7066
"karachiBetaKDE",5e-04,10000,"0.05",28,0.321562845842307,-0.21541280677891,-0.905635316130132,0.714004599864002,"covered",0.162281204269834,-0.284229774113471,-0.742465207210822,0.0033,0.7066
"karachiBetaKDE",5e-04,10000,"0.05",28,0.285197981475766,-0.335001408245522,-0.905635316130132,0.714004599864002,"covered",0.162281204269834,-0.284229774113471,-0.742465207210822,0.0033,0.7066
"karachiBetaKDE",5e-04,10000,"0.05",28,0.250836215776904,-0.422766563806325,-0.905635316130132,0.714004599864002,"covered",0.162281204269834,-0.284229774113471,-0.742465207210822,0.0033,0.7066
"karachiBetaKDE",5e-04,10000,"0.05",28,0.219082914662495,-0.363450365530075,-0.905635316130132,0.714004599864002,"covered",0.162281204269834,-0.284229774113471,-0.742465207210822,0.0033,0.7066
"karachiBetaKDE",5e-04,10000,"0.05",28,0.190309773296301,-0.258203875664719,-0.905635316130132,0.714004599864002,"covered",0.162281204269834,-0.284229774113471,-0.742465207210822,0.0033,0.7066
"karachiBetaKDE",5e-04,10000,"0.05",28,0.164610609577326,-0.178326144794818,-0.905635316130132,0.714004599864002,"covered",0.162281204269834,-0.284229774113471,-0.742465207210822,0.0033,0.7066
"karachiBetaKDE",5e-04,10000,"0.05",28,0.141983640287116,-0.21418287236984,-0.905635316130132,0.714004599864002,"covered",0.162281204269834,-0.284229774113471,-0.742465207210822,0.0033,0.7066
"karachiBetaKDE",5e-04,10000,"0.05",28,0.122267432828818,-0.14071041636878,-0.905635316130132,0.714004599864002,"covered",0.162281204269834,-0.284229774113471,-0.742465207210822,0.0033,0.7066
"karachiBetaKDE",5e-04,10000,"0.05",28,0.104618038263181,-0.175113126318834,-0.905635316130132,0.714004599864002,"covered",0.162281204269834,-0.284229774113471,-0.742465207210822,0.0033,0.7066
"karachiBetaKDE",5e-04,10000,"0.05",28,0.0886383514543017,-0.224026387900833,-0.905635316130132,0.714004599864002,"covered",0.162281204269834,-0.284229774113471,-0.742465207210822,0.0033,0.7066
"karachiBetaKDE",5e-04,10000,"0.05",28,0.0748475445763621,-0.257343280027175,-0.905635316130132,0.714004599864002,"covered",0.162281204269834,-0.284229774113471,-0.742465207210822,0.0033,0.7066
"karachiBetaKDE",5e-04,10000,"0.05",28,0.06353753376898,-0.0796402904386609,-0.905635316130132,0.714004599864002,"covered",0.162281204269834,-0.284229774113471,-0.742465207210822,0.0033,0.7066
"karachiBetaKDE",5e-04,10000,"0.05",28,0.0542627209029139,0.0738709871180856,-0.905635316130132,0.714004599864002,"covered",0.162281204269834,-0.284229774113471,-0.742465207210822,0.0033,0.7066
"karachiBetaKDE",5e-04,10000,"0.05",28,0.0464829494966246,0.333145174821835,-0.905635316130132,0.714004599864002,"covered",0.162281204269834,-0.284229774113471,-0.742465207210822,0.0033,0.7066
"karachiBetaKDE",5e-04,10000,"0.05",28,0.0399020505287196,0.587807263448234,-0.905635316130132,0.714004599864002,"covered",0.162281204269834,-0.284229774113471,-0.742465207210822,0.0033,0.7066
"karachiBetaKDE",5e-04,10000,"0.05",28,0.0342638781639597,0.866424256469879,-0.905635316130132,0.714004599864002,"escaped_inner",0.162281204269834,-0.284229774113471,-0.742465207210822,0.0033,0.7066
"karachiBetaKDE",5e-04,10000,"0.05",28,0.029112520606684,1.03206148812382,-0.905635316130132,0.714004599864002,"escaped_inner",0.162281204269834,-0.284229774113471,-0.742465207210822,0.0033,0.7066
"karachiBetaKDE",5e-04,10000,"0.05",28,0.0239701700290124,1.15733164615979,-0.905635316130132,0.714004599864002,"escaped_inner",0.162281204269834,-0.284229774113471,-0.742465207210822,0.0033,0.7066
"karachiBetaKDE",5e-04,10000,"0.05",29,0.97891796945672,1.8476851884233,-0.856015636191932,0.696027598325035,"escaped_inner",0.154240121938174,-0.196650906350817,-1.0111915049779,0.004,0.848
"karachiBetaKDE",5e-04,10000,"0.05",29,0.977147923248112,1.83611292061008,-0.856015636191932,0.696027598325035,"escaped_inner",0.154240121938174,-0.196650906350817,-1.0111915049779,0.004,0.848
"karachiBetaKDE",5e-04,10000,"0.05",29,0.975392157375374,1.87928286239142,-0.856015636191932,0.696027598325035,"escaped_inner",0.154240121938174,-0.196650906350817,-1.0111915049779,0.004,0.848
"karachiBetaKDE",5e-04,10000,"0.05",29,0.973728307066674,1.85308454875927,-0.856015636191932,0.696027598325035,"escaped_inner",0.154240121938174,-0.196650906350817,-1.0111915049779,0.004,0.848
"karachiBetaKDE",5e-04,10000,"0.05",29,0.972148603393168,1.86994720786801,-0.856015636191932,0.696027598325035,"escaped_inner",0.154240121938174,-0.196650906350817,-1.0111915049779,0.004,0.848
"karachiBetaKDE",5e-04,10000,"0.05",29,0.970556154699355,1.81759561509845,-0.856015636191932,0.696027598325035,"escaped_inner",0.154240121938174,-0.196650906350817,-1.0111915049779,0.004,0.848
"karachiBetaKDE",5e-04,10000,"0.05",29,0.968823546619977,1.81395346378673,-0.856015636191932,0.696027598325035,"escaped_inner",0.154240121938174,-0.196650906350817,-1.0111915049779,0.004,0.848
"karachiBetaKDE",5e-04,10000,"0.05",29,0.966856602335362,1.78133295934653,-0.856015636191932,0.696027598325035,"escaped_inner",0.154240121938174,-0.196650906350817,-1.0111915049779,0.004,0.848
"karachiBetaKDE",5e-04,10000,"0.05",29,0.964584553599988,1.70807546906941,-0.856015636191932,0.696027598325035,"escaped_inner",0.154240121938174,-0.196650906350817,-1.0111915049779,0.004,0.848
"karachiBetaKDE",5e-04,10000,"0.05",29,0.961904962533908,1.69470441555872,-0.856015636191932,0.696027598325035,"escaped_inner",0.154240121938174,-0.196650906350817,-1.0111915049779,0.004,0.848
"karachiBetaKDE",5e-04,10000,"0.05",29,0.958671657270623,1.65145959867684,-0.856015636191932,0.696027598325035,"escaped_inner",0.154240121938174,-0.196650906350817,-1.0111915049779,0.004,0.848
"karachiBetaKDE",5e-04,10000,"0.05",29,0.954760748875313,1.59885997621235,-0.856015636191932,0.696027598325035,"escaped_inner",0.154240121938174,-0.196650906350817,-1.0111915049779,0.004,0.848
"karachiBetaKDE",5e-04,10000,"0.05",29,0.950123279437843,1.58612547448329,-0.856015636191932,0.696027598325035,"escaped_inner",0.154240121938174,-0.196650906350817,-1.0111915049779,0.004,0.848
"karachiBetaKDE",5e-04,10000,"0.05",29,0.944774242698295,1.52112832941321,-0.856015636191932,0.696027598325035,"escaped_inner",0.154240121938174,-0.196650906350817,-1.0111915049779,0.004,0.848
"karachiBetaKDE",5e-04,10000,"0.05",29,0.938744520641643,1.39365252040795,-0.856015636191932,0.696027598325035,"escaped_inner",0.154240121938174,-0.196650906350817,-1.0111915049779,0.004,0.848
"karachiBetaKDE",5e-04,10000,"0.05",29,0.932033249415245,1.28229189948532,-0.856015636191932,0.696027598325035,"escaped_inner",0.154240121938174,-0.196650906350817,-1.0111915049779,0.004,0.848
"karachiBetaKDE",5e-04,10000,"0.05",29,0.924586215878857,1.19043284764086,-0.856015636191932,0.696027598325035,"escaped_inner",0.154240121938174,-0.196650906350817,-1.0111915049779,0.004,0.848
"karachiBetaKDE",5e-04,10000,"0.05",29,0.916299600528128,1.14554483685258,-0.856015636191932,0.696027598325035,"escaped_inner",0.154240121938174,-0.196650906350817,-1.0111915049779,0.004,0.848
"karachiBetaKDE",5e-04,10000,"0.05",29,0.907026985009363,1.02190518918594,-0.856015636191932,0.696027598325035,"escaped_inner",0.154240121938174,-0.196650906350817,-1.0111915049779,0.004,0.848
"karachiBetaKDE",5e-04,10000,"0.05",29,0.896586843613339,0.931391866870413,-0.856015636191932,0.696027598325035,"escaped_inner",0.154240121938174,-0.196650906350817,-1.0111915049779,0.004,0.848
"karachiBetaKDE",5e-04,10000,"0.05",29,0.884771092114384,0.886713823311553,-0.856015636191932,0.696027598325035,"escaped_inner",0.154240121938174,-0.196650906350817,-1.0111915049779,0.004,0.848
"karachiBetaKDE",5e-04,10000,"0.05",29,0.87139537236811,0.765867333894864,-0.856015636191932,0.696027598325035,"escaped_inner",0.154240121938174,-0.196650906350817,-1.0111915049779,0.004,0.848
"karachiBetaKDE",5e-04,10000,"0.05",29,0.856354046676824,0.768389295734973,-0.856015636191932,0.696027598325035,"escaped_inner",0.154240121938174,-0.196650906350817,-1.0111915049779,0.004,0.848
"karachiBetaKDE",5e-04,10000,"0.05",29,0.839610207739494,0.712323854750416,-0.856015636191932,0.696027598325035,"escaped_inner",0.154240121938174,-0.196650906350817,-1.0111915049779,0.004,0.848
"karachiBetaKDE",5e-04,10000,"0.05",29,0.821080728047109,0.689000263231622,-0.856015636191932,0.696027598325035,"covered",0.154240121938174,-0.196650906350817,-1.0111915049779,0.004,0.848
"karachiBetaKDE",5e-04,10000,"0.05",29,0.800567701187619,0.680378883138268,-0.856015636191932,0.696027598325035,"covered",0.154240121938174,-0.196650906350817,-1.0111915049779,0.004,0.848
"karachiBetaKDE",5e-04,10000,"0.05",29,0.777885607549507,0.55818138115962,-0.856015636191932,0.696027598325035,"covered",0.154240121938174,-0.196650906350817,-1.0111915049779,0.004,0.848
"karachiBetaKDE",5e-04,10000,"0.05",29,0.752982458946362,0.493997093970161,-0.856015636191932,0.696027598325035,"covered",0.154240121938174,-0.196650906350817,-1.0111915049779,0.004,0.848
"karachiBetaKDE",5e-04,10000,"0.05",29,0.725790234162741,0.421327681409609,-0.856015636191932,0.696027598325035,"covered",0.154240121938174,-0.196650906350817,-1.0111915049779,0.004,0.848
"karachiBetaKDE",5e-04,10000,"0.05",29,0.69606561161469,0.247659654645952,-0.856015636191932,0.696027598325035,"covered",0.154240121938174,-0.196650906350817,-1.0111915049779,0.004,0.848
"karachiBetaKDE",5e-04,10000,"0.05",29,0.663699698655259,0.120894806372746,-0.856015636191932,0.696027598325035,"covered",0.154240121938174,-0.196650906350817,-1.0111915049779,0.004,0.848
"karachiBetaKDE",5e-04,10000,"0.05",29,0.629093271635229,0.0813583269874115,-0.856015636191932,0.696027598325035,"covered",0.154240121938174,-0.196650906350817,-1.0111915049779,0.004,0.848
"karachiBetaKDE",5e-04,10000,"0.05",29,0.592868808043879,0.024280938281525,-0.856015636191932,0.696027598325035,"covered",0.154240121938174,-0.196650906350817,-1.0111915049779,0.004,0.848
"karachiBetaKDE",5e-04,10000,"0.05",29,0.555319981977444,0.00302971663856846,-0.856015636191932,0.696027598325035,"covered",0.154240121938174,-0.196650906350817,-1.0111915049779,0.004,0.848
"karachiBetaKDE",5e-04,10000,"0.05",29,0.51647843189623,-0.0585008870325223,-0.856015636191932,0.696027598325035,"covered",0.154240121938174,-0.196650906350817,-1.0111915049779,0.004,0.848
"karachiBetaKDE",5e-04,10000,"0.05",29,0.476735140026402,-0.0841643524329206,-0.856015636191932,0.696027598325035,"covered",0.154240121938174,-0.196650906350817,-1.0111915049779,0.004,0.848
"karachiBetaKDE",5e-04,10000,"0.05",29,0.436928695095447,-0.15745780400301,-0.856015636191932,0.696027598325035,"covered",0.154240121938174,-0.196650906350817,-1.0111915049779,0.004,0.848
"karachiBetaKDE",5e-04,10000,"0.05",29,0.397723723245424,-0.325102019096948,-0.856015636191932,0.696027598325035,"covered",0.154240121938174,-0.196650906350817,-1.0111915049779,0.004,0.848
"karachiBetaKDE",5e-04,10000,"0.05",29,0.359240914828636,-0.399114660284256,-0.856015636191932,0.696027598325035,"covered",0.154240121938174,-0.196650906350817,-1.0111915049779,0.004,0.848
"karachiBetaKDE",5e-04,10000,"0.05",29,0.321562845842307,-0.473835417126018,-0.856015636191932,0.696027598325035,"covered",0.154240121938174,-0.196650906350817,-1.0111915049779,0.004,0.848
"karachiBetaKDE",5e-04,10000,"0.05",29,0.285197981475766,-0.510867339787239,-0.856015636191932,0.696027598325035,"covered",0.154240121938174,-0.196650906350817,-1.0111915049779,0.004,0.848
"karachiBetaKDE",5e-04,10000,"0.05",29,0.250836215776904,-0.624455243147374,-0.856015636191932,0.696027598325035,"covered",0.154240121938174,-0.196650906350817,-1.0111915049779,0.004,0.848
"karachiBetaKDE",5e-04,10000,"0.05",29,0.219082914662495,-0.484468262705003,-0.856015636191932,0.696027598325035,"covered",0.154240121938174,-0.196650906350817,-1.0111915049779,0.004,0.848
"karachiBetaKDE",5e-04,10000,"0.05",29,0.190309773296301,-0.342868270145727,-0.856015636191932,0.696027598325035,"covered",0.154240121938174,-0.196650906350817,-1.0111915049779,0.004,0.848
"karachiBetaKDE",5e-04,10000,"0.05",29,0.164610609577326,-0.217650528723948,-0.856015636191932,0.696027598325035,"covered",0.154240121938174,-0.196650906350817,-1.0111915049779,0.004,0.848
"karachiBetaKDE",5e-04,10000,"0.05",29,0.141983640287116,-0.257262754948362,-0.856015636191932,0.696027598325035,"covered",0.154240121938174,-0.196650906350817,-1.0111915049779,0.004,0.848
"karachiBetaKDE",5e-04,10000,"0.05",29,0.122267432828818,-0.281575027805979,-0.856015636191932,0.696027598325035,"covered",0.154240121938174,-0.196650906350817,-1.0111915049779,0.004,0.848
"karachiBetaKDE",5e-04,10000,"0.05",29,0.104618038263181,-0.368124628492564,-0.856015636191932,0.696027598325035,"covered",0.154240121938174,-0.196650906350817,-1.0111915049779,0.004,0.848
"karachiBetaKDE",5e-04,10000,"0.05",29,0.0886383514543017,-0.22972191441245,-0.856015636191932,0.696027598325035,"covered",0.154240121938174,-0.196650906350817,-1.0111915049779,0.004,0.848
"karachiBetaKDE",5e-04,10000,"0.05",29,0.0748475445763621,-0.161585620007597,-0.856015636191932,0.696027598325035,"covered",0.154240121938174,-0.196650906350817,-1.0111915049779,0.004,0.848
"karachiBetaKDE",5e-04,10000,"0.05",29,0.06353753376898,-0.0568341120798704,-0.856015636191932,0.696027598325035,"covered",0.154240121938174,-0.196650906350817,-1.0111915049779,0.004,0.848
"karachiBetaKDE",5e-04,10000,"0.05",29,0.0542627209029139,0.103970876231815,-0.856015636191932,0.696027598325035,"covered",0.154240121938174,-0.196650906350817,-1.0111915049779,0.004,0.848
"karachiBetaKDE",5e-04,10000,"0.05",29,0.0464829494966246,0.346940647059181,-0.856015636191932,0.696027598325035,"covered",0.154240121938174,-0.196650906350817,-1.0111915049779,0.004,0.848
"karachiBetaKDE",5e-04,10000,"0.05",29,0.0399020505287196,0.527875070888729,-0.856015636191932,0.696027598325035,"covered",0.154240121938174,-0.196650906350817,-1.0111915049779,0.004,0.848
"karachiBetaKDE",5e-04,10000,"0.05",29,0.0342638781639597,0.80165320370963,-0.856015636191932,0.696027598325035,"escaped_inner",0.154240121938174,-0.196650906350817,-1.0111915049779,0.004,0.848
"karachiBetaKDE",5e-04,10000,"0.05",29,0.029112520606684,0.972681316048173,-0.856015636191932,0.696027598325035,"escaped_inner",0.154240121938174,-0.196650906350817,-1.0111915049779,0.004,0.848
"karachiBetaKDE",5e-04,10000,"0.05",29,0.0239701700290124,1.09122896207041,-0.856015636191932,0.696027598325035,"escaped_inner",0.154240121938174,-0.196650906350817,-1.0111915049779,0.004,0.848
"karachiBetaKDE",5e-04,10000,"0.05",30,0.97891796945672,1.73234625737152,-0.91813211620897,0.742184486957408,"escaped_inner",0.142383039417986,-0.0332944027390192,-1.1572806967337,0.0083,0.9866
"karachiBetaKDE",5e-04,10000,"0.05",30,0.977147923248112,1.76600785292123,-0.91813211620897,0.742184486957408,"escaped_inner",0.142383039417986,-0.0332944027390192,-1.1572806967337,0.0083,0.9866
"karachiBetaKDE",5e-04,10000,"0.05",30,0.975392157375374,1.77620738683877,-0.91813211620897,0.742184486957408,"escaped_inner",0.142383039417986,-0.0332944027390192,-1.1572806967337,0.0083,0.9866
"karachiBetaKDE",5e-04,10000,"0.05",30,0.973728307066674,1.77711151773187,-0.91813211620897,0.742184486957408,"escaped_inner",0.142383039417986,-0.0332944027390192,-1.1572806967337,0.0083,0.9866
"karachiBetaKDE",5e-04,10000,"0.05",30,0.972148603393168,1.76366854986912,-0.91813211620897,0.742184486957408,"escaped_inner",0.142383039417986,-0.0332944027390192,-1.1572806967337,0.0083,0.9866
"karachiBetaKDE",5e-04,10000,"0.05",30,0.970556154699355,1.72969788794322,-0.91813211620897,0.742184486957408,"escaped_inner",0.142383039417986,-0.0332944027390192,-1.1572806967337,0.0083,0.9866
"karachiBetaKDE",5e-04,10000,"0.05",30,0.968823546619977,1.65683191048122,-0.91813211620897,0.742184486957408,"escaped_inner",0.142383039417986,-0.0332944027390192,-1.1572806967337,0.0083,0.9866
"karachiBetaKDE",5e-04,10000,"0.05",30,0.966856602335362,1.61746800776914,-0.91813211620897,0.742184486957408,"escaped_inner",0.142383039417986,-0.0332944027390192,-1.1572806967337,0.0083,0.9866
"karachiBetaKDE",5e-04,10000,"0.05",30,0.964584553599988,1.58393347590089,-0.91813211620897,0.742184486957408,"escaped_inner",0.142383039417986,-0.0332944027390192,-1.1572806967337,0.0083,0.9866
"karachiBetaKDE",5e-04,10000,"0.05",30,0.961904962533908,1.54569949912073,-0.91813211620897,0.742184486957408,"escaped_inner",0.142383039417986,-0.0332944027390192,-1.1572806967337,0.0083,0.9866
"karachiBetaKDE",5e-04,10000,"0.05",30,0.958671657270623,1.53367145504097,-0.91813211620897,0.742184486957408,"escaped_inner",0.142383039417986,-0.0332944027390192,-1.1572806967337,0.0083,0.9866
"karachiBetaKDE",5e-04,10000,"0.05",30,0.954760748875313,1.57700760048114,-0.91813211620897,0.742184486957408,"escaped_inner",0.142383039417986,-0.0332944027390192,-1.1572806967337,0.0083,0.9866
"karachiBetaKDE",5e-04,10000,"0.05",30,0.950123279437843,1.49608815144125,-0.91813211620897,0.742184486957408,"escaped_inner",0.142383039417986,-0.0332944027390192,-1.1572806967337,0.0083,0.9866
"karachiBetaKDE",5e-04,10000,"0.05",30,0.944774242698295,1.43812810419092,-0.91813211620897,0.742184486957408,"escaped_inner",0.142383039417986,-0.0332944027390192,-1.1572806967337,0.0083,0.9866
"karachiBetaKDE",5e-04,10000,"0.05",30,0.938744520641643,1.34260018041381,-0.91813211620897,0.742184486957408,"escaped_inner",0.142383039417986,-0.0332944027390192,-1.1572806967337,0.0083,0.9866
"karachiBetaKDE",5e-04,10000,"0.05",30,0.932033249415245,1.26724347288496,-0.91813211620897,0.742184486957408,"escaped_inner",0.142383039417986,-0.0332944027390192,-1.1572806967337,0.0083,0.9866
"karachiBetaKDE",5e-04,10000,"0.05",30,0.924586215878857,1.1788573894484,-0.91813211620897,0.742184486957408,"escaped_inner",0.142383039417986,-0.0332944027390192,-1.1572806967337,0.0083,0.9866
"karachiBetaKDE",5e-04,10000,"0.05",30,0.916299600528128,1.05592191561642,-0.91813211620897,0.742184486957408,"escaped_inner",0.142383039417986,-0.0332944027390192,-1.1572806967337,0.0083,0.9866
"karachiBetaKDE",5e-04,10000,"0.05",30,0.907026985009363,0.870553257257165,-0.91813211620897,0.742184486957408,"escaped_inner",0.142383039417986,-0.0332944027390192,-1.1572806967337,0.0083,0.9866
"karachiBetaKDE",5e-04,10000,"0.05",30,0.896586843613339,0.760174017365811,-0.91813211620897,0.742184486957408,"escaped_inner",0.142383039417986,-0.0332944027390192,-1.1572806967337,0.0083,0.9866
"karachiBetaKDE",5e-04,10000,"0.05",30,0.884771092114384,0.620231543757057,-0.91813211620897,0.742184486957408,"covered",0.142383039417986,-0.0332944027390192,-1.1572806967337,0.0083,0.9866
"karachiBetaKDE",5e-04,10000,"0.05",30,0.87139537236811,0.567259614567893,-0.91813211620897,0.742184486957408,"covered",0.142383039417986,-0.0332944027390192,-1.1572806967337,0.0083,0.9866
"karachiBetaKDE",5e-04,10000,"0.05",30,0.856354046676824,0.471765336030298,-0.91813211620897,0.742184486957408,"covered",0.142383039417986,-0.0332944027390192,-1.1572806967337,0.0083,0.9866
"karachiBetaKDE",5e-04,10000,"0.05",30,0.839610207739494,0.274623821633829,-0.91813211620897,0.742184486957408,"covered",0.142383039417986,-0.0332944027390192,-1.1572806967337,0.0083,0.9866
"karachiBetaKDE",5e-04,10000,"0.05",30,0.821080728047109,0.298456474978908,-0.91813211620897,0.742184486957408,"covered",0.142383039417986,-0.0332944027390192,-1.1572806967337,0.0083,0.9866
"karachiBetaKDE",5e-04,10000,"0.05",30,0.800567701187619,0.262028779013206,-0.91813211620897,0.742184486957408,"covered",0.142383039417986,-0.0332944027390192,-1.1572806967337,0.0083,0.9866
"karachiBetaKDE",5e-04,10000,"0.05",30,0.777885607549507,0.323687458463659,-0.91813211620897,0.742184486957408,"covered",0.142383039417986,-0.0332944027390192,-1.1572806967337,0.0083,0.9866
"karachiBetaKDE",5e-04,10000,"0.05",30,0.752982458946362,0.334941626446787,-0.91813211620897,0.742184486957408,"covered",0.142383039417986,-0.0332944027390192,-1.1572806967337,0.0083,0.9866
"karachiBetaKDE",5e-04,10000,"0.05",30,0.725790234162741,0.28969543925592,-0.91813211620897,0.742184486957408,"covered",0.142383039417986,-0.0332944027390192,-1.1572806967337,0.0083,0.9866
"karachiBetaKDE",5e-04,10000,"0.05",30,0.69606561161469,0.131530820325822,-0.91813211620897,0.742184486957408,"covered",0.142383039417986,-0.0332944027390192,-1.1572806967337,0.0083,0.9866
"karachiBetaKDE",5e-04,10000,"0.05",30,0.663699698655259,0.00468796462365436,-0.91813211620897,0.742184486957408,"covered",0.142383039417986,-0.0332944027390192,-1.1572806967337,0.0083,0.9866
"karachiBetaKDE",5e-04,10000,"0.05",30,0.629093271635229,-0.155842882267598,-0.91813211620897,0.742184486957408,"covered",0.142383039417986,-0.0332944027390192,-1.1572806967337,0.0083,0.9866
"karachiBetaKDE",5e-04,10000,"0.05",30,0.592868808043879,-0.21298193328505,-0.91813211620897,0.742184486957408,"covered",0.142383039417986,-0.0332944027390192,-1.1572806967337,0.0083,0.9866
"karachiBetaKDE",5e-04,10000,"0.05",30,0.555319981977444,-0.302049218152749,-0.91813211620897,0.742184486957408,"covered",0.142383039417986,-0.0332944027390192,-1.1572806967337,0.0083,0.9866
"karachiBetaKDE",5e-04,10000,"0.05",30,0.51647843189623,-0.282725028555335,-0.91813211620897,0.742184486957408,"covered",0.142383039417986,-0.0332944027390192,-1.1572806967337,0.0083,0.9866
"karachiBetaKDE",5e-04,10000,"0.05",30,0.476735140026402,-0.355644402537337,-0.91813211620897,0.742184486957408,"covered",0.142383039417986,-0.0332944027390192,-1.1572806967337,0.0083,0.9866
"karachiBetaKDE",5e-04,10000,"0.05",30,0.436928695095447,-0.449699989611179,-0.91813211620897,0.742184486957408,"covered",0.142383039417986,-0.0332944027390192,-1.1572806967337,0.0083,0.9866
"karachiBetaKDE",5e-04,10000,"0.05",30,0.397723723245424,-0.526867747351999,-0.91813211620897,0.742184486957408,"covered",0.142383039417986,-0.0332944027390192,-1.1572806967337,0.0083,0.9866
"karachiBetaKDE",5e-04,10000,"0.05",30,0.359240914828636,-0.634942647545801,-0.91813211620897,0.742184486957408,"covered",0.142383039417986,-0.0332944027390192,-1.1572806967337,0.0083,0.9866
"karachiBetaKDE",5e-04,10000,"0.05",30,0.321562845842307,-0.65630759589287,-0.91813211620897,0.742184486957408,"covered",0.142383039417986,-0.0332944027390192,-1.1572806967337,0.0083,0.9866
"karachiBetaKDE",5e-04,10000,"0.05",30,0.285197981475766,-0.770255388094775,-0.91813211620897,0.742184486957408,"covered",0.142383039417986,-0.0332944027390192,-1.1572806967337,0.0083,0.9866
"karachiBetaKDE",5e-04,10000,"0.05",30,0.250836215776904,-0.637531944761911,-0.91813211620897,0.742184486957408,"covered",0.142383039417986,-0.0332944027390192,-1.1572806967337,0.0083,0.9866
"karachiBetaKDE",5e-04,10000,"0.05",30,0.219082914662495,-0.562302913978394,-0.91813211620897,0.742184486957408,"covered",0.142383039417986,-0.0332944027390192,-1.1572806967337,0.0083,0.9866
"karachiBetaKDE",5e-04,10000,"0.05",30,0.190309773296301,-0.381674584838035,-0.91813211620897,0.742184486957408,"covered",0.142383039417986,-0.0332944027390192,-1.1572806967337,0.0083,0.9866
"karachiBetaKDE",5e-04,10000,"0.05",30,0.164610609577326,-0.398510564744982,-0.91813211620897,0.742184486957408,"covered",0.142383039417986,-0.0332944027390192,-1.1572806967337,0.0083,0.9866
"karachiBetaKDE",5e-04,10000,"0.05",30,0.141983640287116,-0.55503448640761,-0.91813211620897,0.742184486957408,"covered",0.142383039417986,-0.0332944027390192,-1.1572806967337,0.0083,0.9866
"karachiBetaKDE",5e-04,10000,"0.05",30,0.122267432828818,-0.577425506954098,-0.91813211620897,0.742184486957408,"covered",0.142383039417986,-0.0332944027390192,-1.1572806967337,0.0083,0.9866
"karachiBetaKDE",5e-04,10000,"0.05",30,0.104618038263181,-0.546740814837283,-0.91813211620897,0.742184486957408,"covered",0.142383039417986,-0.0332944027390192,-1.1572806967337,0.0083,0.9866
"karachiBetaKDE",5e-04,10000,"0.05",30,0.0886383514543017,-0.623661624954242,-0.91813211620897,0.742184486957408,"covered",0.142383039417986,-0.0332944027390192,-1.1572806967337,0.0083,0.9866
"karachiBetaKDE",5e-04,10000,"0.05",30,0.0748475445763621,-0.58048124063743,-0.91813211620897,0.742184486957408,"covered",0.142383039417986,-0.0332944027390192,-1.1572806967337,0.0083,0.9866
"karachiBetaKDE",5e-04,10000,"0.05",30,0.06353753376898,-0.432134927998846,-0.91813211620897,0.742184486957408,"covered",0.142383039417986,-0.0332944027390192,-1.1572806967337,0.0083,0.9866
"karachiBetaKDE",5e-04,10000,"0.05",30,0.0542627209029139,-0.184040068651001,-0.91813211620897,0.742184486957408,"covered",0.142383039417986,-0.0332944027390192,-1.1572806967337,0.0083,0.9866
"karachiBetaKDE",5e-04,10000,"0.05",30,0.0464829494966246,0.101683224558357,-0.91813211620897,0.742184486957408,"covered",0.142383039417986,-0.0332944027390192,-1.1572806967337,0.0083,0.9866
"karachiBetaKDE",5e-04,10000,"0.05",30,0.0399020505287196,0.34551637797565,-0.91813211620897,0.742184486957408,"covered",0.142383039417986,-0.0332944027390192,-1.1572806967337,0.0083,0.9866
"karachiBetaKDE",5e-04,10000,"0.05",30,0.0342638781639597,0.604846620703618,-0.91813211620897,0.742184486957408,"covered",0.142383039417986,-0.0332944027390192,-1.1572806967337,0.0083,0.9866
"karachiBetaKDE",5e-04,10000,"0.05",30,0.029112520606684,0.777312912262228,-0.91813211620897,0.742184486957408,"escaped_inner",0.142383039417986,-0.0332944027390192,-1.1572806967337,0.0083,0.9866
"karachiBetaKDE",5e-04,10000,"0.05",30,0.0239701700290124,0.915735597504285,-0.91813211620897,0.742184486957408,"escaped_inner",0.142383039417986,-0.0332944027390192,-1.1572806967337,0.0083,0.9866
"karachiBetaKDE",5e-04,10000,"0.05",31,0.97891796945672,2.05702252543312,-0.859667131048932,0.702816628167327,"escaped_inner",0.184279510679949,-0.147140781399921,-0.635482229331365,0.0015,0.8144
"karachiBetaKDE",5e-04,10000,"0.05",31,0.977147923248112,2.0905845429361,-0.859667131048932,0.702816628167327,"escaped_inner",0.184279510679949,-0.147140781399921,-0.635482229331365,0.0015,0.8144
"karachiBetaKDE",5e-04,10000,"0.05",31,0.975392157375374,2.09114858828261,-0.859667131048932,0.702816628167327,"escaped_inner",0.184279510679949,-0.147140781399921,-0.635482229331365,0.0015,0.8144
"karachiBetaKDE",5e-04,10000,"0.05",31,0.973728307066674,2.06472653875253,-0.859667131048932,0.702816628167327,"escaped_inner",0.184279510679949,-0.147140781399921,-0.635482229331365,0.0015,0.8144
"karachiBetaKDE",5e-04,10000,"0.05",31,0.972148603393168,2.02989969380252,-0.859667131048932,0.702816628167327,"escaped_inner",0.184279510679949,-0.147140781399921,-0.635482229331365,0.0015,0.8144
"karachiBetaKDE",5e-04,10000,"0.05",31,0.970556154699355,1.98554417891517,-0.859667131048932,0.702816628167327,"escaped_inner",0.184279510679949,-0.147140781399921,-0.635482229331365,0.0015,0.8144
"karachiBetaKDE",5e-04,10000,"0.05",31,0.968823546619977,1.95874356163875,-0.859667131048932,0.702816628167327,"escaped_inner",0.184279510679949,-0.147140781399921,-0.635482229331365,0.0015,0.8144
"karachiBetaKDE",5e-04,10000,"0.05",31,0.966856602335362,1.91112569672211,-0.859667131048932,0.702816628167327,"escaped_inner",0.184279510679949,-0.147140781399921,-0.635482229331365,0.0015,0.8144
"karachiBetaKDE",5e-04,10000,"0.05",31,0.964584553599988,1.89771954680562,-0.859667131048932,0.702816628167327,"escaped_inner",0.184279510679949,-0.147140781399921,-0.635482229331365,0.0015,0.8144
"karachiBetaKDE",5e-04,10000,"0.05",31,0.961904962533908,1.83748378070631,-0.859667131048932,0.702816628167327,"escaped_inner",0.184279510679949,-0.147140781399921,-0.635482229331365,0.0015,0.8144
"karachiBetaKDE",5e-04,10000,"0.05",31,0.958671657270623,1.79501066248846,-0.859667131048932,0.702816628167327,"escaped_inner",0.184279510679949,-0.147140781399921,-0.635482229331365,0.0015,0.8144
"karachiBetaKDE",5e-04,10000,"0.05",31,0.954760748875313,1.75544654595902,-0.859667131048932,0.702816628167327,"escaped_inner",0.184279510679949,-0.147140781399921,-0.635482229331365,0.0015,0.8144
"karachiBetaKDE",5e-04,10000,"0.05",31,0.950123279437843,1.69352378091972,-0.859667131048932,0.702816628167327,"escaped_inner",0.184279510679949,-0.147140781399921,-0.635482229331365,0.0015,0.8144
"karachiBetaKDE",5e-04,10000,"0.05",31,0.944774242698295,1.64896679196771,-0.859667131048932,0.702816628167327,"escaped_inner",0.184279510679949,-0.147140781399921,-0.635482229331365,0.0015,0.8144
"karachiBetaKDE",5e-04,10000,"0.05",31,0.938744520641643,1.61183869245567,-0.859667131048932,0.702816628167327,"escaped_inner",0.184279510679949,-0.147140781399921,-0.635482229331365,0.0015,0.8144
"karachiBetaKDE",5e-04,10000,"0.05",31,0.932033249415245,1.56176633847007,-0.859667131048932,0.702816628167327,"escaped_inner",0.184279510679949,-0.147140781399921,-0.635482229331365,0.0015,0.8144
"karachiBetaKDE",5e-04,10000,"0.05",31,0.924586215878857,1.51944214259803,-0.859667131048932,0.702816628167327,"escaped_inner",0.184279510679949,-0.147140781399921,-0.635482229331365,0.0015,0.8144
"karachiBetaKDE",5e-04,10000,"0.05",31,0.916299600528128,1.39671253430382,-0.859667131048932,0.702816628167327,"escaped_inner",0.184279510679949,-0.147140781399921,-0.635482229331365,0.0015,0.8144
"karachiBetaKDE",5e-04,10000,"0.05",31,0.907026985009363,1.32494054170129,-0.859667131048932,0.702816628167327,"escaped_inner",0.184279510679949,-0.147140781399921,-0.635482229331365,0.0015,0.8144
"karachiBetaKDE",5e-04,10000,"0.05",31,0.896586843613339,1.29663492199865,-0.859667131048932,0.702816628167327,"escaped_inner",0.184279510679949,-0.147140781399921,-0.635482229331365,0.0015,0.8144
"karachiBetaKDE",5e-04,10000,"0.05",31,0.884771092114384,1.21791779174682,-0.859667131048932,0.702816628167327,"escaped_inner",0.184279510679949,-0.147140781399921,-0.635482229331365,0.0015,0.8144
"karachiBetaKDE",5e-04,10000,"0.05",31,0.87139537236811,1.11786459343827,-0.859667131048932,0.702816628167327,"escaped_inner",0.184279510679949,-0.147140781399921,-0.635482229331365,0.0015,0.8144
"karachiBetaKDE",5e-04,10000,"0.05",31,0.856354046676824,1.16034889693236,-0.859667131048932,0.702816628167327,"escaped_inner",0.184279510679949,-0.147140781399921,-0.635482229331365,0.0015,0.8144
"karachiBetaKDE",5e-04,10000,"0.05",31,0.839610207739494,1.01771469245343,-0.859667131048932,0.702816628167327,"escaped_inner",0.184279510679949,-0.147140781399921,-0.635482229331365,0.0015,0.8144
"karachiBetaKDE",5e-04,10000,"0.05",31,0.821080728047109,0.995116734542805,-0.859667131048932,0.702816628167327,"escaped_inner",0.184279510679949,-0.147140781399921,-0.635482229331365,0.0015,0.8144
"karachiBetaKDE",5e-04,10000,"0.05",31,0.800567701187619,0.895647843590146,-0.859667131048932,0.702816628167327,"escaped_inner",0.184279510679949,-0.147140781399921,-0.635482229331365,0.0015,0.8144
"karachiBetaKDE",5e-04,10000,"0.05",31,0.777885607549507,0.909615049662021,-0.859667131048932,0.702816628167327,"escaped_inner",0.184279510679949,-0.147140781399921,-0.635482229331365,0.0015,0.8144
"karachiBetaKDE",5e-04,10000,"0.05",31,0.752982458946362,0.750387470679472,-0.859667131048932,0.702816628167327,"escaped_inner",0.184279510679949,-0.147140781399921,-0.635482229331365,0.0015,0.8144
"karachiBetaKDE",5e-04,10000,"0.05",31,0.725790234162741,0.711430095055207,-0.859667131048932,0.702816628167327,"escaped_inner",0.184279510679949,-0.147140781399921,-0.635482229331365,0.0015,0.8144
"karachiBetaKDE",5e-04,10000,"0.05",31,0.69606561161469,0.697834783050083,-0.859667131048932,0.702816628167327,"covered",0.184279510679949,-0.147140781399921,-0.635482229331365,0.0015,0.8144
"karachiBetaKDE",5e-04,10000,"0.05",31,0.663699698655259,0.704971170785688,-0.859667131048932,0.702816628167327,"escaped_inner",0.184279510679949,-0.147140781399921,-0.635482229331365,0.0015,0.8144
"karachiBetaKDE",5e-04,10000,"0.05",31,0.629093271635229,0.650743654928656,-0.859667131048932,0.702816628167327,"covered",0.184279510679949,-0.147140781399921,-0.635482229331365,0.0015,0.8144
"karachiBetaKDE",5e-04,10000,"0.05",31,0.592868808043879,0.546063304191557,-0.859667131048932,0.702816628167327,"covered",0.184279510679949,-0.147140781399921,-0.635482229331365,0.0015,0.8144
"karachiBetaKDE",5e-04,10000,"0.05",31,0.555319981977444,0.493744463988235,-0.859667131048932,0.702816628167327,"covered",0.184279510679949,-0.147140781399921,-0.635482229331365,0.0015,0.8144
"karachiBetaKDE",5e-04,10000,"0.05",31,0.51647843189623,0.393901137836154,-0.859667131048932,0.702816628167327,"covered",0.184279510679949,-0.147140781399921,-0.635482229331365,0.0015,0.8144
"karachiBetaKDE",5e-04,10000,"0.05",31,0.476735140026402,0.43605975082057,-0.859667131048932,0.702816628167327,"covered",0.184279510679949,-0.147140781399921,-0.635482229331365,0.0015,0.8144
"karachiBetaKDE",5e-04,10000,"0.05",31,0.436928695095447,0.328520555325201,-0.859667131048932,0.702816628167327,"covered",0.184279510679949,-0.147140781399921,-0.635482229331365,0.0015,0.8144
"karachiBetaKDE",5e-04,10000,"0.05",31,0.397723723245424,0.287806347900746,-0.859667131048932,0.702816628167327,"covered",0.184279510679949,-0.147140781399921,-0.635482229331365,0.0015,0.8144
"karachiBetaKDE",5e-04,10000,"0.05",31,0.359240914828636,0.200783611813421,-0.859667131048932,0.702816628167327,"covered",0.184279510679949,-0.147140781399921,-0.635482229331365,0.0015,0.8144
"karachiBetaKDE",5e-04,10000,"0.05",31,0.321562845842307,0.0891280521175433,-0.859667131048932,0.702816628167327,"covered",0.184279510679949,-0.147140781399921,-0.635482229331365,0.0015,0.8144
"karachiBetaKDE",5e-04,10000,"0.05",31,0.285197981475766,0.0493159718199128,-0.859667131048932,0.702816628167327,"covered",0.184279510679949,-0.147140781399921,-0.635482229331365,0.0015,0.8144
"karachiBetaKDE",5e-04,10000,"0.05",31,0.250836215776904,-0.0272081267876607,-0.859667131048932,0.702816628167327,"covered",0.184279510679949,-0.147140781399921,-0.635482229331365,0.0015,0.8144
"karachiBetaKDE",5e-04,10000,"0.05",31,0.219082914662495,0.0174481336886998,-0.859667131048932,0.702816628167327,"covered",0.184279510679949,-0.147140781399921,-0.635482229331365,0.0015,0.8144
"karachiBetaKDE",5e-04,10000,"0.05",31,0.190309773296301,0.128321515973901,-0.859667131048932,0.702816628167327,"covered",0.184279510679949,-0.147140781399921,-0.635482229331365,0.0015,0.8144
"karachiBetaKDE",5e-04,10000,"0.05",31,0.164610609577326,0.244316655551271,-0.859667131048932,0.702816628167327,"covered",0.184279510679949,-0.147140781399921,-0.635482229331365,0.0015,0.8144
"karachiBetaKDE",5e-04,10000,"0.05",31,0.141983640287116,0.300035316425335,-0.859667131048932,0.702816628167327,"covered",0.184279510679949,-0.147140781399921,-0.635482229331365,0.0015,0.8144
"karachiBetaKDE",5e-04,10000,"0.05",31,0.122267432828818,0.144657062781019,-0.859667131048932,0.702816628167327,"covered",0.184279510679949,-0.147140781399921,-0.635482229331365,0.0015,0.8144
"karachiBetaKDE",5e-04,10000,"0.05",31,0.104618038263181,0.11023777905232,-0.859667131048932,0.702816628167327,"covered",0.184279510679949,-0.147140781399921,-0.635482229331365,0.0015,0.8144
"karachiBetaKDE",5e-04,10000,"0.05",31,0.0886383514543017,0.142786672133833,-0.859667131048932,0.702816628167327,"covered",0.184279510679949,-0.147140781399921,-0.635482229331365,0.0015,0.8144
"karachiBetaKDE",5e-04,10000,"0.05",31,0.0748475445763621,0.210702603807807,-0.859667131048932,0.702816628167327,"covered",0.184279510679949,-0.147140781399921,-0.635482229331365,0.0015,0.8144
"karachiBetaKDE",5e-04,10000,"0.05",31,0.06353753376898,0.325521588901015,-0.859667131048932,0.702816628167327,"covered",0.184279510679949,-0.147140781399921,-0.635482229331365,0.0015,0.8144
"karachiBetaKDE",5e-04,10000,"0.05",31,0.0542627209029139,0.488020206078844,-0.859667131048932,0.702816628167327,"covered",0.184279510679949,-0.147140781399921,-0.635482229331365,0.0015,0.8144
"karachiBetaKDE",5e-04,10000,"0.05",31,0.0464829494966246,0.67946274739181,-0.859667131048932,0.702816628167327,"covered",0.184279510679949,-0.147140781399921,-0.635482229331365,0.0015,0.8144
"karachiBetaKDE",5e-04,10000,"0.05",31,0.0399020505287196,0.907499172419938,-0.859667131048932,0.702816628167327,"escaped_inner",0.184279510679949,-0.147140781399921,-0.635482229331365,0.0015,0.8144
"karachiBetaKDE",5e-04,10000,"0.05",31,0.0342638781639597,1.09693182323575,-0.859667131048932,0.702816628167327,"escaped_inner",0.184279510679949,-0.147140781399921,-0.635482229331365,0.0015,0.8144
"karachiBetaKDE",5e-04,10000,"0.05",31,0.029112520606684,1.30887278772165,-0.859667131048932,0.702816628167327,"escaped_inner",0.184279510679949,-0.147140781399921,-0.635482229331365,0.0015,0.8144
"karachiBetaKDE",5e-04,10000,"0.05",31,0.0239701700290124,1.39849830912775,-0.859667131048932,0.702816628167327,"escaped_inner",0.184279510679949,-0.147140781399921,-0.635482229331365,0.0015,0.8144
"karachiBetaKDE",5e-04,10000,"0.05",32,0.97891796945672,2.04595998812967,-0.834998468262994,0.680781141687482,"escaped_inner",0.16415156445618,-0.0882664828021654,-1.12415969678975,0.0069,0.9098
"karachiBetaKDE",5e-04,10000,"0.05",32,0.977147923248112,2.05764637731501,-0.834998468262994,0.680781141687482,"escaped_inner",0.16415156445618,-0.0882664828021654,-1.12415969678975,0.0069,0.9098
"karachiBetaKDE",5e-04,10000,"0.05",32,0.975392157375374,2.03685730822602,-0.834998468262994,0.680781141687482,"escaped_inner",0.16415156445618,-0.0882664828021654,-1.12415969678975,0.0069,0.9098
"karachiBetaKDE",5e-04,10000,"0.05",32,0.973728307066674,2.02194502107509,-0.834998468262994,0.680781141687482,"escaped_inner",0.16415156445618,-0.0882664828021654,-1.12415969678975,0.0069,0.9098
"karachiBetaKDE",5e-04,10000,"0.05",32,0.972148603393168,1.99578928011904,-0.834998468262994,0.680781141687482,"escaped_inner",0.16415156445618,-0.0882664828021654,-1.12415969678975,0.0069,0.9098
"karachiBetaKDE",5e-04,10000,"0.05",32,0.970556154699355,1.96898877232356,-0.834998468262994,0.680781141687482,"escaped_inner",0.16415156445618,-0.0882664828021654,-1.12415969678975,0.0069,0.9098
"karachiBetaKDE",5e-04,10000,"0.05",32,0.968823546619977,1.91788261220455,-0.834998468262994,0.680781141687482,"escaped_inner",0.16415156445618,-0.0882664828021654,-1.12415969678975,0.0069,0.9098
"karachiBetaKDE",5e-04,10000,"0.05",32,0.966856602335362,1.90318751562047,-0.834998468262994,0.680781141687482,"escaped_inner",0.16415156445618,-0.0882664828021654,-1.12415969678975,0.0069,0.9098
"karachiBetaKDE",5e-04,10000,"0.05",32,0.964584553599988,1.82489738754601,-0.834998468262994,0.680781141687482,"escaped_inner",0.16415156445618,-0.0882664828021654,-1.12415969678975,0.0069,0.9098
"karachiBetaKDE",5e-04,10000,"0.05",32,0.961904962533908,1.79590685785048,-0.834998468262994,0.680781141687482,"escaped_inner",0.16415156445618,-0.0882664828021654,-1.12415969678975,0.0069,0.9098
"karachiBetaKDE",5e-04,10000,"0.05",32,0.958671657270623,1.78716258575761,-0.834998468262994,0.680781141687482,"escaped_inner",0.16415156445618,-0.0882664828021654,-1.12415969678975,0.0069,0.9098
"karachiBetaKDE",5e-04,10000,"0.05",32,0.954760748875313,1.7560453134901,-0.834998468262994,0.680781141687482,"escaped_inner",0.16415156445618,-0.0882664828021654,-1.12415969678975,0.0069,0.9098
"karachiBetaKDE",5e-04,10000,"0.05",32,0.950123279437843,1.70213858043532,-0.834998468262994,0.680781141687482,"escaped_inner",0.16415156445618,-0.0882664828021654,-1.12415969678975,0.0069,0.9098
"karachiBetaKDE",5e-04,10000,"0.05",32,0.944774242698295,1.62354552494023,-0.834998468262994,0.680781141687482,"escaped_inner",0.16415156445618,-0.0882664828021654,-1.12415969678975,0.0069,0.9098
"karachiBetaKDE",5e-04,10000,"0.05",32,0.938744520641643,1.49581146259222,-0.834998468262994,0.680781141687482,"escaped_inner",0.16415156445618,-0.0882664828021654,-1.12415969678975,0.0069,0.9098
"karachiBetaKDE",5e-04,10000,"0.05",32,0.932033249415245,1.39698086360159,-0.834998468262994,0.680781141687482,"escaped_inner",0.16415156445618,-0.0882664828021654,-1.12415969678975,0.0069,0.9098
"karachiBetaKDE",5e-04,10000,"0.05",32,0.924586215878857,1.28046481810595,-0.834998468262994,0.680781141687482,"escaped_inner",0.16415156445618,-0.0882664828021654,-1.12415969678975,0.0069,0.9098
"karachiBetaKDE",5e-04,10000,"0.05",32,0.916299600528128,1.14839668354919,-0.834998468262994,0.680781141687482,"escaped_inner",0.16415156445618,-0.0882664828021654,-1.12415969678975,0.0069,0.9098
"karachiBetaKDE",5e-04,10000,"0.05",32,0.907026985009363,1.09368047954527,-0.834998468262994,0.680781141687482,"escaped_inner",0.16415156445618,-0.0882664828021654,-1.12415969678975,0.0069,0.9098
"karachiBetaKDE",5e-04,10000,"0.05",32,0.896586843613339,1.0715779076491,-0.834998468262994,0.680781141687482,"escaped_inner",0.16415156445618,-0.0882664828021654,-1.12415969678975,0.0069,0.9098
"karachiBetaKDE",5e-04,10000,"0.05",32,0.884771092114384,1.0699510065914,-0.834998468262994,0.680781141687482,"escaped_inner",0.16415156445618,-0.0882664828021654,-1.12415969678975,0.0069,0.9098
"karachiBetaKDE",5e-04,10000,"0.05",32,0.87139537236811,0.937001317487581,-0.834998468262994,0.680781141687482,"escaped_inner",0.16415156445618,-0.0882664828021654,-1.12415969678975,0.0069,0.9098
"karachiBetaKDE",5e-04,10000,"0.05",32,0.856354046676824,0.852094426678509,-0.834998468262994,0.680781141687482,"escaped_inner",0.16415156445618,-0.0882664828021654,-1.12415969678975,0.0069,0.9098
"karachiBetaKDE",5e-04,10000,"0.05",32,0.839610207739494,0.803987239344216,-0.834998468262994,0.680781141687482,"escaped_inner",0.16415156445618,-0.0882664828021654,-1.12415969678975,0.0069,0.9098
"karachiBetaKDE",5e-04,10000,"0.05",32,0.821080728047109,0.748480597876754,-0.834998468262994,0.680781141687482,"escaped_inner",0.16415156445618,-0.0882664828021654,-1.12415969678975,0.0069,0.9098
"karachiBetaKDE",5e-04,10000,"0.05",32,0.800567701187619,0.77460728483459,-0.834998468262994,0.680781141687482,"escaped_inner",0.16415156445618,-0.0882664828021654,-1.12415969678975,0.0069,0.9098
"karachiBetaKDE",5e-04,10000,"0.05",32,0.777885607549507,0.661295705273684,-0.834998468262994,0.680781141687482,"covered",0.16415156445618,-0.0882664828021654,-1.12415969678975,0.0069,0.9098
"karachiBetaKDE",5e-04,10000,"0.05",32,0.752982458946362,0.649794322805238,-0.834998468262994,0.680781141687482,"covered",0.16415156445618,-0.0882664828021654,-1.12415969678975,0.0069,0.9098
"karachiBetaKDE",5e-04,10000,"0.05",32,0.725790234162741,0.666148012280944,-0.834998468262994,0.680781141687482,"covered",0.16415156445618,-0.0882664828021654,-1.12415969678975,0.0069,0.9098
"karachiBetaKDE",5e-04,10000,"0.05",32,0.69606561161469,0.612286893060753,-0.834998468262994,0.680781141687482,"covered",0.16415156445618,-0.0882664828021654,-1.12415969678975,0.0069,0.9098
"karachiBetaKDE",5e-04,10000,"0.05",32,0.663699698655259,0.529787168208569,-0.834998468262994,0.680781141687482,"covered",0.16415156445618,-0.0882664828021654,-1.12415969678975,0.0069,0.9098
"karachiBetaKDE",5e-04,10000,"0.05",32,0.629093271635229,0.569466049632645,-0.834998468262994,0.680781141687482,"covered",0.16415156445618,-0.0882664828021654,-1.12415969678975,0.0069,0.9098
"karachiBetaKDE",5e-04,10000,"0.05",32,0.592868808043879,0.450918265329954,-0.834998468262994,0.680781141687482,"covered",0.16415156445618,-0.0882664828021654,-1.12415969678975,0.0069,0.9098
"karachiBetaKDE",5e-04,10000,"0.05",32,0.555319981977444,0.445247861713975,-0.834998468262994,0.680781141687482,"covered",0.16415156445618,-0.0882664828021654,-1.12415969678975,0.0069,0.9098
"karachiBetaKDE",5e-04,10000,"0.05",32,0.51647843189623,0.363882526834611,-0.834998468262994,0.680781141687482,"covered",0.16415156445618,-0.0882664828021654,-1.12415969678975,0.0069,0.9098
"karachiBetaKDE",5e-04,10000,"0.05",32,0.476735140026402,0.21808549320261,-0.834998468262994,0.680781141687482,"covered",0.16415156445618,-0.0882664828021654,-1.12415969678975,0.0069,0.9098
"karachiBetaKDE",5e-04,10000,"0.05",32,0.436928695095447,0.149502225583097,-0.834998468262994,0.680781141687482,"covered",0.16415156445618,-0.0882664828021654,-1.12415969678975,0.0069,0.9098
"karachiBetaKDE",5e-04,10000,"0.05",32,0.397723723245424,-0.0218536085725146,-0.834998468262994,0.680781141687482,"covered",0.16415156445618,-0.0882664828021654,-1.12415969678975,0.0069,0.9098
"karachiBetaKDE",5e-04,10000,"0.05",32,0.359240914828636,-0.0757040707637077,-0.834998468262994,0.680781141687482,"covered",0.16415156445618,-0.0882664828021654,-1.12415969678975,0.0069,0.9098
"karachiBetaKDE",5e-04,10000,"0.05",32,0.321562845842307,-0.0932023919448745,-0.834998468262994,0.680781141687482,"covered",0.16415156445618,-0.0882664828021654,-1.12415969678975,0.0069,0.9098
"karachiBetaKDE",5e-04,10000,"0.05",32,0.285197981475766,-0.230192338833483,-0.834998468262994,0.680781141687482,"covered",0.16415156445618,-0.0882664828021654,-1.12415969678975,0.0069,0.9098
"karachiBetaKDE",5e-04,10000,"0.05",32,0.250836215776904,-0.218832810034986,-0.834998468262994,0.680781141687482,"covered",0.16415156445618,-0.0882664828021654,-1.12415969678975,0.0069,0.9098
"karachiBetaKDE",5e-04,10000,"0.05",32,0.219082914662495,0.0112192011455259,-0.834998468262994,0.680781141687482,"covered",0.16415156445618,-0.0882664828021654,-1.12415969678975,0.0069,0.9098
"karachiBetaKDE",5e-04,10000,"0.05",32,0.190309773296301,-0.0181241421314298,-0.834998468262994,0.680781141687482,"covered",0.16415156445618,-0.0882664828021654,-1.12415969678975,0.0069,0.9098
"karachiBetaKDE",5e-04,10000,"0.05",32,0.164610609577326,0.0728358124233817,-0.834998468262994,0.680781141687482,"covered",0.16415156445618,-0.0882664828021654,-1.12415969678975,0.0069,0.9098
"karachiBetaKDE",5e-04,10000,"0.05",32,0.141983640287116,0.00838426949779711,-0.834998468262994,0.680781141687482,"covered",0.16415156445618,-0.0882664828021654,-1.12415969678975,0.0069,0.9098
"karachiBetaKDE",5e-04,10000,"0.05",32,0.122267432828818,-0.132409552381323,-0.834998468262994,0.680781141687482,"covered",0.16415156445618,-0.0882664828021654,-1.12415969678975,0.0069,0.9098
"karachiBetaKDE",5e-04,10000,"0.05",32,0.104618038263181,-0.261074598894324,-0.834998468262994,0.680781141687482,"covered",0.16415156445618,-0.0882664828021654,-1.12415969678975,0.0069,0.9098
"karachiBetaKDE",5e-04,10000,"0.05",32,0.0886383514543017,-0.176483095554169,-0.834998468262994,0.680781141687482,"covered",0.16415156445618,-0.0882664828021654,-1.12415969678975,0.0069,0.9098
"karachiBetaKDE",5e-04,10000,"0.05",32,0.0748475445763621,-0.140275552442027,-0.834998468262994,0.680781141687482,"covered",0.16415156445618,-0.0882664828021654,-1.12415969678975,0.0069,0.9098
"karachiBetaKDE",5e-04,10000,"0.05",32,0.06353753376898,0.0193365478276265,-0.834998468262994,0.680781141687482,"covered",0.16415156445618,-0.0882664828021654,-1.12415969678975,0.0069,0.9098
"karachiBetaKDE",5e-04,10000,"0.05",32,0.0542627209029139,0.275058125411707,-0.834998468262994,0.680781141687482,"covered",0.16415156445618,-0.0882664828021654,-1.12415969678975,0.0069,0.9098
"karachiBetaKDE",5e-04,10000,"0.05",32,0.0464829494966246,0.519127645609958,-0.834998468262994,0.680781141687482,"covered",0.16415156445618,-0.0882664828021654,-1.12415969678975,0.0069,0.9098
"karachiBetaKDE",5e-04,10000,"0.05",32,0.0399020505287196,0.795724574322628,-0.834998468262994,0.680781141687482,"escaped_inner",0.16415156445618,-0.0882664828021654,-1.12415969678975,0.0069,0.9098
"karachiBetaKDE",5e-04,10000,"0.05",32,0.0342638781639597,1.06644521523977,-0.834998468262994,0.680781141687482,"escaped_inner",0.16415156445618,-0.0882664828021654,-1.12415969678975,0.0069,0.9098
"karachiBetaKDE",5e-04,10000,"0.05",32,0.029112520606684,1.20022700749029,-0.834998468262994,0.680781141687482,"escaped_inner",0.16415156445618,-0.0882664828021654,-1.12415969678975,0.0069,0.9098
"karachiBetaKDE",5e-04,10000,"0.05",32,0.0239701700290124,1.29440746309624,-0.834998468262994,0.680781141687482,"escaped_inner",0.16415156445618,-0.0882664828021654,-1.12415969678975,0.0069,0.9098
"karachiBetaKDE",5e-04,10000,"0.05",33,0.97891796945672,1.76645888647827,-0.920172021147846,0.735273371212854,"escaped_inner",0.139142257827691,-0.198499932188291,-1.13944099848653,0.0079,0.9898
"karachiBetaKDE",5e-04,10000,"0.05",33,0.977147923248112,1.79220231774943,-0.920172021147846,0.735273371212854,"escaped_inner",0.139142257827691,-0.198499932188291,-1.13944099848653,0.0079,0.9898
"karachiBetaKDE",5e-04,10000,"0.05",33,0.975392157375374,1.78360727710534,-0.920172021147846,0.735273371212854,"escaped_inner",0.139142257827691,-0.198499932188291,-1.13944099848653,0.0079,0.9898
"karachiBetaKDE",5e-04,10000,"0.05",33,0.973728307066674,1.77194621417723,-0.920172021147846,0.735273371212854,"escaped_inner",0.139142257827691,-0.198499932188291,-1.13944099848653,0.0079,0.9898
"karachiBetaKDE",5e-04,10000,"0.05",33,0.972148603393168,1.74900863815207,-0.920172021147846,0.735273371212854,"escaped_inner",0.139142257827691,-0.198499932188291,-1.13944099848653,0.0079,0.9898
"karachiBetaKDE",5e-04,10000,"0.05",33,0.970556154699355,1.73652619713418,-0.920172021147846,0.735273371212854,"escaped_inner",0.139142257827691,-0.198499932188291,-1.13944099848653,0.0079,0.9898
"karachiBetaKDE",5e-04,10000,"0.05",33,0.968823546619977,1.71475994713628,-0.920172021147846,0.735273371212854,"escaped_inner",0.139142257827691,-0.198499932188291,-1.13944099848653,0.0079,0.9898
"karachiBetaKDE",5e-04,10000,"0.05",33,0.966856602335362,1.65771225708642,-0.920172021147846,0.735273371212854,"escaped_inner",0.139142257827691,-0.198499932188291,-1.13944099848653,0.0079,0.9898
"karachiBetaKDE",5e-04,10000,"0.05",33,0.964584553599988,1.61120263317206,-0.920172021147846,0.735273371212854,"escaped_inner",0.139142257827691,-0.198499932188291,-1.13944099848653,0.0079,0.9898
"karachiBetaKDE",5e-04,10000,"0.05",33,0.961904962533908,1.57844545814329,-0.920172021147846,0.735273371212854,"escaped_inner",0.139142257827691,-0.198499932188291,-1.13944099848653,0.0079,0.9898
"karachiBetaKDE",5e-04,10000,"0.05",33,0.958671657270623,1.52536328660543,-0.920172021147846,0.735273371212854,"escaped_inner",0.139142257827691,-0.198499932188291,-1.13944099848653,0.0079,0.9898
"karachiBetaKDE",5e-04,10000,"0.05",33,0.954760748875313,1.39056811624647,-0.920172021147846,0.735273371212854,"escaped_inner",0.139142257827691,-0.198499932188291,-1.13944099848653,0.0079,0.9898
"karachiBetaKDE",5e-04,10000,"0.05",33,0.950123279437843,1.31832063664287,-0.920172021147846,0.735273371212854,"escaped_inner",0.139142257827691,-0.198499932188291,-1.13944099848653,0.0079,0.9898
"karachiBetaKDE",5e-04,10000,"0.05",33,0.944774242698295,1.32043703141407,-0.920172021147846,0.735273371212854,"escaped_inner",0.139142257827691,-0.198499932188291,-1.13944099848653,0.0079,0.9898
"karachiBetaKDE",5e-04,10000,"0.05",33,0.938744520641643,1.23884643987257,-0.920172021147846,0.735273371212854,"escaped_inner",0.139142257827691,-0.198499932188291,-1.13944099848653,0.0079,0.9898
"karachiBetaKDE",5e-04,10000,"0.05",33,0.932033249415245,1.14336301884555,-0.920172021147846,0.735273371212854,"escaped_inner",0.139142257827691,-0.198499932188291,-1.13944099848653,0.0079,0.9898
"karachiBetaKDE",5e-04,10000,"0.05",33,0.924586215878857,1.06032607930838,-0.920172021147846,0.735273371212854,"escaped_inner",0.139142257827691,-0.198499932188291,-1.13944099848653,0.0079,0.9898
"karachiBetaKDE",5e-04,10000,"0.05",33,0.916299600528128,0.9760069895267,-0.920172021147846,0.735273371212854,"escaped_inner",0.139142257827691,-0.198499932188291,-1.13944099848653,0.0079,0.9898
"karachiBetaKDE",5e-04,10000,"0.05",33,0.907026985009363,0.832960405189164,-0.920172021147846,0.735273371212854,"escaped_inner",0.139142257827691,-0.198499932188291,-1.13944099848653,0.0079,0.9898
"karachiBetaKDE",5e-04,10000,"0.05",33,0.896586843613339,0.760586657727617,-0.920172021147846,0.735273371212854,"escaped_inner",0.139142257827691,-0.198499932188291,-1.13944099848653,0.0079,0.9898
"karachiBetaKDE",5e-04,10000,"0.05",33,0.884771092114384,0.691195141354142,-0.920172021147846,0.735273371212854,"covered",0.139142257827691,-0.198499932188291,-1.13944099848653,0.0079,0.9898
"karachiBetaKDE",5e-04,10000,"0.05",33,0.87139537236811,0.632929004342722,-0.920172021147846,0.735273371212854,"covered",0.139142257827691,-0.198499932188291,-1.13944099848653,0.0079,0.9898
"karachiBetaKDE",5e-04,10000,"0.05",33,0.856354046676824,0.545664068612361,-0.920172021147846,0.735273371212854,"covered",0.139142257827691,-0.198499932188291,-1.13944099848653,0.0079,0.9898
"karachiBetaKDE",5e-04,10000,"0.05",33,0.839610207739494,0.468415571808876,-0.920172021147846,0.735273371212854,"covered",0.139142257827691,-0.198499932188291,-1.13944099848653,0.0079,0.9898
"karachiBetaKDE",5e-04,10000,"0.05",33,0.821080728047109,0.363677732728485,-0.920172021147846,0.735273371212854,"covered",0.139142257827691,-0.198499932188291,-1.13944099848653,0.0079,0.9898
"karachiBetaKDE",5e-04,10000,"0.05",33,0.800567701187619,0.270254260900746,-0.920172021147846,0.735273371212854,"covered",0.139142257827691,-0.198499932188291,-1.13944099848653,0.0079,0.9898
"karachiBetaKDE",5e-04,10000,"0.05",33,0.777885607549507,0.215910164362023,-0.920172021147846,0.735273371212854,"covered",0.139142257827691,-0.198499932188291,-1.13944099848653,0.0079,0.9898
"karachiBetaKDE",5e-04,10000,"0.05",33,0.752982458946362,0.190291779005357,-0.920172021147846,0.735273371212854,"covered",0.139142257827691,-0.198499932188291,-1.13944099848653,0.0079,0.9898
"karachiBetaKDE",5e-04,10000,"0.05",33,0.725790234162741,0.113031975021624,-0.920172021147846,0.735273371212854,"covered",0.139142257827691,-0.198499932188291,-1.13944099848653,0.0079,0.9898
"karachiBetaKDE",5e-04,10000,"0.05",33,0.69606561161469,-0.0118883398366219,-0.920172021147846,0.735273371212854,"covered",0.139142257827691,-0.198499932188291,-1.13944099848653,0.0079,0.9898
"karachiBetaKDE",5e-04,10000,"0.05",33,0.663699698655259,-0.174419138818015,-0.920172021147846,0.735273371212854,"covered",0.139142257827691,-0.198499932188291,-1.13944099848653,0.0079,0.9898
"karachiBetaKDE",5e-04,10000,"0.05",33,0.629093271635229,-0.253081945405688,-0.920172021147846,0.735273371212854,"covered",0.139142257827691,-0.198499932188291,-1.13944099848653,0.0079,0.9898
"karachiBetaKDE",5e-04,10000,"0.05",33,0.592868808043879,-0.341180720240293,-0.920172021147846,0.735273371212854,"covered",0.139142257827691,-0.198499932188291,-1.13944099848653,0.0079,0.9898
"karachiBetaKDE",5e-04,10000,"0.05",33,0.555319981977444,-0.340775299736348,-0.920172021147846,0.735273371212854,"covered",0.139142257827691,-0.198499932188291,-1.13944099848653,0.0079,0.9898
"karachiBetaKDE",5e-04,10000,"0.05",33,0.51647843189623,-0.314009083823495,-0.920172021147846,0.735273371212854,"covered",0.139142257827691,-0.198499932188291,-1.13944099848653,0.0079,0.9898
"karachiBetaKDE",5e-04,10000,"0.05",33,0.476735140026402,-0.409785955546223,-0.920172021147846,0.735273371212854,"covered",0.139142257827691,-0.198499932188291,-1.13944099848653,0.0079,0.9898
"karachiBetaKDE",5e-04,10000,"0.05",33,0.436928695095447,-0.35379172945217,-0.920172021147846,0.735273371212854,"covered",0.139142257827691,-0.198499932188291,-1.13944099848653,0.0079,0.9898
"karachiBetaKDE",5e-04,10000,"0.05",33,0.397723723245424,-0.478769994940925,-0.920172021147846,0.735273371212854,"covered",0.139142257827691,-0.198499932188291,-1.13944099848653,0.0079,0.9898
"karachiBetaKDE",5e-04,10000,"0.05",33,0.359240914828636,-0.768722758568247,-0.920172021147846,0.735273371212854,"covered",0.139142257827691,-0.198499932188291,-1.13944099848653,0.0079,0.9898
"karachiBetaKDE",5e-04,10000,"0.05",33,0.321562845842307,-0.81309075097725,-0.920172021147846,0.735273371212854,"covered",0.139142257827691,-0.198499932188291,-1.13944099848653,0.0079,0.9898
"karachiBetaKDE",5e-04,10000,"0.05",33,0.285197981475766,-1.00819969151298,-0.920172021147846,0.735273371212854,"escaped_outer",0.139142257827691,-0.198499932188291,-1.13944099848653,0.0079,0.9898
"karachiBetaKDE",5e-04,10000,"0.05",33,0.250836215776904,-1.12625127470688,-0.920172021147846,0.735273371212854,"escaped_outer",0.139142257827691,-0.198499932188291,-1.13944099848653,0.0079,0.9898
"karachiBetaKDE",5e-04,10000,"0.05",33,0.219082914662495,-1.04106709157646,-0.920172021147846,0.735273371212854,"escaped_outer",0.139142257827691,-0.198499932188291,-1.13944099848653,0.0079,0.9898
"karachiBetaKDE",5e-04,10000,"0.05",33,0.190309773296301,-0.739979367021642,-0.920172021147846,0.735273371212854,"covered",0.139142257827691,-0.198499932188291,-1.13944099848653,0.0079,0.9898
"karachiBetaKDE",5e-04,10000,"0.05",33,0.164610609577326,-0.661389344908807,-0.920172021147846,0.735273371212854,"covered",0.139142257827691,-0.198499932188291,-1.13944099848653,0.0079,0.9898
"karachiBetaKDE",5e-04,10000,"0.05",33,0.141983640287116,-0.682323912337364,-0.920172021147846,0.735273371212854,"covered",0.139142257827691,-0.198499932188291,-1.13944099848653,0.0079,0.9898
"karachiBetaKDE",5e-04,10000,"0.05",33,0.122267432828818,-0.702110431495502,-0.920172021147846,0.735273371212854,"covered",0.139142257827691,-0.198499932188291,-1.13944099848653,0.0079,0.9898
"karachiBetaKDE",5e-04,10000,"0.05",33,0.104618038263181,-0.743103720024628,-0.920172021147846,0.735273371212854,"covered",0.139142257827691,-0.198499932188291,-1.13944099848653,0.0079,0.9898
"karachiBetaKDE",5e-04,10000,"0.05",33,0.0886383514543017,-0.816857797992268,-0.920172021147846,0.735273371212854,"covered",0.139142257827691,-0.198499932188291,-1.13944099848653,0.0079,0.9898
"karachiBetaKDE",5e-04,10000,"0.05",33,0.0748475445763621,-0.656505567945774,-0.920172021147846,0.735273371212854,"covered",0.139142257827691,-0.198499932188291,-1.13944099848653,0.0079,0.9898
"karachiBetaKDE",5e-04,10000,"0.05",33,0.06353753376898,-0.534929312717535,-0.920172021147846,0.735273371212854,"covered",0.139142257827691,-0.198499932188291,-1.13944099848653,0.0079,0.9898
"karachiBetaKDE",5e-04,10000,"0.05",33,0.0542627209029139,-0.381799279293646,-0.920172021147846,0.735273371212854,"covered",0.139142257827691,-0.198499932188291,-1.13944099848653,0.0079,0.9898
"karachiBetaKDE",5e-04,10000,"0.05",33,0.0464829494966246,-0.0985687025022197,-0.920172021147846,0.735273371212854,"covered",0.139142257827691,-0.198499932188291,-1.13944099848653,0.0079,0.9898
"karachiBetaKDE",5e-04,10000,"0.05",33,0.0399020505287196,0.202191540466647,-0.920172021147846,0.735273371212854,"covered",0.139142257827691,-0.198499932188291,-1.13944099848653,0.0079,0.9898
"karachiBetaKDE",5e-04,10000,"0.05",33,0.0342638781639597,0.419580145816508,-0.920172021147846,0.735273371212854,"covered",0.139142257827691,-0.198499932188291,-1.13944099848653,0.0079,0.9898
"karachiBetaKDE",5e-04,10000,"0.05",33,0.029112520606684,0.677708243522148,-0.920172021147846,0.735273371212854,"covered",0.139142257827691,-0.198499932188291,-1.13944099848653,0.0079,0.9898
"karachiBetaKDE",5e-04,10000,"0.05",33,0.0239701700290124,0.830334873166724,-0.920172021147846,0.735273371212854,"escaped_inner",0.139142257827691,-0.198499932188291,-1.13944099848653,0.0079,0.9898
"karachiBetaKDE",5e-04,10000,"0.05",34,0.97891796945672,2.01124173553117,-0.950860026278871,0.743196471993618,"escaped_inner",0.154097646193306,-0.310235792812287,-1.03702785420281,0.0041,0.8586
"karachiBetaKDE",5e-04,10000,"0.05",34,0.977147923248112,1.99783463660779,-0.950860026278871,0.743196471993618,"escaped_inner",0.154097646193306,-0.310235792812287,-1.03702785420281,0.0041,0.8586
"karachiBetaKDE",5e-04,10000,"0.05",34,0.975392157375374,2.01111201903593,-0.950860026278871,0.743196471993618,"escaped_inner",0.154097646193306,-0.310235792812287,-1.03702785420281,0.0041,0.8586
"karachiBetaKDE",5e-04,10000,"0.05",34,0.973728307066674,1.98451850779173,-0.950860026278871,0.743196471993618,"escaped_inner",0.154097646193306,-0.310235792812287,-1.03702785420281,0.0041,0.8586
"karachiBetaKDE",5e-04,10000,"0.05",34,0.972148603393168,1.9752685403702,-0.950860026278871,0.743196471993618,"escaped_inner",0.154097646193306,-0.310235792812287,-1.03702785420281,0.0041,0.8586
"karachiBetaKDE",5e-04,10000,"0.05",34,0.970556154699355,1.95835406104423,-0.950860026278871,0.743196471993618,"escaped_inner",0.154097646193306,-0.310235792812287,-1.03702785420281,0.0041,0.8586
"karachiBetaKDE",5e-04,10000,"0.05",34,0.968823546619977,1.89412226990907,-0.950860026278871,0.743196471993618,"escaped_inner",0.154097646193306,-0.310235792812287,-1.03702785420281,0.0041,0.8586
"karachiBetaKDE",5e-04,10000,"0.05",34,0.966856602335362,1.84604316580333,-0.950860026278871,0.743196471993618,"escaped_inner",0.154097646193306,-0.310235792812287,-1.03702785420281,0.0041,0.8586
"karachiBetaKDE",5e-04,10000,"0.05",34,0.964584553599988,1.8047055593047,-0.950860026278871,0.743196471993618,"escaped_inner",0.154097646193306,-0.310235792812287,-1.03702785420281,0.0041,0.8586
"karachiBetaKDE",5e-04,10000,"0.05",34,0.961904962533908,1.7211748644855,-0.950860026278871,0.743196471993618,"escaped_inner",0.154097646193306,-0.310235792812287,-1.03702785420281,0.0041,0.8586
"karachiBetaKDE",5e-04,10000,"0.05",34,0.958671657270623,1.65734881600988,-0.950860026278871,0.743196471993618,"escaped_inner",0.154097646193306,-0.310235792812287,-1.03702785420281,0.0041,0.8586
"karachiBetaKDE",5e-04,10000,"0.05",34,0.954760748875313,1.60859656973837,-0.950860026278871,0.743196471993618,"escaped_inner",0.154097646193306,-0.310235792812287,-1.03702785420281,0.0041,0.8586
"karachiBetaKDE",5e-04,10000,"0.05",34,0.950123279437843,1.56607597820312,-0.950860026278871,0.743196471993618,"escaped_inner",0.154097646193306,-0.310235792812287,-1.03702785420281,0.0041,0.8586
"karachiBetaKDE",5e-04,10000,"0.05",34,0.944774242698295,1.5046572170362,-0.950860026278871,0.743196471993618,"escaped_inner",0.154097646193306,-0.310235792812287,-1.03702785420281,0.0041,0.8586
"karachiBetaKDE",5e-04,10000,"0.05",34,0.938744520641643,1.44545677432864,-0.950860026278871,0.743196471993618,"escaped_inner",0.154097646193306,-0.310235792812287,-1.03702785420281,0.0041,0.8586
"karachiBetaKDE",5e-04,10000,"0.05",34,0.932033249415245,1.36014349363398,-0.950860026278871,0.743196471993618,"escaped_inner",0.154097646193306,-0.310235792812287,-1.03702785420281,0.0041,0.8586
"karachiBetaKDE",5e-04,10000,"0.05",34,0.924586215878857,1.28892215259805,-0.950860026278871,0.743196471993618,"escaped_inner",0.154097646193306,-0.310235792812287,-1.03702785420281,0.0041,0.8586
"karachiBetaKDE",5e-04,10000,"0.05",34,0.916299600528128,1.17354763186987,-0.950860026278871,0.743196471993618,"escaped_inner",0.154097646193306,-0.310235792812287,-1.03702785420281,0.0041,0.8586
"karachiBetaKDE",5e-04,10000,"0.05",34,0.907026985009363,1.08551003108166,-0.950860026278871,0.743196471993618,"escaped_inner",0.154097646193306,-0.310235792812287,-1.03702785420281,0.0041,0.8586
"karachiBetaKDE",5e-04,10000,"0.05",34,0.896586843613339,0.981381026653903,-0.950860026278871,0.743196471993618,"escaped_inner",0.154097646193306,-0.310235792812287,-1.03702785420281,0.0041,0.8586
"karachiBetaKDE",5e-04,10000,"0.05",34,0.884771092114384,0.904557203519075,-0.950860026278871,0.743196471993618,"escaped_inner",0.154097646193306,-0.310235792812287,-1.03702785420281,0.0041,0.8586
"karachiBetaKDE",5e-04,10000,"0.05",34,0.87139537236811,0.809689238649798,-0.950860026278871,0.743196471993618,"escaped_inner",0.154097646193306,-0.310235792812287,-1.03702785420281,0.0041,0.8586
"karachiBetaKDE",5e-04,10000,"0.05",34,0.856354046676824,0.689475306577512,-0.950860026278871,0.743196471993618,"covered",0.154097646193306,-0.310235792812287,-1.03702785420281,0.0041,0.8586
"karachiBetaKDE",5e-04,10000,"0.05",34,0.839610207739494,0.665529313804139,-0.950860026278871,0.743196471993618,"covered",0.154097646193306,-0.310235792812287,-1.03702785420281,0.0041,0.8586
"karachiBetaKDE",5e-04,10000,"0.05",34,0.821080728047109,0.602311463603032,-0.950860026278871,0.743196471993618,"covered",0.154097646193306,-0.310235792812287,-1.03702785420281,0.0041,0.8586
"karachiBetaKDE",5e-04,10000,"0.05",34,0.800567701187619,0.502419334432004,-0.950860026278871,0.743196471993618,"covered",0.154097646193306,-0.310235792812287,-1.03702785420281,0.0041,0.8586
"karachiBetaKDE",5e-04,10000,"0.05",34,0.777885607549507,0.559309692882563,-0.950860026278871,0.743196471993618,"covered",0.154097646193306,-0.310235792812287,-1.03702785420281,0.0041,0.8586
"karachiBetaKDE",5e-04,10000,"0.05",34,0.752982458946362,0.483085712038809,-0.950860026278871,0.743196471993618,"covered",0.154097646193306,-0.310235792812287,-1.03702785420281,0.0041,0.8586
"karachiBetaKDE",5e-04,10000,"0.05",34,0.725790234162741,0.453519478489067,-0.950860026278871,0.743196471993618,"covered",0.154097646193306,-0.310235792812287,-1.03702785420281,0.0041,0.8586
"karachiBetaKDE",5e-04,10000,"0.05",34,0.69606561161469,0.390129754506421,-0.950860026278871,0.743196471993618,"covered",0.154097646193306,-0.310235792812287,-1.03702785420281,0.0041,0.8586
"karachiBetaKDE",5e-04,10000,"0.05",34,0.663699698655259,0.154366805079651,-0.950860026278871,0.743196471993618,"covered",0.154097646193306,-0.310235792812287,-1.03702785420281,0.0041,0.8586
"karachiBetaKDE",5e-04,10000,"0.05",34,0.629093271635229,-0.0582276868915631,-0.950860026278871,0.743196471993618,"covered",0.154097646193306,-0.310235792812287,-1.03702785420281,0.0041,0.8586
"karachiBetaKDE",5e-04,10000,"0.05",34,0.592868808043879,-0.185121427440267,-0.950860026278871,0.743196471993618,"covered",0.154097646193306,-0.310235792812287,-1.03702785420281,0.0041,0.8586
"karachiBetaKDE",5e-04,10000,"0.05",34,0.555319981977444,-0.348631541648593,-0.950860026278871,0.743196471993618,"covered",0.154097646193306,-0.310235792812287,-1.03702785420281,0.0041,0.8586
"karachiBetaKDE",5e-04,10000,"0.05",34,0.51647843189623,-0.31921533521864,-0.950860026278871,0.743196471993618,"covered",0.154097646193306,-0.310235792812287,-1.03702785420281,0.0041,0.8586
"karachiBetaKDE",5e-04,10000,"0.05",34,0.476735140026402,-0.296677811234191,-0.950860026278871,0.743196471993618,"covered",0.154097646193306,-0.310235792812287,-1.03702785420281,0.0041,0.8586
"karachiBetaKDE",5e-04,10000,"0.05",34,0.436928695095447,-0.284458591866071,-0.950860026278871,0.743196471993618,"covered",0.154097646193306,-0.310235792812287,-1.03702785420281,0.0041,0.8586
"karachiBetaKDE",5e-04,10000,"0.05",34,0.397723723245424,-0.25215667397483,-0.950860026278871,0.743196471993618,"covered",0.154097646193306,-0.310235792812287,-1.03702785420281,0.0041,0.8586
"karachiBetaKDE",5e-04,10000,"0.05",34,0.359240914828636,-0.310420133796089,-0.950860026278871,0.743196471993618,"covered",0.154097646193306,-0.310235792812287,-1.03702785420281,0.0041,0.8586
"karachiBetaKDE",5e-04,10000,"0.05",34,0.321562845842307,-0.301201009407689,-0.950860026278871,0.743196471993618,"covered",0.154097646193306,-0.310235792812287,-1.03702785420281,0.0041,0.8586
"karachiBetaKDE",5e-04,10000,"0.05",34,0.285197981475766,-0.292217736152911,-0.950860026278871,0.743196471993618,"covered",0.154097646193306,-0.310235792812287,-1.03702785420281,0.0041,0.8586
"karachiBetaKDE",5e-04,10000,"0.05",34,0.250836215776904,-0.286719564813812,-0.950860026278871,0.743196471993618,"covered",0.154097646193306,-0.310235792812287,-1.03702785420281,0.0041,0.8586
"karachiBetaKDE",5e-04,10000,"0.05",34,0.219082914662495,-0.263475254652763,-0.950860026278871,0.743196471993618,"covered",0.154097646193306,-0.310235792812287,-1.03702785420281,0.0041,0.8586
"karachiBetaKDE",5e-04,10000,"0.05",34,0.190309773296301,-0.244941685242536,-0.950860026278871,0.743196471993618,"covered",0.154097646193306,-0.310235792812287,-1.03702785420281,0.0041,0.8586
"karachiBetaKDE",5e-04,10000,"0.05",34,0.164610609577326,-0.174636111015653,-0.950860026278871,0.743196471993618,"covered",0.154097646193306,-0.310235792812287,-1.03702785420281,0.0041,0.8586
"karachiBetaKDE",5e-04,10000,"0.05",34,0.141983640287116,-0.1154435884189,-0.950860026278871,0.743196471993618,"covered",0.154097646193306,-0.310235792812287,-1.03702785420281,0.0041,0.8586
"karachiBetaKDE",5e-04,10000,"0.05",34,0.122267432828818,-0.131719361323647,-0.950860026278871,0.743196471993618,"covered",0.154097646193306,-0.310235792812287,-1.03702785420281,0.0041,0.8586
"karachiBetaKDE",5e-04,10000,"0.05",34,0.104618038263181,-0.157037991057981,-0.950860026278871,0.743196471993618,"covered",0.154097646193306,-0.310235792812287,-1.03702785420281,0.0041,0.8586
"karachiBetaKDE",5e-04,10000,"0.05",34,0.0886383514543017,-0.355928476651099,-0.950860026278871,0.743196471993618,"covered",0.154097646193306,-0.310235792812287,-1.03702785420281,0.0041,0.8586
"karachiBetaKDE",5e-04,10000,"0.05",34,0.0748475445763621,-0.372516594130064,-0.950860026278871,0.743196471993618,"covered",0.154097646193306,-0.310235792812287,-1.03702785420281,0.0041,0.8586
"karachiBetaKDE",5e-04,10000,"0.05",34,0.06353753376898,-0.17683933311278,-0.950860026278871,0.743196471993618,"covered",0.154097646193306,-0.310235792812287,-1.03702785420281,0.0041,0.8586
"karachiBetaKDE",5e-04,10000,"0.05",34,0.0542627209029139,0.00921278900418843,-0.950860026278871,0.743196471993618,"covered",0.154097646193306,-0.310235792812287,-1.03702785420281,0.0041,0.8586
"karachiBetaKDE",5e-04,10000,"0.05",34,0.0464829494966246,0.260387326975876,-0.950860026278871,0.743196471993618,"covered",0.154097646193306,-0.310235792812287,-1.03702785420281,0.0041,0.8586
"karachiBetaKDE",5e-04,10000,"0.05",34,0.0399020505287196,0.462887451464086,-0.950860026278871,0.743196471993618,"covered",0.154097646193306,-0.310235792812287,-1.03702785420281,0.0041,0.8586
"karachiBetaKDE",5e-04,10000,"0.05",34,0.0342638781639597,0.705085993527739,-0.950860026278871,0.743196471993618,"covered",0.154097646193306,-0.310235792812287,-1.03702785420281,0.0041,0.8586
"karachiBetaKDE",5e-04,10000,"0.05",34,0.029112520606684,0.917181913681663,-0.950860026278871,0.743196471993618,"escaped_inner",0.154097646193306,-0.310235792812287,-1.03702785420281,0.0041,0.8586
"karachiBetaKDE",5e-04,10000,"0.05",34,0.0239701700290124,1.09827356624844,-0.950860026278871,0.743196471993618,"escaped_inner",0.154097646193306,-0.310235792812287,-1.03702785420281,0.0041,0.8586
"karachiBetaKDE",5e-04,10000,"0.05",35,0.97891796945672,2.08421223691373,-0.891806672850081,0.7068949062073,"escaped_inner",0.178797350098273,-0.263870709653367,-0.644862669416967,0.0013,0.6072
"karachiBetaKDE",5e-04,10000,"0.05",35,0.977147923248112,2.10130839077894,-0.891806672850081,0.7068949062073,"escaped_inner",0.178797350098273,-0.263870709653367,-0.644862669416967,0.0013,0.6072
"karachiBetaKDE",5e-04,10000,"0.05",35,0.975392157375374,2.10517085828457,-0.891806672850081,0.7068949062073,"escaped_inner",0.178797350098273,-0.263870709653367,-0.644862669416967,0.0013,0.6072
"karachiBetaKDE",5e-04,10000,"0.05",35,0.973728307066674,2.10787118263176,-0.891806672850081,0.7068949062073,"escaped_inner",0.178797350098273,-0.263870709653367,-0.644862669416967,0.0013,0.6072
"karachiBetaKDE",5e-04,10000,"0.05",35,0.972148603393168,2.09381808093166,-0.891806672850081,0.7068949062073,"escaped_inner",0.178797350098273,-0.263870709653367,-0.644862669416967,0.0013,0.6072
"karachiBetaKDE",5e-04,10000,"0.05",35,0.970556154699355,2.05509317876436,-0.891806672850081,0.7068949062073,"escaped_inner",0.178797350098273,-0.263870709653367,-0.644862669416967,0.0013,0.6072
"karachiBetaKDE",5e-04,10000,"0.05",35,0.968823546619977,2.04433835449588,-0.891806672850081,0.7068949062073,"escaped_inner",0.178797350098273,-0.263870709653367,-0.644862669416967,0.0013,0.6072
"karachiBetaKDE",5e-04,10000,"0.05",35,0.966856602335362,2.007293889683,-0.891806672850081,0.7068949062073,"escaped_inner",0.178797350098273,-0.263870709653367,-0.644862669416967,0.0013,0.6072
"karachiBetaKDE",5e-04,10000,"0.05",35,0.964584553599988,1.96848358805064,-0.891806672850081,0.7068949062073,"escaped_inner",0.178797350098273,-0.263870709653367,-0.644862669416967,0.0013,0.6072
"karachiBetaKDE",5e-04,10000,"0.05",35,0.961904962533908,1.96876013523644,-0.891806672850081,0.7068949062073,"escaped_inner",0.178797350098273,-0.263870709653367,-0.644862669416967,0.0013,0.6072
"karachiBetaKDE",5e-04,10000,"0.05",35,0.958671657270623,1.9218095659199,-0.891806672850081,0.7068949062073,"escaped_inner",0.178797350098273,-0.263870709653367,-0.644862669416967,0.0013,0.6072
"karachiBetaKDE",5e-04,10000,"0.05",35,0.954760748875313,1.87757629494867,-0.891806672850081,0.7068949062073,"escaped_inner",0.178797350098273,-0.263870709653367,-0.644862669416967,0.0013,0.6072
"karachiBetaKDE",5e-04,10000,"0.05",35,0.950123279437843,1.83642654681623,-0.891806672850081,0.7068949062073,"escaped_inner",0.178797350098273,-0.263870709653367,-0.644862669416967,0.0013,0.6072
"karachiBetaKDE",5e-04,10000,"0.05",35,0.944774242698295,1.75937141752515,-0.891806672850081,0.7068949062073,"escaped_inner",0.178797350098273,-0.263870709653367,-0.644862669416967,0.0013,0.6072
"karachiBetaKDE",5e-04,10000,"0.05",35,0.938744520641643,1.69448255551408,-0.891806672850081,0.7068949062073,"escaped_inner",0.178797350098273,-0.263870709653367,-0.644862669416967,0.0013,0.6072
"karachiBetaKDE",5e-04,10000,"0.05",35,0.932033249415245,1.60045930306814,-0.891806672850081,0.7068949062073,"escaped_inner",0.178797350098273,-0.263870709653367,-0.644862669416967,0.0013,0.6072
"karachiBetaKDE",5e-04,10000,"0.05",35,0.924586215878857,1.49834870460607,-0.891806672850081,0.7068949062073,"escaped_inner",0.178797350098273,-0.263870709653367,-0.644862669416967,0.0013,0.6072
"karachiBetaKDE",5e-04,10000,"0.05",35,0.916299600528128,1.38721869956968,-0.891806672850081,0.7068949062073,"escaped_inner",0.178797350098273,-0.263870709653367,-0.644862669416967,0.0013,0.6072
"karachiBetaKDE",5e-04,10000,"0.05",35,0.907026985009363,1.33655660771065,-0.891806672850081,0.7068949062073,"escaped_inner",0.178797350098273,-0.263870709653367,-0.644862669416967,0.0013,0.6072
"karachiBetaKDE",5e-04,10000,"0.05",35,0.896586843613339,1.19270241897467,-0.891806672850081,0.7068949062073,"escaped_inner",0.178797350098273,-0.263870709653367,-0.644862669416967,0.0013,0.6072
"karachiBetaKDE",5e-04,10000,"0.05",35,0.884771092114384,1.10370833769545,-0.891806672850081,0.7068949062073,"escaped_inner",0.178797350098273,-0.263870709653367,-0.644862669416967,0.0013,0.6072
"karachiBetaKDE",5e-04,10000,"0.05",35,0.87139537236811,1.07447887117276,-0.891806672850081,0.7068949062073,"escaped_inner",0.178797350098273,-0.263870709653367,-0.644862669416967,0.0013,0.6072
"karachiBetaKDE",5e-04,10000,"0.05",35,0.856354046676824,0.978488816495555,-0.891806672850081,0.7068949062073,"escaped_inner",0.178797350098273,-0.263870709653367,-0.644862669416967,0.0013,0.6072
"karachiBetaKDE",5e-04,10000,"0.05",35,0.839610207739494,0.910756842559252,-0.891806672850081,0.7068949062073,"escaped_inner",0.178797350098273,-0.263870709653367,-0.644862669416967,0.0013,0.6072
"karachiBetaKDE",5e-04,10000,"0.05",35,0.821080728047109,0.870381001827716,-0.891806672850081,0.7068949062073,"escaped_inner",0.178797350098273,-0.263870709653367,-0.644862669416967,0.0013,0.6072
"karachiBetaKDE",5e-04,10000,"0.05",35,0.800567701187619,0.8763488767027,-0.891806672850081,0.7068949062073,"escaped_inner",0.178797350098273,-0.263870709653367,-0.644862669416967,0.0013,0.6072
"karachiBetaKDE",5e-04,10000,"0.05",35,0.777885607549507,0.902979343186082,-0.891806672850081,0.7068949062073,"escaped_inner",0.178797350098273,-0.263870709653367,-0.644862669416967,0.0013,0.6072
"karachiBetaKDE",5e-04,10000,"0.05",35,0.752982458946362,0.807238545965109,-0.891806672850081,0.7068949062073,"escaped_inner",0.178797350098273,-0.263870709653367,-0.644862669416967,0.0013,0.6072
"karachiBetaKDE",5e-04,10000,"0.05",35,0.725790234162741,0.758098642115734,-0.891806672850081,0.7068949062073,"escaped_inner",0.178797350098273,-0.263870709653367,-0.644862669416967,0.0013,0.6072
"karachiBetaKDE",5e-04,10000,"0.05",35,0.69606561161469,0.648069256664605,-0.891806672850081,0.7068949062073,"covered",0.178797350098273,-0.263870709653367,-0.644862669416967,0.0013,0.6072
"karachiBetaKDE",5e-04,10000,"0.05",35,0.663699698655259,0.636335631087481,-0.891806672850081,0.7068949062073,"covered",0.178797350098273,-0.263870709653367,-0.644862669416967,0.0013,0.6072
"karachiBetaKDE",5e-04,10000,"0.05",35,0.629093271635229,0.527315407423454,-0.891806672850081,0.7068949062073,"covered",0.178797350098273,-0.263870709653367,-0.644862669416967,0.0013,0.6072
"karachiBetaKDE",5e-04,10000,"0.05",35,0.592868808043879,0.56331652002487,-0.891806672850081,0.7068949062073,"covered",0.178797350098273,-0.263870709653367,-0.644862669416967,0.0013,0.6072
"karachiBetaKDE",5e-04,10000,"0.05",35,0.555319981977444,0.429966804399049,-0.891806672850081,0.7068949062073,"covered",0.178797350098273,-0.263870709653367,-0.644862669416967,0.0013,0.6072
"karachiBetaKDE",5e-04,10000,"0.05",35,0.51647843189623,0.40208423848483,-0.891806672850081,0.7068949062073,"covered",0.178797350098273,-0.263870709653367,-0.644862669416967,0.0013,0.6072
"karachiBetaKDE",5e-04,10000,"0.05",35,0.476735140026402,0.341387703843671,-0.891806672850081,0.7068949062073,"covered",0.178797350098273,-0.263870709653367,-0.644862669416967,0.0013,0.6072
"karachiBetaKDE",5e-04,10000,"0.05",35,0.436928695095447,0.330078895305239,-0.891806672850081,0.7068949062073,"covered",0.178797350098273,-0.263870709653367,-0.644862669416967,0.0013,0.6072
"karachiBetaKDE",5e-04,10000,"0.05",35,0.397723723245424,0.308426067883056,-0.891806672850081,0.7068949062073,"covered",0.178797350098273,-0.263870709653367,-0.644862669416967,0.0013,0.6072
"karachiBetaKDE",5e-04,10000,"0.05",35,0.359240914828636,0.276279393000592,-0.891806672850081,0.7068949062073,"covered",0.178797350098273,-0.263870709653367,-0.644862669416967,0.0013,0.6072
"karachiBetaKDE",5e-04,10000,"0.05",35,0.321562845842307,0.261355664325949,-0.891806672850081,0.7068949062073,"covered",0.178797350098273,-0.263870709653367,-0.644862669416967,0.0013,0.6072
"karachiBetaKDE",5e-04,10000,"0.05",35,0.285197981475766,0.0597732953968125,-0.891806672850081,0.7068949062073,"covered",0.178797350098273,-0.263870709653367,-0.644862669416967,0.0013,0.6072
"karachiBetaKDE",5e-04,10000,"0.05",35,0.250836215776904,-0.0687106466212249,-0.891806672850081,0.7068949062073,"covered",0.178797350098273,-0.263870709653367,-0.644862669416967,0.0013,0.6072
"karachiBetaKDE",5e-04,10000,"0.05",35,0.219082914662495,0.0486411533141029,-0.891806672850081,0.7068949062073,"covered",0.178797350098273,-0.263870709653367,-0.644862669416967,0.0013,0.6072
"karachiBetaKDE",5e-04,10000,"0.05",35,0.190309773296301,0.0294182722630499,-0.891806672850081,0.7068949062073,"covered",0.178797350098273,-0.263870709653367,-0.644862669416967,0.0013,0.6072
"karachiBetaKDE",5e-04,10000,"0.05",35,0.164610609577326,-0.0449341216657788,-0.891806672850081,0.7068949062073,"covered",0.178797350098273,-0.263870709653367,-0.644862669416967,0.0013,0.6072
"karachiBetaKDE",5e-04,10000,"0.05",35,0.141983640287116,0.00648073636255726,-0.891806672850081,0.7068949062073,"covered",0.178797350098273,-0.263870709653367,-0.644862669416967,0.0013,0.6072
"karachiBetaKDE",5e-04,10000,"0.05",35,0.122267432828818,0.0588696450418399,-0.891806672850081,0.7068949062073,"covered",0.178797350098273,-0.263870709653367,-0.644862669416967,0.0013,0.6072
"karachiBetaKDE",5e-04,10000,"0.05",35,0.104618038263181,0.0642326997729178,-0.891806672850081,0.7068949062073,"covered",0.178797350098273,-0.263870709653367,-0.644862669416967,0.0013,0.6072
"karachiBetaKDE",5e-04,10000,"0.05",35,0.0886383514543017,0.126953420167266,-0.891806672850081,0.7068949062073,"covered",0.178797350098273,-0.263870709653367,-0.644862669416967,0.0013,0.6072
"karachiBetaKDE",5e-04,10000,"0.05",35,0.0748475445763621,0.18960966095968,-0.891806672850081,0.7068949062073,"covered",0.178797350098273,-0.263870709653367,-0.644862669416967,0.0013,0.6072
"karachiBetaKDE",5e-04,10000,"0.05",35,0.06353753376898,0.294993740920816,-0.891806672850081,0.7068949062073,"covered",0.178797350098273,-0.263870709653367,-0.644862669416967,0.0013,0.6072
"karachiBetaKDE",5e-04,10000,"0.05",35,0.0542627209029139,0.402000363291433,-0.891806672850081,0.7068949062073,"covered",0.178797350098273,-0.263870709653367,-0.644862669416967,0.0013,0.6072
"karachiBetaKDE",5e-04,10000,"0.05",35,0.0464829494966246,0.606579379763876,-0.891806672850081,0.7068949062073,"covered",0.178797350098273,-0.263870709653367,-0.644862669416967,0.0013,0.6072
"karachiBetaKDE",5e-04,10000,"0.05",35,0.0399020505287196,0.876040756563278,-0.891806672850081,0.7068949062073,"escaped_inner",0.178797350098273,-0.263870709653367,-0.644862669416967,0.0013,0.6072
"karachiBetaKDE",5e-04,10000,"0.05",35,0.0342638781639597,1.12732343466414,-0.891806672850081,0.7068949062073,"escaped_inner",0.178797350098273,-0.263870709653367,-0.644862669416967,0.0013,0.6072
"karachiBetaKDE",5e-04,10000,"0.05",35,0.029112520606684,1.27856456874091,-0.891806672850081,0.7068949062073,"escaped_inner",0.178797350098273,-0.263870709653367,-0.644862669416967,0.0013,0.6072
"karachiBetaKDE",5e-04,10000,"0.05",35,0.0239701700290124,1.35700229216153,-0.891806672850081,0.7068949062073,"escaped_inner",0.178797350098273,-0.263870709653367,-0.644862669416967,0.0013,0.6072
"karachiBetaKDE",5e-04,10000,"0.05",36,0.97891796945672,1.99558952991579,-0.88708347249008,0.705092590658491,"escaped_inner",0.167771543991867,0.0141072154843682,-1.07850923759568,0.0077,0.9048
"karachiBetaKDE",5e-04,10000,"0.05",36,0.977147923248112,2.05337267467094,-0.88708347249008,0.705092590658491,"escaped_inner",0.167771543991867,0.0141072154843682,-1.07850923759568,0.0077,0.9048
"karachiBetaKDE",5e-04,10000,"0.05",36,0.975392157375374,2.03908708191102,-0.88708347249008,0.705092590658491,"escaped_inner",0.167771543991867,0.0141072154843682,-1.07850923759568,0.0077,0.9048
"karachiBetaKDE",5e-04,10000,"0.05",36,0.973728307066674,2.03506440064706,-0.88708347249008,0.705092590658491,"escaped_inner",0.167771543991867,0.0141072154843682,-1.07850923759568,0.0077,0.9048
"karachiBetaKDE",5e-04,10000,"0.05",36,0.972148603393168,2.02800409533641,-0.88708347249008,0.705092590658491,"escaped_inner",0.167771543991867,0.0141072154843682,-1.07850923759568,0.0077,0.9048
"karachiBetaKDE",5e-04,10000,"0.05",36,0.970556154699355,2.02264099593417,-0.88708347249008,0.705092590658491,"escaped_inner",0.167771543991867,0.0141072154843682,-1.07850923759568,0.0077,0.9048
"karachiBetaKDE",5e-04,10000,"0.05",36,0.968823546619977,2.01860035569157,-0.88708347249008,0.705092590658491,"escaped_inner",0.167771543991867,0.0141072154843682,-1.07850923759568,0.0077,0.9048
"karachiBetaKDE",5e-04,10000,"0.05",36,0.966856602335362,1.99106034278855,-0.88708347249008,0.705092590658491,"escaped_inner",0.167771543991867,0.0141072154843682,-1.07850923759568,0.0077,0.9048
"karachiBetaKDE",5e-04,10000,"0.05",36,0.964584553599988,1.93778081506081,-0.88708347249008,0.705092590658491,"escaped_inner",0.167771543991867,0.0141072154843682,-1.07850923759568,0.0077,0.9048
"karachiBetaKDE",5e-04,10000,"0.05",36,0.961904962533908,1.89639349068521,-0.88708347249008,0.705092590658491,"escaped_inner",0.167771543991867,0.0141072154843682,-1.07850923759568,0.0077,0.9048
"karachiBetaKDE",5e-04,10000,"0.05",36,0.958671657270623,1.8084093147396,-0.88708347249008,0.705092590658491,"escaped_inner",0.167771543991867,0.0141072154843682,-1.07850923759568,0.0077,0.9048
"karachiBetaKDE",5e-04,10000,"0.05",36,0.954760748875313,1.73459231033145,-0.88708347249008,0.705092590658491,"escaped_inner",0.167771543991867,0.0141072154843682,-1.07850923759568,0.0077,0.9048
"karachiBetaKDE",5e-04,10000,"0.05",36,0.950123279437843,1.69900176506354,-0.88708347249008,0.705092590658491,"escaped_inner",0.167771543991867,0.0141072154843682,-1.07850923759568,0.0077,0.9048
"karachiBetaKDE",5e-04,10000,"0.05",36,0.944774242698295,1.61057217789249,-0.88708347249008,0.705092590658491,"escaped_inner",0.167771543991867,0.0141072154843682,-1.07850923759568,0.0077,0.9048
"karachiBetaKDE",5e-04,10000,"0.05",36,0.938744520641643,1.57777967658885,-0.88708347249008,0.705092590658491,"escaped_inner",0.167771543991867,0.0141072154843682,-1.07850923759568,0.0077,0.9048
"karachiBetaKDE",5e-04,10000,"0.05",36,0.932033249415245,1.49435039459603,-0.88708347249008,0.705092590658491,"escaped_inner",0.167771543991867,0.0141072154843682,-1.07850923759568,0.0077,0.9048
"karachiBetaKDE",5e-04,10000,"0.05",36,0.924586215878857,1.38525367571824,-0.88708347249008,0.705092590658491,"escaped_inner",0.167771543991867,0.0141072154843682,-1.07850923759568,0.0077,0.9048
"karachiBetaKDE",5e-04,10000,"0.05",36,0.916299600528128,1.28852263345354,-0.88708347249008,0.705092590658491,"escaped_inner",0.167771543991867,0.0141072154843682,-1.07850923759568,0.0077,0.9048
"karachiBetaKDE",5e-04,10000,"0.05",36,0.907026985009363,1.17151450023192,-0.88708347249008,0.705092590658491,"escaped_inner",0.167771543991867,0.0141072154843682,-1.07850923759568,0.0077,0.9048
"karachiBetaKDE",5e-04,10000,"0.05",36,0.896586843613339,1.05160688850454,-0.88708347249008,0.705092590658491,"escaped_inner",0.167771543991867,0.0141072154843682,-1.07850923759568,0.0077,0.9048
"karachiBetaKDE",5e-04,10000,"0.05",36,0.884771092114384,0.956475646381638,-0.88708347249008,0.705092590658491,"escaped_inner",0.167771543991867,0.0141072154843682,-1.07850923759568,0.0077,0.9048
"karachiBetaKDE",5e-04,10000,"0.05",36,0.87139537236811,0.955195401173768,-0.88708347249008,0.705092590658491,"escaped_inner",0.167771543991867,0.0141072154843682,-1.07850923759568,0.0077,0.9048
"karachiBetaKDE",5e-04,10000,"0.05",36,0.856354046676824,0.897701038283397,-0.88708347249008,0.705092590658491,"escaped_inner",0.167771543991867,0.0141072154843682,-1.07850923759568,0.0077,0.9048
"karachiBetaKDE",5e-04,10000,"0.05",36,0.839610207739494,0.851777142677773,-0.88708347249008,0.705092590658491,"escaped_inner",0.167771543991867,0.0141072154843682,-1.07850923759568,0.0077,0.9048
"karachiBetaKDE",5e-04,10000,"0.05",36,0.821080728047109,0.821046505795543,-0.88708347249008,0.705092590658491,"escaped_inner",0.167771543991867,0.0141072154843682,-1.07850923759568,0.0077,0.9048
"karachiBetaKDE",5e-04,10000,"0.05",36,0.800567701187619,0.790789392288686,-0.88708347249008,0.705092590658491,"escaped_inner",0.167771543991867,0.0141072154843682,-1.07850923759568,0.0077,0.9048
"karachiBetaKDE",5e-04,10000,"0.05",36,0.777885607549507,0.682690701788223,-0.88708347249008,0.705092590658491,"covered",0.167771543991867,0.0141072154843682,-1.07850923759568,0.0077,0.9048
"karachiBetaKDE",5e-04,10000,"0.05",36,0.752982458946362,0.675157401095439,-0.88708347249008,0.705092590658491,"covered",0.167771543991867,0.0141072154843682,-1.07850923759568,0.0077,0.9048
"karachiBetaKDE",5e-04,10000,"0.05",36,0.725790234162741,0.554802124152743,-0.88708347249008,0.705092590658491,"covered",0.167771543991867,0.0141072154843682,-1.07850923759568,0.0077,0.9048
"karachiBetaKDE",5e-04,10000,"0.05",36,0.69606561161469,0.436915364339483,-0.88708347249008,0.705092590658491,"covered",0.167771543991867,0.0141072154843682,-1.07850923759568,0.0077,0.9048
"karachiBetaKDE",5e-04,10000,"0.05",36,0.663699698655259,0.347826029542992,-0.88708347249008,0.705092590658491,"covered",0.167771543991867,0.0141072154843682,-1.07850923759568,0.0077,0.9048
"karachiBetaKDE",5e-04,10000,"0.05",36,0.629093271635229,0.270828720442093,-0.88708347249008,0.705092590658491,"covered",0.167771543991867,0.0141072154843682,-1.07850923759568,0.0077,0.9048
"karachiBetaKDE",5e-04,10000,"0.05",36,0.592868808043879,0.205337673474823,-0.88708347249008,0.705092590658491,"covered",0.167771543991867,0.0141072154843682,-1.07850923759568,0.0077,0.9048
"karachiBetaKDE",5e-04,10000,"0.05",36,0.555319981977444,0.141172652683805,-0.88708347249008,0.705092590658491,"covered",0.167771543991867,0.0141072154843682,-1.07850923759568,0.0077,0.9048
"karachiBetaKDE",5e-04,10000,"0.05",36,0.51647843189623,0.0979011920730581,-0.88708347249008,0.705092590658491,"covered",0.167771543991867,0.0141072154843682,-1.07850923759568,0.0077,0.9048
"karachiBetaKDE",5e-04,10000,"0.05",36,0.476735140026402,0.0337985648263097,-0.88708347249008,0.705092590658491,"covered",0.167771543991867,0.0141072154843682,-1.07850923759568,0.0077,0.9048
"karachiBetaKDE",5e-04,10000,"0.05",36,0.436928695095447,0.0574652136732634,-0.88708347249008,0.705092590658491,"covered",0.167771543991867,0.0141072154843682,-1.07850923759568,0.0077,0.9048
"karachiBetaKDE",5e-04,10000,"0.05",36,0.397723723245424,0.0906188057943372,-0.88708347249008,0.705092590658491,"covered",0.167771543991867,0.0141072154843682,-1.07850923759568,0.0077,0.9048
"karachiBetaKDE",5e-04,10000,"0.05",36,0.359240914828636,-0.0240917822068941,-0.88708347249008,0.705092590658491,"covered",0.167771543991867,0.0141072154843682,-1.07850923759568,0.0077,0.9048
"karachiBetaKDE",5e-04,10000,"0.05",36,0.321562845842307,-0.0620565248801696,-0.88708347249008,0.705092590658491,"covered",0.167771543991867,0.0141072154843682,-1.07850923759568,0.0077,0.9048
"karachiBetaKDE",5e-04,10000,"0.05",36,0.285197981475766,-0.159423462391343,-0.88708347249008,0.705092590658491,"covered",0.167771543991867,0.0141072154843682,-1.07850923759568,0.0077,0.9048
"karachiBetaKDE",5e-04,10000,"0.05",36,0.250836215776904,-0.220495871608426,-0.88708347249008,0.705092590658491,"covered",0.167771543991867,0.0141072154843682,-1.07850923759568,0.0077,0.9048
"karachiBetaKDE",5e-04,10000,"0.05",36,0.219082914662495,-0.197352881366344,-0.88708347249008,0.705092590658491,"covered",0.167771543991867,0.0141072154843682,-1.07850923759568,0.0077,0.9048
"karachiBetaKDE",5e-04,10000,"0.05",36,0.190309773296301,-0.0594716574186021,-0.88708347249008,0.705092590658491,"covered",0.167771543991867,0.0141072154843682,-1.07850923759568,0.0077,0.9048
"karachiBetaKDE",5e-04,10000,"0.05",36,0.164610609577326,0.162838725976892,-0.88708347249008,0.705092590658491,"covered",0.167771543991867,0.0141072154843682,-1.07850923759568,0.0077,0.9048
"karachiBetaKDE",5e-04,10000,"0.05",36,0.141983640287116,0.208445589666046,-0.88708347249008,0.705092590658491,"covered",0.167771543991867,0.0141072154843682,-1.07850923759568,0.0077,0.9048
"karachiBetaKDE",5e-04,10000,"0.05",36,0.122267432828818,0.115766193557711,-0.88708347249008,0.705092590658491,"covered",0.167771543991867,0.0141072154843682,-1.07850923759568,0.0077,0.9048
"karachiBetaKDE",5e-04,10000,"0.05",36,0.104618038263181,-0.0370076506516218,-0.88708347249008,0.705092590658491,"covered",0.167771543991867,0.0141072154843682,-1.07850923759568,0.0077,0.9048
"karachiBetaKDE",5e-04,10000,"0.05",36,0.0886383514543017,-0.163207510205148,-0.88708347249008,0.705092590658491,"covered",0.167771543991867,0.0141072154843682,-1.07850923759568,0.0077,0.9048
"karachiBetaKDE",5e-04,10000,"0.05",36,0.0748475445763621,-0.058566047468361,-0.88708347249008,0.705092590658491,"covered",0.167771543991867,0.0141072154843682,-1.07850923759568,0.0077,0.9048
"karachiBetaKDE",5e-04,10000,"0.05",36,0.06353753376898,0.107585681218671,-0.88708347249008,0.705092590658491,"covered",0.167771543991867,0.0141072154843682,-1.07850923759568,0.0077,0.9048
"karachiBetaKDE",5e-04,10000,"0.05",36,0.0542627209029139,0.264639033061091,-0.88708347249008,0.705092590658491,"covered",0.167771543991867,0.0141072154843682,-1.07850923759568,0.0077,0.9048
"karachiBetaKDE",5e-04,10000,"0.05",36,0.0464829494966246,0.440521442779012,-0.88708347249008,0.705092590658491,"covered",0.167771543991867,0.0141072154843682,-1.07850923759568,0.0077,0.9048
"karachiBetaKDE",5e-04,10000,"0.05",36,0.0399020505287196,0.69552620541446,-0.88708347249008,0.705092590658491,"covered",0.167771543991867,0.0141072154843682,-1.07850923759568,0.0077,0.9048
"karachiBetaKDE",5e-04,10000,"0.05",36,0.0342638781639597,0.932627007597616,-0.88708347249008,0.705092590658491,"escaped_inner",0.167771543991867,0.0141072154843682,-1.07850923759568,0.0077,0.9048
"karachiBetaKDE",5e-04,10000,"0.05",36,0.029112520606684,1.13591109387924,-0.88708347249008,0.705092590658491,"escaped_inner",0.167771543991867,0.0141072154843682,-1.07850923759568,0.0077,0.9048
"karachiBetaKDE",5e-04,10000,"0.05",36,0.0239701700290124,1.22880741179142,-0.88708347249008,0.705092590658491,"escaped_inner",0.167771543991867,0.0141072154843682,-1.07850923759568,0.0077,0.9048
"karachiBetaKDE",5e-04,10000,"0.05",37,0.97891796945672,2.08995996957615,-0.830872257776824,0.683697977094975,"escaped_inner",0.169990040765874,-0.0959547981358651,-1.02387840254243,0.005,0.9422
"karachiBetaKDE",5e-04,10000,"0.05",37,0.977147923248112,2.08436614690158,-0.830872257776824,0.683697977094975,"escaped_inner",0.169990040765874,-0.0959547981358651,-1.02387840254243,0.005,0.9422
"karachiBetaKDE",5e-04,10000,"0.05",37,0.975392157375374,2.06250767390598,-0.830872257776824,0.683697977094975,"escaped_inner",0.169990040765874,-0.0959547981358651,-1.02387840254243,0.005,0.9422
"karachiBetaKDE",5e-04,10000,"0.05",37,0.973728307066674,2.05140108660155,-0.830872257776824,0.683697977094975,"escaped_inner",0.169990040765874,-0.0959547981358651,-1.02387840254243,0.005,0.9422
"karachiBetaKDE",5e-04,10000,"0.05",37,0.972148603393168,2.04055509248068,-0.830872257776824,0.683697977094975,"escaped_inner",0.169990040765874,-0.0959547981358651,-1.02387840254243,0.005,0.9422
"karachiBetaKDE",5e-04,10000,"0.05",37,0.970556154699355,2.00827950546167,-0.830872257776824,0.683697977094975,"escaped_inner",0.169990040765874,-0.0959547981358651,-1.02387840254243,0.005,0.9422
"karachiBetaKDE",5e-04,10000,"0.05",37,0.968823546619977,1.95191722445006,-0.830872257776824,0.683697977094975,"escaped_inner",0.169990040765874,-0.0959547981358651,-1.02387840254243,0.005,0.9422
"karachiBetaKDE",5e-04,10000,"0.05",37,0.966856602335362,1.90470979487159,-0.830872257776824,0.683697977094975,"escaped_inner",0.169990040765874,-0.0959547981358651,-1.02387840254243,0.005,0.9422
"karachiBetaKDE",5e-04,10000,"0.05",37,0.964584553599988,1.8599157680909,-0.830872257776824,0.683697977094975,"escaped_inner",0.169990040765874,-0.0959547981358651,-1.02387840254243,0.005,0.9422
"karachiBetaKDE",5e-04,10000,"0.05",37,0.961904962533908,1.82234366604383,-0.830872257776824,0.683697977094975,"escaped_inner",0.169990040765874,-0.0959547981358651,-1.02387840254243,0.005,0.9422
"karachiBetaKDE",5e-04,10000,"0.05",37,0.958671657270623,1.79074394706206,-0.830872257776824,0.683697977094975,"escaped_inner",0.169990040765874,-0.0959547981358651,-1.02387840254243,0.005,0.9422
"karachiBetaKDE",5e-04,10000,"0.05",37,0.954760748875313,1.74216933245088,-0.830872257776824,0.683697977094975,"escaped_inner",0.169990040765874,-0.0959547981358651,-1.02387840254243,0.005,0.9422
"karachiBetaKDE",5e-04,10000,"0.05",37,0.950123279437843,1.74676339560629,-0.830872257776824,0.683697977094975,"escaped_inner",0.169990040765874,-0.0959547981358651,-1.02387840254243,0.005,0.9422
"karachiBetaKDE",5e-04,10000,"0.05",37,0.944774242698295,1.69130167904026,-0.830872257776824,0.683697977094975,"escaped_inner",0.169990040765874,-0.0959547981358651,-1.02387840254243,0.005,0.9422
"karachiBetaKDE",5e-04,10000,"0.05",37,0.938744520641643,1.61463889990859,-0.830872257776824,0.683697977094975,"escaped_inner",0.169990040765874,-0.0959547981358651,-1.02387840254243,0.005,0.9422
"karachiBetaKDE",5e-04,10000,"0.05",37,0.932033249415245,1.52267714627644,-0.830872257776824,0.683697977094975,"escaped_inner",0.169990040765874,-0.0959547981358651,-1.02387840254243,0.005,0.9422
"karachiBetaKDE",5e-04,10000,"0.05",37,0.924586215878857,1.42545563874153,-0.830872257776824,0.683697977094975,"escaped_inner",0.169990040765874,-0.0959547981358651,-1.02387840254243,0.005,0.9422
"karachiBetaKDE",5e-04,10000,"0.05",37,0.916299600528128,1.3087959265642,-0.830872257776824,0.683697977094975,"escaped_inner",0.169990040765874,-0.0959547981358651,-1.02387840254243,0.005,0.9422
"karachiBetaKDE",5e-04,10000,"0.05",37,0.907026985009363,1.22199187953686,-0.830872257776824,0.683697977094975,"escaped_inner",0.169990040765874,-0.0959547981358651,-1.02387840254243,0.005,0.9422
"karachiBetaKDE",5e-04,10000,"0.05",37,0.896586843613339,1.15657553714147,-0.830872257776824,0.683697977094975,"escaped_inner",0.169990040765874,-0.0959547981358651,-1.02387840254243,0.005,0.9422
"karachiBetaKDE",5e-04,10000,"0.05",37,0.884771092114384,1.12469429544985,-0.830872257776824,0.683697977094975,"escaped_inner",0.169990040765874,-0.0959547981358651,-1.02387840254243,0.005,0.9422
"karachiBetaKDE",5e-04,10000,"0.05",37,0.87139537236811,1.05754674804448,-0.830872257776824,0.683697977094975,"escaped_inner",0.169990040765874,-0.0959547981358651,-1.02387840254243,0.005,0.9422
"karachiBetaKDE",5e-04,10000,"0.05",37,0.856354046676824,0.914096760296035,-0.830872257776824,0.683697977094975,"escaped_inner",0.169990040765874,-0.0959547981358651,-1.02387840254243,0.005,0.9422
"karachiBetaKDE",5e-04,10000,"0.05",37,0.839610207739494,0.785045999417454,-0.830872257776824,0.683697977094975,"escaped_inner",0.169990040765874,-0.0959547981358651,-1.02387840254243,0.005,0.9422
"karachiBetaKDE",5e-04,10000,"0.05",37,0.821080728047109,0.761647563374812,-0.830872257776824,0.683697977094975,"escaped_inner",0.169990040765874,-0.0959547981358651,-1.02387840254243,0.005,0.9422
"karachiBetaKDE",5e-04,10000,"0.05",37,0.800567701187619,0.638299117034843,-0.830872257776824,0.683697977094975,"covered",0.169990040765874,-0.0959547981358651,-1.02387840254243,0.005,0.9422
"karachiBetaKDE",5e-04,10000,"0.05",37,0.777885607549507,0.778565788459359,-0.830872257776824,0.683697977094975,"escaped_inner",0.169990040765874,-0.0959547981358651,-1.02387840254243,0.005,0.9422
"karachiBetaKDE",5e-04,10000,"0.05",37,0.752982458946362,0.809760005615384,-0.830872257776824,0.683697977094975,"escaped_inner",0.169990040765874,-0.0959547981358651,-1.02387840254243,0.005,0.9422
"karachiBetaKDE",5e-04,10000,"0.05",37,0.725790234162741,0.6956667002154,-0.830872257776824,0.683697977094975,"escaped_inner",0.169990040765874,-0.0959547981358651,-1.02387840254243,0.005,0.9422
"karachiBetaKDE",5e-04,10000,"0.05",37,0.69606561161469,0.666450576063114,-0.830872257776824,0.683697977094975,"covered",0.169990040765874,-0.0959547981358651,-1.02387840254243,0.005,0.9422
"karachiBetaKDE",5e-04,10000,"0.05",37,0.663699698655259,0.542788414633433,-0.830872257776824,0.683697977094975,"covered",0.169990040765874,-0.0959547981358651,-1.02387840254243,0.005,0.9422
"karachiBetaKDE",5e-04,10000,"0.05",37,0.629093271635229,0.473509546234463,-0.830872257776824,0.683697977094975,"covered",0.169990040765874,-0.0959547981358651,-1.02387840254243,0.005,0.9422
"karachiBetaKDE",5e-04,10000,"0.05",37,0.592868808043879,0.447650427670121,-0.830872257776824,0.683697977094975,"covered",0.169990040765874,-0.0959547981358651,-1.02387840254243,0.005,0.9422
"karachiBetaKDE",5e-04,10000,"0.05",37,0.555319981977444,0.433426924920453,-0.830872257776824,0.683697977094975,"covered",0.169990040765874,-0.0959547981358651,-1.02387840254243,0.005,0.9422
"karachiBetaKDE",5e-04,10000,"0.05",37,0.51647843189623,0.395153941092779,-0.830872257776824,0.683697977094975,"covered",0.169990040765874,-0.0959547981358651,-1.02387840254243,0.005,0.9422
"karachiBetaKDE",5e-04,10000,"0.05",37,0.476735140026402,0.427220397759984,-0.830872257776824,0.683697977094975,"covered",0.169990040765874,-0.0959547981358651,-1.02387840254243,0.005,0.9422
"karachiBetaKDE",5e-04,10000,"0.05",37,0.436928695095447,0.323170282636577,-0.830872257776824,0.683697977094975,"covered",0.169990040765874,-0.0959547981358651,-1.02387840254243,0.005,0.9422
"karachiBetaKDE",5e-04,10000,"0.05",37,0.397723723245424,0.263075284339078,-0.830872257776824,0.683697977094975,"covered",0.169990040765874,-0.0959547981358651,-1.02387840254243,0.005,0.9422
"karachiBetaKDE",5e-04,10000,"0.05",37,0.359240914828636,0.152459427238562,-0.830872257776824,0.683697977094975,"covered",0.169990040765874,-0.0959547981358651,-1.02387840254243,0.005,0.9422
"karachiBetaKDE",5e-04,10000,"0.05",37,0.321562845842307,0.105548808560033,-0.830872257776824,0.683697977094975,"covered",0.169990040765874,-0.0959547981358651,-1.02387840254243,0.005,0.9422
"karachiBetaKDE",5e-04,10000,"0.05",37,0.285197981475766,0.0175001080154638,-0.830872257776824,0.683697977094975,"covered",0.169990040765874,-0.0959547981358651,-1.02387840254243,0.005,0.9422
"karachiBetaKDE",5e-04,10000,"0.05",37,0.250836215776904,-0.0385506507092402,-0.830872257776824,0.683697977094975,"covered",0.169990040765874,-0.0959547981358651,-1.02387840254243,0.005,0.9422
"karachiBetaKDE",5e-04,10000,"0.05",37,0.219082914662495,0.0410918881203608,-0.830872257776824,0.683697977094975,"covered",0.169990040765874,-0.0959547981358651,-1.02387840254243,0.005,0.9422
"karachiBetaKDE",5e-04,10000,"0.05",37,0.190309773296301,0.126059692486449,-0.830872257776824,0.683697977094975,"covered",0.169990040765874,-0.0959547981358651,-1.02387840254243,0.005,0.9422
"karachiBetaKDE",5e-04,10000,"0.05",37,0.164610609577326,0.154954228129392,-0.830872257776824,0.683697977094975,"covered",0.169990040765874,-0.0959547981358651,-1.02387840254243,0.005,0.9422
"karachiBetaKDE",5e-04,10000,"0.05",37,0.141983640287116,0.0929195817208206,-0.830872257776824,0.683697977094975,"covered",0.169990040765874,-0.0959547981358651,-1.02387840254243,0.005,0.9422
"karachiBetaKDE",5e-04,10000,"0.05",37,0.122267432828818,0.0528434115678965,-0.830872257776824,0.683697977094975,"covered",0.169990040765874,-0.0959547981358651,-1.02387840254243,0.005,0.9422
"karachiBetaKDE",5e-04,10000,"0.05",37,0.104618038263181,-0.0266406977599581,-0.830872257776824,0.683697977094975,"covered",0.169990040765874,-0.0959547981358651,-1.02387840254243,0.005,0.9422
"karachiBetaKDE",5e-04,10000,"0.05",37,0.0886383514543017,-0.0117459025638888,-0.830872257776824,0.683697977094975,"covered",0.169990040765874,-0.0959547981358651,-1.02387840254243,0.005,0.9422
"karachiBetaKDE",5e-04,10000,"0.05",37,0.0748475445763621,-0.0186325426042482,-0.830872257776824,0.683697977094975,"covered",0.169990040765874,-0.0959547981358651,-1.02387840254243,0.005,0.9422
"karachiBetaKDE",5e-04,10000,"0.05",37,0.06353753376898,0.170801060037482,-0.830872257776824,0.683697977094975,"covered",0.169990040765874,-0.0959547981358651,-1.02387840254243,0.005,0.9422
"karachiBetaKDE",5e-04,10000,"0.05",37,0.0542627209029139,0.281399295030024,-0.830872257776824,0.683697977094975,"covered",0.169990040765874,-0.0959547981358651,-1.02387840254243,0.005,0.9422
"karachiBetaKDE",5e-04,10000,"0.05",37,0.0464829494966246,0.515099216738778,-0.830872257776824,0.683697977094975,"covered",0.169990040765874,-0.0959547981358651,-1.02387840254243,0.005,0.9422
"karachiBetaKDE",5e-04,10000,"0.05",37,0.0399020505287196,0.725310530318601,-0.830872257776824,0.683697977094975,"escaped_inner",0.169990040765874,-0.0959547981358651,-1.02387840254243,0.005,0.9422
"karachiBetaKDE",5e-04,10000,"0.05",37,0.0342638781639597,0.940963384828903,-0.830872257776824,0.683697977094975,"escaped_inner",0.169990040765874,-0.0959547981358651,-1.02387840254243,0.005,0.9422
"karachiBetaKDE",5e-04,10000,"0.05",37,0.029112520606684,1.11350102910468,-0.830872257776824,0.683697977094975,"escaped_inner",0.169990040765874,-0.0959547981358651,-1.02387840254243,0.005,0.9422
"karachiBetaKDE",5e-04,10000,"0.05",37,0.0239701700290124,1.22581967677457,-0.830872257776824,0.683697977094975,"escaped_inner",0.169990040765874,-0.0959547981358651,-1.02387840254243,0.005,0.9422
"karachiBetaKDE",5e-04,10000,"0.05",38,0.97891796945672,1.97973565903437,-0.976688985864707,0.786847096266441,"escaped_inner",0.148602611252523,-0.0660851379763389,-0.63016570279059,0.0015,0.574
"karachiBetaKDE",5e-04,10000,"0.05",38,0.977147923248112,1.97564855361901,-0.976688985864707,0.786847096266441,"escaped_inner",0.148602611252523,-0.0660851379763389,-0.63016570279059,0.0015,0.574
"karachiBetaKDE",5e-04,10000,"0.05",38,0.975392157375374,1.96009517222276,-0.976688985864707,0.786847096266441,"escaped_inner",0.148602611252523,-0.0660851379763389,-0.63016570279059,0.0015,0.574
"karachiBetaKDE",5e-04,10000,"0.05",38,0.973728307066674,1.91971259963168,-0.976688985864707,0.786847096266441,"escaped_inner",0.148602611252523,-0.0660851379763389,-0.63016570279059,0.0015,0.574
"karachiBetaKDE",5e-04,10000,"0.05",38,0.972148603393168,1.88068134581952,-0.976688985864707,0.786847096266441,"escaped_inner",0.148602611252523,-0.0660851379763389,-0.63016570279059,0.0015,0.574
"karachiBetaKDE",5e-04,10000,"0.05",38,0.970556154699355,1.8338608857827,-0.976688985864707,0.786847096266441,"escaped_inner",0.148602611252523,-0.0660851379763389,-0.63016570279059,0.0015,0.574
"karachiBetaKDE",5e-04,10000,"0.05",38,0.968823546619977,1.80275098589834,-0.976688985864707,0.786847096266441,"escaped_inner",0.148602611252523,-0.0660851379763389,-0.63016570279059,0.0015,0.574
"karachiBetaKDE",5e-04,10000,"0.05",38,0.966856602335362,1.7281077901322,-0.976688985864707,0.786847096266441,"escaped_inner",0.148602611252523,-0.0660851379763389,-0.63016570279059,0.0015,0.574
"karachiBetaKDE",5e-04,10000,"0.05",38,0.964584553599988,1.70451588338836,-0.976688985864707,0.786847096266441,"escaped_inner",0.148602611252523,-0.0660851379763389,-0.63016570279059,0.0015,0.574
"karachiBetaKDE",5e-04,10000,"0.05",38,0.961904962533908,1.65022725327132,-0.976688985864707,0.786847096266441,"escaped_inner",0.148602611252523,-0.0660851379763389,-0.63016570279059,0.0015,0.574
"karachiBetaKDE",5e-04,10000,"0.05",38,0.958671657270623,1.59409956740246,-0.976688985864707,0.786847096266441,"escaped_inner",0.148602611252523,-0.0660851379763389,-0.63016570279059,0.0015,0.574
"karachiBetaKDE",5e-04,10000,"0.05",38,0.954760748875313,1.51028031023248,-0.976688985864707,0.786847096266441,"escaped_inner",0.148602611252523,-0.0660851379763389,-0.63016570279059,0.0015,0.574
"karachiBetaKDE",5e-04,10000,"0.05",38,0.950123279437843,1.44014190282078,-0.976688985864707,0.786847096266441,"escaped_inner",0.148602611252523,-0.0660851379763389,-0.63016570279059,0.0015,0.574
"karachiBetaKDE",5e-04,10000,"0.05",38,0.944774242698295,1.40708853900263,-0.976688985864707,0.786847096266441,"escaped_inner",0.148602611252523,-0.0660851379763389,-0.63016570279059,0.0015,0.574
"karachiBetaKDE",5e-04,10000,"0.05",38,0.938744520641643,1.38489418514369,-0.976688985864707,0.786847096266441,"escaped_inner",0.148602611252523,-0.0660851379763389,-0.63016570279059,0.0015,0.574
"karachiBetaKDE",5e-04,10000,"0.05",38,0.932033249415245,1.25127671491731,-0.976688985864707,0.786847096266441,"escaped_inner",0.148602611252523,-0.0660851379763389,-0.63016570279059,0.0015,0.574
"karachiBetaKDE",5e-04,10000,"0.05",38,0.924586215878857,1.1553246098144,-0.976688985864707,0.786847096266441,"escaped_inner",0.148602611252523,-0.0660851379763389,-0.63016570279059,0.0015,0.574
"karachiBetaKDE",5e-04,10000,"0.05",38,0.916299600528128,1.01366493444777,-0.976688985864707,0.786847096266441,"escaped_inner",0.148602611252523,-0.0660851379763389,-0.63016570279059,0.0015,0.574
"karachiBetaKDE",5e-04,10000,"0.05",38,0.907026985009363,0.916416665132665,-0.976688985864707,0.786847096266441,"escaped_inner",0.148602611252523,-0.0660851379763389,-0.63016570279059,0.0015,0.574
"karachiBetaKDE",5e-04,10000,"0.05",38,0.896586843613339,0.793715098355232,-0.976688985864707,0.786847096266441,"escaped_inner",0.148602611252523,-0.0660851379763389,-0.63016570279059,0.0015,0.574
"karachiBetaKDE",5e-04,10000,"0.05",38,0.884771092114384,0.734034222585145,-0.976688985864707,0.786847096266441,"covered",0.148602611252523,-0.0660851379763389,-0.63016570279059,0.0015,0.574
"karachiBetaKDE",5e-04,10000,"0.05",38,0.87139537236811,0.721204479737867,-0.976688985864707,0.786847096266441,"covered",0.148602611252523,-0.0660851379763389,-0.63016570279059,0.0015,0.574
"karachiBetaKDE",5e-04,10000,"0.05",38,0.856354046676824,0.718853229548161,-0.976688985864707,0.786847096266441,"covered",0.148602611252523,-0.0660851379763389,-0.63016570279059,0.0015,0.574
"karachiBetaKDE",5e-04,10000,"0.05",38,0.839610207739494,0.709792075671898,-0.976688985864707,0.786847096266441,"covered",0.148602611252523,-0.0660851379763389,-0.63016570279059,0.0015,0.574
"karachiBetaKDE",5e-04,10000,"0.05",38,0.821080728047109,0.61542988407544,-0.976688985864707,0.786847096266441,"covered",0.148602611252523,-0.0660851379763389,-0.63016570279059,0.0015,0.574
"karachiBetaKDE",5e-04,10000,"0.05",38,0.800567701187619,0.508274925902428,-0.976688985864707,0.786847096266441,"covered",0.148602611252523,-0.0660851379763389,-0.63016570279059,0.0015,0.574
"karachiBetaKDE",5e-04,10000,"0.05",38,0.777885607549507,0.505062777697544,-0.976688985864707,0.786847096266441,"covered",0.148602611252523,-0.0660851379763389,-0.63016570279059,0.0015,0.574
"karachiBetaKDE",5e-04,10000,"0.05",38,0.752982458946362,0.341055817988312,-0.976688985864707,0.786847096266441,"covered",0.148602611252523,-0.0660851379763389,-0.63016570279059,0.0015,0.574
"karachiBetaKDE",5e-04,10000,"0.05",38,0.725790234162741,0.226173717864518,-0.976688985864707,0.786847096266441,"covered",0.148602611252523,-0.0660851379763389,-0.63016570279059,0.0015,0.574
"karachiBetaKDE",5e-04,10000,"0.05",38,0.69606561161469,0.129528789678275,-0.976688985864707,0.786847096266441,"covered",0.148602611252523,-0.0660851379763389,-0.63016570279059,0.0015,0.574
"karachiBetaKDE",5e-04,10000,"0.05",38,0.663699698655259,0.0436690068968185,-0.976688985864707,0.786847096266441,"covered",0.148602611252523,-0.0660851379763389,-0.63016570279059,0.0015,0.574
"karachiBetaKDE",5e-04,10000,"0.05",38,0.629093271635229,-0.106097266115666,-0.976688985864707,0.786847096266441,"covered",0.148602611252523,-0.0660851379763389,-0.63016570279059,0.0015,0.574
"karachiBetaKDE",5e-04,10000,"0.05",38,0.592868808043879,-0.190583339393004,-0.976688985864707,0.786847096266441,"covered",0.148602611252523,-0.0660851379763389,-0.63016570279059,0.0015,0.574
"karachiBetaKDE",5e-04,10000,"0.05",38,0.555319981977444,-0.0917712699321502,-0.976688985864707,0.786847096266441,"covered",0.148602611252523,-0.0660851379763389,-0.63016570279059,0.0015,0.574
"karachiBetaKDE",5e-04,10000,"0.05",38,0.51647843189623,-0.170540441684672,-0.976688985864707,0.786847096266441,"covered",0.148602611252523,-0.0660851379763389,-0.63016570279059,0.0015,0.574
"karachiBetaKDE",5e-04,10000,"0.05",38,0.476735140026402,-0.138164126786789,-0.976688985864707,0.786847096266441,"covered",0.148602611252523,-0.0660851379763389,-0.63016570279059,0.0015,0.574
"karachiBetaKDE",5e-04,10000,"0.05",38,0.436928695095447,-0.41172504887928,-0.976688985864707,0.786847096266441,"covered",0.148602611252523,-0.0660851379763389,-0.63016570279059,0.0015,0.574
"karachiBetaKDE",5e-04,10000,"0.05",38,0.397723723245424,-0.537910944364585,-0.976688985864707,0.786847096266441,"covered",0.148602611252523,-0.0660851379763389,-0.63016570279059,0.0015,0.574
"karachiBetaKDE",5e-04,10000,"0.05",38,0.359240914828636,-0.442389552288637,-0.976688985864707,0.786847096266441,"covered",0.148602611252523,-0.0660851379763389,-0.63016570279059,0.0015,0.574
"karachiBetaKDE",5e-04,10000,"0.05",38,0.321562845842307,-0.674244983969616,-0.976688985864707,0.786847096266441,"covered",0.148602611252523,-0.0660851379763389,-0.63016570279059,0.0015,0.574
"karachiBetaKDE",5e-04,10000,"0.05",38,0.285197981475766,-0.654824721504218,-0.976688985864707,0.786847096266441,"covered",0.148602611252523,-0.0660851379763389,-0.63016570279059,0.0015,0.574
"karachiBetaKDE",5e-04,10000,"0.05",38,0.250836215776904,-0.658102556427594,-0.976688985864707,0.786847096266441,"covered",0.148602611252523,-0.0660851379763389,-0.63016570279059,0.0015,0.574
"karachiBetaKDE",5e-04,10000,"0.05",38,0.219082914662495,-0.672819355721805,-0.976688985864707,0.786847096266441,"covered",0.148602611252523,-0.0660851379763389,-0.63016570279059,0.0015,0.574
"karachiBetaKDE",5e-04,10000,"0.05",38,0.190309773296301,-0.637681226014469,-0.976688985864707,0.786847096266441,"covered",0.148602611252523,-0.0660851379763389,-0.63016570279059,0.0015,0.574
"karachiBetaKDE",5e-04,10000,"0.05",38,0.164610609577326,-0.532272644277192,-0.976688985864707,0.786847096266441,"covered",0.148602611252523,-0.0660851379763389,-0.63016570279059,0.0015,0.574
"karachiBetaKDE",5e-04,10000,"0.05",38,0.141983640287116,-0.496420750622074,-0.976688985864707,0.786847096266441,"covered",0.148602611252523,-0.0660851379763389,-0.63016570279059,0.0015,0.574
"karachiBetaKDE",5e-04,10000,"0.05",38,0.122267432828818,-0.556796284105427,-0.976688985864707,0.786847096266441,"covered",0.148602611252523,-0.0660851379763389,-0.63016570279059,0.0015,0.574
"karachiBetaKDE",5e-04,10000,"0.05",38,0.104618038263181,-0.556276403925226,-0.976688985864707,0.786847096266441,"covered",0.148602611252523,-0.0660851379763389,-0.63016570279059,0.0015,0.574
"karachiBetaKDE",5e-04,10000,"0.05",38,0.0886383514543017,-0.587044492256207,-0.976688985864707,0.786847096266441,"covered",0.148602611252523,-0.0660851379763389,-0.63016570279059,0.0015,0.574
"karachiBetaKDE",5e-04,10000,"0.05",38,0.0748475445763621,-0.419443590402786,-0.976688985864707,0.786847096266441,"covered",0.148602611252523,-0.0660851379763389,-0.63016570279059,0.0015,0.574
"karachiBetaKDE",5e-04,10000,"0.05",38,0.06353753376898,-0.302088140526973,-0.976688985864707,0.786847096266441,"covered",0.148602611252523,-0.0660851379763389,-0.63016570279059,0.0015,0.574
"karachiBetaKDE",5e-04,10000,"0.05",38,0.0542627209029139,-0.0438176032277525,-0.976688985864707,0.786847096266441,"covered",0.148602611252523,-0.0660851379763389,-0.63016570279059,0.0015,0.574
"karachiBetaKDE",5e-04,10000,"0.05",38,0.0464829494966246,0.215623063882952,-0.976688985864707,0.786847096266441,"covered",0.148602611252523,-0.0660851379763389,-0.63016570279059,0.0015,0.574
"karachiBetaKDE",5e-04,10000,"0.05",38,0.0399020505287196,0.532509255961487,-0.976688985864707,0.786847096266441,"covered",0.148602611252523,-0.0660851379763389,-0.63016570279059,0.0015,0.574
"karachiBetaKDE",5e-04,10000,"0.05",38,0.0342638781639597,0.772999347973152,-0.976688985864707,0.786847096266441,"covered",0.148602611252523,-0.0660851379763389,-0.63016570279059,0.0015,0.574
"karachiBetaKDE",5e-04,10000,"0.05",38,0.029112520606684,0.9858672280479,-0.976688985864707,0.786847096266441,"escaped_inner",0.148602611252523,-0.0660851379763389,-0.63016570279059,0.0015,0.574
"karachiBetaKDE",5e-04,10000,"0.05",38,0.0239701700290124,1.08632169404945,-0.976688985864707,0.786847096266441,"escaped_inner",0.148602611252523,-0.0660851379763389,-0.63016570279059,0.0015,0.574
"karachiBetaKDE",5e-04,10000,"0.05",39,0.97891796945672,1.9506189034716,-0.969309052037419,0.736955131618479,"escaped_inner",0.156222429968458,-0.184425077091968,-1.05976339543872,0.0056,0.7514
"karachiBetaKDE",5e-04,10000,"0.05",39,0.977147923248112,1.95022321388817,-0.969309052037419,0.736955131618479,"escaped_inner",0.156222429968458,-0.184425077091968,-1.05976339543872,0.0056,0.7514
"karachiBetaKDE",5e-04,10000,"0.05",39,0.975392157375374,1.93509561537942,-0.969309052037419,0.736955131618479,"escaped_inner",0.156222429968458,-0.184425077091968,-1.05976339543872,0.0056,0.7514
"karachiBetaKDE",5e-04,10000,"0.05",39,0.973728307066674,1.92419091346246,-0.969309052037419,0.736955131618479,"escaped_inner",0.156222429968458,-0.184425077091968,-1.05976339543872,0.0056,0.7514
"karachiBetaKDE",5e-04,10000,"0.05",39,0.972148603393168,1.88199123972715,-0.969309052037419,0.736955131618479,"escaped_inner",0.156222429968458,-0.184425077091968,-1.05976339543872,0.0056,0.7514
"karachiBetaKDE",5e-04,10000,"0.05",39,0.970556154699355,1.85222170134544,-0.969309052037419,0.736955131618479,"escaped_inner",0.156222429968458,-0.184425077091968,-1.05976339543872,0.0056,0.7514
"karachiBetaKDE",5e-04,10000,"0.05",39,0.968823546619977,1.81348983225163,-0.969309052037419,0.736955131618479,"escaped_inner",0.156222429968458,-0.184425077091968,-1.05976339543872,0.0056,0.7514
"karachiBetaKDE",5e-04,10000,"0.05",39,0.966856602335362,1.76403573160484,-0.969309052037419,0.736955131618479,"escaped_inner",0.156222429968458,-0.184425077091968,-1.05976339543872,0.0056,0.7514
"karachiBetaKDE",5e-04,10000,"0.05",39,0.964584553599988,1.72971355857273,-0.969309052037419,0.736955131618479,"escaped_inner",0.156222429968458,-0.184425077091968,-1.05976339543872,0.0056,0.7514
"karachiBetaKDE",5e-04,10000,"0.05",39,0.961904962533908,1.68481672392796,-0.969309052037419,0.736955131618479,"escaped_inner",0.156222429968458,-0.184425077091968,-1.05976339543872,0.0056,0.7514
"karachiBetaKDE",5e-04,10000,"0.05",39,0.958671657270623,1.65418423888219,-0.969309052037419,0.736955131618479,"escaped_inner",0.156222429968458,-0.184425077091968,-1.05976339543872,0.0056,0.7514
"karachiBetaKDE",5e-04,10000,"0.05",39,0.954760748875313,1.6868532247939,-0.969309052037419,0.736955131618479,"escaped_inner",0.156222429968458,-0.184425077091968,-1.05976339543872,0.0056,0.7514
"karachiBetaKDE",5e-04,10000,"0.05",39,0.950123279437843,1.61657375914842,-0.969309052037419,0.736955131618479,"escaped_inner",0.156222429968458,-0.184425077091968,-1.05976339543872,0.0056,0.7514
"karachiBetaKDE",5e-04,10000,"0.05",39,0.944774242698295,1.53278189785761,-0.969309052037419,0.736955131618479,"escaped_inner",0.156222429968458,-0.184425077091968,-1.05976339543872,0.0056,0.7514
"karachiBetaKDE",5e-04,10000,"0.05",39,0.938744520641643,1.46918544905207,-0.969309052037419,0.736955131618479,"escaped_inner",0.156222429968458,-0.184425077091968,-1.05976339543872,0.0056,0.7514
"karachiBetaKDE",5e-04,10000,"0.05",39,0.932033249415245,1.36105434484658,-0.969309052037419,0.736955131618479,"escaped_inner",0.156222429968458,-0.184425077091968,-1.05976339543872,0.0056,0.7514
"karachiBetaKDE",5e-04,10000,"0.05",39,0.924586215878857,1.26261859650621,-0.969309052037419,0.736955131618479,"escaped_inner",0.156222429968458,-0.184425077091968,-1.05976339543872,0.0056,0.7514
"karachiBetaKDE",5e-04,10000,"0.05",39,0.916299600528128,1.14994962307943,-0.969309052037419,0.736955131618479,"escaped_inner",0.156222429968458,-0.184425077091968,-1.05976339543872,0.0056,0.7514
"karachiBetaKDE",5e-04,10000,"0.05",39,0.907026985009363,1.09432467624982,-0.969309052037419,0.736955131618479,"escaped_inner",0.156222429968458,-0.184425077091968,-1.05976339543872,0.0056,0.7514
"karachiBetaKDE",5e-04,10000,"0.05",39,0.896586843613339,0.990068500860456,-0.969309052037419,0.736955131618479,"escaped_inner",0.156222429968458,-0.184425077091968,-1.05976339543872,0.0056,0.7514
"karachiBetaKDE",5e-04,10000,"0.05",39,0.884771092114384,0.881054097500814,-0.969309052037419,0.736955131618479,"escaped_inner",0.156222429968458,-0.184425077091968,-1.05976339543872,0.0056,0.7514
"karachiBetaKDE",5e-04,10000,"0.05",39,0.87139537236811,0.764315570899196,-0.969309052037419,0.736955131618479,"escaped_inner",0.156222429968458,-0.184425077091968,-1.05976339543872,0.0056,0.7514
"karachiBetaKDE",5e-04,10000,"0.05",39,0.856354046676824,0.732916422537171,-0.969309052037419,0.736955131618479,"covered",0.156222429968458,-0.184425077091968,-1.05976339543872,0.0056,0.7514
"karachiBetaKDE",5e-04,10000,"0.05",39,0.839610207739494,0.702497408556794,-0.969309052037419,0.736955131618479,"covered",0.156222429968458,-0.184425077091968,-1.05976339543872,0.0056,0.7514
"karachiBetaKDE",5e-04,10000,"0.05",39,0.821080728047109,0.654560303378946,-0.969309052037419,0.736955131618479,"covered",0.156222429968458,-0.184425077091968,-1.05976339543872,0.0056,0.7514
"karachiBetaKDE",5e-04,10000,"0.05",39,0.800567701187619,0.639083333171525,-0.969309052037419,0.736955131618479,"covered",0.156222429968458,-0.184425077091968,-1.05976339543872,0.0056,0.7514
"karachiBetaKDE",5e-04,10000,"0.05",39,0.777885607549507,0.655653724782785,-0.969309052037419,0.736955131618479,"covered",0.156222429968458,-0.184425077091968,-1.05976339543872,0.0056,0.7514
"karachiBetaKDE",5e-04,10000,"0.05",39,0.752982458946362,0.604895924723233,-0.969309052037419,0.736955131618479,"covered",0.156222429968458,-0.184425077091968,-1.05976339543872,0.0056,0.7514
"karachiBetaKDE",5e-04,10000,"0.05",39,0.725790234162741,0.590797864649955,-0.969309052037419,0.736955131618479,"covered",0.156222429968458,-0.184425077091968,-1.05976339543872,0.0056,0.7514
"karachiBetaKDE",5e-04,10000,"0.05",39,0.69606561161469,0.502562040232949,-0.969309052037419,0.736955131618479,"covered",0.156222429968458,-0.184425077091968,-1.05976339543872,0.0056,0.7514
"karachiBetaKDE",5e-04,10000,"0.05",39,0.663699698655259,0.464631122877363,-0.969309052037419,0.736955131618479,"covered",0.156222429968458,-0.184425077091968,-1.05976339543872,0.0056,0.7514
"karachiBetaKDE",5e-04,10000,"0.05",39,0.629093271635229,0.320344926331621,-0.969309052037419,0.736955131618479,"covered",0.156222429968458,-0.184425077091968,-1.05976339543872,0.0056,0.7514
"karachiBetaKDE",5e-04,10000,"0.05",39,0.592868808043879,0.190316293915092,-0.969309052037419,0.736955131618479,"covered",0.156222429968458,-0.184425077091968,-1.05976339543872,0.0056,0.7514
"karachiBetaKDE",5e-04,10000,"0.05",39,0.555319981977444,0.0300590116658002,-0.969309052037419,0.736955131618479,"covered",0.156222429968458,-0.184425077091968,-1.05976339543872,0.0056,0.7514
"karachiBetaKDE",5e-04,10000,"0.05",39,0.51647843189623,-0.0957678750096167,-0.969309052037419,0.736955131618479,"covered",0.156222429968458,-0.184425077091968,-1.05976339543872,0.0056,0.7514
"karachiBetaKDE",5e-04,10000,"0.05",39,0.476735140026402,-0.0625804790128819,-0.969309052037419,0.736955131618479,"covered",0.156222429968458,-0.184425077091968,-1.05976339543872,0.0056,0.7514
"karachiBetaKDE",5e-04,10000,"0.05",39,0.436928695095447,-0.130846946312881,-0.969309052037419,0.736955131618479,"covered",0.156222429968458,-0.184425077091968,-1.05976339543872,0.0056,0.7514
"karachiBetaKDE",5e-04,10000,"0.05",39,0.397723723245424,-0.0614064506376009,-0.969309052037419,0.736955131618479,"covered",0.156222429968458,-0.184425077091968,-1.05976339543872,0.0056,0.7514
"karachiBetaKDE",5e-04,10000,"0.05",39,0.359240914828636,-0.0754337050927632,-0.969309052037419,0.736955131618479,"covered",0.156222429968458,-0.184425077091968,-1.05976339543872,0.0056,0.7514
"karachiBetaKDE",5e-04,10000,"0.05",39,0.321562845842307,-0.227520878723543,-0.969309052037419,0.736955131618479,"covered",0.156222429968458,-0.184425077091968,-1.05976339543872,0.0056,0.7514
"karachiBetaKDE",5e-04,10000,"0.05",39,0.285197981475766,-0.458396906543066,-0.969309052037419,0.736955131618479,"covered",0.156222429968458,-0.184425077091968,-1.05976339543872,0.0056,0.7514
"karachiBetaKDE",5e-04,10000,"0.05",39,0.250836215776904,-0.437889459995518,-0.969309052037419,0.736955131618479,"covered",0.156222429968458,-0.184425077091968,-1.05976339543872,0.0056,0.7514
"karachiBetaKDE",5e-04,10000,"0.05",39,0.219082914662495,-0.33638147541694,-0.969309052037419,0.736955131618479,"covered",0.156222429968458,-0.184425077091968,-1.05976339543872,0.0056,0.7514
"karachiBetaKDE",5e-04,10000,"0.05",39,0.190309773296301,-0.284884078008059,-0.969309052037419,0.736955131618479,"covered",0.156222429968458,-0.184425077091968,-1.05976339543872,0.0056,0.7514
"karachiBetaKDE",5e-04,10000,"0.05",39,0.164610609577326,-0.146351837423755,-0.969309052037419,0.736955131618479,"covered",0.156222429968458,-0.184425077091968,-1.05976339543872,0.0056,0.7514
"karachiBetaKDE",5e-04,10000,"0.05",39,0.141983640287116,-0.247989273722741,-0.969309052037419,0.736955131618479,"covered",0.156222429968458,-0.184425077091968,-1.05976339543872,0.0056,0.7514
"karachiBetaKDE",5e-04,10000,"0.05",39,0.122267432828818,-0.31948812528834,-0.969309052037419,0.736955131618479,"covered",0.156222429968458,-0.184425077091968,-1.05976339543872,0.0056,0.7514
"karachiBetaKDE",5e-04,10000,"0.05",39,0.104618038263181,-0.274128679633905,-0.969309052037419,0.736955131618479,"covered",0.156222429968458,-0.184425077091968,-1.05976339543872,0.0056,0.7514
"karachiBetaKDE",5e-04,10000,"0.05",39,0.0886383514543017,-0.317222711165283,-0.969309052037419,0.736955131618479,"covered",0.156222429968458,-0.184425077091968,-1.05976339543872,0.0056,0.7514
"karachiBetaKDE",5e-04,10000,"0.05",39,0.0748475445763621,-0.15438255938466,-0.969309052037419,0.736955131618479,"covered",0.156222429968458,-0.184425077091968,-1.05976339543872,0.0056,0.7514
"karachiBetaKDE",5e-04,10000,"0.05",39,0.06353753376898,-0.0339463755025341,-0.969309052037419,0.736955131618479,"covered",0.156222429968458,-0.184425077091968,-1.05976339543872,0.0056,0.7514
"karachiBetaKDE",5e-04,10000,"0.05",39,0.0542627209029139,0.115072530774683,-0.969309052037419,0.736955131618479,"covered",0.156222429968458,-0.184425077091968,-1.05976339543872,0.0056,0.7514
"karachiBetaKDE",5e-04,10000,"0.05",39,0.0464829494966246,0.326057359692163,-0.969309052037419,0.736955131618479,"covered",0.156222429968458,-0.184425077091968,-1.05976339543872,0.0056,0.7514
"karachiBetaKDE",5e-04,10000,"0.05",39,0.0399020505287196,0.539687671074731,-0.969309052037419,0.736955131618479,"covered",0.156222429968458,-0.184425077091968,-1.05976339543872,0.0056,0.7514
"karachiBetaKDE",5e-04,10000,"0.05",39,0.0342638781639597,0.829144380991784,-0.969309052037419,0.736955131618479,"escaped_inner",0.156222429968458,-0.184425077091968,-1.05976339543872,0.0056,0.7514
"karachiBetaKDE",5e-04,10000,"0.05",39,0.029112520606684,0.960860767343989,-0.969309052037419,0.736955131618479,"escaped_inner",0.156222429968458,-0.184425077091968,-1.05976339543872,0.0056,0.7514
"karachiBetaKDE",5e-04,10000,"0.05",39,0.0239701700290124,1.07142733711271,-0.969309052037419,0.736955131618479,"escaped_inner",0.156222429968458,-0.184425077091968,-1.05976339543872,0.0056,0.7514
"karachiBetaKDE",5e-04,10000,"0.05",40,0.97891796945672,1.85311755569512,-0.841838617299561,0.693820599793702,"escaped_inner",0.150256975248437,0.0298324586879047,-0.519832135133998,4e-04,0.3584
"karachiBetaKDE",5e-04,10000,"0.05",40,0.977147923248112,1.87383556904582,-0.841838617299561,0.693820599793702,"escaped_inner",0.150256975248437,0.0298324586879047,-0.519832135133998,4e-04,0.3584
"karachiBetaKDE",5e-04,10000,"0.05",40,0.975392157375374,1.87388199034474,-0.841838617299561,0.693820599793702,"escaped_inner",0.150256975248437,0.0298324586879047,-0.519832135133998,4e-04,0.3584
"karachiBetaKDE",5e-04,10000,"0.05",40,0.973728307066674,1.85502926173198,-0.841838617299561,0.693820599793702,"escaped_inner",0.150256975248437,0.0298324586879047,-0.519832135133998,4e-04,0.3584
"karachiBetaKDE",5e-04,10000,"0.05",40,0.972148603393168,1.83601795453711,-0.841838617299561,0.693820599793702,"escaped_inner",0.150256975248437,0.0298324586879047,-0.519832135133998,4e-04,0.3584
"karachiBetaKDE",5e-04,10000,"0.05",40,0.970556154699355,1.81475513976674,-0.841838617299561,0.693820599793702,"escaped_inner",0.150256975248437,0.0298324586879047,-0.519832135133998,4e-04,0.3584
"karachiBetaKDE",5e-04,10000,"0.05",40,0.968823546619977,1.77969771316035,-0.841838617299561,0.693820599793702,"escaped_inner",0.150256975248437,0.0298324586879047,-0.519832135133998,4e-04,0.3584
"karachiBetaKDE",5e-04,10000,"0.05",40,0.966856602335362,1.73065010875802,-0.841838617299561,0.693820599793702,"escaped_inner",0.150256975248437,0.0298324586879047,-0.519832135133998,4e-04,0.3584
"karachiBetaKDE",5e-04,10000,"0.05",40,0.964584553599988,1.67661895377374,-0.841838617299561,0.693820599793702,"escaped_inner",0.150256975248437,0.0298324586879047,-0.519832135133998,4e-04,0.3584
"karachiBetaKDE",5e-04,10000,"0.05",40,0.961904962533908,1.64002586895819,-0.841838617299561,0.693820599793702,"escaped_inner",0.150256975248437,0.0298324586879047,-0.519832135133998,4e-04,0.3584
"karachiBetaKDE",5e-04,10000,"0.05",40,0.958671657270623,1.57459196786434,-0.841838617299561,0.693820599793702,"escaped_inner",0.150256975248437,0.0298324586879047,-0.519832135133998,4e-04,0.3584
"karachiBetaKDE",5e-04,10000,"0.05",40,0.954760748875313,1.53069159808946,-0.841838617299561,0.693820599793702,"escaped_inner",0.150256975248437,0.0298324586879047,-0.519832135133998,4e-04,0.3584
"karachiBetaKDE",5e-04,10000,"0.05",40,0.950123279437843,1.50226703518782,-0.841838617299561,0.693820599793702,"escaped_inner",0.150256975248437,0.0298324586879047,-0.519832135133998,4e-04,0.3584
"karachiBetaKDE",5e-04,10000,"0.05",40,0.944774242698295,1.4202976776109,-0.841838617299561,0.693820599793702,"escaped_inner",0.150256975248437,0.0298324586879047,-0.519832135133998,4e-04,0.3584
"karachiBetaKDE",5e-04,10000,"0.05",40,0.938744520641643,1.36188945577304,-0.841838617299561,0.693820599793702,"escaped_inner",0.150256975248437,0.0298324586879047,-0.519832135133998,4e-04,0.3584
"karachiBetaKDE",5e-04,10000,"0.05",40,0.932033249415245,1.26815829902207,-0.841838617299561,0.693820599793702,"escaped_inner",0.150256975248437,0.0298324586879047,-0.519832135133998,4e-04,0.3584
"karachiBetaKDE",5e-04,10000,"0.05",40,0.924586215878857,1.13682474317517,-0.841838617299561,0.693820599793702,"escaped_inner",0.150256975248437,0.0298324586879047,-0.519832135133998,4e-04,0.3584
"karachiBetaKDE",5e-04,10000,"0.05",40,0.916299600528128,1.03158763652543,-0.841838617299561,0.693820599793702,"escaped_inner",0.150256975248437,0.0298324586879047,-0.519832135133998,4e-04,0.3584
"karachiBetaKDE",5e-04,10000,"0.05",40,0.907026985009363,0.956714535214396,-0.841838617299561,0.693820599793702,"escaped_inner",0.150256975248437,0.0298324586879047,-0.519832135133998,4e-04,0.3584
"karachiBetaKDE",5e-04,10000,"0.05",40,0.896586843613339,0.796591338750313,-0.841838617299561,0.693820599793702,"escaped_inner",0.150256975248437,0.0298324586879047,-0.519832135133998,4e-04,0.3584
"karachiBetaKDE",5e-04,10000,"0.05",40,0.884771092114384,0.647888066553922,-0.841838617299561,0.693820599793702,"covered",0.150256975248437,0.0298324586879047,-0.519832135133998,4e-04,0.3584
"karachiBetaKDE",5e-04,10000,"0.05",40,0.87139537236811,0.529631499268687,-0.841838617299561,0.693820599793702,"covered",0.150256975248437,0.0298324586879047,-0.519832135133998,4e-04,0.3584
"karachiBetaKDE",5e-04,10000,"0.05",40,0.856354046676824,0.444504046611606,-0.841838617299561,0.693820599793702,"covered",0.150256975248437,0.0298324586879047,-0.519832135133998,4e-04,0.3584
"karachiBetaKDE",5e-04,10000,"0.05",40,0.839610207739494,0.498883524572783,-0.841838617299561,0.693820599793702,"covered",0.150256975248437,0.0298324586879047,-0.519832135133998,4e-04,0.3584
"karachiBetaKDE",5e-04,10000,"0.05",40,0.821080728047109,0.488545936663516,-0.841838617299561,0.693820599793702,"covered",0.150256975248437,0.0298324586879047,-0.519832135133998,4e-04,0.3584
"karachiBetaKDE",5e-04,10000,"0.05",40,0.800567701187619,0.506337613130881,-0.841838617299561,0.693820599793702,"covered",0.150256975248437,0.0298324586879047,-0.519832135133998,4e-04,0.3584
"karachiBetaKDE",5e-04,10000,"0.05",40,0.777885607549507,0.451549568229494,-0.841838617299561,0.693820599793702,"covered",0.150256975248437,0.0298324586879047,-0.519832135133998,4e-04,0.3584
"karachiBetaKDE",5e-04,10000,"0.05",40,0.752982458946362,0.385140429497821,-0.841838617299561,0.693820599793702,"covered",0.150256975248437,0.0298324586879047,-0.519832135133998,4e-04,0.3584
"karachiBetaKDE",5e-04,10000,"0.05",40,0.725790234162741,0.265664462134054,-0.841838617299561,0.693820599793702,"covered",0.150256975248437,0.0298324586879047,-0.519832135133998,4e-04,0.3584
"karachiBetaKDE",5e-04,10000,"0.05",40,0.69606561161469,0.251849733488589,-0.841838617299561,0.693820599793702,"covered",0.150256975248437,0.0298324586879047,-0.519832135133998,4e-04,0.3584
"karachiBetaKDE",5e-04,10000,"0.05",40,0.663699698655259,0.101166338123799,-0.841838617299561,0.693820599793702,"covered",0.150256975248437,0.0298324586879047,-0.519832135133998,4e-04,0.3584
"karachiBetaKDE",5e-04,10000,"0.05",40,0.629093271635229,-0.0380548718474066,-0.841838617299561,0.693820599793702,"covered",0.150256975248437,0.0298324586879047,-0.519832135133998,4e-04,0.3584
"karachiBetaKDE",5e-04,10000,"0.05",40,0.592868808043879,-0.183060059593479,-0.841838617299561,0.693820599793702,"covered",0.150256975248437,0.0298324586879047,-0.519832135133998,4e-04,0.3584
"karachiBetaKDE",5e-04,10000,"0.05",40,0.555319981977444,-0.310786884403946,-0.841838617299561,0.693820599793702,"covered",0.150256975248437,0.0298324586879047,-0.519832135133998,4e-04,0.3584
"karachiBetaKDE",5e-04,10000,"0.05",40,0.51647843189623,-0.306722762722088,-0.841838617299561,0.693820599793702,"covered",0.150256975248437,0.0298324586879047,-0.519832135133998,4e-04,0.3584
"karachiBetaKDE",5e-04,10000,"0.05",40,0.476735140026402,-0.248777167540653,-0.841838617299561,0.693820599793702,"covered",0.150256975248437,0.0298324586879047,-0.519832135133998,4e-04,0.3584
"karachiBetaKDE",5e-04,10000,"0.05",40,0.436928695095447,-0.258680507702611,-0.841838617299561,0.693820599793702,"covered",0.150256975248437,0.0298324586879047,-0.519832135133998,4e-04,0.3584
"karachiBetaKDE",5e-04,10000,"0.05",40,0.397723723245424,-0.366123154040743,-0.841838617299561,0.693820599793702,"covered",0.150256975248437,0.0298324586879047,-0.519832135133998,4e-04,0.3584
"karachiBetaKDE",5e-04,10000,"0.05",40,0.359240914828636,-0.440329520780105,-0.841838617299561,0.693820599793702,"covered",0.150256975248437,0.0298324586879047,-0.519832135133998,4e-04,0.3584
"karachiBetaKDE",5e-04,10000,"0.05",40,0.321562845842307,-0.558364249551458,-0.841838617299561,0.693820599793702,"covered",0.150256975248437,0.0298324586879047,-0.519832135133998,4e-04,0.3584
"karachiBetaKDE",5e-04,10000,"0.05",40,0.285197981475766,-0.662423024286319,-0.841838617299561,0.693820599793702,"covered",0.150256975248437,0.0298324586879047,-0.519832135133998,4e-04,0.3584
"karachiBetaKDE",5e-04,10000,"0.05",40,0.250836215776904,-0.530117602198227,-0.841838617299561,0.693820599793702,"covered",0.150256975248437,0.0298324586879047,-0.519832135133998,4e-04,0.3584
"karachiBetaKDE",5e-04,10000,"0.05",40,0.219082914662495,-0.584218887984539,-0.841838617299561,0.693820599793702,"covered",0.150256975248437,0.0298324586879047,-0.519832135133998,4e-04,0.3584
"karachiBetaKDE",5e-04,10000,"0.05",40,0.190309773296301,-0.492199802618034,-0.841838617299561,0.693820599793702,"covered",0.150256975248437,0.0298324586879047,-0.519832135133998,4e-04,0.3584
"karachiBetaKDE",5e-04,10000,"0.05",40,0.164610609577326,-0.396444542783099,-0.841838617299561,0.693820599793702,"covered",0.150256975248437,0.0298324586879047,-0.519832135133998,4e-04,0.3584
"karachiBetaKDE",5e-04,10000,"0.05",40,0.141983640287116,-0.34425878478759,-0.841838617299561,0.693820599793702,"covered",0.150256975248437,0.0298324586879047,-0.519832135133998,4e-04,0.3584
"karachiBetaKDE",5e-04,10000,"0.05",40,0.122267432828818,-0.493661709359541,-0.841838617299561,0.693820599793702,"covered",0.150256975248437,0.0298324586879047,-0.519832135133998,4e-04,0.3584
"karachiBetaKDE",5e-04,10000,"0.05",40,0.104618038263181,-0.594840901130905,-0.841838617299561,0.693820599793702,"covered",0.150256975248437,0.0298324586879047,-0.519832135133998,4e-04,0.3584
"karachiBetaKDE",5e-04,10000,"0.05",40,0.0886383514543017,-0.509449448728762,-0.841838617299561,0.693820599793702,"covered",0.150256975248437,0.0298324586879047,-0.519832135133998,4e-04,0.3584
"karachiBetaKDE",5e-04,10000,"0.05",40,0.0748475445763621,-0.435814297581285,-0.841838617299561,0.693820599793702,"covered",0.150256975248437,0.0298324586879047,-0.519832135133998,4e-04,0.3584
"karachiBetaKDE",5e-04,10000,"0.05",40,0.06353753376898,-0.292510499779807,-0.841838617299561,0.693820599793702,"covered",0.150256975248437,0.0298324586879047,-0.519832135133998,4e-04,0.3584
"karachiBetaKDE",5e-04,10000,"0.05",40,0.0542627209029139,-0.0175507724675758,-0.841838617299561,0.693820599793702,"covered",0.150256975248437,0.0298324586879047,-0.519832135133998,4e-04,0.3584
"karachiBetaKDE",5e-04,10000,"0.05",40,0.0464829494966246,0.214810601078104,-0.841838617299561,0.693820599793702,"covered",0.150256975248437,0.0298324586879047,-0.519832135133998,4e-04,0.3584
"karachiBetaKDE",5e-04,10000,"0.05",40,0.0399020505287196,0.48369276169486,-0.841838617299561,0.693820599793702,"covered",0.150256975248437,0.0298324586879047,-0.519832135133998,4e-04,0.3584
"karachiBetaKDE",5e-04,10000,"0.05",40,0.0342638781639597,0.710507393014273,-0.841838617299561,0.693820599793702,"escaped_inner",0.150256975248437,0.0298324586879047,-0.519832135133998,4e-04,0.3584
"karachiBetaKDE",5e-04,10000,"0.05",40,0.029112520606684,0.885749448749092,-0.841838617299561,0.693820599793702,"escaped_inner",0.150256975248437,0.0298324586879047,-0.519832135133998,4e-04,0.3584
"karachiBetaKDE",5e-04,10000,"0.05",40,0.0239701700290124,0.999969048254266,-0.841838617299561,0.693820599793702,"escaped_inner",0.150256975248437,0.0298324586879047,-0.519832135133998,4e-04,0.3584
"karachiBetaKDE",5e-04,10000,"0.05",41,0.97891796945672,1.80239843765485,-0.898161670961424,0.707447459601749,"escaped_inner",0.143743864810247,-0.446678332060144,-1.09464273655855,0.0082,0.9678
"karachiBetaKDE",5e-04,10000,"0.05",41,0.977147923248112,1.84684567056418,-0.898161670961424,0.707447459601749,"escaped_inner",0.143743864810247,-0.446678332060144,-1.09464273655855,0.0082,0.9678
"karachiBetaKDE",5e-04,10000,"0.05",41,0.975392157375374,1.84586384481759,-0.898161670961424,0.707447459601749,"escaped_inner",0.143743864810247,-0.446678332060144,-1.09464273655855,0.0082,0.9678
"karachiBetaKDE",5e-04,10000,"0.05",41,0.973728307066674,1.85745929052175,-0.898161670961424,0.707447459601749,"escaped_inner",0.143743864810247,-0.446678332060144,-1.09464273655855,0.0082,0.9678
"karachiBetaKDE",5e-04,10000,"0.05",41,0.972148603393168,1.79513803080672,-0.898161670961424,0.707447459601749,"escaped_inner",0.143743864810247,-0.446678332060144,-1.09464273655855,0.0082,0.9678
"karachiBetaKDE",5e-04,10000,"0.05",41,0.970556154699355,1.7623017743921,-0.898161670961424,0.707447459601749,"escaped_inner",0.143743864810247,-0.446678332060144,-1.09464273655855,0.0082,0.9678
"karachiBetaKDE",5e-04,10000,"0.05",41,0.968823546619977,1.73088124844121,-0.898161670961424,0.707447459601749,"escaped_inner",0.143743864810247,-0.446678332060144,-1.09464273655855,0.0082,0.9678
"karachiBetaKDE",5e-04,10000,"0.05",41,0.966856602335362,1.74849301395663,-0.898161670961424,0.707447459601749,"escaped_inner",0.143743864810247,-0.446678332060144,-1.09464273655855,0.0082,0.9678
"karachiBetaKDE",5e-04,10000,"0.05",41,0.964584553599988,1.72562369488253,-0.898161670961424,0.707447459601749,"escaped_inner",0.143743864810247,-0.446678332060144,-1.09464273655855,0.0082,0.9678
"karachiBetaKDE",5e-04,10000,"0.05",41,0.961904962533908,1.65373645078173,-0.898161670961424,0.707447459601749,"escaped_inner",0.143743864810247,-0.446678332060144,-1.09464273655855,0.0082,0.9678
"karachiBetaKDE",5e-04,10000,"0.05",41,0.958671657270623,1.58999467944844,-0.898161670961424,0.707447459601749,"escaped_inner",0.143743864810247,-0.446678332060144,-1.09464273655855,0.0082,0.9678
"karachiBetaKDE",5e-04,10000,"0.05",41,0.954760748875313,1.51589649893988,-0.898161670961424,0.707447459601749,"escaped_inner",0.143743864810247,-0.446678332060144,-1.09464273655855,0.0082,0.9678
"karachiBetaKDE",5e-04,10000,"0.05",41,0.950123279437843,1.49533023733733,-0.898161670961424,0.707447459601749,"escaped_inner",0.143743864810247,-0.446678332060144,-1.09464273655855,0.0082,0.9678
"karachiBetaKDE",5e-04,10000,"0.05",41,0.944774242698295,1.44190453534711,-0.898161670961424,0.707447459601749,"escaped_inner",0.143743864810247,-0.446678332060144,-1.09464273655855,0.0082,0.9678
"karachiBetaKDE",5e-04,10000,"0.05",41,0.938744520641643,1.35840260048455,-0.898161670961424,0.707447459601749,"escaped_inner",0.143743864810247,-0.446678332060144,-1.09464273655855,0.0082,0.9678
"karachiBetaKDE",5e-04,10000,"0.05",41,0.932033249415245,1.24738337106232,-0.898161670961424,0.707447459601749,"escaped_inner",0.143743864810247,-0.446678332060144,-1.09464273655855,0.0082,0.9678
"karachiBetaKDE",5e-04,10000,"0.05",41,0.924586215878857,1.14293008034187,-0.898161670961424,0.707447459601749,"escaped_inner",0.143743864810247,-0.446678332060144,-1.09464273655855,0.0082,0.9678
"karachiBetaKDE",5e-04,10000,"0.05",41,0.916299600528128,1.02858341403337,-0.898161670961424,0.707447459601749,"escaped_inner",0.143743864810247,-0.446678332060144,-1.09464273655855,0.0082,0.9678
"karachiBetaKDE",5e-04,10000,"0.05",41,0.907026985009363,0.936997889414851,-0.898161670961424,0.707447459601749,"escaped_inner",0.143743864810247,-0.446678332060144,-1.09464273655855,0.0082,0.9678
"karachiBetaKDE",5e-04,10000,"0.05",41,0.896586843613339,0.85124630017421,-0.898161670961424,0.707447459601749,"escaped_inner",0.143743864810247,-0.446678332060144,-1.09464273655855,0.0082,0.9678
"karachiBetaKDE",5e-04,10000,"0.05",41,0.884771092114384,0.763962178445293,-0.898161670961424,0.707447459601749,"escaped_inner",0.143743864810247,-0.446678332060144,-1.09464273655855,0.0082,0.9678
"karachiBetaKDE",5e-04,10000,"0.05",41,0.87139537236811,0.56035494270715,-0.898161670961424,0.707447459601749,"covered",0.143743864810247,-0.446678332060144,-1.09464273655855,0.0082,0.9678
"karachiBetaKDE",5e-04,10000,"0.05",41,0.856354046676824,0.555574097943014,-0.898161670961424,0.707447459601749,"covered",0.143743864810247,-0.446678332060144,-1.09464273655855,0.0082,0.9678
"karachiBetaKDE",5e-04,10000,"0.05",41,0.839610207739494,0.618037785332669,-0.898161670961424,0.707447459601749,"covered",0.143743864810247,-0.446678332060144,-1.09464273655855,0.0082,0.9678
"karachiBetaKDE",5e-04,10000,"0.05",41,0.821080728047109,0.445039511551686,-0.898161670961424,0.707447459601749,"covered",0.143743864810247,-0.446678332060144,-1.09464273655855,0.0082,0.9678
"karachiBetaKDE",5e-04,10000,"0.05",41,0.800567701187619,0.441315830360156,-0.898161670961424,0.707447459601749,"covered",0.143743864810247,-0.446678332060144,-1.09464273655855,0.0082,0.9678
"karachiBetaKDE",5e-04,10000,"0.05",41,0.777885607549507,0.390683510069718,-0.898161670961424,0.707447459601749,"covered",0.143743864810247,-0.446678332060144,-1.09464273655855,0.0082,0.9678
"karachiBetaKDE",5e-04,10000,"0.05",41,0.752982458946362,0.348074491572757,-0.898161670961424,0.707447459601749,"covered",0.143743864810247,-0.446678332060144,-1.09464273655855,0.0082,0.9678
"karachiBetaKDE",5e-04,10000,"0.05",41,0.725790234162741,0.366434074798137,-0.898161670961424,0.707447459601749,"covered",0.143743864810247,-0.446678332060144,-1.09464273655855,0.0082,0.9678
"karachiBetaKDE",5e-04,10000,"0.05",41,0.69606561161469,0.255356933777775,-0.898161670961424,0.707447459601749,"covered",0.143743864810247,-0.446678332060144,-1.09464273655855,0.0082,0.9678
"karachiBetaKDE",5e-04,10000,"0.05",41,0.663699698655259,0.116653795929547,-0.898161670961424,0.707447459601749,"covered",0.143743864810247,-0.446678332060144,-1.09464273655855,0.0082,0.9678
"karachiBetaKDE",5e-04,10000,"0.05",41,0.629093271635229,-0.10798344771849,-0.898161670961424,0.707447459601749,"covered",0.143743864810247,-0.446678332060144,-1.09464273655855,0.0082,0.9678
"karachiBetaKDE",5e-04,10000,"0.05",41,0.592868808043879,-0.124844616838827,-0.898161670961424,0.707447459601749,"covered",0.143743864810247,-0.446678332060144,-1.09464273655855,0.0082,0.9678
"karachiBetaKDE",5e-04,10000,"0.05",41,0.555319981977444,-0.285725440882097,-0.898161670961424,0.707447459601749,"covered",0.143743864810247,-0.446678332060144,-1.09464273655855,0.0082,0.9678
"karachiBetaKDE",5e-04,10000,"0.05",41,0.51647843189623,-0.435664709266988,-0.898161670961424,0.707447459601749,"covered",0.143743864810247,-0.446678332060144,-1.09464273655855,0.0082,0.9678
"karachiBetaKDE",5e-04,10000,"0.05",41,0.476735140026402,-0.423525594880502,-0.898161670961424,0.707447459601749,"covered",0.143743864810247,-0.446678332060144,-1.09464273655855,0.0082,0.9678
"karachiBetaKDE",5e-04,10000,"0.05",41,0.436928695095447,-0.621583120806478,-0.898161670961424,0.707447459601749,"covered",0.143743864810247,-0.446678332060144,-1.09464273655855,0.0082,0.9678
"karachiBetaKDE",5e-04,10000,"0.05",41,0.397723723245424,-0.661517858881073,-0.898161670961424,0.707447459601749,"covered",0.143743864810247,-0.446678332060144,-1.09464273655855,0.0082,0.9678
"karachiBetaKDE",5e-04,10000,"0.05",41,0.359240914828636,-0.774310584583756,-0.898161670961424,0.707447459601749,"covered",0.143743864810247,-0.446678332060144,-1.09464273655855,0.0082,0.9678
"karachiBetaKDE",5e-04,10000,"0.05",41,0.321562845842307,-0.814025019231338,-0.898161670961424,0.707447459601749,"covered",0.143743864810247,-0.446678332060144,-1.09464273655855,0.0082,0.9678
"karachiBetaKDE",5e-04,10000,"0.05",41,0.285197981475766,-0.895206049353975,-0.898161670961424,0.707447459601749,"covered",0.143743864810247,-0.446678332060144,-1.09464273655855,0.0082,0.9678
"karachiBetaKDE",5e-04,10000,"0.05",41,0.250836215776904,-0.777119468962262,-0.898161670961424,0.707447459601749,"covered",0.143743864810247,-0.446678332060144,-1.09464273655855,0.0082,0.9678
"karachiBetaKDE",5e-04,10000,"0.05",41,0.219082914662495,-0.847988546169963,-0.898161670961424,0.707447459601749,"covered",0.143743864810247,-0.446678332060144,-1.09464273655855,0.0082,0.9678
"karachiBetaKDE",5e-04,10000,"0.05",41,0.190309773296301,-0.810734918847276,-0.898161670961424,0.707447459601749,"covered",0.143743864810247,-0.446678332060144,-1.09464273655855,0.0082,0.9678
"karachiBetaKDE",5e-04,10000,"0.05",41,0.164610609577326,-0.836343720388442,-0.898161670961424,0.707447459601749,"covered",0.143743864810247,-0.446678332060144,-1.09464273655855,0.0082,0.9678
"karachiBetaKDE",5e-04,10000,"0.05",41,0.141983640287116,-0.825911869104665,-0.898161670961424,0.707447459601749,"covered",0.143743864810247,-0.446678332060144,-1.09464273655855,0.0082,0.9678
"karachiBetaKDE",5e-04,10000,"0.05",41,0.122267432828818,-0.915396884700895,-0.898161670961424,0.707447459601749,"escaped_outer",0.143743864810247,-0.446678332060144,-1.09464273655855,0.0082,0.9678
"karachiBetaKDE",5e-04,10000,"0.05",41,0.104618038263181,-0.923462217618124,-0.898161670961424,0.707447459601749,"escaped_outer",0.143743864810247,-0.446678332060144,-1.09464273655855,0.0082,0.9678
"karachiBetaKDE",5e-04,10000,"0.05",41,0.0886383514543017,-0.780317089538766,-0.898161670961424,0.707447459601749,"covered",0.143743864810247,-0.446678332060144,-1.09464273655855,0.0082,0.9678
"karachiBetaKDE",5e-04,10000,"0.05",41,0.0748475445763621,-0.665255753388346,-0.898161670961424,0.707447459601749,"covered",0.143743864810247,-0.446678332060144,-1.09464273655855,0.0082,0.9678
"karachiBetaKDE",5e-04,10000,"0.05",41,0.06353753376898,-0.455590599185624,-0.898161670961424,0.707447459601749,"covered",0.143743864810247,-0.446678332060144,-1.09464273655855,0.0082,0.9678
"karachiBetaKDE",5e-04,10000,"0.05",41,0.0542627209029139,-0.212715037357607,-0.898161670961424,0.707447459601749,"covered",0.143743864810247,-0.446678332060144,-1.09464273655855,0.0082,0.9678
"karachiBetaKDE",5e-04,10000,"0.05",41,0.0464829494966246,0.00947506728432096,-0.898161670961424,0.707447459601749,"covered",0.143743864810247,-0.446678332060144,-1.09464273655855,0.0082,0.9678
"karachiBetaKDE",5e-04,10000,"0.05",41,0.0399020505287196,0.289275776084671,-0.898161670961424,0.707447459601749,"covered",0.143743864810247,-0.446678332060144,-1.09464273655855,0.0082,0.9678
"karachiBetaKDE",5e-04,10000,"0.05",41,0.0342638781639597,0.548107985547328,-0.898161670961424,0.707447459601749,"covered",0.143743864810247,-0.446678332060144,-1.09464273655855,0.0082,0.9678
"karachiBetaKDE",5e-04,10000,"0.05",41,0.029112520606684,0.804596002441892,-0.898161670961424,0.707447459601749,"escaped_inner",0.143743864810247,-0.446678332060144,-1.09464273655855,0.0082,0.9678
"karachiBetaKDE",5e-04,10000,"0.05",41,0.0239701700290124,0.963943215086753,-0.898161670961424,0.707447459601749,"escaped_inner",0.143743864810247,-0.446678332060144,-1.09464273655855,0.0082,0.9678
"karachiBetaKDE",5e-04,10000,"0.05",42,0.97891796945672,1.69408075787893,-0.898346431447106,0.703262537771172,"escaped_inner",0.143755325109048,-0.0749380573500179,-1.07238544433394,0.0046,0.8338
"karachiBetaKDE",5e-04,10000,"0.05",42,0.977147923248112,1.72098553305214,-0.898346431447106,0.703262537771172,"escaped_inner",0.143755325109048,-0.0749380573500179,-1.07238544433394,0.0046,0.8338
"karachiBetaKDE",5e-04,10000,"0.05",42,0.975392157375374,1.70567606452168,-0.898346431447106,0.703262537771172,"escaped_inner",0.143755325109048,-0.0749380573500179,-1.07238544433394,0.0046,0.8338
"karachiBetaKDE",5e-04,10000,"0.05",42,0.973728307066674,1.72865102780468,-0.898346431447106,0.703262537771172,"escaped_inner",0.143755325109048,-0.0749380573500179,-1.07238544433394,0.0046,0.8338
"karachiBetaKDE",5e-04,10000,"0.05",42,0.972148603393168,1.74570756312062,-0.898346431447106,0.703262537771172,"escaped_inner",0.143755325109048,-0.0749380573500179,-1.07238544433394,0.0046,0.8338
"karachiBetaKDE",5e-04,10000,"0.05",42,0.970556154699355,1.74224508231406,-0.898346431447106,0.703262537771172,"escaped_inner",0.143755325109048,-0.0749380573500179,-1.07238544433394,0.0046,0.8338
"karachiBetaKDE",5e-04,10000,"0.05",42,0.968823546619977,1.69836219213185,-0.898346431447106,0.703262537771172,"escaped_inner",0.143755325109048,-0.0749380573500179,-1.07238544433394,0.0046,0.8338
"karachiBetaKDE",5e-04,10000,"0.05",42,0.966856602335362,1.66290213611033,-0.898346431447106,0.703262537771172,"escaped_inner",0.143755325109048,-0.0749380573500179,-1.07238544433394,0.0046,0.8338
"karachiBetaKDE",5e-04,10000,"0.05",42,0.964584553599988,1.58343798444036,-0.898346431447106,0.703262537771172,"escaped_inner",0.143755325109048,-0.0749380573500179,-1.07238544433394,0.0046,0.8338
"karachiBetaKDE",5e-04,10000,"0.05",42,0.961904962533908,1.52627256152539,-0.898346431447106,0.703262537771172,"escaped_inner",0.143755325109048,-0.0749380573500179,-1.07238544433394,0.0046,0.8338
"karachiBetaKDE",5e-04,10000,"0.05",42,0.958671657270623,1.48172718853745,-0.898346431447106,0.703262537771172,"escaped_inner",0.143755325109048,-0.0749380573500179,-1.07238544433394,0.0046,0.8338
"karachiBetaKDE",5e-04,10000,"0.05",42,0.954760748875313,1.43482333686264,-0.898346431447106,0.703262537771172,"escaped_inner",0.143755325109048,-0.0749380573500179,-1.07238544433394,0.0046,0.8338
"karachiBetaKDE",5e-04,10000,"0.05",42,0.950123279437843,1.41912158665605,-0.898346431447106,0.703262537771172,"escaped_inner",0.143755325109048,-0.0749380573500179,-1.07238544433394,0.0046,0.8338
"karachiBetaKDE",5e-04,10000,"0.05",42,0.944774242698295,1.39542314107048,-0.898346431447106,0.703262537771172,"escaped_inner",0.143755325109048,-0.0749380573500179,-1.07238544433394,0.0046,0.8338
"karachiBetaKDE",5e-04,10000,"0.05",42,0.938744520641643,1.31760710451324,-0.898346431447106,0.703262537771172,"escaped_inner",0.143755325109048,-0.0749380573500179,-1.07238544433394,0.0046,0.8338
"karachiBetaKDE",5e-04,10000,"0.05",42,0.932033249415245,1.22664780344818,-0.898346431447106,0.703262537771172,"escaped_inner",0.143755325109048,-0.0749380573500179,-1.07238544433394,0.0046,0.8338
"karachiBetaKDE",5e-04,10000,"0.05",42,0.924586215878857,1.10180693132447,-0.898346431447106,0.703262537771172,"escaped_inner",0.143755325109048,-0.0749380573500179,-1.07238544433394,0.0046,0.8338
"karachiBetaKDE",5e-04,10000,"0.05",42,0.916299600528128,1.01701564754686,-0.898346431447106,0.703262537771172,"escaped_inner",0.143755325109048,-0.0749380573500179,-1.07238544433394,0.0046,0.8338
"karachiBetaKDE",5e-04,10000,"0.05",42,0.907026985009363,0.945809219805197,-0.898346431447106,0.703262537771172,"escaped_inner",0.143755325109048,-0.0749380573500179,-1.07238544433394,0.0046,0.8338
"karachiBetaKDE",5e-04,10000,"0.05",42,0.896586843613339,0.876189020961317,-0.898346431447106,0.703262537771172,"escaped_inner",0.143755325109048,-0.0749380573500179,-1.07238544433394,0.0046,0.8338
"karachiBetaKDE",5e-04,10000,"0.05",42,0.884771092114384,0.784226977804327,-0.898346431447106,0.703262537771172,"escaped_inner",0.143755325109048,-0.0749380573500179,-1.07238544433394,0.0046,0.8338
"karachiBetaKDE",5e-04,10000,"0.05",42,0.87139537236811,0.67274626460196,-0.898346431447106,0.703262537771172,"covered",0.143755325109048,-0.0749380573500179,-1.07238544433394,0.0046,0.8338
"karachiBetaKDE",5e-04,10000,"0.05",42,0.856354046676824,0.608605202870612,-0.898346431447106,0.703262537771172,"covered",0.143755325109048,-0.0749380573500179,-1.07238544433394,0.0046,0.8338
"karachiBetaKDE",5e-04,10000,"0.05",42,0.839610207739494,0.58912906044501,-0.898346431447106,0.703262537771172,"covered",0.143755325109048,-0.0749380573500179,-1.07238544433394,0.0046,0.8338
"karachiBetaKDE",5e-04,10000,"0.05",42,0.821080728047109,0.465685460407285,-0.898346431447106,0.703262537771172,"covered",0.143755325109048,-0.0749380573500179,-1.07238544433394,0.0046,0.8338
"karachiBetaKDE",5e-04,10000,"0.05",42,0.800567701187619,0.404078319285152,-0.898346431447106,0.703262537771172,"covered",0.143755325109048,-0.0749380573500179,-1.07238544433394,0.0046,0.8338
"karachiBetaKDE",5e-04,10000,"0.05",42,0.777885607549507,0.512921701879528,-0.898346431447106,0.703262537771172,"covered",0.143755325109048,-0.0749380573500179,-1.07238544433394,0.0046,0.8338
"karachiBetaKDE",5e-04,10000,"0.05",42,0.752982458946362,0.351379752280813,-0.898346431447106,0.703262537771172,"covered",0.143755325109048,-0.0749380573500179,-1.07238544433394,0.0046,0.8338
"karachiBetaKDE",5e-04,10000,"0.05",42,0.725790234162741,0.286512517929026,-0.898346431447106,0.703262537771172,"covered",0.143755325109048,-0.0749380573500179,-1.07238544433394,0.0046,0.8338
"karachiBetaKDE",5e-04,10000,"0.05",42,0.69606561161469,0.145206957287076,-0.898346431447106,0.703262537771172,"covered",0.143755325109048,-0.0749380573500179,-1.07238544433394,0.0046,0.8338
"karachiBetaKDE",5e-04,10000,"0.05",42,0.663699698655259,0.0104574433024712,-0.898346431447106,0.703262537771172,"covered",0.143755325109048,-0.0749380573500179,-1.07238544433394,0.0046,0.8338
"karachiBetaKDE",5e-04,10000,"0.05",42,0.629093271635229,-0.193402111598699,-0.898346431447106,0.703262537771172,"covered",0.143755325109048,-0.0749380573500179,-1.07238544433394,0.0046,0.8338
"karachiBetaKDE",5e-04,10000,"0.05",42,0.592868808043879,-0.26300801153882,-0.898346431447106,0.703262537771172,"covered",0.143755325109048,-0.0749380573500179,-1.07238544433394,0.0046,0.8338
"karachiBetaKDE",5e-04,10000,"0.05",42,0.555319981977444,-0.336800582849863,-0.898346431447106,0.703262537771172,"covered",0.143755325109048,-0.0749380573500179,-1.07238544433394,0.0046,0.8338
"karachiBetaKDE",5e-04,10000,"0.05",42,0.51647843189623,-0.413748607598485,-0.898346431447106,0.703262537771172,"covered",0.143755325109048,-0.0749380573500179,-1.07238544433394,0.0046,0.8338
"karachiBetaKDE",5e-04,10000,"0.05",42,0.476735140026402,-0.367963098807176,-0.898346431447106,0.703262537771172,"covered",0.143755325109048,-0.0749380573500179,-1.07238544433394,0.0046,0.8338
"karachiBetaKDE",5e-04,10000,"0.05",42,0.436928695095447,-0.412040393150418,-0.898346431447106,0.703262537771172,"covered",0.143755325109048,-0.0749380573500179,-1.07238544433394,0.0046,0.8338
"karachiBetaKDE",5e-04,10000,"0.05",42,0.397723723245424,-0.519874071822658,-0.898346431447106,0.703262537771172,"covered",0.143755325109048,-0.0749380573500179,-1.07238544433394,0.0046,0.8338
"karachiBetaKDE",5e-04,10000,"0.05",42,0.359240914828636,-0.458973986653122,-0.898346431447106,0.703262537771172,"covered",0.143755325109048,-0.0749380573500179,-1.07238544433394,0.0046,0.8338
"karachiBetaKDE",5e-04,10000,"0.05",42,0.321562845842307,-0.59998321343496,-0.898346431447106,0.703262537771172,"covered",0.143755325109048,-0.0749380573500179,-1.07238544433394,0.0046,0.8338
"karachiBetaKDE",5e-04,10000,"0.05",42,0.285197981475766,-0.717896285977874,-0.898346431447106,0.703262537771172,"covered",0.143755325109048,-0.0749380573500179,-1.07238544433394,0.0046,0.8338
"karachiBetaKDE",5e-04,10000,"0.05",42,0.250836215776904,-0.684442709849251,-0.898346431447106,0.703262537771172,"covered",0.143755325109048,-0.0749380573500179,-1.07238544433394,0.0046,0.8338
"karachiBetaKDE",5e-04,10000,"0.05",42,0.219082914662495,-0.688519035698614,-0.898346431447106,0.703262537771172,"covered",0.143755325109048,-0.0749380573500179,-1.07238544433394,0.0046,0.8338
"karachiBetaKDE",5e-04,10000,"0.05",42,0.190309773296301,-0.495363806038624,-0.898346431447106,0.703262537771172,"covered",0.143755325109048,-0.0749380573500179,-1.07238544433394,0.0046,0.8338
"karachiBetaKDE",5e-04,10000,"0.05",42,0.164610609577326,-0.358893398039459,-0.898346431447106,0.703262537771172,"covered",0.143755325109048,-0.0749380573500179,-1.07238544433394,0.0046,0.8338
"karachiBetaKDE",5e-04,10000,"0.05",42,0.141983640287116,-0.454011396036545,-0.898346431447106,0.703262537771172,"covered",0.143755325109048,-0.0749380573500179,-1.07238544433394,0.0046,0.8338
"karachiBetaKDE",5e-04,10000,"0.05",42,0.122267432828818,-0.497268569562246,-0.898346431447106,0.703262537771172,"covered",0.143755325109048,-0.0749380573500179,-1.07238544433394,0.0046,0.8338
"karachiBetaKDE",5e-04,10000,"0.05",42,0.104618038263181,-0.499839779235807,-0.898346431447106,0.703262537771172,"covered",0.143755325109048,-0.0749380573500179,-1.07238544433394,0.0046,0.8338
"karachiBetaKDE",5e-04,10000,"0.05",42,0.0886383514543017,-0.62065869416527,-0.898346431447106,0.703262537771172,"covered",0.143755325109048,-0.0749380573500179,-1.07238544433394,0.0046,0.8338
"karachiBetaKDE",5e-04,10000,"0.05",42,0.0748475445763621,-0.528612553872838,-0.898346431447106,0.703262537771172,"covered",0.143755325109048,-0.0749380573500179,-1.07238544433394,0.0046,0.8338
"karachiBetaKDE",5e-04,10000,"0.05",42,0.06353753376898,-0.353467352272336,-0.898346431447106,0.703262537771172,"covered",0.143755325109048,-0.0749380573500179,-1.07238544433394,0.0046,0.8338
"karachiBetaKDE",5e-04,10000,"0.05",42,0.0542627209029139,-0.124245100059473,-0.898346431447106,0.703262537771172,"covered",0.143755325109048,-0.0749380573500179,-1.07238544433394,0.0046,0.8338
"karachiBetaKDE",5e-04,10000,"0.05",42,0.0464829494966246,0.117897429252423,-0.898346431447106,0.703262537771172,"covered",0.143755325109048,-0.0749380573500179,-1.07238544433394,0.0046,0.8338
"karachiBetaKDE",5e-04,10000,"0.05",42,0.0399020505287196,0.448670537819851,-0.898346431447106,0.703262537771172,"covered",0.143755325109048,-0.0749380573500179,-1.07238544433394,0.0046,0.8338
"karachiBetaKDE",5e-04,10000,"0.05",42,0.0342638781639597,0.718274137724978,-0.898346431447106,0.703262537771172,"escaped_inner",0.143755325109048,-0.0749380573500179,-1.07238544433394,0.0046,0.8338
"karachiBetaKDE",5e-04,10000,"0.05",42,0.029112520606684,0.943904389663363,-0.898346431447106,0.703262537771172,"escaped_inner",0.143755325109048,-0.0749380573500179,-1.07238544433394,0.0046,0.8338
"karachiBetaKDE",5e-04,10000,"0.05",42,0.0239701700290124,1.07647788260409,-0.898346431447106,0.703262537771172,"escaped_inner",0.143755325109048,-0.0749380573500179,-1.07238544433394,0.0046,0.8338
"karachiBetaKDE",5e-04,10000,"0.05",43,0.97891796945672,2.16880863932114,-0.870312185263842,0.694616295611685,"escaped_inner",0.177888399534087,-0.564157222438638,-1.08698403073194,0.0063,0.9408
"karachiBetaKDE",5e-04,10000,"0.05",43,0.977147923248112,2.16961363895416,-0.870312185263842,0.694616295611685,"escaped_inner",0.177888399534087,-0.564157222438638,-1.08698403073194,0.0063,0.9408
"karachiBetaKDE",5e-04,10000,"0.05",43,0.975392157375374,2.1420841758956,-0.870312185263842,0.694616295611685,"escaped_inner",0.177888399534087,-0.564157222438638,-1.08698403073194,0.0063,0.9408
"karachiBetaKDE",5e-04,10000,"0.05",43,0.973728307066674,2.14650509260995,-0.870312185263842,0.694616295611685,"escaped_inner",0.177888399534087,-0.564157222438638,-1.08698403073194,0.0063,0.9408
"karachiBetaKDE",5e-04,10000,"0.05",43,0.972148603393168,2.11792667476106,-0.870312185263842,0.694616295611685,"escaped_inner",0.177888399534087,-0.564157222438638,-1.08698403073194,0.0063,0.9408
"karachiBetaKDE",5e-04,10000,"0.05",43,0.970556154699355,2.07796111961459,-0.870312185263842,0.694616295611685,"escaped_inner",0.177888399534087,-0.564157222438638,-1.08698403073194,0.0063,0.9408
"karachiBetaKDE",5e-04,10000,"0.05",43,0.968823546619977,2.02013965127296,-0.870312185263842,0.694616295611685,"escaped_inner",0.177888399534087,-0.564157222438638,-1.08698403073194,0.0063,0.9408
"karachiBetaKDE",5e-04,10000,"0.05",43,0.966856602335362,1.98150870911467,-0.870312185263842,0.694616295611685,"escaped_inner",0.177888399534087,-0.564157222438638,-1.08698403073194,0.0063,0.9408
"karachiBetaKDE",5e-04,10000,"0.05",43,0.964584553599988,1.93375242467381,-0.870312185263842,0.694616295611685,"escaped_inner",0.177888399534087,-0.564157222438638,-1.08698403073194,0.0063,0.9408
"karachiBetaKDE",5e-04,10000,"0.05",43,0.961904962533908,1.89020199687105,-0.870312185263842,0.694616295611685,"escaped_inner",0.177888399534087,-0.564157222438638,-1.08698403073194,0.0063,0.9408
"karachiBetaKDE",5e-04,10000,"0.05",43,0.958671657270623,1.84638139133159,-0.870312185263842,0.694616295611685,"escaped_inner",0.177888399534087,-0.564157222438638,-1.08698403073194,0.0063,0.9408
"karachiBetaKDE",5e-04,10000,"0.05",43,0.954760748875313,1.84418144553673,-0.870312185263842,0.694616295611685,"escaped_inner",0.177888399534087,-0.564157222438638,-1.08698403073194,0.0063,0.9408
"karachiBetaKDE",5e-04,10000,"0.05",43,0.950123279437843,1.77412136672448,-0.870312185263842,0.694616295611685,"escaped_inner",0.177888399534087,-0.564157222438638,-1.08698403073194,0.0063,0.9408
"karachiBetaKDE",5e-04,10000,"0.05",43,0.944774242698295,1.69028248855218,-0.870312185263842,0.694616295611685,"escaped_inner",0.177888399534087,-0.564157222438638,-1.08698403073194,0.0063,0.9408
"karachiBetaKDE",5e-04,10000,"0.05",43,0.938744520641643,1.58373650850919,-0.870312185263842,0.694616295611685,"escaped_inner",0.177888399534087,-0.564157222438638,-1.08698403073194,0.0063,0.9408
"karachiBetaKDE",5e-04,10000,"0.05",43,0.932033249415245,1.51496800345149,-0.870312185263842,0.694616295611685,"escaped_inner",0.177888399534087,-0.564157222438638,-1.08698403073194,0.0063,0.9408
"karachiBetaKDE",5e-04,10000,"0.05",43,0.924586215878857,1.4134603216939,-0.870312185263842,0.694616295611685,"escaped_inner",0.177888399534087,-0.564157222438638,-1.08698403073194,0.0063,0.9408
"karachiBetaKDE",5e-04,10000,"0.05",43,0.916299600528128,1.35528152823338,-0.870312185263842,0.694616295611685,"escaped_inner",0.177888399534087,-0.564157222438638,-1.08698403073194,0.0063,0.9408
"karachiBetaKDE",5e-04,10000,"0.05",43,0.907026985009363,1.27346266095983,-0.870312185263842,0.694616295611685,"escaped_inner",0.177888399534087,-0.564157222438638,-1.08698403073194,0.0063,0.9408
"karachiBetaKDE",5e-04,10000,"0.05",43,0.896586843613339,1.18574780714052,-0.870312185263842,0.694616295611685,"escaped_inner",0.177888399534087,-0.564157222438638,-1.08698403073194,0.0063,0.9408
"karachiBetaKDE",5e-04,10000,"0.05",43,0.884771092114384,1.15890906586596,-0.870312185263842,0.694616295611685,"escaped_inner",0.177888399534087,-0.564157222438638,-1.08698403073194,0.0063,0.9408
"karachiBetaKDE",5e-04,10000,"0.05",43,0.87139537236811,1.10631896741288,-0.870312185263842,0.694616295611685,"escaped_inner",0.177888399534087,-0.564157222438638,-1.08698403073194,0.0063,0.9408
"karachiBetaKDE",5e-04,10000,"0.05",43,0.856354046676824,1.05318370793749,-0.870312185263842,0.694616295611685,"escaped_inner",0.177888399534087,-0.564157222438638,-1.08698403073194,0.0063,0.9408
"karachiBetaKDE",5e-04,10000,"0.05",43,0.839610207739494,1.05667480992382,-0.870312185263842,0.694616295611685,"escaped_inner",0.177888399534087,-0.564157222438638,-1.08698403073194,0.0063,0.9408
"karachiBetaKDE",5e-04,10000,"0.05",43,0.821080728047109,0.992479644339506,-0.870312185263842,0.694616295611685,"escaped_inner",0.177888399534087,-0.564157222438638,-1.08698403073194,0.0063,0.9408
"karachiBetaKDE",5e-04,10000,"0.05",43,0.800567701187619,1.00789268593432,-0.870312185263842,0.694616295611685,"escaped_inner",0.177888399534087,-0.564157222438638,-1.08698403073194,0.0063,0.9408
"karachiBetaKDE",5e-04,10000,"0.05",43,0.777885607549507,0.896907444742125,-0.870312185263842,0.694616295611685,"escaped_inner",0.177888399534087,-0.564157222438638,-1.08698403073194,0.0063,0.9408
"karachiBetaKDE",5e-04,10000,"0.05",43,0.752982458946362,0.732812920708189,-0.870312185263842,0.694616295611685,"escaped_inner",0.177888399534087,-0.564157222438638,-1.08698403073194,0.0063,0.9408
"karachiBetaKDE",5e-04,10000,"0.05",43,0.725790234162741,0.74882021044318,-0.870312185263842,0.694616295611685,"escaped_inner",0.177888399534087,-0.564157222438638,-1.08698403073194,0.0063,0.9408
"karachiBetaKDE",5e-04,10000,"0.05",43,0.69606561161469,0.708053098249459,-0.870312185263842,0.694616295611685,"escaped_inner",0.177888399534087,-0.564157222438638,-1.08698403073194,0.0063,0.9408
"karachiBetaKDE",5e-04,10000,"0.05",43,0.663699698655259,0.639925142445137,-0.870312185263842,0.694616295611685,"covered",0.177888399534087,-0.564157222438638,-1.08698403073194,0.0063,0.9408
"karachiBetaKDE",5e-04,10000,"0.05",43,0.629093271635229,0.491977419611509,-0.870312185263842,0.694616295611685,"covered",0.177888399534087,-0.564157222438638,-1.08698403073194,0.0063,0.9408
"karachiBetaKDE",5e-04,10000,"0.05",43,0.592868808043879,0.442248717304432,-0.870312185263842,0.694616295611685,"covered",0.177888399534087,-0.564157222438638,-1.08698403073194,0.0063,0.9408
"karachiBetaKDE",5e-04,10000,"0.05",43,0.555319981977444,0.400506401871468,-0.870312185263842,0.694616295611685,"covered",0.177888399534087,-0.564157222438638,-1.08698403073194,0.0063,0.9408
"karachiBetaKDE",5e-04,10000,"0.05",43,0.51647843189623,0.275046860691735,-0.870312185263842,0.694616295611685,"covered",0.177888399534087,-0.564157222438638,-1.08698403073194,0.0063,0.9408
"karachiBetaKDE",5e-04,10000,"0.05",43,0.476735140026402,0.263785931864429,-0.870312185263842,0.694616295611685,"covered",0.177888399534087,-0.564157222438638,-1.08698403073194,0.0063,0.9408
"karachiBetaKDE",5e-04,10000,"0.05",43,0.436928695095447,0.212343753264145,-0.870312185263842,0.694616295611685,"covered",0.177888399534087,-0.564157222438638,-1.08698403073194,0.0063,0.9408
"karachiBetaKDE",5e-04,10000,"0.05",43,0.397723723245424,0.191467502237427,-0.870312185263842,0.694616295611685,"covered",0.177888399534087,-0.564157222438638,-1.08698403073194,0.0063,0.9408
"karachiBetaKDE",5e-04,10000,"0.05",43,0.359240914828636,0.183755753924391,-0.870312185263842,0.694616295611685,"covered",0.177888399534087,-0.564157222438638,-1.08698403073194,0.0063,0.9408
"karachiBetaKDE",5e-04,10000,"0.05",43,0.321562845842307,0.241573257924594,-0.870312185263842,0.694616295611685,"covered",0.177888399534087,-0.564157222438638,-1.08698403073194,0.0063,0.9408
"karachiBetaKDE",5e-04,10000,"0.05",43,0.285197981475766,0.0800838981847105,-0.870312185263842,0.694616295611685,"covered",0.177888399534087,-0.564157222438638,-1.08698403073194,0.0063,0.9408
"karachiBetaKDE",5e-04,10000,"0.05",43,0.250836215776904,-0.0457986696496285,-0.870312185263842,0.694616295611685,"covered",0.177888399534087,-0.564157222438638,-1.08698403073194,0.0063,0.9408
"karachiBetaKDE",5e-04,10000,"0.05",43,0.219082914662495,-0.0632168409641356,-0.870312185263842,0.694616295611685,"covered",0.177888399534087,-0.564157222438638,-1.08698403073194,0.0063,0.9408
"karachiBetaKDE",5e-04,10000,"0.05",43,0.190309773296301,0.0023442471344473,-0.870312185263842,0.694616295611685,"covered",0.177888399534087,-0.564157222438638,-1.08698403073194,0.0063,0.9408
"karachiBetaKDE",5e-04,10000,"0.05",43,0.164610609577326,0.102616073741509,-0.870312185263842,0.694616295611685,"covered",0.177888399534087,-0.564157222438638,-1.08698403073194,0.0063,0.9408
"karachiBetaKDE",5e-04,10000,"0.05",43,0.141983640287116,0.0379689116872805,-0.870312185263842,0.694616295611685,"covered",0.177888399534087,-0.564157222438638,-1.08698403073194,0.0063,0.9408
"karachiBetaKDE",5e-04,10000,"0.05",43,0.122267432828818,0.152755838308222,-0.870312185263842,0.694616295611685,"covered",0.177888399534087,-0.564157222438638,-1.08698403073194,0.0063,0.9408
"karachiBetaKDE",5e-04,10000,"0.05",43,0.104618038263181,0.142855543032464,-0.870312185263842,0.694616295611685,"covered",0.177888399534087,-0.564157222438638,-1.08698403073194,0.0063,0.9408
"karachiBetaKDE",5e-04,10000,"0.05",43,0.0886383514543017,0.208315157681749,-0.870312185263842,0.694616295611685,"covered",0.177888399534087,-0.564157222438638,-1.08698403073194,0.0063,0.9408
"karachiBetaKDE",5e-04,10000,"0.05",43,0.0748475445763621,0.260982585702977,-0.870312185263842,0.694616295611685,"covered",0.177888399534087,-0.564157222438638,-1.08698403073194,0.0063,0.9408
"karachiBetaKDE",5e-04,10000,"0.05",43,0.06353753376898,0.260930788996571,-0.870312185263842,0.694616295611685,"covered",0.177888399534087,-0.564157222438638,-1.08698403073194,0.0063,0.9408
"karachiBetaKDE",5e-04,10000,"0.05",43,0.0542627209029139,0.351141794627823,-0.870312185263842,0.694616295611685,"covered",0.177888399534087,-0.564157222438638,-1.08698403073194,0.0063,0.9408
"karachiBetaKDE",5e-04,10000,"0.05",43,0.0464829494966246,0.611802220694167,-0.870312185263842,0.694616295611685,"covered",0.177888399534087,-0.564157222438638,-1.08698403073194,0.0063,0.9408
"karachiBetaKDE",5e-04,10000,"0.05",43,0.0399020505287196,0.844032267870451,-0.870312185263842,0.694616295611685,"escaped_inner",0.177888399534087,-0.564157222438638,-1.08698403073194,0.0063,0.9408
"karachiBetaKDE",5e-04,10000,"0.05",43,0.0342638781639597,1.02552928267787,-0.870312185263842,0.694616295611685,"escaped_inner",0.177888399534087,-0.564157222438638,-1.08698403073194,0.0063,0.9408
"karachiBetaKDE",5e-04,10000,"0.05",43,0.029112520606684,1.22805666800428,-0.870312185263842,0.694616295611685,"escaped_inner",0.177888399534087,-0.564157222438638,-1.08698403073194,0.0063,0.9408
"karachiBetaKDE",5e-04,10000,"0.05",43,0.0239701700290124,1.3663783426171,-0.870312185263842,0.694616295611685,"escaped_inner",0.177888399534087,-0.564157222438638,-1.08698403073194,0.0063,0.9408
"karachiBetaKDE",5e-04,10000,"0.05",44,0.97891796945672,1.85880002859533,-1.03735833033275,0.812236651473003,"escaped_inner",0.144444658628168,-0.392924350494222,-1.04706622350625,0.0062,0.8968
"karachiBetaKDE",5e-04,10000,"0.05",44,0.977147923248112,1.87429420949166,-1.03735833033275,0.812236651473003,"escaped_inner",0.144444658628168,-0.392924350494222,-1.04706622350625,0.0062,0.8968
"karachiBetaKDE",5e-04,10000,"0.05",44,0.975392157375374,1.88439386553599,-1.03735833033275,0.812236651473003,"escaped_inner",0.144444658628168,-0.392924350494222,-1.04706622350625,0.0062,0.8968
"karachiBetaKDE",5e-04,10000,"0.05",44,0.973728307066674,1.87716815201845,-1.03735833033275,0.812236651473003,"escaped_inner",0.144444658628168,-0.392924350494222,-1.04706622350625,0.0062,0.8968
"karachiBetaKDE",5e-04,10000,"0.05",44,0.972148603393168,1.87990572689831,-1.03735833033275,0.812236651473003,"escaped_inner",0.144444658628168,-0.392924350494222,-1.04706622350625,0.0062,0.8968
"karachiBetaKDE",5e-04,10000,"0.05",44,0.970556154699355,1.84625736630865,-1.03735833033275,0.812236651473003,"escaped_inner",0.144444658628168,-0.392924350494222,-1.04706622350625,0.0062,0.8968
"karachiBetaKDE",5e-04,10000,"0.05",44,0.968823546619977,1.79613991072916,-1.03735833033275,0.812236651473003,"escaped_inner",0.144444658628168,-0.392924350494222,-1.04706622350625,0.0062,0.8968
"karachiBetaKDE",5e-04,10000,"0.05",44,0.966856602335362,1.76885699912688,-1.03735833033275,0.812236651473003,"escaped_inner",0.144444658628168,-0.392924350494222,-1.04706622350625,0.0062,0.8968
"karachiBetaKDE",5e-04,10000,"0.05",44,0.964584553599988,1.71552699664828,-1.03735833033275,0.812236651473003,"escaped_inner",0.144444658628168,-0.392924350494222,-1.04706622350625,0.0062,0.8968
"karachiBetaKDE",5e-04,10000,"0.05",44,0.961904962533908,1.65039694072582,-1.03735833033275,0.812236651473003,"escaped_inner",0.144444658628168,-0.392924350494222,-1.04706622350625,0.0062,0.8968
"karachiBetaKDE",5e-04,10000,"0.05",44,0.958671657270623,1.58704794374612,-1.03735833033275,0.812236651473003,"escaped_inner",0.144444658628168,-0.392924350494222,-1.04706622350625,0.0062,0.8968
"karachiBetaKDE",5e-04,10000,"0.05",44,0.954760748875313,1.57774362532541,-1.03735833033275,0.812236651473003,"escaped_inner",0.144444658628168,-0.392924350494222,-1.04706622350625,0.0062,0.8968
"karachiBetaKDE",5e-04,10000,"0.05",44,0.950123279437843,1.51768852914435,-1.03735833033275,0.812236651473003,"escaped_inner",0.144444658628168,-0.392924350494222,-1.04706622350625,0.0062,0.8968
"karachiBetaKDE",5e-04,10000,"0.05",44,0.944774242698295,1.44404859573668,-1.03735833033275,0.812236651473003,"escaped_inner",0.144444658628168,-0.392924350494222,-1.04706622350625,0.0062,0.8968
"karachiBetaKDE",5e-04,10000,"0.05",44,0.938744520641643,1.31490611794533,-1.03735833033275,0.812236651473003,"escaped_inner",0.144444658628168,-0.392924350494222,-1.04706622350625,0.0062,0.8968
"karachiBetaKDE",5e-04,10000,"0.05",44,0.932033249415245,1.23139658353139,-1.03735833033275,0.812236651473003,"escaped_inner",0.144444658628168,-0.392924350494222,-1.04706622350625,0.0062,0.8968
"karachiBetaKDE",5e-04,10000,"0.05",44,0.924586215878857,1.11897481831113,-1.03735833033275,0.812236651473003,"escaped_inner",0.144444658628168,-0.392924350494222,-1.04706622350625,0.0062,0.8968
"karachiBetaKDE",5e-04,10000,"0.05",44,0.916299600528128,0.99484085438066,-1.03735833033275,0.812236651473003,"escaped_inner",0.144444658628168,-0.392924350494222,-1.04706622350625,0.0062,0.8968
"karachiBetaKDE",5e-04,10000,"0.05",44,0.907026985009363,0.955536615133435,-1.03735833033275,0.812236651473003,"escaped_inner",0.144444658628168,-0.392924350494222,-1.04706622350625,0.0062,0.8968
"karachiBetaKDE",5e-04,10000,"0.05",44,0.896586843613339,0.839834826664176,-1.03735833033275,0.812236651473003,"escaped_inner",0.144444658628168,-0.392924350494222,-1.04706622350625,0.0062,0.8968
"karachiBetaKDE",5e-04,10000,"0.05",44,0.884771092114384,0.805371782561916,-1.03735833033275,0.812236651473003,"covered",0.144444658628168,-0.392924350494222,-1.04706622350625,0.0062,0.8968
"karachiBetaKDE",5e-04,10000,"0.05",44,0.87139537236811,0.766828904898491,-1.03735833033275,0.812236651473003,"covered",0.144444658628168,-0.392924350494222,-1.04706622350625,0.0062,0.8968
"karachiBetaKDE",5e-04,10000,"0.05",44,0.856354046676824,0.695431696623248,-1.03735833033275,0.812236651473003,"covered",0.144444658628168,-0.392924350494222,-1.04706622350625,0.0062,0.8968
"karachiBetaKDE",5e-04,10000,"0.05",44,0.839610207739494,0.654953948555141,-1.03735833033275,0.812236651473003,"covered",0.144444658628168,-0.392924350494222,-1.04706622350625,0.0062,0.8968
"karachiBetaKDE",5e-04,10000,"0.05",44,0.821080728047109,0.624957238534879,-1.03735833033275,0.812236651473003,"covered",0.144444658628168,-0.392924350494222,-1.04706622350625,0.0062,0.8968
"karachiBetaKDE",5e-04,10000,"0.05",44,0.800567701187619,0.598941368584353,-1.03735833033275,0.812236651473003,"covered",0.144444658628168,-0.392924350494222,-1.04706622350625,0.0062,0.8968
"karachiBetaKDE",5e-04,10000,"0.05",44,0.777885607549507,0.594542041990038,-1.03735833033275,0.812236651473003,"covered",0.144444658628168,-0.392924350494222,-1.04706622350625,0.0062,0.8968
"karachiBetaKDE",5e-04,10000,"0.05",44,0.752982458946362,0.567608777257074,-1.03735833033275,0.812236651473003,"covered",0.144444658628168,-0.392924350494222,-1.04706622350625,0.0062,0.8968
"karachiBetaKDE",5e-04,10000,"0.05",44,0.725790234162741,0.370297708818442,-1.03735833033275,0.812236651473003,"covered",0.144444658628168,-0.392924350494222,-1.04706622350625,0.0062,0.8968
"karachiBetaKDE",5e-04,10000,"0.05",44,0.69606561161469,0.171551325197221,-1.03735833033275,0.812236651473003,"covered",0.144444658628168,-0.392924350494222,-1.04706622350625,0.0062,0.8968
"karachiBetaKDE",5e-04,10000,"0.05",44,0.663699698655259,0.102594259270379,-1.03735833033275,0.812236651473003,"covered",0.144444658628168,-0.392924350494222,-1.04706622350625,0.0062,0.8968
"karachiBetaKDE",5e-04,10000,"0.05",44,0.629093271635229,0.14291292108068,-1.03735833033275,0.812236651473003,"covered",0.144444658628168,-0.392924350494222,-1.04706622350625,0.0062,0.8968
"karachiBetaKDE",5e-04,10000,"0.05",44,0.592868808043879,0.0158219376812567,-1.03735833033275,0.812236651473003,"covered",0.144444658628168,-0.392924350494222,-1.04706622350625,0.0062,0.8968
"karachiBetaKDE",5e-04,10000,"0.05",44,0.555319981977444,-0.104407596071625,-1.03735833033275,0.812236651473003,"covered",0.144444658628168,-0.392924350494222,-1.04706622350625,0.0062,0.8968
"karachiBetaKDE",5e-04,10000,"0.05",44,0.51647843189623,-0.216071785229036,-1.03735833033275,0.812236651473003,"covered",0.144444658628168,-0.392924350494222,-1.04706622350625,0.0062,0.8968
"karachiBetaKDE",5e-04,10000,"0.05",44,0.476735140026402,-0.287865051653016,-1.03735833033275,0.812236651473003,"covered",0.144444658628168,-0.392924350494222,-1.04706622350625,0.0062,0.8968
"karachiBetaKDE",5e-04,10000,"0.05",44,0.436928695095447,-0.445255481577374,-1.03735833033275,0.812236651473003,"covered",0.144444658628168,-0.392924350494222,-1.04706622350625,0.0062,0.8968
"karachiBetaKDE",5e-04,10000,"0.05",44,0.397723723245424,-0.515269070744115,-1.03735833033275,0.812236651473003,"covered",0.144444658628168,-0.392924350494222,-1.04706622350625,0.0062,0.8968
"karachiBetaKDE",5e-04,10000,"0.05",44,0.359240914828636,-0.515866800643184,-1.03735833033275,0.812236651473003,"covered",0.144444658628168,-0.392924350494222,-1.04706622350625,0.0062,0.8968
"karachiBetaKDE",5e-04,10000,"0.05",44,0.321562845842307,-0.702758514660551,-1.03735833033275,0.812236651473003,"covered",0.144444658628168,-0.392924350494222,-1.04706622350625,0.0062,0.8968
"karachiBetaKDE",5e-04,10000,"0.05",44,0.285197981475766,-0.756561976242953,-1.03735833033275,0.812236651473003,"covered",0.144444658628168,-0.392924350494222,-1.04706622350625,0.0062,0.8968
"karachiBetaKDE",5e-04,10000,"0.05",44,0.250836215776904,-0.698001028510262,-1.03735833033275,0.812236651473003,"covered",0.144444658628168,-0.392924350494222,-1.04706622350625,0.0062,0.8968
"karachiBetaKDE",5e-04,10000,"0.05",44,0.219082914662495,-0.572479887384991,-1.03735833033275,0.812236651473003,"covered",0.144444658628168,-0.392924350494222,-1.04706622350625,0.0062,0.8968
"karachiBetaKDE",5e-04,10000,"0.05",44,0.190309773296301,-0.428398333726777,-1.03735833033275,0.812236651473003,"covered",0.144444658628168,-0.392924350494222,-1.04706622350625,0.0062,0.8968
"karachiBetaKDE",5e-04,10000,"0.05",44,0.164610609577326,-0.441459311042631,-1.03735833033275,0.812236651473003,"covered",0.144444658628168,-0.392924350494222,-1.04706622350625,0.0062,0.8968
"karachiBetaKDE",5e-04,10000,"0.05",44,0.141983640287116,-0.390056447505747,-1.03735833033275,0.812236651473003,"covered",0.144444658628168,-0.392924350494222,-1.04706622350625,0.0062,0.8968
"karachiBetaKDE",5e-04,10000,"0.05",44,0.122267432828818,-0.352763853657646,-1.03735833033275,0.812236651473003,"covered",0.144444658628168,-0.392924350494222,-1.04706622350625,0.0062,0.8968
"karachiBetaKDE",5e-04,10000,"0.05",44,0.104618038263181,-0.299487617684273,-1.03735833033275,0.812236651473003,"covered",0.144444658628168,-0.392924350494222,-1.04706622350625,0.0062,0.8968
"karachiBetaKDE",5e-04,10000,"0.05",44,0.0886383514543017,-0.373177656297214,-1.03735833033275,0.812236651473003,"covered",0.144444658628168,-0.392924350494222,-1.04706622350625,0.0062,0.8968
"karachiBetaKDE",5e-04,10000,"0.05",44,0.0748475445763621,-0.429516845556463,-1.03735833033275,0.812236651473003,"covered",0.144444658628168,-0.392924350494222,-1.04706622350625,0.0062,0.8968
"karachiBetaKDE",5e-04,10000,"0.05",44,0.06353753376898,-0.351898714152028,-1.03735833033275,0.812236651473003,"covered",0.144444658628168,-0.392924350494222,-1.04706622350625,0.0062,0.8968
"karachiBetaKDE",5e-04,10000,"0.05",44,0.0542627209029139,-0.155403815404004,-1.03735833033275,0.812236651473003,"covered",0.144444658628168,-0.392924350494222,-1.04706622350625,0.0062,0.8968
"karachiBetaKDE",5e-04,10000,"0.05",44,0.0464829494966246,0.119665114572706,-1.03735833033275,0.812236651473003,"covered",0.144444658628168,-0.392924350494222,-1.04706622350625,0.0062,0.8968
"karachiBetaKDE",5e-04,10000,"0.05",44,0.0399020505287196,0.339575352584392,-1.03735833033275,0.812236651473003,"covered",0.144444658628168,-0.392924350494222,-1.04706622350625,0.0062,0.8968
"karachiBetaKDE",5e-04,10000,"0.05",44,0.0342638781639597,0.612383074015731,-1.03735833033275,0.812236651473003,"covered",0.144444658628168,-0.392924350494222,-1.04706622350625,0.0062,0.8968
"karachiBetaKDE",5e-04,10000,"0.05",44,0.029112520606684,0.811016043008674,-1.03735833033275,0.812236651473003,"covered",0.144444658628168,-0.392924350494222,-1.04706622350625,0.0062,0.8968
"karachiBetaKDE",5e-04,10000,"0.05",44,0.0239701700290124,0.874150047691079,-1.03735833033275,0.812236651473003,"escaped_inner",0.144444658628168,-0.392924350494222,-1.04706622350625,0.0062,0.8968
"karachiBetaKDE",5e-04,10000,"0.05",45,0.97891796945672,1.94421050678742,-1.0072957871542,0.78497511243848,"escaped_inner",0.141656894881391,-0.219525010900709,-0.835221621352762,0.0019,0.8442
"karachiBetaKDE",5e-04,10000,"0.05",45,0.977147923248112,1.97513937568137,-1.0072957871542,0.78497511243848,"escaped_inner",0.141656894881391,-0.219525010900709,-0.835221621352762,0.0019,0.8442
"karachiBetaKDE",5e-04,10000,"0.05",45,0.975392157375374,1.97814502915257,-1.0072957871542,0.78497511243848,"escaped_inner",0.141656894881391,-0.219525010900709,-0.835221621352762,0.0019,0.8442
"karachiBetaKDE",5e-04,10000,"0.05",45,0.973728307066674,1.93598891359758,-1.0072957871542,0.78497511243848,"escaped_inner",0.141656894881391,-0.219525010900709,-0.835221621352762,0.0019,0.8442
"karachiBetaKDE",5e-04,10000,"0.05",45,0.972148603393168,1.88096445613556,-1.0072957871542,0.78497511243848,"escaped_inner",0.141656894881391,-0.219525010900709,-0.835221621352762,0.0019,0.8442
"karachiBetaKDE",5e-04,10000,"0.05",45,0.970556154699355,1.82112841921228,-1.0072957871542,0.78497511243848,"escaped_inner",0.141656894881391,-0.219525010900709,-0.835221621352762,0.0019,0.8442
"karachiBetaKDE",5e-04,10000,"0.05",45,0.968823546619977,1.74422336448224,-1.0072957871542,0.78497511243848,"escaped_inner",0.141656894881391,-0.219525010900709,-0.835221621352762,0.0019,0.8442
"karachiBetaKDE",5e-04,10000,"0.05",45,0.966856602335362,1.70929166229593,-1.0072957871542,0.78497511243848,"escaped_inner",0.141656894881391,-0.219525010900709,-0.835221621352762,0.0019,0.8442
"karachiBetaKDE",5e-04,10000,"0.05",45,0.964584553599988,1.63155049952726,-1.0072957871542,0.78497511243848,"escaped_inner",0.141656894881391,-0.219525010900709,-0.835221621352762,0.0019,0.8442
"karachiBetaKDE",5e-04,10000,"0.05",45,0.961904962533908,1.56243833081712,-1.0072957871542,0.78497511243848,"escaped_inner",0.141656894881391,-0.219525010900709,-0.835221621352762,0.0019,0.8442
"karachiBetaKDE",5e-04,10000,"0.05",45,0.958671657270623,1.54638138110732,-1.0072957871542,0.78497511243848,"escaped_inner",0.141656894881391,-0.219525010900709,-0.835221621352762,0.0019,0.8442
"karachiBetaKDE",5e-04,10000,"0.05",45,0.954760748875313,1.5285454472046,-1.0072957871542,0.78497511243848,"escaped_inner",0.141656894881391,-0.219525010900709,-0.835221621352762,0.0019,0.8442
"karachiBetaKDE",5e-04,10000,"0.05",45,0.950123279437843,1.51135051986857,-1.0072957871542,0.78497511243848,"escaped_inner",0.141656894881391,-0.219525010900709,-0.835221621352762,0.0019,0.8442
"karachiBetaKDE",5e-04,10000,"0.05",45,0.944774242698295,1.40332130653302,-1.0072957871542,0.78497511243848,"escaped_inner",0.141656894881391,-0.219525010900709,-0.835221621352762,0.0019,0.8442
"karachiBetaKDE",5e-04,10000,"0.05",45,0.938744520641643,1.32919433554914,-1.0072957871542,0.78497511243848,"escaped_inner",0.141656894881391,-0.219525010900709,-0.835221621352762,0.0019,0.8442
"karachiBetaKDE",5e-04,10000,"0.05",45,0.932033249415245,1.22652663858588,-1.0072957871542,0.78497511243848,"escaped_inner",0.141656894881391,-0.219525010900709,-0.835221621352762,0.0019,0.8442
"karachiBetaKDE",5e-04,10000,"0.05",45,0.924586215878857,1.07114269449753,-1.0072957871542,0.78497511243848,"escaped_inner",0.141656894881391,-0.219525010900709,-0.835221621352762,0.0019,0.8442
"karachiBetaKDE",5e-04,10000,"0.05",45,0.916299600528128,0.969012969514192,-1.0072957871542,0.78497511243848,"escaped_inner",0.141656894881391,-0.219525010900709,-0.835221621352762,0.0019,0.8442
"karachiBetaKDE",5e-04,10000,"0.05",45,0.907026985009363,0.866085679018621,-1.0072957871542,0.78497511243848,"escaped_inner",0.141656894881391,-0.219525010900709,-0.835221621352762,0.0019,0.8442
"karachiBetaKDE",5e-04,10000,"0.05",45,0.896586843613339,0.74547541475591,-1.0072957871542,0.78497511243848,"covered",0.141656894881391,-0.219525010900709,-0.835221621352762,0.0019,0.8442
"karachiBetaKDE",5e-04,10000,"0.05",45,0.884771092114384,0.619141982206801,-1.0072957871542,0.78497511243848,"covered",0.141656894881391,-0.219525010900709,-0.835221621352762,0.0019,0.8442
"karachiBetaKDE",5e-04,10000,"0.05",45,0.87139537236811,0.636969822830407,-1.0072957871542,0.78497511243848,"covered",0.141656894881391,-0.219525010900709,-0.835221621352762,0.0019,0.8442
"karachiBetaKDE",5e-04,10000,"0.05",45,0.856354046676824,0.495599948990928,-1.0072957871542,0.78497511243848,"covered",0.141656894881391,-0.219525010900709,-0.835221621352762,0.0019,0.8442
"karachiBetaKDE",5e-04,10000,"0.05",45,0.839610207739494,0.402093631528685,-1.0072957871542,0.78497511243848,"covered",0.141656894881391,-0.219525010900709,-0.835221621352762,0.0019,0.8442
"karachiBetaKDE",5e-04,10000,"0.05",45,0.821080728047109,0.352132295851038,-1.0072957871542,0.78497511243848,"covered",0.141656894881391,-0.219525010900709,-0.835221621352762,0.0019,0.8442
"karachiBetaKDE",5e-04,10000,"0.05",45,0.800567701187619,0.467000978423252,-1.0072957871542,0.78497511243848,"covered",0.141656894881391,-0.219525010900709,-0.835221621352762,0.0019,0.8442
"karachiBetaKDE",5e-04,10000,"0.05",45,0.777885607549507,0.448444844020101,-1.0072957871542,0.78497511243848,"covered",0.141656894881391,-0.219525010900709,-0.835221621352762,0.0019,0.8442
"karachiBetaKDE",5e-04,10000,"0.05",45,0.752982458946362,0.322433732923175,-1.0072957871542,0.78497511243848,"covered",0.141656894881391,-0.219525010900709,-0.835221621352762,0.0019,0.8442
"karachiBetaKDE",5e-04,10000,"0.05",45,0.725790234162741,0.252818062876121,-1.0072957871542,0.78497511243848,"covered",0.141656894881391,-0.219525010900709,-0.835221621352762,0.0019,0.8442
"karachiBetaKDE",5e-04,10000,"0.05",45,0.69606561161469,0.207698321115347,-1.0072957871542,0.78497511243848,"covered",0.141656894881391,-0.219525010900709,-0.835221621352762,0.0019,0.8442
"karachiBetaKDE",5e-04,10000,"0.05",45,0.663699698655259,0.072368659507012,-1.0072957871542,0.78497511243848,"covered",0.141656894881391,-0.219525010900709,-0.835221621352762,0.0019,0.8442
"karachiBetaKDE",5e-04,10000,"0.05",45,0.629093271635229,-0.120271379139191,-1.0072957871542,0.78497511243848,"covered",0.141656894881391,-0.219525010900709,-0.835221621352762,0.0019,0.8442
"karachiBetaKDE",5e-04,10000,"0.05",45,0.592868808043879,-0.183293103390014,-1.0072957871542,0.78497511243848,"covered",0.141656894881391,-0.219525010900709,-0.835221621352762,0.0019,0.8442
"karachiBetaKDE",5e-04,10000,"0.05",45,0.555319981977444,-0.220766355617615,-1.0072957871542,0.78497511243848,"covered",0.141656894881391,-0.219525010900709,-0.835221621352762,0.0019,0.8442
"karachiBetaKDE",5e-04,10000,"0.05",45,0.51647843189623,-0.165773566597089,-1.0072957871542,0.78497511243848,"covered",0.141656894881391,-0.219525010900709,-0.835221621352762,0.0019,0.8442
"karachiBetaKDE",5e-04,10000,"0.05",45,0.476735140026402,-0.25612269597556,-1.0072957871542,0.78497511243848,"covered",0.141656894881391,-0.219525010900709,-0.835221621352762,0.0019,0.8442
"karachiBetaKDE",5e-04,10000,"0.05",45,0.436928695095447,-0.210114363630088,-1.0072957871542,0.78497511243848,"covered",0.141656894881391,-0.219525010900709,-0.835221621352762,0.0019,0.8442
"karachiBetaKDE",5e-04,10000,"0.05",45,0.397723723245424,-0.303022320775726,-1.0072957871542,0.78497511243848,"covered",0.141656894881391,-0.219525010900709,-0.835221621352762,0.0019,0.8442
"karachiBetaKDE",5e-04,10000,"0.05",45,0.359240914828636,-0.562754602617519,-1.0072957871542,0.78497511243848,"covered",0.141656894881391,-0.219525010900709,-0.835221621352762,0.0019,0.8442
"karachiBetaKDE",5e-04,10000,"0.05",45,0.321562845842307,-0.680784708620638,-1.0072957871542,0.78497511243848,"covered",0.141656894881391,-0.219525010900709,-0.835221621352762,0.0019,0.8442
"karachiBetaKDE",5e-04,10000,"0.05",45,0.285197981475766,-0.700547550048376,-1.0072957871542,0.78497511243848,"covered",0.141656894881391,-0.219525010900709,-0.835221621352762,0.0019,0.8442
"karachiBetaKDE",5e-04,10000,"0.05",45,0.250836215776904,-0.710305220086249,-1.0072957871542,0.78497511243848,"covered",0.141656894881391,-0.219525010900709,-0.835221621352762,0.0019,0.8442
"karachiBetaKDE",5e-04,10000,"0.05",45,0.219082914662495,-0.704829885737018,-1.0072957871542,0.78497511243848,"covered",0.141656894881391,-0.219525010900709,-0.835221621352762,0.0019,0.8442
"karachiBetaKDE",5e-04,10000,"0.05",45,0.190309773296301,-0.537567355286605,-1.0072957871542,0.78497511243848,"covered",0.141656894881391,-0.219525010900709,-0.835221621352762,0.0019,0.8442
"karachiBetaKDE",5e-04,10000,"0.05",45,0.164610609577326,-0.502107200141211,-1.0072957871542,0.78497511243848,"covered",0.141656894881391,-0.219525010900709,-0.835221621352762,0.0019,0.8442
"karachiBetaKDE",5e-04,10000,"0.05",45,0.141983640287116,-0.587269347467285,-1.0072957871542,0.78497511243848,"covered",0.141656894881391,-0.219525010900709,-0.835221621352762,0.0019,0.8442
"karachiBetaKDE",5e-04,10000,"0.05",45,0.122267432828818,-0.665550134706304,-1.0072957871542,0.78497511243848,"covered",0.141656894881391,-0.219525010900709,-0.835221621352762,0.0019,0.8442
"karachiBetaKDE",5e-04,10000,"0.05",45,0.104618038263181,-0.657250286299068,-1.0072957871542,0.78497511243848,"covered",0.141656894881391,-0.219525010900709,-0.835221621352762,0.0019,0.8442
"karachiBetaKDE",5e-04,10000,"0.05",45,0.0886383514543017,-0.596737455348391,-1.0072957871542,0.78497511243848,"covered",0.141656894881391,-0.219525010900709,-0.835221621352762,0.0019,0.8442
"karachiBetaKDE",5e-04,10000,"0.05",45,0.0748475445763621,-0.557066328674305,-1.0072957871542,0.78497511243848,"covered",0.141656894881391,-0.219525010900709,-0.835221621352762,0.0019,0.8442
"karachiBetaKDE",5e-04,10000,"0.05",45,0.06353753376898,-0.398071019296212,-1.0072957871542,0.78497511243848,"covered",0.141656894881391,-0.219525010900709,-0.835221621352762,0.0019,0.8442
"karachiBetaKDE",5e-04,10000,"0.05",45,0.0542627209029139,-0.264171909658769,-1.0072957871542,0.78497511243848,"covered",0.141656894881391,-0.219525010900709,-0.835221621352762,0.0019,0.8442
"karachiBetaKDE",5e-04,10000,"0.05",45,0.0464829494966246,-0.020351008212691,-1.0072957871542,0.78497511243848,"covered",0.141656894881391,-0.219525010900709,-0.835221621352762,0.0019,0.8442
"karachiBetaKDE",5e-04,10000,"0.05",45,0.0399020505287196,0.177646356718578,-1.0072957871542,0.78497511243848,"covered",0.141656894881391,-0.219525010900709,-0.835221621352762,0.0019,0.8442
"karachiBetaKDE",5e-04,10000,"0.05",45,0.0342638781639597,0.513265340873871,-1.0072957871542,0.78497511243848,"covered",0.141656894881391,-0.219525010900709,-0.835221621352762,0.0019,0.8442
"karachiBetaKDE",5e-04,10000,"0.05",45,0.029112520606684,0.732489818699144,-1.0072957871542,0.78497511243848,"covered",0.141656894881391,-0.219525010900709,-0.835221621352762,0.0019,0.8442
"karachiBetaKDE",5e-04,10000,"0.05",45,0.0239701700290124,0.918002439190411,-1.0072957871542,0.78497511243848,"escaped_inner",0.141656894881391,-0.219525010900709,-0.835221621352762,0.0019,0.8442
"karachiBetaKDE",5e-04,10000,"0.05",46,0.97891796945672,2.24480439575293,-0.867304557210931,0.683625613298315,"escaped_inner",0.19548719212531,-0.146262981112084,-0.777456937945586,0.003,0.7934
"karachiBetaKDE",5e-04,10000,"0.05",46,0.977147923248112,2.23220043849959,-0.867304557210931,0.683625613298315,"escaped_inner",0.19548719212531,-0.146262981112084,-0.777456937945586,0.003,0.7934
"karachiBetaKDE",5e-04,10000,"0.05",46,0.975392157375374,2.23350182786953,-0.867304557210931,0.683625613298315,"escaped_inner",0.19548719212531,-0.146262981112084,-0.777456937945586,0.003,0.7934
"karachiBetaKDE",5e-04,10000,"0.05",46,0.973728307066674,2.22289203951371,-0.867304557210931,0.683625613298315,"escaped_inner",0.19548719212531,-0.146262981112084,-0.777456937945586,0.003,0.7934
"karachiBetaKDE",5e-04,10000,"0.05",46,0.972148603393168,2.19829347838639,-0.867304557210931,0.683625613298315,"escaped_inner",0.19548719212531,-0.146262981112084,-0.777456937945586,0.003,0.7934
"karachiBetaKDE",5e-04,10000,"0.05",46,0.970556154699355,2.17578457044433,-0.867304557210931,0.683625613298315,"escaped_inner",0.19548719212531,-0.146262981112084,-0.777456937945586,0.003,0.7934
"karachiBetaKDE",5e-04,10000,"0.05",46,0.968823546619977,2.14425641982082,-0.867304557210931,0.683625613298315,"escaped_inner",0.19548719212531,-0.146262981112084,-0.777456937945586,0.003,0.7934
"karachiBetaKDE",5e-04,10000,"0.05",46,0.966856602335362,2.09695149423689,-0.867304557210931,0.683625613298315,"escaped_inner",0.19548719212531,-0.146262981112084,-0.777456937945586,0.003,0.7934
"karachiBetaKDE",5e-04,10000,"0.05",46,0.964584553599988,2.04174066076412,-0.867304557210931,0.683625613298315,"escaped_inner",0.19548719212531,-0.146262981112084,-0.777456937945586,0.003,0.7934
"karachiBetaKDE",5e-04,10000,"0.05",46,0.961904962533908,1.99379881783549,-0.867304557210931,0.683625613298315,"escaped_inner",0.19548719212531,-0.146262981112084,-0.777456937945586,0.003,0.7934
"karachiBetaKDE",5e-04,10000,"0.05",46,0.958671657270623,1.95785602985637,-0.867304557210931,0.683625613298315,"escaped_inner",0.19548719212531,-0.146262981112084,-0.777456937945586,0.003,0.7934
"karachiBetaKDE",5e-04,10000,"0.05",46,0.954760748875313,1.92097582216278,-0.867304557210931,0.683625613298315,"escaped_inner",0.19548719212531,-0.146262981112084,-0.777456937945586,0.003,0.7934
"karachiBetaKDE",5e-04,10000,"0.05",46,0.950123279437843,1.90512820035302,-0.867304557210931,0.683625613298315,"escaped_inner",0.19548719212531,-0.146262981112084,-0.777456937945586,0.003,0.7934
"karachiBetaKDE",5e-04,10000,"0.05",46,0.944774242698295,1.8408487218485,-0.867304557210931,0.683625613298315,"escaped_inner",0.19548719212531,-0.146262981112084,-0.777456937945586,0.003,0.7934
"karachiBetaKDE",5e-04,10000,"0.05",46,0.938744520641643,1.76146457561313,-0.867304557210931,0.683625613298315,"escaped_inner",0.19548719212531,-0.146262981112084,-0.777456937945586,0.003,0.7934
"karachiBetaKDE",5e-04,10000,"0.05",46,0.932033249415245,1.68447981882483,-0.867304557210931,0.683625613298315,"escaped_inner",0.19548719212531,-0.146262981112084,-0.777456937945586,0.003,0.7934
"karachiBetaKDE",5e-04,10000,"0.05",46,0.924586215878857,1.60695216166951,-0.867304557210931,0.683625613298315,"escaped_inner",0.19548719212531,-0.146262981112084,-0.777456937945586,0.003,0.7934
"karachiBetaKDE",5e-04,10000,"0.05",46,0.916299600528128,1.5297493230997,-0.867304557210931,0.683625613298315,"escaped_inner",0.19548719212531,-0.146262981112084,-0.777456937945586,0.003,0.7934
"karachiBetaKDE",5e-04,10000,"0.05",46,0.907026985009363,1.42985382984875,-0.867304557210931,0.683625613298315,"escaped_inner",0.19548719212531,-0.146262981112084,-0.777456937945586,0.003,0.7934
"karachiBetaKDE",5e-04,10000,"0.05",46,0.896586843613339,1.39650555696195,-0.867304557210931,0.683625613298315,"escaped_inner",0.19548719212531,-0.146262981112084,-0.777456937945586,0.003,0.7934
"karachiBetaKDE",5e-04,10000,"0.05",46,0.884771092114384,1.3523168200791,-0.867304557210931,0.683625613298315,"escaped_inner",0.19548719212531,-0.146262981112084,-0.777456937945586,0.003,0.7934
"karachiBetaKDE",5e-04,10000,"0.05",46,0.87139537236811,1.29165837912114,-0.867304557210931,0.683625613298315,"escaped_inner",0.19548719212531,-0.146262981112084,-0.777456937945586,0.003,0.7934
"karachiBetaKDE",5e-04,10000,"0.05",46,0.856354046676824,1.23479223505399,-0.867304557210931,0.683625613298315,"escaped_inner",0.19548719212531,-0.146262981112084,-0.777456937945586,0.003,0.7934
"karachiBetaKDE",5e-04,10000,"0.05",46,0.839610207739494,1.12186118487145,-0.867304557210931,0.683625613298315,"escaped_inner",0.19548719212531,-0.146262981112084,-0.777456937945586,0.003,0.7934
"karachiBetaKDE",5e-04,10000,"0.05",46,0.821080728047109,1.04513794978659,-0.867304557210931,0.683625613298315,"escaped_inner",0.19548719212531,-0.146262981112084,-0.777456937945586,0.003,0.7934
"karachiBetaKDE",5e-04,10000,"0.05",46,0.800567701187619,1.08803576119028,-0.867304557210931,0.683625613298315,"escaped_inner",0.19548719212531,-0.146262981112084,-0.777456937945586,0.003,0.7934
"karachiBetaKDE",5e-04,10000,"0.05",46,0.777885607549507,1.10221541318217,-0.867304557210931,0.683625613298315,"escaped_inner",0.19548719212531,-0.146262981112084,-0.777456937945586,0.003,0.7934
"karachiBetaKDE",5e-04,10000,"0.05",46,0.752982458946362,1.02708247751652,-0.867304557210931,0.683625613298315,"escaped_inner",0.19548719212531,-0.146262981112084,-0.777456937945586,0.003,0.7934
"karachiBetaKDE",5e-04,10000,"0.05",46,0.725790234162741,0.954397363533666,-0.867304557210931,0.683625613298315,"escaped_inner",0.19548719212531,-0.146262981112084,-0.777456937945586,0.003,0.7934
"karachiBetaKDE",5e-04,10000,"0.05",46,0.69606561161469,0.901381261567743,-0.867304557210931,0.683625613298315,"escaped_inner",0.19548719212531,-0.146262981112084,-0.777456937945586,0.003,0.7934
"karachiBetaKDE",5e-04,10000,"0.05",46,0.663699698655259,0.783695557193582,-0.867304557210931,0.683625613298315,"escaped_inner",0.19548719212531,-0.146262981112084,-0.777456937945586,0.003,0.7934
"karachiBetaKDE",5e-04,10000,"0.05",46,0.629093271635229,0.711875637042998,-0.867304557210931,0.683625613298315,"escaped_inner",0.19548719212531,-0.146262981112084,-0.777456937945586,0.003,0.7934
"karachiBetaKDE",5e-04,10000,"0.05",46,0.592868808043879,0.610593317288292,-0.867304557210931,0.683625613298315,"covered",0.19548719212531,-0.146262981112084,-0.777456937945586,0.003,0.7934
"karachiBetaKDE",5e-04,10000,"0.05",46,0.555319981977444,0.667789380183572,-0.867304557210931,0.683625613298315,"covered",0.19548719212531,-0.146262981112084,-0.777456937945586,0.003,0.7934
"karachiBetaKDE",5e-04,10000,"0.05",46,0.51647843189623,0.617232803588418,-0.867304557210931,0.683625613298315,"covered",0.19548719212531,-0.146262981112084,-0.777456937945586,0.003,0.7934
"karachiBetaKDE",5e-04,10000,"0.05",46,0.476735140026402,0.539243678579504,-0.867304557210931,0.683625613298315,"covered",0.19548719212531,-0.146262981112084,-0.777456937945586,0.003,0.7934
"karachiBetaKDE",5e-04,10000,"0.05",46,0.436928695095447,0.559209427665258,-0.867304557210931,0.683625613298315,"covered",0.19548719212531,-0.146262981112084,-0.777456937945586,0.003,0.7934
"karachiBetaKDE",5e-04,10000,"0.05",46,0.397723723245424,0.48721940130462,-0.867304557210931,0.683625613298315,"covered",0.19548719212531,-0.146262981112084,-0.777456937945586,0.003,0.7934
"karachiBetaKDE",5e-04,10000,"0.05",46,0.359240914828636,0.43739506368683,-0.867304557210931,0.683625613298315,"covered",0.19548719212531,-0.146262981112084,-0.777456937945586,0.003,0.7934
"karachiBetaKDE",5e-04,10000,"0.05",46,0.321562845842307,0.29780168928286,-0.867304557210931,0.683625613298315,"covered",0.19548719212531,-0.146262981112084,-0.777456937945586,0.003,0.7934
"karachiBetaKDE",5e-04,10000,"0.05",46,0.285197981475766,0.317305399006802,-0.867304557210931,0.683625613298315,"covered",0.19548719212531,-0.146262981112084,-0.777456937945586,0.003,0.7934
"karachiBetaKDE",5e-04,10000,"0.05",46,0.250836215776904,0.338952322705906,-0.867304557210931,0.683625613298315,"covered",0.19548719212531,-0.146262981112084,-0.777456937945586,0.003,0.7934
"karachiBetaKDE",5e-04,10000,"0.05",46,0.219082914662495,0.248860057842592,-0.867304557210931,0.683625613298315,"covered",0.19548719212531,-0.146262981112084,-0.777456937945586,0.003,0.7934
"karachiBetaKDE",5e-04,10000,"0.05",46,0.190309773296301,0.270497466933442,-0.867304557210931,0.683625613298315,"covered",0.19548719212531,-0.146262981112084,-0.777456937945586,0.003,0.7934
"karachiBetaKDE",5e-04,10000,"0.05",46,0.164610609577326,0.284297583579727,-0.867304557210931,0.683625613298315,"covered",0.19548719212531,-0.146262981112084,-0.777456937945586,0.003,0.7934
"karachiBetaKDE",5e-04,10000,"0.05",46,0.141983640287116,0.241346192184687,-0.867304557210931,0.683625613298315,"covered",0.19548719212531,-0.146262981112084,-0.777456937945586,0.003,0.7934
"karachiBetaKDE",5e-04,10000,"0.05",46,0.122267432828818,0.213986640546068,-0.867304557210931,0.683625613298315,"covered",0.19548719212531,-0.146262981112084,-0.777456937945586,0.003,0.7934
"karachiBetaKDE",5e-04,10000,"0.05",46,0.104618038263181,0.217750303042924,-0.867304557210931,0.683625613298315,"covered",0.19548719212531,-0.146262981112084,-0.777456937945586,0.003,0.7934
"karachiBetaKDE",5e-04,10000,"0.05",46,0.0886383514543017,0.312749837708644,-0.867304557210931,0.683625613298315,"covered",0.19548719212531,-0.146262981112084,-0.777456937945586,0.003,0.7934
"karachiBetaKDE",5e-04,10000,"0.05",46,0.0748475445763621,0.348057104247298,-0.867304557210931,0.683625613298315,"covered",0.19548719212531,-0.146262981112084,-0.777456937945586,0.003,0.7934
"karachiBetaKDE",5e-04,10000,"0.05",46,0.06353753376898,0.474464181292481,-0.867304557210931,0.683625613298315,"covered",0.19548719212531,-0.146262981112084,-0.777456937945586,0.003,0.7934
"karachiBetaKDE",5e-04,10000,"0.05",46,0.0542627209029139,0.608522178166317,-0.867304557210931,0.683625613298315,"covered",0.19548719212531,-0.146262981112084,-0.777456937945586,0.003,0.7934
"karachiBetaKDE",5e-04,10000,"0.05",46,0.0464829494966246,0.861707840126325,-0.867304557210931,0.683625613298315,"escaped_inner",0.19548719212531,-0.146262981112084,-0.777456937945586,0.003,0.7934
"karachiBetaKDE",5e-04,10000,"0.05",46,0.0399020505287196,1.04173733337023,-0.867304557210931,0.683625613298315,"escaped_inner",0.19548719212531,-0.146262981112084,-0.777456937945586,0.003,0.7934
"karachiBetaKDE",5e-04,10000,"0.05",46,0.0342638781639597,1.24667149524508,-0.867304557210931,0.683625613298315,"escaped_inner",0.19548719212531,-0.146262981112084,-0.777456937945586,0.003,0.7934
"karachiBetaKDE",5e-04,10000,"0.05",46,0.029112520606684,1.41751421082846,-0.867304557210931,0.683625613298315,"escaped_inner",0.19548719212531,-0.146262981112084,-0.777456937945586,0.003,0.7934
"karachiBetaKDE",5e-04,10000,"0.05",46,0.0239701700290124,1.53239923466527,-0.867304557210931,0.683625613298315,"escaped_inner",0.19548719212531,-0.146262981112084,-0.777456937945586,0.003,0.7934
"karachiBetaKDE",5e-04,10000,"0.05",47,0.97891796945672,2.07246266961338,-0.808595749882733,0.643684937501516,"escaped_inner",0.189522268672935,-0.0857498703168975,-1.03120164661998,0.0055,0.9786
"karachiBetaKDE",5e-04,10000,"0.05",47,0.977147923248112,2.05875285608831,-0.808595749882733,0.643684937501516,"escaped_inner",0.189522268672935,-0.0857498703168975,-1.03120164661998,0.0055,0.9786
"karachiBetaKDE",5e-04,10000,"0.05",47,0.975392157375374,2.08604970054206,-0.808595749882733,0.643684937501516,"escaped_inner",0.189522268672935,-0.0857498703168975,-1.03120164661998,0.0055,0.9786
"karachiBetaKDE",5e-04,10000,"0.05",47,0.973728307066674,2.07422405573298,-0.808595749882733,0.643684937501516,"escaped_inner",0.189522268672935,-0.0857498703168975,-1.03120164661998,0.0055,0.9786
"karachiBetaKDE",5e-04,10000,"0.05",47,0.972148603393168,2.06690786130203,-0.808595749882733,0.643684937501516,"escaped_inner",0.189522268672935,-0.0857498703168975,-1.03120164661998,0.0055,0.9786
"karachiBetaKDE",5e-04,10000,"0.05",47,0.970556154699355,2.03914824113587,-0.808595749882733,0.643684937501516,"escaped_inner",0.189522268672935,-0.0857498703168975,-1.03120164661998,0.0055,0.9786
"karachiBetaKDE",5e-04,10000,"0.05",47,0.968823546619977,2.00092951992681,-0.808595749882733,0.643684937501516,"escaped_inner",0.189522268672935,-0.0857498703168975,-1.03120164661998,0.0055,0.9786
"karachiBetaKDE",5e-04,10000,"0.05",47,0.966856602335362,1.95661457372426,-0.808595749882733,0.643684937501516,"escaped_inner",0.189522268672935,-0.0857498703168975,-1.03120164661998,0.0055,0.9786
"karachiBetaKDE",5e-04,10000,"0.05",47,0.964584553599988,1.92742816399741,-0.808595749882733,0.643684937501516,"escaped_inner",0.189522268672935,-0.0857498703168975,-1.03120164661998,0.0055,0.9786
"karachiBetaKDE",5e-04,10000,"0.05",47,0.961904962533908,1.87508821573644,-0.808595749882733,0.643684937501516,"escaped_inner",0.189522268672935,-0.0857498703168975,-1.03120164661998,0.0055,0.9786
"karachiBetaKDE",5e-04,10000,"0.05",47,0.958671657270623,1.85524025667426,-0.808595749882733,0.643684937501516,"escaped_inner",0.189522268672935,-0.0857498703168975,-1.03120164661998,0.0055,0.9786
"karachiBetaKDE",5e-04,10000,"0.05",47,0.954760748875313,1.81226724699721,-0.808595749882733,0.643684937501516,"escaped_inner",0.189522268672935,-0.0857498703168975,-1.03120164661998,0.0055,0.9786
"karachiBetaKDE",5e-04,10000,"0.05",47,0.950123279437843,1.81430228701425,-0.808595749882733,0.643684937501516,"escaped_inner",0.189522268672935,-0.0857498703168975,-1.03120164661998,0.0055,0.9786
"karachiBetaKDE",5e-04,10000,"0.05",47,0.944774242698295,1.80076536977484,-0.808595749882733,0.643684937501516,"escaped_inner",0.189522268672935,-0.0857498703168975,-1.03120164661998,0.0055,0.9786
"karachiBetaKDE",5e-04,10000,"0.05",47,0.938744520641643,1.75007293567181,-0.808595749882733,0.643684937501516,"escaped_inner",0.189522268672935,-0.0857498703168975,-1.03120164661998,0.0055,0.9786
"karachiBetaKDE",5e-04,10000,"0.05",47,0.932033249415245,1.67043546605085,-0.808595749882733,0.643684937501516,"escaped_inner",0.189522268672935,-0.0857498703168975,-1.03120164661998,0.0055,0.9786
"karachiBetaKDE",5e-04,10000,"0.05",47,0.924586215878857,1.58864728634272,-0.808595749882733,0.643684937501516,"escaped_inner",0.189522268672935,-0.0857498703168975,-1.03120164661998,0.0055,0.9786
"karachiBetaKDE",5e-04,10000,"0.05",47,0.916299600528128,1.48807486649494,-0.808595749882733,0.643684937501516,"escaped_inner",0.189522268672935,-0.0857498703168975,-1.03120164661998,0.0055,0.9786
"karachiBetaKDE",5e-04,10000,"0.05",47,0.907026985009363,1.44083298393413,-0.808595749882733,0.643684937501516,"escaped_inner",0.189522268672935,-0.0857498703168975,-1.03120164661998,0.0055,0.9786
"karachiBetaKDE",5e-04,10000,"0.05",47,0.896586843613339,1.3666977566046,-0.808595749882733,0.643684937501516,"escaped_inner",0.189522268672935,-0.0857498703168975,-1.03120164661998,0.0055,0.9786
"karachiBetaKDE",5e-04,10000,"0.05",47,0.884771092114384,1.24010241395231,-0.808595749882733,0.643684937501516,"escaped_inner",0.189522268672935,-0.0857498703168975,-1.03120164661998,0.0055,0.9786
"karachiBetaKDE",5e-04,10000,"0.05",47,0.87139537236811,1.18607380804409,-0.808595749882733,0.643684937501516,"escaped_inner",0.189522268672935,-0.0857498703168975,-1.03120164661998,0.0055,0.9786
"karachiBetaKDE",5e-04,10000,"0.05",47,0.856354046676824,1.14358042577935,-0.808595749882733,0.643684937501516,"escaped_inner",0.189522268672935,-0.0857498703168975,-1.03120164661998,0.0055,0.9786
"karachiBetaKDE",5e-04,10000,"0.05",47,0.839610207739494,1.07334008052416,-0.808595749882733,0.643684937501516,"escaped_inner",0.189522268672935,-0.0857498703168975,-1.03120164661998,0.0055,0.9786
"karachiBetaKDE",5e-04,10000,"0.05",47,0.821080728047109,1.0000046662781,-0.808595749882733,0.643684937501516,"escaped_inner",0.189522268672935,-0.0857498703168975,-1.03120164661998,0.0055,0.9786
"karachiBetaKDE",5e-04,10000,"0.05",47,0.800567701187619,0.924886326033824,-0.808595749882733,0.643684937501516,"escaped_inner",0.189522268672935,-0.0857498703168975,-1.03120164661998,0.0055,0.9786
"karachiBetaKDE",5e-04,10000,"0.05",47,0.777885607549507,0.985876578128357,-0.808595749882733,0.643684937501516,"escaped_inner",0.189522268672935,-0.0857498703168975,-1.03120164661998,0.0055,0.9786
"karachiBetaKDE",5e-04,10000,"0.05",47,0.752982458946362,0.947078299561075,-0.808595749882733,0.643684937501516,"escaped_inner",0.189522268672935,-0.0857498703168975,-1.03120164661998,0.0055,0.9786
"karachiBetaKDE",5e-04,10000,"0.05",47,0.725790234162741,0.862039627297271,-0.808595749882733,0.643684937501516,"escaped_inner",0.189522268672935,-0.0857498703168975,-1.03120164661998,0.0055,0.9786
"karachiBetaKDE",5e-04,10000,"0.05",47,0.69606561161469,0.768236847099016,-0.808595749882733,0.643684937501516,"escaped_inner",0.189522268672935,-0.0857498703168975,-1.03120164661998,0.0055,0.9786
"karachiBetaKDE",5e-04,10000,"0.05",47,0.663699698655259,0.699264823516881,-0.808595749882733,0.643684937501516,"escaped_inner",0.189522268672935,-0.0857498703168975,-1.03120164661998,0.0055,0.9786
"karachiBetaKDE",5e-04,10000,"0.05",47,0.629093271635229,0.652743361187024,-0.808595749882733,0.643684937501516,"escaped_inner",0.189522268672935,-0.0857498703168975,-1.03120164661998,0.0055,0.9786
"karachiBetaKDE",5e-04,10000,"0.05",47,0.592868808043879,0.552772502022885,-0.808595749882733,0.643684937501516,"covered",0.189522268672935,-0.0857498703168975,-1.03120164661998,0.0055,0.9786
"karachiBetaKDE",5e-04,10000,"0.05",47,0.555319981977444,0.464847460459364,-0.808595749882733,0.643684937501516,"covered",0.189522268672935,-0.0857498703168975,-1.03120164661998,0.0055,0.9786
"karachiBetaKDE",5e-04,10000,"0.05",47,0.51647843189623,0.378259401639611,-0.808595749882733,0.643684937501516,"covered",0.189522268672935,-0.0857498703168975,-1.03120164661998,0.0055,0.9786
"karachiBetaKDE",5e-04,10000,"0.05",47,0.476735140026402,0.311519252105111,-0.808595749882733,0.643684937501516,"covered",0.189522268672935,-0.0857498703168975,-1.03120164661998,0.0055,0.9786
"karachiBetaKDE",5e-04,10000,"0.05",47,0.436928695095447,0.296411052449648,-0.808595749882733,0.643684937501516,"covered",0.189522268672935,-0.0857498703168975,-1.03120164661998,0.0055,0.9786
"karachiBetaKDE",5e-04,10000,"0.05",47,0.397723723245424,0.391706924622575,-0.808595749882733,0.643684937501516,"covered",0.189522268672935,-0.0857498703168975,-1.03120164661998,0.0055,0.9786
"karachiBetaKDE",5e-04,10000,"0.05",47,0.359240914828636,0.322610112646758,-0.808595749882733,0.643684937501516,"covered",0.189522268672935,-0.0857498703168975,-1.03120164661998,0.0055,0.9786
"karachiBetaKDE",5e-04,10000,"0.05",47,0.321562845842307,0.203512162851252,-0.808595749882733,0.643684937501516,"covered",0.189522268672935,-0.0857498703168975,-1.03120164661998,0.0055,0.9786
"karachiBetaKDE",5e-04,10000,"0.05",47,0.285197981475766,0.153403306193137,-0.808595749882733,0.643684937501516,"covered",0.189522268672935,-0.0857498703168975,-1.03120164661998,0.0055,0.9786
"karachiBetaKDE",5e-04,10000,"0.05",47,0.250836215776904,0.209703434601488,-0.808595749882733,0.643684937501516,"covered",0.189522268672935,-0.0857498703168975,-1.03120164661998,0.0055,0.9786
"karachiBetaKDE",5e-04,10000,"0.05",47,0.219082914662495,0.283690833200434,-0.808595749882733,0.643684937501516,"covered",0.189522268672935,-0.0857498703168975,-1.03120164661998,0.0055,0.9786
"karachiBetaKDE",5e-04,10000,"0.05",47,0.190309773296301,0.321707435396867,-0.808595749882733,0.643684937501516,"covered",0.189522268672935,-0.0857498703168975,-1.03120164661998,0.0055,0.9786
"karachiBetaKDE",5e-04,10000,"0.05",47,0.164610609577326,0.318546932660391,-0.808595749882733,0.643684937501516,"covered",0.189522268672935,-0.0857498703168975,-1.03120164661998,0.0055,0.9786
"karachiBetaKDE",5e-04,10000,"0.05",47,0.141983640287116,0.359429999782236,-0.808595749882733,0.643684937501516,"covered",0.189522268672935,-0.0857498703168975,-1.03120164661998,0.0055,0.9786
"karachiBetaKDE",5e-04,10000,"0.05",47,0.122267432828818,0.347024839432928,-0.808595749882733,0.643684937501516,"covered",0.189522268672935,-0.0857498703168975,-1.03120164661998,0.0055,0.9786
"karachiBetaKDE",5e-04,10000,"0.05",47,0.104618038263181,0.26398784193573,-0.808595749882733,0.643684937501516,"covered",0.189522268672935,-0.0857498703168975,-1.03120164661998,0.0055,0.9786
"karachiBetaKDE",5e-04,10000,"0.05",47,0.0886383514543017,0.288502037520259,-0.808595749882733,0.643684937501516,"covered",0.189522268672935,-0.0857498703168975,-1.03120164661998,0.0055,0.9786
"karachiBetaKDE",5e-04,10000,"0.05",47,0.0748475445763621,0.255669679541592,-0.808595749882733,0.643684937501516,"covered",0.189522268672935,-0.0857498703168975,-1.03120164661998,0.0055,0.9786
"karachiBetaKDE",5e-04,10000,"0.05",47,0.06353753376898,0.356432636413441,-0.808595749882733,0.643684937501516,"covered",0.189522268672935,-0.0857498703168975,-1.03120164661998,0.0055,0.9786
"karachiBetaKDE",5e-04,10000,"0.05",47,0.0542627209029139,0.501577672939873,-0.808595749882733,0.643684937501516,"covered",0.189522268672935,-0.0857498703168975,-1.03120164661998,0.0055,0.9786
"karachiBetaKDE",5e-04,10000,"0.05",47,0.0464829494966246,0.701936005509706,-0.808595749882733,0.643684937501516,"escaped_inner",0.189522268672935,-0.0857498703168975,-1.03120164661998,0.0055,0.9786
"karachiBetaKDE",5e-04,10000,"0.05",47,0.0399020505287196,0.90648565731118,-0.808595749882733,0.643684937501516,"escaped_inner",0.189522268672935,-0.0857498703168975,-1.03120164661998,0.0055,0.9786
"karachiBetaKDE",5e-04,10000,"0.05",47,0.0342638781639597,1.16902847454028,-0.808595749882733,0.643684937501516,"escaped_inner",0.189522268672935,-0.0857498703168975,-1.03120164661998,0.0055,0.9786
"karachiBetaKDE",5e-04,10000,"0.05",47,0.029112520606684,1.36395445921232,-0.808595749882733,0.643684937501516,"escaped_inner",0.189522268672935,-0.0857498703168975,-1.03120164661998,0.0055,0.9786
"karachiBetaKDE",5e-04,10000,"0.05",47,0.0239701700290124,1.41297289877453,-0.808595749882733,0.643684937501516,"escaped_inner",0.189522268672935,-0.0857498703168975,-1.03120164661998,0.0055,0.9786
"karachiBetaKDE",5e-04,10000,"0.05",48,0.97891796945672,2.18331822476426,-0.92976596151938,0.736282340735637,"escaped_inner",0.189346686608961,-0.163103333720327,-1.07723572722673,0.005,0.9742
"karachiBetaKDE",5e-04,10000,"0.05",48,0.977147923248112,2.18066127349401,-0.92976596151938,0.736282340735637,"escaped_inner",0.189346686608961,-0.163103333720327,-1.07723572722673,0.005,0.9742
"karachiBetaKDE",5e-04,10000,"0.05",48,0.975392157375374,2.17145884057826,-0.92976596151938,0.736282340735637,"escaped_inner",0.189346686608961,-0.163103333720327,-1.07723572722673,0.005,0.9742
"karachiBetaKDE",5e-04,10000,"0.05",48,0.973728307066674,2.13508183161644,-0.92976596151938,0.736282340735637,"escaped_inner",0.189346686608961,-0.163103333720327,-1.07723572722673,0.005,0.9742
"karachiBetaKDE",5e-04,10000,"0.05",48,0.972148603393168,2.15304009122375,-0.92976596151938,0.736282340735637,"escaped_inner",0.189346686608961,-0.163103333720327,-1.07723572722673,0.005,0.9742
"karachiBetaKDE",5e-04,10000,"0.05",48,0.970556154699355,2.12590460264082,-0.92976596151938,0.736282340735637,"escaped_inner",0.189346686608961,-0.163103333720327,-1.07723572722673,0.005,0.9742
"karachiBetaKDE",5e-04,10000,"0.05",48,0.968823546619977,2.12507742636516,-0.92976596151938,0.736282340735637,"escaped_inner",0.189346686608961,-0.163103333720327,-1.07723572722673,0.005,0.9742
"karachiBetaKDE",5e-04,10000,"0.05",48,0.966856602335362,2.07701176017964,-0.92976596151938,0.736282340735637,"escaped_inner",0.189346686608961,-0.163103333720327,-1.07723572722673,0.005,0.9742
"karachiBetaKDE",5e-04,10000,"0.05",48,0.964584553599988,2.07626457320531,-0.92976596151938,0.736282340735637,"escaped_inner",0.189346686608961,-0.163103333720327,-1.07723572722673,0.005,0.9742
"karachiBetaKDE",5e-04,10000,"0.05",48,0.961904962533908,2.03562621941655,-0.92976596151938,0.736282340735637,"escaped_inner",0.189346686608961,-0.163103333720327,-1.07723572722673,0.005,0.9742
"karachiBetaKDE",5e-04,10000,"0.05",48,0.958671657270623,1.98740899247468,-0.92976596151938,0.736282340735637,"escaped_inner",0.189346686608961,-0.163103333720327,-1.07723572722673,0.005,0.9742
"karachiBetaKDE",5e-04,10000,"0.05",48,0.954760748875313,1.95314349808974,-0.92976596151938,0.736282340735637,"escaped_inner",0.189346686608961,-0.163103333720327,-1.07723572722673,0.005,0.9742
"karachiBetaKDE",5e-04,10000,"0.05",48,0.950123279437843,1.92990312043161,-0.92976596151938,0.736282340735637,"escaped_inner",0.189346686608961,-0.163103333720327,-1.07723572722673,0.005,0.9742
"karachiBetaKDE",5e-04,10000,"0.05",48,0.944774242698295,1.89188352529611,-0.92976596151938,0.736282340735637,"escaped_inner",0.189346686608961,-0.163103333720327,-1.07723572722673,0.005,0.9742
"karachiBetaKDE",5e-04,10000,"0.05",48,0.938744520641643,1.79739085086578,-0.92976596151938,0.736282340735637,"escaped_inner",0.189346686608961,-0.163103333720327,-1.07723572722673,0.005,0.9742
"karachiBetaKDE",5e-04,10000,"0.05",48,0.932033249415245,1.7104105602556,-0.92976596151938,0.736282340735637,"escaped_inner",0.189346686608961,-0.163103333720327,-1.07723572722673,0.005,0.9742
"karachiBetaKDE",5e-04,10000,"0.05",48,0.924586215878857,1.59002980263179,-0.92976596151938,0.736282340735637,"escaped_inner",0.189346686608961,-0.163103333720327,-1.07723572722673,0.005,0.9742
"karachiBetaKDE",5e-04,10000,"0.05",48,0.916299600528128,1.50600285318612,-0.92976596151938,0.736282340735637,"escaped_inner",0.189346686608961,-0.163103333720327,-1.07723572722673,0.005,0.9742
"karachiBetaKDE",5e-04,10000,"0.05",48,0.907026985009363,1.39386959622469,-0.92976596151938,0.736282340735637,"escaped_inner",0.189346686608961,-0.163103333720327,-1.07723572722673,0.005,0.9742
"karachiBetaKDE",5e-04,10000,"0.05",48,0.896586843613339,1.30792696689226,-0.92976596151938,0.736282340735637,"escaped_inner",0.189346686608961,-0.163103333720327,-1.07723572722673,0.005,0.9742
"karachiBetaKDE",5e-04,10000,"0.05",48,0.884771092114384,1.24314553225154,-0.92976596151938,0.736282340735637,"escaped_inner",0.189346686608961,-0.163103333720327,-1.07723572722673,0.005,0.9742
"karachiBetaKDE",5e-04,10000,"0.05",48,0.87139537236811,1.1374605578395,-0.92976596151938,0.736282340735637,"escaped_inner",0.189346686608961,-0.163103333720327,-1.07723572722673,0.005,0.9742
"karachiBetaKDE",5e-04,10000,"0.05",48,0.856354046676824,1.08616141690808,-0.92976596151938,0.736282340735637,"escaped_inner",0.189346686608961,-0.163103333720327,-1.07723572722673,0.005,0.9742
"karachiBetaKDE",5e-04,10000,"0.05",48,0.839610207739494,1.04909820424074,-0.92976596151938,0.736282340735637,"escaped_inner",0.189346686608961,-0.163103333720327,-1.07723572722673,0.005,0.9742
"karachiBetaKDE",5e-04,10000,"0.05",48,0.821080728047109,1.03630953070281,-0.92976596151938,0.736282340735637,"escaped_inner",0.189346686608961,-0.163103333720327,-1.07723572722673,0.005,0.9742
"karachiBetaKDE",5e-04,10000,"0.05",48,0.800567701187619,1.04839537643431,-0.92976596151938,0.736282340735637,"escaped_inner",0.189346686608961,-0.163103333720327,-1.07723572722673,0.005,0.9742
"karachiBetaKDE",5e-04,10000,"0.05",48,0.777885607549507,1.06700290722598,-0.92976596151938,0.736282340735637,"escaped_inner",0.189346686608961,-0.163103333720327,-1.07723572722673,0.005,0.9742
"karachiBetaKDE",5e-04,10000,"0.05",48,0.752982458946362,1.06571526590769,-0.92976596151938,0.736282340735637,"escaped_inner",0.189346686608961,-0.163103333720327,-1.07723572722673,0.005,0.9742
"karachiBetaKDE",5e-04,10000,"0.05",48,0.725790234162741,0.957290866509344,-0.92976596151938,0.736282340735637,"escaped_inner",0.189346686608961,-0.163103333720327,-1.07723572722673,0.005,0.9742
"karachiBetaKDE",5e-04,10000,"0.05",48,0.69606561161469,0.881092172865897,-0.92976596151938,0.736282340735637,"escaped_inner",0.189346686608961,-0.163103333720327,-1.07723572722673,0.005,0.9742
"karachiBetaKDE",5e-04,10000,"0.05",48,0.663699698655259,0.799997048416115,-0.92976596151938,0.736282340735637,"escaped_inner",0.189346686608961,-0.163103333720327,-1.07723572722673,0.005,0.9742
"karachiBetaKDE",5e-04,10000,"0.05",48,0.629093271635229,0.666420244898378,-0.92976596151938,0.736282340735637,"covered",0.189346686608961,-0.163103333720327,-1.07723572722673,0.005,0.9742
"karachiBetaKDE",5e-04,10000,"0.05",48,0.592868808043879,0.633005793761595,-0.92976596151938,0.736282340735637,"covered",0.189346686608961,-0.163103333720327,-1.07723572722673,0.005,0.9742
"karachiBetaKDE",5e-04,10000,"0.05",48,0.555319981977444,0.522176939682611,-0.92976596151938,0.736282340735637,"covered",0.189346686608961,-0.163103333720327,-1.07723572722673,0.005,0.9742
"karachiBetaKDE",5e-04,10000,"0.05",48,0.51647843189623,0.469956667425883,-0.92976596151938,0.736282340735637,"covered",0.189346686608961,-0.163103333720327,-1.07723572722673,0.005,0.9742
"karachiBetaKDE",5e-04,10000,"0.05",48,0.476735140026402,0.478335118042545,-0.92976596151938,0.736282340735637,"covered",0.189346686608961,-0.163103333720327,-1.07723572722673,0.005,0.9742
"karachiBetaKDE",5e-04,10000,"0.05",48,0.436928695095447,0.467701747276927,-0.92976596151938,0.736282340735637,"covered",0.189346686608961,-0.163103333720327,-1.07723572722673,0.005,0.9742
"karachiBetaKDE",5e-04,10000,"0.05",48,0.397723723245424,0.365610013398414,-0.92976596151938,0.736282340735637,"covered",0.189346686608961,-0.163103333720327,-1.07723572722673,0.005,0.9742
"karachiBetaKDE",5e-04,10000,"0.05",48,0.359240914828636,0.274772401468391,-0.92976596151938,0.736282340735637,"covered",0.189346686608961,-0.163103333720327,-1.07723572722673,0.005,0.9742
"karachiBetaKDE",5e-04,10000,"0.05",48,0.321562845842307,0.146812771204286,-0.92976596151938,0.736282340735637,"covered",0.189346686608961,-0.163103333720327,-1.07723572722673,0.005,0.9742
"karachiBetaKDE",5e-04,10000,"0.05",48,0.285197981475766,0.107390763899822,-0.92976596151938,0.736282340735637,"covered",0.189346686608961,-0.163103333720327,-1.07723572722673,0.005,0.9742
"karachiBetaKDE",5e-04,10000,"0.05",48,0.250836215776904,0.133082509866446,-0.92976596151938,0.736282340735637,"covered",0.189346686608961,-0.163103333720327,-1.07723572722673,0.005,0.9742
"karachiBetaKDE",5e-04,10000,"0.05",48,0.219082914662495,0.215349576449927,-0.92976596151938,0.736282340735637,"covered",0.189346686608961,-0.163103333720327,-1.07723572722673,0.005,0.9742
"karachiBetaKDE",5e-04,10000,"0.05",48,0.190309773296301,0.262058593422592,-0.92976596151938,0.736282340735637,"covered",0.189346686608961,-0.163103333720327,-1.07723572722673,0.005,0.9742
"karachiBetaKDE",5e-04,10000,"0.05",48,0.164610609577326,0.189796800893874,-0.92976596151938,0.736282340735637,"covered",0.189346686608961,-0.163103333720327,-1.07723572722673,0.005,0.9742
"karachiBetaKDE",5e-04,10000,"0.05",48,0.141983640287116,0.155421571066645,-0.92976596151938,0.736282340735637,"covered",0.189346686608961,-0.163103333720327,-1.07723572722673,0.005,0.9742
"karachiBetaKDE",5e-04,10000,"0.05",48,0.122267432828818,0.126748939544521,-0.92976596151938,0.736282340735637,"covered",0.189346686608961,-0.163103333720327,-1.07723572722673,0.005,0.9742
"karachiBetaKDE",5e-04,10000,"0.05",48,0.104618038263181,0.211604753172838,-0.92976596151938,0.736282340735637,"covered",0.189346686608961,-0.163103333720327,-1.07723572722673,0.005,0.9742
"karachiBetaKDE",5e-04,10000,"0.05",48,0.0886383514543017,0.263392853237245,-0.92976596151938,0.736282340735637,"covered",0.189346686608961,-0.163103333720327,-1.07723572722673,0.005,0.9742
"karachiBetaKDE",5e-04,10000,"0.05",48,0.0748475445763621,0.247699674821447,-0.92976596151938,0.736282340735637,"covered",0.189346686608961,-0.163103333720327,-1.07723572722673,0.005,0.9742
"karachiBetaKDE",5e-04,10000,"0.05",48,0.06353753376898,0.284288234184186,-0.92976596151938,0.736282340735637,"covered",0.189346686608961,-0.163103333720327,-1.07723572722673,0.005,0.9742
"karachiBetaKDE",5e-04,10000,"0.05",48,0.0542627209029139,0.4482818518364,-0.92976596151938,0.736282340735637,"covered",0.189346686608961,-0.163103333720327,-1.07723572722673,0.005,0.9742
"karachiBetaKDE",5e-04,10000,"0.05",48,0.0464829494966246,0.658632750609261,-0.92976596151938,0.736282340735637,"covered",0.189346686608961,-0.163103333720327,-1.07723572722673,0.005,0.9742
"karachiBetaKDE",5e-04,10000,"0.05",48,0.0399020505287196,0.932817940592377,-0.92976596151938,0.736282340735637,"escaped_inner",0.189346686608961,-0.163103333720327,-1.07723572722673,0.005,0.9742
"karachiBetaKDE",5e-04,10000,"0.05",48,0.0342638781639597,1.14734526422265,-0.92976596151938,0.736282340735637,"escaped_inner",0.189346686608961,-0.163103333720327,-1.07723572722673,0.005,0.9742
"karachiBetaKDE",5e-04,10000,"0.05",48,0.029112520606684,1.32860283751175,-0.92976596151938,0.736282340735637,"escaped_inner",0.189346686608961,-0.163103333720327,-1.07723572722673,0.005,0.9742
"karachiBetaKDE",5e-04,10000,"0.05",48,0.0239701700290124,1.4437346572241,-0.92976596151938,0.736282340735637,"escaped_inner",0.189346686608961,-0.163103333720327,-1.07723572722673,0.005,0.9742
"karachiBetaKDE",5e-04,10000,"0.05",49,0.97891796945672,2.07979340638428,-0.964896627387448,0.753485759021155,"escaped_inner",0.165579433449173,-0.206049453703961,-0.845270586119784,0.0042,0.689
"karachiBetaKDE",5e-04,10000,"0.05",49,0.977147923248112,2.08648478284384,-0.964896627387448,0.753485759021155,"escaped_inner",0.165579433449173,-0.206049453703961,-0.845270586119784,0.0042,0.689
"karachiBetaKDE",5e-04,10000,"0.05",49,0.975392157375374,2.0851424254326,-0.964896627387448,0.753485759021155,"escaped_inner",0.165579433449173,-0.206049453703961,-0.845270586119784,0.0042,0.689
"karachiBetaKDE",5e-04,10000,"0.05",49,0.973728307066674,2.06069141519055,-0.964896627387448,0.753485759021155,"escaped_inner",0.165579433449173,-0.206049453703961,-0.845270586119784,0.0042,0.689
"karachiBetaKDE",5e-04,10000,"0.05",49,0.972148603393168,2.03411864515476,-0.964896627387448,0.753485759021155,"escaped_inner",0.165579433449173,-0.206049453703961,-0.845270586119784,0.0042,0.689
"karachiBetaKDE",5e-04,10000,"0.05",49,0.970556154699355,1.97173229567595,-0.964896627387448,0.753485759021155,"escaped_inner",0.165579433449173,-0.206049453703961,-0.845270586119784,0.0042,0.689
"karachiBetaKDE",5e-04,10000,"0.05",49,0.968823546619977,1.92042311478168,-0.964896627387448,0.753485759021155,"escaped_inner",0.165579433449173,-0.206049453703961,-0.845270586119784,0.0042,0.689
"karachiBetaKDE",5e-04,10000,"0.05",49,0.966856602335362,1.86536300509226,-0.964896627387448,0.753485759021155,"escaped_inner",0.165579433449173,-0.206049453703961,-0.845270586119784,0.0042,0.689
"karachiBetaKDE",5e-04,10000,"0.05",49,0.964584553599988,1.8242540707752,-0.964896627387448,0.753485759021155,"escaped_inner",0.165579433449173,-0.206049453703961,-0.845270586119784,0.0042,0.689
"karachiBetaKDE",5e-04,10000,"0.05",49,0.961904962533908,1.75058888883646,-0.964896627387448,0.753485759021155,"escaped_inner",0.165579433449173,-0.206049453703961,-0.845270586119784,0.0042,0.689
"karachiBetaKDE",5e-04,10000,"0.05",49,0.958671657270623,1.73337704093045,-0.964896627387448,0.753485759021155,"escaped_inner",0.165579433449173,-0.206049453703961,-0.845270586119784,0.0042,0.689
"karachiBetaKDE",5e-04,10000,"0.05",49,0.954760748875313,1.71204458492028,-0.964896627387448,0.753485759021155,"escaped_inner",0.165579433449173,-0.206049453703961,-0.845270586119784,0.0042,0.689
"karachiBetaKDE",5e-04,10000,"0.05",49,0.950123279437843,1.6950791284986,-0.964896627387448,0.753485759021155,"escaped_inner",0.165579433449173,-0.206049453703961,-0.845270586119784,0.0042,0.689
"karachiBetaKDE",5e-04,10000,"0.05",49,0.944774242698295,1.60084736282403,-0.964896627387448,0.753485759021155,"escaped_inner",0.165579433449173,-0.206049453703961,-0.845270586119784,0.0042,0.689
"karachiBetaKDE",5e-04,10000,"0.05",49,0.938744520641643,1.53521795800141,-0.964896627387448,0.753485759021155,"escaped_inner",0.165579433449173,-0.206049453703961,-0.845270586119784,0.0042,0.689
"karachiBetaKDE",5e-04,10000,"0.05",49,0.932033249415245,1.43950989417926,-0.964896627387448,0.753485759021155,"escaped_inner",0.165579433449173,-0.206049453703961,-0.845270586119784,0.0042,0.689
"karachiBetaKDE",5e-04,10000,"0.05",49,0.924586215878857,1.38447467931865,-0.964896627387448,0.753485759021155,"escaped_inner",0.165579433449173,-0.206049453703961,-0.845270586119784,0.0042,0.689
"karachiBetaKDE",5e-04,10000,"0.05",49,0.916299600528128,1.3454331569947,-0.964896627387448,0.753485759021155,"escaped_inner",0.165579433449173,-0.206049453703961,-0.845270586119784,0.0042,0.689
"karachiBetaKDE",5e-04,10000,"0.05",49,0.907026985009363,1.27226071204302,-0.964896627387448,0.753485759021155,"escaped_inner",0.165579433449173,-0.206049453703961,-0.845270586119784,0.0042,0.689
"karachiBetaKDE",5e-04,10000,"0.05",49,0.896586843613339,1.16480482369805,-0.964896627387448,0.753485759021155,"escaped_inner",0.165579433449173,-0.206049453703961,-0.845270586119784,0.0042,0.689
"karachiBetaKDE",5e-04,10000,"0.05",49,0.884771092114384,1.14787052178912,-0.964896627387448,0.753485759021155,"escaped_inner",0.165579433449173,-0.206049453703961,-0.845270586119784,0.0042,0.689
"karachiBetaKDE",5e-04,10000,"0.05",49,0.87139537236811,1.01137977367001,-0.964896627387448,0.753485759021155,"escaped_inner",0.165579433449173,-0.206049453703961,-0.845270586119784,0.0042,0.689
"karachiBetaKDE",5e-04,10000,"0.05",49,0.856354046676824,0.979721535468776,-0.964896627387448,0.753485759021155,"escaped_inner",0.165579433449173,-0.206049453703961,-0.845270586119784,0.0042,0.689
"karachiBetaKDE",5e-04,10000,"0.05",49,0.839610207739494,0.852016440825497,-0.964896627387448,0.753485759021155,"escaped_inner",0.165579433449173,-0.206049453703961,-0.845270586119784,0.0042,0.689
"karachiBetaKDE",5e-04,10000,"0.05",49,0.821080728047109,0.761637356190321,-0.964896627387448,0.753485759021155,"escaped_inner",0.165579433449173,-0.206049453703961,-0.845270586119784,0.0042,0.689
"karachiBetaKDE",5e-04,10000,"0.05",49,0.800567701187619,0.765108996730786,-0.964896627387448,0.753485759021155,"escaped_inner",0.165579433449173,-0.206049453703961,-0.845270586119784,0.0042,0.689
"karachiBetaKDE",5e-04,10000,"0.05",49,0.777885607549507,0.66064584233007,-0.964896627387448,0.753485759021155,"covered",0.165579433449173,-0.206049453703961,-0.845270586119784,0.0042,0.689
"karachiBetaKDE",5e-04,10000,"0.05",49,0.752982458946362,0.573453455701632,-0.964896627387448,0.753485759021155,"covered",0.165579433449173,-0.206049453703961,-0.845270586119784,0.0042,0.689
"karachiBetaKDE",5e-04,10000,"0.05",49,0.725790234162741,0.582628175658417,-0.964896627387448,0.753485759021155,"covered",0.165579433449173,-0.206049453703961,-0.845270586119784,0.0042,0.689
"karachiBetaKDE",5e-04,10000,"0.05",49,0.69606561161469,0.553341388315449,-0.964896627387448,0.753485759021155,"covered",0.165579433449173,-0.206049453703961,-0.845270586119784,0.0042,0.689
"karachiBetaKDE",5e-04,10000,"0.05",49,0.663699698655259,0.539510385793303,-0.964896627387448,0.753485759021155,"covered",0.165579433449173,-0.206049453703961,-0.845270586119784,0.0042,0.689
"karachiBetaKDE",5e-04,10000,"0.05",49,0.629093271635229,0.430345290355362,-0.964896627387448,0.753485759021155,"covered",0.165579433449173,-0.206049453703961,-0.845270586119784,0.0042,0.689
"karachiBetaKDE",5e-04,10000,"0.05",49,0.592868808043879,0.227366033875924,-0.964896627387448,0.753485759021155,"covered",0.165579433449173,-0.206049453703961,-0.845270586119784,0.0042,0.689
"karachiBetaKDE",5e-04,10000,"0.05",49,0.555319981977444,0.211410462780485,-0.964896627387448,0.753485759021155,"covered",0.165579433449173,-0.206049453703961,-0.845270586119784,0.0042,0.689
"karachiBetaKDE",5e-04,10000,"0.05",49,0.51647843189623,0.188368293569211,-0.964896627387448,0.753485759021155,"covered",0.165579433449173,-0.206049453703961,-0.845270586119784,0.0042,0.689
"karachiBetaKDE",5e-04,10000,"0.05",49,0.476735140026402,0.0169412381184774,-0.964896627387448,0.753485759021155,"covered",0.165579433449173,-0.206049453703961,-0.845270586119784,0.0042,0.689
"karachiBetaKDE",5e-04,10000,"0.05",49,0.436928695095447,-0.0476150727435368,-0.964896627387448,0.753485759021155,"covered",0.165579433449173,-0.206049453703961,-0.845270586119784,0.0042,0.689
"karachiBetaKDE",5e-04,10000,"0.05",49,0.397723723245424,-0.0721892803648462,-0.964896627387448,0.753485759021155,"covered",0.165579433449173,-0.206049453703961,-0.845270586119784,0.0042,0.689
"karachiBetaKDE",5e-04,10000,"0.05",49,0.359240914828636,-0.0155968082069892,-0.964896627387448,0.753485759021155,"covered",0.165579433449173,-0.206049453703961,-0.845270586119784,0.0042,0.689
"karachiBetaKDE",5e-04,10000,"0.05",49,0.321562845842307,-0.168370686554709,-0.964896627387448,0.753485759021155,"covered",0.165579433449173,-0.206049453703961,-0.845270586119784,0.0042,0.689
"karachiBetaKDE",5e-04,10000,"0.05",49,0.285197981475766,-0.282623881824412,-0.964896627387448,0.753485759021155,"covered",0.165579433449173,-0.206049453703961,-0.845270586119784,0.0042,0.689
"karachiBetaKDE",5e-04,10000,"0.05",49,0.250836215776904,-0.250406812995937,-0.964896627387448,0.753485759021155,"covered",0.165579433449173,-0.206049453703961,-0.845270586119784,0.0042,0.689
"karachiBetaKDE",5e-04,10000,"0.05",49,0.219082914662495,-0.27066793598123,-0.964896627387448,0.753485759021155,"covered",0.165579433449173,-0.206049453703961,-0.845270586119784,0.0042,0.689
"karachiBetaKDE",5e-04,10000,"0.05",49,0.190309773296301,-0.183181003960974,-0.964896627387448,0.753485759021155,"covered",0.165579433449173,-0.206049453703961,-0.845270586119784,0.0042,0.689
"karachiBetaKDE",5e-04,10000,"0.05",49,0.164610609577326,-0.0451737176760746,-0.964896627387448,0.753485759021155,"covered",0.165579433449173,-0.206049453703961,-0.845270586119784,0.0042,0.689
"karachiBetaKDE",5e-04,10000,"0.05",49,0.141983640287116,-0.0227174973581274,-0.964896627387448,0.753485759021155,"covered",0.165579433449173,-0.206049453703961,-0.845270586119784,0.0042,0.689
"karachiBetaKDE",5e-04,10000,"0.05",49,0.122267432828818,-0.0113118887958529,-0.964896627387448,0.753485759021155,"covered",0.165579433449173,-0.206049453703961,-0.845270586119784,0.0042,0.689
"karachiBetaKDE",5e-04,10000,"0.05",49,0.104618038263181,-0.0340086760850633,-0.964896627387448,0.753485759021155,"covered",0.165579433449173,-0.206049453703961,-0.845270586119784,0.0042,0.689
"karachiBetaKDE",5e-04,10000,"0.05",49,0.0886383514543017,-0.0936763761688929,-0.964896627387448,0.753485759021155,"covered",0.165579433449173,-0.206049453703961,-0.845270586119784,0.0042,0.689
"karachiBetaKDE",5e-04,10000,"0.05",49,0.0748475445763621,-0.121801632371056,-0.964896627387448,0.753485759021155,"covered",0.165579433449173,-0.206049453703961,-0.845270586119784,0.0042,0.689
"karachiBetaKDE",5e-04,10000,"0.05",49,0.06353753376898,0.0337563402714327,-0.964896627387448,0.753485759021155,"covered",0.165579433449173,-0.206049453703961,-0.845270586119784,0.0042,0.689
"karachiBetaKDE",5e-04,10000,"0.05",49,0.0542627209029139,0.230764499516477,-0.964896627387448,0.753485759021155,"covered",0.165579433449173,-0.206049453703961,-0.845270586119784,0.0042,0.689
"karachiBetaKDE",5e-04,10000,"0.05",49,0.0464829494966246,0.47113783159429,-0.964896627387448,0.753485759021155,"covered",0.165579433449173,-0.206049453703961,-0.845270586119784,0.0042,0.689
"karachiBetaKDE",5e-04,10000,"0.05",49,0.0399020505287196,0.621795328742311,-0.964896627387448,0.753485759021155,"covered",0.165579433449173,-0.206049453703961,-0.845270586119784,0.0042,0.689
"karachiBetaKDE",5e-04,10000,"0.05",49,0.0342638781639597,0.870547034661581,-0.964896627387448,0.753485759021155,"escaped_inner",0.165579433449173,-0.206049453703961,-0.845270586119784,0.0042,0.689
"karachiBetaKDE",5e-04,10000,"0.05",49,0.029112520606684,1.05429180064702,-0.964896627387448,0.753485759021155,"escaped_inner",0.165579433449173,-0.206049453703961,-0.845270586119784,0.0042,0.689
"karachiBetaKDE",5e-04,10000,"0.05",49,0.0239701700290124,1.16106197656112,-0.964896627387448,0.753485759021155,"escaped_inner",0.165579433449173,-0.206049453703961,-0.845270586119784,0.0042,0.689
"karachiBetaKDE",5e-04,10000,"0.05",50,0.97891796945672,2.1428135927727,-0.88585328387961,0.71048825521059,"escaped_inner",0.187617410045346,-0.190190145395561,-1.15104633793886,0.0092,0.9918
"karachiBetaKDE",5e-04,10000,"0.05",50,0.977147923248112,2.16030449723985,-0.88585328387961,0.71048825521059,"escaped_inner",0.187617410045346,-0.190190145395561,-1.15104633793886,0.0092,0.9918
"karachiBetaKDE",5e-04,10000,"0.05",50,0.975392157375374,2.13980343883482,-0.88585328387961,0.71048825521059,"escaped_inner",0.187617410045346,-0.190190145395561,-1.15104633793886,0.0092,0.9918
"karachiBetaKDE",5e-04,10000,"0.05",50,0.973728307066674,2.1373369772507,-0.88585328387961,0.71048825521059,"escaped_inner",0.187617410045346,-0.190190145395561,-1.15104633793886,0.0092,0.9918
"karachiBetaKDE",5e-04,10000,"0.05",50,0.972148603393168,2.14268979814083,-0.88585328387961,0.71048825521059,"escaped_inner",0.187617410045346,-0.190190145395561,-1.15104633793886,0.0092,0.9918
"karachiBetaKDE",5e-04,10000,"0.05",50,0.970556154699355,2.10008569920513,-0.88585328387961,0.71048825521059,"escaped_inner",0.187617410045346,-0.190190145395561,-1.15104633793886,0.0092,0.9918
"karachiBetaKDE",5e-04,10000,"0.05",50,0.968823546619977,2.08911536954624,-0.88585328387961,0.71048825521059,"escaped_inner",0.187617410045346,-0.190190145395561,-1.15104633793886,0.0092,0.9918
"karachiBetaKDE",5e-04,10000,"0.05",50,0.966856602335362,2.05874134811975,-0.88585328387961,0.71048825521059,"escaped_inner",0.187617410045346,-0.190190145395561,-1.15104633793886,0.0092,0.9918
"karachiBetaKDE",5e-04,10000,"0.05",50,0.964584553599988,2.02997290987286,-0.88585328387961,0.71048825521059,"escaped_inner",0.187617410045346,-0.190190145395561,-1.15104633793886,0.0092,0.9918
"karachiBetaKDE",5e-04,10000,"0.05",50,0.961904962533908,1.9907139255387,-0.88585328387961,0.71048825521059,"escaped_inner",0.187617410045346,-0.190190145395561,-1.15104633793886,0.0092,0.9918
"karachiBetaKDE",5e-04,10000,"0.05",50,0.958671657270623,1.92324017041382,-0.88585328387961,0.71048825521059,"escaped_inner",0.187617410045346,-0.190190145395561,-1.15104633793886,0.0092,0.9918
"karachiBetaKDE",5e-04,10000,"0.05",50,0.954760748875313,1.86087985494227,-0.88585328387961,0.71048825521059,"escaped_inner",0.187617410045346,-0.190190145395561,-1.15104633793886,0.0092,0.9918
"karachiBetaKDE",5e-04,10000,"0.05",50,0.950123279437843,1.84406655115951,-0.88585328387961,0.71048825521059,"escaped_inner",0.187617410045346,-0.190190145395561,-1.15104633793886,0.0092,0.9918
"karachiBetaKDE",5e-04,10000,"0.05",50,0.944774242698295,1.8027183086471,-0.88585328387961,0.71048825521059,"escaped_inner",0.187617410045346,-0.190190145395561,-1.15104633793886,0.0092,0.9918
"karachiBetaKDE",5e-04,10000,"0.05",50,0.938744520641643,1.74179882660271,-0.88585328387961,0.71048825521059,"escaped_inner",0.187617410045346,-0.190190145395561,-1.15104633793886,0.0092,0.9918
"karachiBetaKDE",5e-04,10000,"0.05",50,0.932033249415245,1.63197983819868,-0.88585328387961,0.71048825521059,"escaped_inner",0.187617410045346,-0.190190145395561,-1.15104633793886,0.0092,0.9918
"karachiBetaKDE",5e-04,10000,"0.05",50,0.924586215878857,1.56105406734955,-0.88585328387961,0.71048825521059,"escaped_inner",0.187617410045346,-0.190190145395561,-1.15104633793886,0.0092,0.9918
"karachiBetaKDE",5e-04,10000,"0.05",50,0.916299600528128,1.49892494866592,-0.88585328387961,0.71048825521059,"escaped_inner",0.187617410045346,-0.190190145395561,-1.15104633793886,0.0092,0.9918
"karachiBetaKDE",5e-04,10000,"0.05",50,0.907026985009363,1.42667566330182,-0.88585328387961,0.71048825521059,"escaped_inner",0.187617410045346,-0.190190145395561,-1.15104633793886,0.0092,0.9918
"karachiBetaKDE",5e-04,10000,"0.05",50,0.896586843613339,1.43502883020689,-0.88585328387961,0.71048825521059,"escaped_inner",0.187617410045346,-0.190190145395561,-1.15104633793886,0.0092,0.9918
"karachiBetaKDE",5e-04,10000,"0.05",50,0.884771092114384,1.28984907555945,-0.88585328387961,0.71048825521059,"escaped_inner",0.187617410045346,-0.190190145395561,-1.15104633793886,0.0092,0.9918
"karachiBetaKDE",5e-04,10000,"0.05",50,0.87139537236811,1.32718090481618,-0.88585328387961,0.71048825521059,"escaped_inner",0.187617410045346,-0.190190145395561,-1.15104633793886,0.0092,0.9918
"karachiBetaKDE",5e-04,10000,"0.05",50,0.856354046676824,1.17380004825343,-0.88585328387961,0.71048825521059,"escaped_inner",0.187617410045346,-0.190190145395561,-1.15104633793886,0.0092,0.9918
"karachiBetaKDE",5e-04,10000,"0.05",50,0.839610207739494,1.26110238749572,-0.88585328387961,0.71048825521059,"escaped_inner",0.187617410045346,-0.190190145395561,-1.15104633793886,0.0092,0.9918
"karachiBetaKDE",5e-04,10000,"0.05",50,0.821080728047109,1.17102239687898,-0.88585328387961,0.71048825521059,"escaped_inner",0.187617410045346,-0.190190145395561,-1.15104633793886,0.0092,0.9918
"karachiBetaKDE",5e-04,10000,"0.05",50,0.800567701187619,1.03842176115071,-0.88585328387961,0.71048825521059,"escaped_inner",0.187617410045346,-0.190190145395561,-1.15104633793886,0.0092,0.9918
"karachiBetaKDE",5e-04,10000,"0.05",50,0.777885607549507,1.08099623882468,-0.88585328387961,0.71048825521059,"escaped_inner",0.187617410045346,-0.190190145395561,-1.15104633793886,0.0092,0.9918
"karachiBetaKDE",5e-04,10000,"0.05",50,0.752982458946362,1.0200012676964,-0.88585328387961,0.71048825521059,"escaped_inner",0.187617410045346,-0.190190145395561,-1.15104633793886,0.0092,0.9918
"karachiBetaKDE",5e-04,10000,"0.05",50,0.725790234162741,0.995910133499641,-0.88585328387961,0.71048825521059,"escaped_inner",0.187617410045346,-0.190190145395561,-1.15104633793886,0.0092,0.9918
"karachiBetaKDE",5e-04,10000,"0.05",50,0.69606561161469,0.940316010144261,-0.88585328387961,0.71048825521059,"escaped_inner",0.187617410045346,-0.190190145395561,-1.15104633793886,0.0092,0.9918
"karachiBetaKDE",5e-04,10000,"0.05",50,0.663699698655259,0.875843050534209,-0.88585328387961,0.71048825521059,"escaped_inner",0.187617410045346,-0.190190145395561,-1.15104633793886,0.0092,0.9918
"karachiBetaKDE",5e-04,10000,"0.05",50,0.629093271635229,0.810087923561097,-0.88585328387961,0.71048825521059,"escaped_inner",0.187617410045346,-0.190190145395561,-1.15104633793886,0.0092,0.9918
"karachiBetaKDE",5e-04,10000,"0.05",50,0.592868808043879,0.850103656675267,-0.88585328387961,0.71048825521059,"escaped_inner",0.187617410045346,-0.190190145395561,-1.15104633793886,0.0092,0.9918
"karachiBetaKDE",5e-04,10000,"0.05",50,0.555319981977444,0.707514787152171,-0.88585328387961,0.71048825521059,"covered",0.187617410045346,-0.190190145395561,-1.15104633793886,0.0092,0.9918
"karachiBetaKDE",5e-04,10000,"0.05",50,0.51647843189623,0.564407309868886,-0.88585328387961,0.71048825521059,"covered",0.187617410045346,-0.190190145395561,-1.15104633793886,0.0092,0.9918
"karachiBetaKDE",5e-04,10000,"0.05",50,0.476735140026402,0.426712300632704,-0.88585328387961,0.71048825521059,"covered",0.187617410045346,-0.190190145395561,-1.15104633793886,0.0092,0.9918
"karachiBetaKDE",5e-04,10000,"0.05",50,0.436928695095447,0.390271760818141,-0.88585328387961,0.71048825521059,"covered",0.187617410045346,-0.190190145395561,-1.15104633793886,0.0092,0.9918
"karachiBetaKDE",5e-04,10000,"0.05",50,0.397723723245424,0.407786713540981,-0.88585328387961,0.71048825521059,"covered",0.187617410045346,-0.190190145395561,-1.15104633793886,0.0092,0.9918
"karachiBetaKDE",5e-04,10000,"0.05",50,0.359240914828636,0.229898302864707,-0.88585328387961,0.71048825521059,"covered",0.187617410045346,-0.190190145395561,-1.15104633793886,0.0092,0.9918
"karachiBetaKDE",5e-04,10000,"0.05",50,0.321562845842307,0.182411435809186,-0.88585328387961,0.71048825521059,"covered",0.187617410045346,-0.190190145395561,-1.15104633793886,0.0092,0.9918
"karachiBetaKDE",5e-04,10000,"0.05",50,0.285197981475766,0.119961864056292,-0.88585328387961,0.71048825521059,"covered",0.187617410045346,-0.190190145395561,-1.15104633793886,0.0092,0.9918
"karachiBetaKDE",5e-04,10000,"0.05",50,0.250836215776904,0.106101680833477,-0.88585328387961,0.71048825521059,"covered",0.187617410045346,-0.190190145395561,-1.15104633793886,0.0092,0.9918
"karachiBetaKDE",5e-04,10000,"0.05",50,0.219082914662495,0.153656069377955,-0.88585328387961,0.71048825521059,"covered",0.187617410045346,-0.190190145395561,-1.15104633793886,0.0092,0.9918
"karachiBetaKDE",5e-04,10000,"0.05",50,0.190309773296301,0.238006384447143,-0.88585328387961,0.71048825521059,"covered",0.187617410045346,-0.190190145395561,-1.15104633793886,0.0092,0.9918
"karachiBetaKDE",5e-04,10000,"0.05",50,0.164610609577326,0.267290334432045,-0.88585328387961,0.71048825521059,"covered",0.187617410045346,-0.190190145395561,-1.15104633793886,0.0092,0.9918
"karachiBetaKDE",5e-04,10000,"0.05",50,0.141983640287116,0.340517186257836,-0.88585328387961,0.71048825521059,"covered",0.187617410045346,-0.190190145395561,-1.15104633793886,0.0092,0.9918
"karachiBetaKDE",5e-04,10000,"0.05",50,0.122267432828818,0.285826591878636,-0.88585328387961,0.71048825521059,"covered",0.187617410045346,-0.190190145395561,-1.15104633793886,0.0092,0.9918
"karachiBetaKDE",5e-04,10000,"0.05",50,0.104618038263181,0.228008030657101,-0.88585328387961,0.71048825521059,"covered",0.187617410045346,-0.190190145395561,-1.15104633793886,0.0092,0.9918
"karachiBetaKDE",5e-04,10000,"0.05",50,0.0886383514543017,0.265206621874322,-0.88585328387961,0.71048825521059,"covered",0.187617410045346,-0.190190145395561,-1.15104633793886,0.0092,0.9918
"karachiBetaKDE",5e-04,10000,"0.05",50,0.0748475445763621,0.285373121881905,-0.88585328387961,0.71048825521059,"covered",0.187617410045346,-0.190190145395561,-1.15104633793886,0.0092,0.9918
"karachiBetaKDE",5e-04,10000,"0.05",50,0.06353753376898,0.377919160270072,-0.88585328387961,0.71048825521059,"covered",0.187617410045346,-0.190190145395561,-1.15104633793886,0.0092,0.9918
"karachiBetaKDE",5e-04,10000,"0.05",50,0.0542627209029139,0.619884286532925,-0.88585328387961,0.71048825521059,"covered",0.187617410045346,-0.190190145395561,-1.15104633793886,0.0092,0.9918
"karachiBetaKDE",5e-04,10000,"0.05",50,0.0464829494966246,0.828722139353138,-0.88585328387961,0.71048825521059,"escaped_inner",0.187617410045346,-0.190190145395561,-1.15104633793886,0.0092,0.9918
"karachiBetaKDE",5e-04,10000,"0.05",50,0.0399020505287196,1.02645527660446,-0.88585328387961,0.71048825521059,"escaped_inner",0.187617410045346,-0.190190145395561,-1.15104633793886,0.0092,0.9918
"karachiBetaKDE",5e-04,10000,"0.05",50,0.0342638781639597,1.18867514945034,-0.88585328387961,0.71048825521059,"escaped_inner",0.187617410045346,-0.190190145395561,-1.15104633793886,0.0092,0.9918
"karachiBetaKDE",5e-04,10000,"0.05",50,0.029112520606684,1.36916548029185,-0.88585328387961,0.71048825521059,"escaped_inner",0.187617410045346,-0.190190145395561,-1.15104633793886,0.0092,0.9918
"karachiBetaKDE",5e-04,10000,"0.05",50,0.0239701700290124,1.50197561042993,-0.88585328387961,0.71048825521059,"escaped_inner",0.187617410045346,-0.190190145395561,-1.15104633793886,0.0092,0.9918
